cycles,instructions,dtlb_load_misses.walk_completed,dtlb_store_misses.walk_completed,ept_walk_cycles
51725600,8970301,66284,165782,3114247
61166300,37124,74257,223715,4125506
61108023,37074,74140,223380,4102511
60846013,36899,73795,222320,4118855
60429889,36854,73702,222035,3470379
61018166,37103,74205,223558,3821554
60154054,36624,73245,220605,3654228
60863623,36952,73903,222578,4005603
60986444,37035,74091,223140,4106518
60803266,36925,73886,222421,4121498
61148988,37159,74358,223832,4135473
61159620,37135,74335,223760,4180669
60817735,37005,74062,222970,3935773
60758734,36981,73998,222858,3895384
60971936,37100,74249,223512,3909608
60992468,37042,74130,223175,4123778
60692746,37071,74174,223376,3492268
61300264,37548,75139,226252,3203551
61265892,37536,75123,226191,3204093
60661920,37140,74329,223757,3187048
60926933,37237,74537,224295,3338979
60736943,37202,74441,224185,3173785
60777192,37242,74527,224388,3176310
60830905,37126,74284,223692,3627985
60659628,36962,73969,222740,3776820
60781276,37206,74469,224106,3203442
60718173,37196,74437,224025,3194942
60853471,37269,74594,224459,3198775
60725715,37210,74469,224036,3174623
60791580,37232,74503,224206,3194787
60568559,37110,74248,223599,3169457
60817187,37259,74565,224543,3177628
60775997,37235,74488,224269,3176181
60773676,37145,74321,223849,3420076
60729492,37189,74405,224053,3180785
61298549,37552,75145,226238,3215614
60914898,37057,74148,223226,3985726
61729139,37508,75055,225974,4174275
61632401,37461,74954,225634,4161953
61115624,37137,74300,223687,4112608
60562350,37050,74137,223158,3346359
60773352,37218,74480,224121,3217091
60740712,37215,74473,224073,3186344
60820137,37149,74347,224152,3565486
61081742,37372,74804,225041,3278543
61365353,37580,75232,226327,3229387
60712902,37193,74447,224105,3188560
60797598,37235,74538,224353,3187311
61289135,37549,75133,226151,3206565
61350126,37591,75222,226439,3211122
60642830,37116,74256,223604,3175091
60890107,37244,74488,224440,3171241
60873116,37230,74460,224376,3171657
60732720,37149,74294,223759,3165945
61454665,37575,75158,226419,3206409
60810602,37194,74388,224113,3171068
98472731,11812247,902171,149405,52640248
240758906,47740619,3062069,77,216721024
240921924,48509512,3040513,76,217491835
240806570,48374043,3038521,82,217499228
240767194,48365734,3036865,80,217416986
240859659,48438305,3039699,79,217428303
240827247,48436693,3037331,77,217505572
240666439,48318212,3035284,82,217277302
240832498,48388953,3036713,76,217519079
240544686,48367780,3034933,77,217162526
238212436,47980869,3005958,78,215243934
240711390,48447016,3039357,80,217346920
240185394,48125330,3030001,82,216877325
240676320,48317436,3032083,80,217325946
240980004,48438708,3038747,80,217580841
240828589,48430741,3037257,78,217536610
240937750,48495780,3041516,79,217462111
240715948,48390596,3038678,77,217383287
240897053,48496616,3040682,81,217540421
240869864,48496058,3040459,76,217477864
238164617,47848902,3006046,79,214928349
240511160,48361084,3035968,80,217181027
240094792,48150130,3025551,81,216702816
240925019,48419736,3035482,78,217536911
240656936,48352466,3034187,80,217310852
240692146,48336997,3031216,76,217506899
240730271,48334053,3032231,82,217578164
240791949,48396362,3038269,79,217480384
240666569,48350823,3036283,79,217400170
240613699,48375949,3036601,79,217292704
238172920,47936306,3008404,79,215063611
240624409,48402099,3037423,79,217302311
240172110,48122136,3028321,79,216845003
238612614,47871842,3004528,79,215376732
241011978,48416605,3037932,76,217695060
240947972,48414683,3038810,82,217581851
240978995,48423984,3038384,82,217648918
240898955,48415954,3037219,79,217544186
241019181,48431702,3038617,78,217707953
240794847,48407987,3033616,76,217519417
238307014,47884800,3006480,79,215171598
240988517,48432168,3038612,83,217530691
240309318,48252243,3031300,77,217081030
238575323,47899246,3004381,78,215416988
238666557,47942894,3008358,79,215283852
238551570,47944506,3007088,80,215466133
240934883,48434492,3037421,78,217525782
240896071,48389108,3035710,82,217513601
240828824,48335596,3036041,84,217461610
241070412,48400756,3039841,79,217647046
238522394,47942909,3006097,80,215445383
238455062,47876058,3008241,81,215388884
237931150,47784515,3004799,77,214787688
238568951,47925906,3005282,80,215445597
239498418,48045969,3022732,80,216270536
238554343,48025633,3010657,77,215433003
240882993,48492896,3041634,76,217454992
240846222,48487782,3040869,84,217523917
240871816,48436476,3040724,79,217444656
238587282,48042900,3011826,79,215477616
240875463,48467383,3041025,83,217433484
240782243,48471847,3039284,78,217448100
240310789,48236868,3033067,81,217167953
241011693,48374383,3037568,80,217660656
240849898,48369299,3035616,79,217584824
238310514,47837618,3002761,78,215249261
238575405,47940166,3008589,76,215302098
241011685,48468313,3037942,79,217680768
240819059,48333123,3038537,82,217469305
238226224,47858326,3003218,79,215016734
238535320,47918652,3006418,80,215374957
241036834,48410808,3038312,80,217633052
240418864,48197807,3031314,78,217241244
240850726,48362417,3034864,78,217467283
241061771,48412855,3038060,78,217668094
240807813,48411056,3038194,79,217590518
241027783,48420294,3038799,81,217669106
240912153,48426432,3035787,76,217543077
240733845,48363658,3035418,83,217351685
238563371,47887714,3007172,76,215456482
240782663,48258350,3035355,79,217291651
240943875,48416822,3038012,77,217635347
240337671,48259559,3033680,78,217028705
241031132,48372028,3036221,80,217596819
240877290,48373949,3034398,78,217660701
240625558,48338640,3033040,77,217303618
240813944,48403275,3037011,77,217430386
238586144,47985581,3008890,79,215434683
240607876,48269077,3032810,81,217222333
238200725,47883622,3005127,78,215079657
241055035,48492524,3042295,80,217666871
241058622,48469863,3042983,78,217536160
237989519,47848592,3004997,77,214911006
240959132,48396641,3038919,77,217685967
240872197,48373206,3035369,81,217572858
240770926,48393541,3037321,80,217350868
240810652,48356899,3038687,79,217578205
240857008,48428044,3039547,77,217499132
240770745,48446366,3037716,81,217417737
238391807,48013233,3011907,76,215246726
240756305,48404713,3039127,79,217410370
240894693,48506369,3042626,78,217507946
240231152,48300448,3034631,79,216827494
240991113,48375438,3037550,78,217588169
240610317,48305842,3030534,79,217261138
240928172,48396052,3037779,78,217501951
240656591,48386628,3036254,78,217273173
240940392,48436104,3040227,76,217417420
240693077,48307300,3034225,82,217432906
238555543,47895309,3009077,78,215350478
240980044,48507528,3042095,81,217614657
238537914,47969709,3010840,78,215363042
240454567,48327232,3037255,80,217038464
238497349,47867750,3005532,79,215307449
240998784,48378197,3037098,80,217563394
240786672,48338516,3035070,78,217334647
240703666,48348715,3034128,77,217320603
240795298,48469088,3039172,78,217290227
240889059,48480248,3040834,78,217375047
238258333,47908111,3005032,76,215210858
240892951,48401664,3037842,83,217566841
240902375,48447760,3038052,80,217526152
240249158,48261047,3031572,77,216828680
240854903,48382753,3035612,77,217484573
240843159,48398998,3036380,84,217430787
240959926,48489424,3041109,78,217667234
240805176,48415458,3037684,76,217466322
240999457,48514844,3041934,77,217745479
240760404,48315701,3034964,83,217421144
238192503,47859907,3005047,80,215003046
240937547,48441095,3039521,78,217652025
240848175,48396548,3037133,76,217587349
240261692,48248740,3032772,78,216935138
240560624,48302588,3032526,82,217216733
240748796,48386869,3036551,77,217468145
240850669,48427276,3037548,78,217496681
240794213,48428819,3038189,77,217436208
240666852,48337370,3033234,81,217365224
240587726,48341988,3032158,78,217182224
238355115,47889419,3005485,81,215131828
240650517,48378599,3033685,78,217376346
240834197,48435205,3039384,78,217411975
240410168,48288204,3031869,79,217214004
240886355,48299208,3035150,81,217585212
240868195,48358542,3033530,78,217643625
238520225,47949621,3006367,78,215417965
238642420,47934006,3007282,79,215573089
241045411,48466010,3043366,77,217695985
238574373,47947141,3009962,78,215474817
238522325,47921690,3013093,77,215304754
238572661,47936508,3009078,79,215323588
238752524,47924511,3009460,79,215529910
238203447,47782531,3002753,80,215024391
240281549,48175178,3028881,78,216904250
238506914,47874632,3006637,81,215424279
241085278,48422368,3039913,78,217569247
238615690,47946710,3009480,79,215445616
241001825,48536296,3042887,79,217620668
238580274,48075078,3012997,77,215461005
238552617,47986821,3009863,77,215536068
238718855,48016798,3013713,77,215443591
238541360,47980993,3011686,77,215506271
237897925,47912111,3003075,76,215003534
238570428,47891310,3009273,80,215421170
238557220,47949714,3008708,76,215427367
238665561,47994540,3009793,76,215665647
241011145,48481008,3040897,79,217693203
238606899,47983085,3011904,79,215422253
240991050,48479660,3044018,82,217555622
238367430,47916017,3009925,76,215087414
241003595,48489269,3043621,79,217533996
241015432,48510659,3042298,80,217565248
238492073,47968652,3009396,82,215319792
240372781,48189471,3030564,77,216951828
240946754,48358884,3037100,79,217463067
240925916,48450674,3036210,78,217653739
240899067,48392089,3036251,78,217677735
240967424,48489172,3039312,81,217714312
240876662,48433252,3039500,80,217519616
238392761,47784670,3008821,81,215131004
240956634,48432694,3039972,78,217578982
240936618,48501576,3042295,78,217577895
240671239,48425627,3038845,80,217322151
240140151,48136055,3027376,80,216828192
240779046,48350854,3035052,77,217350299
240905746,48435887,3035976,78,217586251
241043761,48415800,3039865,80,217624731
240967878,48406654,3038789,78,217619656
241023334,48393262,3039044,78,217671770
238360989,47867750,3007809,78,215189930
240966654,48460563,3040646,76,217540134
240913734,48464377,3041536,79,217545810
240709774,48366230,3037302,80,217377104
240227856,48179765,3028458,78,217179406
240885748,48331882,3035512,77,217599935
240658249,48359721,3033977,81,217305814
240983936,48404763,3035995,79,217615243
240949588,48424386,3037697,77,217674445
238408878,47921876,3006684,76,215330730
240985349,48450116,3038565,78,217671382
240784931,48377391,3036592,82,217471948
240864720,48410870,3036240,80,217403505
240698050,48387806,3033878,78,217283760
240154364,48162498,3025943,78,216875562
240842793,48371624,3035767,76,217581965
240774481,48391589,3035772,80,217463943
240824544,48419395,3034803,82,217446487
241015304,48416171,3038428,78,217541161
238545609,47908360,3007016,77,215298509
240916595,48408205,3038465,79,217650485
238639415,47802929,3004900,78,215447864
240846477,48301068,3033642,78,217490666
241041643,48381234,3035119,78,217658784
240291802,48184663,3026941,76,216927579
240725376,48343725,3033707,83,217355251
240736976,48323357,3034063,79,217256523
240860184,48389833,3035845,80,217583648
241040486,48513592,3041195,78,217771074
238173492,47914746,3006724,81,214939144
240817863,48454177,3039306,80,217478801
240711500,48344345,3035449,80,217386503
240869443,48417287,3036232,79,217432281
241042957,48437902,3039569,78,217624231
240047393,48113766,3024865,79,216826737
240843836,48347476,3035116,85,217766067
240994462,48421658,3036037,79,217710198
238623070,47945684,3008089,80,215451942
241015561,48440258,3038260,79,217596310
238277041,47889078,3004147,76,215140992
240870142,48394905,3040065,78,217439184
240752585,48393976,3037596,80,217395194
240726807,48435887,3038460,78,217366695
241059777,48354853,3043560,77,217571466
240179959,48125391,3026545,79,216921710
240772964,48303208,3033935,80,217409865
240830972,48419891,3034189,79,217420471
240920054,48402128,3036071,75,217564116
240943742,48416419,3038585,78,217644854
238225477,47854203,3003457,78,215224729
240790953,48347910,3035878,83,217513202
240909090,48384706,3036002,77,217690229
240792857,48383435,3035023,79,217599724
240933011,48443699,3037363,77,217549813
240079751,48104126,3025316,85,216790314
240835087,48396238,3036490,76,217520874
240816943,48418496,3035879,80,217495120
240811453,48398563,3037867,80,217396808
241010495,48478885,3040254,79,217589208
238264785,47877174,3005536,79,215145175
240688693,48340376,3037812,80,217222444
241027568,48464500,3043103,81,217569982
240844436,48516642,3042314,79,217428448
240785903,48400145,3039005,82,217330545
240233258,48140426,3026149,78,217030520
240711673,48372895,3034610,77,217372841
240846327,48395060,3036667,76,217596818
240773978,48382506,3035978,80,217388929
240774159,48402376,3035953,77,217408991
238435575,47894007,3005776,81,215267902
240715789,48394750,3035156,78,217445377
240804116,48394316,3034643,80,217537845
240683664,48368152,3035082,77,217462102
240691898,48374074,3035200,80,217384853
240161176,48096592,3026076,77,216997732
240912952,48409940,3036104,77,217533958
240747459,48336501,3032003,77,217568285
240767351,48338796,3033805,79,217564034
241043406,48410436,3036320,78,217608214
238149822,47789258,3002851,79,214974843
240832834,48303641,3034776,79,217420922
240752842,48374135,3034197,80,217424775
240721960,48320971,3036231,82,217396150
240642268,48360929,3032709,79,217307629
240531197,48201558,3031174,77,217275299
240893638,48343290,3038261,77,217419309
241064076,48400269,3036590,83,217789681
240961495,48466360,3036782,82,217565602
240852991,48429687,3036596,80,217456667
238282612,47733830,3006615,77,215018912
240816846,48467879,3040367,79,217495015
240616148,48348747,3033839,80,217251196
240794106,48371996,3036765,81,217487135
240693821,48404825,3034708,77,217314205
240234348,48138845,3027855,78,216972140
240909684,48383498,3035785,78,217486260
240750465,48356868,3034596,79,217426112
240995294,48451852,3038451,78,217564112
240894413,48428478,3037316,79,217627633
238354179,47826148,3005727,76,215168379
240932481,48369703,3041048,81,217596794
240642628,48377855,3035530,79,217385204
240485170,48322055,3031243,77,217224672
240757497,48393634,3035249,78,217357276
240266621,48119052,3029469,77,217029336
240972067,48415970,3038589,81,217541071
240869670,48403244,3037500,77,217457216
240970775,48466050,3039014,79,217508779
240923028,48434647,3038122,77,217669479
238191973,47839850,3002615,80,215182070
240798588,48402346,3036519,81,217449413
240644765,48368560,3032452,76,217343144
240689260,48344091,3034468,81,217334432
240847860,48435081,3036242,77,217503434
239951028,48064477,3023753,84,216691598
240937481,48391774,3035936,77,217713487
240840534,48345522,3034936,76,217519996
238480505,47889543,3006575,80,215247659
240886258,48384210,3036336,78,217425273
238203165,47815887,3001449,78,215256808
240752260,48307238,3036278,80,217324739
240550108,48313003,3032893,80,217160788
240682072,48320505,3034066,78,217308925
240889758,48431330,3036744,77,217559742
240227447,48154129,3027346,81,216929257
240896958,48385698,3037599,79,217487895
240884473,48415551,3037794,79,217510787
240856670,48493144,3039323,77,217425817
238179929,47938089,3005749,77,215112526
241075760,48481488,3042730,79,217811676
240800400,48407988,3036261,82,217498710
240839544,48383125,3036725,77,217647462
240695951,48370446,3032324,80,217422963
240997885,48431733,3039130,77,217639132
240097720,48125113,3025510,81,216770766
240832614,48421255,3035089,78,217396785
240877739,48387899,3036320,81,217598697
241035788,48475567,3038208,77,217735168
238274890,47881096,3005763,78,215101683
240770014,48335820,3035631,81,217457714
240795094,48281209,3037819,78,217268121
240817837,48452630,3041125,78,217490971
240834681,48452534,3039513,78,217417527
240911616,48403679,3037444,81,217489732
240345575,48173875,3026705,80,217200963
240964861,48396207,3037525,80,217669837
240874455,48419054,3038947,78,217532928
240989053,48240123,3043365,83,217446886
238257769,47851871,3004348,78,215220056
240876479,48460291,3039181,78,217529920
240618972,48400485,3037699,78,217306695
240763443,48444846,3040465,76,217260274
240555980,48329899,3033607,79,217358273
240458256,48302184,3032945,80,217049304
240204740,48160514,3027776,78,216745319
240833547,48403151,3034530,83,217634813
240594760,48306742,3031618,81,217272892
240843758,48371841,3036407,80,217492733
238218506,47867161,2999704,76,215212426
240622105,48312290,3032889,79,217259387
240710715,48329867,3035224,78,217439704
240750658,48365362,3038636,79,217416729
240906426,48391651,3037306,80,217485716
240817299,48398904,3038957,78,217422209
240368222,48145293,3027164,78,217113395
238539463,47949280,3009899,79,215281115
240901589,48475195,3039608,76,217612162
240849056,48485705,3041023,84,217475243
238343615,47675736,2999138,79,214767545
238526663,47970794,3011937,79,215274920
240807076,48427300,3037104,78,217409749
240899707,48352342,3036384,77,217528183
240922120,48381358,3035554,78,217708906
240837720,48367812,3034954,82,217560206
240298623,48170000,3025792,75,217019618
240809870,48401756,3034629,79,217431357
240792371,48357643,3033159,82,217359600
240601111,48318305,3033087,80,217203304
238365081,47924387,3006692,78,215182586
240738044,48371128,3036382,78,217427349
240950893,48409630,3041223,80,217620458
240889906,48403616,3037409,78,217309814
240887999,48424480,3038248,81,217391350
240930217,48451604,3039200,80,217621551
240334124,48200535,3028446,77,217024954
240899740,48382474,3036453,76,217637539
240775869,48329651,3034058,79,217284202
240901642,48380180,3035980,80,217553584
238221944,47716067,3003498,80,215095963
240881229,48399865,3037007,78,217563036
240678273,48405910,3032279,78,217459739
240602230,48301267,3033084,79,217265492
240890474,48380881,3035784,82,217551779
240737196,48355823,3034646,77,217478656
240182186,48124452,3025948,78,216875355
238526190,47914095,3005984,79,215471625
241080193,48436136,3038750,81,217703646
240950112,48415644,3037465,80,217532082
238385056,47756224,3005476,76,215201892
240959205,48356360,3036323,79,217636381
238567121,47913630,3008358,77,215306394
240539586,48277787,3031070,77,217155076
240829359,48378538,3035911,81,217577405
240717229,48321280,3032793,81,217384699
240211457,48145975,3027408,76,216885259
240956408,48342701,3034613,75,217781231
240854336,48412730,3035512,76,217585735
240908267,48372679,3034751,81,217550181
238033766,47786995,3000664,82,214860686
240657503,48355907,3033837,76,217371841
240718094,48407119,3035316,77,217236781
240790056,48369609,3035529,78,217473377
240795601,48365084,3036091,80,217402241
240782199,48448783,3038664,76,217471851
240431687,48228683,3031682,78,217117936
240693069,48366509,3034923,79,217425335
240856190,48435671,3037671,79,217423782
240800636,48415985,3035691,79,217351111
238207154,47804355,3002388,77,215226133
240876193,48310585,3037003,81,217494873
240915351,48416016,3042896,79,217384530
240862377,48416296,3040261,79,217521907
240692284,48387031,3035668,80,217278548
240571711,48365734,3035115,84,217248061
240215219,48187577,3028404,78,216887021
240958070,48405973,3039206,81,217638745
240896520,48363471,3038072,79,217463908
240713363,48364711,3035030,79,217455459
237967459,47834332,3000713,81,214885645
240871465,48412699,3037809,81,217623715
240988975,48469057,3039270,77,217483922
240702345,48292079,3033236,80,217362238
240827711,48406654,3036302,78,217543514
240631154,48345646,3035194,79,217271194
237945877,47698087,2999109,77,214940022
241084142,48350172,3038586,77,217675315
240638661,48347817,3033566,81,217393033
240720778,48344034,3034782,77,217451848
238277810,47914715,3004371,77,215091444
240805767,48364959,3038122,76,217397945
240628101,48351381,3036213,78,217154104
240767118,48331170,3035385,79,217384096
240769263,48365827,3036487,81,217392748
240729372,48360805,3034379,80,217410831
240344580,48164234,3028497,77,216975356
240899476,48369951,3037372,82,217591064
240715558,48383900,3035170,79,217303023
238224159,47876213,3001307,80,215346359
240905315,48458610,3040472,81,217490352
240970913,48433376,3040954,78,217511552
240959963,48499530,3040265,76,217659351
238442256,47904020,3007272,78,215328525
240846940,48405291,3037940,80,217556107
240713032,48380304,3035097,77,217504832
237970019,47697410,2998914,78,214962464
240897495,48387925,3037034,78,217539825
240930719,48423643,3036455,76,217663641
238122153,47856000,3003290,77,215050830
240800671,48383870,3035578,81,217547713
240987529,48302339,3039041,79,217612897
240708919,48348498,3037115,79,217229638
240875335,48387341,3038191,78,217506523
240600267,48286840,3034585,82,217278702
240867379,48400578,3038212,77,217493668
240408526,48155802,3030887,76,217288086
240808079,48343879,3037066,78,217361983
240907478,48354668,3036935,85,217611168
238312949,47891062,3002736,77,215226129
241086597,48445280,3040858,80,217703191
241079377,48477148,3043215,79,217615375
238633970,47937066,3008680,76,215480085
238860733,47947544,3012025,77,215745519
238540798,47862046,3005572,76,215450926
241021768,48388055,3038609,78,217523155
238111957,47711541,3001741,79,214893624
240963437,48357612,3037536,81,217627110
238535916,47899401,3006827,77,215403326
238355792,47863596,3004949,80,215213845
241146504,48424975,3041507,77,217715551
240868234,48340655,3037478,77,217592519
240969470,48348871,3042755,79,217381273
240970660,48477024,3044216,81,217623292
240927657,48372275,3038660,80,217483233
240950255,48360278,3039876,78,217438992
238032481,47681688,3000419,77,215041325
240925534,48306649,3039039,83,217452631
238643877,47913475,3010029,78,215556553
238536753,47838610,3007291,78,215328137
241057494,48396951,3040072,80,217607551
241095760,48467941,3043722,79,217642295
240918298,48449713,3042931,79,217692276
240753927,48403431,3039566,81,217417748
238687268,47924387,3009207,81,215472964
240932647,48421379,3041139,78,217454689
240281831,48154438,3028328,75,216990419
240861888,48327263,3036602,81,217486355
240859636,48358915,3036655,79,217509434
238315923,47856497,3004480,77,215203120
240915596,48423797,3038332,78,217607699
241110539,48415055,3043158,78,217636055
240902858,48368586,3041805,78,217504581
241000497,48429192,3041664,82,217625212
238459390,47889233,3007827,80,215383467
238742509,48020642,3012690,79,215711730
238000590,47672419,3000271,78,214933114
240929281,48358139,3036687,77,217508722
241085048,48446024,3040277,78,217815188
238175938,47828017,3003656,80,215044132
240809113,48394896,3038052,80,217314007
240912109,48376616,3037663,83,217696262
240898950,48425533,3038876,78,217533622
241009477,48421627,3039219,77,217547169
240926969,48381234,3039053,79,217498822
241031733,48442429,3040698,80,217594169
240295551,48133358,3026355,75,216973752
241089457,48390007,3039629,77,217593614
238534904,47892581,3007183,79,215331824
238262937,47868463,3005762,81,215096969
238753333,47931424,3012658,80,215590737
240989403,48361983,3039378,78,217521422
238570980,47050993,3022291,77,214857866
239395127,47951761,3020755,83,216082176
238508107,47822025,3007450,79,215327407
241041083,48392456,3039831,78,217661700
240438926,48158995,3030622,79,217108835
240724389,48330673,3036762,78,217444549
240867894,48432664,3042305,80,217411959
238480331,47958053,3011889,79,215270875
238614830,47851971,3013650,77,215400461
240877375,48309190,3037908,78,217522377
240877610,48429842,3039567,79,217468198
240878836,48406127,3040130,80,217431027
240958333,48155927,3044714,80,217388616
240862495,48369237,3038158,80,217496365
240338480,48204317,3032118,78,217093127
240522876,48296759,3031846,78,216996990
240816137,48435516,3042218,81,217283918
238313125,47913568,3008907,80,215087070
240914180,48420821,3039549,79,217719937
241087980,48327666,3039771,79,217587850
240897308,48343259,3040579,76,217493393
240690978,48246323,3038887,82,217144972
241028050,48430059,3041110,79,217656649
240755152,48367036,3036852,77,217452927
240407285,48224580,3032011,78,217077418
240686051,48351641,3037715,80,217422848
240785371,48371965,3039037,78,217391425
238239654,47866014,3006551,80,214973959
240825917,48483658,3041070,76,217459583
240984042,48406747,3043460,80,217473585
238546745,47978172,3010990,79,215416552
241043381,48395277,3040925,78,217669152
240795386,48348592,3037072,79,217306816
238612746,47982295,3011782,77,215443994
240224968,48160390,3030589,77,216828173
240920631,48349800,3036685,80,217600128
238588117,47966578,3010745,79,215495842
238355996,47952504,3009161,77,215330154
238449220,47459759,3016093,80,215014281
241054867,48390814,3041248,83,217695297
240906495,48286095,3037649,78,217476849
241026079,48398315,3039589,81,217694504
241051886,48415241,3039315,75,217663097
240815509,48339757,3035239,81,217424212
240318581,48148920,3028991,79,217117852
240923124,48347878,3039309,80,217645119
240762689,48394161,3038199,77,217333471
238238439,47902346,3009252,81,215105436
240822294,48459416,3041945,77,217456034
240660967,48395185,3037531,83,217415551
240908018,48422774,3038693,77,217669056
240808320,48331727,3037281,81,217543759
240787138,48415489,3040040,77,217299345
240975835,48409693,3040385,80,217566514
240424064,48208874,3030088,77,217138954
240837120,48351474,3037443,77,217288919
240855500,48417256,3038463,76,217387005
238205193,47911274,3008642,78,215122559
240886175,48323358,3036129,82,217419875
241083301,48383792,3043148,77,217622458
240912255,48375948,3040556,78,217445730
241060672,48410002,3040470,77,217707239
240778549,48257607,3037717,81,217487986
240685722,48312290,3033900,80,217385269
240140803,48129793,3026147,78,216888144
240728818,48301130,3033576,77,217373948
238227464,47807207,3004570,78,215076487
240727743,48195049,3035475,83,217441645
240774703,48365672,3035229,78,217402252
240911323,48377390,3038101,79,217558084
240947603,48379932,3037960,78,217538354
240691754,48258537,3032437,79,217450324
240939993,48357829,3037540,79,217526653
241038415,48414218,3038262,81,217686506
240421356,48154376,3029951,79,217250030
240808191,48334518,3037868,79,217388594
238311855,47900960,3007998,80,215029155
240852630,48420905,3041466,78,217497033
238461662,47876368,3007274,76,215317645
240877860,48405631,3041533,76,217547224
238630084,47879437,3012736,77,215490952
241020143,48385109,3039639,78,217683280
241088969,48419334,3041074,80,217632602
240852629,48050945,3040336,79,217378876
240374362,47533895,3049028,79,216623217
240906153,48295612,3041762,79,217436364
236370624,47424822,2980051,80,213551605
238655331,47355537,3021685,79,215266092
238683162,47718795,3017579,78,215350967
240889713,48386597,3039924,77,217492978
238696728,47958580,3014138,79,215508808
240907590,48439396,3042216,84,217604482
240945801,48437494,3040482,76,217564768
240824110,48451418,3040929,79,217459974
240319420,48169628,3029815,77,217077018
238651426,47918497,3010331,79,215475178
236222234,47431921,2979311,80,213326326
240904985,48363316,3037613,78,217420227
240943858,48358977,3036646,84,217595712
238530183,47917257,3008714,78,215380488
240870990,48377855,3041172,80,217533611
240764475,48431981,3038217,76,217484051
240895004,48447016,3040875,80,217348053
240795549,48428448,3039013,79,217569501
238254897,47767744,3002643,78,215112029
240790455,48386814,3037504,78,217368244
238152949,47825993,3004124,79,214991984
240786234,48388674,3039740,80,217463824
241111980,48518905,3045518,76,217592758
238583909,47809687,3009343,79,215468563
238480510,47861178,3006054,81,215354371
240750163,48276300,3034830,83,217423821
241084503,48432911,3041060,76,217688611
240872275,48421689,3038247,78,217403494
237994727,47680045,3002518,78,214940551
240749798,48332843,3033174,78,217440025
238193445,47827326,3002366,78,215100275
240791855,48354389,3036376,83,217497030
240763704,48362510,3036098,78,217363690
240919555,48403368,3039678,79,217694903
238522806,47879189,3011703,79,215318419
240939273,48453185,3042888,76,217485796
240788153,48382971,3040444,80,217472233
240522471,48363967,3033923,79,217237378
240141501,48147835,3029758,76,216729844
240805433,48381420,3038539,76,217409155
238172465,47897913,3005667,77,215154620
240989308,48497361,3042417,82,217513540
240762963,48372244,3038520,82,217368773
240766925,48139961,3043579,78,217224114
240890068,48394130,3040922,78,217535394
240780295,48346514,3036810,78,217475155
240872573,48338486,3037815,82,217573223
240940492,48414776,3037678,79,217673633
240374920,48196846,3031774,78,217095400
240878637,48380490,3036697,81,217474879
238208111,47815608,3002839,76,215058386
238793560,47970298,3010983,81,215608910
238745026,47915397,3009945,78,215558311
238636171,47930743,3009201,76,215540169
241044141,48416729,3041589,79,217672120
241001368,48454394,3042116,79,217640699
240950715,48496027,3043779,76,217629210
240973642,48501183,3043000,82,217689566
237964811,47717267,3000922,77,214683091
240842240,48367005,3037314,79,217375175
238664506,48006720,3013331,78,215377907
241002846,48502819,3043500,79,217469790
238691894,48019433,3014080,79,215571612
238481040,47933160,3007723,78,215296884
240776965,48404918,3038395,80,217598080
240708212,48338982,3038715,79,217343417
240950344,48408204,3039845,81,217642975
241068232,48417597,3039087,77,217716263
237919521,47678340,2998497,77,214878866
238607767,47889295,3008065,77,215445844
236186138,47431797,2978429,79,213259649
241060288,48373794,3037185,79,217635682
238545200,47886629,3006722,76,215375285
238557028,47844469,3007497,78,215374248
240941090,48402748,3041551,78,217596035
240841013,48376988,3041136,79,217364649
241035914,48444784,3041730,78,217620459
240933360,48447853,3041832,80,217507941
240232520,48169590,3030235,77,216966940
240813192,48314282,3036454,80,217320754
238670853,47768023,3009333,80,215440435
241133614,48527895,3044652,79,217861653
241009364,48489681,3043223,80,217519359
241084012,48469358,3043152,78,217613145
240768558,48362976,3035796,83,217450667
241075870,48410963,3042119,77,217669057
240941883,48454062,3038978,77,217710543
241072659,48468149,3041358,78,217625910
238802196,47870014,3010795,81,215617161
240824844,48339012,3035913,80,217461787
236236000,47473678,2978859,75,213434296
240938143,48378413,3038223,79,217473177
241046296,48456874,3041542,81,217514095
240750450,48381823,3036963,78,217341071
239044786,47967353,3014990,77,215845786
238693942,47982567,3012954,79,215586473
238605320,47953899,3010234,77,215306389
240757525,48434338,3040722,81,217293866
240441492,48263434,3034248,78,217089120
240957175,48399679,3039793,79,217613250
238452088,47961091,3010422,79,215260697
240845783,48427579,3040502,78,217434105
240939140,48424232,3039245,81,217570481
240857918,48370632,3036519,75,217458524
240969288,48470204,3042564,80,217549349
240746627,48402934,3039187,80,217298723
240754093,48388923,3039548,85,217491008
240846716,48414032,3038692,78,217509050
240364752,48179548,3029574,77,217215474
240897536,48353923,3034904,80,217595555
238143410,47801287,3004223,78,214897711
240862034,48342113,3036484,81,217539419
241042960,48432105,3039439,79,217741159
240835729,48364370,3038701,77,217423664
240867599,48424479,3042200,77,217402283
238817729,47980032,3014541,78,215543380
238572159,47921854,3007305,77,215435898
238883776,47943536,3011565,80,215725730
238980664,47893791,3012630,80,215873896
240551605,48227505,3032248,79,217220037
238373367,47803177,3007396,79,215151480
240973619,48396858,3037791,78,217468471
238655278,47929471,3008817,77,215351833
240845827,48384923,3036951,77,217471635
240745336,48350328,3033817,78,217359089
240990034,48352404,3037821,79,217657062
241054968,48450209,3040820,79,217749437
240920769,48443482,3040611,79,217509589
240233563,48203791,3032749,78,216873228
238248589,47860155,3004305,80,215140446
238628214,47915087,3009377,81,215467749
241004799,48364246,3040617,84,217480717
241010160,48506288,3044155,77,217539224
240839012,48439359,3040293,78,217431976
240837747,48373237,3040861,79,217416049
241090748,48455851,3043512,78,217739695
241012713,48483875,3041387,78,217495459
240984058,48495996,3042585,79,217551635
240094458,48138939,3028081,82,216835616
238213981,47809780,3003272,78,215091696
240973869,48421317,3042195,79,217550749
240806865,48414745,3038571,77,217440826
240850102,48450457,3040406,79,217455544
240911141,48439608,3041138,81,217605859
240507061,48349924,3039019,79,217248331
240944435,48386380,3037665,80,217648298
240846134,48415489,3038810,80,217550523
240990552,48458146,3040581,80,217653809
240206268,48108403,3028278,81,216947631
236215190,47445437,2978751,77,213220203
238502762,47882258,3007923,79,215372174
240976412,48381048,3038866,79,217506917
240801255,48390875,3039629,81,217558857
240753858,48366230,3035744,77,217303097
240858741,48364836,3041517,81,217427086
240967802,48396734,3041648,79,217613778
240913852,48424262,3039754,79,217508618
240698885,48382691,3037713,77,217389081
237912442,47743130,3002773,77,214809083
238250088,47823037,3001789,80,215185388
241112204,48431279,3040571,78,217701249
240844142,48440755,3039279,80,217482175
240513645,48386473,3037497,76,217206925
240892280,48443544,3040000,79,217515995
238606683,47934958,3008276,78,215447896
240784059,48394440,3039061,80,217405741
238708357,47960316,3008830,76,215481530
240996419,48403152,3039053,81,217614388
240113527,48215632,3030741,80,216765462
238339378,47854296,3004101,76,215271346
240711313,48412234,3037588,76,217228520
241035068,48356031,3042070,79,217517658
240772239,48373237,3038843,82,217347826
240843410,48456254,3040175,79,217378493
240844426,48378103,3039933,79,217489052
240920332,48417287,3039508,78,217617289
240840189,48373764,3036318,84,217569547
240955698,48467786,3040409,78,217376803
240283174,48212532,3032051,81,216866704
238394195,47746230,3005273,78,215229096
240971083,48483317,3042709,77,217644296
240748424,48440786,3039218,81,217443257
240977066,48448597,3041993,78,217518893
240860659,48439669,3040746,81,217481704
240346228,48137636,3033937,78,216945307
240850063,48384397,3038486,80,217436497
240785727,48375530,3036116,79,217405123
240878066,48375220,3035159,78,217581716
240414826,48164823,3028708,78,217112864
238317671,47816786,3003903,77,215296612
240865397,48348623,3035474,79,217574532
240858395,48336501,3035846,78,217383827
240972536,48372616,3038426,78,217608138
240925051,48349924,3036280,76,217623368
240788938,48304727,3037632,80,217328981
240657388,48334052,3037266,79,217275055
238514962,47979133,3009968,78,215494620
238618365,48021014,3013860,78,215416615
240346666,48242292,3034376,81,217013114
238336647,47824629,3004277,79,215237329
240892957,48399648,3038879,78,217444259
240884635,48410313,3038065,81,217449137
240729108,48355163,3037578,79,217523631
240524838,48366912,3035104,81,217290308
240797075,48382908,3040440,76,217379618
240858536,48444288,3041935,78,217396211
240604516,48420698,3038790,84,217177916
240875325,48481116,3042461,77,217405292
240323942,48244152,3032572,76,216938995
238309361,47820243,3003058,78,215267092
240755975,48344266,3034577,82,217473538
240776478,48339447,3036943,79,217325780
240664513,48373217,3036654,81,217315142
240619566,48383981,3035541,78,217394512
238617773,47932757,3011741,79,215413936
241104051,48526500,3045363,81,217645440
238682746,48031430,3015654,77,215554522
238692060,48021045,3016160,80,215592438
240305788,48240712,3035347,83,216876318
238380571,47834239,3005107,79,215218101
240960989,48367470,3037526,79,217630542
238979815,48022595,3012737,79,215767423
240977389,48384799,3037981,78,217712763
240958026,48425409,3040025,77,217437390
240544943,48279772,3034126,82,217251185
240934331,48376026,3037314,81,217572016
241054893,48408638,3040686,77,217725058
241113611,48480434,3043021,78,217719534
240213341,48184354,3028830,81,216906734
238166353,47727785,3001143,78,215110375
240787499,48308435,3033728,77,217463104
240707752,48308395,3033056,77,217261746
240739221,48331944,3035002,78,217388004
240872422,48323792,3040269,79,217452097
240850757,48366385,3040791,78,217459006
240882573,48429966,3042677,77,217360497
241009190,48526624,3045407,78,217534505
238546449,47949807,3009865,79,215294943
240065861,48230699,3030027,79,216761671
238186808,47792420,3003145,77,215105294
240710075,48405662,3035647,79,217358488
238563206,47939845,3008899,81,215493071
238553407,47915591,3007872,76,215460230
241004012,48424172,3039824,76,217655910
238733627,47969306,3011792,78,215426063
238754462,47982636,3014537,78,215506804
238506199,48000306,3010925,77,215207615
238659064,47989270,3010125,78,215522191
240485114,48300355,3036289,79,216990117
238346172,47869424,3006431,77,215122161
240938228,48374043,3038122,82,217619770
238521581,47934307,3008317,79,215366863
240821080,48414621,3039047,79,217367560
238630022,47919334,3007593,77,215489985
238571954,47969771,3012466,77,215510223
238621539,48013156,3013371,79,215451641
241091876,48540496,3045245,77,217668119
238555939,48000058,3012799,79,215458114
240587313,48345930,3037714,76,217241200
238395161,47828415,3006900,80,215320874
238547922,47922704,3009054,79,215325529
240712848,48333154,3034272,81,217449034
241062416,48413691,3040953,76,217718458
240881717,48366385,3036943,78,217408027
238329081,47843880,3004167,77,215255800
241117171,48396486,3041095,78,217568779
240956582,48387869,3040581,80,217602757
241079567,48433779,3040582,78,217793653
237974835,47768891,3000621,76,214976135
240871808,48360867,3036498,78,217330447
240947856,48393759,3037395,82,217544187
241011340,48415737,3040565,80,217696786
241054134,48405662,3040046,79,217676187
241108022,48421844,3039778,78,217749070
238693630,47903183,3011505,78,215491148
238569094,47932912,3012885,77,215408711
240955235,48471042,3042351,79,217510522
240857530,48374910,3037673,78,217477756
237817930,47744060,3000252,83,214698470
240936923,48215849,3039594,79,217470589
241003539,48365300,3038374,76,217650773
240991360,48400486,3039001,81,217661441
240790774,48401632,3036992,79,217447421
241059490,48457711,3041775,76,217707842
240960352,48439979,3042279,79,217611858
240914394,48379530,3039951,79,217658424
241021026,48489796,3043965,79,217589242
241152552,48522594,3045289,78,217785476
237877443,47778966,3003598,80,214687506
240805965,48329681,3037127,78,217318990
240925278,48360992,3039123,81,217500863
240861261,48402531,3038077,79,217546560
241004492,48490416,3041308,75,217635599
240881995,48381606,3038747,79,217521961
238487070,47888303,3009631,80,215296616
240859372,48393976,3041248,80,217317706
240938470,48404019,3040119,76,217545659
241050105,48487254,3042514,78,217561838
237694070,47775401,3001078,77,214573975
240642759,48272331,3034878,78,217320713
240762260,48366169,3036431,83,217421446
240975108,48398780,3038063,78,217575104
240941743,48439111,3037942,77,217622739
240624295,48312569,3035205,78,217251997
240841235,48321870,3036537,82,217411392
240907810,48358387,3038107,78,217502253
238578010,47934338,3007555,76,215461446
241094317,48466608,3041781,78,217720574
237852537,47714393,3001068,77,214920653
240830561,48288978,3034760,80,217407865
240781948,48309625,3033318,80,217604419
240706238,48345367,3034371,77,217341662
240661239,48335199,3034297,80,217280842
238607785,47951202,3010382,78,215509275
240954966,48370973,3042632,77,217599004
240909867,48446087,3041926,81,217591116
238503427,47985178,3011582,77,215264719
240938964,48495571,3041813,81,217438291
237951135,47713485,3005901,78,214701067
238803011,47944103,3012118,79,215501815
240882729,48410126,3039758,79,217487757
240799010,48483813,3040821,77,217336250
240915836,48391496,3040537,80,217596975
240907896,48411149,3039583,80,217586485
240964645,48447450,3040655,77,217512710
240947993,48475133,3042440,80,217694625
240865116,48432602,3040588,79,217449681
241001030,48426944,3039673,78,217596789
237904147,47671442,2998761,76,214735766
240890794,48321993,3038123,77,217504635
240994360,48335168,3038375,79,217624896
238553412,47912855,3008528,76,215439216
240876973,48432106,3039907,84,217400784
241089921,48518936,3045013,81,217833650
240982157,48422185,3043092,76,217573264
240976476,48470855,3042912,76,217479527
240653364,48376988,3035782,83,217333146
240964652,48463663,3040723,77,217685344
237592776,47684478,2996971,78,214499593
240880599,48330611,3037822,78,217404669
240875493,48385419,3037859,77,217322554
240946702,48377174,3037229,82,217422692
240862703,48389170,3036758,78,217550275
240681202,48349056,3034882,77,217315937
240964237,48391960,3039219,77,217551160
240871409,48314833,3035900,78,217441786
240759999,48340593,3036191,79,217328011
240892972,48382567,3036679,78,217601357
237705047,47654408,2996227,81,214594170
240920988,48345553,3037027,78,217691008
240879160,48372679,3036913,79,217506283
240847014,48349862,3036793,81,217282228
240855994,48352466,3034850,79,217533738
240826366,48309965,3034996,76,217511971
239140418,47988061,3021083,80,215909929
240833427,48399370,3039651,79,217508876
240748214,48402655,3039642,78,217356330
240991953,48470390,3042380,78,217591855
237858939,47789847,3003983,77,214690907
240817027,48339322,3038993,81,217486896
240890527,48417071,3040918,79,217510417
238491862,47941530,3009823,79,215284900
240826386,48412823,3043320,81,217421471
241057852,48487564,3042280,77,217573104
240981485,48476032,3043046,77,217394725
240734503,48374570,3037597,85,217159780
240824273,48383714,3037332,81,217623837
240749779,48414497,3038982,77,217394175
237625939,47687020,2999163,78,214632119
240799979,48301006,3035063,81,217416240
240836020,48387187,3037249,79,217386449
240876242,48404608,3038507,78,217404572
240877252,48370477,3036317,77,217414978
241033827,48463818,3039161,77,217669306
240924866,48405694,3042023,78,217634831
240730673,48419147,3039448,79,217301718
240977506,48473273,3043891,79,217564336
240855942,48479845,3041343,79,217490552
237635503,47557502,3000352,80,214527641
240984218,48359410,3037938,77,217580161
240958867,48385110,3039774,80,217540696
240989796,48410219,3039939,80,217672394
240733568,48371159,3037522,77,217309451
238404868,47893976,3007446,77,215190903
238593873,47989611,3012330,80,215405713
240816590,48402098,3041001,81,217459239
240972683,48387310,3039414,79,217537830
240870791,48379808,3037660,78,217419394
237790383,47782252,3003078,77,214570121
238602018,47843818,3007354,77,215491728
241034032,48390007,3037091,78,217807852
240776124,48316259,3034420,82,217467712
241066284,48354016,3039066,79,217707907
238585797,47915397,3008264,79,215481086
240940341,48340097,3038473,79,217575076
238632493,47957526,3011849,76,215337114
240918535,48409980,3038480,76,217613368
238217779,47878870,3004944,76,215109309
237978051,47836595,3003954,80,214795470
240945494,48272797,3037361,79,217479641
240927688,48396331,3038281,78,217694647
240737312,48372089,3035790,76,217368196
240885825,48394719,3037170,78,217530040
241036538,48433687,3039523,82,217608210
238563783,47956286,3012025,78,215558382
240768650,48352187,3036018,79,217386382
240726396,48378995,3035923,78,217468587
238232042,47852257,3004744,77,215149274
240354189,48317498,3034055,79,216945834
240805784,48231752,3035576,82,217366829
240886303,48345678,3035706,79,217394640
241002739,48379126,3038112,78,217745007
241034951,48427703,3039161,79,217809129
240800761,48411428,3039325,78,217457817
241083745,48435175,3043203,80,217548087
240852515,48428478,3042529,78,217383140
240975637,48473738,3043393,79,217591759
238215250,47876647,3003246,78,215053235
240394122,48343972,3035002,77,217067170
239212006,47941252,3016869,79,216053918
240907956,48424634,3039473,81,217349882
240901745,48391743,3037402,75,217382251
240686030,48350947,3034935,78,217328428
240991092,48411739,3041997,81,217588355
240671513,48345088,3035227,80,217329488
240763867,48347785,3036029,77,217500668
240766734,48363409,3037333,76,217482190
238564238,47938833,3009926,79,215355501
238672814,48007591,3014085,78,215523330
240280133,48132584,3029438,82,216990600
241057480,48392983,3038724,78,217660377
240958551,48387403,3038682,78,217662103
240994226,48450736,3041022,79,217584940
241091090,48382847,3041290,82,217804507
240927208,48396827,3040046,80,217563405
241023270,48438801,3044342,78,217599171
238600572,47981117,3011540,78,215347480
238415265,47935330,3009663,77,215290997
241116479,48545565,3044957,81,217787911
240329196,48127810,3028433,80,217074606
238536568,47882909,3006401,81,215319183
240917215,48372213,3037917,81,217561310
238597786,47901974,3007684,77,215270456
238551028,47922031,3008724,76,215228500
240646619,48361332,3034205,78,217323005
240990892,48436259,3039603,82,217620490
240971623,48434059,3040868,81,217488080
238260958,47893201,3008678,78,215069856
240870268,48372430,3038381,80,217371771
240483540,48206332,3033407,80,217166192
238556353,47937314,3009414,78,215379049
241002350,48425192,3037911,76,217584648
238738524,47984279,3014272,77,215627420
240857897,48376089,3038523,81,217604047
238597229,47962610,3013311,77,215366785
240816684,48423704,3041592,78,217351993
240775979,48441374,3039578,78,217228813
238383055,47889822,3005599,79,215247964
238490848,47984558,3011572,79,215404926
238227438,47773975,3007224,76,215158422
238902505,47975940,3012399,78,215701098
238871785,48008056,3013684,80,215583803
238499189,47904113,3008532,79,215297089
238758399,48017511,3011540,79,215614202
240988854,48437872,3040367,81,217554135
240878791,48352869,3038756,80,217521129
240823594,48395029,3037702,76,217411603
238617159,47947017,3010405,77,215507503
240875286,48430586,3036517,78,217499981
240442330,48153664,3029764,79,217170768
241054976,48387434,3039497,78,217660814
240722938,48357829,3035445,79,217346455
240930519,48369299,3038469,76,217477915
240795638,48376554,3038259,77,217449451
240765985,48320412,3036673,80,217362094
240764262,48352373,3039019,79,217354040
241030776,48435484,3042750,80,217544693
238442674,47803906,3008418,79,215369984
238665297,47978900,3012932,80,215490709
240334557,48177161,3029755,76,217005486
238575187,47907430,3007740,79,215531995
240688052,48326303,3035268,80,217458082
240841324,48362417,3036395,78,217525672
240749047,48375220,3034389,79,217471219
240826376,48328193,3036252,77,217482303
240773051,48349646,3035412,79,217467908
240808912,48364990,3036526,78,217376813
238246945,47891093,3005029,76,215182890
238730696,47973956,3012050,78,215642312
239160245,47878941,3016878,79,215943586
240928162,48409871,3039087,78,217600818
240922006,48408553,3038947,80,217433421
240771461,48342515,3034007,77,217273758
240698908,48368121,3033715,78,217335479
240859703,48355907,3039817,79,217414050
240666662,48355598,3037527,79,217219232
240923361,48396672,3038166,80,217487292
238152163,47793567,3004511,78,215024658
240880056,48382970,3038246,78,217583829
238032542,47731071,3001956,80,214969958
240849777,48383249,3038396,79,217500984
240773096,48430090,3038272,79,217304229
240541271,48330147,3036739,83,217054096
240769157,48445745,3039447,81,217486369
240920294,48387837,3038941,76,217549831
240894978,48384396,3038016,79,217456071
240824743,48336843,3036407,80,217339342
238226274,47822335,3002979,77,215155362
240852421,48347413,3036994,84,217455117
238064019,47696878,3001663,77,215062071
240870466,48344437,3035685,77,217703589
240868697,48381048,3035830,75,217390441
240762126,48320537,3036478,83,217311034
241010361,48398718,3037184,78,217597944
240807055,48340903,3039157,78,217524906
240809048,48415334,3038242,79,217380556
240756647,48385823,3039899,80,217332014
238437634,47929805,3008280,78,215221667
240996891,48416860,3042084,79,217661098
240468142,48200578,3031718,78,216960560
240754565,48351741,3037364,79,217403924
240849556,48414591,3039993,78,217358039
240940016,48451325,3041332,78,217558655
240813413,48469770,3040498,77,217508314
240789096,48419705,3039962,78,217525938
240860707,48437841,3040780,79,217540584
240831300,48383063,3039266,79,217482100
238533460,47890039,3010456,81,215377881
240956820,48347754,3037721,80,217581441
240380639,48173131,3030235,79,217001138
240876617,48318717,3036348,81,217615010
240937125,48381721,3036716,77,217459732
240850566,48400950,3039785,78,217472328
240897755,48439979,3039211,76,217478659
240792511,48360589,3039569,81,217340795
240812137,48420883,3041296,79,217479080
238215430,47950365,3007107,80,215112198
240949620,48485983,3043248,81,217561133
240788895,48438119,3039482,81,217384878
240181662,48124927,3030140,83,216811222
240820482,48401508,3039247,81,217456677
240659232,48377266,3035622,78,217202466
240821273,48351071,3035706,77,217473324
240861857,48360681,3036690,79,217472326
240916351,48369486,3037934,81,217513295
240629769,48359193,3037225,79,217230058
238271555,47953279,3008419,79,215190879
240852047,48405786,3040507,78,217453072
240911036,48388984,3037549,81,217599843
240383002,48131840,3031638,80,217004509
241027553,48370601,3037509,80,217680301
240848939,48404856,3037534,77,217582181
240848900,48353768,3036444,79,217511094
240848692,48359628,3037862,82,217500837
241033810,48419054,3044273,76,217558714
238545959,47958115,3011922,79,215438721
238031789,47573064,3004127,78,214804858
238605341,47929471,3008504,80,215307692
238716970,47976746,3012314,80,215452314
238069686,47621238,3003262,78,214866033
238704500,47938833,3009751,76,215648158
240842553,48414342,3038629,77,217449671
240837617,48381947,3039791,80,217524378
240768588,48391992,3036163,81,217317210
238687830,48019743,3013569,78,215455657
238580029,48001825,3011440,78,215586129
238589774,47954085,3009052,77,215437354
238586706,47973367,3010896,77,215399998
238647463,47930060,3012215,81,215291924
240446237,48127158,3031806,80,217090621
238651810,47926278,3009463,77,215484832
240928277,48436414,3041387,78,217423805
238601367,47972685,3010376,79,215459076
241052009,48466020,3043076,79,217548545
241032456,48420077,3044396,77,217622673
238587664,47982873,3013145,79,215319748
238478337,47897211,3009537,78,215336343
238708819,47945994,3012719,83,215589429
241100677,48245888,3044526,77,217653783
240610815,48023432,3038213,80,216984203
241029644,48219880,3042555,83,217557066
240691914,48138969,3040022,80,217150658
241027149,48232651,3042614,78,217626592
240910668,48180540,3040343,77,217549654
240942938,48254135,3043499,79,217477801
240805162,48159739,3039610,82,217486591
238222549,47686803,3010307,77,214950849
240931065,48228652,3044335,78,217530770
240887937,48232744,3041830,79,217368702
240335736,47972778,3034569,81,216869200
240813723,48198056,3040254,81,217319301
240671248,48138411,3039442,79,217257587
240785770,48180602,3039898,78,217338148
240932974,48213586,3041619,77,217434306
240783882,48231846,3042016,80,217335150
240787118,48155430,3041015,81,217356472
238110490,47677906,3007408,78,215000384
240506965,48152144,3037954,79,217179317
240572881,48135435,3036343,77,217063875
240191717,47958394,3032727,80,216706828
240689599,48191514,3038636,78,217097054
240752235,48214083,3043261,84,217282285
240802944,48230233,3040798,76,217468747
240620969,48203232,3041244,77,217204535
240725795,48202767,3039099,77,217350130
240851748,48150037,3040317,78,217354710
238207917,47720500,3008613,77,215074858
240857097,48252460,3041202,83,217365953
240802376,48212687,3042440,77,217223231
240393828,47991502,3033880,75,217091765
240520592,48192475,3039578,80,217116850
240695990,48178495,3038714,81,217183662
240877499,48262752,3042223,78,217387198
240866814,48232496,3041924,77,217329801
240921846,48248027,3044472,79,217428654
240882104,48264954,3044987,81,217499263
238162121,47720313,3010281,79,215045604
240908823,48321157,3044819,81,217502697
240828095,48280143,3044442,77,217329581
240073886,47952845,3030361,76,216765388
240762079,48216097,3042140,78,217297526
240596715,48127593,3037091,79,217171541
240771329,48164017,3040215,79,217273605
240871320,48270316,3043131,80,217457157
240803336,48178432,3040488,78,217248647
240627066,48146161,3038438,82,217238075
238387301,47689748,3010409,78,215114216
240669753,48180386,3038262,82,217247222
240920567,48215105,3042848,76,217364806
240185410,48003530,3033582,80,216733964
240819177,48209463,3039840,78,217388376
240786463,48213525,3042260,81,217263738
240895879,48171953,3041479,79,217527207
240826137,48231473,3043163,78,217378908
240806191,48227877,3045789,78,217302384
240786010,48272672,3046663,76,217259400
238292714,47723755,3014412,80,215056923
240611062,48209154,3040533,80,217244519
240795555,48219135,3040074,80,217396044
240547169,48054866,3037063,78,217155027
240696341,48176851,3039515,79,217233651
240686502,48243316,3042420,79,217129430
240641154,48182059,3040005,79,217233756
240695854,48195107,3040443,80,217330821
240941521,48257578,3043147,75,217368427
240896155,48268611,3041177,79,217481363
238210042,47694677,3011247,76,215028909
240739609,48221771,3040662,82,217292203
240768454,48198985,3041028,79,217327031
240257803,47972623,3032290,78,217022664
240873261,48213149,3042168,77,217355908
240818672,48220564,3041680,78,217311150
240793770,48213432,3039971,80,217339116
240766909,48223692,3038450,77,217208091
240811859,48163180,3042202,79,217327271
240757844,48197342,3041645,77,217217831
238185129,47692011,3009469,78,214972979
240762078,48208658,3041560,81,217193319
240752267,48242943,3042003,79,217229501
240165680,47972530,3033176,78,216620289
240768329,48168946,3038707,80,217299934
240478924,48122136,3036476,78,216980951
240929473,48227630,3043422,81,217491310
240844834,48172077,3040557,81,217408577
240744136,48169969,3039556,80,217274261
240974884,48231318,3043263,82,217659519
238501629,47741394,3011723,83,215276844
241026506,48274688,3044266,81,217517588
240914381,48219817,3042662,79,217295138
240534253,48060601,3037993,78,217043115
240961120,48245299,3043870,77,217443205
240903269,48246664,3045068,83,217506244
240944959,48294124,3047640,76,217301347
241004244,48286002,3044223,76,217497915
240975617,48201496,3044340,79,217497216
238375264,47732094,3011790,76,215232046
241106079,48196164,3049325,79,217485379
240898965,48243688,3043706,80,217372274
240941322,48254754,3044069,78,217505792
240295247,47996648,3033983,77,216804149
240923187,48196629,3040896,77,217421367
240941608,48250446,3042862,83,217557321
240967300,48219507,3042477,79,217390228
240850327,48196412,3040879,77,217280782
240974990,48234232,3044016,79,217509550
230230988,46457312,2931489,77,207726844
229534653,46556234,2939296,79,207215960
241012062,48246136,3044287,79,217557366
241091969,48292047,3046087,75,217521140
240432972,48062957,3036067,76,217275927
241057136,48259838,3045561,79,217769529
241121300,48309625,3048098,79,217690758
241157939,48325527,3048231,76,217789957
240998551,48305966,3045711,76,217722577
241338992,48328317,3050968,77,217859004
236966210,47544513,2997217,76,213998126
240946739,48303994,3047153,76,217540687
241100990,48323501,3047952,79,217618617
240807949,48261284,3042280,76,217415897
240446274,48045205,3036952,79,216969491
240687482,48195978,3042242,76,217450257
240909197,48267930,3045564,78,217449153
241105659,48309810,3045904,76,217781398
240934866,48271494,3044439,78,217477803
240995140,48230729,3044337,75,217545059
238397661,47744060,3013722,78,215171082
241003165,48270131,3045991,79,217671709
240911488,48236526,3044169,76,217489886
240976398,48271525,3045868,75,217731190
240354413,48016581,3036594,77,217077769
240939416,48227877,3043830,77,217477378
240843853,48193592,3041629,80,217480234
240984569,48257420,3043428,76,217668427
240790731,48208316,3043056,79,217334926
240992223,48238231,3044902,75,217565695
238442580,47765574,3014204,76,215148362
240948374,48292388,3047056,77,217634791
241030872,48285476,3047784,79,217582344
240822628,48276671,3045990,76,217366947
240361632,48025509,3036532,76,216939377
240952965,48237487,3044954,75,217480302
241029424,48256925,3046379,79,217577898
240992764,48299487,3045828,78,217724006
240884669,48262070,3044180,75,217614349
241003672,48259032,3043627,75,217645278
238285058,47709557,3011703,77,215247656
241096191,48287491,3046513,77,217718263
240878883,48205619,3042855,77,217494074
240706825,48225490,3042701,78,217360131
240290713,48031430,3035258,76,217020740
240872443,48243067,3043708,75,217424233
240963537,48280919,3045885,80,217674069
241113734,48323326,3047630,77,217699399
240940223,48246725,3044739,75,217465506
240938387,48254413,3047906,76,217586497
238515368,47672202,3015307,80,215355000
241095333,48319421,3048613,79,217647450
241026340,48288637,3046755,77,217652814
240936747,48267867,3045576,77,217573636
240497634,48007963,3036995,78,217084550
240717876,48137450,3041144,76,217350780
240951053,48255437,3043006,79,217535771
240929110,48243563,3043498,76,217582751
240786362,48177595,3042565,80,217325861
240904563,48265263,3044909,76,217482242
238331237,47737674,3010220,75,215181036
240986499,48256460,3046520,83,217573054
240909868,48242137,3045165,78,217604479
240963876,48256552,3045760,76,217592678
240362382,48061841,3034815,77,217068407
240835462,48196319,3042231,75,217525533
240922267,48238635,3044509,78,217689715
241015643,48323598,3048059,76,217681919
240849169,48271005,3044388,75,217465262
240937854,48254010,3048488,78,217519007
238386258,47826086,3017658,79,215350856
241026755,48315670,3047414,78,217614116
240856142,48269386,3042843,81,217507606
240911850,48250848,3044785,75,217619284
240277895,48013419,3036018,75,216941429
240881106,48198571,3042577,76,217432373
240668084,48192890,3040741,80,217301528
240765090,48236309,3041484,77,217473465
240812839,48235627,3042732,77,217483108
241074572,48244958,3047167,77,217621326
238494739,47767062,3013738,75,215457040
241142470,47607145,3057044,78,217194196
241098202,48175011,3054114,78,217595230
241070157,48291644,3046972,75,217655785
240543660,48081402,3038853,79,217171984
241181164,48226420,3046084,77,217801648
241098931,48292172,3047477,78,217624450
241103339,48319730,3046664,75,217758997
241112097,48260241,3050241,76,217785619
241077026,48284700,3048812,77,217744106
238457778,47645418,3015259,78,215308798
240766443,48239069,3044073,79,217357109
241100113,48386380,3050855,77,217681341
241095091,48303681,3048734,76,217597706
240459513,47987463,3037793,77,216898627
240722715,48157632,3039654,81,217370870
240971433,48236743,3042515,79,217528739
241003136,47943080,3048303,78,217382319
241050826,48188600,3045347,76,217639585
241016712,48258040,3045759,75,217494151
238418969,47757691,3012194,76,215338637
241186728,48247583,3047360,78,217833828
241281794,48332885,3048998,75,217950215
241059756,48235441,3046718,78,217616923
240345433,48070273,3037756,75,216964545
241044760,48259343,3046064,79,217643954
241082414,48261853,3046731,77,217617284
241188453,48297906,3047332,76,217817207
241245703,48310089,3046410,75,217895245
238479720,47736000,3016299,76,215216998
241024980,48321467,3048861,79,217698025
241181481,48322241,3050098,77,217674802
241083045,48315669,3046345,77,217741367
241158953,48288885,3046983,78,217743399
240299056,47984838,3037344,77,216909124
241204385,48301533,3047021,79,217825079
241029365,48272393,3045811,78,217469999
241022989,48250879,3044681,77,217534274
241078738,48275308,3046051,79,217568222
238509895,47765636,3015560,78,215332880
241049633,48308229,3047562,79,217551468
241006477,48081991,3044072,82,217577269
241090976,48172697,3050672,77,217513414
241011597,48282381,3045866,76,217730491
240400525,48021505,3036131,78,217008375
240964385,48224839,3042235,76,217829314
240956451,48275803,3045146,77,217498387
241112787,48312383,3049141,79,217639568
240954443,48239131,3044713,81,217584564
238343321,47643806,3009661,76,215287874
240955888,48234759,3043707,76,217515431
241032996,48323741,3047770,75,217570469
241011266,48282859,3046371,79,217565307
240957293,48246912,3042782,77,217368267
240227221,47981923,3034735,77,216806700
240920424,48234697,3043637,75,217577787
240984659,48240029,3044652,77,217535897
240974613,48243191,3044221,75,217569844
239345876,47923613,3022823,78,216057047
238213067,47688631,3012020,74,215086445
240947189,48219818,3043809,79,217633573
240868676,48264178,3044664,77,217424726
241004873,48326984,3046903,75,217679277
240917363,48183299,3048309,77,217554266
240197299,48030594,3038250,78,216878874
241048300,48251034,3044928,77,217649994
241052232,48331448,3046815,75,217491640
240990705,48283212,3045533,77,217665144
240912022,48245734,3043922,78,217584005
238369273,47646130,3015643,75,215115203
241080301,48251748,3047037,79,217641464
241133183,48303641,3048920,76,217698323
240962962,48319420,3047943,78,217474405
241022282,48295240,3045361,78,217589200
240310591,48008057,3037676,80,217001552
240972460,48277911,3045384,79,217516551
240923004,48294837,3044893,76,217361070
240911806,48242819,3044615,77,217465775
240896067,48236248,3044547,78,217560818
238348614,47755871,3011723,77,215184934
240861039,48195017,3041954,78,217545589
240646132,48117208,3038215,79,217304362
241016292,48266813,3044315,77,217691601
241021027,48270626,3046170,76,217613405
240317936,47999346,3035106,78,216971871
241016173,48247407,3044820,76,217681571
240930050,48218608,3042703,76,217656361
241043594,48277818,3045667,77,217705397
240896505,48219477,3044368,78,217525639
238387132,47787305,3016962,78,215340866
240964792,48269178,3046411,78,217604350
240956381,48308003,3044127,75,217616055
240838913,48298681,3044828,78,217476176
240976586,48255622,3044610,78,217554428
240103000,47976375,3034127,80,216960071
241065523,48261574,3044751,77,217752134
241127593,48310709,3045450,75,217731484
240937785,48264736,3044184,75,217552236
240694077,48191205,3041266,79,217317262
238211455,47683889,3008347,76,214954012
240799269,48227691,3043159,79,217455037
240916316,48272269,3045006,76,217589469
240836130,48247035,3045386,77,217338458
240796122,48223785,3042158,77,217298898
240537801,48054123,3039843,78,217014547
241090575,48247562,3044988,77,217614642
241176619,48338826,3047975,75,217779054
241093818,48317095,3045577,76,217732252
241050645,48278749,3045901,79,217535722
238346047,47609024,3013398,75,215141405
241114183,48342515,3050650,77,217680913
241039908,48333711,3047661,80,217657642
241161219,48358201,3048625,77,217767651
241025881,48256987,3045460,78,217373248
240491637,48057036,3039389,77,217243580
241164780,48303393,3046491,76,217676247
241067407,48308973,3046343,76,217615939
241043205,48332843,3047037,76,217703383
241114892,48306153,3047083,78,217833438
238543765,47773479,3013554,75,215350356
240937924,48223940,3044634,79,217558054
241000902,48290466,3047069,79,217470119
241025140,48310523,3046140,76,217716642
240919039,48311516,3044078,82,217557045
240661172,48115161,3040862,78,217205319
241063774,48224033,3042701,76,217630172
240864509,48236154,3041925,75,217532648
241042726,48258351,3042959,79,217611745
241001057,48258598,3043062,80,217718904
238331034,47711107,3011623,75,215160158
241015413,48290187,3047253,77,217670308
241017058,48301719,3046096,75,217522371
240962340,48295860,3043529,75,217572318
240887716,48267434,3042530,78,217551673
240200640,47990789,3034765,78,217001820
241060184,48265480,3045278,77,217696452
240958118,48275741,3044741,78,217687735
240929855,48288049,3045885,80,217515926
240900551,48263248,3045707,75,217495276
238403853,47786515,3013704,77,215258867
240870074,48218499,3042960,78,217433458
240995569,48286529,3045578,75,217556194
240931247,48264860,3044093,77,217520117
240931241,48315236,3046244,79,217541119
240450691,48027028,3039217,75,217213209
240954786,48245144,3042987,76,217641026
240943639,48269231,3044168,76,217479798
240857100,48242789,3042897,80,217550464
238453149,47729738,3013438,76,215257287
240900515,48229799,3047181,76,217479659
241020751,48343724,3051324,75,217593730
240802939,48269014,3045100,76,217522394
241146493,48287770,3048637,77,217765476
240861543,48284390,3040608,77,217568767
240292904,48096654,3036916,76,216899775
240804644,48311484,3042287,75,217585886
240803163,48279058,3039718,76,217470036
240865385,48317623,3040694,77,217361800
238399420,47790064,3010049,75,215350028
240984467,48305067,3042127,78,217864547
240739849,48211788,3039506,77,217433915
240861456,48291675,3044563,77,217484506
240925174,48326705,3041976,76,217638559
240924031,48346132,3041780,80,217616552
240278200,48060333,3032822,78,216929719
240703468,48272517,3039172,77,217253553
240855457,48332223,3041952,77,217485753
240862026,48304014,3039795,78,217472531
238174503,47710611,3004476,76,215196693
240775490,48262358,3042927,77,217439148
240952953,48308499,3043668,77,217434769
240814550,48326818,3042949,77,217607848
240957844,48368566,3044245,75,217599689
240619753,48245145,3038809,79,217398410
240222332,48046558,3035107,76,216904496
240901515,48350389,3041891,75,217577897
240888495,48315514,3042716,77,217558120
240929379,48299457,3042875,77,217590979
238285266,47672728,3009185,77,215048153
240782215,48290839,3040726,76,217479611
240977142,48281538,3041243,76,217705709
240849080,48279244,3044338,77,217479520
240875564,48259001,3042910,76,217598759
241122803,48260521,3045944,79,217835479
240170272,47869176,3033075,76,216868934
240770750,48233581,3040551,77,217263576
240672509,48216717,3040459,78,217347787
240747729,48243129,3039259,75,217510084
238201348,47685036,3007732,75,215088898
240738397,48224771,3043002,79,217250017
240804537,48256548,3043647,77,217431180
241297155,48303125,3051990,77,217925219
241141066,48230047,3047191,78,217809345
241235990,48286003,3048084,78,217894219
240530418,48002352,3039146,77,217274753
241187169,48255405,3046899,77,217593345
241164722,48271587,3047453,75,217762283
241051390,48181936,3045485,77,217578794
238497076,47703078,3013984,76,215387937
241009065,48215477,3045578,78,217424809
240997923,48221088,3045959,80,217586352
241130705,48252646,3046013,77,217787917
241094890,48246618,3047113,81,217669703
241065720,48240168,3045330,79,217707302
240456259,47967756,3038094,76,217105553
240891824,48180323,3044279,75,217500330
241064318,48219817,3047260,78,217681912
240998713,48220531,3045350,78,217535997
238387037,47588414,3013383,76,215143622
241004182,48220804,3047052,78,217501126
240960935,48212951,3047776,77,217527110
240932962,48243020,3045263,79,217388759
240971386,48237550,3046398,79,217336381
240716486,48189716,3042331,77,217352626
240309548,47939794,3035391,75,216980603
241004317,48207603,3043262,77,217588188
241060787,48226668,3045204,79,217580196
239398203,47872308,3023240,78,216037211
238595428,47748555,3015385,77,215473685
240910788,48165412,3042939,77,217544975
240997338,48210827,3044391,75,217579675
241082119,48232248,3045155,77,217757654
241093058,48233194,3046201,77,217600822
240894380,48238278,3045085,79,217391549
240412725,47959696,3039778,77,217076711
240962889,48222824,3043561,76,217760515
241116581,48260892,3045577,76,217670346
240993359,48223755,3046018,77,217518398
238474435,47740309,3014268,75,215225189
240931961,48182679,3045838,78,217521995
240895715,48223418,3045742,75,217580775
241016605,48264142,3046516,79,217596132
241022107,48236674,3046336,77,217613995
240898813,48205193,3043391,79,217573989
240306331,47977211,3036495,78,216835108
241023002,48239657,3044203,76,217690643
241005846,48244896,3044673,78,217691951
241093416,48287119,3047108,78,217623854
238359119,47624741,3013449,75,215212227
241052392,48241021,3046128,78,217586016
241076079,48225645,3047009,78,217590407
241016002,48247748,3044916,77,217555258
240974022,48232652,3047024,79,217451236
240843145,48133110,3041527,79,217395019
240476615,47972437,3037683,75,217174838
240955332,48223537,3044386,77,217662503
241041353,48251127,3047363,76,217683611
240874503,48179193,3042624,78,217456513
238395072,47726715,3014837,76,215195506
241158866,48237797,3048518,80,217864005
241012847,48241052,3045533,77,217594401
240981835,48234356,3045075,78,217607912
240890978,48240123,3045203,78,217555317
240605309,48111379,3039571,76,217142303
240278567,47980280,3036254,77,217058783
240968229,48195358,3044735,77,217618678
240938549,48185593,3045589,76,217571318
240938849,48206953,3044436,79,217467370
238521955,47703326,3014958,74,215333812
241051071,48214981,3045129,76,217606907
240892932,48193343,3043078,76,217514576
240863196,48198861,3044057,76,217532459
240915448,48212409,3045327,78,217467278
240799985,48179672,3045155,78,217288999
240242013,47904330,3034261,76,216863342
240905830,48198551,3042704,76,217566580
240783222,48201248,3043317,77,217410068
240982548,48206550,3042931,80,217769270
238563069,47747501,3015388,76,215474345
241095583,48235751,3047889,78,217650876
241080833,48216965,3046784,79,217708438
241134748,48266007,3048438,75,217571160
241091446,48274409,3047700,78,217626531
240797587,48140550,3042759,77,217330601
240617477,48037072,3040963,78,217324000
241000003,48232248,3046396,76,217639405
241130065,48292419,3048135,76,217734537
237103022,47335945,2995774,77,214062945
241156674,48256398,3047056,79,217676348
241098076,48212873,3045874,79,217551271
241183915,48263155,3047925,76,217760459
241081453,48242261,3046559,76,217635150
241201481,48263900,3048349,77,217722448
240958685,48226854,3046663,77,217655979
240503629,47983008,3039124,77,217163156
241106075,48233519,3044939,79,217664240
241094832,48233674,3044596,77,217597603
238455465,47681378,3011298,77,215290338
241032005,48221926,3046858,80,217576738
241069051,48250972,3047155,76,217600273
241091550,48248027,3045819,75,217741746
241077745,48266934,3046693,78,217646581
240698678,48208444,3042755,79,217287613
241028554,48234387,3048937,75,217607189
240606897,48076163,3040499,75,217331008
241088659,48261822,3046646,79,217676599
241036210,48218578,3045498,78,217599305
238481583,47717989,3012890,77,215359569
241143639,48255963,3045640,78,217701141
241122130,48228807,3045748,75,217509167
241038893,48251840,3043698,77,217671541
240947534,48228436,3046162,76,217647404
241007689,48229463,3045038,79,217505424
240963093,48165624,3044453,75,217442232
240400153,47955232,3036281,77,217095769
241077166,48220251,3045736,76,217672453
240926684,48179332,3041381,79,217613937
238572471,47653881,3016191,78,215332400
241035249,48259652,3047436,76,217650915
240966881,48239843,3047549,75,217657010
241015918,48241827,3047034,76,217880440
240934453,48224530,3045412,77,217490419
241051571,48233116,3046239,77,217626412
240964730,48230171,3046464,75,217506032
240381895,48013326,3038454,78,216935396
241020261,48227164,3043441,76,217534356
239445895,47934308,3022955,80,216257782
238302821,47668853,3011485,78,215181892
240955391,48251004,3044685,79,217586744
240973155,48231783,3046818,77,217548021
240988730,48290404,3049817,78,217488234
240917945,48256552,3046111,78,217522317
240838435,48185625,3042003,78,217391919
240996668,48234697,3044395,79,217550504
240286764,47973212,3036593,77,216954705
240923667,48137078,3041853,76,217423675
240943686,48180228,3046952,80,217607572
238301462,47674560,3010881,74,215189920
241122449,48235628,3048870,80,217636351
240868887,48207200,3047841,77,217535968
241011313,48192162,3045357,75,217417719
240908041,48224842,3045016,77,217633573
240667880,48148332,3041183,80,217362900
240836407,48163521,3042839,78,217249603
240195814,47910251,3034336,77,216826944
240890664,48188941,3042908,76,217517870
240865954,48217554,3044707,75,217358350
236733306,47310401,2992906,78,213653429
240889632,48209618,3044553,76,217523458
240994606,48227165,3046868,79,217629116
240811623,48155306,3043129,76,217329045
241104562,48224436,3046063,77,217780933
241038775,48184415,3045976,76,217500354
240893622,48160577,3044329,80,217407024
240462312,47986666,3038214,78,217141162
241212094,48254537,3045923,77,217783379
241024242,48243780,3046334,76,217536740
238507532,47698800,3013380,76,215285244
241111499,48259529,3049383,77,217669144
241054831,48214330,3048776,78,217641264
241062935,48259001,3046464,79,217628128
241071463,48266348,3049009,75,217572986
240963608,48284328,3047189,76,217498644
241076193,48261110,3046602,79,217590604
240331647,47992339,3037686,78,217162673
241135851,48255746,3045921,77,217719494
241037931,48236309,3045072,75,217672233
238548343,47726297,3014903,77,215405228
240963503,48203791,3043576,81,217555726
240985904,48198272,3045616,75,217646768
240963965,48254010,3046611,76,217476185
240921318,48224529,3044252,79,217410240
241011781,48236682,3046607,77,217593505
240787113,48196552,3042592,79,217348099
240442431,47979768,3038799,77,216975995
241136473,48233116,3045725,76,217869212
240942853,48199791,3041918,76,217541654
238381309,47663553,3011043,75,215221917
240775868,48226855,3044148,80,217439758
241060227,48280577,3050683,77,217444348
241079924,48277198,3048987,76,217712460
241029169,48257327,3047310,77,217584575
240652844,48127996,3040158,78,217202975
241033759,48220778,3047429,76,217785619
240402942,47981148,3038143,78,217155041
241032605,48208626,3045862,77,217540365
241091890,48165226,3046240,77,217718900
238563746,47714734,3013530,74,215403882
239391033,47878508,3023222,78,216118147
241068123,48240277,3045986,77,217709961
241033123,48221584,3046193,77,217616326
241056494,48270843,3047367,77,217677370
240944440,48225087,3045907,75,217593636
240976869,48169071,3044950,78,217494968
240442616,48010691,3041474,76,217146129
240853715,48193746,3041693,77,217501655
241083329,48267340,3046759,78,217660104
238391564,47661822,3013537,80,215163785
240935405,48223626,3044733,79,217441620
240985436,48217430,3046286,76,217529785
240992645,48211571,3045252,76,217448410
241013589,48258660,3046788,77,217574404
240758727,48215105,3043574,76,217496387
240778619,48156609,3041839,80,217317096
240422157,48034871,3038406,75,217015055
240901066,48210083,3046149,75,217607526
241000981,48247252,3042937,78,217597213
238311606,47669505,3010977,77,215057347
240847470,48164483,3041666,80,217406341
240877487,48222855,3044798,78,217534177
241008654,48262163,3046986,77,217510476
240824843,48194304,3042376,77,217373457
240870755,48207138,3044009,80,217445807
240881348,48251438,3046872,80,217413369
240418466,47954922,3038025,79,217073796
240834544,48169690,3043273,75,217395869
238361972,47707666,3010818,76,215250883
240920339,48179021,3047937,75,217456780
240792594,48204069,3042905,78,217524357
239309609,47872587,3026108,78,215995369
240849146,48210734,3044076,76,217548118
240746793,48180137,3043889,76,217316320
240870069,48192661,3044049,77,217461355
240840979,48162715,3043180,76,217432422
240170397,47959604,3034749,79,216847178
240857795,48172945,3042971,78,217489776
238371911,47679890,3009754,79,215326556
240839069,48193684,3043786,76,217462566
240913116,48192134,3044136,75,217457364
240866362,48227040,3045142,77,217330720
240728691,48154346,3041016,78,217352103
240859675,48197745,3043336,78,217428924
240854363,48171240,3044105,80,217348917
241053294,48243594,3046361,76,217650870
240335287,47975011,3036056,77,217068575
241019484,48211478,3043582,77,217735662
238336211,47717369,3011112,75,215285575
240960914,48170341,3047211,75,217531888
240922651,48212470,3044845,75,217637229
241044977,48243625,3047579,75,217748970
240736833,48174031,3041901,77,217245581
241029277,48208378,3045069,78,217557499
240996627,48239037,3047968,77,217505657
240793779,48187763,3041916,76,217553846
240410173,47980405,3037212,78,217062367
240932685,48209742,3042860,77,217571079
238238940,47613581,3010282,76,215108413
241080932,48226978,3045256,79,217797957
240945883,48184074,3045077,78,217436040
240894428,48249670,3045498,75,217541537
240978221,48203760,3044361,78,217673734
240927602,48206239,3046468,77,217442148
240913057,48192599,3043424,77,217589374
241030023,48246942,3045595,76,217635604
240364764,47933905,3036269,79,217103585
240938460,48198489,3044495,77,217637609
238348339,47638412,3010085,75,215332492
240901838,48228962,3044824,77,217679966
240957297,48217306,3044002,78,217545811
240824096,48175084,3043674,76,217506593
240835919,48190461,3044570,78,217412997
240639262,48120648,3040351,79,217296649
240691736,48120369,3040212,75,217350965
240925979,48208068,3043842,77,217426419
240380083,47975072,3037022,76,216926846
240925599,48182587,3042774,81,217553630
238335974,47674930,3010914,76,215135899
240923415,48224901,3043855,77,217484853
240843252,48161940,3041550,75,217474253
240943003,48175983,3045454,75,217450089
240875016,48205340,3043246,77,217512806
240898223,48223569,3047851,78,217503511
240786084,48181780,3043648,76,217266430
241040730,48243932,3045997,77,217511190
240329986,47948322,3036368,79,216947043
240971630,48174930,3042019,78,217487632
238461713,47686710,3011133,79,215366274
240945171,48212532,3045544,76,217589571
240878175,48206797,3044100,77,217574506
240878534,48195668,3047769,75,217344803
240890295,48203325,3045518,77,217576731
240769868,48164576,3043430,80,217363391
240930092,48199404,3045477,75,217537889
240929256,48221041,3044932,76,217562235
240410140,47981954,3040063,76,217040211
240759388,48151866,3041212,79,217409613
238267157,47674061,3010426,75,215219001
240856990,48198552,3044670,79,217342983
240855933,48165071,3041686,77,217460668
241044885,48223010,3045467,78,217667247
240951320,48155399,3043305,76,217702555
240903039,48172295,3042774,79,217569245
240745743,48176169,3040792,76,217449783
241035904,48254506,3047234,77,217500258
240282704,47926588,3035072,79,216932157
241096599,48183950,3043509,76,217854212
238489633,47485148,3018378,77,215183481
240617829,48113333,3039715,80,217310833
241204812,48276330,3048137,77,217825871
241194797,48283635,3049492,77,217630023
241130607,48233995,3048301,75,217669447
241009409,48246881,3047630,78,217689624
241047512,48239068,3048704,76,217666809
241123048,48261357,3047498,77,217650814
240350831,47945080,3036996,77,216907357
241046114,48225475,3044709,77,217668838
238858102,47753608,3019476,76,215771364
241107885,48268301,3046709,76,217720480
240998501,48232806,3044019,79,217699474
241200507,48279585,3046484,78,217761892
240988440,48315639,3042708,77,217576349
240881735,48238944,3044190,79,217401528
240958441,48268022,3043002,76,217630348
241004315,48232403,3041803,75,217613069
240456637,48023681,3036462,79,217017310
240864754,48215260,3042172,77,217429888
238285993,47608029,3010922,78,214963192
240951729,48277721,3042742,77,217548579
240976256,48330990,3045592,76,217682757
240971018,48331603,3049237,78,217518532
240900329,48265419,3046674,78,217444062
240938911,48322582,3045063,76,217518731
240925311,48271525,3043375,79,217640729
240967602,48282473,3042420,78,217670421
240369110,48044973,3035467,80,216994607
240893543,48260458,3042550,78,217579239
238354017,47701001,3009526,77,215238892
240896894,48212501,3042635,78,217563442
240754610,48207352,3041288,75,217313292
240872729,48281758,3044057,77,217418242
240986746,48277602,3042657,79,217644985
240828893,48225986,3041983,77,217392476
240836514,48270130,3044758,77,217458228
240952968,48288285,3041737,77,217604199
240576051,48065604,3038640,81,217230394
240839776,48218980,3038923,76,217576787
240651554,48191452,3039396,76,217339841
240854759,48220871,3041909,76,217351137
240805382,48306586,3045398,75,217363147
240900425,48233520,3044958,77,217640394
240901768,48281631,3044572,76,217509460
240860057,48201682,3040936,76,217438985
240680246,48192041,3039472,78,217292483
241021285,48269976,3043983,76,217682130
240437922,48002791,3036117,78,217181935
238283843,47731593,3008280,77,215322310
241207528,48259776,3046411,76,217737839
240975466,48239099,3042412,75,217599384
241044965,48223526,3044244,75,217697531
240955596,48235608,3042988,79,217472362
240983456,48218515,3041166,77,217677073
240909791,48254909,3043337,76,217461241
240882188,48265356,3046035,75,217565508
240730713,48314213,3044278,80,217529785
240275957,47992711,3035946,79,216973623
238446667,47736310,3011476,76,215335297
240784639,48255188,3043941,79,217444702
240944974,48311555,3045743,78,217453988
240944200,48272229,3044815,81,217563159
240806603,48223631,3042753,81,217498549
240909186,48288854,3046989,77,217544798
240757344,48309841,3046607,77,217389177
240764127,48228869,3039846,76,217540252
240697868,48249112,3038443,75,217444975
240341929,48033539,3034837,79,217054456
238401321,47729397,3009348,77,215212915
240787197,48246043,3042288,77,217546157
240760846,48186461,3040616,78,217325523
240801580,48242292,3041882,76,217411361
241026676,48302495,3045383,79,217682004
240779511,48252770,3042054,77,217333674
241005178,48314305,3046162,76,217574794
240936478,48253917,3043017,76,217590210
240741775,48240773,3040321,77,217371823
240521821,48026130,3038282,80,217151387
238335975,47738046,3009809,77,215218441
240954301,48312197,3046930,77,217556290
240904443,48307578,3043015,78,217471518
240898610,48248182,3044463,79,217423335
240934791,48267434,3043412,78,217531087
240717245,48211168,3042380,79,217356065
240740867,48276571,3042422,76,217325221
241197824,48275593,3046725,75,217958929
241016224,48228869,3044780,77,217777713
240400205,47946770,3035622,82,217130886
238304010,47659926,3008108,75,215273058
241019112,48229675,3046462,76,217652023
240951755,48267991,3045607,76,217584475
241013273,48167210,3044663,75,217657271
241169505,48227971,3044859,77,217902308
240944008,48246787,3044686,76,217538287
240981269,48274470,3043001,76,217502720
240952409,48267805,3043471,76,217677750
240888420,48251375,3041811,76,217544798
238850354,47681977,3017660,78,215542816
238183204,47626126,3006929,74,214990896
240822230,48221616,3043013,79,217526620
240975285,48130537,3045836,78,217518648
240859201,48211292,3045320,78,217295965
240916032,48264519,3046005,77,217508434
240939195,48253515,3043700,81,217545704
240899541,48345088,3047037,77,217466794
240789552,48215365,3040219,76,217356217
240882539,48238994,3040387,79,217458500
240272672,48028299,3034941,78,216950946
238352278,47739937,3009398,76,215280947
240854508,48187361,3040167,81,217559188
240848005,48213245,3041270,76,217469758
240983031,48269820,3043275,80,217635184
240900728,48281631,3041769,76,217634337
240687714,48175488,3039589,79,217221986
240911248,48245330,3040905,78,217680725
240945908,48263217,3042531,76,217686101
240805812,48261760,3041871,77,217425478
240303937,48020642,3035734,78,216941988
238278821,47581775,3009468,75,215152378
241025666,48283740,3046628,79,217650163
240893257,48252150,3041963,77,217412800
240925333,48243129,3042337,77,217460114
240880544,48249515,3042832,76,217486661
240685885,48227196,3043070,79,217269853
240725144,48241331,3040659,76,217321157
240855147,48242044,3040861,76,217508597
240904216,48245082,3042648,76,217538836
240294820,47991781,3031628,75,217161531
238378347,47746571,3009984,75,215260077
240884450,48235256,3040734,79,217582723
240914524,48222142,3042475,76,217616027
241060150,48251840,3044952,77,217610227
240850935,48241579,3040848,76,217353491
240812192,48212188,3040219,77,217336321
240929030,48213280,3041366,83,217612359
240847002,48264705,3041400,78,217494845
240914448,48300313,3043851,76,217617396
240426976,47977377,3035944,76,217145818
238236399,47681192,3008967,75,215150055
240949440,48262102,3043778,78,217688883
240889838,48278748,3042210,79,217428749
240909931,48290528,3044815,76,217558101
240977707,48246032,3045120,78,217674731
240772478,48249371,3043596,77,217302068
240885664,48284701,3046187,80,217622951
240875954,48279520,3041558,76,217517466
241050728,48195981,3045840,75,217466640
240303403,48037227,3036058,77,216847518
238273286,47649727,3009135,76,215156625
241041084,48262102,3045029,79,217696636
240950089,48248089,3044510,77,217535564
240858609,48171054,3042229,77,217582590
240959978,48258970,3044462,78,217658843
240920275,48264240,3043810,75,217556660
240867690,48241673,3043385,80,217617198
240791383,48219445,3040389,77,217428644
240989921,48250321,3042160,76,217598839
240730644,48065065,3039863,75,217372637
238224279,47676232,3008530,77,214934709
240894072,48264520,3040834,77,217600796
240734018,48211912,3039264,77,217375084
241005600,48282778,3043344,77,217724411
240899209,48225087,3042981,75,217638655
240846710,48208100,3041106,79,217399781
240983030,48276547,3043147,78,217738447
241088470,48333866,3046466,76,217668881
241068860,48317715,3045647,75,217710698
238383510,47643434,3013094,76,215161584
241290475,48300604,3047973,79,217699488
241176473,48313871,3047226,78,217719030
239181070,47821219,3022805,75,215830501
238974132,47818542,3021017,80,215807713
238990131,47813635,3024229,77,215674315
241201531,48313220,3046628,76,217749899
241223282,48311856,3046724,76,217798891
241189667,48285848,3045300,78,217859676
241045450,48260613,3043285,76,217724679
238033041,47510971,3006768,76,214984859
241281373,48301557,3047811,77,217826848
241178750,48315180,3046324,75,217746388
241215493,48288638,3046610,79,217727730
241206697,48319110,3047758,79,217891681
240986207,48208037,3047626,78,217602218
241144018,48262814,3049645,77,217635520
241004019,48299767,3047318,81,217617107
241139165,48310864,3047408,76,217645094
241154342,48285692,3046536,77,217757721
237890680,47518566,3004822,77,214841673
241197090,48277973,3047192,77,217732488
240984360,48171117,3043701,80,217556820
241213922,48281662,3046794,76,217873528
241202486,48301781,3047802,76,217844005
241345708,48277818,3048851,79,218018699
241133288,48266659,3046351,78,217755740
241261249,48287645,3048089,77,217782414
241321841,48332530,3047653,76,217842619
241381418,48339604,3049748,75,218049824
238113202,47541382,3008339,80,214978662
241356969,48284174,3049320,78,218026595
241268214,48123004,3048808,77,217851440
238818079,47779648,3016625,75,215624682
241259123,48309438,3049194,76,217827855
241090385,48177378,3045328,75,217661237
241285698,48255530,3049897,80,217843648
238750295,47784763,3016433,77,215525246
241180846,48306431,3047768,76,217713751
241017051,48263279,3046964,76,217679028
237893865,47515342,3003608,76,214852444
240961154,48224839,3044060,76,217494344
241073780,48259839,3045825,77,217621180
240974871,48215694,3046165,78,217563750
241101710,48253762,3043821,75,217864299
241103339,48234945,3047775,76,217735798
241074978,48232000,3044005,76,217797844
241025715,48250973,3047242,80,217673724
241008817,48269696,3044780,76,217654332
241038893,48284824,3046940,75,217588900
238007441,47423241,3007820,77,214762769
241000138,48202953,3044630,77,217498013
240895045,48227537,3042812,79,217582205
241026468,48293783,3047180,78,217655654
241044336,48251251,3044447,75,217655639
240994617,48152268,3045525,77,217598465
240974636,48284732,3049250,79,217564651
240850263,48228776,3043086,77,217556331
240830169,48161869,3041624,76,217426015
238884679,47837680,3019415,75,215556830
237847699,47463820,3003226,76,214713612
241176636,48234666,3044534,76,217676889
240992721,48228342,3045525,76,217560526
240943881,48199916,3043572,79,217576902
241088933,48255870,3046883,76,217695847
240871736,48211230,3043627,76,217370178
240783033,48206952,3044530,75,217382801
240817137,48247997,3043923,79,217388048
240992527,48293380,3046626,78,217540194
240800137,48239719,3042848,77,217331952
237605169,47433905,3002379,78,214550965
240868222,48175921,3042389,77,217561089
241054717,48280484,3045271,76,217648235
240795326,48208379,3043239,79,217495186
241085939,48288730,3046998,78,217682747
241018219,48236693,3046191,75,217573651
241209205,48338814,3050452,78,217852490
241097869,48238852,3046803,77,217828285
241210054,48296728,3049288,76,217779187
241132452,48295302,3046241,75,217654324
237897921,47458395,3005686,76,214717657
241173060,48228404,3046692,78,217702812
241085363,48292296,3048280,77,217635098
241133382,48199574,3050443,77,217657099
241342611,48300913,3050170,78,217949591
240965255,48251220,3045912,76,217498428
241002322,48225271,3045707,78,217465575
240945633,48213248,3045412,78,217558657
241332420,48297810,3049783,77,217826373
241221661,48322988,3048978,77,217911082
237895057,47434122,3010370,76,214642561
241184320,48249423,3045738,78,217704922
241303811,48331758,3049249,76,217871702
240961286,48219073,3044733,76,217571828
240961863,48196970,3042509,75,217587212
240884026,48230450,3045400,76,217538155
240842573,48213091,3046043,81,217343279
240896174,48270719,3042577,78,217475135
240997158,48298123,3045372,77,217711053
240904689,48258319,3041259,76,217537354
237712570,47523030,3003318,76,214623194
240909728,48181688,3041812,81,217565426
240936677,48227567,3041551,77,217520743
240844287,48266348,3042112,77,217493031
240851950,48222421,3041102,76,217559296
240858777,48206456,3041625,79,217447261
240725816,48195452,3039461,79,217421625
240850948,48280887,3042117,75,217557559
239145528,47923116,3020095,80,215999906
239615336,48100033,3021399,77,216515878
235900588,47234451,2978037,76,213146706
239373935,47987348,3020061,78,216231312
239262150,48033135,3017432,76,216139170
239498644,48067917,3020231,80,216449336
239825267,48161537,3027225,78,216690510
239618734,48034778,3023744,77,216514637
239851718,48083789,3025229,75,216600721
239571750,48030439,3021801,77,216408508
239673819,48088098,3023775,76,216608420
239631231,48136055,3021863,79,216570623
237411290,47674000,2995309,74,214435215
238704096,47795583,3011794,77,215705601
240122887,48126693,3028004,76,216890499
239761347,48199419,3029787,75,216624979
239637378,48096251,3023862,78,216532178
239770374,48118137,3026866,76,216581486
239594315,48073435,3020716,75,216413193
239459387,48026129,3020994,76,216243169
239531326,48100281,3021857,79,216492676
240521208,48256212,3033264,78,217243279
237113548,47519899,2991646,77,214121784
239064823,47879964,3015902,77,215987540
239757158,48126693,3024491,77,216615168
239823660,48135993,3024654,77,216658254
239320396,48059051,3022722,75,216137844
238725735,47841524,3011983,75,215757764
241002060,48348901,3040807,79,217709760
238765645,47927642,3013298,75,215599309
241078193,48393603,3042199,77,217821077
239380421,47986078,3018450,81,216300219
238794051,47894534,3014001,75,215614686
238107304,47608342,3001799,78,215182735
238818175,47876151,3015736,77,215844191
238803412,47948257,3011936,77,215691092
238712041,47921876,3011015,76,215680279
238804291,47953837,3016994,76,215691624
238825031,47950737,3013319,77,215714877
238729576,47907461,3013028,75,215596176
240944391,48418062,3041081,76,217813657
238577591,47852560,3008215,77,215527869
240825397,48120555,3039922,75,217491557
240378953,48159863,3032064,78,217168173
240925064,48350855,3038832,80,217646514
240880984,48341492,3040308,76,217501983
239080913,47998071,3016611,75,215917156
239250110,47946369,3017438,76,216145810
239388666,48045752,3024278,75,216094753
239430760,48076439,3020662,76,216260093
239529408,48092255,3021311,75,216353533
236977506,47592346,2988893,80,214078696
239420105,48053626,3020575,77,216202670
238999000,47874074,3014476,75,215858959
239730314,48143154,3023169,77,216599693
239621767,48044265,3021782,77,216383656
239424769,48054804,3020665,77,216175234
239567530,48008614,3022724,76,216419758
239604153,48076566,3023308,77,216356106
239265757,48022657,3018925,78,216290915
239506758,48092717,3021744,78,216380543
236983984,47610698,2991923,78,214177016
239485047,48003251,3022394,78,216276783
238923551,47834642,3014565,75,215904531
239667013,48128708,3023587,78,216651097
239538281,48093461,3022298,79,216452164
239345354,48066522,3018934,77,216219472
241068528,48366354,3044913,78,217864106
240951803,48358512,3041405,81,217570162
241105168,48422743,3042270,78,217891811
238750151,47921380,3011879,78,215812111
238514949,47807920,3006659,76,215469374
241213443,48340965,3043922,77,217917207
238202124,47711076,3006224,78,215024713
238791616,47935950,3012981,75,215777858
241181154,48437407,3043750,81,217873064
238677820,47943142,3013207,76,215638825
241104932,48392518,3043267,77,217814338
238691526,47963199,3014851,78,215564426
238772878,47950613,3014098,78,215573301
241161046,48417287,3044227,76,217863223
238719698,47951481,3012180,76,215646750
241226534,48412947,3046071,76,217851656
238086700,47680107,3003836,78,214797773
241165643,48411677,3043381,80,217895173
241165393,48424634,3043064,77,217794772
240820487,48322148,3036947,77,217493016
239141846,47966919,3017764,79,216238987
239648253,48058555,3026137,79,216443479
239609622,48085401,3022786,79,216576194
239652579,48078489,3024045,79,216355105
237162547,47610201,2990862,73,214145486
239849590,48152889,3025182,79,216547338
238957165,47857706,3015259,76,215859531
239622261,48078581,3023510,77,216443619
239284141,48027214,3017703,75,216280883
239501050,48063143,3020636,77,216322085
239262631,47987286,3017950,76,216266065
239161911,48082425,3021327,77,216054021
239358306,48065189,3021796,77,216257086
239294992,48055796,3018091,77,216100174
236652551,47512614,2985058,75,213869699
239444418,48008738,3021733,76,216346737
238783763,47814089,3012125,76,215663389
239401930,48057718,3019067,75,216322819
239299713,48043179,3018169,75,216241440
239189922,47998446,3017607,76,216142161
239086726,47927022,3014564,79,216026797
239073494,47983349,3020536,77,215846082
239278425,48052976,3021094,78,216080405
239328378,48091880,3020694,76,216336633
236822092,47506537,2988265,74,213891255
239439235,48033910,3020719,77,216213171
238865317,47811579,3013288,80,215701850
239329510,48023928,3019950,80,216352516
239282079,48060756,3018778,77,216123075
239318547,48033600,3018963,77,216093701
239179892,48075667,3020768,75,216105441
239342387,48037351,3020791,76,216174462
239207305,48006444,3016980,76,216204880
239303437,48070118,3019636,77,216175719
236747882,47524363,2988699,76,213870202
239408014,48022564,3019022,77,216292131
238713577,47790157,3014071,77,215557530
239212717,48013295,3016611,76,216225795
239396095,48075512,3018678,77,216352580
239770090,48153136,3025125,76,216665504
239409942,48076752,3018877,75,216291805
239654849,48077806,3027465,76,216591383
240481191,48234357,3033796,79,217180106
239726030,48137946,3025673,75,216506464
236938782,47587510,2992301,74,213952792
239679342,48181098,3025246,78,216451933
238438297,47667087,3009563,78,215293745
238829815,47868587,3013534,76,215718558
241075283,48375499,3040448,77,217768667
238785919,47884831,3012563,77,215676104
241224273,48403089,3043936,75,217966427
241136671,48371687,3041225,80,217893537
240892822,48286002,3037562,76,217668990
241075630,48399369,3039440,79,217813315
238373971,47750973,3007295,77,215276212
241000397,48377142,3041524,78,217772158
240396758,48095477,3033759,78,217129299
240652611,48266286,3036704,78,217368992
241010882,48440661,3041095,76,217768828
241009642,48398966,3041439,75,217841212
240878281,48386659,3039084,78,217596762
240807108,48293443,3039973,78,217697900
240993577,48453991,3047638,78,217536160
241078170,48468034,3044727,79,217800536
238405802,47842144,3008207,79,215313866
240998869,48384923,3039083,77,217597260
240312401,48065159,3032482,80,216960314
240984885,48381792,3040951,75,217717665
240991988,48421999,3039503,77,217727340
240981013,48416791,3040705,80,217642496
241084155,48363720,3041456,78,217834814
241166364,48416760,3043328,76,217949810
240905622,48364742,3041158,77,217732904
241131812,48466825,3044024,75,217857648
238366110,47834704,3007984,77,215331719
241017143,48356652,3041509,78,217654597
240298654,48105365,3032845,75,217078511
238640011,47892736,3009139,75,215626614
238964290,47959541,3015525,77,215792062
238796781,47931300,3012028,75,215833747
238999800,47978389,3015700,79,215843284
238951626,47941127,3015200,75,215951710
239195422,47989146,3018742,75,216040078
238993204,47962827,3014505,77,215940885
236299591,47343199,2980700,78,213532739
238881398,47958115,3013876,79,215759235
238476517,47753019,3009282,77,215462818
238796943,47910034,3012089,76,215770017
238802341,47937562,3014055,78,215691792
238704489,47929099,3012118,76,215762510
239324841,48060105,3021618,76,216092244
238690801,47947234,3011880,78,215623864
239037903,47875066,3014828,76,216151142
239054105,48032546,3016803,76,215971871
238737648,47930990,3011902,76,215853247
238849441,47946769,3013520,77,215779712
238359530,47701652,3008464,78,215240085
238922800,47981396,3014803,76,215918999
238709485,47912607,3010379,76,215699816
238726905,47948567,3013145,75,215678327
238921614,47928631,3013468,77,215874516
238860371,47905263,3015098,75,215709241
238976089,47929843,3015877,77,215781363
239054867,48004677,3017054,76,215807303
236517451,47443856,2983393,80,213681330
238878586,47968500,3013715,75,215686746
238346436,47731176,3008249,76,215286890
238738286,47903636,3012804,75,215768551
241150175,48431579,3042504,80,217776857
241039509,48359441,3039497,76,217691903
241097940,48428354,3043277,75,217859981
241087491,48408979,3042713,77,217823373
241166930,48403772,3039933,80,217892696
241033049,48379746,3041103,77,217761508
238513360,47866479,3008616,75,215491232
241101707,48436600,3040777,76,217832696
238171200,47689407,3005824,77,215223587
241022726,48369423,3040497,76,217855107
241149976,48367409,3042468,79,217894903
240951552,48302432,3039272,78,217754437
238706503,47928231,3011255,76,215617213
241148224,48323698,3042225,75,217785025
238846606,47925255,3014260,75,215759685
238693049,47955771,3011713,75,215755872
236272965,47472271,2980635,79,213406902
238688950,47890845,3010900,77,215661150
238344287,47755344,3007985,78,215260030
238842927,47900765,3014655,76,215665545
241164693,48446954,3043914,75,217828766
238669794,47905694,3010173,77,215555246
238739927,47927828,3011609,76,215804515
238774214,47918869,3013420,77,215696933
238938143,47964563,3013563,75,215812347
238796521,47943049,3013190,76,215646335
236497872,47497486,2984553,75,213792160
238912645,47957061,3014802,77,215721935
241223219,48326860,3042465,75,217966378
238149289,47698924,3003785,77,215113575
238667438,47879902,3009055,77,215604588
238889918,47912297,3014773,76,215798864
241133844,48447265,3044737,79,217932170
238870528,47858326,3014348,76,215724264
238945979,47967601,3013557,76,215788208
238734030,47894627,3013351,75,215743799
238558531,47881731,3009992,76,215588816
238695433,47830736,3009968,77,215747020
241077713,48292915,3042348,75,217731584
240607999,48182865,3036223,76,217315960
238770450,47940848,3012935,76,215784291
238838266,47926340,3013588,76,215705767
238932947,47941530,3013173,76,215960681
239275691,47983473,3017453,76,216110218
241050985,48413351,3041058,80,217754795
241106252,48401601,3041957,76,217798953
238415452,47754817,3009282,77,215267361
240937506,48334052,3037090,77,217643359
241145535,48339539,3044126,75,217822776
240376546,48119564,3031408,78,217113530
238724403,47907275,3010841,79,215665769
238589448,47854029,3008883,75,215584900
239001608,47930420,3013632,77,215965932
238805260,47902718,3012505,77,215739405
238769269,47918001,3013628,76,215598412
238657850,47943855,3011197,78,215470618
238666889,47948133,3013477,75,215649302
241105372,48399276,3042221,75,217663725
238739216,47948102,3011954,77,215673517
238163752,47688539,3003874,75,215085603
241135039,48448628,3042616,77,217732291
238763991,47940445,3013828,77,215606422
238922439,47957154,3014789,76,215664285
238730652,47934462,3012243,75,215636642
238662509,47896177,3011612,75,215593845
239467990,48067173,3021768,78,216233386
237161771,47582860,2992299,75,214348885
239427181,48062554,3020601,77,216348741
239600575,48018720,3024416,76,216370762
239172465,47859071,3015599,80,216198621
239451768,48054153,3020755,79,216394300
239674961,48109519,3024752,76,216451010
239349484,48077899,3019941,76,216139213
239638161,48071699,3024309,75,216572517
239420155,48045876,3022095,75,216352297
239612997,48175084,3023461,75,216495696
236864431,47495285,2990142,77,214099247
239523887,48091632,3024585,77,216324075
239753091,48142441,3027858,77,216518379
238938673,47875593,3015545,76,215923852
239790071,48147649,3026133,76,216629327
239479939,48034809,3021203,76,216258186
239729309,48128957,3023697,78,216601582
239631459,48098204,3024347,77,216359228
239391822,48063856,3021089,76,216169383
239521922,48126073,3022059,75,216486431
236719255,47435145,2985463,77,213953213
239968613,48199326,3026626,79,216960415
239774331,48086672,3023947,76,216582554
238966826,47843322,3017088,76,215784773
239211488,48000027,3017673,76,216290081
239460723,48059389,3020145,78,216246789
239734791,48069997,3023093,75,216430661
239555794,48049069,3022109,76,216392665
239645896,48120627,3027846,77,216384827
239586225,48086446,3023743,77,216495103
237127911,47560601,2990997,75,214340894
239550669,48103506,3022829,81,216350513
239774954,48093430,3028184,77,216661127
238815661,47854110,3016008,77,215685982
239896723,48086858,3029396,76,216650946
239430006,48116773,3024945,75,216267995
239077539,48009451,3018798,76,215996476
239169995,48003530,3017551,75,216047027
239466826,48088904,3020705,75,216301289
239315069,47999190,3018294,76,216280426
236627369,47484962,2983415,76,213847491
239133475,47995625,3016667,78,216020039
239306278,47966268,3019098,75,216158654
239226610,47936663,3019591,75,216042572
239377883,48054990,3019441,76,216287560
239335134,48036948,3019372,77,216137731
239261397,48016116,3019170,75,216085222
239246133,47969896,3019092,79,216124058
239442759,48080193,3024810,76,216186182
239154965,48048759,3019467,76,216012336
236785157,47559516,2989210,74,213972320
239148509,47940663,3017639,80,215907528
239180585,47991068,3018260,77,215993587
238852853,47858667,3015352,78,215617167
239228229,47963385,3015880,76,216176139
239519608,48088067,3022286,77,216449535
239274020,48052851,3019891,76,216081450
239106962,48029880,3017058,77,215977675
241075191,48379901,3040990,75,217691544
241020542,48363936,3039687,77,217724251
238468696,47871997,3009334,75,215405565
238862473,47957557,3013714,77,215825643
239682089,48077652,3024281,77,216492276
238123022,47723135,3005622,77,215083918
238995831,47924139,3013376,78,216004652
238736303,47894565,3013811,79,215546818
238815277,47920853,3013078,76,215714704
238835006,47920202,3012475,76,215832498
238970175,47934586,3015908,76,216004609
239021287,47981664,3015722,77,215794591
239033008,48018917,3014960,77,215841303
239078885,48027090,3017992,77,215974639
238914233,47972902,3015386,78,215882764
238444224,47738139,3009977,77,215296144
239196539,47970608,3014629,77,216048188
238844321,47928975,3013914,77,215715776
238923620,47992091,3016495,76,215809283
239057087,48026594,3016911,79,215726271
238893337,47978482,3016044,75,215689569
238822696,47888334,3012209,77,215676968
238895575,47796109,3014755,76,215932725
238791833,47842702,3013309,77,215642624
238944708,47981334,3015541,77,215772757
238376139,47697901,3007220,76,215270543
239008659,47957402,3015104,75,215857297
238829280,47934617,3013741,78,215787091
238628188,47892457,3009843,76,215570201
238779539,47933222,3013877,77,215575367
241058417,48378972,3042161,78,217633134
238559156,47861054,3009182,77,215461990
241092911,48425006,3043644,78,217800682
240982677,48399431,3043858,79,217670522
241176710,48513480,3046314,77,217798464
238117661,47695173,3007723,75,214940472
241025367,48360992,3039699,78,217689849
238715451,47887962,3010834,75,215755017
240956337,48404205,3040480,76,217626052
241016471,48416605,3040623,76,217788787
241043761,48414652,3041397,76,217791657
238314026,47841400,3007709,76,215153250
241090123,48363162,3041737,77,217794750
240913582,48372109,3040313,77,217638076
241075164,48389057,3041859,75,217652516
240453757,48118509,3034103,77,217199947
238663067,47889698,3010251,77,215643337
238642539,47869951,3012721,77,215562411
238698857,47924697,3012613,76,215616065
240991684,48333278,3039982,78,217719363
241156240,48408793,3045993,77,217766861
238767285,47849367,3011925,76,215486202
238794871,47922465,3014417,78,215658811
239101039,47181782,3029784,77,215525195
238836189,47958177,3012626,77,215822549
238195273,47746633,3008352,78,215010849
238784813,47909755,3012537,78,215709982
241237598,48410963,3043848,77,218025251
238701605,47941313,3011017,76,215511313
241052268,48396549,3042072,80,217776080
238772243,47963788,3014330,76,215741964
238711188,47889450,3013136,77,215582424
238640152,47908019,3012332,75,215554499
238635402,47673659,3014535,78,215304314
238685118,47888985,3012740,76,215691336
238109946,47668203,3004934,75,215091509
238745487,47880243,3014006,77,215757230
238997162,47959138,3017709,75,215850953
238707942,47968841,3012770,77,215627529
241123963,48417442,3040659,77,217873911
239772436,48103567,3026851,76,216481576
237104577,47467881,2993295,76,214174909
239748252,48144425,3025004,77,216626810
239806983,48112681,3025273,77,216675536
239810246,48113704,3025010,79,216492191
239757856,48156298,3025588,77,216697387
239085156,47879251,3016351,75,216067641
239717231,48120587,3024744,75,216539071
239580073,48083479,3022231,77,216500944
239661908,48119408,3023556,77,216595048
239690607,48110821,3023795,76,216471312
237066787,47574304,2992071,77,214252299
239873255,48201527,3028453,76,216715371
240083873,48261636,3030005,76,216919443
239639232,48080813,3022493,77,216536664
239348454,48026408,3021236,77,216229044
238888848,47828008,3012289,78,215748582
239576843,48090795,3023648,77,216362804
239526667,48070305,3021964,81,216333066
239471500,48049255,3019848,76,216369378
239225068,47582550,3022279,76,215864648
236288428,47402315,2983550,72,213486960
238899869,47967880,3014442,75,215860941
238901046,47943834,3014498,76,215687805
238989481,47935569,3015602,79,215800240
238756213,47843725,3010056,78,215624025
240556131,48134443,3033416,79,217391749
238840761,47914777,3013261,75,215694165
238594329,47884273,3011433,78,215575506
241233428,48459261,3043342,76,217896912
238636188,47912762,3011344,76,215645796
238619286,47902873,3009429,76,215645232
238854067,47963695,3016480,77,215680622
238703213,47943235,3011925,75,215609285
241135660,48444288,3043753,77,217908902
238772447,47850018,3013867,75,215618737
238111071,47697839,3003804,75,215095391
238782509,47937035,3013318,78,215716116
238931857,47969771,3013508,77,215864587
239457113,47952319,3022891,78,216144768
239652629,48066987,3023874,78,216579423
237316334,47669567,2997865,75,214414862
239744446,48172263,3028043,78,216617445
239925794,48150315,3030341,80,216724957
240008680,48248988,3031872,76,216826380
239643850,48145200,3026224,77,216578943
239132222,47923736,3017802,76,216076770
239868320,48213028,3030378,75,216593548
239665748,48180540,3026887,77,216606193
239574343,48114480,3022717,78,216564917
239508630,47932075,3022159,76,216124434
237189050,47326458,2999931,73,214124587
239740045,48128244,3027188,79,216415212
239917363,48033073,3028957,77,216603411
240035684,48157693,3028348,76,216699649
239542736,48056075,3023805,76,216446494
238916872,47829310,3011668,75,215922336
239775571,48138814,3024162,77,216560709
239423203,48056540,3021239,76,216403880
239144715,47974576,3017819,75,216038155
239220276,47956193,3017993,76,216015922
237038008,47575544,2990337,78,214065286
239324915,48075946,3017278,75,216257590
239364004,48087106,3022653,76,216348523
239327764,48050402,3021152,76,216245240
239027463,47961185,3019471,75,215933102
240234702,48118242,3030741,80,216961228
240804003,48297212,3037289,75,217512446
241031187,48368152,3043431,76,217644690
241060596,48322055,3040192,77,217862672
240986362,48366572,3039495,79,217650209
238344282,47836967,3006942,77,215347185
241006217,48403151,3042226,75,217700195
240838742,48382939,3039551,75,217589701
240862535,48379622,3039295,76,217673823
240891609,48278346,3037865,80,217520164
240221294,48150687,3032029,75,216872225
240851894,48360402,3038213,76,217510801
240905284,48423456,3040808,77,217649058
239731828,48108775,3025569,75,216593360
239488564,48032919,3022114,78,216285480
236855662,47458177,2989963,75,213732516
239318585,48023897,3019299,76,216200695
239547768,48048574,3021645,81,216399995
239295453,48041257,3018955,78,216124659
239214323,48011187,3018541,76,216122492
238629147,47822924,3010852,76,215639068
239428335,48085990,3021721,78,216440670
240975735,48410498,3041469,75,217604536
240914242,48359844,3040844,78,217575032
241107955,48440476,3042794,78,217799922
238336086,47869672,3007791,79,215238744
241080997,48369609,3042645,79,217718199
241075241,48427858,3042623,77,217651956
241012878,48382567,3039795,79,217800956
240822501,48277323,3036620,81,217526703
240390195,48093814,3032781,78,217099988
238720669,47874961,3011313,75,215587802
241179891,48392177,3042638,77,217915334
238825234,47725181,3007756,79,215721555
238637920,47848933,3012158,75,215603665
236286381,47456194,2983796,79,213523234
238978081,47999562,3015233,78,215882400
241233397,48423406,3043547,76,217827402
241191191,48437580,3044237,75,217933926
241189312,48283182,3046754,81,217786284
238453017,47764737,3011002,75,215448206
241226115,48418713,3044441,78,217980922
238807575,47995439,3014971,76,215669705
238953009,48015961,3015670,76,215839385
238688574,47939050,3011834,78,215727781
236324287,47411864,2980839,76,213450807
238784532,47948114,3014113,77,215636192
240966405,48404143,3042163,76,217672416
240953937,48383857,3041896,77,217610821
240937847,48323668,3041519,78,217809105
240303795,48101924,3028299,77,217137365
240902780,48339508,3038398,76,217545740
240867876,48366983,3038731,75,217502968
240729382,48329393,3036915,78,217531584
239323879,47987721,3020817,79,216199650
238659527,47907461,3011504,75,215652619
238656210,47962982,3013027,78,215716099
238739581,47931424,3015316,77,215588726
241078675,48409227,3044071,76,217685540
238672572,47903865,3010426,76,215566315
238051797,47690771,3004134,78,214940928
241119096,48430121,3042004,76,217890398
241209214,48462082,3044811,77,217919710
241182613,48415800,3044347,78,217843680
238747090,47909290,3013023,77,215514652
238534088,47915614,3012694,76,215428872
238729150,47994912,3014793,79,215708186
241037447,48381234,3041702,78,217781140
241018819,48406809,3042186,78,217662611
238682202,47866262,3010910,78,215479965
238186014,47685873,3004184,75,215283610
238647929,47878042,3009368,75,215545120
238796902,47951171,3016446,76,215567622
238737502,47950675,3011787,75,215643525
238922506,47886350,3014314,76,215844261
236504411,47529385,2988358,76,213639025
238927384,47963602,3016118,76,215745223
238821414,47943917,3014539,77,215724990
238941420,47940073,3014093,77,215991114
238798064,47799457,3012970,76,215593853
238305777,47691050,3006220,76,215175790
238852712,47921814,3012296,78,215699011
238865450,47927332,3012627,76,215827468
239019355,47992897,3015793,76,215892586
238933047,47934214,3014948,76,215806397
236602952,47381794,2988145,75,213673366
238882415,47905260,3017778,76,215710498
239028637,48015961,3017777,76,215808423
238976216,47969523,3015002,76,215944547
238627411,47883777,3010002,77,215540044
238215524,47714734,3007253,76,215158057
238705527,47871749,3009947,77,215738486
238771250,47930773,3011046,77,215661474
238608890,47903989,3009010,75,215495704
241088852,48412854,3040774,77,217682244
238570386,47877205,3013111,75,215370000
241006278,48327481,3040118,80,217701993
238910557,47972623,3017588,75,215850355
240979014,48438863,3041837,78,217695445
240869817,48366447,3038678,76,217567038
238051345,47676852,3004395,78,214972412
238683473,47917381,3010177,76,215629925
238585523,47913320,3011373,76,215454521
239061132,47997206,3016391,76,216056362
238827350,47979443,3014222,77,215703456
238602152,47914777,3011462,76,215564311
240964503,48337680,3040893,78,217697999
241150394,48434151,3043982,76,217816744
241164829,48463818,3043558,78,217757701
238768982,47945281,3013178,75,215750896
238035594,47642752,3003641,77,214988447
238774558,47883746,3010374,75,215720758
238825746,47925162,3011246,76,215787317
238874714,47927332,3013730,78,215644427
239013955,47980683,3015406,76,215945641
236407694,47330737,2982989,76,213572038
238890284,47959820,3014996,76,215861252
238970184,48012582,3018210,77,215693240
241209328,48415985,3042451,78,217871935
241205927,48463664,3042546,78,217905787
240571606,48169876,3036253,78,217237931
241201431,48380769,3042967,76,217894942
238667523,47907895,3009897,76,215698566
238845665,47983473,3014960,78,215792881
238839265,47993517,3013052,78,215858915
236395688,47467168,2983729,76,213552761
238723814,47912390,3011857,77,215668309
238742009,47949373,3012532,76,215658512
238656597,47953465,3010034,76,215591106
238663167,47935671,3010311,77,215654471
238035543,47686617,3002868,75,215025870
239804388,48032453,3026191,76,216391678
239746569,48118633,3023203,76,216605474
239835235,48168078,3026935,76,216586990
239904735,48159925,3024941,78,216799750
237090711,47583263,2994201,77,214088962
239929371,48120369,3026421,77,216816208
239664774,48043211,3025215,77,216418316
239619991,48078953,3024008,77,216589961
239487994,48079294,3020156,77,216317389
239647327,48105184,3023580,77,216496020
239163923,47898776,3016765,79,216019150
239608584,48081092,3022689,76,216450079
239716873,48187515,3026140,75,216607665
239860785,48174619,3027160,75,216593971
236852500,47552418,2988295,77,214052638
239699601,48102432,3023947,76,216636003
239482384,48039168,3021996,76,216441626
239333283,48104590,3022496,77,216288603
239538806,48118881,3024515,77,216332393
240508072,48180479,3034996,81,217231377
239098027,47883436,3014724,79,216117880
239499600,48041443,3019517,76,216382699
239549322,48057377,3021812,77,216410729
239635884,48101247,3022032,78,216489088
237119924,47597704,2994475,77,214242387
239591708,48040761,3021163,77,216393612
239644091,48118230,3025235,75,216552695
239791061,48168512,3025671,78,216510776
239873436,48096716,3025179,77,216717539
239502344,48046620,3022388,75,216420404
239869326,48043211,3026379,79,216668810
239780717,48100188,3024164,77,216479210
239641244,48111224,3022803,76,216559294
237118579,47632832,2992139,77,214171209
239666924,48103040,3023273,75,216614095
239491286,48086672,3022533,76,216393214
239679144,48143588,3025758,77,216473663
239634861,48159646,3025116,78,216460846
239648253,48109364,3022726,78,216521006
239809023,48087943,3026805,75,216513583
239060130,47893015,3017862,79,215967840
239564141,48102948,3021945,79,216410760
238862226,47935454,3014421,76,215826113
238823948,47958115,3013215,76,215885760
241169723,48359968,3042748,76,217832931
238797407,47905787,3014846,77,215641557
241196320,48411428,3044963,75,217841407
241206783,48495582,3043698,77,217936339
241035006,48402636,3040121,79,217820381
238706973,47884490,3011103,78,215679879
238125296,47718919,3003525,76,215130339
238656281,47927487,3010781,76,215493157
241181321,48462361,3043384,75,217995656
238667773,47882010,3010338,76,215494783
241208307,48400268,3046700,77,217816946
240922702,48371439,3041262,79,217718250
239703773,48129157,3017805,104,215931843
5188211,1141649,4258,15,94587
0,0,0,0,0
0,0,0,0,0
