cycles,instructions,dtlb_load_misses.walk_completed,dtlb_store_misses.walk_completed,ept_walk_cycles
18086535,8949575,25912,35487,1355227
28465909,17773,35560,90023,2224550
28564519,17835,35677,90514,2200917
28561585,17830,35658,90132,2249565
28604577,17824,35672,90545,2245092
28548256,17863,35722,89991,2197789
28530582,17853,35706,90280,2167745
28517306,17743,35493,90453,2328648
28683520,17819,35623,89711,2352389
28553375,17806,35620,90017,2180064
28727522,17829,35650,89779,2504187
28608043,17838,35688,90238,2296681
28750907,17806,35623,90420,2485308
28578704,17845,35689,90590,2157589
28637211,17832,35672,89412,2390410
28043907,17450,34898,88245,2318058
28632120,17842,35687,90172,2333988
28518508,17818,35635,89346,2190965
28588573,17867,35720,90133,2157551
28558941,17852,35695,89870,2164570
28599604,17844,35676,90212,2191156
28613388,17853,35701,91023,2147455
28581315,17856,35715,90279,2147545
28573872,17853,35697,90235,2150562
28603978,17853,35694,90669,2151560
28594849,17837,35664,90154,2151376
29596845,18499,36998,93492,2234544
30048251,18790,37579,94165,2310341
30157265,18864,37729,94560,2295562
30183489,18857,37716,94469,2288422
30216140,18875,37754,94580,2362641
30470335,18821,37641,104827,1974848
30660596,18770,37539,112870,1638954
30575467,18739,37476,112734,1616324
30602622,18740,37475,112718,1620649
29970048,18365,36728,110446,1602389
30647095,18784,37567,112969,1625880
30622349,18775,37547,112903,1615621
30599414,18739,37479,112688,1644239
30648795,18780,37565,112903,1619141
30665644,18773,37551,112883,1659146
30673250,18810,37618,113108,1618847
30662772,18794,37585,113050,1618469
30551321,18722,37440,112604,1612816
30475974,18684,37370,112348,1608427
30684195,18804,37609,113094,1617900
30663135,18819,37649,113184,1624657
30480350,18712,37445,112521,1610082
30622030,18812,37647,113112,1622113
30667436,18819,37654,113181,1643198
30646269,18820,37653,113199,1626139
30632181,18798,37622,113091,1621667
30592173,18784,37590,112962,1622192
30632112,18802,37627,113063,1621962
30602899,18799,37615,113068,1620890
29994668,18413,36829,110756,1587686
30671599,18805,37629,113099,1647055
30659159,18823,37665,113180,1634828
30670353,18822,37661,113158,1642754
30677614,18832,37680,113303,1630354
30577452,18755,37522,112816,1622062
30660356,18821,37658,113248,1629519
30530847,18741,37499,112771,1621100
30577537,18781,37577,112955,1620889
30590515,18786,37594,113018,1621425
30586391,18764,37536,112884,1640866
30656250,18784,37576,112972,1660319
30430769,18686,37387,112415,1613823
30542157,18759,37535,112810,1617721
30599239,18773,37558,112896,1621383
30617997,18777,37568,112932,1645760
30545583,18744,37514,112753,1617396
30619872,18777,37576,112925,1653092
30583526,18769,37556,112905,1633486
30595576,18785,37594,112983,1622410
30611621,18789,37590,112959,1640350
30556066,18749,37516,112748,1656832
30658910,18815,37653,113127,1648917
30595406,18790,37593,112968,1624751
30640725,18821,37662,113215,1623608
30582603,18782,37581,112983,1620765
30566600,18762,37541,112808,1639748
30630496,18822,37667,113141,1622263
30617950,18775,37565,112880,1648872
30649051,18813,37639,113153,1625820
30559785,18762,37529,112849,1617584
30649389,18767,37545,108761,1746440
30425847,18674,37360,112319,1620449
30597142,18771,37552,112894,1641586
30649814,18820,37663,113203,1629800
30591949,18779,37585,112902,1637275
30600159,18781,37588,112971,1626101
30614502,18767,37551,112842,1637843
30615300,18776,37557,112918,1642962
29923624,18372,36765,110528,1590210
30639446,18810,37641,113125,1624816
30608144,18798,37624,113062,1621954
30630513,18810,37635,113112,1628561
30584739,18785,37583,112974,1618208
30650926,18822,37658,113167,1627357
30590705,18791,37594,113032,1620188
30637633,18811,37641,113123,1622504
30611834,18804,37621,113054,1620670
30638071,18808,37626,113085,1618744
30568227,18777,37559,112916,1619848
30651608,18824,37661,113196,1624514
30598833,18790,37593,113004,1621906
30496120,18734,37490,112636,1615653
30582655,18785,37580,112937,1618710
30584439,18777,37563,112894,1636189
30559708,18764,37534,112834,1623415
30593484,18795,37616,113017,1619374
30362462,18603,37213,111869,1612668
42789178,3407428,311772,78803,19687984
118394724,16457918,1109505,39,109050324
120663951,17029588,1118402,36,111294089
121323215,17606344,1117489,38,111588148
120732789,17521745,1110697,40,111078783
121158487,17627858,1114857,38,111510349
120723974,17563532,1110944,37,111046696
121182752,17668809,1114647,39,111317759
120642338,17561704,1109892,38,110855574
120636368,17564431,1109668,37,110864981
120631657,17557023,1109777,40,111029856
121014940,17623858,1113630,36,111235925
120571299,17561146,1109217,40,110988793
119858619,17361475,1103150,40,110208342
120611185,17441113,1109222,37,111039856
120872473,17603926,1111506,40,111192504
120647407,17565548,1109698,40,110940271
120891757,17590223,1111813,36,111085258
120459130,17463899,1108502,40,110885974
120729003,17583621,1109831,38,111014981
120598347,17559440,1109244,38,110822998
118032310,17111801,1085174,39,108311378
120584087,17480395,1110841,38,110930688
120952532,17608106,1112053,39,111239196
120680378,17555441,1109712,36,110935434
121571567,17710690,1118600,39,111845304
120700159,17538392,1109691,39,110846421
121163282,17651077,1114580,38,111372714
120673317,17588735,1109970,38,110950103
121123415,17642211,1112625,39,111400529
120876000,17557301,1111803,36,111127638
121179781,17642614,1113353,37,111451608
120809684,17594967,1110181,39,111072369
120425307,17530053,1106545,38,110765181
112986915,16872015,1071544,37,103726219
109838823,16743831,1058804,40,100726724
120768197,17525496,1108355,36,110893404
121150646,17559688,1110266,37,111225683
120778156,17512538,1107867,40,110982883
121251104,17597385,1112218,38,111502047
120790312,17568616,1109211,39,111003192
118467035,17221479,1088436,39,108758375
120635312,17532470,1108535,37,110819745
120538524,17534703,1106578,39,110719320
120546932,17514738,1106733,38,110844621
120648850,17548405,1106734,37,110796183
120809964,17536470,1109153,39,111005150
120683541,17539879,1107224,36,110826742
120655468,17557829,1107161,39,110780900
120662810,17477043,1108349,40,110905962
120741601,17493565,1109602,37,110861255
119438908,17315285,1096801,41,109904663
120804958,17557209,1108215,41,110944437
119882573,17382802,1099719,37,110183155
120788682,17465232,1108020,39,110895961
121075435,17571809,1110658,36,111270049
120857410,17553861,1108431,40,111070542
121118915,17576088,1111197,39,111330705
120941397,17526487,1110239,36,111109197
121104655,17524938,1110397,40,111291888
118188989,17103400,1084656,40,108586010
120490041,17287198,1107398,38,110948147
120719750,17504974,1106845,39,110780816
120543095,17505128,1105670,37,110809920
120669687,17545212,1106130,42,110923323
120644456,17490156,1106328,39,110862288
120785936,17471431,1108083,37,110992276
120844644,17537834,1109599,39,111090814
120583717,17533308,1105938,39,110842736
120630407,17508941,1105891,37,110837958
120693038,17520381,1106941,39,110788165
120586560,17399574,1107394,39,111012327
120684923,17506740,1107074,38,110854450
119831458,17328863,1099151,41,110016997
120820141,17474934,1107822,36,111022771
121068947,17521509,1110915,40,111145575
120572411,17510325,1105326,39,110751701
121158618,17579776,1111624,36,111233803
120723251,17519544,1107554,39,110899293
120977753,17545832,1109317,39,111202956
118201562,17192369,1083793,36,108513837
120301021,17450476,1103507,41,110515868
120775021,17534113,1108156,36,110879508
120529383,17479368,1104703,40,110563428
120610142,17507144,1105602,41,110737179
120208162,17456985,1102447,36,110366461
120667063,17458164,1107056,40,110860339
120966353,17513003,1110066,41,111145998
120646179,17540840,1105931,38,110805111
120567458,17497503,1105277,41,110785034
121114956,17606096,1110865,38,111105582
120421240,17441299,1104731,37,110507832
120789507,17542577,1107300,43,110921332
119888813,17350159,1099288,37,110123572
120767828,17495364,1107058,39,110917236
120635091,17478509,1105697,41,110740317
120750287,17552208,1107534,37,110894228
120943918,17529247,1108512,39,111056204
120748129,17523419,1106236,40,110920395
121172629,17558634,1111290,37,111325969
118178945,17181396,1082513,39,108491835
121272257,17590564,1111904,37,111353635
121041992,17577328,1109814,39,111157369
120790195,17500882,1108482,39,110881241
120694522,17539166,1105921,38,110764722
120595718,17509190,1104797,39,110697457
120651707,17487118,1106887,40,110852457
120646437,17385871,1106861,37,110898819
120598095,17536222,1105661,42,110624898
120637684,17504075,1106781,39,110736299
120643657,17531168,1105875,36,110782284
120693349,17472858,1106993,39,110822128
120484184,17529649,1104341,36,110552507
119852427,17330196,1099446,39,110150328
120694777,17528317,1105796,40,110884254
120598613,17443531,1106093,37,110760692
120791522,17539105,1107741,40,110874948
120569106,17489319,1105037,40,110740492
120729412,17546141,1105928,36,110777587
120616024,17450538,1106700,39,110748642
118146378,17188587,1082516,36,108329889
120651787,17499766,1105352,39,110769530
120650559,17547537,1105416,40,110709241
120451148,17433673,1104800,36,110565665
120650160,17554295,1105645,39,110749643
120361803,17445670,1103433,36,110563159
120639079,17543507,1105542,39,110663568
120494521,17451871,1105429,39,110604325
120634367,17540403,1106311,38,110727525
120719907,17519857,1106953,40,110827647
120267549,17460396,1102496,40,110420903
120573943,17435533,1105856,37,110674697
121078245,17592394,1110185,39,111050490
119968657,17351400,1099220,41,110248840
121236810,17585480,1110632,38,111261308
120659042,17450631,1105823,40,110777759
121228273,17611118,1111072,40,111241875
120616319,17501904,1105481,36,110661939
121163445,17609010,1110163,41,111203324
120499420,17482995,1104710,38,110529101
118108478,17176466,1083192,37,108330658
120677317,17529960,1106518,38,110737432
120785704,17548931,1107063,39,110872217
120663261,17545863,1107707,39,110757078
120715752,17579311,1106155,36,110696602
120588005,17421708,1106712,40,110692480
120762381,17467681,1107536,40,110883676
120622740,17503578,1107196,36,110687579
120554845,17526612,1106099,40,110628237
120645524,17526364,1106761,40,110635982
120654893,17530331,1105416,37,110572877
120539981,17503486,1105723,41,110647254
120595175,17542732,1106107,38,110718234
119823687,17341045,1098999,38,110137667
121092882,17573143,1109510,41,111241365
120665910,17501037,1105976,38,110768449
121227450,17524782,1111443,39,111225086
120590309,17411819,1106530,41,110609366
120573997,17520008,1105196,37,110603318
118022435,17148660,1083202,39,108382865
120575296,17531819,1106673,36,110697342
120682881,17545398,1107372,40,110771558
120566839,17452150,1105811,40,110628809
120547899,17430232,1105976,37,110715956
120692822,17516661,1106521,40,110793632
120545815,17507981,1105593,39,110660640
120584883,17525340,1105638,37,110700784
120684987,17532967,1106126,40,110794111
120597360,17513654,1106130,39,110575231
120662896,17521527,1105982,36,110669798
121438818,17606127,1112643,39,111470658
120540918,17496542,1104767,39,110599007
120670638,17535942,1106379,38,110685656
119855589,17318261,1100387,40,110099194
121000042,17533215,1108710,38,111120604
120673123,17511080,1106019,38,110676152
121062382,17570632,1109889,40,111044328
120667584,17531850,1105574,37,110704392
121058358,17575871,1109036,41,111147473
118171672,17168376,1083192,39,108420358
120461649,17503578,1103864,37,110543137
120654408,17522644,1105260,39,110682049
120625248,17530145,1105516,37,110674510
120644372,17543755,1105524,40,110650153
120514704,17502959,1105003,39,110646755
120597578,17529742,1105257,36,110578714
120952740,17571841,1108254,42,110972533
120647059,17535633,1105050,40,110652150
120552830,17406920,1106403,36,110691498
120723280,17539136,1106645,40,110780923
120526378,17487924,1105134,39,110612494
120756248,17535415,1105850,37,110787905
120523203,17500324,1105243,39,110598216
119934011,17349973,1099211,36,110062254
120858631,17504416,1106818,40,110802135
120605819,17516072,1105109,39,110701128
120552695,17489411,1104833,37,110616140
120602566,17542763,1105330,40,110574566
120431292,17483739,1103034,39,110518837
118021492,17154487,1080992,38,108056759
120695667,17542287,1107607,39,110757926
120607369,17538495,1105612,36,110597437
120255424,17460861,1102244,39,110286374
120736931,17527107,1106407,36,110777043
120255085,17428528,1102372,39,110351423
120538470,17513282,1105106,39,110684207
120597556,17508414,1105235,38,110639334
120625315,17541058,1104670,40,110628474
120937399,17551939,1108738,39,110933965
120647885,17546389,1105710,36,110628918
121230076,17580304,1111167,39,111208598
120641182,17507423,1104058,39,110571682
120653293,17497375,1105342,37,110659531
119798370,17343405,1098562,40,109841490
120504197,17459094,1103778,38,110599606
120660673,17424776,1106382,38,110814362
120599716,17465511,1105539,39,110684663
120703786,17550419,1106391,36,110737935
120907065,17541585,1108655,40,111070427
118126912,17157308,1081842,36,108313561
120519108,17498991,1104854,39,110613980
120628517,17516351,1105276,41,110747354
120629689,17501749,1105922,36,110684341
120638879,17530673,1105258,42,110655499
120482854,17467247,1104424,39,110515510
120629730,17544126,1106108,38,110565406
121027306,17559906,1109342,42,111073902
120656464,17552652,1105711,40,110584420
120536430,17499300,1104117,38,110510009
120515856,17506152,1103772,41,110571191
120606503,17501005,1105433,36,110671312
121692887,17691904,1114638,39,111651050
120688271,17515886,1105898,39,110728374
120080494,17381346,1100509,38,110110661
120705836,17483490,1106340,38,110650585
120819526,17554078,1106064,39,110770657
120760216,17506244,1105615,37,110759720
120747212,17546173,1106046,40,110683644
120676375,17523636,1105347,39,110664279
118181665,17184185,1081580,36,108399226
121068571,17568338,1108939,39,110915938
120747549,17556433,1105618,36,110731724
120952959,17531727,1108370,40,110929872
120341731,17477508,1101812,41,110394649
121076508,17563408,1109569,36,111003152
120719054,17552156,1105893,40,110679695
121052277,17560712,1109261,39,110951979
120734377,17563997,1106763,37,110858520
120369901,17346564,1104871,40,110636481
120685958,17497131,1105922,39,110772709
121244466,17550388,1110665,36,111380004
120701027,17526302,1105473,41,110704341
120471735,17478066,1103369,39,110447457
119982804,17375610,1099136,36,110140813
120554996,17380199,1104414,39,110612338
120619562,17451871,1105250,39,110683506
120642728,17491023,1105432,37,110735658
120696331,17552001,1105665,41,110657713
118014272,17112637,1081327,36,108232237
120693853,17547289,1105279,39,110615727
120607673,17403076,1105546,37,110719876
120641419,17449639,1105216,40,110540641
120597632,17468673,1104236,40,110576367
121085192,17586286,1108770,36,111029431
120525746,17486064,1104141,39,110567711
120576724,17555411,1103629,39,110483801
120544975,17504508,1104255,36,110512217
120604879,17528720,1104993,39,110518734
120628203,17490528,1104987,41,110520391
120744538,17508135,1104795,37,110679620
120460597,17478035,1103015,40,110397982
120544155,17520008,1103656,36,110511425
120527728,17479895,1104599,39,110550146
119837272,17340705,1097808,43,109999975
120511889,17441888,1102926,37,110532695
120644533,17499208,1103968,39,110612767
120570454,17480205,1102889,38,110630230
121265377,17591804,1109928,38,111273323
118135723,17147699,1081894,39,108319482
121203788,17608378,1109539,36,111088991
120705499,17505388,1104386,39,110709153
120902555,17549428,1106591,40,110797457
120743230,17510026,1105415,36,110637185
120770528,17527314,1105679,40,110722124
120717959,17512518,1105073,40,110718877
121180894,17597818,1110083,36,111236288
120642092,17498526,1104645,39,110581986
121070747,17588519,1107743,39,110945695
120695126,17504694,1105090,38,110666019
121061466,17489505,1108827,40,110961751
121642732,17598532,1113926,40,111626254
120672957,17514955,1105173,39,110708638
120533590,17500386,1103859,39,110567197
120404000,17394676,1102273,41,110494914
120695934,17507546,1104872,37,110693108
121179884,17597912,1110264,40,111215340
120573957,17499580,1103412,41,110590530
120611988,17514428,1104378,37,110571255
117976307,17112359,1080538,40,108242246
120606945,17497068,1104118,36,110509967
120673245,17510337,1104307,41,110615228
120450692,17375548,1104825,36,110701623
120708745,17512290,1105615,39,110760098
121091565,17565145,1108306,39,110988049
120733150,17521310,1105529,36,110773273
121153025,17574848,1109612,39,111081615
120572044,17523884,1104405,39,110507435
120672995,17509096,1105870,38,110606137
120598122,17509283,1104218,40,110495946
120382220,17460706,1102019,39,110412303
120628382,17524224,1104761,37,110649674
120573576,17485661,1103680,40,110571860
120679393,17521962,1104860,38,110581125
119657075,17253687,1096784,40,109858692
120657172,17483367,1103988,40,110673750
120664675,17483831,1104680,38,110724136
120577074,17497875,1103831,39,110535873
120432860,17469572,1102406,41,110422771
118059909,17144691,1080813,38,108177895
120885373,17527976,1106814,40,110853449
120627099,17522736,1105226,37,110658141
120410501,17443966,1102619,41,110386185
120186815,17457079,1100767,39,110213182
120414171,17468362,1103070,36,110404318
120604520,17516506,1103665,40,110560416
120812239,17544002,1106391,38,110714701
120666694,17527511,1105296,40,110655942
120192561,17415322,1100799,39,110249445
120567983,17484761,1103116,37,110632352
120522694,17477880,1102960,39,110453506
119611978,17352577,1094701,38,109703284
120599278,17479182,1103946,38,110547003
120790524,17531355,1105194,39,110828223
119942212,17297707,1098800,37,110075436
120737776,17528255,1104540,39,110579913
120685141,17489536,1104747,39,110714671
120779735,17526611,1105210,37,110616125
120799218,17367365,1106816,40,110785016
104582189,16096271,1018240,37,95515039
119535978,17363304,1097268,39,109787701
120842906,17570539,1105552,39,110686703
121126328,17591618,1109800,38,111144872
120730863,17539384,1104533,39,110694760
121014577,17548808,1108374,41,110989111
120849204,17590471,1106822,36,110870450
121156648,17608080,1109768,39,111105915
120702420,17538888,1104625,38,110672719
121166801,17589758,1109584,36,111159278
120942416,17560712,1107491,39,110997543
121059548,17569113,1108892,39,110964551
120821253,17590347,1105842,36,110769836
121172565,17597602,1109823,40,111187153
120713017,17572864,1104463,40,110650724
120409783,17385251,1102955,36,110601732
120871127,17570539,1105510,40,110768702
121103215,17579684,1108731,40,111185077
120848847,17578536,1105751,36,110836661
118524600,17221820,1084347,40,108615976
120825341,17581264,1105647,37,110826742
121077128,17591371,1108774,40,111163824
120490216,17536997,1102777,40,110502902
121258421,17608296,1110703,36,111186874
120726709,17558139,1105381,39,110821531
120990980,17563812,1108173,40,110974614
120842570,17587092,1105630,36,110790205
121039320,17585512,1108060,40,110985066
120714400,17526860,1104292,39,110659382
121142210,17587030,1109256,36,110923426
120752250,17564060,1105058,40,110761520
121150424,17587000,1109366,39,111161741
120992005,17560153,1106353,36,110941884
121046575,17574135,1108572,40,111094875
120760933,17567904,1105548,39,110843800
120240219,17358498,1101875,36,110406892
120797378,17549924,1104769,39,110678132
121077700,17561084,1108415,39,110965613
120768607,17571127,1104968,36,110634771
118421459,17201422,1084560,39,108442226
120799761,17573173,1105093,36,110769310
120867869,17554450,1106874,40,110844294
120688173,17561115,1104206,41,110602496
120751520,17547722,1105465,36,110756306
120675721,17563812,1104308,40,110685814
120872843,17427908,1108893,39,110992210
120851816,17597415,1106585,38,110714458
120600189,17493101,1104372,40,110650681
121142252,17620852,1108835,38,110984948
120439104,17501532,1102924,38,110469600
120692513,17558697,1104804,40,110670735
120586971,17521186,1103742,37,110606461
120729627,17495085,1105782,42,110731590
120607039,17369907,1105008,40,110709027
120673470,17528533,1105319,36,110685620
119854199,17309054,1097553,41,109993369
121213653,17620480,1108973,39,111204657
120652221,17520566,1104537,37,110687638
120564199,17516971,1102784,39,110496878
118072776,17140878,1081080,36,108291690
120492512,17526209,1102092,40,110491503
120604859,17531727,1103841,38,110475935
120573880,17505438,1103221,39,110557822
120610867,17511701,1104382,40,110559575
120628828,17536159,1104141,36,110590401
120520822,17499580,1103252,41,110506028
120550859,17478221,1103815,41,110588672
120696260,17518675,1103948,36,110643062
120616423,17525093,1103652,40,110528576
120630365,17535664,1104349,38,110641296
121185592,17575095,1108851,37,111046313
120803331,17530704,1105502,40,110904679
119791015,17396504,1096718,36,109943522
120597611,17502308,1103439,40,110627064
120605193,17476175,1104596,41,110656863
119909369,17317299,1097483,37,110025921
121047241,17560495,1106792,39,111008481
120658008,17523295,1104571,40,110542171
120630654,17497387,1105282,36,110649782
118053706,17160617,1080603,40,108270335
120596522,17539197,1103927,36,110506456
120626804,17539880,1104741,40,110521525
120538571,17470657,1103434,39,110630960
120641277,17521961,1104130,38,110606720
121130427,17618930,1108857,41,111112733
120696097,17548714,1104598,37,110618334
121457312,17592425,1111055,40,111400963
120735865,17530301,1104695,39,110676684
121019782,17563037,1108379,39,111123614
120688846,17529432,1105279,37,110835192
120562800,17474966,1104030,39,110508401
120665359,17541274,1104097,37,110681176
120499752,17508384,1103224,39,110598391
120676199,17553458,1104240,40,110595161
120618964,17473663,1103803,37,110624341
119857530,17314200,1096977,40,110047913
121217051,17597602,1109557,40,111232874
120622009,17520876,1103094,36,110590986
117969747,17091279,1080535,41,108195074
120697072,17460209,1105159,37,110598177
120332066,17422266,1102048,39,110428527
120677545,17538391,1103982,36,110602107
120367949,17443346,1102871,39,110412055
120660647,17521962,1104360,39,110710845
120545558,17509034,1104205,36,110564450
120616624,17522427,1103145,39,110575712
120426831,17446694,1101812,40,110376121
120666390,17532160,1105563,38,110619585
120672719,17508167,1104254,40,110632178
120623815,17506214,1103435,38,110633817
120662567,17491457,1104803,37,110533437
121084506,17574104,1108644,39,111068818
121598105,17600474,1113490,38,111525815
120752979,17547919,1105449,40,110717584
102698125,16164534,1024896,40,93906673
120085578,17354283,1098702,39,110132519
121048277,17545521,1107747,37,110985335
120713792,17544406,1103620,39,110561781
117917121,17087806,1079480,36,108161245
120657038,17532564,1104023,40,110396725
120611041,17520008,1102765,36,110505723
120697275,17557302,1104323,39,110436130
120513220,17461574,1103333,39,110478414
120772378,17534888,1104344,37,110515241
120804500,17553334,1105687,39,110658709
120694022,17550203,1103626,39,110615872
121069907,17549923,1107852,37,110903348
120668580,17536315,1104071,39,110610033
120582494,17510120,1103056,40,110493056
120757493,17537895,1104570,36,110507406
120574181,17483398,1102928,42,110502309
120639789,17546762,1103809,38,110481516
120705866,17534485,1105329,37,110594938
120702276,17552497,1104444,40,110581059
120717336,17486187,1104607,36,110653142
120029089,17337791,1097826,39,110124325
120985794,17544716,1105651,40,110799384
120701819,17545025,1103446,36,110534282
118525777,17187503,1085105,39,108714162
120656291,17499362,1104096,36,110540362
120584379,17495519,1101732,41,110427740
120443397,17496356,1100285,43,110224814
120568838,17464053,1104285,36,110556727
120305381,17453328,1100548,40,110110200
120536452,17375983,1104657,39,110456552
120666631,17536531,1104070,36,110557164
121259573,17563905,1108671,39,111190347
120726751,17499425,1104079,39,110531479
121103341,17577420,1108277,36,110970215
120652606,17530239,1102618,39,110604426
120677395,17503331,1104144,39,110505188
121327537,17608513,1109923,38,111094911
120508007,17457544,1103060,39,110319085
120873068,17535137,1105753,38,110844588
120648878,17419475,1105174,38,110608462
120097573,17337543,1099002,39,110006579
120584950,17470315,1102568,37,110496331
120721823,17542577,1103275,39,110591118
117934500,17082474,1078026,39,107865806
120594125,17472145,1103548,39,110498867
120980511,17561952,1107029,39,110904050
120683437,17570786,1104633,36,110589729
120553996,17502928,1103605,41,110432279
120650533,17501750,1104002,39,110597637
120608389,17494712,1102552,37,110582420
120656713,17538516,1104068,40,110539234
120713820,17523388,1105664,40,110708540
120739551,17469354,1105669,37,110684021
120659392,17500495,1105091,39,110682990
120678160,17511003,1103947,38,110571144
120985718,17550171,1106901,37,110911009
120801631,17532967,1105090,39,110657929
121177285,17591867,1108415,39,111052226
120984868,17573979,1107169,38,110753284
120980600,17531634,1107556,41,110877102
119996914,17282704,1097843,40,110008192
121192231,17579900,1108654,38,111207994
120782623,17575158,1103846,39,110698291
118033168,17190478,1079978,37,108138248
120715643,17534486,1104831,39,110676826
120743228,17556496,1103713,39,110569746
120584646,17518737,1101582,37,110348804
120744403,17558697,1104002,39,110604926
120609272,17489721,1103796,36,110497150
120797106,17534083,1105060,39,110708631
120795487,17553954,1105171,41,110758598
120842427,17578164,1105093,36,110618692
120889079,17514181,1105828,39,110881727
120792076,17578785,1104694,41,110743901
120993819,17475647,1107073,37,111001056
120782078,17457265,1105037,40,110800233
119302827,17237537,1092400,40,109397565
120620650,17497502,1103291,37,110518578
120688412,17537772,1104085,40,110562795
120555448,17538732,1102884,36,110469721
120107056,17339713,1098930,39,110201574
120793962,17545057,1104059,40,110529977
118216752,17183844,1081045,36,108288743
120681708,17545584,1104074,40,110595346
120793900,17519078,1104748,36,110632909
120632266,17547196,1103065,39,110438711
120691531,17553613,1103925,40,110656819
120725636,17556929,1103972,37,110519200
120558131,17492698,1103018,39,110537115
120604345,17531572,1102420,39,110484640
120686712,17552093,1103209,38,110498060
120669209,17560743,1103584,39,110465393
120700675,17517808,1103615,38,110467717
120686553,17538205,1103057,36,110574772
120612145,17533060,1102672,39,110474843
120640611,17558829,1103345,38,110513436
120676452,17527099,1103589,38,110638738
120522440,17540779,1101275,40,110339986
120718455,17554883,1103909,36,110603528
119805798,17420561,1095697,39,109598097
120839395,17481414,1106291,40,110787776
120756943,17552279,1103690,36,110544147
118134329,17174018,1079871,40,108259101
120772691,17554573,1104219,36,110629427
120685696,17526581,1103851,39,110562583
120667306,17534083,1102852,42,110472007
120731000,17538794,1103564,38,110607853
120373208,17490528,1100134,39,110274559
120803570,17537090,1104559,38,110727168
120793811,17559595,1105577,36,110753850
120674348,17553489,1102957,39,110493528
120760695,17563781,1105069,39,110713240
120749392,17541863,1104143,37,110504137
120748794,17541957,1103538,39,110521111
120979327,17585511,1107095,37,110900375
120852667,17569330,1104546,41,110573096
119743162,17373627,1095731,39,109707782
120769647,17530021,1104928,36,110675768
120693976,17536315,1104974,39,110601749
120102861,17451964,1098845,39,110058871
120725020,17424807,1105237,37,110843914
120665529,17463961,1103771,40,110479095
118263428,17189982,1081244,38,108363818
120532966,17526829,1102606,39,110364998
120677707,17514491,1102832,39,110410275
120702812,17545025,1104451,36,110530049
120738694,17551784,1104205,41,110544775
120597829,17526115,1102291,38,110491331
120661624,17511360,1103660,37,110499796
120524913,17502029,1101670,42,110328382
120724356,17566849,1104414,36,110566663
120557186,17503409,1102914,40,110539753
120727081,17535617,1103740,39,110615386
120765769,17540220,1104347,36,110644794
120663529,17533029,1103702,39,110533395
120676492,17546142,1103329,39,110492380
120637347,17538391,1103046,38,110419777
120595285,17483336,1102968,40,110498291
120635528,17533307,1102600,37,110468593
120064470,17451375,1098173,40,110020170
120842357,17501626,1104684,39,110714797
120823254,17527541,1105341,36,110619584
119258245,17343371,1090015,40,109198657
120778844,17546669,1103734,39,110696743
120666123,17552868,1103658,37,110556221
120415294,17469138,1100713,39,110219631
120737701,17564649,1103768,40,110623298
120400488,17512103,1100924,38,110257618
120787497,17559441,1103830,39,110712410
120731132,17534516,1105711,37,110717748
120909977,17557860,1105163,39,110684576
120682579,17535385,1102915,39,110518524
120799749,17564431,1104571,37,110513687
120733970,17512879,1103505,40,110510272
120737862,17533370,1103063,39,110543129
120785995,17535973,1104333,37,110630739
120789486,17528689,1104288,40,110674014
120652670,17483925,1103520,39,110635428
120703486,17556643,1102877,37,110506181
120041303,17372084,1098375,39,110110661
120722531,17417926,1104155,39,110707393
120870485,17509840,1105529,39,110829239
117869075,17123798,1077290,39,108015771
120687593,17541429,1103350,36,110544666
120619260,17543476,1102620,39,110448444
120700489,17412997,1104196,39,110548950
120668175,17466068,1104457,37,110561484
120590733,17509748,1102463,39,110340640
120579256,17544591,1103325,36,110405575
120627372,17475214,1102727,40,110444508
120645416,17524380,1101970,40,110503299
120710318,17560029,1103107,37,110545942
120570782,17521931,1102048,40,110456731
120644282,17504416,1102905,39,110487830
120577122,17523418,1102812,36,110325093
120634917,17549397,1103510,39,110467414
120668767,17562416,1103787,36,110493467
120641625,17499177,1104096,40,110463894
120581838,17543321,1102592,39,110448113
120118260,17441299,1098407,36,110015761
120759564,17486622,1103332,39,110721685
118097755,17134523,1080095,36,108162948
120713824,17534734,1102587,39,110519897
120677044,17537772,1103498,39,110583539
120712114,17557983,1103570,36,110613025
120671758,17482876,1103520,40,110576089
120452393,17512440,1101631,39,110358353
120760197,17552310,1104236,38,110639251
120758904,17561301,1104256,40,110593192
120720269,17528751,1104132,39,110618698
120727689,17555038,1104118,36,110590864
120717139,17564866,1103532,40,110563617
120759431,17564277,1104485,38,110562297
120694006,17506151,1102919,38,110595473
120727857,17572275,1103115,39,110507457
120790129,17565702,1103849,37,110510011
120688813,17515514,1103529,39,110579413
120619944,17494682,1104093,41,110435183
120614512,17539228,1102865,37,110405055
119906838,17367768,1096841,39,109868573
120793653,17511763,1104199,40,110727330
118282623,17170948,1082519,37,108440491
120797285,17182574,1109305,39,110947055
120761507,17555038,1104059,36,110524183
120767505,17584830,1104881,40,110644241
120674139,17530022,1104563,40,110602702
120710548,17548466,1103466,36,110604030
120546827,17530084,1102429,39,110484924
120631570,17559503,1103617,39,110568638
120635202,17510460,1102881,37,110569833
120623394,17513902,1103554,39,110527594
120825283,17587278,1105718,38,110592094
120638721,17535757,1103453,40,110499046
120569697,17504571,1102949,41,110531086
120610107,17556619,1103090,36,110429181
120570678,17427567,1104127,39,110610589
120658277,17534238,1103407,41,110508349
120639987,17480855,1103757,36,110546139
120550494,17519017,1101850,39,110396286
120109823,17415694,1099025,39,110030581
120781776,17532997,1104049,37,110719696
118076573,17139980,1079790,38,108270530
120729426,17531075,1103208,38,110630840
120672261,17541368,1102810,40,110528741
120397233,17494000,1100998,40,110361672
120621100,17498928,1101909,37,110477042
120373495,17495612,1100480,40,110335304
120556868,17516877,1101540,36,110203854
120642075,17552435,1103543,40,110432117
120688160,17545677,1103705,41,110452809
120745870,17517869,1103222,37,110519517
120391028,17506307,1100966,39,110205783
120767487,17556195,1104581,40,110700674
120636180,17526726,1103331,36,110559262
120712150,17527573,1104036,41,110540012
120639782,17562138,1103466,36,110535965
120819429,17542359,1105175,38,110669168
120556496,17514174,1102301,43,110305187
120760909,17529222,1104733,36,110550054
119803498,17374588,1096690,40,109823913
120577627,17476764,1101288,40,110421257
117911164,17131268,1077936,37,107992030
120479367,17481507,1100859,40,110246850
120587395,17534361,1101805,36,110362134
120667741,17551257,1102733,39,110546025
120517144,17528999,1101680,38,110311278
120758401,17534578,1104721,37,110567429
120579169,17529960,1103292,39,110447744
120616645,17531819,1103152,36,110506803
121590542,17673645,1111596,40,111353071
120532479,17487769,1102155,40,110418154
120594896,17544219,1102726,36,110394711
120647341,17551052,1102272,39,110470091
120566215,17540674,1103056,39,110435109
120533116,17497812,1101703,37,110436132
120524551,17529774,1101550,39,110398182
120678433,17530890,1102944,39,110540340
120615765,17302140,1104950,36,110623856
120781516,17498309,1104622,39,110630472
119982922,17375301,1096904,39,109971962
120733438,17513777,1103364,38,110502659
118190815,17166516,1080630,38,108294150
120698160,17511359,1103476,37,110499157
120832681,17448306,1105719,40,110807071
120726760,17496635,1104607,39,110584334
120261360,17468579,1100360,37,110214208
120677472,17508880,1104039,39,110593569
120608903,17543630,1103110,37,110612938
120722530,17559875,1103902,41,110531377
120438521,17514677,1102130,41,110393361
120993977,17544963,1106754,38,110818311
120699692,17518273,1103655,40,110521924
120692567,17557457,1103724,41,110526228
120752758,17559254,1104419,38,110546949
120643916,17496077,1103730,39,110366514
120722755,17561456,1103671,38,110579829
120917463,17549303,1105760,37,110699074
120590371,17521683,1102772,39,110446842
120763935,17504261,1104166,38,110623858
119847481,17357785,1095484,38,109747120
118148633,17159758,1080609,42,108279267
120554679,17526611,1102451,37,110463171
120597891,17504478,1101996,39,110396129
120557297,17543196,1102687,39,110344454
120535557,17532347,1102389,40,110335640
120534050,17515328,1101679,40,110456064
120554588,17468114,1102504,38,110398822
120547113,17515716,1102116,40,110422097
120583343,17542933,1102096,38,110565139
120644313,17518241,1102767,37,110518547
120628578,17508477,1102379,40,110550690
120612680,17515823,1102340,36,110478082
120551858,17520195,1101349,39,110390728
120551663,17530766,1101808,39,110350368
120639401,17527565,1103543,38,110514356
120487676,17502470,1101495,39,110294900
120643135,17543786,1102867,39,110399101
120658561,17548497,1102554,36,110490023
120810263,17524628,1104540,39,110781110
120024763,17370434,1097593,39,110067778
118140048,17139669,1080298,38,108229184
120685861,17555938,1101832,40,110490210
120636521,17520442,1102104,38,110500792
120342986,17464953,1099675,39,110179596
120642162,17542297,1102997,38,110454781
120234527,17468208,1098258,39,110201467
120553997,17474408,1102743,40,110420786
120684124,17449452,1104266,36,110512752
120665743,17534517,1104005,40,110601297
120624784,17524721,1103081,39,110478562
120798099,17535601,1104563,36,110532179
120636948,17509903,1102935,39,110444746
120708294,17545739,1103418,38,110481760
120637618,17528967,1102715,39,110466556
120635926,17529092,1103387,40,110584748
120621869,17501885,1103207,36,110600667
120593153,17502761,1102782,39,110531879
120643535,17526426,1103106,39,110426862
120925472,17555534,1105282,37,110740573
119889277,17325329,1096101,42,109808308
118231195,17172250,1080297,37,108220090
120612020,17508911,1101608,39,110513970
120736901,17548498,1104275,40,110532588
120754397,17515296,1103363,36,110619805
120721030,17556589,1103228,39,110624339
120588803,17541368,1102550,39,110350930
120772171,17543444,1104935,37,110650395
120636270,17510244,1103263,39,110612163
120703860,17556527,1103571,39,110563078
120610665,17540561,1103293,37,110538208
120688508,17526426,1102950,40,110560129
120768994,17518582,1104433,38,110549031
120635677,17540996,1103201,39,110452737
120725681,17563595,1103630,39,110538854
120657112,17551907,1103501,36,110518292
120602283,17511050,1102967,40,110433012
120555434,17510058,1101477,39,110413934
120700637,17561238,1103397,36,110566105
120920683,17563781,1105300,39,110737625
120091809,17349943,1097893,40,110070895
118218699,17165399,1079941,38,108307145
120705447,17509903,1103688,40,110621657
120817171,17490775,1105366,38,110626429
120594872,17467960,1103605,41,110403936
120729913,17550730,1103871,39,110604873
120481919,17508042,1101620,37,110329190
120701351,17524845,1103476,39,110620393
120790453,17413958,1105150,40,110727864
120632556,17452583,1103875,38,110484096
120695432,17532440,1103612,40,110627359
120679722,17541460,1102988,36,110492057
120745125,17516258,1104287,39,110617507
120766496,17562014,1103972,41,110686311
120654605,17550636,1103265,37,110532208
120765888,17574445,1104501,39,110737274
120741800,17508539,1104773,40,110619807
121158500,17595214,1107391,36,111040314
120692521,17552249,1103787,39,110554466
120637316,17389747,1104973,39,110519304
120064694,17351151,1099768,39,110158332
118120077,17149187,1078755,39,108040870
120749837,17558076,1103631,37,110626438
120702370,17542794,1103124,39,110528612
120634260,17495214,1103225,39,110500216
120610122,17512253,1102500,36,110501481
120589188,17520629,1102045,41,110459760
120948628,17549831,1106342,39,110834359
120726985,17485412,1104708,38,110665308
120641106,17520660,1103545,40,110475652
120571460,17512785,1101772,36,110417988
120628998,17508043,1103021,40,110540212
120572713,17494124,1102810,39,110339058
120712208,17542855,1103985,36,110509644
120529747,17528255,1101744,40,110452245
120571506,17517095,1101377,39,110422583
120707924,17503423,1103446,38,110517308
120574334,17523047,1102544,40,110430228
120836699,17575622,1105009,36,110619755
120804246,17561115,1104276,40,110638038
117392924,16964799,1074252,38,107683187
120728660,17525030,1103559,38,110531153
120693204,17548436,1103146,41,110533371
120669545,17548652,1103315,36,110509323
120467026,17470223,1101535,39,110317569
120386869,17499084,1099991,40,110190571
121042087,17475120,1108784,36,111083753
120761751,17541182,1103854,39,110623089
120764844,17521835,1104789,39,110601884
120798358,17532783,1104614,36,110638422
120732962,17527759,1103449,41,110492261
120649377,17512910,1102803,40,110489352
120776432,17542111,1104772,36,110684491
120743164,17528100,1104390,41,110705521
120976605,17588457,1106674,39,110857304
120856658,17563470,1104794,36,110604122
120714536,17521621,1103739,40,110501369
119812883,17362094,1096041,36,109683909
120726538,17535478,1103917,39,110512557
120623773,17545150,1103503,39,110601037
117377483,16955188,1073217,36,107526348
120536739,17488358,1101117,39,110360272
120559499,17524875,1102282,36,110474627
120590819,17515018,1102364,39,110517471
120640533,17529092,1103695,41,110524753
120623444,17530517,1103190,37,110508669
120508691,17513809,1101172,39,110274846
120570265,17535074,1102062,36,110412089
120589600,17522334,1102842,41,110450889
120459963,17508043,1102094,41,110388387
120680769,17549799,1103954,37,110634486
120601832,17546390,1102550,39,110482248
120535527,17420871,1102473,42,110386730
120725543,17477910,1104261,36,110577271
120594520,17528534,1102417,39,110372690
120721646,17563905,1103880,38,110378889
120678648,17537895,1104094,38,110521310
120546061,17490373,1101794,39,110469882
120849786,17572026,1105205,36,110711583
120776800,17550172,1103208,39,110609654
117305195,16982221,1073185,38,107642430
120649873,17483087,1103149,38,110536554
120689471,17528503,1102608,39,110540643
120664458,17530145,1102581,38,110555610
120675520,17520629,1102402,40,110421868
120216670,17451313,1099388,39,110097965
120729301,17547660,1103653,37,110609438
120643872,17540996,1102257,41,110551572
120671073,17555473,1102148,39,110417549
120731048,17536748,1104232,36,110652938
120595069,17539446,1102517,39,110437076
120783512,17563843,1104944,38,110621679
120938757,17491364,1106581,37,110880988
120750791,17456831,1105611,39,110553068
120567052,17539724,1103329,37,110423712
120747482,17558117,1104018,39,110490398
120628554,17524867,1102538,40,110340710
121782248,17620604,1114407,38,111517584
120846574,17463526,1105048,38,110636623
120681420,17533742,1103503,39,110439653
117424722,16973788,1074540,38,107742448
120729233,17503641,1104019,39,110587027
120826681,17563254,1103749,37,110578188
120636225,17522891,1102508,38,110548690
120686850,17554357,1102619,40,110541578
120754759,17502524,1103779,36,110584605
120576433,17531293,1102295,39,110456566
120618335,17525527,1102512,40,110579342
120802060,17570817,1104783,36,110607394
120686839,17481011,1103611,43,110494634
120652395,17523884,1102517,40,110503858
120724185,17549086,1103225,36,110511239
120557535,17531727,1102134,40,110347121
120626927,17499518,1102327,38,110544359
120602978,17550047,1102751,39,110511640
120650912,17541244,1103380,41,110392650
120625824,17541584,1102181,39,110381188
120611384,17505563,1103775,40,110512793
120829888,17553923,1104222,39,110672291
120756967,17553705,1104029,37,110463287
117387046,16889128,1074118,41,107676077
120772493,17447313,1105218,37,110678701
120728014,17525310,1104172,40,110569854
120497184,17488482,1101297,40,110466290
120736189,17540809,1104102,36,110535311
120286328,17417864,1099581,39,110259414
120697452,17455467,1104037,39,110594692
120799204,17541088,1104649,36,110584772
120728648,17502246,1103704,39,110683333
121096667,17499208,1108688,39,111020600
120923978,17528502,1106226,36,110795327
120767284,17541306,1104640,40,110695216
120776486,17514150,1104851,38,110688521
120783427,17393807,1105721,38,110735293
120725244,17512755,1104517,39,110579072
120780659,17525744,1105306,36,110664168
119394084,17312897,1092593,38,109304383
120900153,17440587,1106826,41,110913732
120745622,17500509,1105016,36,110597925
118102018,17129068,1079330,39,108151468
119786090,17308526,1095040,36,109831487
120676842,17441765,1103192,40,110586424
120620474,17508322,1103121,39,110468519
120622635,17528502,1102989,37,110501712
120623197,17456397,1103016,42,110563802
120653340,17465851,1104066,36,110552316
120664282,17504788,1103665,37,110448936
120442756,17475152,1100615,41,110374837
120672610,17520287,1103391,37,110598867
120589029,17495085,1102622,39,110497236
120656825,17511081,1103867,40,110652809
120696662,17521620,1103653,39,110637033
120662390,17511732,1103067,39,110485794
120593146,17473943,1102387,41,110504413
120694912,17517404,1104210,37,110584546
120561868,17496790,1101361,39,110389245
120679163,17526735,1103743,36,110426825
121795946,17653495,1114083,39,111583051
120795954,17535788,1105172,39,110621739
118163523,17154146,1080351,39,108236904
119740162,17296995,1094980,39,109858007
120726009,17503176,1104441,38,110651713
120718071,17486218,1104156,38,110697128
120732559,17497534,1104161,40,110667263
120398903,17471369,1100653,36,110305640
120654112,17493256,1103755,39,110553983
120727219,17505253,1103646,39,110584615
120716588,17543723,1104087,37,110665728
120654499,17518180,1102790,39,110581127
120631015,17495736,1104044,40,110471472
120776495,17522860,1105492,36,110700543
120722433,17529557,1103811,39,110524113
120773252,17551629,1105021,41,110461743
120717419,17523666,1103964,38,110434153
120727526,17530487,1104453,39,110484315
120792253,17520443,1104592,38,110681638
119587334,17358281,1093839,37,109563510
120810342,17476857,1105801,39,110733212
120725077,17490744,1104340,37,110573719
118000317,17135392,1079990,39,108093943
119800655,17317857,1096289,36,109813129
120551117,17494589,1102373,40,110417205
120667694,17474966,1103705,41,110618639
120708836,17523356,1103678,36,110412195
120628277,17488296,1102182,41,110345203
120699432,17417461,1105724,39,110698698
120704474,17483800,1104842,37,110475704
120564416,17524938,1102808,40,110381090
120656218,17504601,1103290,36,110458918
120655431,17479678,1103037,39,110569944
120678254,17468983,1104220,40,110683679
120632739,17419084,1104061,37,110615030
120569023,17506946,1102914,39,110393127
120611832,17524163,1103519,39,110507066
120631224,17494309,1104122,36,110458938
120590969,17512941,1103075,40,110545600
120640388,17530115,1103656,40,110535829
120799886,17532067,1105130,37,110631525
120804275,17502483,1105709,39,110693935
117846920,17114105,1077834,36,107908109
119982358,17329111,1097509,40,109978763
120732011,17543383,1103679,36,110573335
120512316,17439935,1101913,37,110411576
120579470,17491334,1102089,40,110576459
120376843,17468362,1100673,39,110199216
120690730,17506586,1102961,39,110513267
120686718,17482468,1104331,39,110471798
120719943,17459651,1105873,36,110550321
120667400,17512011,1104490,40,110611402
120708648,17519172,1104380,40,110693621
120783933,17496851,1105022,38,110772045
120704820,17525124,1104452,39,110446460
120706830,17545956,1104886,38,110489948
120711296,17536562,1104473,37,110522094
109784776,16661247,1053089,39,100410754
112088481,16870992,1064852,36,102553338
120862400,17540035,1105466,39,110731113
120743704,17519358,1104251,40,110695712
120954450,17515110,1106837,37,110903942
118261587,17164780,1082445,40,108460763
120117135,17369565,1099238,36,110280275
120849508,17553210,1105663,40,110751901
120963078,17406766,1108520,39,111087275
120950266,17558231,1106968,37,110809338
120879731,17545677,1106796,39,110852676
120852084,17544778,1105449,41,110774597
120869620,17529370,1106394,37,110853478
120778137,17533122,1104896,39,110700445
120734339,17527914,1104204,41,110634542
120867746,17571437,1105858,36,110767603
120841877,17520443,1106308,39,110851254
120948624,17563440,1107009,39,110879795
120822232,17520978,1105637,36,110725902
120840062,17529300,1105926,40,110781059
120798201,17505501,1104915,40,110726840
120813025,17545273,1105577,36,110808885
120767954,17545770,1104385,40,110816185
120784844,17542918,1105677,38,110658420
118283785,17148845,1082452,39,108406513
120791766,17543259,1106233,39,110687516
120059970,17352608,1098044,37,109961888
120777126,17535633,1104652,39,110782201
120769797,17482313,1105727,39,110789467
120851888,17535291,1105258,39,110719642
121226301,17593076,1109540,40,111063369
121371691,17565269,1110904,39,111280570
121389629,17550614,1111789,38,111225379
121287221,17600972,1110682,40,111143894
121326090,17636662,1110166,40,111212235
121339193,17629345,1110164,37,111251076
121138399,17555442,1108165,42,110935950
121302128,17603523,1110118,41,111133735
121301477,17634274,1110208,36,111190959
121323641,17645311,1110450,40,111254232
121446488,17600454,1111956,40,111202672
121207003,17588860,1108812,40,111135927
121591657,17635421,1112676,36,111486505
121151154,17576119,1108370,41,111070162
118645878,17208055,1086067,36,108618264
121153066,17596920,1109329,40,111098783
120288579,17397404,1100495,40,110337148
121190478,17595741,1108180,36,111122707
121174309,17587217,1107782,39,111054618
121174180,17594843,1108632,39,111063993
121138755,17536997,1108778,40,111107297
121205936,17607614,1109211,37,111093985
121119173,17555969,1109202,39,110989876
121173256,17568772,1109433,40,111069651
121150420,17578877,1108464,36,111041248
121148091,17584303,1108122,39,110987748
121131250,17584148,1108735,39,111074570
121160012,17590743,1108464,36,111020028
121134937,17584682,1108588,41,111157924
121080118,17509190,1108645,39,111008387
121202791,17590812,1110303,37,111103217
121138081,17599214,1108699,39,111077835
121259458,17625223,1109665,41,111023859
121188500,17617069,1109532,36,111091288
118590574,17201236,1085746,41,108760522
121073490,17498185,1108731,41,110976562
120455187,17389560,1102405,36,110384846
120892623,17540872,1105822,41,110797084
121160379,17571903,1108221,39,111010529
121212900,17571034,1108873,36,111112860
121109339,17593169,1107833,39,111151773
121040829,17582691,1107515,39,110947665
121155614,17594997,1109336,37,111035928
121042177,17542949,1107764,39,110880810
121083232,17563471,1107005,39,111050502
121167887,17591494,1108636,36,111046510
121130441,17571314,1107510,39,111024993
121022984,17552621,1107138,39,111055009
121195468,17630368,1108917,36,111095101
121138323,17593045,1108177,39,111017912
121160008,17595246,1108397,39,111072638
121222420,17588178,1110272,38,111110789
121299665,17598655,1110184,37,111172926
121121403,17585047,1108219,39,111015491
118496536,17213790,1085040,37,108665378
120362784,17440494,1101548,41,110349746
121131285,17505873,1108250,39,111013085
121158965,17595059,1107868,36,110981664
121117010,17595246,1107623,39,110986523
121101461,17553489,1108083,40,110976166
121165494,17595338,1107855,36,111077066
119509765,17360235,1093400,40,109584364
121063083,17576491,1107345,39,110962526
121189500,17580055,1109297,36,111027296
121054814,17581327,1107052,39,111033940
121057070,17588023,1107941,41,111072189
121052700,17603305,1107628,36,111003832
121079603,17557023,1107422,39,110986763
121067237,17588829,1107549,39,110935482
121166263,17597725,1108743,36,110997027
121057980,17572477,1107689,39,110979115
121042343,17539709,1107770,40,111027212
121269042,17623672,1108827,36,111113755
119513733,17367613,1092885,39,109612941
120918783,17551257,1105662,39,110868894
120356648,17425334,1101667,36,110305874
120960549,17525186,1106262,40,110929645
120907461,17525124,1105592,40,110797555
121340972,17628508,1109398,38,111318698
120994105,17504137,1107288,39,111093786
120996815,17531634,1107176,39,110779237
121065121,17493596,1109163,36,111037190
121054182,17577979,1107427,40,110929063
121067297,17539570,1108173,39,110988093
121082098,17595679,1108348,37,111046897
121063214,17589480,1107697,39,110917700
121078781,17594750,1108274,40,110809464
121138353,17574661,1109040,37,111135140
120875636,17545894,1106403,40,110830835
121092642,17590162,1108310,39,110982348
121413565,17640475,1110754,38,111220941
121212547,17562230,1109679,38,111143682
121655194,17653092,1113404,39,111580941
118503300,17200398,1083752,36,108547643
120927632,17537245,1106548,42,110748964
120317972,17376820,1101068,39,110349443
121078760,17555534,1106842,36,110928535
121080273,17581885,1107249,40,110978265
121018297,17517188,1107352,40,110976572
121125700,17546110,1108985,36,111044173
121064178,17592270,1107657,39,110961503
120998245,17600113,1107323,41,111019785
121072071,17589479,1107919,36,110951730
121043483,17523636,1108326,39,110935779
120952245,17561115,1106351,39,110880110
121152286,17593044,1108309,36,110931959
121158455,17599927,1108845,40,111094878
121122792,17552466,1107929,40,110993379
121130105,17618031,1108465,39,111082139
121093218,17597787,1107784,37,111040198
121086738,17579343,1106997,41,110862353
121305041,17590472,1110604,40,111184410
121270632,17610218,1109752,37,111148816
118635253,17248108,1085642,40,108644775
121154720,17602561,1108743,36,111015167
120327218,17392661,1102040,40,110323264
120853756,17522458,1105297,40,110814366
121131681,17607459,1108491,36,111084926
119524241,17336830,1093200,39,109495304
121060687,17546328,1107308,39,110961752
121151530,17577575,1107902,37,111078749
121056998,17576646,1107593,39,110959710
121109352,17592890,1108622,39,111010026
121156995,17567376,1108958,38,111032658
121066168,17554078,1106925,40,110906400
121116945,17587005,1107849,40,110905324
121174476,17601247,1108961,36,111099666
121092356,17561432,1107574,39,111117705
121025824,17476082,1108738,41,111025406
121154955,17574041,1108643,36,110991774
121136817,17592007,1107884,40,110941768
120099996,17400457,1099959,40,110076154
121044652,17549768,1107887,39,110988004
118489694,17182016,1084308,39,108603495
121126793,17620077,1109684,39,111046555
120301717,17381934,1101222,37,110339659
121189824,17565114,1107937,40,111135618
121125302,17613877,1108321,39,110982277
121140047,17596454,1107970,37,111055067
121029753,17543259,1107046,40,110992991
121176044,17601694,1108491,40,111085538
121097480,17601600,1108420,37,111065788
121123038,17612265,1108680,39,111011328
121058522,17545119,1107181,39,110960335
121178479,17594625,1109436,37,110998070
121128609,17615396,1108096,40,111006531
121149591,17616171,1108012,40,110965005
121058543,17556991,1108419,36,111070959
121068379,17569826,1107410,39,111022385
121153828,17617411,1108637,40,111033427
121184888,17622029,1108518,36,111187073
121244515,17584055,1108399,42,111186534
118588188,17211978,1085737,38,108685046
121159232,17605397,1109488,37,111014292
121109106,17581792,1107251,41,111017444
120420256,17401341,1102515,41,110455521
121153013,17542545,1107799,37,110905823
121055990,17577886,1106437,42,110839541
120976355,17569578,1106569,39,110881217
121218103,17584271,1108511,38,111061208
121144798,17577948,1109075,39,111074104
121116424,17493535,1108505,40,111066846
121056941,17588735,1107527,37,110908883
121123920,17572554,1108331,39,111016816
121119137,17553148,1107179,40,111013772
121084682,17586162,1107803,37,110928411
121141657,17609475,1109320,39,111079995
121056673,17568989,1106879,39,110991616
121180287,17568988,1108748,37,111170725
121133230,17603523,1108621,40,111151058
121312595,17607522,1109446,40,111143398
119951164,17389281,1098450,37,110093208
118420389,17169585,1083278,39,108613380
120928496,17555287,1106113,38,110813863
121074722,17575374,1107478,38,110989853
120374944,17359305,1101936,42,110413642
121163799,17542205,1108808,38,110976316
121195175,17602747,1109496,39,111160289
121108062,17579436,1107585,40,110961801
121087060,17609723,1108107,41,110989727
121142996,17566570,1108620,36,111049067
121057036,17587558,1108654,39,110957246
121033043,17537772,1107600,39,111185534
121184499,17577482,1108696,37,111093389
121100654,17560805,1107752,40,110932023
121103415,17598191,1107542,41,111071634
121212985,17613008,1109041,36,111088277
121002184,17553458,1106670,41,110844839
121178320,17550947,1108354,39,111065489
121095121,17618337,1108117,36,110935280
119653396,17284815,1095306,40,109731216
121149704,17573546,1108086,41,111006619
118833487,17213542,1087948,37,108933915
121017667,17582443,1106765,40,110978071
121164663,17623765,1109068,36,111004508
120181744,17369101,1100385,39,110204519
121162322,17555845,1108068,39,110970646
121018731,17571562,1106614,38,110937916
121114550,17586999,1107649,38,110955002
121169048,17595804,1108223,39,111157971
121194623,17560185,1109157,39,111176670
121223147,17594873,1108789,37,111120381
121093773,17590782,1108229,39,111022305
121177033,17599090,1108699,41,111094965
121184190,17568058,1109593,36,111071254
121138727,17588953,1108160,39,111088157
121097872,17606654,1108860,41,110929429
121011058,17580241,1107265,36,110922180
121122004,17557085,1108263,40,111064833
121142529,17489722,1109265,40,111151039
121362673,17617472,1110098,36,111309542
118343452,17166020,1082378,39,108432066
121273596,17554140,1109721,38,111195678
121264903,17605103,1109106,37,111202815
121148928,17617969,1108724,40,111120439
120324592,17304373,1101377,40,110529276
121213795,17558200,1108288,36,110946753
121048478,17570756,1107383,40,110897316
121169679,17612358,1108547,40,111069939
121193891,17585387,1108347,37,111025962
121108961,17555008,1107826,41,111078354
121148345,17581947,1107888,39,111044173
121134553,17581481,1108497,36,111113188
121145850,17586008,1107482,40,111045595
121097594,17557147,1108228,41,111070473
121222306,17612667,1108758,36,111054372
121181729,17605848,1108685,39,111028371
121032441,17572368,1107144,39,111000195
121159307,17567718,1109278,38,111113946
121187059,17623300,1109080,38,111215571
121262933,17622464,1109335,40,111021249
118635022,17228980,1085329,37,108733398
121202667,17585729,1109643,39,111158487
121062838,17593851,1107539,40,110902342
121120210,17582427,1107779,38,110907378
120411701,17392552,1101785,39,110507681
121086627,17548901,1107947,39,111132234
121027205,17563563,1107201,39,110872852
119529183,17347680,1092995,39,109568093
121052877,17590472,1107262,40,110997129
121250076,17575746,1109837,36,111136510
121175650,17588426,1108949,40,111048633
121185102,17613350,1108873,39,111077297
121229237,17607645,1108399,36,111041982
121094997,17560929,1107703,40,110928975
121162284,17615830,1108859,40,111053486
121114335,17600980,1108025,37,110939225
121217377,17599059,1108839,39,111058227
121235165,17592983,1110185,39,111091445
121172897,17605228,1108658,39,111022246
121243575,17609722,1109522,38,111002169
117394016,17033929,1073881,38,107460385
120999542,17450878,1108524,37,110950260
121146579,17584799,1109144,40,111012020
121164810,17610312,1109423,41,110965138
121168602,17508042,1108475,37,111129818
121225893,17559782,1109180,39,111252265
121096067,17570384,1107565,41,111053403
121192161,17594408,1108592,38,111152458
121091359,17585729,1107515,39,110946459
121105240,17564339,1108164,40,110873487
121051160,17573917,1109035,36,110983086
119545997,17287447,1094530,41,109524252
121137345,17605042,1109007,39,111036131
121159323,17575560,1109523,37,111123276
121202670,17607398,1108918,40,110998033
121053776,17592177,1107931,39,110957576
121170390,17591432,1108468,36,111060240
121088103,17557271,1108161,39,111018707
121305481,17618403,1109671,40,111236372
121208139,17628632,1109232,37,111052546
118553782,17227586,1084907,40,108603720
121046649,17565300,1108236,38,110978769
121218682,17592548,1108922,38,111141527
120061599,17437828,1097434,39,110085357
121162106,17521962,1108214,39,111136252
121059907,17545831,1107066,37,111036025
121161304,17574166,1108252,40,111092941
121100633,17565703,1107044,43,110907299
121169801,17621874,1108724,36,111063867
121002299,17549893,1107551,40,110962263
121131119,17587031,1108773,40,111014281
121142666,17597601,1108505,36,111023182
121119685,17575840,1107657,39,111070440
121049268,17553396,1107103,40,111019203
121127854,17581667,1108449,38,111097827
121116301,17592642,1107640,40,110961851
121128647,17583404,1107849,40,111054053
121159566,17568617,1108690,36,111086372
121330237,17604607,1111157,37,111397455
118686950,17236700,1086621,39,108835280
120141295,17356793,1099617,36,110176482
121076219,17547320,1107850,39,111078200
121083344,17566726,1107764,40,111063548
120434700,17465572,1101683,36,110380074
121215236,17528968,1109044,40,111242291
121027476,17548467,1107019,39,110819414
121235967,17601042,1109010,37,111052650
121124831,17602903,1107854,39,111007584
121101490,17603523,1108000,40,111031930
121042263,17527131,1108870,36,110945205
121097348,17504857,1108743,39,111084570
121100677,17589139,1108152,40,111039919
121148975,17611148,1108798,37,111109482
121100131,17580397,1107856,39,111029482
121077428,17558511,1107276,40,111000046
121132116,17597074,1109054,36,111094386
121174409,17606437,1109142,39,110984623
121199245,17590999,1108868,41,111118656
121280256,17605228,1110976,38,111173763
118729616,17180031,1086130,38,108859222
121184252,17605631,1110009,40,111157773
121116968,17576614,1108563,37,110978096
121062156,17547754,1108196,41,110939277
120262591,17394180,1101018,39,110341125
121184897,17539724,1107211,36,111152346
121749187,17642087,1113393,39,111602424
121145468,17518614,1107462,39,111053428
121240049,17599462,1108792,38,111088885
121201375,17602344,1108471,38,110998754
121068565,17587403,1108628,39,110955272
121134373,17564680,1108399,40,111072526
121143191,17596454,1108167,36,111032746
121157016,17596021,1108096,42,111021159
121017294,17579529,1106749,40,110843961
121169751,17558107,1108565,37,111054425
121145725,17593200,1108078,40,110927126
121114757,17587186,1107652,39,111010431
121071083,17582163,1107795,37,110896005
121323709,17582133,1110769,40,111325315
119010392,17270273,1088775,38,108993250
121109110,17565671,1108827,38,111055810
120997984,17584272,1106974,39,110867478
121114765,17576057,1107711,39,111070754
120405183,17423722,1101799,36,110445855
121102904,17570539,1107110,41,110960546
121124417,17578847,1108079,39,111128808
121145628,17579776,1108288,37,111035343
121080652,17585760,1106949,39,110978133
121103193,17591650,1108460,41,111038582
121126117,17597167,1108229,36,110972510
121070227,17539818,1108152,41,111003226
121134126,17618186,1108151,39,110989396
121124693,17605475,1107874,36,111036385
121136488,17592363,1108507,40,110998368
121060178,17550172,1108067,41,110996383
121146101,17599151,1108890,36,111017205
121152853,17603957,1108377,40,110960809
121262244,17517250,1111480,39,111135734
121177479,17546855,1109431,40,111134909
118575869,17229817,1084961,37,108694703
120984442,17584210,1107599,40,110782252
121244126,17608606,1109411,37,111072522
120785945,17511205,1105570,40,110593841
120328896,17413183,1101236,39,110335555
121115589,17547474,1107100,36,111037221
121046303,17554605,1106371,40,110873307
121127786,17555132,1108698,40,111063366
121173647,17543568,1109227,37,110994839
121076603,17564587,1107900,40,110905233
121081728,17581327,1108172,40,111047997
121182221,17572677,1109494,36,111096836
121201696,17594378,1108602,39,111100160
121168886,17608979,1108213,39,111094990
121206025,17601570,1108487,42,111169243
121085994,17544157,1108347,38,111080110
121121471,17584396,1108444,39,110909224
121180555,17588643,1108246,39,111036363
121389213,17637963,1110052,39,111194875
118654779,17179153,1085350,39,108785800
121662266,17656853,1113723,38,111619836
121022318,17579343,1106802,38,110777757
121135267,17582195,1107522,40,110956303
121104812,17549769,1107927,40,110996764
120397512,17406579,1101857,38,110425622
121034163,17550327,1106768,39,110955872
121097639,17584520,1107904,39,110932874
120915902,17524534,1106917,36,110910880
120997710,17558790,1106520,39,110929447
121104419,17600764,1107443,40,111063239
121152891,17602406,1108508,38,110980312
121074554,17560867,1107755,39,111084076
121169630,17601384,1108428,39,111058448
121165080,17592269,1108398,37,111025166
120999245,17585326,1106675,39,110776056
121017725,17552528,1107481,39,110969661
121131608,17600546,1108004,37,111129858
121093224,17614559,1107947,41,111043299
121239456,17625068,1108985,39,111101944
118626768,17201824,1085869,36,108710514
121216736,17611955,1109547,39,111202796
121273971,17607088,1109547,40,111273399
121216158,17415538,1110691,39,111223576
121192552,17529170,1110199,39,111149682
120415454,17378897,1102153,39,110433454
121143447,17566213,1107981,36,110904767
121209051,17578103,1107857,39,111036894
121410520,17525372,1111342,39,111360364
121202167,17448057,1110989,36,111268226
120990156,17542949,1106204,42,110878671
120863932,17555628,1106187,40,110863612
120849189,17531385,1105879,37,110834365
120736613,17534517,1104931,41,110807117
120722295,17540810,1104402,40,110650374
120814829,17531106,1105211,37,110730094
120675985,17486746,1103621,40,110593831
120717916,17524442,1104456,39,110564139
120720508,17547443,1104566,36,110728733
120985147,17567811,1106403,39,110859382
118243960,17147481,1081688,37,108296221
120136172,17404503,1099431,39,110163121
120789700,17549056,1105394,39,110762047
120875749,17561936,1106353,38,110866138
120743919,17510042,1104749,40,110597206
120058695,17340085,1099270,39,110235373
120730183,17525402,1104275,37,110609184
120724787,17544468,1103929,39,110674510
120725813,17519946,1104352,36,110728244
120711451,17511267,1105023,39,110643640
120725404,17529371,1104989,41,110719447
120810270,17541584,1104947,36,110661755
120694497,17505470,1104080,40,110654222
120737604,17530177,1104654,39,110695734
120702473,17554728,1103962,36,110586653
120669940,17527511,1103825,40,110527254
100725108,15980673,1010879,40,91910566
120809833,17514056,1105556,38,110607993
120846471,17534455,1105430,40,110714268
120740076,17539787,1104409,39,110573246
118051727,17142366,1079659,37,108048042
120748511,17497441,1104097,39,110560377
120777624,17546544,1104953,39,110596492
120484026,17497937,1101540,40,110399193
120794349,17544529,1105015,36,110746319
120552216,17384074,1102735,39,110464236
120725216,17520753,1103965,39,110531579
120766269,17547506,1104743,36,110577113
120780413,17516133,1104906,37,110592638
120735007,17493628,1104157,40,110644467
120772266,17519109,1104377,37,110652072
120785963,17487769,1104775,39,110540611
120740169,17500169,1104061,40,110538804
120616054,17471245,1103685,38,110467604
120741026,17525992,1104481,39,110694854
120519251,17524318,1102336,40,110368167
120732227,17550946,1104264,37,110669949
120628467,17472796,1103890,41,110577764
120955246,17560123,1106701,40,110848667
118241334,17140382,1081562,37,108323059
120845429,17450197,1106774,39,110807557
120780582,17449886,1105036,38,110737985
120971489,17529898,1106409,41,110821204
120868114,17547661,1105808,40,110664686
121034396,17536469,1107332,38,110975263
120022234,17249286,1097695,40,110051421
120724139,17522489,1104235,38,110648196
120629157,17504818,1101784,37,110517750
120672387,17528193,1102953,39,110515580
120631139,17461976,1102816,36,110565647
120710145,17503858,1103776,40,110615146
120708466,17520722,1103598,40,110667749
120719669,17516722,1102992,36,110482574
120590702,17473385,1103094,39,110492144
120604068,17494372,1101643,42,110358000
120710201,17517094,1103595,37,110584405
120561232,17489598,1101599,39,110309370
120696928,17485971,1103691,40,110703178
120715751,17510212,1103835,38,110486718
118201597,17166330,1080362,38,108257980
120648608,17542421,1103441,37,110595628
120693958,17483801,1103393,40,110594348
120650179,17523232,1103382,38,110530159
121684453,17646024,1112976,40,111446845
120247813,17463465,1099497,41,110172152
119958678,17284901,1097237,36,109902226
120668263,17506558,1103540,39,110570208
120600940,17503269,1101390,40,110535693
120596054,17513684,1102345,37,110417392
120537077,17463589,1103122,39,110301751
120637657,17513685,1102817,39,110501380
120546748,17505500,1102656,39,110431835
120645060,17463713,1104203,39,110543523
120861701,17362839,1107165,39,110785394
120702865,17502648,1103615,38,110499494
120664366,17503982,1103839,39,110566699
120584766,17500292,1102239,37,110526080
120659032,17496046,1104243,39,110593486
120775894,17507733,1103808,41,110764500
118220367,17139886,1080349,38,108186302
120680879,17518428,1103061,40,110460992
121775680,17632074,1113802,38,111459669
120732948,17521124,1104285,37,110598649
120531395,17505687,1102478,40,110439709
120661110,17532036,1103534,36,110484116
120850028,17236886,1107965,39,110807228
120462394,17464054,1101633,39,110354287
120649275,17498308,1103015,36,110562249
120596788,17485568,1103119,39,110396132
120607746,17475245,1102751,39,110425872
120636886,17509282,1103437,36,110530063
120634992,17498872,1103823,39,110548687
120660818,17528994,1103818,41,110497901
120592299,17490620,1103046,36,110436031
120621236,17511535,1102767,39,110438200
120606227,17501141,1103588,39,110486751
120580641,17504508,1102511,37,110493390
120611047,17473664,1103464,41,110567518
120849573,17536686,1105797,36,110728142
119221947,17304590,1089102,39,109026020
120623089,17511019,1103334,39,110438104
120658684,17475461,1103118,36,110473960
120325164,17450600,1100487,39,110227691
120692017,17542514,1103955,36,110507522
120278028,17458040,1099898,40,110136316
119919373,17262275,1097801,39,110053295
120650551,17481661,1102978,36,110465763
120504870,17483491,1102309,41,110396849
120569268,17504230,1101744,40,110397225
120635796,17472392,1103292,36,110594638
120638409,17475121,1103972,41,110471754
120728918,17505470,1104395,39,110541009
120636892,17491333,1102748,37,110387491
120545415,17472982,1102103,39,110400513
120696556,17526797,1104212,37,110511927
121620358,17643327,1111387,39,111364889
120517109,17500975,1102348,39,110385184
120647595,17508476,1104142,36,110593511
119471503,17331324,1093141,40,109394781
118292466,17162721,1081907,36,108419487
120850875,17541864,1104668,39,110744093
120613896,17466844,1104267,39,110488895
120772184,17491271,1104387,36,110646485
120766548,17477508,1105283,39,110671472
120712696,17446539,1104678,39,110476660
120017904,17297676,1097351,37,109983136
120564932,17469541,1101883,39,110417669
120733843,17523326,1103470,38,110549379
120790440,17548807,1103906,38,110647311
120757852,17494961,1103823,41,110724304
120719730,17503144,1103895,36,110603276
120748287,17532409,1103910,41,110659827
120651185,17514708,1102735,42,110554763
120671638,17473446,1104209,38,110393207
120731606,17478128,1105619,39,110626457
120722836,17524578,1104184,39,110508038
120691720,17520864,1103684,36,110510799
120679188,17521001,1103722,40,110633862
118194806,17123642,1081190,37,108288389
120682341,17511918,1103992,39,110537688
120584031,17514150,1102743,40,110476964
120656421,17522271,1104143,36,110465718
120514526,17443749,1102626,41,110371064
120355870,17498061,1101463,39,110287821
120603067,17519481,1103499,38,110530248
119925818,17326259,1096592,39,109990818
120558022,17450816,1101834,38,110338845
120618455,17501750,1102411,39,110411842
120689635,17547940,1103945,40,110590674
120758772,17548652,1104846,38,110599982
120601557,17494186,1103496,39,110352538
120647611,17513468,1102733,39,110521746
120771337,17544746,1104241,38,110582771
120667746,17525930,1103604,40,110592394
120723698,17496821,1104364,38,110514309
120697001,17520752,1104130,37,110425552
120729800,17519265,1103869,39,110522187
120874661,17546700,1105640,37,110715456
118086141,17098687,1080419,37,108165957
120831887,17534176,1104691,39,110624819
120488279,17509065,1102253,37,110399987
119858809,17387391,1095926,39,109706716
120689009,17517466,1103871,37,110572747
120597540,17526798,1102272,39,110391968
120309428,17467278,1100733,40,110158013
120631964,17437672,1104165,38,110692519
120588319,17494000,1103189,40,110479998
120649567,17507671,1103510,38,110456469
120698925,17529494,1103371,37,110447214
120569815,17514522,1103036,39,110361243
120698803,17470160,1104793,37,110637268
120711563,17456862,1104723,39,110629909
120543505,17484979,1101887,39,110246571
120708502,17537616,1104975,36,110533407
120650582,17523326,1103952,40,110496272
120696681,17522861,1104862,39,110691853
120693977,17456923,1104450,37,110559178
120803249,17502804,1105389,39,110745546
118197380,17144629,1080980,37,108168750
120587376,17527077,1102704,40,110402068
120727012,17510802,1103905,39,110596906
120551525,17501222,1102318,39,110387935
120484048,17490342,1102354,40,110365132
120417351,17494341,1102061,38,110374806
119874722,17392164,1096603,37,109797547
120761861,17454537,1104716,40,110717727
120859042,17564338,1105010,36,110773780
121730352,17665926,1113642,40,111514175
120796581,17530115,1105770,39,110662131
120778922,17534238,1105615,38,110668412
120669927,17511111,1104268,38,110459517
120655876,17495054,1103801,40,110457791
120702677,17547381,1104439,37,110507827
120790698,17528038,1104505,40,110596296
120665311,17523078,1103406,39,110502047
120556746,17504663,1102666,36,110398935
120634621,17510616,1104090,40,110584437
120739261,17511453,1104026,39,110595705
118256609,17180465,1081114,36,108173457
120739533,17545987,1104616,40,110593865
120534140,17525247,1103128,37,110393623
119861043,17376293,1096169,41,109785183
120733008,17521558,1103058,36,110612272
120726872,17518490,1104211,37,110626306
119957246,17427071,1097105,40,109780311
120829154,17464580,1105576,38,110759381
120724174,17427753,1105036,39,110597435
120700411,17529898,1103895,39,110442119
120654296,17516071,1103736,36,110609249
120723795,17523574,1102837,39,110675486
120555335,17508291,1103417,39,110480734
120748400,17543537,1105109,36,110652045
120724054,17548281,1104155,39,110388695
120759823,17542763,1104966,38,110501384
120775895,17537213,1104441,38,110545012
120697630,17505563,1103418,41,110510154
120762762,17546177,1104763,36,110683956
120854922,17557018,1105723,38,110744803
118203771,17159572,1080812,40,108327960
120677554,17539073,1104131,37,110603595
120767297,17553861,1104127,39,110624197
120728153,17512475,1103507,38,110570129
121322316,17609010,1109659,39,111170889
120721665,17529247,1104417,39,110489021
119943574,17405061,1098321,37,109960303
120667831,17459837,1103768,38,110589504
120743521,17528658,1103155,40,110542520
120718076,17549684,1104900,37,110536691
120726642,17530664,1104202,39,110581995
120656368,17442719,1103932,42,110454404
120793348,17525843,1104803,36,110649348
120702817,17527201,1105213,40,110578608
120753995,17556527,1105221,40,110636100
120768184,17543196,1105254,37,110586202
120725877,17550451,1103967,39,110563243
120711158,17536997,1103959,38,110574016
120728762,17538670,1104698,36,110696565
118306292,17172468,1082388,39,108329738
120864642,17549551,1105314,36,110686640
120882615,17568183,1105976,39,110704689
120221250,17438541,1098750,39,110017517
120476395,17460209,1102164,40,110409905
120722273,17516506,1104549,40,110524540
120741005,17535880,1104975,36,110596338
119927283,17403635,1097811,39,109906902
120575097,17437053,1102129,40,110435791
120655279,17517683,1103335,37,110489685
120582137,17523140,1102885,41,110434128
120603762,17509593,1102531,43,110431262
120736829,17538326,1104227,38,110595517
120551563,17520880,1103547,40,110391745
120688723,17528503,1103687,41,110483055
120724758,17547133,1103985,37,110493558
120716135,17523853,1104575,40,110466164
120739668,17533865,1104593,36,110592331
120711667,17541554,1103636,39,110521615
120796409,17554326,1105003,40,110559382
118155117,17152565,1081452,37,108315881
120530845,17512197,1102575,39,110334268
120690980,17518675,1104038,36,110567962
120380776,17474811,1101167,40,110246475
120631898,17535695,1103676,40,110393688
120326658,17460643,1101135,36,110257704
120568015,17494930,1102919,40,110475542
119821382,17346936,1095576,41,109842598
120737512,17484544,1105032,40,110672980
120528879,17486126,1102268,39,110387028
120732321,17525495,1104897,39,110602095
120703581,17528565,1104958,39,110572977
120662899,17519017,1103789,39,110438120
120695336,17530207,1104069,36,110616998
120584623,17516444,1103103,40,110440923
120674269,17537400,1104247,39,110563948
120647749,17511204,1103949,37,110461498
120572819,17376696,1104379,40,110421763
120643037,17490001,1102843,39,110579243
120827068,17551380,1105032,37,110745703
118049302,17133222,1080298,40,108162837
120661654,17521093,1103370,37,110513730
120729384,17536966,1104397,40,110527309
121467762,17625006,1111115,40,111324096
120637705,17501625,1103843,38,110569966
120662687,17511515,1103583,40,110557798
120577011,17502153,1102970,39,110491323
119939566,17374215,1097932,38,109831446
120684778,17487149,1102986,39,110552683
120700034,17519481,1103287,36,110496712
120658917,17530270,1103292,41,110597161
120665892,17540996,1104048,41,110447837
120609477,17524131,1101988,36,110402469
120600069,17536315,1102965,39,110363587
120565715,17513375,1102839,39,110432559
120672603,17376137,1105382,36,110654294
120659892,17467867,1104002,39,110397167
120734402,17529712,1104528,38,110499958
120846151,17546730,1105056,38,110600920
120876272,17556806,1105566,39,110609423
118260148,17180093,1081708,36,108391001
120696486,17509252,1103547,39,110520328
120783837,17545956,1104832,39,110597175
120754716,17505066,1104539,40,110651614
120471393,17483274,1101723,39,110371782
120830499,17539135,1104966,36,110641219
121784080,17670421,1113905,39,111564749
120092629,17392971,1099199,39,110057179
120714045,17502835,1103742,38,110651995
120656589,17508724,1103362,37,110525057
120621853,17506121,1102978,39,110586035
120771429,17544405,1104697,38,110628414
120610693,17518676,1102514,39,110562786
120697561,17430140,1105488,41,110672212
120727480,17515854,1104500,38,110612002
120665892,17515204,1103306,39,110593587
120695042,17524132,1103726,41,110583159
120748116,17530052,1104539,37,110662799
120665345,17529991,1103222,39,110536433
120929602,17559193,1106926,39,110869946
120753970,17514118,1104407,36,110525497
120765181,17537834,1104269,41,110594555
120702309,17530208,1104326,38,110579157
120951939,17539011,1106534,37,110862398
120549293,17494775,1103082,39,110430495
120635479,17428899,1103549,39,110418760
121662652,17640599,1112628,40,111380652
119869656,17330630,1095916,39,109858976
120634183,17484389,1103574,37,110609582
120702051,17518614,1104053,40,110601368
120550533,17478159,1102554,40,110409337
120712461,17536407,1104812,36,110676816
120581940,17499890,1102760,39,110408450
120652334,17522179,1103863,39,110527153
120506780,17521310,1102761,37,110356105
120626800,17515669,1102741,39,110461424
120613754,17504664,1102532,42,110546690
120744714,17528192,1103820,38,110445308
120513220,17508756,1101586,40,110335345
118151180,17143172,1079591,37,108236206
120742760,17536315,1104136,39,110589714
120655726,17535446,1103041,37,110418951
120392917,17468022,1101042,42,110243321
120617939,17508446,1104050,39,110454599
120360504,17490155,1100338,36,110102622
120603478,17490590,1102443,39,110492886
120611789,17512724,1102494,39,110502189
119863396,17343153,1097039,36,109910248
120553788,17452491,1102066,39,110371775
120684531,17509531,1102764,38,110587824
120683419,17502028,1104044,37,110392312
120536200,17504757,1102492,41,110459817
120640523,17492077,1103608,37,110549155
120608173,17501378,1102953,40,110451531
120587269,17511205,1102396,41,110569497
120661102,17531447,1103848,36,110592445
120575337,17508322,1102317,39,110400765
120644965,17525403,1104410,39,110504494
120742124,17541863,1104474,37,110602111
118135175,17142243,1079967,40,108167966
120853491,17564443,1105449,36,110637355
120627969,17436979,1102855,40,110538860
120747035,17485630,1104723,39,110632348
121323939,17595059,1109142,37,111178148
120668998,17512476,1103633,40,110494988
120682946,17515080,1103797,38,110512845
120708438,17527603,1104144,37,110559099
119747002,17257036,1095327,39,109823105
120637705,17480204,1102710,36,110543465
121594357,17629315,1110994,39,111353268
120604585,17510399,1102964,42,110531085
120657876,17526611,1103053,36,110568366
120658376,17521466,1103551,39,110476361
120600933,17520691,1102714,40,110449284
120656915,17514862,1104117,37,110559794
120606858,17516413,1103165,39,110553699
120616015,17516041,1103642,41,110376334
120686909,17542421,1103757,36,110563664
120756545,17522799,1104099,39,110589168
118295327,17185859,1081546,37,108263468
120750929,17536470,1103795,40,110705041
120710855,17515142,1103205,40,110568261
120702438,17501160,1104078,37,110493019
120737298,17546421,1104810,39,110627429
120423535,17483088,1100880,39,110267564
120713863,17534795,1104404,38,110427994
120737165,17554760,1103381,40,110637355
119997932,17366589,1097644,36,109931990
121743726,17651635,1112582,39,111460885
120687161,17515666,1102422,39,110477627
120705472,17521748,1103378,40,110491525
120722470,17518613,1103495,39,110541358
120691415,17502897,1103518,39,110564719
120774564,17540592,1103603,38,110576452
120705732,17522768,1103731,39,110606159
120770870,17528193,1103986,39,110526202
120692780,17481267,1104807,37,110693587
120523183,17451056,1103362,39,110453027
120758732,17541957,1104445,39,110573431
118102517,17161617,1080598,36,108259572
120676831,17537648,1104285,39,110531399
120880839,17529463,1105706,36,110788408
120641653,17511453,1103709,40,110458837
120894555,17549180,1106255,39,110753193
120669180,17506771,1103776,37,110548947
120555775,17512042,1102756,39,110371209
120609100,17509872,1103442,38,110599163
119842554,17330164,1096649,37,109967591
120585308,17491024,1102727,41,110518785
120606728,17506585,1103027,37,110401667
120506619,17503269,1101923,39,110432839
120469136,17384756,1102451,41,110371992
120628716,17518489,1103668,36,110440519
120539726,17495085,1102647,39,110417232
120631591,17515700,1102762,38,110386922
120488907,17484916,1101357,39,110343525
120528461,17503703,1102540,39,110542707
120606142,17512940,1102783,36,110603011
118161483,17154674,1080659,41,108176707
120592595,17488388,1102922,37,110437789
120587067,17505129,1102319,40,110495275
120440406,17491520,1101928,39,110229407
120359218,17452738,1099636,37,110373626
120295038,17474036,1100173,39,110241093
120601787,17508725,1102778,38,110436861
120577920,17495239,1102685,37,110396566
120624602,17528565,1103422,39,110516361
119811075,17319407,1096435,36,109842529
120553578,17482623,1102167,40,110437949
120543567,17489753,1101968,39,110439800
120666298,17502059,1102684,39,110486558
120530651,17488482,1102202,39,110467708
120604673,17514150,1102987,39,110401233
120658165,17503485,1103397,37,110505245
120636609,17522923,1103459,41,110492091
120557426,17506152,1103373,37,110404023
120582488,17500664,1102650,38,110405179
120562911,17516258,1102331,40,110389089
118289442,17155355,1081865,36,108296273
120691137,17515824,1104042,40,110597101
120763647,17540499,1104376,36,110700256
120490524,17484111,1101816,39,110379437
120686583,17519761,1103026,39,110600866
121513461,17629159,1111896,37,111347955
120569241,17304466,1104302,39,110621981
120544806,17497565,1102625,40,110498136
120613036,17521062,1103011,37,110391513
119811966,17335962,1095532,39,109786237
120456488,17466844,1101429,38,110309038
120647206,17525991,1103451,37,110465650
120700502,17529557,1104172,41,110521417
120582684,17523015,1103088,36,110441368
121590259,17653867,1111890,39,111364766
120553276,17450476,1101986,42,110402557
120677918,17391916,1105505,36,110588497
121552235,17629377,1111988,39,111299102
120604127,17500355,1102540,40,110405517
120573120,17505512,1102575,36,110471758
118179818,17152678,1082332,39,108245674
120540802,17405432,1103535,37,110353700
121596187,17617869,1112886,40,111370305
120607155,17475710,1103498,40,110413603
120792492,17538981,1105636,38,110654198
120240770,17443996,1098965,37,110179297
120673179,17524690,1103328,40,110395639
120704929,17532532,1103446,36,110558003
120681178,17531293,1103328,39,110471926
119865284,17350966,1096318,39,109920568
120676598,17493937,1103079,37,110586353
120531682,17489040,1101169,40,110319545
120711733,17519978,1103415,39,110539449
120659255,17526766,1103260,36,110444892
120710676,17530673,1104430,41,110472500
120687945,17521094,1103655,38,110648547
120633701,17526549,1103245,38,110606851
120678849,17529557,1104560,40,110628746
120637496,17528688,1103729,37,110678024
120820613,17563068,1105130,39,110593415
118347128,17183534,1083035,37,108436454
120659719,17523109,1105092,40,110521950
120716256,17546886,1103617,40,110585298
120785914,17547288,1104977,36,110696406
120786692,17534114,1104234,40,110600196
121141679,17562448,1107624,41,110966816
120712844,17516412,1104857,37,110599920
120450872,17486560,1101211,39,110221250
120678886,17514801,1103013,42,110519571
119870545,17332768,1096975,36,109906707
120639670,17489443,1102826,40,110445958
120590565,17484049,1102509,38,110348192
120709240,17527851,1103088,38,110486306
120632959,17520195,1103738,39,110499449
120704623,17543103,1104398,36,110476065
120609892,17505656,1102521,39,110464035
120635414,17530549,1103457,40,110503125
120698615,17527479,1103294,36,110513942
120600390,17527201,1103184,40,110575427
120732475,17517002,1103713,39,110564630
118194044,17159757,1081089,36,108303140
120534337,17524256,1102752,40,110438873
120755128,17475399,1105059,36,110584087
120270784,17401434,1099993,41,110230266
120692754,17521280,1103834,41,110545153
120618424,17481103,1103864,36,110529015
120654740,17478903,1103899,40,110404125
120841286,17532750,1105576,39,110635270
120794539,17541987,1104033,37,110654998
119897544,17264724,1097536,41,110005682
120741028,17468672,1103848,36,110447976
120643006,17494899,1103765,40,110511707
120566515,17491861,1103101,41,110416331
120647691,17534950,1103492,36,110457577
120600153,17521559,1102483,40,110497947
120584973,17507268,1102634,40,110403156
120735616,17532563,1104305,36,110671053
120582453,17503548,1102296,42,110339127
120634495,17524814,1103923,38,110514947
118241008,17161338,1081271,37,108217030
120646912,17505470,1103436,43,110389380
120651487,17518737,1102367,36,110348022
120708361,17535943,1103020,40,110484629
120764621,17522830,1104269,39,110614271
120615378,17518830,1103473,37,110593521
120863209,17518738,1105945,40,110679038
120787381,17539445,1104606,36,110732672
120693900,17524101,1103067,40,110518436
120706823,17528999,1103889,39,110560349
119940946,17331497,1096245,37,109984247
120676863,17512073,1103192,39,110493901
120648955,17513964,1102995,39,110425238
120731473,17541088,1104075,37,110572024
120609231,17513871,1103139,39,110547363
120685219,17502308,1102897,41,110545806
120696787,17525557,1103398,37,110504432
120666274,17521125,1102868,39,110549634
120668310,17540717,1103861,38,110596025
120710526,17531664,1104276,39,110662959
118307383,17161928,1081443,39,108336055
120911415,17559688,1105337,38,110719323
120807195,17534951,1104687,40,110748179
120844152,17552807,1106049,38,110728739
120658630,17496355,1103168,39,110476633
120424456,17476268,1101096,40,110220401
120885922,17514180,1106194,36,110602571
120845557,17474315,1105667,40,110739950
120610299,17520846,1102939,39,110525793
120800222,17561889,1104676,36,110619860
119840388,17322601,1096001,40,109896579
120728967,17518211,1103570,39,110632870
120802322,17465293,1104952,37,110841682
120624502,17474005,1103291,39,110446160
120718907,17525961,1103803,39,110458126
120775358,17547226,1104971,37,110559795
120541039,17491458,1102904,40,110539143
120634645,17520288,1103219,41,110401462
120655180,17513994,1102754,38,110495284
120702344,17537400,1104161,42,110480959
118209824,17144257,1081545,36,108182020
120742969,17521931,1104918,40,110652321
120740999,17542297,1104441,36,110503293
121646941,17657680,1112294,40,111533207
120551256,17496077,1102396,39,110410531
120805497,17539507,1105207,39,110708836
121026131,17540159,1106789,37,110815714
120767377,17529433,1104408,39,110592559
120763834,17538763,1104380,36,110629916
121732992,17672002,1112936,41,111431100
119823125,17322384,1096077,41,109813094
120722075,17513747,1103031,41,110523612
120600176,17522023,1102930,38,110477478
120664983,17507733,1102860,40,110567501
120718516,17526363,1103710,36,110624707
120658007,17507578,1102965,39,110444653
120729318,17544375,1103992,39,110580715
120794238,17539445,1104186,40,110646298
120703723,17524473,1103080,40,110601594
120620048,17515018,1103252,39,110549198
118240858,17175257,1081188,37,108329788
120710632,17537679,1104629,39,110621782
120571039,17514211,1103138,36,110397777
120442939,17499363,1101329,39,110301352
120747209,17557128,1104044,39,110572862
120329299,17475883,1100844,38,110189447
120638665,17492574,1102739,40,110530680
120756181,17445763,1104655,37,110689331
120738792,17474253,1105424,39,110672507
120581662,17493380,1102554,40,110519064
120006112,17359087,1097787,36,110056604
120580561,17491985,1102513,39,110368013
120644020,17522706,1103372,39,110554800
120702819,17523914,1103413,36,110601140
120640145,17523419,1102982,39,110417360
120622568,17507020,1103179,39,110387776
120671193,17514025,1103116,38,110623851
120658121,17451344,1103823,40,110615717
120743412,17518862,1104413,38,110545399
120774704,17520234,1104103,37,110665672
118275223,17158664,1081656,38,108367395
120777350,17524565,1104861,37,110678013
120860220,17555659,1105514,40,110611335
120607994,17506400,1102598,39,110485176
120796026,17539352,1104792,38,110664119
120714331,17525496,1104138,40,110626669
121414949,17597602,1110691,39,111225724
120662338,17533586,1103101,38,110512094
120709219,17535447,1104515,41,110526952
120891243,17550202,1105735,36,110716061
119936926,17333296,1097729,39,109891820
120579066,17503145,1102805,40,110493580
120577261,17494774,1102629,36,110433071
120497751,17501998,1101986,39,110337626
120670196,17526674,1103024,40,110552585
120617039,17503733,1103028,36,110472087
120607798,17516196,1102040,41,110447418
120615161,17529464,1103580,38,110437519
120605205,17533617,1103368,38,110550753
118181908,17156720,1080939,41,108343742
120680031,17537709,1103928,38,110505467
120626920,17505253,1102869,40,110643470
120627176,17512382,1102881,36,110472304
120605306,17487304,1102156,41,110420831
120298374,17465759,1100133,40,110220440
120667635,17500571,1102811,37,110524250
120626781,17514398,1102801,39,110599169
120613306,17528565,1103462,40,110399749
120679343,17523914,1103732,36,110577475
120641876,17527294,1103519,39,110408862
119862983,17318199,1096562,38,109801237
120647922,17511514,1102701,38,110532656
120589484,17516537,1103215,40,110450766
120723474,17510801,1103075,36,110485464
120530366,17498092,1101701,40,110377899
120646917,17523078,1103308,40,110371996
120632050,17524720,1103375,36,110607036
120609152,17517901,1102120,40,110550679
120653317,17524659,1103455,39,110466919
118208614,17154673,1080721,37,108259672
120746051,17513685,1103704,39,110516147
120714223,17542297,1104517,37,110566388
120766052,17464333,1105327,39,110733939
120725000,17463496,1104582,38,110539296
120759762,17530424,1104854,39,110644946
119698782,17368521,1095723,40,109584806
120637706,17464726,1103694,36,110559196
120623309,17505656,1103584,39,110438557
120874086,17442979,1106722,39,110744321
120651094,17487670,1104685,36,110591338
119861536,17295662,1096560,39,109894315
120606089,17488048,1102507,40,110534649
120670835,17517187,1103437,37,110500491
120653358,17523605,1102865,40,110566310
120629959,17512413,1103275,36,110637293
121537651,17616140,1110905,39,111351953
120558346,17496480,1102767,40,110439832
120668332,17538732,1104043,36,110545386
121406189,17616885,1109976,40,111173337
118155085,17145002,1080263,39,108163100
120664697,17530362,1103347,36,110401722
120603481,17512786,1103662,39,110497771
120479423,17474779,1101599,36,110315924
120567743,17492450,1101932,37,110298215
120259305,17464891,1099333,39,110056060
120570949,17500354,1102214,36,110439973
120597350,17489877,1102398,39,110344825
120565482,17494155,1102876,39,110464373
120559862,17484854,1101777,36,110343489
120530372,17476404,1102168,39,110500686
119866954,17304206,1096932,38,109928355
120574373,17494154,1102150,37,110417812
120631239,17504781,1102714,39,110487257
120617503,17505972,1102963,36,110469337
120506183,17478097,1102596,39,110374595
120399277,17466069,1100668,39,110204344
120581884,17510274,1102192,36,110371689
120362901,17342937,1101557,39,110427665
120704622,17512197,1104211,38,110491329
118284448,17146241,1081640,38,108310604
120740382,17528379,1103689,40,110598675
120700303,17516505,1103783,36,110438678
120604558,17511639,1103090,39,110463722
120915333,17535292,1106909,38,110790349
120846488,17537771,1105526,37,110697767
120250549,17437704,1100690,39,110092484
120609465,17494805,1103105,36,110444348
120596169,17520350,1103535,40,110421249
120557006,17499022,1101564,41,110406372
120623140,17513560,1102957,36,110436888
119866968,17326569,1096702,39,109863191
120617272,17485174,1101783,40,110497915
120596278,17523905,1102914,36,110405733
120577277,17490683,1103246,39,110333355
120616524,17433363,1103383,39,110499902
120639497,17452646,1103671,42,110407831
120528393,17486839,1102967,40,110365628
120597225,17519047,1103249,36,110449616
120602789,17523915,1102911,41,110501413
118320472,17187595,1081587,36,108348411
120800044,17553768,1105054,39,110603159
120645256,17525775,1103277,40,110469641
120675257,17497967,1103417,37,110482086
120000734,17411106,1097087,40,109971309
120952732,17533122,1106340,39,110722913
120842340,17519791,1105363,36,110659740
120629578,17517684,1103793,39,110506738
120710303,17528720,1104098,39,110506336
120679668,17491426,1103254,40,110583237
120745045,17460985,1106036,39,110788401
119944846,17324491,1097149,36,109882940
121761270,17664066,1113513,39,111571176
120635682,17515607,1103659,40,110425879
120625752,17503175,1102947,38,110501223
120635180,17517467,1102772,39,110390998
120580440,17489443,1102143,39,110362195
120700408,17506430,1103263,36,110619233
120531649,17487428,1100998,41,110372807
118274141,17185022,1081458,37,108353881
120662674,17507764,1102953,40,110546862
120651073,17522489,1102718,39,110517075
120713224,17522178,1103372,36,110518251
120537068,17518087,1102528,41,110429804
120696299,17530518,1103835,39,110458833
120816795,17522085,1104800,36,110767790
120524559,17477725,1101943,40,110352668
120548205,17493194,1102251,38,110468317
120638794,17515141,1103949,38,110390557
120624256,17513189,1102915,39,110383337
120626305,17495022,1102149,36,110487360
119855284,17304435,1096482,39,109878860
120633351,17505625,1101615,39,110442711
120662115,17515079,1102067,36,110396341
120613497,17528376,1102754,39,110500545
120663274,17409497,1104187,38,110598234
120644155,17494123,1103402,36,110488725
120628679,17501130,1102460,39,110377082
120650784,17511731,1102913,37,110673347
118184177,17149714,1080443,41,108200830
120652394,17530518,1103218,38,110378727
120533242,17424280,1103504,37,110434323
120319173,17462597,1100525,39,110162923
120686704,17519884,1103418,36,110537577
120149327,17469944,1099390,42,109902832
120595936,17490807,1103267,39,110366358
120697166,17521062,1103894,39,110523694
120967708,17486436,1106618,40,110801210
120677867,17485785,1104416,40,110556220
120697271,17529463,1104079,37,110445875
120630965,17487645,1104219,40,110550487
119821409,17304993,1095984,38,109719683
120625152,17496758,1102452,37,110392143
120644321,17526888,1103106,39,110450570
120653633,17528381,1102917,36,110497454
120457108,17485227,1101872,40,110373996
120659734,17519637,1103752,39,110533308
120642876,17520628,1103593,37,110469841
120624855,17508260,1103496,39,110473798
118242178,17154879,1081214,36,108383739
120805864,17542619,1105316,39,110722088
120696992,17537896,1104169,40,110657983
120775006,17547040,1105019,36,110564578
120576128,17493826,1103265,39,110398598
120719356,17518106,1104018,39,110528617
120771454,17537554,1105465,38,110637747
121731548,17637716,1112878,40,111449427
120497413,17468983,1101838,38,110439158
120652085,17503950,1102766,37,110558718
120617300,17504168,1102448,39,110480632
120692894,17520783,1103656,38,110399884
119884529,17331250,1097050,39,109903936
120570601,17496387,1102258,40,110372744
120709953,17537554,1103750,37,110651814
120621118,17509438,1102397,39,110510719
120581146,17518056,1103079,39,110529390
120766790,17545831,1104685,38,110756316
120535678,17507175,1101917,39,110474998
120655247,17533711,1102543,38,110421272
118229147,17174420,1081377,38,108347589
120653957,17525124,1103380,39,110600680
120659379,17529680,1103284,36,110501674
120644289,17502370,1103677,41,110628759
120653027,17511979,1103829,37,110592728
120264357,17462008,1099995,38,110204943
120578022,17508880,1103207,39,110512719
120636919,17515327,1102598,36,110527889
120584195,17425180,1103450,39,110461863
120603838,17504602,1103486,40,110483378
120697446,17506833,1103988,37,110550595
120516625,17519265,1102902,39,110295965
119929804,17303350,1096975,38,110055235
120611507,17483766,1102387,37,110407230
120618662,17506756,1102544,39,110469012
120659184,17503349,1103422,36,110640971
121602823,17649961,1112158,39,111353938
120527604,17508787,1102132,39,110425793
120619656,17519605,1103955,36,110378769
121632939,17650519,1112086,39,111452321
118258649,17170825,1081021,40,108237858
120641224,17532997,1103553,36,110414537
120521447,17477787,1100621,42,110416216
120481475,17490558,1101846,36,110383188
120586883,17513840,1102803,39,110393092
120539838,17488358,1102547,39,110401071
120626428,17521930,1104125,37,110491790
120689304,17479151,1104098,40,110646819
120661196,17496108,1103785,39,110515628
120781779,17538701,1104932,37,110587242
120721563,17517219,1103883,39,110634262
120519151,17489691,1102560,39,110473399
120761360,17431038,1105087,36,110610716
120745570,17510306,1104596,39,110559012
120576270,17532564,1103064,39,110484562
120768361,17510801,1104527,36,110600122
120505313,17479647,1101991,39,110393241
120767419,17502928,1104218,38,110660593
120599448,17503516,1102597,38,110398534
118074709,17153713,1080463,38,108113046
120662516,17526631,1104035,37,110465526
120786485,17542061,1105322,40,110569605
120656236,17529742,1103061,36,110421625
120470723,17491892,1101591,40,110313068
120286035,17473261,1100110,42,110118882
120643990,17412593,1104940,37,110483653
120409822,17448244,1101787,42,110294501
120656926,17510198,1103674,39,110591237
120528593,17491441,1101693,36,110354040
120586179,17492171,1102067,39,110417002
120570993,17501129,1102673,36,110381678
119887192,17315564,1097123,40,109777671
120496548,17395575,1103021,39,110465569
120640575,17509468,1103061,36,110422732
120641677,17514212,1103095,39,110526638
120620999,17493783,1102183,40,110409668
120576181,17419351,1104158,37,110348235
120653021,17499859,1103715,39,110492055
120499566,17494992,1102069,40,110405629
118205254,17163508,1081067,38,108203488
120815381,17481104,1104894,38,110774207
120726941,17536872,1104360,38,110613166
120718960,17540159,1103491,39,110501282
120607468,17526705,1103061,38,110419124
120803525,17478189,1101608,37,110716826
120755679,17498216,1102496,39,110527032
120732862,17512785,1102832,37,110614998
120730300,17492822,1103332,40,110570303
120534072,17492264,1101558,39,110354201
120665678,17502524,1102309,36,110469277
120593100,17509593,1102096,40,110537526
119828194,17381625,1095643,39,109777652
120698143,17468176,1104543,36,110606663
120668358,17551319,1104027,40,110506821
120643825,17528813,1103176,38,110555525
120887951,17542886,1105912,37,110789556
120820519,17529247,1105201,40,110747581
120704643,17516474,1103730,38,110610856
120637141,17511949,1104056,39,110548671
118149315,17159416,1080534,36,108194285
120602811,17511143,1103394,38,110474180
120604469,17511422,1102733,41,110429360
120640294,17512072,1102990,37,110583472
120595412,17501130,1103537,39,110463225
120261926,17414175,1101041,40,110254060
120616205,17452738,1104257,36,110544100
120740076,17512290,1104579,39,110565145
120628581,17516909,1103981,41,110573636
120557514,17508104,1102974,36,110469654
120591319,17496573,1102488,41,110534382
120704251,17515048,1103218,37,110534662
119885929,17383877,1097236,40,109925037
120718263,17346761,1105182,41,110690887
120764945,17525650,1104864,36,110629195
120836089,17501285,1104468,40,110598897
120653407,17503951,1103797,40,110531303
120604126,17502524,1102998,36,110579890
120548322,17520660,1103345,39,110419680
120592186,17526023,1103654,41,110440247
118086465,17140072,1079353,36,108179352
120488485,17491582,1101912,39,110284120
120609895,17530960,1102381,36,110468458
120439552,17473469,1100767,39,110470219
120588704,17519326,1103018,37,110552356
121555618,17655355,1111943,39,111397882
120641971,17503238,1102778,39,110602050
120739422,17536593,1105411,36,110670089
121005952,17547258,1107467,40,110820878
120693019,17509903,1103384,40,110439574
120656946,17506771,1103219,36,110391696
120586285,17486405,1102883,44,110503086
119943251,17391948,1096857,40,109884757
120623309,17468579,1102982,37,110495444
120659895,17522737,1103232,40,110570746
120601022,17517622,1102652,42,110384652
120714495,17523108,1103676,36,110517469
120505741,17504905,1102641,42,110301223
120690251,17513816,1103487,39,110489424
120493835,17491984,1101432,37,110424668
118128504,17150613,1080615,38,108254142
120501638,17511359,1101878,37,110279948
120666005,17524132,1102897,39,110479147
120420432,17467339,1102031,37,110352652
120695539,17525516,1103908,39,110423355
120119251,17453897,1098003,40,110075999
120793478,17541274,1104643,36,110577013
120519571,17493008,1102225,40,110376048
120613638,17510399,1102905,40,110525520
120449763,17482746,1101734,37,110322532
120656279,17517002,1103124,40,110430931
120677159,17515482,1103398,36,110639097
119898331,17384911,1097438,41,109877158
120636623,17459032,1102812,39,110632691
120758362,17503361,1104148,37,110598259
120427787,17479764,1101481,40,110280682
120588126,17525441,1103061,39,110541537
120591653,17500990,1102377,37,110525971
120497685,17490171,1101644,39,110366318
118137227,17122092,1080744,36,108234795
120773511,17525837,1104262,39,110494740
120607142,17514584,1102743,38,110470986
120741627,17531199,1104304,37,110462527
120527069,17499549,1102855,40,110383776
120697775,17491240,1104517,36,110521392
120696748,17522427,1104588,39,110573752
120642811,17512259,1103778,41,110535265
120751353,17522240,1104264,36,110636382
119871407,17388104,1096598,40,109673993
120548085,17492791,1103149,40,110347073
120638644,17506833,1103494,36,110427095
120654232,17535230,1103579,39,110568882
119844032,17368542,1095882,38,109873166
120708130,17472362,1103451,38,110631202
120654364,17524814,1102397,39,110458979
120553427,17499796,1102225,36,110472709
120522284,17491613,1100960,40,110327827
120496114,17496201,1100784,39,110362308
120676852,17520907,1103242,37,110560997
117964929,17116265,1077910,40,107963208
120740191,17531850,1104415,36,110611378
120582068,17495946,1101854,39,110389555
120625154,17494844,1102656,38,110504048
120550979,17469695,1102082,38,110512557
120310471,17455766,1099555,40,110252380
120629612,17510750,1103582,36,110587280
120659384,17527976,1102989,39,110526530
120557830,17500603,1102456,40,110481540
120689183,17551845,1103906,38,110613465
120504916,17504416,1102621,40,110361059
120626086,17502751,1101723,40,110285855
120583928,17497772,1101513,36,110410599
119774011,17336706,1095156,41,109784465
120455347,17454691,1101395,36,110398006
120611102,17502122,1103024,41,110412543
120630803,17507082,1102219,40,110488017
120631481,17516784,1102032,36,110494058
120539093,17524423,1102729,40,110463953
120579964,17483076,1102162,40,110451731
118181652,17152255,1080069,37,108205143
120571375,17472579,1101934,40,110565298
120580435,17501873,1102547,36,110320969
120547402,17515452,1102455,39,110366915
120582857,17503145,1102362,38,110398445
120569412,17511266,1102650,38,110388446
120635166,17515452,1103005,41,110575788
120609202,17510643,1103203,36,110531889
120685700,17530800,1103517,40,110531038
121157187,17571562,1108328,41,110970593
120734731,17503547,1103863,39,110772855
120687553,17501998,1103596,39,110543821
120651934,17520765,1103409,40,110433684
120023230,17390137,1098024,37,109841910
120658865,17471773,1103101,40,110528160
120701048,17520970,1103375,39,110614643
120668626,17412345,1105264,37,110528402
120734857,17513902,1104273,39,110550879
120710287,17391359,1105063,39,110656746
120685808,17516009,1104417,38,110508810
118272330,17163881,1081461,39,108321419
120771432,17536717,1104224,37,110687760
120651156,17521187,1103424,39,110588173
120474879,17485537,1102565,36,110455542
120729351,17529959,1103567,37,110605760
120367727,17463992,1100326,39,110266432
120633842,17491581,1103152,39,110522841
120706364,17520164,1103746,39,110550343
120650054,17517684,1103880,40,110613538
120712441,17539879,1104856,37,110695266
120628438,17510833,1102745,41,110587167
120655912,17495271,1102955,40,110461124
120725673,17531695,1103923,36,110589205
119847819,17359987,1096006,39,110030269
120674138,17498216,1103587,38,110570985
120625430,17511421,1102563,39,110414215
120618032,17514150,1103087,40,110431622
120661019,17521093,1103708,36,110517105
120702310,17511670,1103614,40,110617997
120686539,17486529,1103839,41,110537772
118348184,17171661,1081812,37,108376003
120709974,17537090,1103912,41,110528977
120766330,17560565,1105597,36,110600107
120690831,17535531,1104191,39,110480005
120683871,17543197,1103630,40,110543779
120829567,17563749,1104615,36,110533773
120940501,17554481,1106613,40,110825862
120918862,17533425,1106029,40,110847921
120796914,17531609,1104436,36,110628041
119501713,17314448,1092835,40,109470262
120677164,17392257,1104015,37,110524900
120687498,17496790,1103175,39,110453157
120520187,17463434,1101802,39,110411554
119942322,17373750,1097777,36,109965349
120783320,17490311,1104771,39,110686392
120609978,17380633,1104226,40,110513336
120619380,17430945,1103781,36,110609007
120783341,17429985,1105324,39,110789298
120698194,17512972,1104108,40,110524860
118098312,17137143,1080214,36,108304308
120855491,17528022,1105434,40,110747736
120723155,17512103,1103978,37,110523624
120909139,17511422,1106376,41,110801956
120636131,17470285,1103530,42,110442706
120351268,17380598,1102052,37,110396223
120748025,17513099,1104312,41,110577447
120704726,17512476,1104221,40,110536458
120633875,17503113,1103235,37,110546573
120526848,17506741,1102393,39,110369711
120686521,17532253,1103735,38,110473453
120568470,17492760,1102999,39,110458850
120585566,17493845,1102739,41,110455120
120663734,17527975,1103940,37,110453105
119812541,17348796,1095888,40,109777616
120661271,17500510,1103086,40,110592996
120618060,17509096,1103766,37,110566896
120480593,17489133,1101490,43,110308237
120689130,17490837,1103883,36,110454392
120718902,17530084,1104004,39,110587220
118091024,17138429,1079850,36,108080504
120746895,17515793,1103821,41,110469684
120622850,17493225,1102736,39,110485161
120612749,17537213,1104069,36,110496288
120412879,17487025,1101465,39,110246538
120473584,17494496,1101850,40,110310966
120626916,17510832,1103810,36,110562164
120540365,17515762,1102504,42,110438949
120772330,17471091,1104784,39,110590118
120961938,17520876,1106628,38,110794441
121080151,17511969,1108313,40,110936132
120649749,17499281,1103614,39,110624928
120604720,17505004,1103140,38,110459850
120541005,17486994,1102625,39,110415067
119891664,17339371,1096427,38,109803671
120556441,17483026,1102529,40,110403291
120519278,17482344,1101682,39,110363900
120633700,17535477,1103500,36,110542457
120605023,17511360,1102304,39,110465116
120564822,17517808,1102363,38,110426026
118071222,17162423,1080013,37,107968373
120746016,17533897,1104501,38,110609878
120706024,17529339,1103966,36,110589529
120300457,17468859,1100204,41,110168190
120633621,17514800,1102867,36,110438250
120218011,17458226,1100004,40,110103235
120571110,17508818,1102809,39,110371631
120548637,17511049,1103422,36,110347622
120527309,17493892,1101304,40,110375896
120464965,17371844,1102712,40,110523082
120610036,17510212,1102860,37,110458499
120524812,17474222,1102329,39,110244408
120486165,17402115,1103765,37,110490840
120591428,17487304,1103617,39,110547503
119837200,17333203,1096488,41,109798150
120645951,17481072,1103949,36,110511761
120553623,17500541,1103140,39,110312688
120524294,17484700,1101287,42,110369901
120618634,17501346,1103478,36,110528716
120524425,17500913,1102235,39,110287294
118120186,17155665,1080161,36,108135135
120638895,17512135,1103543,39,110466493
120823746,17545429,1104595,38,110662014
120839741,17553054,1104735,40,110668747
120698618,17526767,1103335,39,110537294
120738563,17541771,1104101,38,110623507
120839335,17536593,1105627,38,110664103
120773157,17541647,1104991,39,110579650
120847903,17548683,1105033,37,110669725
120873783,17570539,1105728,43,110654221
120088742,17424405,1098691,39,110044787
120832842,17553178,1104791,36,110684366
120753105,17533680,1104435,40,110651973
120778303,17544778,1105041,39,110599668
120083206,17375455,1098976,37,109990998
120815048,17522706,1104786,39,110653087
120883222,17529631,1104661,40,110710459
120764844,17517609,1104251,36,110665081
120812107,17544747,1104182,40,110686137
120680000,17520009,1103349,39,110519767
118168614,17153309,1080273,38,108279998
120753544,17542329,1104324,39,110589525
120729193,17531571,1103660,36,110445941
120547618,17381997,1102737,41,110484345
120355343,17440432,1101194,39,110275593
120731281,17541708,1104656,39,110620140
120616876,17283107,1103811,39,110557324
120923311,17439408,1105984,37,110742449
120625527,17513158,1102484,39,110489187
120650932,17490342,1102481,40,110539992
120611116,17444306,1103707,36,110512434
120624097,17501719,1103194,40,110491299
120704029,17521032,1103657,40,110542091
120639130,17518768,1103334,36,110535393
119828400,17329917,1095959,39,109767230
120709173,17437146,1104040,38,110639189
120685231,17537210,1103865,37,110540820
120653090,17518617,1103548,42,110451770
120686836,17529565,1103532,36,110616143
119062935,17256965,1087938,41,109030795
120768673,17512879,1104010,40,110535176
120586463,17512797,1102907,37,110448727
120652983,17519377,1103399,39,110653252
120596663,17509685,1102324,36,110540072
120573180,17492853,1102264,42,110420634
120421151,17466472,1101470,40,110254592
120884888,17547722,1105858,36,110770238
120621157,17485289,1102808,40,110537099
120746623,17520722,1103682,40,110613575
120975869,17560587,1106201,37,110820262
119667047,17321702,1094523,39,109557871
120730589,17510275,1104368,39,110564073
120767324,17548218,1105273,37,110608627
120692833,17518273,1103644,39,110456572
119903798,17342657,1097234,36,109993206
120768971,17416066,1105594,39,110704094
120723830,17521621,1104184,41,110584796
120826812,17542824,1105516,37,110616184
120709138,17519668,1104155,39,110515678
118190201,17154797,1080692,36,108152272
120828767,17528193,1104766,39,110581858
120758348,17534486,1104296,39,110647466
120400170,17498494,1101463,36,110362700
120617220,17512910,1102502,40,110441338
120258884,17448802,1099128,40,110260222
120674146,17498804,1104084,36,110619089
120552331,17488389,1102420,39,110540334
120679410,17513039,1103854,38,110591301
120657336,17497652,1104020,37,110578430
120670848,17534982,1104118,39,110647231
120762615,17524751,1104224,37,110527904
120627308,17500324,1102444,40,110557226
120702024,17512197,1104044,39,110707374
120706679,17523046,1104177,37,110596378
119866762,17333017,1096865,39,109956521
120665223,17500696,1102792,40,110557899
120719699,17527476,1103331,36,110565309
120680101,17516354,1103294,39,110554437
120692380,17523636,1103547,39,110642810
118335254,17170576,1081518,38,108369706
120919051,17547723,1106191,40,110777667
120669554,17390025,1104788,40,110547856
120807699,17552435,1105207,39,110814339
120684207,17524504,1103150,38,110567465
120737395,17543909,1105130,36,110563478
120660777,17522985,1103944,39,110450283
120740384,17546669,1104994,39,110505012
120731363,17533090,1105052,38,110612378
120777254,17545057,1104997,40,110649150
121630298,17638646,1112072,40,111462406
120618947,17473291,1103570,39,110444160
120612974,17505067,1102720,40,110370786
120599784,17494588,1101984,41,110463092
120591757,17512755,1103733,39,110379085
119897971,17330475,1096673,39,109800671
120702454,17497099,1103792,36,110703318
120626418,17507981,1102396,42,110490153
120643475,17520629,1103292,40,110446502
120661271,17531137,1103148,36,110505297
118015930,17147265,1079399,40,108162170
120788073,17527426,1105594,36,110679319
120471998,17503663,1101963,40,110355175
120587244,17488637,1102787,39,110488183
120693381,17527448,1104764,37,110628857
120285105,17466441,1099474,40,110058604
120584712,17484513,1102242,36,110545816
120554276,17528937,1102588,39,110417545
120563899,17521032,1102664,39,110497456
120679443,17537399,1103306,37,110508861
120483437,17483925,1101733,39,110307848
120585354,17498960,1102876,38,110428863
120628925,17518427,1104352,39,110548151
120612664,17522024,1102869,40,110417399
120684917,17533958,1103677,37,110522429
120880158,17481631,1105227,40,110740397
120481571,17406239,1102302,39,110397423
120650561,17490868,1103781,36,110615072
121633165,17653650,1112137,40,111390829
120594654,17525961,1102741,40,110453651
118194486,17155696,1079972,37,108246513
120787987,17541895,1104548,40,110546175
120598632,17414887,1102877,38,110465075
120576513,17478624,1103155,37,110498045
120431037,17486343,1101631,40,110323598
120671090,17518768,1104056,36,110507214
120592355,17508601,1103236,40,110583538
120675609,17534703,1103961,41,110576113
120550937,17500540,1102533,36,110479232
120737174,17531324,1104295,40,110575566
121040321,17541027,1107079,40,110878275
120583600,17484544,1102857,36,110463427
120572058,17536935,1103646,39,110431992
120559590,17498773,1102234,36,110406229
120617110,17531541,1102927,39,110405542
119765032,17309178,1095521,40,109809541
120637817,17514707,1103065,36,110605901
120481183,17495364,1102121,40,110363933
120441809,17487366,1100388,39,110247546
118084147,17150550,1079572,36,108192333
120680821,17538175,1103767,39,110517066
120767419,17526549,1104409,37,110678326
120606795,17520536,1102433,39,110368925
120484100,17489381,1101326,38,110416404
120472171,17478530,1100755,38,110284676
120718139,17526984,1105247,41,110644673
120731349,17521555,1104365,36,110548304
120655242,17512076,1104728,40,110550921
120436976,17481569,1101773,39,110253656
120819072,17542049,1106149,36,110642715
120578250,17495550,1101955,40,110447315
120614817,17511670,1103223,41,110440407
120677050,17524348,1103866,38,110490986
120597402,17513313,1102480,39,110439691
120656866,17523481,1102873,40,110566522
119798623,17325452,1095693,37,109818532
120721133,17522241,1103357,39,110548887
120643284,17507298,1103777,36,110565282
121608972,17644598,1111471,39,111272171
118165092,17156751,1080302,39,108142027
120806718,17557022,1104924,37,110561454
120774153,17554946,1104385,39,110687799
120691397,17543445,1103465,38,110574343
120573705,17529339,1102803,39,110379171
120684451,17523295,1102659,39,110620829
120699484,17407943,1104591,37,110586546
120658543,17511050,1102804,41,110510767
120722315,17531665,1103857,39,110573517
120899855,17535849,1106321,36,110765985
120789451,17525155,1104715,40,110619671
120702130,17495023,1104109,39,110590419
120587746,17488109,1102631,36,110423764
120538870,17433953,1102574,40,110344145
120609888,17513158,1103529,40,110530220
120692174,17526022,1103885,36,110642501
119821342,17296809,1095870,39,109690295
120603151,17502896,1102817,37,110522700
120740599,17532750,1103889,39,110614091
120558558,17497255,1102076,40,110481806
118036086,17132849,1079231,40,108095204
120684979,17516444,1104164,39,110510232
120644450,17526177,1103962,37,110590909
120509088,17478500,1102170,41,110453877
120617118,17514553,1103643,41,110428491
120311435,17472919,1100494,38,110187259
120584549,17507268,1102712,39,110539191
120628259,17522005,1103777,38,110489418
120664964,17530195,1103007,37,110572281
120529872,17503765,1102460,39,110440728
120646221,17526301,1103281,36,110512257
121602331,17643823,1111534,40,111371721
120541588,17514057,1102984,39,110349747
120628798,17519233,1102707,36,110456138
120634386,17542651,1103488,40,110328404
120552385,17513208,1103010,39,110371536
119761886,17329296,1095436,36,109765049
120696399,17534269,1103080,39,110509910
120554975,17499301,1102144,39,110391221
120594212,17507546,1101911,38,110403966
117963484,17136167,1078329,39,108052790
120619458,17507422,1103302,37,110433143
120554695,17499642,1102214,39,110600661
120596672,17390056,1103512,36,110373984
120485680,17491613,1101294,39,110327643
120560782,17506617,1102482,39,110347460
120541135,17498336,1102857,38,110356827
120667926,17516912,1103244,39,110564102
120809561,17558046,1105142,40,110704299
120676222,17519729,1103650,36,110585832
120614311,17495674,1102885,41,110461907
119768568,17363179,1095504,36,109601529
120531082,17424002,1102742,39,110500475
120518166,17471968,1101905,41,110433794
120614398,17512342,1103508,37,110481110
120615700,17516475,1103361,40,110488179
119641454,17294515,1095107,40,109674428
120673025,17507205,1103181,38,110528002
120566741,17491365,1101713,39,110426710
120587037,17496821,1102889,38,110399515
117881599,17103585,1077833,37,108009291
120849727,17537555,1105130,39,110655869
120589628,17492635,1101854,38,110455112
120434271,17474098,1101314,40,110421357
120493319,17489876,1101926,37,110303121
120119996,17451189,1099282,39,109981586
120558336,17508105,1103127,40,110410753
120609116,17497037,1103598,36,110553707
120396755,17473075,1101202,39,110267366
120550888,17486374,1102263,39,110465765
120489110,17484761,1101984,39,110340991
120588775,17502401,1102335,41,110495139
120614885,17502090,1103388,38,110487850
120428068,17489753,1101732,40,110334801
120532077,17507392,1102448,40,110265634
120611889,17526177,1102706,36,110338836
119598752,17282890,1094162,39,109725557
120717332,17531045,1104045,38,110647128
120615539,17513746,1102682,37,110498155
120537957,17494341,1102202,41,110420931
120720110,17527231,1104268,37,110546835
120702843,17522613,1103465,41,110520370
120594980,17418050,1103443,39,110523416
120715341,17503330,1103587,39,110552543
120552637,17494620,1102587,39,110476396
120703111,17549800,1104362,39,110598521
120570795,17507577,1102947,37,110420845
120704582,17518583,1103376,40,110601765
120667469,17537493,1103830,38,110570523
120653719,17414639,1104328,38,110602205
120584435,17469727,1102197,39,110539744
121897637,17679907,1115749,38,111726923
120937434,17540220,1106064,38,110782221
120746930,17512290,1104115,40,110611255
120723128,17548063,1104962,36,110606524
120726745,17528632,1103823,37,110539610
119916519,17343242,1097256,40,109967744
120871806,17528801,1104721,37,110780684
120682272,17531149,1103789,41,110570837
118169707,17166768,1080938,36,108299866
120674131,17514269,1103197,39,110570033
120741138,17481011,1104807,40,110542175
120709713,17492945,1105021,36,110557312
120660375,17507268,1103811,40,110630401
120360863,17469045,1100348,40,110237118
120661668,17504787,1103634,39,110642474
120648794,17520071,1103303,40,110488593
120724899,17520567,1103351,40,110567584
120626756,17517497,1102763,36,110416521
120679309,17527883,1103424,41,110517000
120536690,17499889,1102441,39,110450014
120633492,17496480,1103455,40,110539452
120676300,17526364,1103371,40,110415149
120728829,17530672,1104763,38,110581667
120667015,17530704,1102959,39,110450141
120620795,17519327,1103810,39,110423610
119928156,17325235,1096283,36,109773277
120695122,17498464,1103366,39,110541784
120782619,17544499,1103619,39,110538246
118097799,17153061,1079935,36,108110628
120704831,17520474,1103241,39,110457281
120716243,17541150,1103403,36,110546893
120630184,17508973,1102501,40,110467236
120667929,17525899,1103533,39,110514414
120634668,17527448,1103613,37,110335178
120691358,17505439,1102939,41,110444347
120755443,17526983,1103748,36,110516602
120800419,17533773,1104093,39,110641800
120835950,17535602,1105530,40,110757539
120699345,17508135,1103925,36,110474597
120796157,17530952,1104137,39,110597088
119693736,17364885,1094232,39,109607134
120717116,17511007,1103881,37,110617447
120522197,17485393,1101284,40,110348057
120690766,17411742,1104751,38,110652742
120592799,17513792,1102965,37,110423294
119881251,17313859,1097122,39,109915206
120797349,17535074,1104709,39,110671945
120665561,17513871,1103239,39,110503299
118149089,17117597,1080703,36,108300771
120648319,17447841,1103440,40,110635980
120661599,17508291,1103538,39,110597710
120414805,17490062,1101232,37,110283665
120587916,17493690,1102408,39,110501200
120238312,17437270,1099087,39,110218011
120660011,17526797,1103864,39,110503896
120641476,17507051,1103614,39,110606250
120652767,17503827,1103565,40,110633571
120555574,17491209,1102986,38,110444333
120610310,17487924,1103078,40,110410210
120628454,17481475,1102607,37,110527341
120578230,17485010,1102265,40,110474402
120597262,17523202,1102298,39,110330603
120662378,17516195,1102237,36,110519017
120514548,17514956,1101860,39,110366161
120610742,17513499,1102089,40,110409496
120029532,17337666,1097427,36,110033663
120599448,17493318,1101607,39,110419520
120542677,17509747,1101953,38,110269101
118096080,17137810,1080597,39,108149291
120725775,17521497,1104288,41,110639862
120729797,17533090,1103236,38,110565376
120754734,17543290,1103937,40,110616372
120640472,17534547,1103154,37,110523394
120566321,17510368,1102472,40,110492119
120598433,17501440,1102848,39,110503460
120745035,17540697,1104199,36,110613144
120500380,17493492,1101585,39,110283774
120679427,17530363,1103718,39,110676886
120697546,17519047,1103922,38,110585782
120683748,17521683,1103327,39,110537231
119650179,17357537,1094204,36,109692888
120607432,17511515,1103013,40,110575922
120589216,17519234,1103052,42,110489466
120643136,17511948,1103428,37,110527291
120593837,17503207,1102686,39,110535535
119869470,17311844,1096516,38,109997112
120664987,17513033,1102843,38,110417291
120510548,17518924,1102465,40,110283887
120674717,17520876,1103163,36,110481381
121733360,17658424,1113260,39,111492344
120668356,17497131,1103495,41,110554748
120665309,17495674,1103388,39,110541352
120311091,17465727,1100113,37,110134764
120578916,17520319,1103154,40,110478590
120777341,17564586,1105923,36,110660698
120688159,17540097,1104600,41,110689629
120649046,17411044,1104031,39,110605571
120705313,17519543,1104082,37,110602077
120639326,17525620,1102566,39,110472390
120746106,17509965,1104500,39,110646892
120725724,17473415,1104870,36,110625953
120641637,17510678,1102854,40,110466797
120582484,17535044,1102835,38,110378388
120647364,17519443,1103858,37,110501444
120801267,17512700,1104662,39,110626005
120134370,17345354,1098860,38,110072009
120742476,17519792,1103821,39,110575973
118193547,17169337,1081099,36,108367719
120659853,17506089,1102671,38,110441017
120734823,17519265,1104232,40,110674422
120537249,17505500,1102417,36,110406431
120631877,17521187,1103808,40,110455612
120462618,17486002,1101908,42,110269456
120650440,17495425,1103019,36,110482272
120486333,17494434,1101855,40,110258915
120784798,17549831,1104510,38,110635935
120670073,17506213,1103449,38,110635631
120755023,17523450,1104746,42,110630456
120659005,17525061,1104077,38,110609713
120652410,17502556,1103389,37,110490765
120596910,17481414,1103955,39,110538434
120711237,17504260,1103906,36,110536406
120702255,17526922,1103740,39,110510573
120677230,17506524,1103456,40,110475573
120778024,17544064,1104948,36,110680472
120030413,17351214,1098035,39,110030951
120622457,17509965,1102425,40,110412569
118207928,17154456,1080540,36,108270225
120893206,17544685,1106087,40,110796084
120836596,17527138,1104960,37,110671036
120318965,17448461,1099187,39,110365517
120694340,17519916,1103216,38,110550990
120438692,17485629,1101299,36,110365551
120602424,17486808,1102630,39,110502320
120651823,17521094,1104523,36,110614065
120773817,17516300,1104782,37,110562836
120572079,17389549,1102679,39,110525412
120714772,17487706,1104865,36,110532041
120665725,17495643,1103563,41,110508885
120682602,17501316,1104000,39,110634017
120703378,17518768,1104127,37,110603058
120553742,17415229,1103474,40,110407045
120724421,17509066,1104574,40,110610841
120701217,17514397,1103513,36,110660744
120548361,17506152,1102164,39,110433849
120096287,17368822,1099016,39,110099332
120666169,17450661,1104622,37,110525202
118056619,17137815,1079525,38,108145750
120884834,17542943,1104661,37,110680308
120820704,17542763,1104081,39,110490558
120778987,17523729,1103956,38,110665990
120795448,17529928,1103889,37,110581641
120600192,17497069,1102473,41,110545333
120830212,17511049,1104645,36,110794628
121765957,17664841,1113345,40,111615857
120775405,17541988,1104971,41,110547868
120736340,17547196,1104450,38,110520392
120801684,17553271,1105692,37,110697245
120631937,17511546,1103658,40,110518441
120830508,17547474,1104631,36,110602124
120610666,17483708,1103119,41,110562513
120534573,17514584,1102179,40,110330239
120494874,17504663,1102427,36,110392861
120569451,17513096,1103119,40,110476241
120647968,17515917,1103379,40,110466737
119843820,17310417,1096786,38,109926174
120525606,17486402,1101964,39,110318051
118033349,17135518,1078968,37,108093715
120751825,17524845,1104156,41,110622329
120598501,17509995,1102989,36,110417930
120582089,17482778,1102529,38,110369205
120155817,17450414,1099113,39,110069803
120635229,17528037,1102762,36,110505531
120648086,17514181,1104407,39,110460714
120602146,17540314,1102488,39,110394077
120675480,17532532,1104032,36,110404117
120590550,17518242,1102766,39,110596952
120659234,17522737,1103858,40,110508308
120709313,17528502,1104067,36,110484979
120685711,17526705,1104393,39,110579692
120596256,17478717,1103309,37,110530545
120656804,17448119,1103206,39,110531852
120652279,17538950,1103500,39,110549754
120723270,17542421,1103903,39,110479924
120764489,17548033,1104964,41,110702433
119886573,17313425,1096225,39,109921554
118062376,17144660,1079009,36,108088278
120497469,17489164,1101844,39,110384413
120712728,17523573,1104441,36,110645913
120593366,17508136,1102338,39,110378866
120549966,17510151,1102459,39,110422026
120658429,17508476,1102743,36,110532391
120434904,17491737,1101463,41,110384931
120638319,17521815,1103051,37,110539927
120730850,17539902,1104669,39,110628779
120751261,17519172,1104655,39,110607502
120764450,17526952,1105264,36,110601254
120663035,17513933,1104190,40,110476387
120706851,17519730,1103664,40,110513067
120782117,17559936,1105023,36,110483344
119991884,17371364,1097029,40,109887920
120688875,17446756,1104483,41,110594128
120757280,17514986,1104889,38,110641037
120668509,17527728,1103981,40,110588959
120811333,17537089,1105411,36,110709830
119949118,17314200,1096697,37,109913024
118248958,17116358,1081616,39,108241530
120533875,17487055,1101432,39,110280317
120894977,17538237,1105116,40,110658443
120544305,17507515,1102226,36,110266604
120677022,17505594,1103093,39,110523790
120330836,17470533,1100475,41,110205224
120689167,17527758,1103776,36,110603143
120718823,17496573,1104704,39,110637350
120642416,17502773,1102857,40,110590811
120714893,17505655,1103903,36,110529248
120598892,17494012,1102891,40,110480663
120630349,17370081,1103903,40,110506666
120752947,17512072,1104993,38,110583054
120765074,17524628,1104288,39,110591316
120682563,17537950,1103768,36,110572808
120628714,17491093,1102242,38,110419307
120445325,17487707,1101140,40,110263857
120641249,17525092,1103298,36,110462644
119888482,17390801,1096664,40,109751472
120614193,17449608,1103417,39,110519600
118059525,17125378,1079169,37,108105499
120677052,17496852,1103834,40,110557374
120744787,17436091,1104417,36,110654859
120571971,17502618,1103014,42,110390216
120746234,17537617,1103718,39,110443055
120576454,17481367,1102716,36,110554563
120623459,17501362,1103487,40,110518205
120704887,17486994,1104986,39,110520878
120661768,17478530,1103811,38,110528022
120722981,17531975,1104938,42,110653001
120761999,17562478,1104529,36,110532302
120697307,17518738,1104095,41,110560790
120735906,17521869,1103562,39,110494063
120647812,17514924,1103236,36,110408248
120622781,17491303,1103763,40,110561019
120477766,17429117,1102714,39,110434632
120608578,17493255,1103058,37,110520079
120621008,17521094,1102824,40,110508610
120729080,17521962,1103879,38,110587165
119778524,17307038,1095906,38,109895285
118089462,17114715,1078596,38,108166947
120755093,17516102,1103627,38,110540985
120662867,17517529,1103827,40,110556137
120561394,17484513,1101906,38,110399476
120640502,17504912,1102928,39,110525749
120222028,17432062,1099718,39,110097676
120635402,17517466,1102913,37,110475131
120555502,17512662,1102585,39,110462092
120680867,17355182,1105197,40,110667335
120628410,17442074,1105019,36,110522499
120632830,17525775,1103197,41,110397273
120477704,17505655,1102404,37,110364366
120614489,17520412,1103188,39,110471715
120735353,17522928,1104098,39,110552898
120750515,17524374,1104257,36,110615718
120453888,17491303,1101160,39,110415693
120531198,17489753,1102936,42,110397201
120739386,17520628,1104716,37,110580311
119854982,17403759,1096982,42,109825774
120589252,17447128,1103719,38,110495733
118129089,17149353,1079923,38,108143874
120707278,17518199,1102833,39,110496762
120665594,17453761,1104094,38,110666616
120529121,17468518,1102756,39,110450400
120625047,17509065,1102863,36,110580491
120576651,17461760,1102507,39,110412889
120543983,17486467,1102930,39,110428138
120629692,17510677,1103750,36,110590565
120857853,17550048,1105477,40,110686052
120781655,17519017,1104675,41,110618700
120866798,17546327,1105993,36,110787792
120746385,17519637,1104721,40,110705232
120866638,17462597,1105922,40,110853114
120821194,17536624,1105635,37,110747921
119873524,17383144,1097311,40,109813154
120677142,17532191,1103638,38,110582055
120628313,17507671,1103309,37,110577082
120655951,17527480,1103881,39,110512289
120050333,17402580,1097151,37,109826911
118046498,17072958,1079973,39,108224836
120665697,17501067,1103067,36,110472576
120726419,17519823,1103736,40,110594608
120738921,17508756,1103744,39,110602731
120381036,17457884,1100163,37,110214985
120346745,17477973,1100422,39,110254448
120545978,17488420,1102205,39,110331345
120710699,17522643,1103937,36,110573444
120557933,17510461,1102572,39,110389475
120701257,17511608,1103985,38,110580664
120563550,17489721,1102320,37,110490472
120652657,17504447,1103156,41,110330790
120709124,17521713,1104619,36,110602787
120680735,17510988,1103561,40,110527058
120649447,17513406,1102650,40,110530304
120688957,17523976,1103547,37,110551906
120589834,17519451,1102640,40,110424760
120719713,17545584,1103904,41,110476696
120592766,17504880,1103197,36,110545409
119859373,17363986,1096148,39,109863517
118142059,17098098,1080351,36,108331212
120564246,17513034,1102439,40,110419307
120888232,17512941,1105605,38,110749769
120817329,17533090,1105021,38,110660942
120939871,17533060,1105876,40,110799954
120817592,17545894,1104885,38,110745711
120552261,17488946,1102893,37,110360453
120785635,17539818,1104270,39,110450481
120733999,17542669,1104105,37,110561052
120767074,17533711,1104022,39,110550407
120684288,17388135,1104944,39,110614832
120848326,17542065,1105442,36,110859309
120729232,17516614,1103948,40,110671707
120734951,17472269,1105156,40,110620509
120050385,17377842,1098662,37,109906913
120533664,17482902,1103155,39,110584128
120718977,17508043,1104803,40,110688163
120750922,17525836,1104324,37,110620963
120742900,17523729,1104127,39,110507518
119995737,17347772,1098224,37,109980886
118103063,17053025,1080574,39,108292489
120727360,17513901,1104262,38,110619273
120835677,17535168,1104778,37,110568465
120615942,17500386,1102521,42,110407756
120561399,17489752,1102919,37,110433148
120339741,17455281,1100610,40,110227432
120599964,17498154,1102837,42,110412528
120748806,17530882,1104263,37,110491638
120610881,17519706,1103047,40,110463313
120717649,17554419,1103987,39,110530502
120689345,17520597,1103514,36,110581889
120635671,17536687,1103707,39,110460157
120584456,17519668,1102415,38,110510514
120607660,17508011,1102617,37,110334156
120650921,17525899,1103169,39,110567074
120796788,17535260,1104578,38,110520725
120655089,17499642,1102255,40,110436301
120663974,17511050,1103399,39,110504590
120854244,17538856,1104983,36,110802848
119964519,17397714,1097680,41,109960715
104475893,16070541,1016550,37,95438140
114905118,17039261,1075639,39,105237849
120639424,17489195,1103366,40,110593008
120611856,17484420,1103973,37,110614041
120588510,17495395,1102662,39,110554336
120707997,17536191,1103697,38,110678219
120693113,17515885,1104654,38,110732827
120740525,17544003,1104683,39,110624169
120836676,17550172,1105965,38,110586971
120891296,17523604,1106138,37,110827238
120742175,17519513,1105380,39,110652565
120906760,17558200,1105997,38,110817277
120849350,17442416,1107214,39,110807419
120708515,17531727,1104943,39,110649002
120028345,17406207,1098532,37,110016815
120541550,17481073,1102337,39,110477201
120600914,17506772,1103046,40,110435911
120654192,17521031,1103972,37,110479104
120754793,17548498,1104276,39,110587685
120001385,17432062,1098630,38,110086271
118092157,17075120,1080423,37,108278812
120742910,17524480,1104156,38,110671861
120647030,17485722,1103318,38,110597725
120433989,17412749,1102009,39,110476761
120639234,17504663,1103653,36,110584149
120600471,17520815,1103635,41,110504092
120752733,17531076,1104046,41,110675918
120667019,17504322,1103923,37,110540330
120639836,17506555,1103018,40,110513140
120629720,17509717,1103884,39,110506502
120714074,17470842,1105349,38,110589751
120640613,17496756,1103565,41,110544430
120671067,17531606,1104451,39,110564296
120631664,17528316,1103211,37,110495774
120524094,17509097,1102758,40,110402526
120757260,17547381,1105071,36,110658087
120558916,17510957,1103185,42,110487610
120778207,17531045,1104785,39,110715892
120697093,17535105,1104343,36,110674063
117229481,16991118,1072405,39,107459120
120725768,17470377,1104339,37,110698297
120762889,17521308,1104427,41,110674731
120822079,17553585,1105405,39,110720037
120765884,17531416,1104759,36,110740678
120749675,17535943,1104877,41,110867593
120829308,17533804,1105544,40,110779536
120837728,17537678,1105626,36,110668163
120773585,17553334,1104893,39,110624000
120718137,17543104,1104686,38,110485274
120746536,17537833,1104592,37,110616728
120737158,17544561,1105586,39,110794101
120830508,17567810,1105615,36,110739022
120757309,17555876,1104807,39,110620544
120796140,17545398,1104885,39,110699412
120892129,17552558,1106735,38,110789023
120478510,17487273,1101902,39,110491820
120661360,17537586,1104158,39,110651259
120851788,17555720,1104927,36,110785886
120602825,17504695,1102523,39,110404127
117353568,16987676,1073280,36,107568365
120509819,17461636,1102423,40,110614734
120851237,17533804,1104941,39,110903287
120819028,17561734,1104685,37,110715900
120640369,17479957,1103650,40,110583052
120647370,17504819,1104210,38,110526468
120550657,17509499,1102800,38,110528013
120779642,17545770,1104709,40,110652385
120652545,17534671,1103938,36,110412892
120575530,17525279,1103716,39,110516927
120614640,17512011,1102704,39,110505774
120509465,17414546,1103717,36,110408524
120612142,17519110,1102884,40,110484152
120557564,17532471,1103216,40,110492121
120705304,17540778,1104097,38,110595551
120659925,17529805,1103698,39,110590808
120670576,17545335,1105207,36,110610019
121689612,17689114,1112847,39,111604189
120862837,17547940,1105104,40,110621061
120818305,17548095,1105425,38,110744538
117433524,16996201,1074476,39,107646112
120759981,17507547,1103952,38,110570929
120867877,17540375,1104677,37,110781016
120805971,17529991,1105085,39,110688252
120766355,17540282,1104809,38,110708452
120737377,17538516,1105011,38,110740602
120734606,17547289,1105269,39,110620447
120687889,17539259,1104202,36,110567016
120830580,17557643,1105371,39,110741326
120787110,17541089,1105964,40,110782872
120706685,17510367,1104626,36,110723776
120727459,17536811,1104448,40,110549578
120858068,17555938,1105578,39,110831746
120845547,17556278,1106110,36,110856565
120823024,17561890,1106387,39,110702662
119503602,17351616,1093668,36,109570999
120711432,17496511,1104248,39,110613938
120595221,17521962,1103062,40,110658176
120766200,17565051,1105999,36,110739926
120697277,17529247,1103907,40,110500448
117452164,16989567,1074972,37,107863044
120652744,17485041,1103928,39,110618264
120805165,17516754,1104755,40,110741111
120568750,17517218,1102838,37,110518919
120669715,17540066,1104215,39,110656420
120554695,17487769,1102573,39,110568967
120781126,17545769,1105262,36,110709717
120688123,17517188,1103848,39,110589808
120742314,17540717,1103756,39,110610842
120767299,17527681,1104596,37,110666263
120835997,17482235,1106423,40,110751086
120743861,17491643,1104742,37,110702880
120743421,17534269,1104320,39,110658411
120585825,17534827,1103346,41,110616614
120719434,17553023,1103990,37,110649161
120536367,17503579,1102533,40,110420037
120694615,17544003,1104448,40,110649834
120706159,17556278,1104432,36,110594514
120792646,17531262,1105998,40,110711570
120712831,17474486,1105474,41,110715040
117298796,16977337,1073516,37,107541028
120764752,17517374,1104098,39,110664340
120837581,17547195,1104936,36,110657377
120777783,17539167,1104715,39,110707893
120820117,17567346,1106448,39,110674874
120834898,17536903,1105086,37,110756689
120760950,17519079,1104754,39,110621399
120801475,17545181,1104699,41,110601866
120767750,17544312,1104625,38,110802234
120796504,17551474,1105401,40,110693925
120690031,17545428,1103977,37,110664424
120772367,17541957,1104505,40,110600201
120818753,17554047,1105557,39,110640116
120895574,17563253,1106460,38,110863614
120760127,17542174,1104445,39,110752182
119510246,17343236,1093705,40,109474594
120841026,17545501,1106245,38,110802436
120844683,17562479,1106373,39,110678372
120762192,17545491,1105064,39,110633386
118090550,17159168,1080287,37,108128637
120047818,17379052,1098713,38,109977332
120784946,17519202,1104500,37,110761078
120709151,17507764,1103545,39,110593373
120687364,17500602,1103750,37,110744532
120662440,17518924,1103776,39,110580491
120596500,17498805,1103153,40,110556015
120702276,17521341,1104210,38,110639419
120660932,17433240,1104367,39,110600512
120591473,17500634,1102509,39,110485446
120654797,17523666,1103509,36,110575109
120616786,17518056,1103663,41,110448177
120694133,17546731,1103915,38,110457703
120532475,17493720,1102713,40,110408828
120592235,17441734,1103430,40,110413471
120620314,17519419,1103543,37,110596592
120592242,17506369,1103262,40,110602184
120707005,17527883,1104640,39,110572842
120804628,17554139,1105367,37,110606948
120674213,17521032,1104464,39,110626980
118121591,17150736,1080491,36,108319007
119833906,17344673,1096239,39,109858000
120835523,17515359,1105876,39,110782037
120795523,17543847,1104392,38,110750503
120648823,17518366,1103375,39,110682666
120832869,17560495,1104827,39,110823362
120773067,17524875,1104416,36,110643949
120528578,17436650,1103262,39,110460388
120779248,17518117,1105411,36,110645958
120738078,17516103,1104432,39,110615847
120862055,17550420,1107008,40,110764746
120605197,17508910,1103395,36,110540559
120663060,17537896,1104874,40,110572773
120756916,17540024,1105030,39,110609716
120946585,17554150,1107213,37,110878056
120779095,17533897,1104868,41,110644041
120650697,17506183,1103750,39,110503291
120691195,17536066,1104711,36,110616227
120693782,17518552,1104605,39,110691214
120692000,17549025,1105349,38,110563008
118037194,17152233,1079883,38,108085776
119852098,17352631,1097048,41,109954886
120833283,17531292,1105540,37,110709159
120363643,17475617,1100812,39,110315275
120630699,17524317,1103056,37,110632938
120624087,17516320,1103379,40,110589523
120531636,17497720,1102297,39,110427118
120595196,17497843,1103206,36,110550418
120537289,17505098,1102604,40,110571306
101099472,16029498,1012432,39,92281681
120596854,17501904,1103130,38,110568817
120585612,17484979,1102712,39,110486793
120580987,17513716,1102931,38,110553809
120622662,17499548,1102830,37,110579268
120442468,17477167,1100589,39,110320354
120618573,17511638,1102630,36,110496219
120570666,17503455,1102445,39,110421215
120638529,17486188,1103649,39,110550246
120603959,17430418,1103813,38,110489684
120555471,17499487,1102027,39,110414588
118038431,17153278,1079635,37,108093212
119897687,17353663,1096852,39,109947712
120858226,17503424,1104425,38,110621660
120753065,17520380,1103463,37,110526776
120739771,17536346,1103982,39,110673855
120674812,17490558,1103288,36,110527642
121649421,17606964,1112348,40,111506954
120823540,17531324,1104509,40,110731163
120604313,17514831,1102862,38,110498838
120761048,17542856,1104650,41,110692399
120536268,17526807,1101941,39,110337744
120803332,17549356,1104507,36,110670669
120664129,17522520,1104114,39,110570683
120782338,17546390,1104761,39,110697477
120743141,17527014,1104570,38,110574661
120692613,17539384,1104137,40,110467799
121621697,17631609,1112699,42,111368801
120795912,17534981,1104520,37,110631913
120649209,17504695,1103400,42,110491344
120761324,17547010,1105297,40,110665889
118152423,17160346,1080701,36,108126014
119835343,17321640,1096340,41,109945071
120932438,17541956,1106359,36,110888140
120723155,17501595,1103776,40,110517735
120143444,17444412,1097934,39,110009919
120786774,17519469,1103736,37,110599627
120711804,17494248,1103412,40,110670344
120752325,17536438,1103667,38,110646271
120770756,17522117,1103971,39,110617472
120578445,17498960,1102122,39,110405100
120807586,17554046,1105024,36,110626749
120746021,17541523,1103948,39,110543123
120715592,17517374,1103560,40,110461185
120772852,17528161,1103850,36,110533788
120596138,17519234,1102411,41,110515694
120734973,17547971,1104598,39,110517240
120721942,17525991,1103849,37,110577383
120731281,17547475,1103856,42,110695351
120711386,17538206,1103380,38,110514533
118074633,17141746,1079465,38,108291806
120771920,17554853,1105221,39,110573435
119996874,17333636,1097088,37,109941077
120855071,17503517,1104854,40,110675293
120782323,17448004,1104798,37,110752884
120703258,17526944,1104469,39,110680006
120536318,17487490,1101610,42,110463128
120663575,17470594,1104959,37,110655540
120764049,17490807,1104748,40,110657892
120811909,17530394,1104818,39,110672358
120847850,17529401,1104758,37,110627518
120807389,17521156,1105441,40,110679749
120715760,17514460,1103593,39,110570488
120840318,17550605,1104704,36,110732088
120852647,17550854,1104587,39,110713941
120786206,17546948,1104730,39,110539920
120861135,17549985,1105180,37,110691447
119610289,17335280,1094631,40,109635056
120703087,17529184,1103531,36,110493690
120568993,17522458,1103585,39,110448512
118130437,17142304,1079975,37,108174890
120685459,17531200,1104228,39,110655168
120084006,17360173,1098145,40,109979198
120589552,17490217,1102558,36,110350130
120807171,17529371,1104242,40,110622814
120446762,17475183,1101285,41,110279160
120777515,17526859,1104149,36,110567918
120620614,17499673,1103337,39,110567035
120780202,17470130,1105400,39,110659685
120668531,17452521,1104943,39,110655878
120559281,17445330,1103228,39,110513494
120721545,17543227,1104380,36,110628116
120644496,17508632,1103483,40,110435654
120641150,17536284,1103923,39,110474017
120922762,17554170,1106073,38,110673388
120664751,17524110,1103720,39,110407336
120587474,17516063,1102748,39,110402861
120680399,17543227,1104375,37,110595609
120568376,17514398,1102353,39,110418094
120645818,17514770,1103099,39,110420023
118127732,17160129,1080854,37,108331054
120658474,17526550,1103495,38,110558689
120261378,17363396,1100824,38,110245032
120837510,17527139,1104987,39,110700936
120769637,17534331,1104947,38,110675745
120742857,17533803,1103734,37,110648341
120645448,17506183,1103318,40,110509713
120779381,17543568,1105292,36,110566050
120763540,17534889,1104478,39,110640392
120718522,17535583,1104055,40,110590898
120823107,17555274,1105254,36,110693205
120745252,17553737,1103770,39,110679165
120726562,17444307,1105438,39,110665461
120772440,17530207,1105023,36,110722660
120578876,17508353,1103246,40,110350347
120710942,17531169,1103997,40,110524945
120730524,17540437,1103475,36,110482839
119418736,17328801,1092580,39,109335872
120810612,17536283,1105909,37,110666300
120755651,17531541,1104565,39,110539022
118196771,17160408,1081117,38,108178224
120719256,17540066,1104382,39,110581623
120099176,17372480,1098420,41,110042843
120701279,17497223,1103527,37,110444372
120749434,17519761,1104127,39,110570128
120392361,17467929,1100911,39,110212494
120563370,17473725,1101849,36,110372355
120638428,17492187,1103025,44,110462512
120645148,17512243,1102939,40,110589488
120781761,17526301,1103793,36,110646596
120681200,17504943,1103198,42,110630041
120714443,17524411,1103860,38,110484751
120678319,17520318,1103710,37,110583350
120660292,17529061,1103212,39,110532429
120572009,17502214,1101804,37,110354715
120735053,17513778,1103052,39,110644243
120685677,17525868,1103077,39,110608772
120689156,17510429,1103625,36,110533319
120739015,17527883,1103785,39,110629806
120539733,17496666,1101551,39,110414656
118160242,17154146,1080813,37,108381656
120662686,17506276,1103515,39,110429271
119978433,17335062,1098135,37,109987302
120734309,17508167,1103864,42,110612308
120666330,17514491,1103320,39,110600582
120668079,17515451,1103037,38,110570857
120659327,17505191,1103268,39,110577754
120787699,17506399,1104439,36,110638760
120839541,17541089,1105654,39,110754717
120797977,17501223,1104142,40,110668757
120797941,17544157,1105144,36,110716652
120941255,17544189,1106069,40,110844456
120982020,17530394,1106309,41,110838637
120783943,17539631,1104862,37,110646934
120750494,17524101,1104104,39,110505126
120756330,17530735,1104255,39,110590906
120717778,17517373,1103404,36,110442607
119802265,17365970,1096043,40,109795829
120876818,17496697,1105481,40,110730662
118207590,17114920,1081690,36,108308553
120767137,17536760,1104230,40,110637458
120695726,17526146,1103725,36,110470454
119910304,17302699,1096103,39,109917467
120455844,17413090,1100992,40,110428593
120142891,17377470,1098767,37,110132080
120623898,17492171,1102221,40,110377099
120645352,17496169,1103595,36,110541784
120699714,17482375,1103190,40,110497559
120585468,17486498,1102326,40,110523032
120719039,17525774,1104041,36,110547264
120577405,17475803,1102574,40,110412846
120709562,17511608,1103243,39,110559469
120687412,17518737,1103756,36,110460643
120717112,17495581,1104034,39,110696233
120998694,17546855,1106876,38,110825310
120810069,17511731,1104336,36,110542444
120669011,17519947,1103474,39,110423925
120543520,17491147,1103174,37,110424629
120657356,17506338,1103707,40,110514002
118070748,17149806,1079786,37,108223183
120633760,17520784,1103576,39,110492845
120746792,17562200,1104758,39,110621659
120021017,17355150,1097806,38,110048044
120710347,17523822,1103508,40,110507460
120651726,17518428,1102982,40,110581132
120705518,17534857,1104111,37,110536250
120715453,17511639,1103363,40,110529869
120539464,17500293,1101533,39,110350158
120679609,17498928,1102837,36,110404619
120803851,17524969,1103758,39,110791602
120752724,17517405,1104305,40,110491865
120779920,17469571,1104703,37,110620932
120564805,17504013,1103112,39,110464114
120808107,17544684,1104871,36,110713726
120657033,17510523,1103464,39,110475377
120683503,17527542,1103411,39,110539502
120943357,17510863,1106634,36,110774460
119723233,17321733,1093772,40,109792447
120739111,17530301,1104093,39,110603570
118278364,17070756,1081833,37,108461470
120694643,17516444,1104020,40,110557507
120831528,17537213,1104462,37,110619440
119895840,17310635,1096843,40,109945042
120748749,17501130,1104108,39,110542302
120199156,17443934,1099279,36,110091668
120567046,17497596,1103104,41,110495756
120815435,17525341,1104717,36,110705400
120727430,17511886,1103276,37,110531612
120577111,17505935,1103533,39,110513665
120674165,17528998,1103763,37,110504308
120637330,17508632,1102501,39,110553927
120670999,17509841,1103681,39,110460906
120779992,17461170,1104776,37,110573335
120722652,17516289,1103802,40,110633820
120591258,17525372,1102982,39,110505177
120742861,17528192,1104145,37,110580705
120557503,17501700,1102244,40,110379492
120662874,17530072,1103719,39,110431456
120525927,17508507,1102538,41,110400520
118125144,17133935,1080308,39,108196926
120505173,17474562,1101100,38,110409283
120780263,17525620,1104569,39,110542632
120051960,17349787,1098313,37,110058167
120651430,17500014,1103092,39,110479875
120690745,17511794,1103154,39,110549451
120534664,17499424,1102900,37,110412452
120716029,17516878,1104336,42,110485743
120708520,17523729,1103859,39,110530868
120670895,17521682,1103864,37,110532847
120778342,17511543,1104129,39,110633910
120703550,17503117,1103346,40,110590095
120671443,17526146,1103399,36,110549062
120686326,17524194,1102879,40,110584104
120753448,17531634,1103302,39,110608633
120710676,17522643,1104234,37,110535192
120776790,17529867,1103595,40,110679905
120788594,17534671,1104719,38,110548785
121521779,17602407,1111962,42,111296636
120772256,17526674,1104287,39,110674391
118184369,17154766,1081583,36,108334296
120709797,17527635,1103629,39,110643675
121019075,17474532,1107892,40,111010377
119950831,17246061,1097512,39,110095688
120839463,17521900,1104464,40,110637831
120405254,17468766,1100962,36,110334885
120702863,17500881,1103435,37,110666733
120683709,17505594,1103498,40,110612649
120728161,17432154,1104628,36,110616512
120644599,17484111,1103488,41,110565590
120617268,17510120,1103510,40,110608774
120743882,17523449,1104769,36,110620821
120679762,17504013,1103860,42,110646772
120683619,17529061,1104134,39,110632357
120712980,17538639,1103834,36,110508959
120662609,17494124,1103725,39,110528894
120670062,17522839,1103454,43,110549079
120744759,17527315,1103478,37,110542677
120715182,17526581,1102977,40,110666833
118188699,17165089,1080432,37,108215855
120737251,17485196,1103969,39,110578302
120683139,17527014,1103537,39,110599648
120872899,17549975,1105827,37,110794198
120000908,17326859,1097406,40,109971396
120697754,17522736,1103568,36,110545816
120778117,17532223,1104438,41,110637439
120645513,17517808,1103648,41,110558784
120860146,17563284,1105422,36,110737896
120814652,17535323,1104714,39,110651075
120664174,17532657,1104318,39,110406652
120821148,17530083,1104713,36,110585032
120667512,17501130,1103306,39,110570025
120703040,17553179,1103874,39,110606331
120695516,17530114,1104200,36,110562440
120786422,17534021,1104851,39,110649978
120760522,17547475,1104431,38,110612392
120823956,17546172,1104952,38,110711656
120097219,17428218,1098574,41,110027387
120532392,17475337,1102176,37,110422919
117991410,17117164,1078608,39,108005084
120690239,17519605,1103893,37,110553398
120579674,17521342,1102157,39,110251230
120821319,17548498,1104692,39,110757932
119993098,17304992,1097291,37,109957848
120411803,17378060,1102085,40,110339188
120826088,17503765,1105047,39,110611558
120871742,17553612,1104850,37,110671407
120687211,17523760,1102952,41,110471261
120736651,17517627,1103064,40,110499712
120695112,17514392,1103555,36,110471060
120710681,17517529,1103085,39,110667546
120636007,17524969,1103496,39,110486833
120675913,17524596,1103618,38,110580374
120753720,17430822,1105539,42,110763349
120868912,17526518,1105313,36,110706315
120808952,17459094,1105790,41,110704405
120644047,17477105,1103940,41,110472079
120740767,17523697,1104902,36,110546706
120728916,17494558,1104183,40,110493474
118003798,17087775,1079110,36,108110665
120801996,17527542,1105355,39,110617211
120745007,17523295,1104202,39,110566662
120765339,17524038,1104733,37,110683339
119782198,17310728,1096381,40,109718404
120612187,17488916,1103038,40,110542011
120529330,17463526,1102002,36,110515425
120627501,17480825,1102796,39,110572305
120649014,17479988,1102551,42,110504535
120625459,17485133,1102933,38,110389756
120608737,17506989,1103144,41,110339539
120757355,17507670,1104565,38,110609376
120634226,17513468,1103182,42,110461547
120723730,17528689,1103630,39,110408541
120809780,17553457,1104669,36,110539577
120686766,17527387,1103528,39,110530481
120867768,17514925,1105489,39,110805020
121010414,17542328,1106824,37,110827778
119637024,17321144,1093003,39,109542723
120820099,17498061,1105421,38,110732739
118317811,17141963,1082187,37,108439584
120850230,17540252,1104587,39,110685404
120736689,17528192,1104678,36,110547812
120497758,17481941,1101908,40,110411330
119832547,17311379,1095751,36,109869262
120408394,17473260,1099931,37,110261468
120677418,17502153,1102791,39,110569868
120745369,17519574,1103615,36,110559998
120668474,17523357,1103631,40,110621020
120619160,17515111,1103822,39,110504903
120731428,17529308,1104264,38,110603022
120627653,17522706,1103554,40,110533336
120747480,17514243,1104836,39,110539194
120740609,17525867,1103459,38,110586400
120628903,17522768,1102493,40,110456188
120697081,17431814,1104622,39,110723746
120738339,17502989,1105075,37,110678884
120613025,17513468,1102324,39,110479861
120741280,17526642,1105074,36,110717569
120903831,16895576,1113573,39,111226300
118202589,17027388,1082356,38,108279676
120658565,17502989,1103775,37,110547139
120942450,17477446,1106739,39,110767229
120985193,17501874,1107713,36,110967883
120027272,17346408,1098147,39,110026258
120786857,17553024,1103419,40,110670937
120734557,17516753,1103949,36,110438417
120835233,17566013,1104819,39,110768150
120678751,17549521,1103260,39,110404667
120804322,17571344,1104080,36,110682563
120665581,17534052,1103227,40,110508153
120758135,17564525,1104484,41,110576447
120723062,17571375,1103680,36,110558326
120704050,17552373,1103450,39,110356380
120745276,17577173,1103412,39,110585945
120724805,17548249,1103894,37,110532277
120705139,17541461,1103039,40,110443988
120827649,17581048,1104242,40,110640433
120686112,17520969,1103202,38,110559482
118174632,17161711,1080010,41,108209066
120685757,17533214,1103342,36,110596457
120705029,17553396,1104092,41,110553327
120683854,17563099,1103172,38,110476357
120679169,17519450,1103649,38,110570296
119537636,17291446,1093041,40,109533486
120730704,17548404,1103240,37,110507579
120589843,17510678,1102165,39,110460667
120617583,17551784,1102201,40,110429734
120772933,17569112,1103941,37,110565334
120681144,17454351,1103938,40,110628385
120586589,17510802,1102283,39,110454046
120658767,17530176,1104117,37,110486130
120706487,17544592,1102866,40,110486170
120716860,17557798,1104166,38,110577614
120671508,17544188,1103046,38,110356034
120788786,17536842,1104364,40,110589210
120792729,17567810,1104062,38,110654100
120733541,17561270,1104120,39,110606826
120699016,17539942,1102811,39,110648824
118064960,17168375,1078559,36,108106313
120575759,17532502,1102894,40,110451643
120700956,17548249,1103623,38,110582655
120672821,17539601,1103286,39,110577764
119850144,17432124,1095705,41,109879427
120647805,17483924,1103723,36,110495844
120557160,17525527,1101206,41,110498780
120566234,17513015,1101825,39,110487028
120718312,17554251,1103437,37,110579073
120671634,17527883,1102944,40,110474477
120942140,17573174,1105057,38,110676501
120790431,17545986,1104121,37,110657681
120705444,17466348,1104066,41,110621191
120576863,17470005,1102130,36,110499682
120755621,17536315,1103317,40,110603256
120763554,17564029,1103879,40,110484749
120784417,17506966,1105044,36,110576535
120723843,17513552,1103918,41,110525896
120745154,17543352,1103939,40,110544315
119775194,17371022,1094987,36,109542484
118188807,17166547,1081140,39,108275690
120711473,17534392,1103914,36,110514970
120539100,17425769,1102054,40,110480608
120664753,17497410,1103443,40,110556753
120241284,17435874,1099052,37,110084883
120307902,17412780,1100689,40,110280923
120630428,17521001,1102523,40,110489897
120559127,17521806,1102068,37,110424944
120680329,17559720,1103220,39,110385861
120810498,17539352,1105065,36,110739292
120763913,17522799,1104275,39,110693849
120592872,17538268,1103142,39,110419981
120640825,17530269,1102961,36,110476787
120517682,17486312,1101282,40,110365147
120588833,17526240,1101801,40,110481703
120659971,17545273,1102615,37,110460425
120626335,17545460,1101972,39,110404152
120609245,17550854,1102831,39,110276532
120695174,17558333,1102492,37,110475792
120572409,17538600,1102277,39,110452848
118050640,17168313,1079007,36,108166979
120543749,17525837,1101709,39,110428714
120813012,17443872,1105564,37,110543577
120737591,17503982,1103833,40,110563508
119890935,17442757,1095769,40,109774422
120634823,17456458,1103032,36,110480803
120661744,17523574,1102786,41,110533659
120720787,17543910,1102807,41,110544923
120898188,17479367,1106431,36,110794941
120676836,17531510,1104168,39,110576825
120734467,17574073,1104108,39,110539898
120451986,17515420,1100895,36,110356782
120711517,17555008,1102894,40,110504614
120622027,17536129,1102589,36,110478549
120751533,17545676,1103820,37,110588056
120646188,17548405,1103683,39,110464348
120901469,17594160,1105456,36,110740489
120715258,17549676,1103476,41,110543101
120751258,17556527,1104164,39,110705817
120628119,17513219,1103564,36,110561839
118038767,17183194,1079927,39,108104261
120602856,17536252,1103702,37,110499387
120702755,17562820,1103451,39,110649608
120606392,17511515,1102347,41,110537359
119563545,17376633,1092999,36,109467248
120581666,17458133,1103012,39,110465982
120579738,17508610,1101771,39,110440179
120652477,17519720,1102244,37,110456512
120596227,17544953,1102291,39,110445067
120716892,17548260,1103095,37,110618086
120616676,17523481,1102152,40,110374035
120535741,17497224,1101615,39,110375203
120661242,17545273,1103112,37,110405089
120555018,17517622,1102483,39,110470122
120653963,17566695,1103443,42,110522993
120609318,17538298,1101975,36,110396857
120722277,17541988,1103178,42,110521336
120660331,17518087,1102510,39,110522658
120556348,17517900,1102132,38,110380192
117995774,17175723,1078627,38,108114129
120607812,17545118,1102145,38,110450139
120616907,17534734,1102587,39,110500775
120690409,17544312,1103580,37,110486477
120613114,17544592,1102586,39,110525863
119865863,17415291,1094582,39,109754699
120649231,17478809,1103181,38,110497483
120536917,17488792,1101321,39,110439246
120758267,17559689,1103742,39,110667599
120775738,17540778,1103651,36,110576967
120673517,17557829,1103038,40,110495423
120783407,17557054,1104742,38,110728345
120778790,17552248,1103399,38,110545691
120682009,17540004,1103359,40,110614715
120713034,17565237,1103523,36,110443438
120781678,17544530,1103723,39,110636529
120723602,17434325,1104514,41,110587767
120716295,17530455,1104109,36,110576278
120646467,17526860,1102683,40,110517894
120746710,17556868,1103854,41,110626806
118892092,17257593,1087038,37,108808763
120740721,17548560,1104034,40,110551734
120634802,17531540,1102587,36,110540933
120562481,17524225,1102088,39,110374780
120750853,17543538,1103842,40,110513047
119674204,17373781,1094328,36,109647456
120714309,17477663,1104077,40,110540578
120709822,17527387,1102621,40,110600241
120747238,17554604,1103716,36,110544769
120715935,17469541,1104364,40,110621595
120715648,17521931,1103222,42,110582802
120601241,17517156,1103102,36,110518053
120717125,17547537,1103861,39,110594045
120740916,17538795,1103533,38,110472144
120615457,17524534,1101832,37,110348030
120695542,17547413,1103774,39,110597816
120755569,17537740,1104180,36,110659589
120743062,17576057,1104115,39,110524184
120651782,17534920,1102943,42,110431561
120777724,17418328,1105239,36,110801179
118026360,17164036,1079533,39,108090605
120776169,17561517,1103110,36,110537247
120697243,17558852,1103007,39,110554892
120914004,17570353,1105935,39,110677458
120857472,17531478,1104669,36,110649192
120009253,17360452,1098075,39,109982454
120721440,17479058,1103246,39,110639992
120903519,17560835,1105476,37,110715493
120681381,17534951,1101830,40,110422389
120771492,17556000,1103813,41,110626462
120697616,17540945,1103153,36,110452219
120738285,17539899,1103177,40,110617376
120733471,17563006,1103819,38,110574927
120699446,17515296,1102761,37,110559925
120778643,17558852,1104110,39,110508354
120779361,17563873,1104027,38,110588535
120762557,17571624,1104557,38,110554080
120772481,17561673,1104037,39,110510160
120745467,17558727,1103217,37,110545654
120752958,17546173,1103700,39,110578997
118615408,17213295,1084020,39,108528853
120683508,17532067,1103209,37,110601326
120835536,17462566,1106051,40,110813096
120552248,17459217,1102126,37,110439826
120239722,17463496,1099070,39,110059825
119814402,17359017,1094751,39,109849660
120689465,17484296,1103677,38,110577003
120675419,17522892,1102635,39,110445376
120575236,17520443,1102176,39,110423715
120662881,17543165,1103542,36,110452100
120558412,17509965,1101904,42,110418561
120576816,17541399,1101596,39,110199600
120674823,17562199,1103166,37,110523356
120559877,17531944,1101410,39,110489121
120697871,17552124,1103006,37,110546820
120579695,17534052,1102615,41,110338009
120611605,17529123,1102118,39,110392039
120681160,17539104,1103270,36,110563075
120482315,17513220,1100919,39,110274591
120619835,17543135,1102242,38,110379506
118120960,17174699,1080109,37,108081403
120672800,17559410,1103720,38,110518516
120767944,17570786,1104117,36,110669626
120634894,17544437,1103813,40,110585142
120504222,17535322,1101681,36,110321091
119917614,17394707,1096632,39,109955038
120547673,17443098,1101922,40,110389663
120773220,17558603,1103887,36,110668101
120658814,17545615,1103398,39,110474216
120731198,17551970,1103264,39,110492553
120729817,17549551,1103214,36,110468149
120771552,17548188,1104045,39,110565207
120589598,17533711,1102489,39,110440871
120750112,17561641,1103761,36,110506199
120742765,17550792,1104064,39,110528059
120816823,17557550,1104929,38,110560417
120751146,17555751,1104283,37,110514955
120743186,17556279,1104165,39,110575996
120778764,17566819,1104378,38,110589781
118220257,17194601,1080613,39,108276579
121042974,17580087,1107071,38,110874403
120661545,17551349,1103845,36,110507412
120332484,17496790,1099653,39,110128136
120736491,17559099,1104055,36,110511187
120238524,17478252,1099175,40,110136469
119865986,17367892,1095332,39,109809925
120773025,17494619,1104596,36,110755641
120637447,17414764,1103885,40,110607106
120545266,17530487,1102043,40,110484384
120509013,17510802,1101366,37,110405158
120491170,17484793,1101376,40,110387445
120697569,17536439,1103801,38,110598718
120683965,17536159,1103711,37,110512374
120555841,17535230,1102043,40,110455282
120646366,17544095,1102814,36,110478453
121636595,17657060,1111753,40,111360473
120571398,17535106,1101707,40,110458826
120704591,17556557,1104074,40,110499279
120584816,17523512,1103432,41,110445612
118092296,17155231,1079785,37,108171353
120581064,17535788,1102573,39,110391028
120682470,17574476,1103710,40,110639884
120867249,17578536,1105317,37,110621933
120758478,17570384,1104069,39,110549455
120592825,17536222,1102615,39,110360792
119959343,17380446,1097723,38,109939306
120475695,17475338,1100860,39,110313580
120642096,17555163,1102585,40,110513347
120741316,17551070,1103371,36,110636633
120688215,17558511,1103337,39,110445364
120697327,17540345,1102946,38,110519126
120709233,17561114,1103110,37,110506708
120725079,17563657,1103290,42,110630184
120706047,17559657,1103461,36,110651131
120740436,17566633,1103932,40,110598476
120705008,17555101,1104031,40,110609784
120790137,17577068,1104916,37,110606588
120477740,17507806,1101256,39,110337600
120725095,17544995,1103797,40,110564687
118094211,17171351,1079099,36,108101319
120573262,17404162,1103598,39,110345467
120620263,17535973,1102364,37,110431884
120756409,17435813,1104148,40,110723471
120804886,17535974,1105169,39,110615056
120426596,17510336,1101210,36,110393619
119884170,17343805,1097110,39,109843668
120750893,17529123,1103669,39,110525219
120745154,17545800,1103731,39,110554858
120725020,17479120,1104824,40,110622407
120730134,17533958,1103480,36,110600374
120838308,17547165,1105069,40,110765390
120791633,17528937,1104105,39,110611109
120752031,17480018,1105029,37,110593293
120750816,17538826,1104603,41,110589029
120695409,17522272,1103749,39,110518185
120630243,17515792,1102835,38,110356667
120545553,17523946,1102136,40,110308712
120618178,17545937,1102970,41,110427377
120656943,17534969,1103088,36,110478416
117840384,17130401,1076533,39,107918723
120645163,17542421,1103037,36,110434152
120579939,17545088,1102446,39,110507348
120712253,17537245,1103511,39,110347135
120499084,17513436,1101312,37,110342130
120588190,17543166,1102798,41,110530545
119896850,17340952,1095695,36,109724706
120588378,17503114,1101993,40,110415733
120648006,17524752,1102556,39,110504687
120797530,17549799,1104299,37,110652728
120761501,17520412,1104306,41,110540731
120628003,17538609,1102462,40,110492470
120787490,17563718,1103946,36,110586413
120638381,17544251,1102977,39,110500391
120798558,17561732,1104082,39,110655401
120766325,17550050,1103405,37,110594819
120695692,17548064,1103562,39,110419520
120767486,17558015,1103897,39,110648514
120670964,17546575,1102792,37,110450753
120712434,17546204,1103080,40,110460891
118117572,17182697,1080191,37,108228211
119640197,17273497,1094611,40,109762162
120774085,17548900,1104624,37,110660464
120441615,17498092,1100565,40,110301645
120738125,17543352,1103539,39,110543512
120414952,17504105,1100496,36,110186919
119904674,17350439,1096400,40,109907692
120771979,17524741,1103456,38,110596930
120681545,17535705,1103246,40,110469266
120587191,17525155,1101913,39,110400425
120721809,17508662,1103388,38,110568167
120679009,17519513,1102799,39,110453018
120583504,17541120,1102872,39,110526585
120776922,17590161,1104073,37,110525109
120714523,17561983,1102732,39,110463040
120681539,17518769,1102617,39,110414420
120801772,17556526,1104428,36,110654173
120745357,17554822,1103760,39,110524275
120565377,17521869,1102532,39,110403179
118115329,17176373,1079931,38,107978458
120580995,17545243,1102265,41,110451379
120748535,17454784,1104889,38,110562515
120757049,17500541,1104285,40,110595988
120782213,17559069,1104487,38,110609674
120709108,17551349,1103740,38,110519621
120644253,17540686,1102903,39,110415454
119871766,17339650,1096387,38,109824672
120859112,17481569,1104392,37,110717221
120825493,17513437,1105347,41,110694431
120785983,17559285,1103881,37,110443865
120668683,17518180,1102874,40,110604999
120606588,17540190,1103173,39,110452416
120705014,17555782,1103092,37,110581203
120624010,17537431,1103113,40,110367438
120575598,17535571,1101892,39,110368540
120671863,17548652,1102774,36,110467196
120690582,17522551,1103742,42,110535988
120687057,17547227,1104190,38,110572974
120562517,17526704,1103375,37,110411793
118144690,17155790,1079025,38,108047284
120619222,17541336,1102774,37,110418733
120129383,17452367,1098873,40,110053565
120754937,17548094,1103326,37,110682768
120777359,17532037,1104922,39,110603648
120322006,17504478,1100796,41,110021942
120657012,17544498,1103112,36,110485938
119891339,17355740,1096865,39,109753112
120772546,17544716,1103330,39,110563253
120755586,17566415,1103991,37,110551655
120726499,17544375,1102926,40,110591770
120567997,17532533,1102700,38,110483766
120732406,17544374,1103898,37,110508585
120662151,17553210,1102248,39,110498640
120721574,17547134,1104192,38,110565728
120672565,17549272,1102959,38,110444444
120456504,17500479,1101019,40,110277612
120638700,17543537,1103163,36,110476551
120678281,17545336,1103035,40,110503881
120608949,17537989,1102896,39,110459781
118161151,17090286,1080113,36,108171538
120711822,17517808,1103225,40,110567471
120704743,17556309,1103587,38,110426799
120542980,17463744,1103148,39,110458588
120618276,17440525,1103784,40,110494503
120458326,17486032,1101760,37,110204197
120777199,17447996,1106481,40,110835829
119948428,17324802,1096948,39,110020646
120711344,17527262,1103260,37,110513955
120651086,17503114,1101802,41,110472909
120856798,17553953,1104459,36,110634819
121830712,17702351,1113851,39,111565638
120735450,17531603,1102807,39,110579386
120750697,17552032,1104783,38,110582684
120877360,17544777,1104655,38,110647071
120703423,17510864,1102769,40,110535316
120748300,17551163,1103287,36,110697847
120673394,17556031,1103409,40,110504325
120707042,17545646,1102691,39,110541594
120754671,17556557,1104111,36,110636494
118121670,17183132,1079844,40,108263334
119403001,17356452,1091067,37,109394511
120498857,17493752,1101959,39,110218701
120580952,17515793,1102668,38,110362450
120827963,17550109,1104263,37,110612386
120351979,17515328,1100074,40,110115048
120648803,17542390,1103028,36,110378444
119944149,17348362,1096912,40,109929970
120628783,17531665,1102746,39,110448189
120723279,17550171,1103880,38,110521244
120551425,17531107,1101668,39,110326592
120628598,17544282,1102602,43,110316838
120699361,17541088,1103502,37,110497111
120705161,17538175,1103358,40,110484116
120633534,17551474,1103217,39,110458293
120695762,17566384,1103548,37,110447164
120634570,17548281,1103178,39,110520604
120654252,17539136,1102476,38,110389572
120670873,17447313,1103927,38,110514407
120631129,17503796,1103783,39,110368605
118125991,17185239,1079510,38,108213277
120620012,17553830,1102622,39,110571245
120753479,17559874,1104230,36,110658205
120910201,17595680,1105299,40,110802667
120745382,17552125,1103228,39,110622671
120801950,17558045,1104562,36,110575517
120691320,17525496,1102529,42,110405694
119938055,17346161,1096144,40,110014798
120741963,17545087,1103571,37,110646801
120763456,17554512,1103785,40,110528379
120751142,17555256,1103248,40,110610392
120789174,17560773,1103508,36,110545963
120786878,17557953,1104381,40,110687808
120806266,17581234,1104636,39,110619767
120818738,17557177,1103985,37,110606185
120775718,17563192,1104024,39,110502313
120728564,17547298,1103843,38,110509485
120690267,17528276,1103089,37,110445431
120735612,17555907,1103638,41,110527475
118167344,17182108,1079954,36,108193410
120753871,17548886,1103362,39,110578349
121850186,17708163,1113729,39,111546996
120596688,17508042,1102285,36,110406769
120538324,17492543,1102540,40,110315212
120270373,17453886,1098943,40,110074954
120725706,17540964,1103972,38,110603841
120684739,17537803,1103334,39,110452892
120603092,17444585,1102575,37,110527324
120697091,17537400,1102860,39,110600586
120661607,17542825,1102703,39,110423732
120668860,17535632,1102779,37,110422159
120529644,17529278,1101664,40,110251789
120657749,17524311,1101711,39,110478114
120667498,17540351,1102735,36,110508768
120514111,17515266,1100953,39,110405869
120661382,17469014,1103568,40,110576797
120620455,17492945,1102997,37,110476185
120590828,17497286,1102251,41,110333552
120718542,17559564,1104361,38,110658255
118015962,17146707,1078703,40,108126789
120636799,17539073,1102633,37,110463263
120568857,17533556,1102540,40,110523876
120710941,17564246,1104064,40,110554160
120654644,17537275,1102963,36,110530303
120557354,17517591,1101388,39,110414086
120564377,17521900,1102348,39,110478828
120671661,17564803,1103495,36,110466606
119913066,17338814,1096410,41,109858099
120761746,17516041,1104102,39,110755707
120714788,17442880,1104159,38,110633310
120690490,17536160,1103205,40,110490731
120772711,17551938,1104041,38,110675294
120748676,17567222,1104148,40,110601181
120720593,17559503,1103514,40,110541272
120775322,17520535,1104995,36,110553946
120656374,17499053,1104173,39,110577839
120785478,17558914,1104109,39,110622272
120746389,17551039,1103740,39,110592965
120672896,17547909,1103115,39,110543703
118205175,17172715,1080555,38,108194445
120665972,17528100,1102422,40,110480542
120996368,17580645,1106394,40,110764428
120492012,17473074,1101098,37,110355468
120688737,17550513,1102676,41,110536292
120313462,17487800,1099172,40,110090147
120631738,17398271,1103520,37,110618945
120685752,17528131,1102596,40,110445931
119841544,17333109,1096396,38,109930161
120561871,17476764,1102326,38,110463128
120665682,17504571,1103373,39,110490285
120477678,17485629,1102480,37,110430694
120757939,17524473,1104900,39,110734237
120723269,17512848,1103943,39,110506494
120707639,17521310,1103293,38,110613010
120711080,17537691,1103801,40,110509531
120616163,17499537,1103661,39,110467576
120636828,17493689,1102699,36,110546337
120834200,17525744,1105033,39,110591462
120764567,17532254,1104162,38,110564074
118017112,17126215,1078764,39,108092642
120676120,17525372,1103348,39,110539940
120672641,17536500,1103885,37,110499899
120651908,17521900,1103458,40,110409139
120758148,17538515,1103673,36,110646083
121464051,17617752,1110621,40,111254083
120659982,17517560,1103833,39,110530986
120633232,17522364,1103776,37,110422789
119914255,17324988,1096225,39,109912247
120652862,17526426,1103190,39,110538485
120744961,17530982,1104327,36,110534727
120549309,17492233,1101112,39,110330291
120705920,17424250,1104913,41,110546291
120740134,17524565,1104634,36,110695699
120709568,17533153,1103917,39,110619723
120724957,17534207,1104026,39,110502463
120755047,17534981,1104422,37,110545235
120661667,17517932,1103746,39,110432761
120731327,17542112,1103892,38,110587321
120646087,17523542,1102833,38,110446199
118180895,17144165,1080440,39,108192380
120694275,17516474,1103355,38,110509040
119751896,17297584,1096001,40,109748336
120692862,17475957,1104130,38,110532620
120365917,17455653,1100524,39,110248905
120604470,17496139,1102574,39,110481039
120640743,17506523,1104030,37,110633908
120680844,17509965,1103368,39,110524924
119943162,17328522,1097539,40,110018622
120691575,17534764,1102888,36,110771630
120709040,17528410,1104429,39,110541235
120683754,17516878,1103767,40,110559141
120697017,17528471,1102996,37,110547673
120639843,17511639,1102782,39,110509605
120686073,17528409,1104200,36,110575976
120605837,17513282,1102351,40,110569304
120623392,17522117,1103250,39,110384253
120634579,17498680,1102865,38,110502830
120562493,17505470,1102680,39,110457938
118128486,17159819,1080746,36,108141521
120724236,17540097,1103936,39,110525793
120636928,17524907,1103304,39,110513706
120711951,17509174,1103752,36,110509353
120649595,17521636,1103570,39,110464361
120718521,17540438,1104463,38,110495285
120660158,17517807,1102914,37,110512317
120675788,17530146,1103362,40,110528717
120766215,17540809,1104556,36,110628058
120131802,17340085,1099367,40,110083034
120739800,17524008,1103716,39,110584053
120879330,17559750,1105385,36,110707293
120666763,17503796,1102832,39,110561848
120808205,17530766,1104730,40,110787051
120845570,17544560,1104240,36,110622802
120856031,17562701,1104430,39,110706671
120750633,17525224,1103830,39,110684274
120872868,17556421,1106014,36,110790091
120775820,17536129,1103913,39,110774565
120624864,17526116,1101810,42,110383083
118149105,17152100,1080007,36,108238913
120783063,17439874,1105872,39,110657351
120787871,17535415,1105418,36,110654633
119462027,17312712,1091408,39,109464957
120559910,17480297,1102475,37,110505565
120316100,17459373,1100390,39,110160110
120926425,17534393,1105673,40,110843315
120625373,17410609,1104400,37,110649830
120576677,17492264,1102183,39,110473389
119894181,17313859,1097120,39,109939762
120646532,17524596,1103400,36,110452526
120623258,17500882,1102434,40,110372561
120743133,17508291,1104196,39,110721756
120676621,17509003,1103299,36,110598817
120661990,17507516,1104022,39,110602027
120602955,17496449,1103239,39,110638667
120688050,17537988,1104093,37,110480855
120652394,17522613,1104154,39,110523679
120643573,17531819,1103138,37,110631867
120625636,17541089,1103416,40,110408802
118099888,17141994,1079411,36,108307728
120609683,17510647,1102533,39,110580737
120564401,17506586,1102523,40,110353311
120858184,17555224,1105580,39,110661923
120481830,17499890,1102007,41,110319383
120703732,17545677,1104523,39,110429350
120883799,17546172,1106291,36,110761056
120655279,17503424,1103051,40,110511926
120642433,17414609,1103653,40,110550704
119935979,17314478,1097006,39,109956954
120781209,17531913,1104014,39,110624264
120808647,17547443,1104268,39,110575517
120740136,17507180,1102603,40,110535012
120726984,17516594,1102878,39,110531934
120723277,17518303,1104301,36,110587313
120712861,17527170,1103822,39,110486064
120727455,17531603,1104291,39,110527806
120756647,17542297,1104006,37,110579665
120406296,17491737,1101476,39,110434541
121183926,17530177,1107490,40,110978304
118327130,17151294,1082387,37,108313653
120942236,17520133,1106893,40,110795411
120781634,17535415,1104000,37,110582517
120044324,17359212,1098016,41,109983258
120369130,17329669,1103157,38,110349716
120797817,17506368,1105154,37,110655950
120712383,17501037,1104321,39,110574218
120678244,17519079,1104270,38,110562012
120671104,17525371,1103826,37,110544018
119919945,17336768,1097137,40,109994917
120740835,17507923,1103580,36,110736015
120549584,17501807,1101938,39,110353735
120489964,17498836,1101816,41,110256771
120646498,17528657,1103329,37,110591803
120575289,17499611,1102213,39,110392791
120528541,17500200,1101357,38,110350863
120682363,17514986,1103702,38,110545516
120643555,17513561,1102763,40,110418600
120613295,17512413,1103315,37,110530362
121626610,17616295,1112752,40,111472875
117961908,17123364,1078794,38,108080404
120653150,17521434,1102933,37,110550448
120686154,17512042,1103265,39,110555674
120913693,17523667,1106982,38,110875030
120917745,17520597,1106278,39,110845334
120811785,17532099,1105552,40,110580785
120736946,17508507,1104438,36,110652868
121800831,17668437,1113340,39,111425048
119941128,17406983,1097625,40,109775175
120889071,17463527,1105764,38,110830199
120746308,17553395,1104292,38,110589646
120787127,17536966,1104102,39,110514890
120824422,17557611,1104476,37,110624857
120796393,17507609,1105097,41,110676536
120750499,17531696,1104611,40,110573329
120722396,17523077,1102892,36,110517969
120729368,17521373,1104115,39,110628808
120828372,17566044,1104176,39,110620603
120762588,17550915,1104721,36,110559177
118075542,17067502,1080551,42,108081968
120693799,17481227,1104381,38,110561874
120515504,17500169,1102023,39,110340045
120412351,17502215,1100920,40,110255257
119992767,17389932,1097893,36,109906914
120288859,17450228,1099916,39,110180705
120529145,17500416,1102387,36,110387758
120646523,17480918,1103007,38,110407002
120532004,17487456,1101350,42,110189776
120728803,17532132,1104166,36,110632340
119851257,17322539,1095526,40,109843835
120519884,17489226,1101956,40,110509665
120642571,17513219,1102803,36,110439922
120646061,17513654,1103282,39,110476623
120627065,17432682,1104714,40,110549460
120544556,17453327,1103555,37,110341128
120605785,17500608,1103204,39,110453585
120667342,17517543,1102665,36,110444533
121606023,17645818,1111912,41,111346071
120570666,17501347,1102586,39,110451899
118035130,17147946,1079644,37,108131758
120613815,17501533,1102657,40,110499952
120667333,17528502,1103999,37,110512145
120707750,17507071,1103937,41,110545091
120692359,17509635,1103077,39,110586726
120711007,17523604,1103176,36,110493577
120476194,17475927,1101967,39,110427724
120586568,17507423,1102681,40,110650910
120661559,17537275,1103378,36,110558043
119847874,17403852,1096203,41,109796707
120627536,17447500,1103700,38,110629633
120608353,17521155,1102809,37,110374839
120693246,17526829,1103554,39,110503683
120671405,17519047,1102512,36,110466015
120587845,17508911,1102536,40,110386250
120606406,17519172,1103461,39,110484540
120639471,17518737,1102813,36,110537378
120588568,17506989,1102365,41,110416914
120640870,17524597,1103324,39,110450571
120671133,17526921,1103922,36,110429471
118051572,17149776,1079954,40,108165414
120593486,17513002,1103006,36,110471367
120590666,17512414,1102698,39,110469500
120741717,17529681,1104499,40,110601311
121803752,17634069,1114082,37,111628008
120382186,17479852,1100293,40,110385384
120721598,17538485,1104612,40,110660497
120791470,17539042,1104703,37,110648331
120730492,17540004,1103804,40,110578704
119985363,17398365,1097463,38,109795346
120729755,17457109,1104592,37,110605791
120736473,17488885,1104506,40,110708675
120720765,17529215,1104039,36,110701541
120799013,17535602,1104296,39,110625579
120672373,17514212,1103211,41,110472975
120928490,17526673,1106143,38,110871065
120908376,17414981,1107488,39,110894083
120823827,17520629,1105121,39,110636911
120779795,17546921,1104573,37,110533053
120748667,17525491,1105017,41,110586839
118094491,17152007,1080201,36,108107465
120572182,17493907,1103108,40,110519098
120658853,17524504,1103709,39,110443379
120744118,17485660,1104829,37,110630052
120779988,17487025,1105551,39,110666071
120500029,17493318,1102092,39,110323782
120652694,17513343,1102958,36,110530761
120457416,17480236,1101258,40,110379360
120607527,17494248,1102232,39,110359238
119981135,17370216,1096475,39,109886263
120594079,17451778,1103363,40,110502069
120568990,17500354,1103233,37,110344161
120543387,17513003,1102036,39,110399265
120600735,17514119,1102446,40,110432174
120585178,17518892,1102916,36,110448076
120634518,17503517,1102836,39,110527949
120597720,17502866,1103249,39,110468678
120657810,17530083,1103450,38,110517536
120609855,17503486,1102874,45,110376891
120624661,17531106,1103267,36,110446008
117972753,17136198,1079072,40,108213009
120541872,17501067,1102393,37,110469178
120625380,17516041,1102327,40,110453112
120391893,17487118,1101175,39,110269500
120825651,17503609,1104121,36,110718502
120440630,17485103,1101351,40,110452581
120976311,17554912,1105807,40,110969405
120746425,17526056,1104976,36,110680705
120830505,17529464,1104407,39,110636339
120096128,17417616,1098743,39,110025602
120773200,17485691,1105166,36,110654440
120753478,17536904,1104095,42,110552196
120650239,17530084,1102847,40,110488879
120858908,17564803,1105366,37,110673711
120844273,17548715,1105651,41,110637684
120816162,17543228,1104614,40,110590711
120742610,17536686,1104336,37,110626136
120849190,17551660,1105827,40,110675096
120762172,17524659,1104780,38,110639564
118144740,17158460,1080915,37,108258996
120702332,17522205,1103691,39,110539013
120798841,17501718,1105606,37,110594468
120588643,17451096,1104094,41,110486492
120909548,17549985,1106209,36,110697757
120669735,17537772,1102975,39,110559179
120590687,17524411,1103330,40,110511488
120749186,17542917,1104368,36,110621851
120555178,17498185,1101952,40,110411030
120683179,17539663,1103730,40,110506917
119953853,17384197,1097441,36,109976852
120629195,17413865,1103416,39,110523192
120571901,17466968,1102639,39,110437761
120743682,17521775,1103892,37,110706655
120692018,17533556,1103506,39,110538649
120739329,17525465,1103194,38,110565868
120632076,17520721,1103558,39,110440884
120651589,17507950,1102640,41,110440881
120591766,17496665,1102835,36,110495455
120666754,17532545,1103473,39,110426829
118050111,17130202,1079373,36,108052965
120583559,17499053,1102733,40,110372248
120650124,17523388,1102835,40,110458857
120619640,17482901,1101567,37,110350901
120841348,17530425,1105997,42,110727247
120993298,17540872,1106595,39,110772415
120732396,17517218,1104807,36,110611607
120630022,17496077,1103461,39,110505435
120719727,17516630,1102999,39,110472458
120629648,17516102,1103516,37,110646756
119904809,17367768,1096819,39,109838695
120685117,17481321,1103198,38,110666427
120441531,17472795,1100812,39,110369638
120629096,17514770,1102646,39,110503642
120695360,17542972,1104356,36,110572150
120542457,17513878,1102451,40,110401966
120647439,17515235,1102070,39,110624534
120711706,17520721,1104166,36,110525928
120601599,17510492,1102420,39,110459826
120635423,17503083,1102672,41,110374714
118078964,17157370,1079285,36,108274661
120699864,17532192,1103551,41,110630261
120532375,17513901,1102514,36,110429780
120687323,17530146,1103451,41,110444192
120778814,17544592,1104612,39,110673341
120782370,17540716,1104517,38,110689992
120657544,17450132,1103840,39,110437001
120818638,17524041,1104880,37,110667632
120678790,17527945,1104026,40,110653896
120604081,17508353,1103480,39,110528128
120032803,17374215,1098062,38,109891098
120667677,17494217,1103261,40,110464195
120684239,17520226,1103907,40,110543512
120643925,17516071,1103542,37,110443236
120617871,17495178,1103588,39,110596599
120657741,17508136,1104204,39,110475556
120661913,17528440,1103978,38,110472034
120659957,17524845,1103824,39,110534035
120612593,17447344,1102095,39,110555626
120645332,17497410,1102920,37,110456621
118066350,17142428,1079233,36,108139005
120608602,17514863,1103250,39,110423960
120583145,17511546,1102350,39,110391480
120526130,17494123,1101723,38,110320914
121006790,17551381,1106533,39,110909144
120983515,17499735,1106496,40,110891529
120814898,17519853,1104638,37,110647815
120662831,17512910,1103935,41,110462295
120868035,17507764,1105146,40,110690510
120624669,17486559,1102987,36,110486729
119967189,17351245,1098068,40,110001547
120735602,17505687,1104386,39,110626995
120613103,17502028,1102949,37,110548734
120449724,17473044,1101469,39,110287478
120730701,17517808,1103965,39,110578863
120592949,17507236,1102393,37,110368730
120685732,17505966,1103825,39,110486939
120686701,17523480,1103907,36,110526949
121570642,17546111,1111960,41,111440440
117983439,17100021,1078774,38,108124643
120659858,17514614,1102962,37,110480450
120581712,17513251,1102633,41,110481713
120657343,17524441,1103754,37,110636688
121748688,17679659,1113463,40,111468881
120797058,17521807,1103587,39,110587523
120671515,17516878,1104567,39,110488578
120664930,17505066,1103335,37,110483417
120562255,17503641,1102203,39,110431849
120738612,17527882,1103876,36,110562565
120625184,17520133,1103328,40,110426122
119854965,17351059,1096119,40,109914793
120711649,17417553,1103832,38,110621437
120613656,17502091,1103084,39,110348075
120591316,17514057,1102861,39,110442691
120722094,17547970,1104425,36,110674098
120662869,17528968,1102959,39,110525519
120700798,17522272,1103657,38,110632914
120628053,17455900,1104827,38,110620627
120711801,17520820,1104331,40,110624677
118025685,17156094,1080065,36,108067604
120607334,17519389,1102731,40,110495519
120447749,17503144,1101913,36,110338508
120550010,17521218,1102776,40,110373457
120664509,17499487,1103647,40,110544707
119814904,17378617,1095652,36,109761993
120411618,17459931,1101898,39,110331143
120567948,17500882,1102695,39,110319491
120540475,17506058,1101852,37,110469785
120537442,17510151,1102218,39,110429324
120639320,17538391,1103188,38,110474525
119755808,17320679,1095535,40,109790010
120613165,17488947,1102870,41,110592849
120589371,17510367,1102232,37,110454661
120560950,17511701,1101974,40,110528847
120595116,17523047,1103377,39,110446533
120583846,17503237,1102786,37,110369303
120608558,17528658,1102477,40,110358572
120660501,17515358,1103509,37,110501578
120567298,17507206,1101523,39,110491486
117902117,17100950,1077812,37,108054119
120594071,17511422,1103212,40,110555436
120552632,17514553,1102645,40,110501057
120633514,17520349,1102229,37,110389059
120666894,17513034,1103494,39,110649109
120642698,17517746,1103176,40,110554652
120621779,17514614,1102936,36,110271059
120559349,17500169,1102782,39,110385677
120549437,17516691,1102694,36,110489881
120607127,17497782,1103694,39,110547653
120561102,17501657,1102964,40,110488682
119789461,17336333,1096298,36,109854803
120629895,17467154,1102036,39,110448735
120567800,17496031,1101914,40,110311203
120583679,17526223,1102670,36,110392886
120504314,17495767,1100843,40,110277088
120571990,17506524,1102075,38,110406616
120535167,17487303,1102012,41,110454933
120464332,17483914,1101601,39,110247595
120592893,17512393,1102467,37,110442441
117983779,17149218,1079333,41,108006130
120641147,17535570,1102247,36,110485996
120574933,17505625,1102929,39,110368424
120354897,17483429,1100527,40,110165058
120780679,17434169,1105436,36,110676340
119125519,17276628,1089498,39,109149061
120594259,17490310,1103268,38,110559394
120702546,17510089,1103359,40,110450935
120709485,17521838,1103440,39,110624725
120666656,17510615,1102951,36,110499271
120706457,17507516,1103495,39,110588649
119765149,17315812,1094631,39,109792442
120735147,17496324,1103453,36,110629622
120679708,17501595,1102545,40,110455751
120718285,17528131,1103479,39,110585954
120716331,17534361,1104177,37,110607188
120760492,17535075,1104069,39,110529826
120728507,17517063,1103889,37,110643289
120710606,17527201,1104034,42,110509192
120695584,17501812,1103719,40,110566472
118164284,17157773,1080569,36,108146328
120651556,17529929,1102487,39,110353118
120754226,17553054,1104908,37,110581414
120667394,17524690,1103334,40,110531509
120911592,17557953,1106472,40,110819548
120862558,17514149,1105237,36,110793756
120718859,17467836,1103667,39,110598303
120810802,17548405,1105025,39,110693407
120791868,17557425,1104838,39,110624061
120770839,17558139,1104930,41,110544264
120828237,17540624,1104498,39,110603740
120132825,17369813,1098877,36,110242896
120672562,17481228,1103267,39,110520156
120672701,17515948,1102922,40,110616384
120639579,17501439,1103077,36,110632416
120674737,17528286,1102682,40,110538210
120735449,17517188,1103395,39,110394424
120624420,17535415,1103300,37,110537453
120641685,17531324,1103565,42,110513461
120586717,17509251,1103054,37,110483156
118093845,17150706,1080566,39,108199550
120669556,17491550,1103674,37,110561717
120704326,17443315,1105207,39,110541356
120691070,17427598,1104617,42,110723133
120522406,17473911,1102447,36,110394954
121766841,17654580,1113336,40,111522513
120655934,17475307,1102839,40,110544056
120721371,17449359,1104521,36,110508452
120742760,17484855,1103897,39,110612328
120648558,17514801,1103495,41,110461993
120787947,17525216,1104470,36,110510005
120014314,17354810,1098071,40,110105351
120732191,17514398,1103820,39,110652894
120786925,17532501,1104378,36,110623432
120721320,17529185,1103653,39,110480816
120680785,17498216,1103267,39,110511421
120654547,17505903,1103668,36,110460171
120783748,17529898,1104832,39,110591125
120779024,17542236,1104083,38,110666408
118127941,17160098,1080314,37,108171552
120797083,17537679,1104247,39,110586095
120650845,17525867,1103069,38,110452492
120768908,17531045,1104518,40,110645864
120771174,17543041,1104476,36,110651002
120658092,17513282,1103178,40,110431297
120422115,17491582,1101833,39,110261929
120627184,17506182,1103042,36,110490936
120559107,17505904,1103286,41,110472775
120594812,17486715,1102900,39,110447123
120627073,17527572,1103262,36,110615087
120640877,17507950,1103103,39,110651469
119839044,17330413,1096985,38,109774579
120655484,17507546,1103162,40,110452021
120543056,17509221,1101953,39,110295384
120618270,17502772,1102438,37,110403417
120589430,17493752,1102623,39,110471153
120571498,17496573,1102142,40,110441247
120681828,17530475,1104420,38,110473319
120573773,17506349,1103055,39,110424486
118116040,17165306,1079985,36,108155622
120587276,17475803,1103747,39,110479761
120610286,17459413,1103092,40,110502036
120430293,17474677,1101715,36,110295621
120674550,17525031,1104248,41,110547690
120356633,17476515,1100928,42,110255979
121327135,17588580,1109257,37,111183837
120587282,17460396,1102870,40,110427285
120508091,17428372,1103633,37,110373333
121649275,17633190,1113111,39,111504488
120691940,17516289,1104651,41,110748347
120786318,17529649,1105171,37,110509050
119947528,17346057,1097460,39,109876126
111331170,16819327,1060708,39,101861453
113112354,17036346,1071729,36,103493240
120747924,17575437,1103721,39,110616449
120556385,17527015,1102153,39,110380735
120757165,17564121,1104493,38,110619758
120587506,17533742,1102488,39,110480827
120591582,17350129,1091716,39,110883244
118185701,17203033,1080423,36,108129602
120745084,17560681,1103689,39,110540818
120711530,17544715,1102506,37,110632237
120660684,17544561,1103127,39,110454535
120823280,17584551,1105366,39,110704148
120862683,17578598,1104865,37,110613417
120588425,17515514,1102067,42,110456739
120750111,17559254,1103592,37,110649434
120722422,17557488,1103334,39,110482799
120610801,17550606,1103056,40,110494379
120688006,17563718,1103451,36,110494185
120668939,17547289,1102679,39,110569942
119846515,17348517,1095128,39,109823383
120762253,17551380,1103559,36,110586061
120655739,17539167,1102364,40,110440698
120746139,17544716,1103512,38,110641848
120750897,17549489,1103040,36,110589714
120687307,17545088,1102994,39,110480852
120689145,17545118,1103089,38,110587710
120664302,17552125,1103070,38,110450138
118071337,17161195,1078603,37,108193284
120628535,17474086,1102883,39,110560722
120555246,17509613,1103019,40,110480339
120699764,17525630,1103314,39,110555840
120441427,17495209,1100879,41,110399049
120889109,17570198,1105641,39,110712122
119409081,17326723,1092225,36,109409652
120996790,17575592,1105896,39,110852830
120979222,17610002,1106528,39,110754399
120911818,17588704,1105022,37,110658478
120924122,17559751,1105164,40,110681902
120828707,17572461,1104586,40,110588286
120113934,17391017,1098552,38,110143825
120817679,17462121,1104022,41,110638794
120907427,17482912,1106383,36,110781117
120965503,17565052,1105701,39,110741216
120855493,17569764,1105276,40,110802180
120766807,17545552,1104473,36,110585490
120861846,17582381,1104962,39,110667295
120793490,17527542,1104366,41,110678695
120757120,17482498,1104361,36,110645961
120719107,17548529,1103551,39,110509237
120810424,17570415,1104598,39,110546126
120828426,17560029,1103895,37,110627168
120928512,17588550,1105702,41,110775048
120771244,17541275,1103809,39,110597390
120688538,17547071,1103663,36,110581398
120732651,17552807,1103622,40,110601411
120604521,17523450,1102535,39,110384563
120728463,17572429,1103883,36,110711450
120702450,17552528,1103498,42,110483139
120642745,17538019,1103265,37,110486027
119903607,17374774,1096733,37,109816996
120610874,17527015,1102159,39,110484682
120720548,17562850,1103471,37,110539166
120645458,17549986,1102477,40,110451885
120693248,17539787,1103199,42,110514852
120783617,17571871,1103778,37,110662146
120666831,17555163,1102537,40,110526835
118154481,17172684,1080165,37,108199069
120739946,17566323,1103281,40,110437181
120672052,17546080,1102228,40,110445192
120488015,17529990,1102392,37,110312672
120794664,17559193,1104805,41,110539488
120494300,17504199,1101774,38,110232551
120880910,17575622,1104809,37,110616679
121179184,17563905,1107870,40,111087223
120691401,17532688,1103387,38,110496621
120653603,17533462,1102995,37,110570301
120718672,17550978,1103450,39,110585729
120649742,17533834,1102635,37,110373395
120675905,17546979,1103593,41,110470250
119862524,17350067,1096173,39,109866780
120689516,17533152,1102548,36,110443299
120547925,17537214,1101711,40,110479170
120633312,17551722,1102381,39,110371571
120654140,17532501,1103000,37,110438024
120695650,17450848,1104448,39,110561808
120675486,17542390,1102550,37,110433391
118093138,17169213,1079671,40,108045890
120688192,17570310,1103482,38,110500158
120724415,17564448,1103708,39,110600163
120584001,17532094,1102307,40,110337029
120803602,17557549,1104666,36,110629785
120685074,17544034,1103166,41,110588354
120601847,17532874,1102731,40,110348080
120668260,17504477,1104318,37,110601646
120596080,17520722,1103218,40,110528786
120621312,17546824,1102889,39,110472383
120563033,17530548,1102242,36,110288378
120631464,17545336,1103250,39,110374896
120739936,17559688,1103744,37,110486375
120013865,17367613,1096910,39,110002187
120620714,17540283,1102674,39,110519559
120743443,17540468,1103417,38,110621012
120610254,17539012,1102803,41,110444054
120647553,17532161,1102720,41,110462414
120758200,17556464,1104278,36,110675893
120623983,17527728,1102559,40,110549107
118042301,17124262,1077299,36,108034257
120682791,17512011,1100949,42,110526938
120652195,17532232,1101663,39,110461490
120644818,17515163,1101920,40,110403588
120855024,17553768,1104324,39,110656668
120380996,17497441,1099467,36,110109689
120753681,17541739,1104227,38,110500973
119773822,17369349,1094394,41,109571283
120750671,17539135,1103515,36,110441952
120564098,17512290,1101641,39,110322492
120675947,17551505,1101913,40,110446604
120670499,17548001,1102318,36,110434956
120630638,17538733,1102230,40,110454446
119863113,17331001,1095387,38,109770120
120666608,17533060,1102036,39,110524692
120664271,17522272,1102571,40,110514557
120620763,17545831,1102678,36,110586481
120599117,17524752,1100896,40,110394878
120698242,17538330,1102711,39,110568487
120708718,17552961,1102806,37,110536402
118016957,17150024,1077545,40,108183240
120751303,17557859,1102770,36,110505041
120632547,17539849,1102684,41,110504372
120638438,17455808,1103904,38,110563738
120818489,17563346,1105957,39,110654720
120698025,17567475,1104334,40,110559180
120558638,17540587,1102519,36,110519915
120831112,17575127,1104901,40,110718887
120594578,17513096,1102244,39,110422168
120674771,17488233,1104422,36,110383396
120726498,17552218,1103802,39,110521911
120724528,17567966,1103796,40,110446356
120743225,17575529,1104416,37,110524212
119958563,17356360,1096976,40,109796998
120712034,17544003,1102527,40,110479482
120803259,17430635,1105151,39,110564492
120543275,17505191,1102333,40,110407109
120590543,17540531,1102324,38,110460743
120791170,17549489,1103574,40,110635551
120677133,17531076,1102407,39,110505432
120518819,17520845,1101345,37,110284832
120535015,17522458,1102028,40,110501391
120695333,17548095,1103480,39,110542802
120508350,17517032,1101279,36,110281520
120490914,17518397,1101451,39,110353996
120811617,17561053,1104734,39,110649648
120703303,17534733,1103150,38,110551704
119552908,17347029,1092945,39,109437418
120792183,17567779,1105630,37,110682024
120751849,17576150,1103901,40,110566810
120707534,17529092,1103334,40,110544459
120763624,17567283,1104366,36,110632604
120698060,17552311,1103215,41,110522919
120030858,17368915,1097334,41,109943876
120750839,17559910,1103441,38,110494013
120768614,17559188,1102928,39,110638760
120765077,17549149,1103070,38,110649713
120804327,17568585,1104218,37,110723039
120748596,17554078,1103326,41,110508680
118193767,17192183,1080168,36,108197218
120629107,17548405,1103152,40,110439179
120800558,17583528,1103791,40,110476640
120750700,17573917,1103379,37,110544255
120819578,17560464,1103969,39,110518898
120900909,17572553,1105793,38,110663174
119347723,17370465,1091524,39,109325703
120735391,17479058,1105997,39,110544154
120873284,17549675,1105992,38,110717125
120630553,17533959,1103212,40,110561737
120891585,17570942,1104814,38,110579888
120862714,17591184,1105688,38,110526994
120803741,17563936,1104092,40,110565254
120814261,17573391,1104953,38,110699835
120133992,17392164,1098150,38,110053260
120766071,17540252,1102644,40,110550539
120873569,17570662,1104611,37,110616904
121876491,17709016,1113545,39,111539133
120780721,17565207,1104032,39,110599974
120839739,17582567,1104798,39,110720856
118241165,17180434,1080875,38,108255227
120846861,17589015,1104971,38,110606621
120786622,17574289,1105011,37,110640654
120669165,17554202,1103130,42,110527526
120839349,17575653,1105361,36,110667445
120438591,17497689,1100982,39,110287860
120864701,17571314,1105667,39,110656386
120756322,17545645,1104018,36,110531926
121092595,17562355,1107715,42,110835513
120515134,17523202,1101492,39,110317454
120680254,17555038,1103186,36,110520556
120673173,17548281,1102879,39,110518448
120645840,17547134,1102271,41,110343888
120674711,17554201,1102972,38,110504684
119902203,17343433,1095810,39,109827603
120732135,17551071,1103092,38,110529379
120695239,17531261,1103050,37,110518083
120711832,17580676,1103769,39,110554300
120664094,17551566,1103181,36,110532424
120621381,17542205,1102867,40,110259568
118144420,17187719,1080487,38,108136322
120499258,17522303,1102125,40,110324705
120626414,17443966,1102902,42,110574113
120680458,17542080,1103856,36,110448893
120733617,17541740,1103539,40,110581267
120678798,17573360,1102900,39,110392316
120638178,17524379,1102819,36,110578958
120663398,17533928,1103172,41,110529596
120681092,17559503,1103501,38,110467159
120624459,17522953,1102480,38,110442990
120673386,17558077,1104453,39,110561393
120724534,17560246,1103362,36,110533045
120676286,17532874,1103640,40,110505630
120656658,17560991,1103615,40,110491221
119909987,17355894,1096745,36,109878922
120595015,17530115,1101921,40,110400931
120603247,17529433,1102321,39,110473747
120731941,17550016,1102927,37,110569454
121168857,17584861,1108595,39,110974586
120627012,17525062,1102558,39,110418813
118055195,17182077,1079578,36,108035424
120619076,17432558,1102888,39,110429649
120609464,17531974,1102034,37,110407109
120395945,17493318,1100956,39,110352038
120794224,17561084,1103750,39,110582613
120333002,17499827,1100059,39,110080882
120740510,17544065,1103848,41,110586754
120815707,17553240,1104421,37,110560388
121380400,17597447,1109501,39,111138810
120689672,17537803,1103095,39,110490968
120741672,17530052,1103731,36,110603398
121705391,17700212,1112530,39,111455814
120620237,17536966,1102093,41,110414243
120745098,17568833,1104949,39,110663598
119998342,17351772,1096163,37,109818947
120715312,17536687,1101775,39,110516904
120714646,17551845,1103539,37,110460960
120755009,17517932,1103873,41,110638636
120575062,17478004,1102973,39,110482462
117979813,17134802,1078662,37,108041043
120597489,17517870,1102227,40,110334461
120749945,17542948,1103828,36,110668738
120578259,17537679,1102386,41,110456389
120613712,17545181,1103069,40,110448141
120719404,17550884,1103358,38,110449090
120611122,17525124,1102359,39,110521077
120546311,17503610,1102452,39,110426002
120556808,17557549,1102192,37,110412373
120404481,17490807,1099834,39,110242599
120597365,17538267,1102744,36,110467686
120638632,17538144,1102182,40,110392551
120581070,17541275,1102009,40,110404120
120647515,17558603,1102768,36,110513031
120547744,17544251,1101519,40,110449624
119872105,17350284,1096260,39,109742860
120597440,17522147,1101850,37,110484501
120617686,17440246,1102782,40,110578887
120623971,17500540,1102827,36,110463407
120626167,17529588,1102803,39,110543086
117959181,17150767,1078463,36,107963383
120630830,17544282,1101791,40,110391902
120578550,17528782,1101371,39,110311019
120664995,17545273,1103257,36,110501996
120489816,17511825,1101847,40,110304414
120525288,17505067,1101212,39,110416177
120783653,17533927,1103490,36,110612299
120665443,17532781,1102852,39,110610189
120685812,17550668,1103357,38,110701383
121434346,17608792,1109683,39,111270584
120713658,17501223,1104030,39,110669105
120864921,17569733,1105271,38,110771390
120873480,17594594,1105435,38,110653372
120722280,17551629,1103504,39,110596841
120845410,17564091,1103549,38,110535957
119867901,17330908,1096330,38,109821187
120799399,17548219,1103525,39,110691076
120761878,17539166,1103157,36,110643983
121800231,17699623,1112608,39,111580073
120703013,17528410,1102652,39,110561863
117971005,17131950,1078219,39,108017743
120680382,17533029,1102976,39,110543421
120728889,17547971,1103798,39,110606078
120641784,17543258,1103091,39,110529669
120827210,17569919,1104886,40,110552674
120726240,17519016,1102775,37,110618954
120655650,17539725,1102335,39,110359088
120641342,17519296,1102360,39,110500822
120612188,17541863,1102137,37,110436368
120611058,17513251,1102107,39,110439166
120536379,17520908,1101536,39,110396069
120715664,17558727,1103266,36,110554538
120731868,17536811,1103338,39,110508262
120688387,17567718,1103324,39,110507969
120755530,17563842,1103981,37,110536580
119809982,17321187,1095455,41,109826526
120776752,17543060,1103117,37,110430545
120649671,17523574,1102391,40,110406881
120722263,17544313,1103715,40,110681591
120731581,17547164,1103637,37,110500726
118016297,17164811,1078612,41,108087338
120742164,17563439,1102401,39,110584703
120650126,17444431,1102867,41,110510585
120399258,17503021,1100855,41,110330171
120854183,17557890,1103755,37,110599533
120375567,17502401,1100554,40,110241664
120755206,17566416,1104174,39,110650289
120744028,17549396,1104825,36,110694915
121314781,17555380,1110277,39,111272315
120441735,17475447,1101645,40,110295143
120644897,17533136,1102923,36,110458344
120613556,17536191,1102850,40,110451732
120663220,17567284,1103807,38,110425660
120566180,17524968,1101868,37,110383097
119867834,17432651,1095453,39,109681488
120657421,17454536,1103655,36,110594460
120532087,17513096,1101222,39,110308185
120618405,17539353,1102149,39,110485318
120668540,17548807,1102933,36,110487533
120609594,17531820,1101900,40,110370865
118040239,17181643,1079484,37,108062739
120597087,17551815,1102618,41,110450107
120688010,17553954,1104123,39,110549167
120547649,17541801,1102394,36,110319992
120774986,17568834,1103978,40,110610419
120802402,17572616,1103549,38,110595199
120732938,17560556,1104038,38,110492149
120723617,17546607,1103490,40,110489190
120767882,17558417,1103782,37,110658195
120810989,17567346,1104093,40,110604218
120689770,17533246,1103091,40,110390612
120678742,17542018,1103360,37,110516165
120710348,17554419,1104461,40,110471296
120715835,17565052,1103539,41,110493835
120749793,17554263,1103516,36,110603211
119771236,17324058,1094372,41,109689706
120779300,17559317,1103490,40,110517864
120801878,17553922,1103520,36,110524158
120674024,17557147,1103112,39,110540213
118178709,17167352,1079724,37,108235955
120560841,17475090,1102512,39,110411524
120827747,17543724,1104782,38,110631405
120760840,17556712,1104239,37,110583431
120331933,17461698,1099637,41,110254977
120400522,17496169,1101078,38,110248898
121844214,17694291,1114091,39,111488597
120700961,17521001,1103158,40,110521990
120752375,17554791,1103227,38,110627183
119820846,17407106,1094386,37,109757165
120516252,17491520,1102057,40,110315937
120695588,17463154,1104301,37,110521151
120585244,17487676,1102204,40,110405167
120612583,17543104,1102377,39,110411729
120591865,17546699,1101975,36,110360107
119912485,17435131,1094925,40,109720537
120593505,17456273,1102465,37,110500223
120647209,17530021,1102345,37,110412430
120730911,17560929,1103305,41,110499536
120781741,17550760,1103400,36,110511477
118160202,17169089,1079649,39,108257769
120707047,17546730,1102735,36,110479536
120683517,17562107,1102637,39,110480474
120705706,17534889,1102535,39,110503640
120705706,17549985,1103413,37,110503273
120789238,17540686,1103368,39,110537634
120664456,17536904,1103314,40,110475781
120591864,17534206,1102043,36,110405928
120691085,17528689,1103720,40,110512736
120568797,17535075,1103009,39,110556402
120678232,17564338,1103130,38,110349400
120709480,17558418,1103782,41,110468744
120716936,17537524,1103473,40,110484217
120690812,17547598,1102578,38,110468490
120714790,17577049,1103609,39,110569515
119957235,17438478,1096441,37,109788355
120688700,17500882,1103456,43,110525968
120704748,17543290,1102719,39,110541336
120782649,17487067,1104374,38,110684679
120662776,17509829,1102646,41,110556035
118171529,17192741,1081359,37,108282292
120684236,17562541,1102841,40,110497715
120557500,17532440,1102021,39,110475796
120400480,17496262,1101371,37,110215656
120568159,17540190,1101746,40,110386426
120533185,17503269,1102054,38,110288943
120760845,17557983,1103671,36,110656967
120655231,17524132,1103320,39,110427331
120652759,17560867,1103102,37,110491835
120649833,17517497,1102940,38,110516251
120432184,17505687,1101487,39,110409873
120656040,17531137,1102987,37,110555540
120562203,17526302,1102150,40,110362707
120565097,17517560,1101594,40,110403974
120714978,17567035,1104091,37,110596353
119828269,17407851,1096012,40,109696976
120689668,17490497,1103449,38,110590939
120664455,17546327,1102698,37,110543143
120695133,17545708,1102775,40,110570911
120695017,17528533,1102897,36,110498485
118068654,17116575,1079503,41,108189785
120590402,17435378,1103386,38,110439844
120637263,17541213,1103109,39,110430783
120620985,17547072,1103282,39,110342879
120675105,17537089,1102466,36,110513232
120590776,17533742,1102374,40,110404817
120625395,17519141,1101489,40,110462857
120643037,17529184,1102842,36,110441206
120575583,17545429,1102587,40,110425992
120609900,17526054,1102639,38,110459174
120638203,17529401,1103300,38,110467824
120616041,17550079,1102829,40,110505982
120634720,17555813,1102621,36,110493669
121623728,17685456,1111507,39,111313060
120575857,17540934,1102768,40,110295569
119841377,17384631,1096112,36,109781464
121616122,17621534,1111403,40,111309075
120603490,17520505,1102026,40,110491363
120659623,17551690,1102757,36,110468819
120675399,17538237,1103187,39,110560419
118097629,17175102,1080158,38,108128474
120632920,17546669,1102537,40,110406602
120497953,17522861,1101413,40,110393818
120476969,17496386,1100831,37,110251290
120370314,17496759,1100244,39,110221407
120684236,17545739,1103977,39,110495098
120810870,17557363,1104626,36,110614056
120576656,17539074,1101773,39,110264767
120710866,17561394,1103820,40,110500209
120667205,17540344,1103943,38,110517067
120463343,17515545,1100885,40,110367691
120639995,17559254,1103549,36,110560521
120529904,17523512,1101441,39,110335521
120519530,17546111,1101787,39,110426653
120571806,17466254,1103741,37,110506074
119758326,17377533,1096056,40,109670469
120643405,17487955,1102487,39,110532018
120465181,17500478,1100400,36,110417209
120607334,17538454,1102340,39,110451009
118006412,17156905,1078758,36,108213514
120600377,17478097,1102101,41,110484226
120602191,17537771,1102589,36,110470179
121584875,17664965,1110797,39,111366164
120771660,17566540,1104976,39,110683591
120876742,17580738,1105352,38,110636692
120770845,17557301,1103377,38,110502385
120709352,17532409,1103317,41,110471058
120793183,17549737,1104665,37,110580664
121738332,17605445,1114050,40,111571015
120645019,17493876,1102602,40,110364277
120760905,17571779,1104273,38,110501800
120704948,17577823,1104081,37,110621091
120777811,17562107,1104814,40,110615407
120829755,17576118,1104801,36,110667313
120783886,17582939,1104283,40,110630896
120027335,17410641,1097010,40,109786324
120813183,17537151,1104904,38,110585773
120755913,17550544,1103281,41,110538117
120814528,17581513,1104568,40,110756293
118195932,17193082,1079977,37,108240948
120688542,17540252,1102295,42,110367306
120830933,17580644,1104694,38,110729846
120492578,17535788,1101448,39,110334701
120661791,17527666,1102848,40,110359609
120530220,17523232,1102937,36,110451040
120688084,17548343,1103370,40,110611517
120737395,17529743,1103408,39,110552692
120878095,17589386,1104878,37,110716717
120778776,17568617,1105086,39,110542398
120627351,17530952,1102808,39,110497890
120813295,17556836,1104229,38,110663326
120685287,17532347,1103461,41,110503701
120706598,17556836,1103921,37,110544401
120738301,17548281,1103438,37,110628026
120767601,17573236,1104111,42,110676471
119962347,17420002,1096673,36,109879271
120775680,17531944,1103934,39,110579902
120751524,17537896,1103947,40,110692738
120783449,17571964,1104338,36,110499420
118006012,17171011,1079018,39,108061088
120789986,17566353,1105055,36,110600910
120737644,17583032,1104687,40,110549425
120700074,17564060,1104382,39,110621210
120717059,17551039,1103091,36,110456297
120721031,17544840,1103826,39,110524287
120709608,17547134,1103950,39,110487482
120565446,17418018,1103673,38,110503666
120649063,17523047,1102511,40,110394326
120580869,17527232,1102102,39,110376950
120664388,17549892,1102733,37,110498230
120662169,17550203,1102501,41,110566086
120632516,17533958,1101952,36,110374956
120578098,17474315,1103850,39,110544233
120531152,17508508,1101708,39,110358941
120676112,17546606,1102771,36,110463721
119820646,17360080,1095693,40,109883458
120620910,17502897,1102676,40,110533105
120604858,17537554,1101915,36,110417168
120622596,17543631,1103022,39,110281701
118119587,17165120,1079359,36,108180496
120642729,17550234,1102680,40,110356664
120602030,17525216,1102505,36,110535397
120586221,17517808,1102165,40,110457841
120317675,17478531,1100436,41,110198373
120908874,17584550,1105041,36,110760611
120747909,17550420,1103759,39,110586890
120689212,17541926,1102629,41,110558152
120683877,17551907,1102789,36,110427420
120682726,17555442,1103513,41,110522479
120624912,17523605,1102974,39,110408470
120702648,17545242,1103857,36,110623793
120590737,17546359,1102618,41,110278129
120547684,17520536,1101094,39,110298845
120715081,17542018,1103064,37,110482518
120652283,17554016,1102675,40,110463077
119910042,17386584,1097279,37,109813520
121591435,17647915,1111877,40,111484821
120615067,17536625,1102679,39,110481712
120624737,17554170,1102467,36,110489532
118977235,17296964,1087077,39,108916402
120566475,17519823,1101880,38,110368504
120659858,17558169,1103313,38,110587658
120692443,17544189,1103241,40,110482174
120746241,17567903,1104363,39,110519135
120601666,17538516,1103144,41,110535258
120634846,17533556,1102515,39,110372616
120614001,17461883,1103266,36,110590446
120582840,17506369,1102718,39,110443157
120519436,17538206,1102204,39,110499721
120705237,17556247,1103213,36,110508867
120573137,17515886,1101968,40,110414193
120648539,17543569,1103267,38,110535103
120624066,17538639,1102358,37,110403364
120617695,17534734,1103011,40,110459429
120588639,17543134,1102845,36,110474288
120836821,17491520,1104911,41,110694426
120654474,17527201,1102825,39,110506624
120630650,17537430,1102820,38,110394017
118928872,17227214,1087857,40,108978115
120648814,17553241,1104222,38,110475875
120606674,17540437,1102454,36,110495327
120374749,17500592,1099681,39,110166279
120696073,17538960,1103222,38,110596284
120402056,17489970,1100540,41,110178666
120672766,17523574,1103515,40,110483057
120725564,17520318,1103285,36,110511130
120722023,17568369,1103735,39,110549027
120647783,17528720,1103194,39,110490492
120730099,17556247,1104291,36,110628803
120928888,17506710,1105787,39,110718556
120789937,17621317,1103899,41,110579239
120759543,17632259,1104089,38,110596196
120468130,17578413,1100658,39,110225262
120654691,17604825,1103177,40,110474958
120643113,17606917,1102527,36,110419486
119885410,17415337,1095983,42,109823970
120613741,17565114,1101053,40,110480914
120608791,17596051,1100763,37,110274654
118202447,17239583,1079550,39,108114061
120484677,17572336,1100789,37,110257179
120336559,17578878,1098994,40,110079592
120772833,17640350,1103662,36,110505826
120513177,17591619,1100063,39,110258407
120684758,17607305,1102488,39,110373321
120544132,17581233,1101026,37,110298104
120510330,17582877,1100770,39,110327525
120478188,17604825,1101655,39,110209242
120672735,17631236,1101539,37,110501455
120553476,17590069,1101393,40,110295510
120681888,17612977,1101837,36,110379401
121544173,17745162,1110302,39,111317757
120656587,17638243,1102862,39,110457086
120756724,17650767,1102970,39,110451715
120554063,17597911,1101049,37,110269127
120653387,17623363,1102199,39,110392568
119944442,17439904,1095607,36,109782277
120619361,17548250,1101778,41,110455883
120641904,17586597,1101718,39,110456234
118174604,17148008,1080389,36,108267701
121583113,17667023,1111092,40,111325843
120571857,17565876,1102048,37,110356171
120641670,17555597,1101203,40,110310199
120530230,17544747,1101139,39,110371122
120186964,17507112,1097082,36,110100623
120548202,17481042,1102012,40,110411934
120349663,17512600,1100877,39,110310540
120637371,17587050,1101854,36,110440337
120489848,17561405,1101120,39,110352078
120555495,17581915,1101918,38,110388803
120551308,17525093,1101488,38,110264400
120529938,17548095,1101527,39,110403920
120738736,17597198,1102979,36,110461099
120398295,17552838,1100138,39,110298519
120623960,17581513,1102995,41,110501459
120544052,17552837,1101493,36,110344600
119764893,17395885,1096007,40,109701681
120483608,17544499,1100421,38,110182212
120422977,17570445,1100738,38,110327217
118118389,17217108,1079685,38,108254858
120588079,17591897,1101547,37,110280373
120551925,17580490,1101628,41,110445696
120608301,17606188,1102067,36,110394269
120532208,17583032,1101192,39,110368225
120434925,17526178,1100750,39,110247544
120402916,17554783,1100933,37,110251370
120641565,17585860,1103071,39,110539630
120614887,17568927,1102583,40,110404771
120497050,17551628,1100598,36,110459411
120515161,17550389,1101233,39,110428434
120542913,17571437,1101338,36,110262642
120555940,17580614,1101301,39,110458624
120471979,17560681,1100146,40,110078559
120648942,17493379,1103519,36,110449945
120387149,17543166,1099238,40,110164515
120719164,17591650,1103222,40,110490006
119702319,17358219,1093425,38,109543116
120527110,17539446,1100088,40,110312155
120459631,17565764,1100572,37,110406016
119176965,17356267,1089243,40,109092325
120644143,17575778,1100942,39,110434052
120338312,17541863,1099397,37,110220449
120091717,17509097,1097711,39,109942101
120543045,17549365,1101389,37,110385882
120085400,17448864,1097629,40,109921761
120481221,17546204,1101539,39,110324707
120517537,17559533,1101268,36,110342839
120472080,17537896,1100711,39,110346755
120583677,17573081,1101606,39,110367100
120497906,17535539,1101873,36,110349259
120457531,17529650,1101989,39,110219393
120435187,17540437,1100375,36,110170893
120323266,17532037,1099926,39,110273261
120493299,17560681,1101289,40,110299029
112963351,16890367,1061038,38,103700489
120604981,17598563,1102386,40,110484328
119772436,17430512,1095194,38,109739467
120527872,17586379,1101122,37,110349162
117960410,17220332,1077338,38,108099452
120684869,17614031,1101925,39,110495959
120389308,17569206,1099167,40,110191640
120507039,17599120,1100682,36,110448985
120365122,17595153,1100055,43,110178082
120513837,17585264,1099890,41,110356094
120608022,17597663,1102711,42,110394211
120426523,17572368,1100396,40,110215123
120476019,17604732,1100639,41,110311440
120469403,17593726,1101025,37,110370175
120622849,17618496,1102289,40,110442887
120566380,17617968,1102167,36,110370755
120416689,17572027,1100340,40,110178896
120951289,17599865,1105771,39,110758811
120620179,17584085,1103278,36,110336633
120804566,17615830,1104533,39,110748705
120667538,17633655,1103533,40,110549612
120647586,17607335,1104216,36,110524422
119808453,17394397,1095073,39,109860156
120647436,17600733,1101401,38,110389933
118051371,17232018,1079326,38,108090782
120792046,17628044,1103186,39,110541244
120597894,17609195,1102442,39,110593697
120820154,17613567,1104537,39,110665815
120803184,17552341,1104813,37,110816453
120843596,17617721,1105502,38,110741660
121102799,17621007,1107691,39,111020948
120919766,17632880,1106547,39,110822245
120719459,17601755,1103890,37,110581653
120627867,17575189,1102677,41,110471134
120771591,17615643,1105294,37,110654809
120787937,17632136,1105367,39,110726869
120873258,17599741,1105706,41,110702502
120672061,17602220,1103804,36,110627278
120572802,17493225,1103566,39,110498197
120502577,17514801,1102764,39,110428750
120713635,17595059,1103673,37,110593695
120463136,17554171,1102588,41,110337962
119839215,17393932,1096191,39,109924327
120543683,17565330,1101244,37,110397324
117971331,17094264,1079316,39,108041349
120617299,17562717,1102125,37,110435289
120669955,17583590,1103012,39,110562595
120775014,17591525,1103847,36,110702817
120493702,17553618,1101714,40,110403758
120640723,17569449,1103130,40,110536948
120532392,17556523,1103258,36,110581152
120520754,17578881,1103340,42,110413258
120589608,17572275,1103157,38,110470419
120600869,17575498,1102643,36,110371821
120665060,17573577,1103928,40,110551414
120782825,17614342,1105703,38,110631202
120569679,17589944,1103099,38,110365884
120649681,17569175,1103565,39,110580854
120629466,17614806,1103176,37,110449565
120765191,17606344,1104173,40,110674172
120563652,17585729,1102782,40,110407920
120741140,17606281,1104298,36,110580686
120101405,17420437,1098085,40,110147933
120709442,17582629,1103573,39,110644777
118212875,17202537,1081018,37,108309942
120778981,17591061,1104382,39,110748125
120543611,17572181,1102666,36,110430815
120363227,17538082,1100511,41,110218599
120491224,17553365,1102180,40,110421134
120608336,17576893,1101671,37,110440609
120565247,17554481,1101789,39,110276648
120640683,17575250,1103618,36,110554278
120941618,17613970,1105967,39,110785147
120705690,17595463,1104300,40,110493392
120587606,17573607,1103216,36,110538708
120449248,17560433,1101859,39,110292655
120506668,17528875,1103111,40,110325850
120553535,17567159,1102964,36,110506112
120554120,17586690,1101981,41,110345619
120439583,17576274,1103130,36,110318894
120545244,17563408,1102866,37,110320206
120473319,17544964,1101541,41,110304495
119754673,17382058,1095558,36,109783677
120624298,17576863,1102490,40,110446136
118026565,17174637,1078933,36,108057699
120546547,17553427,1102150,41,110545421
120457984,17558511,1100784,39,110359990
120602707,17596578,1102336,36,110423838
120625724,17581079,1103241,39,110583633
120651335,17491296,1103533,40,110628130
120564574,17492983,1102785,37,110453883
120369672,17524256,1099738,40,110316988
120789217,17606839,1104523,36,110728466
120482370,17543414,1101381,41,110286660
120590972,17580707,1102270,41,110446782
120652479,17585573,1102910,36,110548473
120567036,17573918,1103478,40,110495094
120546274,17566354,1102386,38,110452262
120768030,17622618,1104458,37,110632537
120757409,17605848,1104263,39,110540330
120565436,17584922,1103575,36,110550710
120508975,17567997,1102467,39,110316945
119684050,17372883,1094199,41,109773834
119553325,17412345,1093298,36,109593940
120745587,17532068,1102837,42,110557103
120728314,17617814,1104462,38,110574562
120685503,17586441,1102770,39,110546407
120870471,17581916,1105186,40,110732694
120621885,17595028,1102957,36,110500176
120564889,17540221,1102469,39,110534388
120618364,17577359,1103128,40,110404116
120629730,17602561,1103715,37,110408196
120603415,17584055,1102613,41,110452683
120558528,17503920,1102735,42,110455341
120598350,17551690,1103862,37,110526139
120731448,17593634,1104360,40,110599288
120671470,17557085,1104766,39,110607437
120764543,17616356,1105814,36,110619717
120774636,17552528,1104629,39,110609233
120687180,17453483,1105116,39,110623931
120404620,17507670,1100844,37,110390424
120905701,17620418,1105557,39,110688706
119859687,17409617,1096200,37,109965828
118091282,17170670,1078875,39,108259208
120390999,17523232,1100399,36,110264909
120322309,17542701,1099434,39,110152331
120606971,17571159,1101855,40,110495667
120571254,17571430,1102438,37,110446056
120463491,17559758,1100947,40,110309761
120554651,17553622,1103308,39,110548034
120644489,17554874,1103548,37,110385790
120776155,17609041,1104541,41,110742210
120475748,17552837,1102148,37,110396736
120625356,17457823,1105052,40,110530103
120683935,17574507,1103288,39,110682416
120755930,17596733,1104168,36,110528949
120750633,17591929,1104222,39,110638003
120532810,17555690,1102012,40,110446872
120778116,17615927,1105108,36,110746131
120746832,17587026,1104892,41,110544067
120469319,17549273,1102076,38,110351711
120547150,17567593,1101516,38,110420741
119784504,17386213,1094997,39,109797372
118128254,17190602,1079259,36,108267856
120672622,17587155,1103951,39,110595316
121359050,17688153,1108895,39,111182105
120281709,17515792,1099721,38,110268909
120543279,17576367,1103002,41,110537389
120537856,17568399,1102185,36,110397541
120854137,17614714,1105424,40,110762618
120511187,17532564,1101495,40,110435315
120635444,17609939,1103557,36,110446539
120551308,17546018,1102741,39,110454367
120597761,17582412,1103161,40,110429723
120682312,17607521,1104209,36,110617414
120607825,17571035,1102436,39,110558723
120637008,17546482,1104033,37,110568868
120656110,17586969,1102806,37,110559392
120675449,17611304,1103631,39,110493032
120612351,17588208,1103703,37,110595663
120614750,17577979,1103537,40,110598999
120549307,17582195,1102524,39,110509114
119922108,17403789,1096662,36,110074628
118039938,17180776,1078683,39,108077514
120800978,17589696,1103515,36,110584841
120528235,17571872,1102091,39,110402510
120640814,17587217,1102411,40,110550457
120596585,17581109,1102321,37,110472933
120549192,17579963,1102201,40,110373924
120635661,17580644,1102270,36,110418104
120555889,17582040,1103052,40,110530861
120572479,17587217,1102465,41,110345810
120604355,17482498,1104210,36,110532008
120583952,17578537,1103405,39,110405518
120614731,17575592,1103189,40,110626447
120807478,17610559,1104471,36,110633787
120519130,17564060,1103362,39,110402308
120643703,17601260,1103463,39,110508670
120586861,17581171,1102603,38,110432603
120588071,17592580,1103429,39,110517619
120462789,17534640,1102163,38,110383390
105659736,16343869,1030320,40,96602428
119993687,17433054,1097057,39,109958355
118145228,17217603,1079564,38,108186656
120605994,17595215,1102276,39,110452951
120649502,17611210,1103195,37,110469636
120742099,17601260,1102972,40,110497477
120438148,17570756,1100927,40,110295607
120557424,17589820,1101950,36,110322903
120614114,17571717,1102450,39,110335908
120538911,17611087,1101733,38,110343918
120464014,17390459,1102220,39,110406554
120709003,17388135,1104298,39,110655593
120554026,17580303,1101474,37,110298579
120627726,17599524,1101936,41,110477956
120527564,17582381,1100817,39,110446066
120530922,17550264,1101320,36,110310954
120416916,17591185,1099417,41,110101992
120395346,17582722,1099950,39,110108624
120459012,17567500,1100384,37,110384597
120484230,17571505,1101134,40,110217385
120533191,17594186,1100917,36,110271645
117063021,16981508,1069714,39,107230690
120427602,17369410,1102758,36,110295250
120525793,17562696,1100283,39,110239210
120658043,17618961,1102484,39,110408184
120570890,17617162,1101913,36,110294611
120472711,17573267,1101182,39,110312047
120401812,17571747,1100337,36,110244626
121498329,17705048,1110136,39,111147161
120434710,17586008,1100745,39,110228066
120490573,17582535,1101965,37,110504227
120462921,17573360,1101329,40,110378939
120355174,17550761,1099706,40,110192166
120670441,17623238,1102761,36,110342952
120909694,17644474,1104974,40,110751960
120808444,17636631,1104792,39,110651714
120819685,17659725,1103883,36,110557389
120685464,17622681,1102978,39,110395723
121004428,17486529,1107257,40,110759127
120795534,17535725,1105028,38,110644869
120680594,17617752,1103381,40,110474004
117363539,17071965,1072773,36,107624228
120696069,17579870,1102097,39,110555511
120656943,17584954,1102059,38,110473659
120470182,17504818,1101068,37,110364427
120545084,17461853,1101980,40,110485148
120364538,17519264,1099417,37,110130742
120616143,17576894,1101721,39,110385631
120682820,17560309,1104039,41,110451946
120718551,17645713,1102739,37,110434975
120714203,17616481,1103745,39,110481995
120551726,17586814,1101090,39,110347377
120658704,17569546,1103479,36,110487524
120761378,17622464,1104231,40,110541306
120706988,17583683,1102836,40,110444268
120569770,17574785,1102666,37,110335224
120815655,17639018,1103608,41,110548270
120698609,17643927,1102846,37,110466479
121702283,17753272,1112137,39,111435396
120705156,17613102,1103684,39,110497584
120700529,17619984,1102056,39,110396926
117309728,17035850,1072005,37,107437966
120606422,17556992,1100758,38,110369629
120577992,17596330,1100633,37,110348604
120778726,17640134,1103503,39,110661484
120799602,17610590,1103304,37,110573857
120663948,17611428,1101961,41,110351868
120723252,17610281,1102862,39,110530844
120687224,17602034,1102072,37,110400633
120669230,17626897,1102041,39,110389153
120600905,17593949,1102157,39,110306472
120635724,17601998,1103080,37,110395936
120651283,17626897,1102288,41,110359094
120850631,17635205,1104030,38,110578285
120750579,17623951,1103918,38,110567553
120601369,17599617,1101290,39,110377909
120880323,17647914,1104302,38,110636544
120664253,17606039,1102502,39,110505453
120689323,17617065,1103483,39,110395092
120652786,17603460,1102284,37,110490989
120517302,17613629,1101428,40,110340433
117303055,16937952,1072399,36,107503429
120661015,17568958,1102410,39,110486272
120625750,17624665,1101992,40,110411595
120708897,17597570,1102208,37,110572166
120633962,17600423,1101743,39,110211148
120293756,17518986,1099125,40,110131670
120647521,17594997,1103034,36,110430088
120600502,17610591,1102599,41,110389418
120533635,17611396,1101424,36,110359024
120600756,17609134,1101536,40,110342980
120632378,17592084,1102588,39,110449788
120721836,17609319,1103504,36,110580100
120668586,17614869,1102816,39,110472469
120492714,17561797,1101117,42,110291861
120553595,17583341,1102177,36,110315873
120550523,17609413,1101708,39,110203803
120566457,17605941,1101980,39,110323417
120366131,17566322,1099543,37,110222842
120427303,17576243,1100550,41,110144449
120603789,17635762,1102602,37,110360454
117052383,16987181,1069984,42,107263830
120700240,17587371,1102595,36,110460359
120571304,17598625,1101550,41,110428213
120783881,17605445,1103481,39,110633497
120827616,17611489,1103060,36,110641301
120386356,17554512,1099360,39,110288700
120747804,17497038,1104167,41,110760722
120473956,17564772,1100766,36,110295406
120608809,17604608,1101484,42,110345423
120501886,17590471,1100564,36,110290222
120465494,17560402,1100260,39,110336473
120585024,17594533,1101766,39,110422532
120566307,17597012,1102139,36,110373501
120396343,17558387,1099698,41,110164495
120512791,17596176,1101420,39,110223386
120469514,17588456,1099994,36,110205638
120617860,17596858,1101655,40,110385363
120594596,17599244,1101863,37,110413343
120620635,17613970,1102149,39,110356352
120541800,17600051,1101056,40,110330250
118751765,17177117,1086249,36,108825533
120601776,17542918,1102079,40,110382397
120685687,17606220,1103000,36,110450806
120494075,17557146,1100061,37,110300477
120635535,17619581,1102349,39,110445920
120272522,17550295,1099310,36,110044215
120590584,17503951,1103005,40,110362325
120814972,17597044,1103972,39,110653225
120750699,17616139,1103451,36,110471578
120548305,17583621,1101246,39,110394729
120616068,17589449,1102588,40,110375258
120525335,17584798,1101297,36,110281343
120619906,17583676,1102053,40,110523153
120689053,17593238,1103429,39,110477642
120583064,17601755,1102615,37,110362689
120559783,17593262,1101945,40,110353726
120805237,17647697,1104565,37,110560046
120495017,17583714,1102307,39,110288095
120608431,17609041,1102363,40,110332266
118123666,17268381,1080517,38,108066272
119822822,17398737,1096392,39,109728100
120627493,17610094,1101991,37,110522011
120541658,17579126,1100042,39,110129956
120688800,17602342,1102158,38,110581496
120729220,17571688,1103262,38,110538607
120829806,17560309,1104590,41,110624075
120787189,17592270,1103727,38,110591081
120625000,17617751,1102015,37,110382008
120769247,17619612,1102417,39,110501138
120602785,17579094,1102478,36,110494346
120541005,17598532,1101124,40,110394636
120589766,17606623,1102365,40,110382835
120868395,17630439,1104763,38,110591951
120569481,17574870,1101855,39,110345003
120511276,17575158,1100777,39,110220742
120630344,17619580,1102462,36,110484894
120770362,17577793,1104378,40,110629062
120766540,17537617,1103940,38,110550142
120902562,17641683,1105543,37,110682074
118139087,17254773,1079035,39,108107891
119899438,17381686,1095380,36,109895030
120640689,17593541,1101972,39,110304319
120741990,17611149,1102471,39,110509264
120540905,17576025,1100996,37,110405918
120262396,17509221,1098037,40,110155028
120616289,17596237,1101222,37,110448239
120453229,17552218,1100351,39,110332662
120316926,17570663,1099769,39,110128144
120500866,17591897,1100994,36,110303592
120581727,17581730,1101190,41,110168246
120670418,17564060,1103134,39,110400118
120593838,17601476,1102298,37,110311458
120818852,17646303,1104870,40,110625694
120543582,17560432,1102881,37,110378773
120459247,17574631,1101306,40,110254437
120427448,17593758,1100879,39,110224607
120574715,17611241,1102736,37,110446820
120377671,17560898,1101229,39,110210607
120547016,17611304,1101934,40,110234640
117717533,17182821,1075735,37,107735015
119725904,17365287,1094790,36,109565074
120456830,17571469,1100062,37,110334438
120660155,17612141,1102485,39,110408821
120609599,17629190,1102205,36,110405405
120505537,17566540,1101413,39,110399555
120758265,17614745,1103351,39,110464350
120467955,17568926,1101248,36,110194351
120361084,17592115,1100081,41,110139342
120536068,17569547,1100994,39,110290241
120378363,17548382,1099457,41,110177038
120502014,17575335,1101677,39,110376925
120884928,17650146,1104706,36,110669397
120587457,17611552,1102325,40,110251737
120671090,17602872,1103173,40,110494638
120655968,17630647,1102568,36,110516119
120448625,17581141,1100552,40,110247516
120635338,17602159,1103002,40,110417285
120439157,17577296,1101542,36,110229941
120575870,17608824,1102222,40,110389975
118178957,17273000,1080163,37,108125483
119895549,17396102,1096480,39,109829431
120613469,17598377,1101228,38,110394510
120633410,17591153,1101299,38,110326419
121081212,17656285,1105701,39,110809823
120561636,17594006,1101546,38,110356185
120559454,17575002,1101620,37,110405857
120612509,17591340,1101980,39,110401308
120408698,17577482,1099537,36,110161182
120640197,17602314,1102463,40,110472003
120786820,17600640,1103221,39,110643760
120609725,17589448,1102498,36,110456348
120543895,17582629,1101100,39,110334017
120603078,17593882,1102158,39,110326011
120728090,17467804,1104655,37,110585775
120627376,17599524,1102282,40,110312001
120762787,17614230,1102584,40,110516512
120826800,17629209,1104342,36,110547037
120499472,17567067,1100242,39,110262127
120592230,17597168,1101531,39,110418533
117870295,17132601,1078383,37,108084471
119939101,17387236,1096152,40,109901828
120506049,17582194,1100120,37,110187331
120800801,17628416,1103902,39,110521298
120546073,17598934,1101554,36,110263856
120576543,17568741,1102603,39,110474189
120417890,17525155,1099956,40,110176020
120648655,17600515,1101594,36,110418343
120582981,17611180,1101516,39,110424234
120594513,17593479,1102258,39,110364530
120597243,17595307,1101716,37,110354384
120722807,17608235,1103121,39,110479969
120640236,17639544,1102789,38,110552354
120567634,17574879,1101616,37,110327905
120521982,17578816,1101558,40,110330997
120646263,17616976,1101704,37,110464863
120560246,17589263,1101438,41,110376432
120638139,17609723,1103587,39,110459814
120488310,17586627,1100835,36,110282793
117997739,17236483,1078105,39,107976991
120514962,17579962,1101006,38,110329294
119853780,17390522,1095704,40,109982086
120700877,17598749,1102204,39,110550850
120984181,17604948,1104803,38,110762657
121409727,17716146,1108273,40,111150328
120800249,17612079,1102759,40,110501739
120712482,17587526,1103399,36,110399388
120714636,17565517,1103827,39,110605890
120734719,17628199,1102920,39,110527780
120871185,17637436,1104770,36,110627137
120704395,17599648,1102143,40,110466279
120702478,17632539,1103481,39,110583907
120434193,17571561,1100905,38,110304167
120628036,17617783,1102457,40,110412344
120741033,17599089,1103341,36,110460687
120561658,17590782,1101007,40,110353905
120508887,17583590,1101220,40,110329702
120872122,17613380,1104145,36,110541221
120454219,17580273,1100706,40,110337937
118211238,17272628,1080241,36,108277881
120476692,17574476,1100574,41,110213698
119822824,17310666,1096629,42,109760435
120491001,17558014,1100488,37,110173802
120856812,17628881,1104105,39,110681133
120764442,17608080,1103867,38,110584769
120910358,17636444,1105177,38,110691887
120665349,17585233,1103089,39,110497634
120584514,17595866,1101925,40,110424609
120542773,17600763,1101741,38,110374544
120570283,17591123,1102169,41,110479843
120439290,17557487,1100417,36,110292712
120465605,17569609,1100633,39,110237158
120622755,17620077,1102279,39,110357454
120618859,17595617,1102946,37,110421678
120793464,17633686,1104014,40,110636826
120496704,17616016,1101116,39,110296165
120642739,17616077,1103472,37,110429494
120563683,17597571,1101973,41,110322019
120713542,17612419,1103703,36,110563835
118303016,17280441,1081531,38,108234936
120631171,17528875,1103031,39,110441920
119757953,17364884,1095142,39,109684161
120462396,17557984,1100191,41,110429721
120689532,17596981,1103100,37,110475949
120121938,17507919,1097333,41,109914986
120524649,17577731,1101220,40,110255404
120507135,17544126,1101324,37,110322628
120572294,17600144,1101140,39,110335690
120542156,17590906,1101862,39,110367595
120469653,17561424,1101590,36,110308277
120706107,17603709,1102456,39,110583833
120727549,17604391,1103150,38,110513944
120656524,17615767,1102449,38,110447291
120642345,17598129,1102441,39,110489060
120650860,17583062,1103485,36,110423143
120484188,17581544,1100209,40,110323606
120568319,17588116,1102006,39,110235299
120474356,17579125,1101806,36,110288979
120344493,17576429,1100045,39,110018012
118092479,17244790,1079096,38,108067675
119688141,17438510,1093490,40,109628342
120498899,17492946,1101163,38,110315027
120350678,17555565,1098732,37,110080150
120410686,17582846,1098900,39,110187805
120504903,17566818,1100912,37,110402978
120343950,17549676,1098938,39,110214481
120381896,17550234,1099795,39,110336085
120450395,17574227,1101162,37,110285964
120544947,17544282,1101307,40,110279546
120511064,17499119,1101844,36,110435663
120583322,17598837,1102242,40,110391493
120548940,17587868,1101845,40,110373961
120516287,17578474,1101285,38,110293077
120422915,17549924,1100235,39,110221615
120652184,17562231,1103387,41,110508974
120462455,17562199,1101134,37,110281145
120532376,17585233,1101923,40,110278155
120455045,17567439,1101459,38,110309223
120408169,17570507,1100886,37,110233979
117034572,17079312,1069077,36,107076234
120617697,17566695,1103223,40,110499522
119789621,17385035,1094468,39,109642071
120698308,17566601,1101269,37,110472360
120256354,17536253,1098187,40,110065259
120558964,17569662,1102119,39,110461926
120606539,17583062,1102244,37,110440960
120650745,17581916,1102372,40,110475783
120667578,17599741,1103026,39,110439158
120469368,17608141,1100543,37,110209743
120507621,17591371,1101107,40,110327648
120830716,17635452,1104560,36,110616956
120504159,17601973,1101369,40,110283130
120591124,17597633,1102278,40,110391519
120521562,17595865,1102197,36,110248394
120615577,17604515,1102282,39,110437129
120641747,17616574,1103078,38,110540307
120884422,17628570,1105179,36,110784402
120651894,17591309,1102516,39,110450353
117975318,17234715,1078954,37,108056662
120575977,17621782,1101241,39,110322246
120596405,17580955,1102830,40,110346027
119847152,17402859,1095165,37,109717061
120570819,17580273,1100958,39,110432730
120659771,17617317,1101757,36,110370940
120520446,17554140,1100142,39,110317786
120761877,17595773,1102830,39,110528926
120586448,17593390,1101406,38,110240560
120599334,17600325,1102264,40,110379149
120712047,17496015,1103817,40,110614380
120225920,17445112,1100204,37,110199394
120492326,17563471,1100946,39,110302546
120726657,17635483,1103772,37,110444895
121551392,17728763,1111038,40,111255230
120735511,17613722,1104099,39,110380636
120679155,17625564,1102508,38,110434777
120701128,17620014,1103648,38,110531811
120885359,17631268,1105621,39,110660188
120546458,17599864,1102816,36,110302536
118055498,17233972,1079823,39,108116991
120407132,17572522,1101408,37,110125728
119806248,17444400,1094801,40,109702902
120338580,17482437,1099219,39,110100732
120600095,17568554,1102148,36,110475569
120179041,17426916,1097883,39,110048089
121221101,17672870,1107393,40,111003838
120718882,17584550,1102800,38,110467108
120646014,17516196,1103186,39,110440840
120573050,17579808,1102890,39,110440845
120843773,17611303,1104954,37,110601223
120362334,17563254,1100733,39,110186231
120683541,17626400,1103351,38,110389098
120488459,17602469,1101687,39,110303375
120740209,17620089,1103680,40,110594472
120476297,17578648,1102019,39,110204917
120760511,17577700,1103486,39,110428868
120570396,17607119,1102062,39,110336001
120846222,17614020,1105105,36,110699065
120496595,17599628,1101194,41,110300103
118123665,17235056,1079142,36,108051557
120521843,17593696,1102064,39,110239973
120007777,17485723,1096772,40,109906278
120503681,17523573,1101310,36,110360672
120589438,17599090,1101111,39,110328475
120580598,17593726,1101154,38,110329837
120735948,17612172,1102395,37,110503106
120562386,17558015,1101208,40,110415769
120607107,17617007,1101995,36,110399089
120542052,17602996,1101157,39,110368446
120788416,17637344,1103750,40,110565485
120713722,17591246,1102088,36,110481045
120480618,17579157,1100350,42,110256523
120514184,17604205,1100829,39,110191264
120733740,17615178,1102836,37,110462510
120640235,17605383,1102255,40,110410770
120601440,17611428,1101641,38,110498145
120571178,17602840,1102375,37,110427623
120544054,17480515,1101734,39,110441325
120703455,17576025,1103343,37,110482468
117986966,17221572,1077394,39,107972734
120736099,17628601,1103713,37,110420458
119822200,17455963,1095602,40,109630467
120801165,17547134,1102822,40,110607665
120352115,17453296,1100200,36,110239511
120451372,17526767,1099975,42,110283249
121175632,17657711,1106456,40,110973738
120629933,17592052,1102209,36,110330052
120574907,17527170,1102687,40,110442609
120824418,17605693,1103464,40,110635920
120516742,17578381,1101841,36,110325968
120685726,17609413,1102266,40,110462981
120530776,17599121,1101224,38,110310962
120506891,17592362,1101407,37,110302905
120519836,17590379,1101608,39,110445089
120349430,17578629,1100065,36,110188828
120489936,17545615,1101794,40,110203904
120447116,17579095,1100895,40,110284589
120580779,17583744,1102242,37,110358485
120450932,17572864,1100746,39,110227971
117933175,17217293,1077727,37,107927718
120487882,17584923,1101322,40,110362766
119719061,17462938,1094066,36,109590687
120355894,17501377,1099456,37,110344392
120561968,17588581,1101224,39,110386649
120396649,17557631,1098629,38,110103554
120420648,17555174,1100372,39,110155754
120457468,17574383,1101290,39,110319589
120418614,17572708,1100063,36,110223784
120588968,17600206,1101068,39,110330206
120591785,17588363,1102258,36,110329572
121139223,17630370,1106594,40,110884823
120891054,17632787,1103908,39,110657368
120654748,17601567,1101366,38,110447535
120957313,17631425,1104073,37,110592182
120747125,17622216,1102983,39,110614748
120770202,17606126,1102787,37,110500051
120797746,17619550,1103943,41,110545083
120865078,17623797,1104822,39,110623025
118112014,17234250,1079755,36,108059909
120734175,17625130,1101988,39,110355946
120815735,17614744,1104034,38,110614015
120602630,17557178,1101880,40,110311875
120712917,17466720,1102935,39,110534149
120195836,17498309,1098358,38,109984140
120984502,17639606,1105589,37,110618611
120663575,17588054,1102899,39,110503425
120774435,17616790,1103953,36,110618761
121490409,17733010,1110433,40,111230072
120622455,17615544,1102839,40,110424515
120589110,17514745,1103533,36,110395292
120764963,17579405,1103415,39,110694252
120782061,17488978,1104234,43,110630490
120756302,17616883,1102990,38,110387069
120486992,17558418,1101502,39,110370928
120734356,17631361,1102903,40,110435352
120702965,17581016,1103400,37,110586908
120339851,17540810,1099465,39,110165656
120476779,17561301,1100929,39,110419609
117944334,17213480,1078239,36,107993260
120460002,17576956,1100077,39,110347367
120632223,17565950,1102196,37,110295808
119848059,17436402,1096085,42,109738809
120456125,17523264,1100432,36,110297864
120511308,17581481,1101198,37,110263297
120364282,17529371,1099545,39,110225464
120570737,17569794,1102022,36,110350057
120458822,17566447,1100969,39,110156041
120636509,17525744,1103730,43,110491317
120788841,17599528,1103954,38,110663185
120698945,17611609,1102792,40,110500809
121080381,17677582,1107043,40,110741069
120893127,17656191,1105348,36,110535855
120700855,17640692,1103162,39,110460966
120760387,17609805,1104211,39,110421060
120765116,17611748,1103520,36,110579691
120748770,17616935,1102830,40,110556975
120862146,17648112,1104529,38,110608014
120828104,17644721,1105552,37,110536865
118366467,17268010,1081494,39,108249237
120604776,17613969,1102197,36,110416940
120836270,17623642,1105687,39,110669460
120264733,17482840,1099415,40,110245685
120915652,17607366,1104915,38,110755464
120463589,17582722,1100105,39,110264888
120693512,17594254,1103470,38,110408914
120729598,17627795,1103552,38,110546728
120741158,17605228,1103099,40,110562103
120699508,17524039,1103049,38,110706120
120562327,17572429,1101777,38,110390796
120587064,17602376,1102366,39,110461808
120797668,17630988,1104532,36,110616759
120636845,17592518,1101903,41,110402425
120563663,17583156,1101504,43,110379093
120644686,17559511,1103457,37,110490286
120341516,17517830,1099810,40,110192382
120894746,17592580,1104407,40,110657613
120677441,17609381,1102455,37,110447155
120736154,17603430,1103011,40,110489653
118085891,17256787,1079973,36,108140549
120669535,17618806,1103032,39,110413744
120670482,17619705,1104074,39,110372604
119942670,17458907,1097449,36,109819803
120524931,17558914,1100930,39,110465108
120723777,17603926,1102939,38,110482046
120616044,17575033,1103194,37,110445336
120483727,17573081,1101663,39,110240437
120691470,17598779,1102497,36,110562431
120483318,17592921,1100434,41,110346839
120743588,17615706,1103294,40,110501060
120524062,17569515,1101353,36,110287742
120554122,17575716,1101464,39,110217847
120532165,17604887,1101316,38,110379857
120770102,17602375,1103087,37,110489220
120530220,17571934,1101410,39,110373855
120498288,17605413,1101120,36,110284836
120582862,17608049,1101966,40,110368495
120628986,17597447,1102287,40,110350668
120634657,17600112,1101995,37,110384869
117068443,17088458,1069595,42,107091956
120862833,17634987,1103448,37,110620300
120972566,17628292,1104962,39,110762286
119682696,17389127,1093967,39,109723821
120689140,17596051,1102857,36,110433620
120388665,17552776,1099237,41,110208572
120909087,17604050,1104673,39,110624742
120715479,17591835,1102932,36,110427779
120801064,17574104,1104216,39,110676226
120684882,17547134,1103171,38,110472135
120607776,17559161,1101540,39,110446329
120633934,17599772,1101973,39,110334193
120760000,17603398,1103191,37,110582427
120536252,17592332,1101599,39,110183796
120715736,17603492,1102838,40,110585347
120579596,17582504,1102285,36,110382423
120641883,17611118,1102579,40,110424452
120709267,17563254,1103120,40,110569097
120746970,17614062,1103914,37,110496521
118032678,17232329,1079611,40,107980005
120798110,17568926,1104625,39,110690524
120715767,17618465,1103149,39,110556528
120811705,17509345,1105807,40,110651026
119923219,17420405,1096720,37,109918407
120736811,17586163,1102271,39,110506584
120566813,17581451,1100836,38,110347236
120774283,17587004,1103667,37,110650458
120659963,17576796,1102501,39,110422555
120736388,17612265,1102302,39,110406302
120787756,17646612,1103460,37,110520400
120600855,17576646,1102614,40,110472198
120956032,17636785,1104748,36,110719024
121772795,17769745,1112656,41,111528992
120972566,17667724,1105467,40,110686025
120990932,17527945,1106277,42,110881443
120978658,17651975,1106220,36,110746090
120864986,17656843,1104250,39,110617637
120902146,17631299,1104432,40,110625530
120704605,17601321,1103266,36,110546798
118192860,17153124,1080568,40,108325300
121025614,17644473,1105900,36,110809217
121022610,17634058,1105695,40,110810572
120800617,17616264,1103862,40,110638608
120214125,17464580,1099667,37,110072633
120507631,17560557,1100730,40,110222228
120940634,17641963,1104567,39,110645244
120680280,17597384,1102501,37,110457901
120640609,17581854,1102562,39,110367790
120607366,17597757,1101512,39,110536480
120848514,17627547,1103958,36,110727751
120635263,17604794,1102195,40,110456390
120599501,17609196,1102629,38,110317326
120661616,17638614,1102667,37,110567416
120597222,17611459,1101815,40,110314785
120570487,17589665,1102321,38,110201922
120655579,17596765,1102932,40,110376482
120707289,17578568,1103076,39,110542606
120744032,17593168,1104026,38,110472674
120537927,17576708,1101736,40,110224210
118045241,17221199,1079350,36,108064802
120568759,17603089,1100998,39,110311227
120576172,17493504,1102291,39,110384621
120532167,17546451,1101511,38,110435681
120092955,17457792,1097819,39,110022233
120573404,17588466,1100408,39,110309569
120636862,17595019,1101531,37,110485962
120690343,17604546,1102066,40,110473253
120819607,17586535,1105629,39,110830435
120586681,17582008,1102388,37,110369865
120519674,17595370,1101986,40,110390294
120534425,17576645,1101640,36,110344370
120758097,17608917,1103381,39,110556210
120714101,17624603,1103551,39,110531108
120746887,17633592,1104195,36,110624985
120470068,17554202,1100641,41,110233828
120677308,17581172,1102517,40,110512263
120858483,17636816,1104079,36,110495501
120853666,17643482,1104254,41,110549572
120687530,17617349,1102974,40,110371136
118202580,17245813,1080537,37,108228902
120728987,17644288,1103457,41,110482808
120846729,17629066,1104792,36,110646620
120535118,17583590,1101848,39,110321316
120162014,17470626,1098813,40,110076430
120286647,17535756,1098448,36,110214080
120734026,17578537,1102340,39,110473123
120945835,17633965,1105056,39,110623417
120797065,17525247,1104325,39,110615613
120611247,17587651,1102359,39,110443621
120826750,17623053,1104655,39,110579933
120755556,17628539,1104910,37,110565464
120734200,17617690,1104523,41,110584675
120704118,17631484,1103923,36,110424191
120938831,17662578,1105424,39,110702382
120736477,17617907,1103523,39,110554898
120894742,17665150,1105388,36,110590488
120680770,17585791,1103101,39,110455072
120785877,17622681,1103808,39,110582147
118230509,17258864,1081980,37,108255104
120830645,17646458,1105030,39,110581175
120686202,17636537,1103196,36,110337901
120727567,17605476,1104020,39,110544726
120588126,17616574,1102437,40,110273270
119987420,17443996,1097843,36,109854423
120715768,17590818,1101606,39,110439942
120924196,17530606,1105460,39,110757066
120727263,17577358,1103242,37,110583993
120608622,17580521,1102515,41,110356137
120712474,17634616,1102996,39,110312055
120728551,17621068,1103388,36,110468236
120628980,17604205,1102651,39,110372301
120726108,17629749,1103702,39,110493131
120882776,17661523,1105340,37,110526637
120729767,17613009,1103810,40,110545899
120673737,17599493,1103136,38,110488259
120823705,17646581,1103953,37,110539687
120682528,17627176,1103395,40,110527723
120825676,17639327,1103924,36,110483331
118187877,17247147,1080779,41,108154352
120927518,17667166,1106418,39,110645832
120462506,17599554,1101384,37,110249917
120748890,17603957,1103626,40,110595246
120528714,17576273,1101922,37,110335060
119230563,17337636,1089654,40,109131786
120519254,17569795,1100690,39,110226013
120829508,17594079,1104286,36,110466811
120666497,17624870,1103002,39,110500086
120653531,17597478,1102270,40,110458973
120643711,17615612,1102761,36,110328211
120508694,17565920,1101381,39,110456926
120428006,17567159,1101416,37,110261612
120618089,17597571,1102543,39,110475618
120461534,17586752,1100466,40,110190477
120489122,17577637,1100659,39,110372879
120593333,17591216,1103345,39,110523353
120467650,17523729,1102635,39,110295541
120373829,17512661,1100689,38,110222338
120385366,17359615,1103444,39,110418931
118036163,17153309,1080084,36,108180713
120481454,17599803,1101019,40,110179776
120643395,17590099,1103410,36,110318908
119357149,17338349,1091272,39,109424904
120600944,17593851,1101566,39,110344277
119700451,17391389,1093781,36,109617333
120503021,17572430,1100311,39,110305381
120655971,17546079,1102604,37,110438460
120409697,17548157,1099827,37,110065286
120422737,17535850,1099737,39,110197753
120670153,17614713,1102792,38,110552580
120442878,17577917,1101131,39,110326996
120583343,17590224,1102165,40,110320658
120876206,17513033,1105367,37,110683577
120756151,17583590,1103520,40,110537898
120843655,17610250,1104234,39,110638530
120572195,17491488,1103753,38,110400366
120560018,17580986,1101640,42,110294141
120594600,17589697,1101689,39,110329336
120543410,17592362,1101164,37,110357104
118010439,17220115,1079233,36,107925790
120520298,17579807,1101114,39,110328784
120565261,17592549,1101851,39,110405237
120409653,17574816,1100226,36,110225728
120603172,17601694,1101846,39,110334691
119353543,17333823,1090440,39,109345347
120454764,17534082,1099340,37,110169535
120600331,17558325,1101472,40,110437538
120437486,17563595,1098785,40,110230550
120392768,17541398,1099450,37,110180001
120376315,17546576,1099720,39,110157365
120511689,17572119,1101033,36,110387197
120455687,17551722,1100264,39,110325152
120551819,17569308,1101055,39,110167817
120450267,17600847,1100411,36,110242313
120406611,17565579,1100744,39,110181486
120465906,17572367,1100416,37,110328450
121585700,17743674,1110484,39,111328710
120430283,17535447,1100819,40,110347285
120644136,17592300,1102482,37,110363686
118026312,17232546,1079601,41,108086150
120605081,17627175,1103175,36,110375404
120528438,17594719,1101445,37,110234867
120648886,17618186,1103171,40,110429625
120513912,17610497,1102056,36,110455853
119965826,17456459,1096913,39,109871764
120594890,17574166,1101344,40,110358863
120577798,17591060,1102141,36,110319224
120574173,17606282,1102113,39,110342940
120705499,17619271,1102985,39,110516199
120668133,17629097,1102655,38,110381252
120463384,17552621,1101193,41,110300199
120536664,17589417,1102116,36,110409511
120469445,17548622,1101876,40,110419148
120628997,17555132,1103756,41,110446524
120809289,17646333,1104809,37,110530544
120511091,17582071,1101623,39,110383514
120689857,17622092,1102994,39,110463289
120674578,17621285,1104030,38,110548373
117907086,17209389,1078495,39,107881885
119604108,17441113,1093326,37,109515584
120660486,17621069,1102496,39,110438208
120814312,17636104,1104358,40,110560833
120770962,17590037,1103564,38,110652434
120321772,17444493,1101105,42,110260030
120072964,17413430,1097995,37,109962805
120746452,17569718,1103088,40,110630311
120792414,17620743,1103532,41,110676358
121419138,17711589,1109214,39,111136399
120708383,17619642,1102250,37,110552190
120591856,17608173,1101825,39,110350014
120775899,17615054,1104249,37,110484177
120561291,17604732,1101311,39,110419694
120459529,17572802,1100681,39,110339603
120564602,17588208,1100382,38,110367446
120542885,17583156,1102534,39,110360865
120720787,17639855,1103026,42,110518889
120594507,17615054,1102774,36,110445280
120688948,17582939,1102382,39,110531883
118013525,17194198,1078044,40,108016668
120587722,17599524,1101978,39,110371068
120522791,17608297,1101054,38,110339567
120614868,17597911,1102708,38,110512883
120486014,17590627,1100749,39,110367769
120644923,17616635,1102677,37,110385925
119655267,17413710,1094459,40,109631427
120593149,17544871,1101694,41,110370557
120581807,17593664,1100665,36,110345632
120607753,17558542,1102090,40,110484375
120655027,17606933,1102036,41,110463310
120646245,17605692,1102276,36,110378536
120335701,17558852,1100073,41,110153295
120827821,17650084,1104490,38,110664694
120675556,17609134,1103363,37,110420233
120698344,17611769,1102408,39,110534321
120761952,17607335,1103049,36,110524018
120731697,17628137,1102936,40,110483370
120548703,17595153,1101506,41,110384194
120646229,17608513,1102423,36,110370104
118090468,17191750,1078561,40,108046793
120864071,17627795,1103941,37,110690105
120600513,17609227,1101282,40,110358732
120469958,17565827,1100723,39,110294777
120738108,17610218,1102867,36,110480638
120371294,17351741,1102064,39,110294080
119808205,17356329,1096130,41,109828974
120850861,17549985,1104022,36,110596197
120477356,17572864,1099624,39,110201009
120763383,17576832,1103737,38,110613074
120776879,17624695,1103518,38,110583157
120712268,17604856,1102616,39,110482099
120704367,17605383,1103327,38,110433322
120664400,17608792,1102226,37,110473974
120872126,17643947,1103959,39,110717242
120759387,17618774,1103877,36,110528059
120677392,17602872,1102325,39,110458515
120767553,17638026,1104456,40,110627111
120742125,17610187,1102601,37,110542339
120591656,17555008,1102549,39,110500946
118165556,17214193,1079820,37,108131693
120752294,17628292,1104065,41,110586930
120894741,17661338,1104752,39,110714557
120872567,17632011,1104835,37,110612982
120731883,17638646,1103293,39,110421831
120722143,17637003,1103826,40,110510667
119898907,17424156,1095153,36,109734673
120648630,17559937,1102250,41,110445902
120746722,17624913,1102408,39,110523693
120758765,17624974,1103929,36,110544639
120696784,17621565,1101910,40,110502186
120815931,17618372,1103430,39,110577951
120593114,17596733,1102588,36,110491080
120746371,17611273,1103436,39,110486564
120780045,17644722,1104107,40,110521016
120891732,17659632,1104839,37,110673868
120794082,17615892,1103810,39,110358508
120678110,17630245,1103583,39,110454626
120470478,17606343,1101014,37,110213707
120581931,17598470,1102806,39,110334671
118078431,17222098,1079304,36,107946753
120648041,17614652,1102933,39,110341124
120825484,17642525,1103553,36,110543447
120782253,17586065,1103841,40,110361109
120360435,17570415,1099671,40,110094720
120565690,17619642,1101172,37,110351132
119764531,17364172,1095102,40,109708341
120547047,17506648,1100349,40,110367134
120643339,17586193,1103119,36,110588118
120686474,17580924,1102555,40,110463591
120542865,17473974,1101967,39,110417760
120477171,17530269,1101043,37,110310526
120552539,17566106,1101324,39,110249855
120488198,17572026,1101130,37,110269943
120427071,17558256,1101140,42,110362897
120288763,17526898,1099109,40,110228328
120539085,17557394,1102619,36,110487232
120606452,17595649,1102634,39,110428881
120185848,17531292,1098526,36,110038720
118181602,17199872,1080862,40,108227706
120493109,17530238,1101872,37,110466844
120527740,17545677,1101571,41,110298454
120365123,17535726,1100642,40,110159037
120644633,17581729,1102902,36,110366594
120545325,17558139,1101595,39,110359823
120610415,17568555,1102315,40,110317655
119650226,17336240,1094196,37,109654662
120634338,17558325,1101839,39,110570292
120298580,17531447,1099296,36,110069760
121554030,17715464,1111214,39,111358021
120566262,17547041,1102533,39,110405439
120721096,17550389,1102933,40,110463808
120606261,17565795,1101969,39,110399590
120911076,17612854,1104504,40,110556978
120981770,17645124,1105895,36,110702629
120829470,17599369,1104433,40,110540425
120811373,17597013,1104855,40,110468490
120856017,17616232,1105025,37,110704712
120843251,17603461,1105373,40,110671063
118409949,17243768,1082576,38,108502217
120657249,17586937,1102943,38,110572776
120822020,17617442,1104814,41,110562145
120437757,17563904,1101536,36,110409955
121128671,17627393,1106758,39,110920486
120551319,17559689,1101760,39,110327571
120685859,17580644,1102569,37,110533085
119766653,16631115,1101622,42,110253390
120509758,15644943,1119539,40,111495448
120484050,15615430,1121681,36,111764025
121764086,15749661,1133810,40,112761092
120556084,15563971,1122857,39,111590477
120656054,15549059,1124942,36,111636501
120444155,15480147,1122064,40,111504609
120717965,15500204,1126300,40,111714476
120685334,15421928,1126558,38,112047530
120629503,15455967,1124587,40,111686131
120733510,15442389,1125880,39,111929644
120609916,15518121,1122331,36,111708057
120713372,15750746,1118128,39,111521726
118036883,15588770,1092638,38,109045947
120598653,15943411,1114486,39,111445432
120797936,16018245,1115992,40,111497223
120899131,16149808,1116467,36,111536963
120588227,16665060,1108754,41,110778053
120762152,17504447,1103370,39,110677108
120597573,17536903,1101918,38,110480480
119998206,17243923,1097871,39,109961099
120670709,17542514,1102579,36,110423767
120608269,17572120,1102600,41,110260963
120957629,17598346,1105375,40,110770415
120781453,17574475,1103689,37,110442726
120642060,17543941,1102398,40,110423833
120557240,17565021,1101892,43,110436700
120766163,17602186,1103311,37,110575378
120608906,17585112,1102657,40,110454688
120560008,17559503,1102620,39,110475156
120671538,17600546,1103286,37,110474793
120561603,17565548,1101890,40,110299822
120688358,17612699,1103564,38,110624172
117924761,17185611,1078468,37,108022657
120668492,17586473,1104530,38,110517894
120701706,17596547,1103411,38,110400566
120871030,17583156,1104712,42,110573112
120673552,17588053,1102893,39,110480009
120202031,17506183,1098370,37,110070483
120656358,17593107,1102638,40,110516585
119854692,17350965,1096007,37,109913502
120611904,17575189,1101043,39,110444281
121383633,17684743,1109555,40,111182294
120634817,17460860,1104016,36,110593754
120525108,17554140,1101392,39,110348841
120340150,17520226,1099959,40,110191292
120614877,17559967,1102648,37,110418463
120480038,17555535,1101417,40,110153273
111966434,16866498,1061282,39,102703634
120479855,17566446,1101493,37,110399798
120705167,17625316,1103544,41,110576634
120564017,17611210,1102771,37,110425914
120648166,17614869,1102587,39,110521078
118108531,17213573,1080901,36,108186711
120578208,17590689,1101946,39,110500239
120634671,17623456,1102374,39,110489602
120465073,17564803,1101837,36,110434601
120464520,17576150,1102281,41,110530331
120695800,17487986,1104515,41,110554005
120562526,17580458,1102654,36,110406397
119863189,17374464,1096672,40,109911237
120611077,17596299,1101908,36,110391007
120834931,17626804,1103943,39,110606796
120774712,17605321,1104263,39,110524417
120581542,17606002,1102200,38,110361610
120493578,17578165,1101750,40,110386261
120595261,17582722,1102144,39,110412189
120591036,17612822,1102753,36,110478839
120483866,17591092,1101371,39,110338595
120561801,17604391,1102508,38,110572895
120538659,17596144,1102690,40,110408954
120494716,17578258,1101756,41,110395970
117252169,17122650,1072361,36,107452391
120603696,17608399,1102373,39,110535522
120781696,17649300,1104224,36,110665150
121022453,17668778,1106987,40,110847906
120538435,17522861,1101792,40,110459918
120558389,17567438,1101509,36,110435796
120774853,17604670,1103839,39,110639725
120666781,17551629,1103232,38,110619843
120311379,17429364,1100831,36,110342117
120794087,17608204,1104264,40,110704014
120701664,17585450,1103378,40,110592946
120716130,17569763,1102557,36,110504611
120839957,17598718,1104366,41,110603397
121182706,17647202,1108352,39,111141652
120831828,17617317,1105077,37,110714746
120685635,17606375,1104209,41,110573278
120813268,17616016,1105069,38,110835074
120460889,17549861,1102176,37,110374749
120830275,17628261,1104734,40,110682725
120900472,17621223,1105587,36,110732428
118370811,17232484,1081371,39,108365421
120623801,17561673,1103267,38,110503856
120615197,17573917,1102686,38,110510343
120483340,17553768,1101137,39,110423279
120644391,17596981,1103816,36,110551230
120678750,17583063,1103527,39,110589128
120542971,17575778,1101986,39,110520379
120471623,17555131,1101500,38,110430350
120183581,17441827,1099624,39,110212476
120474125,17556620,1101143,39,110282051
120704649,17584674,1103825,37,110621413
120710673,17603089,1104058,40,110614535
120690309,17462721,1105495,39,110753633
120571691,17551752,1102512,38,110527768
120781067,17601012,1103845,40,110700329
120752806,17614558,1105234,37,110665276
120544313,17573484,1101832,39,110501710
120573674,17563998,1102205,39,110531835
120667010,17608823,1103611,39,110532619
120691564,17582474,1103052,39,110615177
118159777,17192679,1082778,36,108310552
120639272,17581203,1104020,40,110553137
120611092,17602128,1102989,39,110431327
120686750,17593664,1103926,37,110565021
120486459,17515700,1102266,40,110339179
120644100,17594564,1103123,39,110494802
120579058,17591773,1102644,37,110473571
119940562,17459032,1097328,40,110074435
120709910,17498401,1104095,36,110674019
120460744,17555039,1101541,41,110314285
120615389,17495116,1103584,39,110618698
120815805,17625300,1103583,37,110557820
120694718,17599074,1103642,39,110613992
120646628,17586690,1103074,39,110426377
120637419,17555348,1103036,36,110591581
120493927,17550606,1101375,39,110487987
120665081,17587403,1103062,38,110539572
120448143,17545056,1101596,38,110457379
120701500,17608979,1103251,41,110522326
120662435,17587588,1103537,37,110491296
117979117,17174080,1078727,40,108103515
120743691,17567469,1104735,36,110688877
120489184,17566199,1102411,40,110437028
120555976,17559441,1101681,40,110456604
120534859,17538174,1101963,36,110430836
120523696,17563998,1102741,40,110372786
120455302,17572306,1101397,40,110416017
120621359,17561579,1103061,37,110591244
119785176,17386461,1095633,40,109954572
120580793,17576397,1102613,39,110467896
120464502,17566230,1101593,39,110341283
120588623,17591546,1101576,41,110365528
120955779,17633510,1106504,37,110858043
120724912,17593324,1103929,41,110517296
120579803,17574538,1102666,42,110414849
120488338,17442694,1103260,36,110452752
120681011,17583714,1103662,40,110625843
120578489,17579219,1102844,39,110337689
120803752,17637250,1105352,37,110616855
120562868,17581296,1102402,39,110555540
117996758,17167662,1078977,37,108087072
120597614,17555349,1102443,39,110406530
120870396,17625160,1104457,36,110610490
120328429,17523357,1101153,40,110270550
120566131,17557643,1102752,43,110352981
120653911,17593695,1103172,37,110516767
120413094,17542391,1101284,40,110292455
120422269,17520226,1102504,40,110417082
120852293,17527262,1105407,36,110933039
120574590,17572244,1102524,39,110443565
121515285,17714906,1110958,39,111356748
120497490,17569670,1101320,38,110391720
120858487,17595091,1105175,39,110699488
120800600,17585171,1104703,41,110723814
120832202,17602907,1105351,38,110783715
120478416,17550012,1100535,40,110307483
120607225,17573887,1102968,39,110511411
120615716,17567187,1102681,37,110533641
120612610,17588274,1102722,40,110553100
118247033,17232917,1081215,37,108340637
120817283,17577886,1104563,42,110664893
120616475,17545366,1102896,37,110518440
120663642,17588938,1102988,40,110522506
120464066,17559487,1101550,41,110353647
120556118,17575560,1102432,37,110467776
120784782,17605910,1104448,39,110584867
120758031,17605104,1104832,40,110585255
120222798,17499083,1100091,36,110118566
120854281,17542980,1105017,40,110731716
120644546,17578289,1103194,39,110587148
120560612,17594439,1102195,38,110433248
120762243,17583559,1103778,39,110535416
120507757,17553861,1101432,39,110394020
120682239,17585170,1103810,37,110606811
120534063,17563099,1102268,40,110506637
120730232,17609691,1104618,39,110577532
120565595,17402240,1103444,39,110631386
120567403,17557829,1102045,40,110563653
120629223,17593633,1103270,39,110492261
117953157,17202662,1078661,41,108045518
120720745,17600546,1104257,36,110619520
120566970,17568307,1101877,39,110440248
120636891,17407200,1105016,40,110525416
120774207,17488760,1105669,37,110566251
120673505,17567715,1105118,40,110580339
120720292,17593885,1104851,39,110493868
120635030,17575250,1103720,38,110421498
119887150,17428094,1096946,41,109776262
120594086,17511080,1101881,37,110380709
120721955,17588054,1103297,41,110658042
120831115,17585884,1104353,40,110681850
120471395,17534826,1100690,36,110360069
120583434,17540934,1101703,41,110562001
120637672,17568090,1102100,39,110542474
120497899,17551225,1101410,36,110442395
120506078,17545181,1100644,39,110339901
120476153,17550326,1102603,37,110385879
121666764,17731801,1112027,39,111397536
120487316,17545522,1101594,40,110342657
118042791,17188060,1079488,36,108114624
120702276,17544406,1103108,39,110574256
120622415,17550853,1103589,36,110569647
120720063,17606964,1104354,39,110452598
120731516,17572988,1104440,39,110656994
120545706,17585015,1102013,36,110435620
120616500,17578506,1104143,40,110649014
120665135,17563781,1103544,40,110618110
119846902,17418545,1096998,36,109917506
120575927,17508396,1102770,39,110480830
120790848,17586089,1104018,41,110668531
120591138,17583558,1102740,36,110483132
120703853,17499270,1104224,40,110604615
120840676,17607584,1105320,39,110633737
120616867,17571530,1103239,40,110636053
120669498,17585083,1102756,39,110538946
120827354,17614615,1105376,36,110645981
120561744,17545398,1102250,41,110372814
120919459,17628757,1105328,40,110867780
120730728,17593912,1104886,37,110541586
118123654,17209823,1081041,40,108148877
120763116,17585961,1104353,36,110704393
120755659,17606421,1104509,39,110782309
120469656,17547506,1102144,41,110285155
120705487,17479677,1105688,37,110624690
120737466,17570420,1104613,39,110667439
120635387,17572890,1102920,39,110487517
120674241,17562695,1104181,36,110604147
120111592,17435410,1099245,41,110305370
120715799,17535509,1103501,39,110670701
120871472,17597446,1105345,36,110776196
120780263,17605786,1103895,39,110526105
120636465,17573174,1102768,39,110495264
120622585,17567686,1102275,37,110388878
120589820,17580459,1102808,39,110595500
120678810,17461108,1104811,37,110735977
120602885,17519482,1103569,39,110527152
120613861,17570012,1103260,39,110542098
120815251,17621905,1104606,37,110686014
120538351,17559782,1102099,39,110349460
118025389,17165151,1079124,36,108117208
120546992,17523691,1102557,40,110405936
120793989,17596865,1104336,40,110526852
120656754,17584054,1102961,37,110499047
120574972,17553179,1103149,39,110494679
120576723,17587713,1102859,39,110444098
120516237,17553178,1102484,38,110424404
120452092,17516754,1101693,44,110257930
119794209,17395543,1096295,36,109841077
120372005,17472114,1099926,39,110310433
120773628,17592115,1104817,39,110625891
120557753,17576924,1101158,37,110493977
120572075,17551908,1102313,39,110377116
120535024,17581172,1102524,38,110400940
120580316,17573979,1102238,38,110368463
120488303,17567532,1100700,39,110341734
120498228,17556402,1101429,36,110396380
120449249,17535354,1101319,40,110347702
120625391,17584644,1101650,39,110374142
119493776,17389188,1092396,37,109485266
120965099,17614807,1106510,41,110829621
120698411,17575933,1103775,39,110533711
120827808,17632817,1104820,37,110575643
120946069,17587744,1105698,40,110656401
120844353,17622184,1104854,36,110760739
120683459,17591278,1103231,39,110540336
120704887,17600485,1104547,41,110600962
120736259,17583775,1104272,37,110500217
119688968,17401837,1096165,39,109707522
120537220,17535075,1101548,39,110404830
120705377,17505469,1103887,37,110702549
120537429,17485847,1102112,39,110408814
120675464,17585636,1103439,39,110483158
120447835,17551442,1102393,36,110320023
120739987,17599369,1103721,40,110501073
120629083,17596795,1103063,36,110591342
120398850,17530518,1101630,39,110204974
120470975,17556899,1101400,39,110518359
120535891,17577451,1102000,36,110433051
117805677,17156255,1076582,39,107951455
120495859,17459899,1103462,36,110496882
120486419,17515452,1102679,40,110399606
120618325,17591495,1103366,39,110472339
120610918,17571871,1103721,39,110556908
120644070,17580273,1103646,39,110567445
120499918,17565950,1102076,37,110442148
120543491,17549583,1102629,40,110399366
120471749,17544344,1101927,39,110395163
119751759,17408222,1095113,38,109755017
120459226,17485940,1101007,39,110326854
120378449,17528751,1100194,39,110256142
120529723,17564090,1101211,38,110452502
120744201,17587031,1104190,40,110554644
120685758,17610311,1103702,37,110609272
121604262,17731336,1111653,40,111464203
120671246,17599896,1104122,40,110485339
120638085,17557549,1102918,36,110562239
120645617,17587403,1103712,39,110521408
120608605,17598191,1103330,40,110438706
118053902,17217107,1079752,37,108196174
120619802,17570260,1103409,39,110503623
120892678,17615984,1105546,37,110698403
120308222,17540903,1100330,39,110130499
120742311,17574507,1103946,40,110597105
120827845,17597229,1104889,37,110556768
120533387,17560464,1102091,39,110389375
120711672,17570136,1104338,40,110653054
120570830,17537430,1102660,37,110375705
119960534,17420468,1096895,40,109879198
120746902,17579839,1104176,39,110701938
120539385,17573948,1101306,37,110431459
120786098,17596548,1104358,39,110644137
120658449,17569825,1103603,37,110616892
120504362,17437766,1102862,39,110534483
120535321,17436340,1103095,40,110585958
120573385,17532594,1103119,36,110504263
120606918,17574104,1103736,40,110577395
120794249,17611583,1104585,39,110608926
120621557,17579993,1102699,38,110481032
118146518,17207157,1080887,39,108271084
120674045,17574134,1104073,37,110554158
120705318,17543290,1104449,39,110715310
120600739,17584272,1102226,38,110430211
120476589,17552465,1102018,38,110358368
120632090,17592363,1103347,39,110576875
120645313,17582814,1103841,36,110425033
120572275,17557488,1102880,39,110559389
120548934,17541802,1102051,40,110478984
120111840,17440152,1098635,37,110126879
120611853,17530673,1102070,40,110489173
120968496,17502959,1105762,40,110830985
120781582,17583217,1104788,36,110698401
120506227,17569082,1102440,40,110422215
120635157,17566385,1103037,41,110468211
120637138,17578381,1103595,36,110634865
120618795,17564897,1103150,40,110540246
120600030,17558293,1102330,36,110435729
120566388,17590968,1102540,38,110346229
120631298,17569268,1102409,40,110605916
118242527,17211899,1081303,36,108285768
120577369,17560867,1102207,39,110413819
120616408,17590750,1103343,37,110528016
120807681,17589511,1104246,40,110689650
120765156,17595866,1105117,39,110634572
120877880,17614434,1104439,36,110684462
120597476,17570942,1103660,40,110462240
120625480,17567470,1102645,39,110439188
120628677,17573452,1103957,37,110496190
119735192,17402364,1094375,40,109696134
120928562,17605321,1105766,40,110768063
120772956,17596702,1103579,37,110579845
120711543,17601446,1103134,40,110646734
120751541,17602779,1104433,39,110631566
120480936,17554759,1101669,39,110361417
120529215,17570787,1102032,39,110483982
120409722,17559812,1100332,37,110291761
120374617,17541895,1100339,39,110330138
120468280,17563223,1101524,39,110398203
118088336,17217417,1079894,36,108172114
120565998,17146397,1106668,39,110673557
120481161,17353104,1103696,37,110556253
120653664,17525919,1104159,40,110705912
120538214,17586824,1102031,37,110460962
120578110,17550916,1102884,41,110534063
120701464,17591185,1103460,39,110596643
120501266,17558014,1102029,36,110448564
120358135,17416469,1102348,39,110393898
120508593,17543817,1102868,40,110316382
119781936,17392195,1096507,37,109750759
120359966,17514553,1100204,40,110357274
120571166,17588611,1102243,38,110449469
120531222,17532719,1101336,39,110401441
120737531,17598873,1103700,39,110678027
120513617,17566322,1102581,36,110446446
120485419,17544189,1101741,40,110373229
120717611,17588426,1103762,39,110577275
120625498,17566663,1103144,38,110490596
120486050,17580986,1102108,39,110330322
117977249,17205668,1079482,36,108082782
120801318,17608483,1104567,40,110651207
120815247,17593448,1104272,39,110745537
120544804,17583310,1101861,37,110380365
120663042,17576739,1102182,40,110516638
120686553,17573142,1103544,37,110473944
120725651,17594936,1103110,40,110637941
120662043,17560867,1103089,41,110664968
120583592,17547846,1102455,36,110534030
120495480,17532471,1101897,40,110527726
119790732,17404534,1094999,40,109667786
120789672,17559161,1104118,38,110681041
120777883,17604081,1104008,39,110706508
120621108,17576708,1103425,41,110488588
120582087,17572119,1101209,36,110379274
120857053,17608235,1105354,39,110671007
120595193,17585512,1102412,38,110443852
120662668,17575033,1103595,38,110627161
120810197,17599152,1104088,39,110680499
120526168,17598407,1102303,38,110340358
117953684,17189177,1078717,39,108072057
120648778,17563563,1103939,36,110564069
120591881,17500510,1103149,39,110541115
120917762,17542608,1106656,39,110857583
120593756,17584581,1103326,36,110598731
120674208,17544251,1103657,40,110577479
120553511,17572306,1101518,39,110397345
120674073,17582411,1103385,36,110609745
120442170,17508446,1101437,40,110325740
120849031,17604701,1104403,39,110769005
119848280,17377780,1096391,37,109863807
120724167,17519141,1103293,39,110596826
120527956,17561579,1101119,36,110433178
120565597,17540252,1101826,40,110441220
120638212,17582815,1103330,42,110566638
120655908,17589789,1103012,37,110517950
120598282,17548529,1102645,40,110419353
120632528,17454134,1103873,40,110478861
120452425,17540344,1101781,36,110339079
120548347,17595029,1101662,41,110441546
117808476,17180062,1076837,37,107978253
120738112,17601663,1104135,39,110573225
120786240,17588643,1104687,38,110660880
120798871,17592641,1104784,39,110717608
120734406,17585326,1103731,39,110701832
120684155,17552434,1103496,36,110657252
120559053,17560805,1102536,39,110425486
120825736,17551505,1104774,43,110746658
120423907,17532005,1100935,37,110391595
120652990,17570508,1103474,39,110503042
119650730,17359212,1094157,41,109532134
120703258,17553767,1102218,37,110583446
120665547,17552714,1102894,39,110421914
121432500,17703839,1110231,39,111228812
120548686,17547908,1102184,36,110463715
120564351,17563874,1101364,40,110369640
120442365,17553023,1101012,36,110416478
120703807,17431473,1104702,39,110715956
120208285,17455932,1099746,40,110231377
120550484,17546482,1101837,37,110645674
117850076,17158053,1076934,40,107923774
120808885,17587216,1105086,37,110736118
120693460,17563874,1102950,40,110562027
120441378,17515576,1101036,39,110272377
120456853,17519202,1101061,36,110439394
120730085,17566540,1104061,42,110761469
120575319,17569733,1102420,39,110522989
120610439,17547877,1102464,40,110571583
120875336,17576894,1105327,40,110833002
120407347,17540220,1100796,37,110302423
119654581,17333203,1094019,39,109737901
120481218,17520598,1101689,39,110428213
120379859,17538143,1101374,38,110282924
120330337,17505439,1099632,39,110370177
120343503,17519357,1099942,37,110275504
120796055,17579095,1104019,39,110653483
120216818,17413803,1099653,39,110181777
120371731,17540003,1100903,37,110262216
120372419,17526395,1099915,40,110179802
120737159,17595835,1103445,39,110694376
119488209,17426977,1092850,36,109527159
120856066,17576770,1104674,40,110845738
120890600,17614093,1104518,36,110627093
120319082,17520040,1099874,40,110198246
120466331,17554543,1101388,40,110381770
120741264,17545304,1104222,36,110664662
120547027,17544158,1102268,40,110627341
120747184,17560867,1103423,41,110580820
120549506,17550698,1102672,37,110540157
120523798,17583931,1102384,40,110413617
119780711,17409245,1095444,37,109844650
120440399,17531231,1100766,40,110438794
120576841,17575081,1102091,39,110537096
121126838,17619006,1107275,36,111095492
120482302,17536811,1100956,40,110498972
120657003,17584737,1102647,40,110542831
120588658,17568461,1102305,37,110505601
120634360,17552838,1103057,40,110631483
120553093,17551071,1101702,41,110525813
118130600,17219634,1080749,36,108276533
120548459,17555798,1101440,39,110449102
120811300,17589789,1104518,37,110679600
120605368,17573298,1102068,40,110479880
120699844,17567060,1103257,40,110555981
120538308,17533748,1102799,37,110522417
120677468,17576212,1102742,41,110604003
120690832,17585821,1103151,36,110497957
120556287,17550947,1101682,39,110323223
120519234,17542949,1102059,40,110472866
120597004,17580613,1102239,36,110491263
119719641,17355120,1094525,42,109760709
120760396,17575592,1103888,41,110698133
120645554,17554883,1102395,36,110528069
120567116,17570818,1102125,40,110538064
120599801,17580396,1102688,37,110418834
120778331,17588240,1103796,41,110676801
120426202,17562107,1100937,39,110397784
120488436,17545087,1101520,36,110310914
120546005,17541802,1101846,39,110259730
118093146,17215247,1079590,36,108164411
120521021,17552900,1101834,39,110480521
120603636,17540748,1102612,40,110470038
120596282,17550543,1102630,37,110471283
120632667,17570942,1103673,39,110579480
120593309,17561859,1102628,39,110434386
120615662,17577389,1102691,38,110393493
120359298,17522117,1100106,40,110276715
120770606,17594718,1105199,37,110597594
120545318,17430109,1103423,39,110527709
120591512,17563037,1102224,39,110475230
120032356,17425334,1098199,36,110076333
120622738,17541089,1102534,39,110512290
121102863,17598966,1106368,40,110792935
120940313,17620262,1105759,38,110837337
120611479,17564494,1102246,41,110506611
120603573,17557333,1102985,38,110623685
120587000,17556030,1102098,36,110394431
120743601,17584272,1103613,40,110634822
120927095,17610870,1105508,39,110618093
118342228,17252230,1082020,39,108442144
120921068,17621162,1105861,40,110751073
120663441,17588456,1103100,36,110437617
120623688,17598005,1103421,39,110485089
120660836,17476050,1104116,36,110615554
120476616,17541430,1101858,39,110362514
120618392,17563409,1103110,42,110536668
120553850,17559161,1102020,36,110366343
120597074,17560650,1102481,39,110473277
120499591,17523853,1102039,42,110513057
120545233,17572088,1102556,36,110501579
119763254,17378060,1095311,40,109790314
120649029,17571779,1102572,38,110522522
120645068,17591587,1103045,37,110506570
120766225,17577483,1103636,40,110691550
120692567,17580525,1103485,36,110433649
120764317,17603580,1103354,40,110574524
120642787,17551753,1101964,39,110531861
120622104,17563904,1102067,36,110639082
120808305,17461791,1106190,40,110916147
118121355,17193671,1079697,37,108226051
120871977,17598160,1104764,39,110589782
120777091,17591929,1104424,41,110667895
120536977,17580427,1102229,36,110469999
120796343,17600516,1104710,39,110725023
120833757,17567036,1104847,40,110754980
120984003,17586658,1106465,36,110785686
120751108,17490497,1105321,40,110727765
120641485,17462814,1104278,42,110646035
120569955,17524131,1103035,36,110495221
120736339,17592363,1104874,39,110518183
120045358,17424529,1098111,39,110044292
120860307,17606994,1105129,38,110838935
121741164,17734684,1112510,39,111526155
120822516,17585264,1103831,41,110634967
120727353,17582845,1104486,37,110602459
120402509,17552187,1101240,40,110217624
120543565,17564680,1102458,38,110395753
120535856,17562478,1101677,38,110411211
120901125,17641157,1104807,39,110726726
120564840,17576025,1102215,36,110475355
120761911,17581451,1103623,39,110684739
120695810,17599090,1103990,40,110657949
120638710,17583527,1102953,37,110588386
120802307,17557333,1105072,39,110793423
120673028,17580180,1103557,41,110506376
120675372,17584488,1103583,37,110556728
120701478,17572585,1104095,39,110469664
120720015,17585295,1103919,38,110577760
120572494,17572584,1101897,36,110386343
120567267,17566540,1102188,39,110454146
119891531,17388971,1096869,37,109873646
121721854,17736885,1112185,40,111512110
120648744,17568741,1102351,41,110544224
120793917,17608173,1105123,39,110611941
120630489,17589882,1103032,38,110538231
120607966,17589294,1102853,39,110329552
120798874,17608823,1104733,37,110625809
120628069,17582319,1103892,40,110570631
118031887,17210256,1079460,37,108148600
120726063,17592704,1104535,39,110657291
120757168,17583900,1104684,40,110607387
120905446,17599895,1105819,36,110821665
120840851,17581451,1104327,42,110708185
120972330,17512600,1108392,39,110825676
120896375,17617906,1106398,36,110752650
120794376,17605786,1104919,40,110716670
120591524,17575995,1103137,40,110471362
120533455,17548900,1102934,37,110431908
120849850,17627982,1105857,39,110776113
120806929,17599617,1103927,39,110675880
119793193,17379919,1095889,36,109821596
120666546,17520877,1102334,39,110594199
121307540,17619767,1109747,40,111220536
120545213,17562416,1101692,36,110291024
120556993,17554481,1102085,40,110301487
120576390,17568523,1102368,36,110359114
121641030,17716270,1112129,40,111417477
120572721,17579746,1102286,40,110520260
117898068,17176838,1078012,36,108048280
120596975,17571438,1102899,39,110465022
120652432,17561238,1103985,37,110720493
121619522,17714627,1111960,39,111409104
120470445,17571159,1101801,39,110380121
120647004,17546730,1103995,42,110660339
120503183,17536594,1102277,37,110517864
120466680,17546266,1101523,40,110381227
120486701,17538546,1101718,37,110472441
120617039,17571283,1103396,40,110473160
120527817,17576336,1101788,40,110371547
120267252,17542638,1100166,39,109983388
119860526,17374464,1096474,40,109870911
120741445,17606003,1103689,38,110470943
120652929,17557456,1102764,38,110520426
120524950,17565486,1101459,39,110309535
120726535,17583930,1104336,36,110808042
120586654,17544778,1102784,39,110456834
120889870,17616357,1104699,39,110841014
120788506,17624757,1104663,36,110702764
118249830,17266553,1082304,39,108340752
120431982,17560494,1101403,36,110420250
120943465,17599989,1106905,41,110803299
120454157,17580521,1101969,42,110370482
120731745,17632414,1104968,36,110631264
120690096,17584768,1103399,40,110517194
120762774,17326507,1106314,40,110774560
120881773,17545769,1106970,40,110802872
120791128,17584334,1105584,39,110704682
120708165,17586256,1105157,38,110686521
120816359,17611334,1105282,37,110788317
120686908,17532750,1105233,39,110567564
119793919,17275977,1096955,36,109887918
120624836,17539197,1102840,38,110481481
120905546,17543786,1105368,39,110758281
120888387,17623982,1104919,36,110640275
120726959,17591030,1104443,40,110580294
120603912,17594688,1103740,41,110575869
120675394,17582163,1104221,36,110539834
120616216,17598005,1103241,39,110421759
117854631,17166329,1076964,36,107909593
120533183,17552993,1102306,40,110535629
120633899,17552900,1103756,39,110470846
120595076,17589262,1103499,36,110553879
120547423,17578754,1102632,40,110436920
120717784,17569175,1103974,39,110663357
120614457,17573421,1103261,38,110427631
120446408,17551846,1101184,39,110272249
120664782,17579869,1102260,36,110372718
120597530,17571190,1103596,39,110550683
120529946,17579684,1102034,39,110399990
120681703,17600298,1103513,36,110459467
119806528,17369752,1095920,39,109753597
120690777,17568090,1102240,40,110480088
120620995,17578820,1102236,37,110529156
120824911,17602991,1104417,40,110665722
120545644,17549923,1102155,36,110523612
120531195,17572709,1101947,39,110318151
120595402,17558852,1102635,41,110497488
116947905,17057767,1068748,37,107048745
120816745,17603644,1104427,39,110721739
120828552,17628325,1104903,37,110607275
120721807,17584706,1103480,42,110604382
120818983,17592518,1105523,42,110810063
120954712,17655540,1106393,38,110771831
120712377,17584210,1104352,39,110605212
120792325,17614435,1105482,40,110631392
120906663,17644349,1106547,37,110685142
120665089,17592425,1104189,39,110614545
120683046,17600206,1104571,38,110549216
120693128,17635452,1104299,37,110472633
120734219,17630989,1105566,39,110529676
120054940,17397961,1097651,36,110067678
121524860,17688401,1110739,39,111427624
120672478,17591495,1103338,39,110499071
120573313,17475182,1104423,36,110667589
120452347,17521001,1101674,39,110352504
120448749,17533091,1101447,41,110401165
120549274,17576738,1102317,37,110397425
117744716,17168128,1076221,39,107799081
120582944,17569019,1103150,36,110537827
120511065,17547134,1101670,39,110356189
120419838,17549304,1101435,38,110326363
120397780,17564276,1101347,37,110332313
120426638,17547382,1100860,39,110373662
120523503,17541522,1103546,37,110486172
120566561,17443904,1104261,40,110605723
120592940,17538733,1103837,41,110596124
120466224,17545521,1102646,36,110339519
120474941,17558232,1102834,39,110400911
120416871,17569485,1101317,41,110278069
120551964,17561514,1102147,37,110384209
119826093,17392230,1096137,40,109883366
120640691,17587287,1102492,38,110547017
120626963,17557324,1101554,39,110434268
120850461,17567315,1105012,44,110685640
120979998,17630492,1106205,39,110799514
120958376,17612141,1105866,40,110759922
120635371,17578530,1103422,39,110588054
118202464,17250129,1080563,36,108282853
120961535,17638956,1106417,39,110692186
120610433,17579869,1103782,38,110518868
120352411,17530642,1100389,39,110316221
120572642,17591154,1102706,40,110450162
120792251,17617782,1104618,37,110598312
120919139,17608235,1106140,40,110713441
120648221,17575437,1103962,41,110575850
121033676,17536128,1108570,37,110978306
120738702,17560154,1105829,39,110617710
120592228,17588643,1103801,38,110525138
120601828,17595927,1104347,37,110649446
120703709,17590255,1104166,39,110523153
119959498,17416778,1096415,37,109956906
121746378,17749409,1112907,39,111608629
120588525,17577173,1102638,40,110509836
120827100,17614373,1104346,38,110683550
120709532,17590812,1103614,38,110620040
120830302,17605445,1104611,39,110702620
120786972,17470129,1106456,36,110702702
117999253,17162579,1079152,39,108126146
120849099,17612822,1104975,39,110753710
120734191,17581389,1103684,37,110499714
120780272,17604484,1104671,39,110508162
120715562,17608761,1104126,37,110532901
120791565,17381129,1106571,41,110730439
120944863,17555783,1107225,40,110880731
120633818,17539290,1103518,37,110446760
120650449,17560743,1103195,39,110498056
120809727,17486715,1105341,39,110640762
120923482,17609784,1105802,36,110851146
120604245,17598718,1102808,39,110506237
120778719,17607801,1105124,40,110635799
120027280,17388103,1097474,36,110027710
120965294,17626835,1105687,40,110809634
120818043,17612947,1104838,40,110709147
120857459,17621161,1105144,36,110751939
120864493,17589697,1104678,39,110698082
120904193,17607088,1105105,40,110591350
120942156,17645160,1105851,36,110801661
118131203,17213662,1079806,40,108267435
121025401,17628415,1105945,37,110861722
120791355,17583559,1104314,41,110728634
120814298,17589604,1104648,40,110632182
120792114,17619363,1104262,37,110744928
120740780,17606716,1104810,39,110505676
120706500,17608204,1103689,39,110599261
120928064,17625811,1106254,38,110687552
120497095,17557612,1103069,41,110537220
121075729,17634926,1106634,39,110962224
120851956,17632724,1105146,37,110634178
120856226,17598501,1104966,39,110703880
120655285,17589480,1103499,39,110493973
119903637,17401929,1095942,37,109940878
120889667,17614931,1104403,40,110667446
120809173,17618992,1104870,39,110604260
120732804,17494712,1105228,37,110504660
120985883,17631516,1106188,39,110791456
120981236,17610033,1106563,36,110880343
118003087,17197298,1078813,39,108065386
120567120,17595927,1103177,39,110388864
120623965,17593727,1104043,37,110509424
120740038,17603275,1103764,40,110590133
120860210,17620169,1104993,36,110682441
120518055,17588550,1102408,39,110332146
120676620,17548839,1104040,40,110526391
120782047,17606033,1105800,38,110679875
120514771,17571345,1103065,39,110453684
120820390,17499983,1105613,40,110648572
120653713,17575503,1104227,38,110549312
120518146,17563466,1103214,40,110465932
120528657,17575871,1103133,39,110507809
120574140,17578629,1103509,38,110414387
119775847,17370496,1094565,41,109748551
120742838,17595803,1103901,37,110643018
120479099,17543538,1101272,40,110318827
120670741,17587527,1103535,40,110518482
120584162,17576397,1102539,36,110535538
120578646,17577979,1103103,40,110534765
118102388,17224981,1080114,36,108273566
120692374,17601942,1103824,40,110554313
120750120,17588767,1104610,42,110612974
120447517,17544569,1101720,36,110363704
120581903,17588324,1103226,40,110537922
120683110,17601539,1103562,38,110477238
120580620,17568764,1103405,37,110585089
120692284,17562517,1102745,39,110627556
120492949,17538639,1101380,36,110483707
120504034,17568276,1102410,39,110392443
120556375,17552621,1102995,39,110535320
120721873,17606312,1103946,37,110590497
120520757,17549676,1102389,41,110385571
120519476,17555783,1101793,38,110421255
119858427,17378524,1095796,37,109801549
120612085,17562634,1102152,39,110449348
121064553,17662795,1106066,39,111003336
120649991,17576676,1104021,38,110626629
120853718,17622681,1105029,40,110729331
120761489,17586503,1103723,36,110672650
117970422,17192463,1079060,39,108016760
120560501,17570879,1102895,36,110523124
120648977,17580614,1103366,39,110488793
120662486,17590503,1103195,39,110562643
120639029,17598469,1103482,38,110557934
120688775,17587558,1102537,40,110533546
120557103,17547072,1103242,39,110413835
120577531,17559161,1102503,36,110431014
120581998,17493628,1104243,39,110536486
120607581,17517126,1103811,38,110586643
120465444,17526208,1101860,38,110438999
120438408,17550606,1100707,41,110302697
120674522,17594036,1103783,36,110518398
119793560,17460365,1095530,41,109733610
120594612,17521900,1103097,40,110567845
120699158,17501873,1103858,37,110627728
120630098,17540934,1104043,39,110615226
120599066,17575437,1103622,40,110491631
120601542,17583031,1102778,36,110282762
120696298,17600702,1103242,40,110586799
118228207,17236575,1081015,36,108251662
120621698,17580831,1102373,40,110451675
120637920,17556651,1103019,40,110430542
120731105,17568709,1103654,39,110569862
120654669,17583342,1102663,39,110590207
120540758,17559378,1101635,36,110349552
120367512,17509500,1100745,41,110362851
120530923,17555566,1101965,40,110403764
120559355,17560091,1102371,37,110470427
120508926,17580428,1101637,40,110332885
120583717,17575592,1103226,39,110496428
120743719,17502059,1105488,37,110726875
120600284,17579994,1104069,39,110518486
119768959,17461418,1095294,37,109663379
120614471,17520722,1103197,39,110538297
120608646,17557364,1102596,40,110598316
121897928,17752074,1113234,37,111566033
119664340,17380540,1090908,39,109543267
120733525,17583466,1102493,40,110639077
120870746,17598593,1103664,36,110728880
117997407,17194478,1076969,41,108055853
120699991,17574940,1102815,37,110550465
120543408,17551800,1101681,40,110477589
120570131,17565966,1101132,39,110332355
120645361,17570135,1102479,36,110576738
120624198,17565982,1102111,39,110474980
120792558,17533215,1104840,39,110874626
120616257,17545800,1102220,37,110434309
120443294,17514522,1101590,40,110399429
120655492,17601972,1103911,36,110538106
120543697,17568865,1102128,39,110433055
120579882,17558883,1103070,39,110360197
120638248,17578009,1103070,36,110515776
119651025,17416779,1093796,39,109577714
120638161,17515762,1103566,39,110505705
120536277,17552093,1100911,38,110414611
120647803,17575065,1103119,43,110502400
120652622,17571964,1103465,39,110626476
120619913,17545522,1102820,40,110498570
117117796,17059833,1070948,37,107189652
120676538,17585399,1102729,41,110539234
120709175,17575995,1103258,42,110618783
120651346,17584209,1102904,37,110418321
120332962,17508043,1100765,39,110290288
120804065,17536222,1105610,38,110702999
120771835,17594997,1104711,37,110663332
120873366,17567935,1105830,40,110749800
120760425,17576832,1104085,38,110621927
120630347,17529215,1104080,38,110584801
120835707,17605786,1104757,39,110640965
120602345,17557394,1103546,37,110528672
120699314,17593138,1103425,39,110712949
120781442,17595339,1104244,39,110548486
120323763,17492852,1099938,38,110252936
120778566,17516010,1103624,39,110692169
120602651,17568927,1102529,40,110491755
120937870,17626679,1106413,36,110824137
120724426,17589387,1103400,39,110474488
120832326,17606034,1104768,39,110717548
118245001,17208024,1080970,36,108349447
120713063,17558945,1103937,40,110553315
120825123,17592579,1104438,36,110580081
120688199,17565207,1103815,39,110626170
120501876,17556558,1101709,40,110348776
120565243,17589200,1101857,36,110539177
120547796,17564928,1101630,40,110505099
120619330,17529495,1104039,38,110538060
120708890,17583403,1103782,38,110553464
120995577,17607150,1106214,41,110796093
120753278,17611675,1105002,36,110665082
120561412,17573949,1102173,40,110387145
120728992,17586070,1103624,39,110534186
120634127,17553860,1103772,36,110551841
119839004,17321113,1096678,39,109955092
120776330,17521156,1104900,39,110642524
120779159,17583620,1103834,37,110746701
120671944,17482747,1104087,41,110570070
120807332,17535323,1104705,41,110717366
120584614,17504074,1103617,38,110555685
117873891,17136353,1078240,39,108080791
120671636,17585759,1103368,37,110694699
120660857,17551381,1102142,39,110502613
120657553,17556992,1102848,39,110574280
120755765,17575002,1103424,37,110596965
120660453,17586752,1103336,39,110669801
120780900,17588983,1103783,37,110725485
120709442,17585915,1104557,37,110645102
120703866,17587031,1103666,41,110606503
120708840,17600980,1103780,36,110523070
120729207,17613071,1104755,39,110489455
120678557,17610126,1103972,39,110498239
120745039,17613256,1104861,36,110589691
120713876,17609599,1105200,39,110634276
120002138,17473168,1097936,39,110028867
120702090,17542576,1103172,36,110589852
120666135,17577328,1102793,39,110608504
120629853,17567129,1103245,40,110485439
120654935,17589333,1102789,38,110423778
120507908,17555588,1101621,39,110443434
118151600,17228112,1080340,37,108335230
120462169,17550203,1100820,39,110440022
120615702,17554914,1102514,36,110481929
120459703,17524783,1101351,39,110349391
120553347,17578196,1102876,39,110301800
120596035,17607676,1102714,36,110352907
120426306,17537710,1101278,39,110264883
120478329,17523512,1102717,39,110311776
120809533,17572026,1104897,37,110787570
120602612,17570663,1102971,41,110481062
120669485,17583125,1103672,39,110543631
120472925,17572088,1101763,37,110311197
120692526,17600547,1103726,40,110634214
120717417,17549086,1105147,36,110705850
119902354,17359677,1097633,39,109896249
120576884,17532471,1102922,39,110526317
120844392,17606746,1104430,36,110747303
120629584,17560185,1102187,40,110478959
120579309,17569361,1101647,39,110404488
120744656,17475647,1104734,36,110629399
118244093,17222161,1081547,39,108227790
120589660,17589076,1102597,37,110570531
120896138,17609568,1104592,40,110623744
120515629,17544995,1102266,40,110547133
120636595,17587929,1102470,37,110487417
120645667,17571376,1102512,39,110464999
120648085,17571221,1102775,41,110474109
120592947,17535787,1102219,39,110425664
120869404,17570880,1104121,39,110731731
120691453,17592951,1103041,37,110563965
120976613,17604794,1105992,40,110810636
120721507,17603771,1103791,41,110593912
120824675,17600515,1104191,37,110702275
120780521,17595091,1104562,40,110738350
119951525,17425490,1097888,40,109947260
120630201,17544343,1103591,36,110550401
120744474,17579622,1103493,40,110603929
120513811,17547196,1101610,39,110339756
120806624,17637188,1104905,36,110585065
118233099,17216364,1081229,40,108308191
120635360,17590068,1102751,37,110504703
120634505,17571500,1102454,39,110504476
120626549,17571531,1102923,40,110509435
120568885,17549303,1101947,38,110397556
120722367,17576305,1103043,41,110675958
120588655,17566632,1102259,36,110341431
120683946,17554636,1103951,39,110528191
120752175,17557054,1103964,39,110597296
120721303,17586348,1104161,37,110610231
120646914,17584241,1102503,40,110457112
120789904,17605569,1104719,40,110593394
120619903,17584860,1102557,36,110502198
120690835,17568741,1102912,41,110562958
120538444,17558449,1101807,39,110428231
120006980,17438540,1097944,36,109995568
120482002,17536005,1101835,39,110355045
120764161,17594967,1103668,38,110641450
120239728,17505469,1099416,37,110198888
120624383,17585853,1102726,41,110447051
118081891,17176931,1078998,36,108276751
120664507,17605135,1103338,40,110511833
120741782,17534299,1104601,39,110641683
120662729,17489505,1103553,41,110571202
120574597,17530611,1102847,40,110431657
120652271,17604948,1103789,36,110543457
120412817,17553086,1101272,40,110439674
120600738,17545832,1103026,40,110528356
120533433,17427442,1104285,37,110553374
120493770,17533866,1102110,39,110412504
120878296,17639080,1105947,36,110603475
120819213,17592548,1104599,38,110602840
120775908,17598687,1105152,40,110627646
120638877,17532780,1104826,36,110499369
120543974,17495550,1102176,40,110549632
119799996,17379393,1095478,39,109818699
120839033,17575839,1104462,40,110697397
120595329,17550451,1102175,40,110612568
120394802,17554698,1100441,41,110283038
120743769,17599709,1103808,36,110571432
117830970,17151171,1077406,39,107957617
120413680,17548807,1100652,37,110224214
120277408,17530425,1099504,40,110302619
120706852,17588952,1103452,36,110642018
120608064,17551226,1101793,39,110411433
120489036,17572306,1101768,39,110421040
120659075,17583837,1103238,36,110557093
120560897,17545832,1102342,39,110507572
120611861,17537834,1102243,40,110484113
120636707,17558231,1103460,37,110519852
120776449,17593107,1104237,39,110748126
120628174,17586163,1103562,39,110503460
120649981,17576149,1103142,38,110367877
120829960,17603647,1104411,39,110708896
120772733,17632321,1104895,36,110609583
121006467,17566385,1107121,40,110853931
120921002,17601694,1104961,41,110758598
120879956,17606592,1105754,38,110724517
120949686,17618340,1105630,38,110855338
120660273,17584602,1102963,41,110493551
117794036,17168851,1076486,36,107834070
120768892,17603895,1103281,40,110609188
120637601,17583001,1103138,40,110542702
120397022,17526270,1100478,37,110282461
120624216,17569609,1102644,39,110479120
120688980,17572026,1103729,38,110535966
120576905,17579777,1102643,39,110404923
120673876,17546638,1102829,40,110414074
120505498,17568399,1102544,37,110428813
120639850,17545708,1102759,39,110524089
120598905,17583497,1102715,38,110434827
120805611,17612295,1104259,37,110542836
120877659,17617318,1105726,39,110766613
120718234,17604949,1104594,38,110523046
120636242,17613039,1103255,38,110323392
119991731,17422049,1097979,40,109938111
120758390,17556743,1103590,38,110609048
120574166,17538826,1102620,39,110445466
120720794,17605786,1103451,39,110523567
120725339,17597260,1103484,37,110627965
118027043,17054544,1081239,39,108335917
120815343,17598903,1104751,36,110606472
120504668,17541523,1102310,39,110373387
120649174,17582164,1103738,39,110621103
120579555,17589076,1102947,36,110383483
120581275,17555349,1102338,39,110377284
120766349,17602252,1104628,39,110622252
120534182,17529246,1102342,37,110337362
120675081,17536811,1103741,39,110576971
120775243,17586193,1104268,41,110678641
120800999,17604298,1105086,38,110719475
120541354,17583621,1102731,39,110357844
121001301,17624323,1107152,36,110835650
120496916,17558604,1102227,39,110445808
120579826,17582040,1102467,40,110412871
120015360,17414608,1098010,37,110008417
120780100,17573794,1104188,40,110777639
120796057,17583497,1103476,40,110691315
120501150,17542080,1101478,36,110447171
117149220,16949206,1072254,39,107391680
120833243,17560494,1105419,37,110699321
120624699,17566695,1101995,39,110408851
120872234,17628323,1104865,38,110711976
120901478,17586999,1105146,39,110711833
120607926,17567532,1102171,40,110383558
120524803,17554604,1102073,37,110333638
120991009,17602221,1106217,40,110878162
120681825,17598191,1103597,40,110445524
121060746,17641652,1107037,36,110899241
120948378,17612358,1105607,39,110639057
121085727,17636972,1107323,39,110752939
120940854,17627950,1105990,38,110753471
120648357,17602345,1102879,39,110535215
120961313,17633283,1105267,39,110788581
120670192,17604421,1103786,37,110591445
120102171,17425924,1098653,40,110140001
120777913,17448864,1104255,39,110594606
121008415,17582535,1106052,39,110899937
120689345,17582412,1103213,40,110527099
118265691,17212891,1080446,36,108299038
120646806,17586721,1102799,39,110475966
120535666,17548467,1101487,40,110420827
120443362,17557301,1100762,38,110408192
120518699,17481972,1102664,39,110479402
120446301,17495829,1102788,38,110450190
120517975,17572119,1102027,37,110498080
120468308,17528348,1102510,39,110445129
120513990,17538639,1101618,37,110467445
120421068,17504928,1102064,39,110377661
120512741,17550218,1101749,39,110341372
120591687,17567872,1103355,37,110392167
120705582,17579157,1103856,40,110722997
120654046,17588767,1103923,40,110584307
120495419,17574909,1101776,37,110349009
120475252,17578258,1101404,39,110353296
119795845,17385406,1095761,37,109867178
120539775,17546886,1101948,40,110493625
120546533,17555504,1102158,39,110460169
120683459,17563222,1103472,36,110524383
117871523,17144258,1077773,41,108045188
120540851,17584054,1101882,36,110432071
120667890,17584210,1103212,39,110487114
120273519,17528658,1100128,39,110232955
120618224,17572336,1102394,37,110443914
120612032,17590007,1103078,40,110568580
120780586,17630586,1103294,38,110723589
120536132,17533369,1102508,38,110485337
120486011,17549800,1101525,40,110509263
120825124,17588332,1105156,36,110696800
120748927,17603833,1104278,42,110553942
120603530,17573918,1103816,41,110537065
120496862,17576924,1102652,37,110429751
120527998,17555628,1102090,39,110458065
120759395,17606809,1103364,41,110578312
120791499,17546730,1104985,36,110715425
119822289,17361444,1096122,40,109776892
120567812,17537276,1102074,36,110468961
121173563,17648069,1107029,38,111070433
120718346,17602066,1103466,39,110560489
117919090,17154456,1078766,36,108066482
120536087,17561022,1101573,40,110458848
120641349,17587154,1103120,36,110585895
120573366,17571373,1102616,40,110361464
120645201,17581485,1103131,40,110528608
120592769,17584705,1101970,36,110472387
120373130,17555907,1100605,41,110211985
120697739,17570012,1103353,39,110504536
120648880,17571592,1103338,36,110450531
120754228,17570911,1104703,40,110604509
108060544,16648909,1045833,39,98909144
120526032,17612140,1103359,37,110355103
120727709,17648969,1105536,40,110633600
120984552,17565454,1108885,37,110822965
121739802,17772752,1114650,39,111497005
120763634,17656812,1105741,39,110668345
119748960,17430945,1096454,36,109723856
120649945,17618031,1103531,40,110587722
120585201,17607987,1102743,39,110408329
120890626,17628973,1104559,36,110571069
118080887,17158580,1080614,41,108111313
120650016,17624323,1104370,36,110537048
120556223,17576677,1103416,44,110346830
120775417,17539896,1105174,40,110587360
120618346,17582488,1104364,36,110421398
120456337,17578320,1102404,40,110309030
120454538,17580025,1102364,39,110292463
120971183,17613256,1107312,38,110748529
120474730,17567687,1102796,40,110263490
120710366,17606922,1105542,36,110658260
120615933,17573835,1103899,37,110655886
120578533,17590379,1103719,40,110467425
120560609,17578009,1102858,36,110328703
120587447,17579002,1103751,40,110430049
120599493,17604670,1103382,41,110473918
120587966,17603987,1103891,36,110463756
119649439,17360421,1095754,39,109577256
120708055,17572709,1104219,40,110603528
121532362,17733970,1112432,37,111375658
117873587,17189425,1079293,40,107938130
120397834,17537554,1101499,36,110278252
120443997,17576181,1102087,40,110348716
120641402,17607056,1104391,37,110573229
120675999,17567253,1103993,39,110581045
120584475,17591929,1103826,39,110386621
120518245,17604669,1103140,37,110417080
120424612,17520319,1098298,40,110193079
120545019,17563440,1104120,39,110521535
120429975,17491798,1099391,36,110134295
120453593,17505780,1103208,39,110352010
120440097,17403763,1103330,37,110398634
120613840,17568705,1104398,40,110449618
120447794,17580149,1103074,39,110348165
120547374,17586472,1102983,36,110400684
120540135,17608049,1103992,39,110402690
120613434,17516165,1104942,39,110430312
119875511,17353972,1098723,37,110009240
120626282,17550978,1103662,40,110492369
120569055,17611179,1103540,37,110370304
117973619,17165927,1079355,39,108092481
120600915,17586472,1104066,37,110397487
120666688,17624014,1104197,40,110497261
120299723,17555597,1101758,39,110106512
120644495,17582721,1104996,36,110493613
120534150,17571624,1102784,39,110433541
120580619,17588581,1103709,40,110451482
120669476,17598469,1104855,37,110685122
120672445,17571469,1105074,39,110498158
120648496,17579591,1104238,39,110462309
120529976,17578319,1104925,37,110422204
120685545,17597726,1105351,39,110560210
120802088,17620045,1105721,36,110522137
120513002,17590038,1103501,39,110316943
120574273,17574786,1103967,39,110550594
120625395,17618464,1104880,36,110478482
120535096,17594347,1103299,39,110425280
119842673,17408192,1098311,39,109876826
120648256,17599585,1104581,37,110576566
120543187,17575189,1103134,39,110455959
118180564,17209264,1081269,37,108237350
120525106,17573078,1103956,39,110403364
120569019,17568279,1103273,39,110288047
120534152,17592796,1103710,37,110490063
120646527,17606003,1105322,40,110503310
120614402,17614682,1104876,36,110509510
120713489,17634027,1105291,39,110536872
120668520,17528906,1100823,39,110393272
120598819,17582845,1104145,36,110574915
120725090,17525682,1102020,41,110506502
120776933,17622340,1106344,39,110693038
120587957,17594532,1103508,36,110316033
120731718,17631485,1105535,39,110554572
120544653,17590286,1103873,38,110428745
120591737,17585418,1103189,37,110447871
120589538,17627114,1104344,39,110417677
120666498,17625005,1105471,36,110515755
119629348,17378711,1095702,39,109596933
120697488,17604539,1104131,39,110468672
120462797,17568282,1100909,38,110270063
118069285,17216488,1080435,39,108133902
120739664,17505035,1106818,36,110613060
120743997,17605910,1105717,39,110560683
120723616,17600702,1105720,42,110531429
120566982,17579373,1104700,37,110451531
120701641,17629315,1106102,41,110649412
120786226,17654704,1105941,39,110595504
120701079,17598221,1105336,38,110448825
120677565,17519947,1105976,40,110580635
120717544,17539600,1106778,36,110678948
120665682,17594037,1104679,39,110599232
120664383,17606282,1104416,40,110565878
120768755,17629965,1105547,36,110552353
120621366,17605197,1105041,40,110410414
120599576,17623704,1105002,39,110453234
120629945,17599008,1105419,36,110416356
120789311,17620561,1106987,42,110598348
120077071,17436712,1099835,41,110031798
120602040,17577141,1103022,38,110526637
120819064,17641219,1104996,40,110641098
118068857,17208799,1080605,36,108230466
120609804,17600702,1104029,39,110590592
120524271,17591154,1103337,39,110403680
120455241,17571065,1102154,37,110229988
120650635,17596424,1104861,39,110405687
120555052,17554914,1102261,36,110368881
120689844,17543538,1105698,40,110536504
120569844,17528100,1099775,39,110303784
120561470,17585480,1104163,37,110466260
120376346,17465480,1098661,40,110076649
120648613,17589294,1104237,39,110522152
120636998,17583899,1103847,37,110420859
120539288,17587062,1103779,39,110366004
120653515,17613845,1104258,36,110500246
120559121,17608762,1103656,39,110468549
120658236,17610560,1104704,39,110467161
120767682,17620603,1106406,36,110660111
119633950,17370217,1096005,39,109718933
120513602,17577441,1103152,39,110441004
119499794,17279490,1094558,37,109611867
120752727,17582505,1105426,40,110716206
120565891,17595524,1103391,37,110481166
120571786,17604422,1104280,40,110502488
120262280,17547010,1100736,39,110167917
120599059,17597167,1104658,36,110411617
120588279,17477787,1105595,40,110534223
120649881,17593789,1104837,38,110514298
120626671,17590440,1105813,36,110567779
120698322,17603306,1105075,40,110550258
120631163,17587247,1103729,37,110388172
120896623,17632036,1107420,40,110735111
120320116,17552721,1102105,41,110151350
120762561,17621936,1106311,37,110756525
120679882,17638894,1105376,40,110540109
120621741,17610963,1104211,39,110483715
120460801,17591153,1103233,37,110283823
120734114,17637096,1105790,40,110480613
119732771,17387174,1096433,38,109789713
120713983,17597074,1104877,37,110614172
118278988,17257563,1082460,40,108366353
120684439,17610621,1105234,37,110680686
120512411,17598997,1103561,39,110408338
120555984,17595679,1103955,37,110395957
120607054,17607057,1103858,37,110470725
120629942,17599400,1104352,39,110463741
120505201,17602716,1103881,36,110465618
120682180,17607894,1104255,39,110558304
120633971,17535075,1101549,39,110291734
120795527,17630740,1106592,36,110657911
120446026,17501781,1099368,40,110084852
120705042,17612482,1105298,40,110489164
120776988,17607459,1105291,36,110629420
120529851,17605383,1103698,39,110393401
120551440,17596857,1103786,37,110375042
120606453,17622030,1104076,40,110473831
120750920,17648597,1105712,39,110634687
120646493,17621595,1105026,36,110346063
119860506,17402674,1097928,39,109773563
120621194,17600485,1104516,39,110542441
117762688,17174482,1076750,36,107773929
120717442,17610777,1105556,40,110599600
120513634,17628415,1104168,37,110334163
120582469,17556124,1103216,40,110394214
120641236,17577855,1105164,38,110515949
120797246,17619709,1106724,37,110652818
120416630,17598868,1102507,39,110279435
120504234,17613132,1103748,36,110381240
120686986,17602686,1104600,39,110508105
120643706,17613722,1105504,40,110580658
120768182,17605723,1106311,37,110598947
120643313,17550048,1105849,39,110679795
120608948,17592549,1104714,39,110579146
120755414,17624757,1106449,36,110629537
120476018,17581265,1103455,39,110384856
120547444,17623828,1104012,39,110413308
120428770,17583186,1103220,38,110217444
120740630,17621903,1105208,39,110536700
119808928,17394275,1096806,36,109864425
120546934,17599028,1102955,40,110357878
118532281,17289275,1085396,36,108671491
120543085,17588829,1103289,39,110417285
120563712,17611149,1103480,40,110385660
120482134,17588859,1102462,37,110249301
120299366,17528782,1101804,40,110222257
120594997,17581513,1104914,40,110488900
120303180,17580861,1102103,36,110172966
120529094,17590131,1104283,40,110425208
120599112,17612718,1104563,36,110515824
120566226,17574983,1103667,39,110460293
120575708,17576832,1105060,39,110507508
120728949,17629024,1106211,39,110506012
120903888,17628272,1108250,39,110673079
120726131,17636073,1105341,39,110535997
120572667,17606064,1104200,36,110415597
120680463,17626246,1105227,39,110544697
120609956,17619054,1104945,38,110515052
120672832,17618929,1105190,39,110489096
119842815,17408006,1097013,40,109830751
120933736,17638273,1106651,37,110668952
118042013,17215403,1080800,37,108232760
120720860,17623239,1105845,40,110606167
120573387,17611811,1104304,37,110472026
120422873,17555244,1102349,40,110287297
120561044,17588456,1104087,39,110598953
120577267,17609580,1104668,39,110546769
120702420,17639471,1105226,39,110579986
120783566,17598345,1106580,36,110737511
120718954,17488761,1107167,41,110694048
120775969,17586225,1106044,41,110721404
120569126,17591959,1103596,36,110518787
120710839,17602314,1105237,40,110618040
120713991,17621534,1106096,38,110631845
120541257,17596919,1102841,37,110416485
120978309,17491334,1109568,40,110995217
120827459,17620418,1106583,38,110594437
120696525,17611179,1105902,38,110549693
120519046,17605848,1104021,40,110568738
119858711,17422420,1097728,36,109880809
117945423,17103090,1081603,39,108200478
120638111,17565051,1105046,36,110425661
120514822,17593324,1103572,40,110288299
120625106,17617721,1104395,40,110403882
120647912,17617968,1104294,37,110560334
120557562,17588798,1103409,40,110387707
120855204,17644164,1106916,39,110668899
120864623,17659756,1106808,36,110690776
120671883,17595990,1105054,39,110431719
120596696,17599307,1104460,38,110464856
120737507,17616201,1105420,38,110572198
120580145,17574817,1104306,39,110400538
120593416,17592331,1104733,36,110389191
120617428,17598160,1104708,40,110452744
120671011,17582133,1106044,40,110437564
120658229,17613442,1106293,36,110475905
120598733,17654022,1105101,39,110443403
120597328,17607987,1105104,39,110444249
120688275,17646116,1105930,36,110589227
119869505,17411013,1097479,39,109835062
118088155,17236513,1080442,36,108173138
120526872,17562758,1102906,39,110346032
120673465,17603461,1104475,38,110512997
61287796,9369295,515650,67,51266228
0,0,0,0,0
0,0,0,0,0
0,0,0,0,0
0,0,0,0,0
0,0,0,0,0
0,0,0,0,0
0,0,0,0,0
