cycles,instructions,dtlb_load_misses.walk_completed,dtlb_store_misses.walk_completed,ept_walk_cycles
2160303,1985104,2864,1119,152437
363028,532932,1,1,852
148408,222055,0,0,228
88886,133233,0,0,108
59307,88822,0,0,105
59246,88822,0,0,104
59285,88822,0,0,95
29659,44411,0,0,42
29642,44411,0,0,52
29639,44411,0,0,53
29711,44411,0,0,42
29662,44411,0,0,44
0,0,0,0,0
29680,44411,0,0,42
29646,44411,0,0,42
0,0,0,0,0
29632,44411,0,0,42
0,0,0,0,0
29630,44411,0,0,44
0,0,0,0,0
44307,46430,27,4,3510
0,0,0,0,0
0,0,0,0,0
113929,242152,48,3,4463
0,0,0,0,0
29811,44411,0,0,52
0,0,0,0,0
0,0,0,0,0
29703,44411,0,0,61
0,0,0,0,0
0,0,0,0,0
0,0,0,0,0
29993,44411,1,0,265
0,0,0,0,0
0,0,0,0,0
0,0,0,0,0
29777,44411,1,0,155
0,0,0,0,0
0,0,0,0,0
0,0,0,0,0
68449,80197,20,3,3681
0,0,0,0,0
0,0,0,0,0
0,0,0,0,0
0,0,0,0,0
30175,44411,0,0,217
0,0,0,0,0
0,0,0,0,0
0,0,0,0,0
0,0,0,0,0
0,0,0,0,0
29793,44411,0,0,117
0,0,0,0,0
0,0,0,0,0
0,0,0,0,0
0,0,0,0,0
0,0,0,0,0
29589,44411,0,0,47
0,0,0,0,0
0,0,0,0,0
8735,2429,2,2,1376
0,0,0,0,0
0,0,0,0,0
0,0,0,0,0
0,0,0,0,0
51886,77358,1,0,291
0,0,0,0,0
0,0,0,0,0
0,0,0,0,0
0,0,0,0,0
0,0,0,0,0
0,0,0,0,0
0,0,0,0,0
30424,44411,1,0,377
0,0,0,0,0
0,0,0,0,0
0,0,0,0,0
0,0,0,0,0
0,0,0,0,0
0,0,0,0,0
13295,2839,17,2,2746
0,0,0,0,0
52117,77358,7,0,877
0,0,0,0,0
0,0,0,0,0
0,0,0,0,0
0,0,0,0,0
0,0,0,0,0
0,0,0,0,0
0,0,0,0,0
0,0,0,0,0
0,0,0,0,0
30442,44411,1,0,313
0,0,0,0,0
0,0,0,0,0
0,0,0,0,0
0,0,0,0,0
0,0,0,0,0
0,0,0,0,0
0,0,0,0,0
8606,2429,4,0,1170
0,0,0,0,0
0,0,0,0,0
51275,77358,1,0,476
0,0,0,0,0
0,0,0,0,0
0,0,0,0,0
0,0,0,0,0
0,0,0,0,0
0,0,0,0,0
0,0,0,0,0
0,0,0,0,0
0,0,0,0,0
0,0,0,0,0
0,0,0,0,0
0,0,0,0,0
30335,44411,1,0,373
0,0,0,0,0
0,0,0,0,0
4055,476,11,2,1451
15464,2429,37,6,4826
0,0,0,0,0
0,0,0,0,0
0,0,0,0,0
0,0,0,0,0
0,0,0,0,0
0,0,0,0,0
0,0,0,0,0
0,0,0,0,0
0,0,0,0,0
51752,77358,6,1,960
0,0,0,0,0
0,0,0,0,0
0,0,0,0,0
0,0,0,0,0
0,0,0,0,0
0,0,0,0,0
0,0,0,0,0
0,0,0,0,0
14829,2429,17,1,2588
0,0,0,0,0
0,0,0,0,0
0,0,0,0,0
0,0,0,0,0
0,0,0,0,0
0,0,0,0,0
0,0,0,0,0
51166,77358,2,0,422
0,0,0,0,0
0,0,0,0,0
0,0,0,0,0
0,0,0,0,0
0,0,0,0,0
0,0,0,0,0
0,0,0,0,0
0,0,0,0,0
0,0,0,0,0
0,0,0,0,0
0,0,0,0,0
11153,2839,2,0,497
0,0,0,0,0
0,0,0,0,0
0,0,0,0,0
0,0,0,0,0
0,0,0,0,0
52208,77106,6,1,1073
0,0,0,0,0
0,0,0,0,0
0,0,0,0,0
0,0,0,0,0
0,0,0,0,0
0,0,0,0,0
0,0,0,0,0
0,0,0,0,0
0,0,0,0,0
0,0,0,0,0
0,0,0,0,0
0,0,0,0,0
0,0,0,0,0
8260,2429,1,0,137
0,0,0,0,0
0,0,0,0,0
0,0,0,0,0
0,0,0,0,0
0,0,0,0,0
51441,77106,3,0,566
0,0,0,0,0
0,0,0,0,0
0,0,0,0,0
0,0,0,0,0
0,0,0,0,0
0,0,0,0,0
0,0,0,0,0
0,0,0,0,0
0,0,0,0,0
0,0,0,0,0
0,0,0,0,0
0,0,0,0,0
0,0,0,0,0
9725,2839,1,0,216
0,0,0,0,0
0,0,0,0,0
0,0,0,0,0
0,0,0,0,0
0,0,0,0,0
51592,77106,2,0,507
0,0,0,0,0
0,0,0,0,0
0,0,0,0,0
0,0,0,0,0
0,0,0,0,0
0,0,0,0,0
0,0,0,0,0
0,0,0,0,0
0,0,0,0,0
0,0,0,0,0
0,0,0,0,0
0,0,0,0,0
0,0,0,0,0
7939,2429,1,0,103
0,0,0,0,0
0,0,0,0,0
0,0,0,0,0
0,0,0,0,0
0,0,0,0,0
54684,77106,62,3,5680
0,0,0,0,0
0,0,0,0,0
0,0,0,0,0
0,0,0,0,0
0,0,0,0,0
0,0,0,0,0
0,0,0,0,0
0,0,0,0,0
0,0,0,0,0
0,0,0,0,0
0,0,0,0,0
0,0,0,0,0
0,0,0,0,0
10210,2905,2,0,196
0,0,0,0,0
0,0,0,0,0
0,0,0,0,0
0,0,0,0,0
54403,77106,70,4,5345
0,0,0,0,0
0,0,0,0,0
0,0,0,0,0
0,0,0,0,0
0,0,0,0,0
0,0,0,0,0
0,0,0,0,0
0,0,0,0,0
0,0,0,0,0
0,0,0,0,0
0,0,0,0,0
0,0,0,0,0
0,0,0,0,0
0,0,0,0,0
8009,2429,1,0,113
0,0,0,0,0
0,0,0,0,0
0,0,0,0,0
0,0,0,0,0
52192,77106,22,0,2073
0,0,0,0,0
0,0,0,0,0
0,0,0,0,0
0,0,0,0,0
0,0,0,0,0
0,0,0,0,0
0,0,0,0,0
0,0,0,0,0
0,0,0,0,0
0,0,0,0,0
0,0,0,0,0
0,0,0,0,0
0,0,0,0,0
0,0,0,0,0
9946,2839,1,0,190
0,0,0,0,0
0,0,0,0,0
0,0,0,0,0
0,0,0,0,0
52771,77106,12,1,1671
0,0,0,0,0
0,0,0,0,0
0,0,0,0,0
0,0,0,0,0
0,0,0,0,0
0,0,0,0,0
0,0,0,0,0
0,0,0,0,0
0,0,0,0,0
0,0,0,0,0
0,0,0,0,0
0,0,0,0,0
0,0,0,0,0
1785,410,0,0,51
6254,2019,1,0,92
0,0,0,0,0
0,0,0,0,0
0,0,0,0,0
0,0,0,0,0
51590,77106,2,0,422
0,0,0,0,0
0,0,0,0,0
0,0,0,0,0
0,0,0,0,0
0,0,0,0,0
0,0,0,0,0
0,0,0,0,0
0,0,0,0,0
0,0,0,0,0
0,0,0,0,0
0,0,0,0,0
0,0,0,0,0
0,0,0,0,0
10147,2839,1,0,336
0,0,0,0,0
0,0,0,0,0
0,0,0,0,0
0,0,0,0,0
0,0,0,0,0
52738,77106,7,1,1037
0,0,0,0,0
0,0,0,0,0
0,0,0,0,0
0,0,0,0,0
0,0,0,0,0
0,0,0,0,0
0,0,0,0,0
0,0,0,0,0
0,0,0,0,0
0,0,0,0,0
0,0,0,0,0
0,0,0,0,0
0,0,0,0,0
8371,2429,1,0,111
0,0,0,0,0
0,0,0,0,0
0,0,0,0,0
0,0,0,0,0
51138,77106,1,0,283
0,0,0,0,0
0,0,0,0,0
0,0,0,0,0
0,0,0,0,0
0,0,0,0,0
0,0,0,0,0
0,0,0,0,0
0,0,0,0,0
0,0,0,0,0
0,0,0,0,0
0,0,0,0,0
0,0,0,0,0
0,0,0,0,0
0,0,0,0,0
10153,2905,2,0,136
0,0,0,0,0
0,0,0,0,0
0,0,0,0,0
0,0,0,0,0
52128,77106,9,0,981
0,0,0,0,0
0,0,0,0,0
0,0,0,0,0
0,0,0,0,0
0,0,0,0,0
0,0,0,0,0
0,0,0,0,0
0,0,0,0,0
0,0,0,0,0
0,0,0,0,0
0,0,0,0,0
0,0,0,0,0
0,0,0,0,0
0,0,0,0,0
8677,2429,1,0,277
0,0,0,0,0
0,0,0,0,0
0,0,0,0,0
0,0,0,0,0
50898,77106,3,0,383
0,0,0,0,0
0,0,0,0,0
0,0,0,0,0
0,0,0,0,0
0,0,0,0,0
0,0,0,0,0
0,0,0,0,0
0,0,0,0,0
0,0,0,0,0
0,0,0,0,0
0,0,0,0,0
0,0,0,0,0
0,0,0,0,0
0,0,0,0,0
10270,2839,2,0,351
0,0,0,0,0
0,0,0,0,0
0,0,0,0,0
0,0,0,0,0
51990,77106,7,1,1087
0,0,0,0,0
0,0,0,0,0
0,0,0,0,0
0,0,0,0,0
0,0,0,0,0
0,0,0,0,0
0,0,0,0,0
0,0,0,0,0
0,0,0,0,0
0,0,0,0,0
0,0,0,0,0
0,0,0,0,0
0,0,0,0,0
0,0,0,0,0
9277,2429,1,0,329
0,0,0,0,0
0,0,0,0,0
0,0,0,0,0
0,0,0,0,0
51595,77106,3,0,474
0,0,0,0,0
0,0,0,0,0
0,0,0,0,0
0,0,0,0,0
0,0,0,0,0
0,0,0,0,0
0,0,0,0,0
0,0,0,0,0
0,0,0,0,0
0,0,0,0,0
0,0,0,0,0
0,0,0,0,0
0,0,0,0,0
0,0,0,0,0
10087,2839,1,0,211
0,0,0,0,0
0,0,0,0,0
0,0,0,0,0
0,0,0,0,0
55820,77106,64,4,6876
0,0,0,0,0
0,0,0,0,0
0,0,0,0,0
0,0,0,0,0
0,0,0,0,0
0,0,0,0,0
0,0,0,0,0
0,0,0,0,0
0,0,0,0,0
0,0,0,0,0
0,0,0,0,0
0,0,0,0,0
0,0,0,0,0
0,0,0,0,0
8543,2429,1,0,106
0,0,0,0,0
0,0,0,0,0
0,0,0,0,0
52492,77106,27,1,2125
0,0,0,0,0
0,0,0,0,0
0,0,0,0,0
0,0,0,0,0
0,0,0,0,0
0,0,0,0,0
0,0,0,0,0
0,0,0,0,0
0,0,0,0,0
0,0,0,0,0
0,0,0,0,0
0,0,0,0,0
0,0,0,0,0
0,0,0,0,0
0,0,0,0,0
10537,2905,2,0,187
0,0,0,0,0
0,0,0,0,0
0,0,0,0,0
56084,77106,61,3,5939
0,0,0,0,0
0,0,0,0,0
0,0,0,0,0
0,0,0,0,0
0,0,0,0,0
0,0,0,0,0
0,0,0,0,0
0,0,0,0,0
0,0,0,0,0
0,0,0,0,0
0,0,0,0,0
0,0,0,0,0
0,0,0,0,0
0,0,0,0,0
8364,2429,1,0,122
0,0,0,0,0
0,0,0,0,0
0,0,0,0,0
0,0,0,0,0
53195,77106,24,1,2662
0,0,0,0,0
0,0,0,0,0
0,0,0,0,0
0,0,0,0,0
0,0,0,0,0
0,0,0,0,0
0,0,0,0,0
0,0,0,0,0
0,0,0,0,0
0,0,0,0,0
0,0,0,0,0
0,0,0,0,0
0,0,0,0,0
0,0,0,0,0
9811,2839,1,0,361
0,0,0,0,0
0,0,0,0,0
0,0,0,0,0
0,0,0,0,0
55955,77106,62,4,5963
0,0,0,0,0
0,0,0,0,0
0,0,0,0,0
0,0,0,0,0
0,0,0,0,0
0,0,0,0,0
0,0,0,0,0
0,0,0,0,0
0,0,0,0,0
0,0,0,0,0
0,0,0,0,0
0,0,0,0,0
0,0,0,0,0
0,0,0,0,0
9264,2839,1,0,210
0,0,0,0,0
0,0,0,0,0
0,0,0,0,0
0,0,0,0,0
52713,77106,25,1,2015
0,0,0,0,0
0,0,0,0,0
0,0,0,0,0
0,0,0,0,0
0,0,0,0,0
0,0,0,0,0
0,0,0,0,0
0,0,0,0,0
0,0,0,0,0
0,0,0,0,0
0,0,0,0,0
0,0,0,0,0
0,0,0,0,0
0,0,0,0,0
8241,2429,1,0,161
0,0,0,0,0
0,0,0,0,0
0,0,0,0,0
55900,77106,60,4,5496
0,0,0,0,0
0,0,0,0,0
0,0,0,0,0
0,0,0,0,0
0,0,0,0,0
0,0,0,0,0
0,0,0,0,0
0,0,0,0,0
0,0,0,0,0
0,0,0,0,0
0,0,0,0,0
0,0,0,0,0
0,0,0,0,0
0,0,0,0,0
0,0,0,0,0
8911,2839,1,0,163
0,0,0,0,0
0,0,0,0,0
0,0,0,0,0
53183,77106,24,0,1848
0,0,0,0,0
0,0,0,0,0
0,0,0,0,0
0,0,0,0,0
0,0,0,0,0
0,0,0,0,0
0,0,0,0,0
0,0,0,0,0
0,0,0,0,0
0,0,0,0,0
0,0,0,0,0
0,0,0,0,0
0,0,0,0,0
0,0,0,0,0
0,0,0,0,0
8134,2495,2,0,183
0,0,0,0,0
0,0,0,0,0
0,0,0,0,0
58972,76791,70,3,5851
0,0,0,0,0
0,0,0,0,0
0,0,0,0,0
0,0,0,0,0
0,0,0,0,0
0,0,0,0,0
0,0,0,0,0
0,0,0,0,0
0,0,0,0,0
0,0,0,0,0
0,0,0,0,0
0,0,0,0,0
0,0,0,0,0
0,0,0,0,0
0,0,0,0,0
8862,2839,1,0,168
0,0,0,0,0
0,0,0,0,0
0,0,0,0,0
55755,76791,22,1,1995
0,0,0,0,0
0,0,0,0,0
0,0,0,0,0
0,0,0,0,0
0,0,0,0,0
0,0,0,0,0
0,0,0,0,0
0,0,0,0,0
0,0,0,0,0
0,0,0,0,0
0,0,0,0,0
0,0,0,0,0
0,0,0,0,0
0,0,0,0,0
0,0,0,0,0
8299,2429,1,0,167
0,0,0,0,0
0,0,0,0,0
0,0,0,0,0
56556,76791,65,3,6116
0,0,0,0,0
0,0,0,0,0
0,0,0,0,0
0,0,0,0,0
0,0,0,0,0
0,0,0,0,0
0,0,0,0,0
0,0,0,0,0
0,0,0,0,0
0,0,0,0,0
0,0,0,0,0
0,0,0,0,0
0,0,0,0,0
0,0,0,0,0
0,0,0,0,0
8980,2839,1,0,156
0,0,0,0,0
0,0,0,0,0
0,0,0,0,0
54641,76791,20,1,1760
0,0,0,0,0
0,0,0,0,0
0,0,0,0,0
0,0,0,0,0
0,0,0,0,0
0,0,0,0,0
0,0,0,0,0
0,0,0,0,0
0,0,0,0,0
0,0,0,0,0
0,0,0,0,0
0,0,0,0,0
0,0,0,0,0
0,0,0,0,0
0,0,0,0,0
7628,2429,1,0,141
0,0,0,0,0
0,0,0,0,0
56026,76791,64,3,6034
0,0,0,0,0
0,0,0,0,0
0,0,0,0,0
0,0,0,0,0
0,0,0,0,0
0,0,0,0,0
0,0,0,0,0
0,0,0,0,0
0,0,0,0,0
0,0,0,0,0
0,0,0,0,0
0,0,0,0,0
0,0,0,0,0
0,0,0,0,0
0,0,0,0,0
8787,2839,1,0,160
0,0,0,0,0
0,0,0,0,0
0,0,0,0,0
56403,76791,65,4,6025
0,0,0,0,0
0,0,0,0,0
0,0,0,0,0
0,0,0,0,0
0,0,0,0,0
0,0,0,0,0
0,0,0,0,0
0,0,0,0,0
0,0,0,0,0
0,0,0,0,0
0,0,0,0,0
0,0,0,0,0
0,0,0,0,0
0,0,0,0,0
0,0,0,0,0
14240,2495,18,2,2723
0,0,0,0,0
0,0,0,0,0
0,0,0,0,0
55740,76791,63,3,5583
0,0,0,0,0
0,0,0,0,0
0,0,0,0,0
0,0,0,0,0
0,0,0,0,0
0,0,0,0,0
0,0,0,0,0
0,0,0,0,0
0,0,0,0,0
0,0,0,0,0
0,0,0,0,0
0,0,0,0,0
0,0,0,0,0
0,0,0,0,0
0,0,0,0,0
15952,2839,27,4,4384
0,0,0,0,0
0,0,0,0,0
0,0,0,0,0
52675,76791,18,0,1822
0,0,0,0,0
0,0,0,0,0
0,0,0,0,0
0,0,0,0,0
0,0,0,0,0
0,0,0,0,0
0,0,0,0,0
0,0,0,0,0
0,0,0,0,0
0,0,0,0,0
0,0,0,0,0
0,0,0,0,0
0,0,0,0,0
0,0,0,0,0
0,0,0,0,0
6483,2429,2,0,453
0,0,0,0,0
0,0,0,0,0
0,0,0,0,0
55449,76791,62,4,5990
0,0,0,0,0
0,0,0,0,0
0,0,0,0,0
0,0,0,0,0
0,0,0,0,0
0,0,0,0,0
0,0,0,0,0
0,0,0,0,0
0,0,0,0,0
0,0,0,0,0
0,0,0,0,0
0,0,0,0,0
0,0,0,0,0
0,0,0,0,0
0,0,0,0,0
19027,2839,47,7,6356
0,0,0,0,0
0,0,0,0,0
52574,76791,24,0,1842
0,0,0,0,0
0,0,0,0,0
0,0,0,0,0
0,0,0,0,0
0,0,0,0,0
0,0,0,0,0
0,0,0,0,0
0,0,0,0,0
0,0,0,0,0
0,0,0,0,0
0,0,0,0,0
0,0,0,0,0
0,0,0,0,0
0,0,0,0,0
0,0,0,0,0
0,0,0,0,0
13845,2429,17,4,3053
0,0,0,0,0
0,0,0,0,0
55630,76791,67,3,5970
0,0,0,0,0
0,0,0,0,0
0,0,0,0,0
0,0,0,0,0
0,0,0,0,0
0,0,0,0,0
0,0,0,0,0
0,0,0,0,0
0,0,0,0,0
0,0,0,0,0
0,0,0,0,0
0,0,0,0,0
0,0,0,0,0
0,0,0,0,0
0,0,0,0,0
0,0,0,0,0
13248,2839,17,2,2797
0,0,0,0,0
0,0,0,0,0
52308,76791,24,0,1693
0,0,0,0,0
0,0,0,0,0
0,0,0,0,0
0,0,0,0,0
0,0,0,0,0
0,0,0,0,0
0,0,0,0,0
0,0,0,0,0
0,0,0,0,0
0,0,0,0,0
0,0,0,0,0
0,0,0,0,0
0,0,0,0,0
0,0,0,0,0
0,0,0,0,0
6867,886,12,1,1912
6672,1609,7,0,1144
0,0,0,0,0
0,0,0,0,0
55526,76791,62,3,6005
0,0,0,0,0
0,0,0,0,0
0,0,0,0,0
0,0,0,0,0
0,0,0,0,0
0,0,0,0,0
0,0,0,0,0
0,0,0,0,0
0,0,0,0,0
0,0,0,0,0
0,0,0,0,0
0,0,0,0,0
0,0,0,0,0
0,0,0,0,0
0,0,0,0,0
7582,2839,2,0,389
0,0,0,0,0
0,0,0,0,0
52175,76791,23,0,2050
0,0,0,0,0
0,0,0,0,0
0,0,0,0,0
0,0,0,0,0
0,0,0,0,0
0,0,0,0,0
0,0,0,0,0
0,0,0,0,0
0,0,0,0,0
0,0,0,0,0
0,0,0,0,0
0,0,0,0,0
0,0,0,0,0
0,0,0,0,0
0,0,0,0,0
0,0,0,0,0
15833,2429,37,6,5220
0,0,0,0,0
0,0,0,0,0
55286,76791,66,4,5908
0,0,0,0,0
0,0,0,0,0
0,0,0,0,0
0,0,0,0,0
0,0,0,0,0
0,0,0,0,0
0,0,0,0,0
0,0,0,0,0
0,0,0,0,0
0,0,0,0,0
0,0,0,0,0
0,0,0,0,0
0,0,0,0,0
0,0,0,0,0
0,0,0,0,0
0,0,0,0,0
13108,2839,17,2,2715
0,0,0,0,0
0,0,0,0,0
52310,76791,19,1,1774
0,0,0,0,0
0,0,0,0,0
0,0,0,0,0
0,0,0,0,0
0,0,0,0,0
0,0,0,0,0
0,0,0,0,0
0,0,0,0,0
0,0,0,0,0
0,0,0,0,0
0,0,0,0,0
0,0,0,0,0
0,0,0,0,0
0,0,0,0,0
0,0,0,0,0
0,0,0,0,0
11918,2429,17,1,2772
0,0,0,0,0
0,0,0,0,0
55441,76791,60,4,5945
0,0,0,0,0
0,0,0,0,0
0,0,0,0,0
0,0,0,0,0
0,0,0,0,0
0,0,0,0,0
0,0,0,0,0
0,0,0,0,0
0,0,0,0,0
0,0,0,0,0
0,0,0,0,0
0,0,0,0,0
0,0,0,0,0
0,0,0,0,0
0,0,0,0,0
0,0,0,0,0
15519,2839,27,4,4123
0,0,0,0,0
52767,76791,24,1,2032
0,0,0,0,0
0,0,0,0,0
0,0,0,0,0
0,0,0,0,0
0,0,0,0,0
0,0,0,0,0
0,0,0,0,0
0,0,0,0,0
0,0,0,0,0
0,0,0,0,0
0,0,0,0,0
0,0,0,0,0
0,0,0,0,0
0,0,0,0,0
0,0,0,0,0
0,0,0,0,0
7202,2495,3,0,382
0,0,0,0,0
0,0,0,0,0
55738,76791,60,4,6151
0,0,0,0,0
0,0,0,0,0
0,0,0,0,0
0,0,0,0,0
0,0,0,0,0
0,0,0,0,0
0,0,0,0,0
0,0,0,0,0
0,0,0,0,0
0,0,0,0,0
0,0,0,0,0
0,0,0,0,0
0,0,0,0,0
0,0,0,0,0
0,0,0,0,0
0,0,0,0,0
7522,2839,1,0,187
0,0,0,0,0
0,0,0,0,0
52437,76791,24,0,2051
0,0,0,0,0
0,0,0,0,0
0,0,0,0,0
0,0,0,0,0
0,0,0,0,0
0,0,0,0,0
0,0,0,0,0
0,0,0,0,0
0,0,0,0,0
0,0,0,0,0
0,0,0,0,0
0,0,0,0,0
0,0,0,0,0
0,0,0,0,0
0,0,0,0,0
0,0,0,0,0
6937,2429,1,0,499
0,0,0,0,0
0,0,0,0,0
55807,76791,63,4,5989
0,0,0,0,0
0,0,0,0,0
0,0,0,0,0
0,0,0,0,0
0,0,0,0,0
0,0,0,0,0
0,0,0,0,0
0,0,0,0,0
0,0,0,0,0
0,0,0,0,0
0,0,0,0,0
0,0,0,0,0
0,0,0,0,0
0,0,0,0,0
0,0,0,0,0
0,0,0,0,0
7317,2839,1,0,388
0,0,0,0,0
52061,76791,21,0,1718
0,0,0,0,0
0,0,0,0,0
0,0,0,0,0
0,0,0,0,0
0,0,0,0,0
0,0,0,0,0
0,0,0,0,0
0,0,0,0,0
0,0,0,0,0
0,0,0,0,0
0,0,0,0,0
0,0,0,0,0
0,0,0,0,0
0,0,0,0,0
0,0,0,0,0
0,0,0,0,0
0,0,0,0,0
6437,2429,1,0,315
0,0,0,0,0
55708,76791,60,4,5810
0,0,0,0,0
0,0,0,0,0
0,0,0,0,0
0,0,0,0,0
0,0,0,0,0
0,0,0,0,0
0,0,0,0,0
0,0,0,0,0
0,0,0,0,0
0,0,0,0,0
0,0,0,0,0
0,0,0,0,0
0,0,0,0,0
0,0,0,0,0
0,0,0,0,0
0,0,0,0,0
0,0,0,0,0
7271,2839,1,0,137
0,0,0,0,0
55787,76791,68,7,5691
0,0,0,0,0
0,0,0,0,0
0,0,0,0,0
0,0,0,0,0
0,0,0,0,0
0,0,0,0,0
0,0,0,0,0
0,0,0,0,0
0,0,0,0,0
0,0,0,0,0
0,0,0,0,0
0,0,0,0,0
0,0,0,0,0
0,0,0,0,0
0,0,0,0,0
0,0,0,0,0
7041,2495,2,0,468
0,0,0,0,0
0,0,0,0,0
55745,76791,62,4,6161
0,0,0,0,0
0,0,0,0,0
0,0,0,0,0
0,0,0,0,0
0,0,0,0,0
0,0,0,0,0
0,0,0,0,0
0,0,0,0,0
0,0,0,0,0
0,0,0,0,0
0,0,0,0,0
0,0,0,0,0
0,0,0,0,0
0,0,0,0,0
0,0,0,0,0
0,0,0,0,0
7025,2839,1,0,149
0,0,0,0,0
52684,76791,25,2,2229
0,0,0,0,0
0,0,0,0,0
0,0,0,0,0
0,0,0,0,0
0,0,0,0,0
0,0,0,0,0
0,0,0,0,0
0,0,0,0,0
0,0,0,0,0
0,0,0,0,0
0,0,0,0,0
0,0,0,0,0
0,0,0,0,0
0,0,0,0,0
0,0,0,0,0
0,0,0,0,0
0,0,0,0,0
6691,2429,1,0,233
0,0,0,0,0
55832,76791,65,4,6079
0,0,0,0,0
0,0,0,0,0
0,0,0,0,0
0,0,0,0,0
0,0,0,0,0
0,0,0,0,0
0,0,0,0,0
0,0,0,0,0
0,0,0,0,0
0,0,0,0,0
0,0,0,0,0
0,0,0,0,0
0,0,0,0,0
0,0,0,0,0
0,0,0,0,0
0,0,0,0,0
0,0,0,0,0
7469,2839,1,0,303
0,0,0,0,0
53268,76791,23,1,2277
0,0,0,0,0
0,0,0,0,0
0,0,0,0,0
0,0,0,0,0
0,0,0,0,0
0,0,0,0,0
0,0,0,0,0
0,0,0,0,0
0,0,0,0,0
0,0,0,0,0
0,0,0,0,0
0,0,0,0,0
0,0,0,0,0
0,0,0,0,0
0,0,0,0,0
0,0,0,0,0
0,0,0,0,0
7900,2839,1,0,346
0,0,0,0,0
58664,76792,65,12,6263
0,0,0,0,0
0,0,0,0,0
0,0,0,0,0
0,0,0,0,0
0,0,0,0,0
0,0,0,0,0
0,0,0,0,0
0,0,0,0,0
0,0,0,0,0
0,0,0,0,0
0,0,0,0,0
0,0,0,0,0
0,0,0,0,0
0,0,0,0,0
0,0,0,0,0
0,0,0,0,0
0,0,0,0,0
6363,2488,1,0,126
53730,76791,26,0,2518
0,0,0,0,0
0,0,0,0,0
0,0,0,0,0
0,0,0,0,0
0,0,0,0,0
0,0,0,0,0
0,0,0,0,0
0,0,0,0,0
0,0,0,0,0
0,0,0,0,0
0,0,0,0,0
0,0,0,0,0
0,0,0,0,0
0,0,0,0,0
0,0,0,0,0
0,0,0,0,0
0,0,0,0,0
7901,2839,1,0,436
0,0,0,0,0
58773,76791,70,4,5936
0,0,0,0,0
0,0,0,0,0
0,0,0,0,0
0,0,0,0,0
0,0,0,0,0
0,0,0,0,0
0,0,0,0,0
0,0,0,0,0
0,0,0,0,0
0,0,0,0,0
0,0,0,0,0
0,0,0,0,0
0,0,0,0,0
0,0,0,0,0
0,0,0,0,0
0,0,0,0,0
0,0,0,0,0
5966,2429,1,0,136
0,0,0,0,0
54467,76791,34,1,2694
0,0,0,0,0
0,0,0,0,0
0,0,0,0,0
0,0,0,0,0
0,0,0,0,0
0,0,0,0,0
0,0,0,0,0
0,0,0,0,0
0,0,0,0,0
0,0,0,0,0
0,0,0,0,0
0,0,0,0,0
0,0,0,0,0
0,0,0,0,0
0,0,0,0,0
0,0,0,0,0
0,0,0,0,0
6838,2839,2,0,284
0,0,0,0,0
56191,76791,63,4,5922
0,0,0,0,0
0,0,0,0,0
0,0,0,0,0
0,0,0,0,0
0,0,0,0,0
0,0,0,0,0
0,0,0,0,0
0,0,0,0,0
0,0,0,0,0
0,0,0,0,0
0,0,0,0,0
0,0,0,0,0
0,0,0,0,0
0,0,0,0,0
0,0,0,0,0
0,0,0,0,0
0,0,0,0,0
6165,2429,1,0,302
0,0,0,0,0
55362,76791,31,1,2369
0,0,0,0,0
0,0,0,0,0
0,0,0,0,0
0,0,0,0,0
0,0,0,0,0
0,0,0,0,0
0,0,0,0,0
0,0,0,0,0
0,0,0,0,0
0,0,0,0,0
0,0,0,0,0
0,0,0,0,0
0,0,0,0,0
0,0,0,0,0
0,0,0,0,0
0,0,0,0,0
0,0,0,0,0
7894,2839,2,0,441
55915,76791,65,3,6105
0,0,0,0,0
0,0,0,0,0
0,0,0,0,0
0,0,0,0,0
0,0,0,0,0
0,0,0,0,0
0,0,0,0,0
0,0,0,0,0
0,0,0,0,0
0,0,0,0,0
0,0,0,0,0
0,0,0,0,0
0,0,0,0,0
0,0,0,0,0
0,0,0,0,0
0,0,0,0,0
0,0,0,0,0
0,0,0,0,0
6645,2491,2,0,283
53083,76791,29,2,2666
0,0,0,0,0
0,0,0,0,0
0,0,0,0,0
0,0,0,0,0
0,0,0,0,0
0,0,0,0,0
0,0,0,0,0
0,0,0,0,0
0,0,0,0,0
0,0,0,0,0
0,0,0,0,0
0,0,0,0,0
0,0,0,0,0
0,0,0,0,0
0,0,0,0,0
0,0,0,0,0
0,0,0,0,0
6797,2839,2,0,349
0,0,0,0,0
199392,183216,90,48,12108
0,0,0,0,0
0,0,0,0,0
0,0,0,0,0
0,0,0,0,0
0,0,0,0,0
0,0,0,0,0
0,0,0,0,0
0,0,0,0,0
0,0,0,0,0
0,0,0,0,0
0,0,0,0,0
0,0,0,0,0
0,0,0,0,0
0,0,0,0,0
0,0,0,0,0
0,0,0,0,0
0,0,0,0,0
6432,2429,2,0,334
0,0,0,0,0
106466,241900,8,3,1111
0,0,0,0,0
0,0,0,0,0
0,0,0,0,0
0,0,0,0,0
0,0,0,0,0
0,0,0,0,0
0,0,0,0,0
0,0,0,0,0
0,0,0,0,0
0,0,0,0,0
0,0,0,0,0
0,0,0,0,0
0,0,0,0,0
0,0,0,0,0
0,0,0,0,0
0,0,0,0,0
0,0,0,0,0
8094,2839,2,0,587
55938,77106,65,3,5777
0,0,0,0,0
0,0,0,0,0
0,0,0,0,0
0,0,0,0,0
0,0,0,0,0
0,0,0,0,0
0,0,0,0,0
0,0,0,0,0
0,0,0,0,0
0,0,0,0,0
0,0,0,0,0
0,0,0,0,0
0,0,0,0,0
0,0,0,0,0
0,0,0,0,0
0,0,0,0,0
0,0,0,0,0
0,0,0,0,0
6709,2429,2,0,310
52712,77106,22,1,1815
0,0,0,0,0
0,0,0,0,0
0,0,0,0,0
0,0,0,0,0
0,0,0,0,0
0,0,0,0,0
0,0,0,0,0
0,0,0,0,0
0,0,0,0,0
0,0,0,0,0
0,0,0,0,0
0,0,0,0,0
0,0,0,0,0
0,0,0,0,0
0,0,0,0,0
0,0,0,0,0
0,0,0,0,0
0,0,0,0,0
7189,2839,2,0,435
57031,77106,64,9,6158
0,0,0,0,0
0,0,0,0,0
0,0,0,0,0
0,0,0,0,0
0,0,0,0,0
0,0,0,0,0
0,0,0,0,0
0,0,0,0,0
0,0,0,0,0
0,0,0,0,0
0,0,0,0,0
0,0,0,0,0
0,0,0,0,0
0,0,0,0,0
0,0,0,0,0
0,0,0,0,0
0,0,0,0,0
0,0,0,0,0
6820,2901,2,0,188
52686,77106,26,1,2163
0,0,0,0,0
0,0,0,0,0
0,0,0,0,0
0,0,0,0,0
0,0,0,0,0
0,0,0,0,0
0,0,0,0,0
0,0,0,0,0
0,0,0,0,0
0,0,0,0,0
0,0,0,0,0
0,0,0,0,0
0,0,0,0,0
0,0,0,0,0
0,0,0,0,0
0,0,0,0,0
0,0,0,0,0
6832,2429,2,0,518
55454,77106,61,4,5960
0,0,0,0,0
0,0,0,0,0
0,0,0,0,0
0,0,0,0,0
0,0,0,0,0
0,0,0,0,0
0,0,0,0,0
0,0,0,0,0
0,0,0,0,0
0,0,0,0,0
0,0,0,0,0
0,0,0,0,0
0,0,0,0,0
0,0,0,0,0
0,0,0,0,0
0,0,0,0,0
0,0,0,0,0
0,0,0,0,0
6863,2839,1,0,154
53330,77106,24,3,2537
0,0,0,0,0
0,0,0,0,0
0,0,0,0,0
0,0,0,0,0
0,0,0,0,0
0,0,0,0,0
0,0,0,0,0
0,0,0,0,0
0,0,0,0,0
0,0,0,0,0
0,0,0,0,0
0,0,0,0,0
0,0,0,0,0
0,0,0,0,0
0,0,0,0,0
0,0,0,0,0
0,0,0,0,0
0,0,0,0,0
5707,2429,2,0,208
55618,77106,62,4,6009
0,0,0,0,0
0,0,0,0,0
0,0,0,0,0
0,0,0,0,0
0,0,0,0,0
0,0,0,0,0
0,0,0,0,0
0,0,0,0,0
0,0,0,0,0
0,0,0,0,0
0,0,0,0,0
0,0,0,0,0
0,0,0,0,0
0,0,0,0,0
0,0,0,0,0
0,0,0,0,0
0,0,0,0,0
0,0,0,0,0
6407,2839,1,0,134
52907,77106,26,2,2467
0,0,0,0,0
0,0,0,0,0
0,0,0,0,0
0,0,0,0,0
0,0,0,0,0
0,0,0,0,0
0,0,0,0,0
0,0,0,0,0
0,0,0,0,0
0,0,0,0,0
0,0,0,0,0
0,0,0,0,0
0,0,0,0,0
0,0,0,0,0
0,0,0,0,0
0,0,0,0,0
0,0,0,0,0
0,0,0,0,0
62208,79535,64,3,6321
0,0,0,0,0
0,0,0,0,0
0,0,0,0,0
0,0,0,0,0
0,0,0,0,0
0,0,0,0,0
0,0,0,0,0
0,0,0,0,0
0,0,0,0,0
0,0,0,0,0
0,0,0,0,0
0,0,0,0,0
0,0,0,0,0
0,0,0,0,0
0,0,0,0,0
0,0,0,0,0
0,0,0,0,0
0,0,0,0,0
0,0,0,0,0
60161,80007,32,2,2675
0,0,0,0,0
0,0,0,0,0
0,0,0,0,0
0,0,0,0,0
0,0,0,0,0
0,0,0,0,0
0,0,0,0,0
0,0,0,0,0
0,0,0,0,0
0,0,0,0,0
0,0,0,0,0
0,0,0,0,0
0,0,0,0,0
0,0,0,0,0
0,0,0,0,0
0,0,0,0,0
0,0,0,0,0
0,0,0,0,0
0,0,0,0,0
61756,79535,65,3,6234
0,0,0,0,0
0,0,0,0,0
0,0,0,0,0
0,0,0,0,0
0,0,0,0,0
0,0,0,0,0
0,0,0,0,0
0,0,0,0,0
0,0,0,0,0
0,0,0,0,0
0,0,0,0,0
0,0,0,0,0
0,0,0,0,0
0,0,0,0,0
0,0,0,0,0
0,0,0,0,0
0,0,0,0,0
0,0,0,0,0
6416,2839,1,0,147
53259,77106,28,2,2446
0,0,0,0,0
0,0,0,0,0
0,0,0,0,0
0,0,0,0,0
0,0,0,0,0
0,0,0,0,0
0,0,0,0,0
0,0,0,0,0
0,0,0,0,0
0,0,0,0,0
0,0,0,0,0
0,0,0,0,0
0,0,0,0,0
0,0,0,0,0
0,0,0,0,0
0,0,0,0,0
0,0,0,0,0
0,0,0,0,0
8571,2839,2,0,730
53612,77106,14,1,1641
0,0,0,0,0
0,0,0,0,0
0,0,0,0,0
0,0,0,0,0
0,0,0,0,0
0,0,0,0,0
0,0,0,0,0
0,0,0,0,0
0,0,0,0,0
0,0,0,0,0
0,0,0,0,0
0,0,0,0,0
0,0,0,0,0
0,0,0,0,0
0,0,0,0,0
0,0,0,0,0
0,0,0,0,0
0,0,0,0,0
63225,79535,64,3,6685
0,0,0,0,0
0,0,0,0,0
0,0,0,0,0
0,0,0,0,0
0,0,0,0,0
0,0,0,0,0
0,0,0,0,0
0,0,0,0,0
0,0,0,0,0
0,0,0,0,0
0,0,0,0,0
0,0,0,0,0
0,0,0,0,0
0,0,0,0,0
0,0,0,0,0
0,0,0,0,0
0,0,0,0,0
0,0,0,0,0
0,0,0,0,0
59797,79945,25,0,2275
0,0,0,0,0
0,0,0,0,0
0,0,0,0,0
0,0,0,0,0
0,0,0,0,0
0,0,0,0,0
0,0,0,0,0
0,0,0,0,0
0,0,0,0,0
0,0,0,0,0
0,0,0,0,0
0,0,0,0,0
0,0,0,0,0
0,0,0,0,0
0,0,0,0,0
0,0,0,0,0
0,0,0,0,0
0,0,0,0,0
0,0,0,0,0
62153,79597,66,3,6236
0,0,0,0,0
0,0,0,0,0
0,0,0,0,0
0,0,0,0,0
0,0,0,0,0
0,0,0,0,0
0,0,0,0,0
0,0,0,0,0
0,0,0,0,0
0,0,0,0,0
0,0,0,0,0
0,0,0,0,0
0,0,0,0,0
0,0,0,0,0
0,0,0,0,0
0,0,0,0,0
0,0,0,0,0
0,0,0,0,0
0,0,0,0,0
61597,79945,28,0,2764
0,0,0,0,0
0,0,0,0,0
0,0,0,0,0
0,0,0,0,0
0,0,0,0,0
0,0,0,0,0
0,0,0,0,0
0,0,0,0,0
0,0,0,0,0
0,0,0,0,0
0,0,0,0,0
0,0,0,0,0
0,0,0,0,0
0,0,0,0,0
0,0,0,0,0
0,0,0,0,0
0,0,0,0,0
0,0,0,0,0
42071,46588,12,2,2137
0,0,0,0,0
0,0,0,0,0
0,0,0,0,0
0,0,0,0,0
0,0,0,0,0
0,0,0,0,0
0,0,0,0,0
0,0,0,0,0
0,0,0,0,0
0,0,0,0,0
0,0,0,0,0
0,0,0,0,0
0,0,0,0,0
0,0,0,0,0
0,0,0,0,0
0,0,0,0,0
0,0,0,0,0
0,0,0,0,0
0,0,0,0,0
60611,79945,57,3,5082
0,0,0,0,0
0,0,0,0,0
0,0,0,0,0
0,0,0,0,0
0,0,0,0,0
0,0,0,0,0
0,0,0,0,0
0,0,0,0,0
0,0,0,0,0
0,0,0,0,0
0,0,0,0,0
0,0,0,0,0
0,0,0,0,0
0,0,0,0,0
0,0,0,0,0
0,0,0,0,0
0,0,0,0,0
0,0,0,0,0
0,0,0,0,0
61597,79535,66,3,6144
0,0,0,0,0
0,0,0,0,0
0,0,0,0,0
0,0,0,0,0
0,0,0,0,0
0,0,0,0,0
0,0,0,0,0
0,0,0,0,0
0,0,0,0,0
0,0,0,0,0
0,0,0,0,0
0,0,0,0,0
0,0,0,0,0
0,0,0,0,0
0,0,0,0,0
0,0,0,0,0
0,0,0,0,0
0,0,0,0,0
0,0,0,0,0
62136,79945,34,0,2992
0,0,0,0,0
0,0,0,0,0
0,0,0,0,0
0,0,0,0,0
0,0,0,0,0
0,0,0,0,0
0,0,0,0,0
0,0,0,0,0
0,0,0,0,0
0,0,0,0,0
0,0,0,0,0
0,0,0,0,0
0,0,0,0,0
0,0,0,0,0
0,0,0,0,0
0,0,0,0,0
0,0,0,0,0
0,0,0,0,0
56242,77106,69,4,6208
6420,2491,2,0,264
0,0,0,0,0
0,0,0,0,0
0,0,0,0,0
0,0,0,0,0
0,0,0,0,0
0,0,0,0,0
0,0,0,0,0
0,0,0,0,0
0,0,0,0,0
0,0,0,0,0
0,0,0,0,0
0,0,0,0,0
0,0,0,0,0
0,0,0,0,0
0,0,0,0,0
0,0,0,0,0
0,0,0,0,0
0,0,0,0,0
60874,77926,43,4,5159
11604,2019,27,4,3879
0,0,0,0,0
0,0,0,0,0
0,0,0,0,0
0,0,0,0,0
0,0,0,0,0
0,0,0,0,0
0,0,0,0,0
0,0,0,0,0
0,0,0,0,0
0,0,0,0,0
0,0,0,0,0
0,0,0,0,0
0,0,0,0,0
0,0,0,0,0
0,0,0,0,0
0,0,0,0,0
0,0,0,0,0
0,0,0,0,0
72574,79535,101,10,10862
0,0,0,0,0
0,0,0,0,0
0,0,0,0,0
0,0,0,0,0
0,0,0,0,0
0,0,0,0,0
0,0,0,0,0
0,0,0,0,0
0,0,0,0,0
0,0,0,0,0
0,0,0,0,0
0,0,0,0,0
0,0,0,0,0
0,0,0,0,0
0,0,0,0,0
0,0,0,0,0
0,0,0,0,0
0,0,0,0,0
0,0,0,0,0
71600,79945,62,5,7494
0,0,0,0,0
0,0,0,0,0
0,0,0,0,0
0,0,0,0,0
0,0,0,0,0
0,0,0,0,0
0,0,0,0,0
0,0,0,0,0
0,0,0,0,0
0,0,0,0,0
0,0,0,0,0
0,0,0,0,0
0,0,0,0,0
0,0,0,0,0
0,0,0,0,0
0,0,0,0,0
0,0,0,0,0
0,0,0,0,0
56665,77106,67,3,5947
6680,2429,2,0,459
0,0,0,0,0
0,0,0,0,0
0,0,0,0,0
0,0,0,0,0
0,0,0,0,0
0,0,0,0,0
0,0,0,0,0
0,0,0,0,0
0,0,0,0,0
0,0,0,0,0
0,0,0,0,0
0,0,0,0,0
0,0,0,0,0
0,0,0,0,0
0,0,0,0,0
0,0,0,0,0
0,0,0,0,0
0,0,0,0,0
53931,77106,23,0,2186
7134,2839,2,0,349
0,0,0,0,0
0,0,0,0,0
0,0,0,0,0
0,0,0,0,0
0,0,0,0,0
0,0,0,0,0
0,0,0,0,0
0,0,0,0,0
0,0,0,0,0
0,0,0,0,0
0,0,0,0,0
0,0,0,0,0
0,0,0,0,0
0,0,0,0,0
0,0,0,0,0
0,0,0,0,0
0,0,0,0,0
0,0,0,0,0
55824,77106,60,3,5654
6187,2491,2,0,218
0,0,0,0,0
0,0,0,0,0
0,0,0,0,0
0,0,0,0,0
0,0,0,0,0
0,0,0,0,0
0,0,0,0,0
0,0,0,0,0
0,0,0,0,0
0,0,0,0,0
0,0,0,0,0
0,0,0,0,0
0,0,0,0,0
0,0,0,0,0
0,0,0,0,0
0,0,0,0,0
0,0,0,0,0
0,0,0,0,0
59584,78336,67,3,5973
3545,1609,1,0,67
0,0,0,0,0
0,0,0,0,0
0,0,0,0,0
0,0,0,0,0
0,0,0,0,0
0,0,0,0,0
0,0,0,0,0
0,0,0,0,0
0,0,0,0,0
0,0,0,0,0
0,0,0,0,0
0,0,0,0,0
0,0,0,0,0
0,0,0,0,0
0,0,0,0,0
0,0,0,0,0
0,0,0,0,0
54592,76791,25,0,2723
6166,2429,1,0,127
0,0,0,0,0
0,0,0,0,0
0,0,0,0,0
0,0,0,0,0
0,0,0,0,0
0,0,0,0,0
0,0,0,0,0
0,0,0,0,0
0,0,0,0,0
0,0,0,0,0
0,0,0,0,0
0,0,0,0,0
0,0,0,0,0
0,0,0,0,0
0,0,0,0,0
0,0,0,0,0
0,0,0,0,0
0,0,0,0,0
52713,76791,12,0,1489
6784,2839,2,0,203
0,0,0,0,0
0,0,0,0,0
0,0,0,0,0
0,0,0,0,0
0,0,0,0,0
0,0,0,0,0
0,0,0,0,0
0,0,0,0,0
0,0,0,0,0
0,0,0,0,0
0,0,0,0,0
0,0,0,0,0
0,0,0,0,0
0,0,0,0,0
0,0,0,0,0
0,0,0,0,0
0,0,0,0,0
0,0,0,0,0
53819,76791,5,0,1160
9176,2839,5,0,686
0,0,0,0,0
0,0,0,0,0
0,0,0,0,0
0,0,0,0,0
0,0,0,0,0
0,0,0,0,0
0,0,0,0,0
0,0,0,0,0
0,0,0,0,0
0,0,0,0,0
0,0,0,0,0
0,0,0,0,0
0,0,0,0,0
0,0,0,0,0
0,0,0,0,0
0,0,0,0,0
0,0,0,0,0
0,0,0,0,0
52737,76791,3,0,467
7165,2429,2,0,348
0,0,0,0,0
0,0,0,0,0
0,0,0,0,0
0,0,0,0,0
0,0,0,0,0
0,0,0,0,0
0,0,0,0,0
0,0,0,0,0
0,0,0,0,0
0,0,0,0,0
0,0,0,0,0
0,0,0,0,0
0,0,0,0,0
0,0,0,0,0
0,0,0,0,0
0,0,0,0,0
0,0,0,0,0
53058,76791,4,0,932
0,0,0,0,0
7665,2901,3,0,306
0,0,0,0,0
0,0,0,0,0
0,0,0,0,0
0,0,0,0,0
0,0,0,0,0
0,0,0,0,0
0,0,0,0,0
0,0,0,0,0
0,0,0,0,0
0,0,0,0,0
0,0,0,0,0
0,0,0,0,0
0,0,0,0,0
0,0,0,0,0
0,0,0,0,0
0,0,0,0,0
0,0,0,0,0
51131,76791,1,0,209
0,0,0,0,0
6061,2429,2,0,303
0,0,0,0,0
0,0,0,0,0
0,0,0,0,0
0,0,0,0,0
0,0,0,0,0
0,0,0,0,0
0,0,0,0,0
0,0,0,0,0
0,0,0,0,0
0,0,0,0,0
0,0,0,0,0
0,0,0,0,0
0,0,0,0,0
0,0,0,0,0
0,0,0,0,0
0,0,0,0,0
0,0,0,0,0
55175,76791,61,4,5813
7470,2839,1,0,303
0,0,0,0,0
0,0,0,0,0
0,0,0,0,0
0,0,0,0,0
0,0,0,0,0
0,0,0,0,0
0,0,0,0,0
0,0,0,0,0
0,0,0,0,0
0,0,0,0,0
0,0,0,0,0
0,0,0,0,0
0,0,0,0,0
0,0,0,0,0
0,0,0,0,0
0,0,0,0,0
0,0,0,0,0
0,0,0,0,0
53858,76791,26,0,2400
6238,2429,1,0,88
0,0,0,0,0
0,0,0,0,0
0,0,0,0,0
0,0,0,0,0
0,0,0,0,0
0,0,0,0,0
0,0,0,0,0
0,0,0,0,0
0,0,0,0,0
0,0,0,0,0
0,0,0,0,0
0,0,0,0,0
0,0,0,0,0
0,0,0,0,0
0,0,0,0,0
0,0,0,0,0
0,0,0,0,0
0,0,0,0,0
55578,76791,61,3,6011
6478,2839,1,0,134
0,0,0,0,0
0,0,0,0,0
0,0,0,0,0
0,0,0,0,0
0,0,0,0,0
0,0,0,0,0
0,0,0,0,0
0,0,0,0,0
0,0,0,0,0
0,0,0,0,0
0,0,0,0,0
0,0,0,0,0
0,0,0,0,0
0,0,0,0,0
0,0,0,0,0
0,0,0,0,0
0,0,0,0,0
52631,76791,27,1,2239
0,0,0,0,0
6017,2429,2,0,239
0,0,0,0,0
0,0,0,0,0
0,0,0,0,0
0,0,0,0,0
0,0,0,0,0
0,0,0,0,0
0,0,0,0,0
0,0,0,0,0
0,0,0,0,0
0,0,0,0,0
0,0,0,0,0
0,0,0,0,0
0,0,0,0,0
0,0,0,0,0
0,0,0,0,0
0,0,0,0,0
0,0,0,0,0
58093,76791,65,4,5586
0,0,0,0,0
7525,2901,2,0,314
0,0,0,0,0
0,0,0,0,0
0,0,0,0,0
0,0,0,0,0
0,0,0,0,0
0,0,0,0,0
0,0,0,0,0
0,0,0,0,0
0,0,0,0,0
0,0,0,0,0
0,0,0,0,0
0,0,0,0,0
0,0,0,0,0
0,0,0,0,0
0,0,0,0,0
0,0,0,0,0
0,0,0,0,0
52887,76791,21,0,1940
0,0,0,0,0
5776,2429,1,0,126
0,0,0,0,0
0,0,0,0,0
0,0,0,0,0
0,0,0,0,0
0,0,0,0,0
0,0,0,0,0
0,0,0,0,0
0,0,0,0,0
0,0,0,0,0
0,0,0,0,0
0,0,0,0,0
0,0,0,0,0
0,0,0,0,0
0,0,0,0,0
0,0,0,0,0
0,0,0,0,0
0,0,0,0,0
52210,76791,5,1,875
0,0,0,0,0
6263,2839,1,0,159
0,0,0,0,0
0,0,0,0,0
0,0,0,0,0
0,0,0,0,0
0,0,0,0,0
0,0,0,0,0
0,0,0,0,0
0,0,0,0,0
0,0,0,0,0
0,0,0,0,0
0,0,0,0,0
0,0,0,0,0
0,0,0,0,0
0,0,0,0,0
0,0,0,0,0
0,0,0,0,0
0,0,0,0,0
51628,76791,1,0,267
7052,2429,2,0,569
0,0,0,0,0
0,0,0,0,0
0,0,0,0,0
0,0,0,0,0
0,0,0,0,0
0,0,0,0,0
0,0,0,0,0
0,0,0,0,0
0,0,0,0,0
0,0,0,0,0
0,0,0,0,0
0,0,0,0,0
0,0,0,0,0
0,0,0,0,0
0,0,0,0,0
0,0,0,0,0
0,0,0,0,0
51894,76791,3,0,433
0,0,0,0,0
7809,2839,1,0,460
0,0,0,0,0
0,0,0,0,0
0,0,0,0,0
0,0,0,0,0
0,0,0,0,0
0,0,0,0,0
0,0,0,0,0
0,0,0,0,0
0,0,0,0,0
0,0,0,0,0
0,0,0,0,0
0,0,0,0,0
0,0,0,0,0
0,0,0,0,0
0,0,0,0,0
0,0,0,0,0
0,0,0,0,0
51622,76791,4,0,431
0,0,0,0,0
7273,2839,1,0,342
0,0,0,0,0
0,0,0,0,0
0,0,0,0,0
0,0,0,0,0
0,0,0,0,0
0,0,0,0,0
0,0,0,0,0
0,0,0,0,0
0,0,0,0,0
0,0,0,0,0
0,0,0,0,0
0,0,0,0,0
0,0,0,0,0
0,0,0,0,0
0,0,0,0,0
0,0,0,0,0
0,0,0,0,0
51343,76791,0,0,288
0,0,0,0,0
5972,2491,2,0,126
0,0,0,0,0
0,0,0,0,0
0,0,0,0,0
0,0,0,0,0
0,0,0,0,0
0,0,0,0,0
0,0,0,0,0
0,0,0,0,0
0,0,0,0,0
0,0,0,0,0
0,0,0,0,0
0,0,0,0,0
0,0,0,0,0
0,0,0,0,0
0,0,0,0,0
0,0,0,0,0
0,0,0,0,0
51420,76791,2,0,320
0,0,0,0,0
6702,2839,2,0,291
0,0,0,0,0
0,0,0,0,0
0,0,0,0,0
0,0,0,0,0
0,0,0,0,0
0,0,0,0,0
0,0,0,0,0
0,0,0,0,0
0,0,0,0,0
0,0,0,0,0
0,0,0,0,0
0,0,0,0,0
0,0,0,0,0
0,0,0,0,0
0,0,0,0,0
0,0,0,0,0
0,0,0,0,0
51361,76791,0,0,184
0,0,0,0,0
6068,2429,1,0,277
0,0,0,0,0
0,0,0,0,0
0,0,0,0,0
0,0,0,0,0
0,0,0,0,0
0,0,0,0,0
0,0,0,0,0
0,0,0,0,0
0,0,0,0,0
0,0,0,0,0
0,0,0,0,0
0,0,0,0,0
0,0,0,0,0
0,0,0,0,0
0,0,0,0,0
0,0,0,0,0
51760,76791,1,0,251
0,0,0,0,0
0,0,0,0,0
7441,2839,1,0,295
0,0,0,0,0
0,0,0,0,0
0,0,0,0,0
0,0,0,0,0
0,0,0,0,0
0,0,0,0,0
0,0,0,0,0
0,0,0,0,0
0,0,0,0,0
0,0,0,0,0
0,0,0,0,0
0,0,0,0,0
0,0,0,0,0
0,0,0,0,0
0,0,0,0,0
0,0,0,0,0
52341,76791,2,0,366
0,0,0,0,0
0,0,0,0,0
5290,2429,1,0,110
0,0,0,0,0
0,0,0,0,0
0,0,0,0,0
0,0,0,0,0
0,0,0,0,0
0,0,0,0,0
0,0,0,0,0
0,0,0,0,0
0,0,0,0,0
0,0,0,0,0
0,0,0,0,0
0,0,0,0,0
0,0,0,0,0
0,0,0,0,0
0,0,0,0,0
0,0,0,0,0
51788,76791,3,0,783
0,0,0,0,0
7018,2839,2,0,437
0,0,0,0,0
0,0,0,0,0
0,0,0,0,0
0,0,0,0,0
0,0,0,0,0
0,0,0,0,0
0,0,0,0,0
0,0,0,0,0
0,0,0,0,0
0,0,0,0,0
0,0,0,0,0
0,0,0,0,0
0,0,0,0,0
0,0,0,0,0
0,0,0,0,0
0,0,0,0,0
0,0,0,0,0
51255,76791,1,0,282
0,0,0,0,0
6239,2491,2,0,131
0,0,0,0,0
0,0,0,0,0
0,0,0,0,0
0,0,0,0,0
0,0,0,0,0
0,0,0,0,0
0,0,0,0,0
0,0,0,0,0
0,0,0,0,0
0,0,0,0,0
0,0,0,0,0
0,0,0,0,0
0,0,0,0,0
0,0,0,0,0
0,0,0,0,0
0,0,0,0,0
55322,76791,3,0,424
0,0,0,0,0
0,0,0,0,0
7028,2839,1,0,144
0,0,0,0,0
0,0,0,0,0
0,0,0,0,0
0,0,0,0,0
0,0,0,0,0
0,0,0,0,0
0,0,0,0,0
0,0,0,0,0
0,0,0,0,0
0,0,0,0,0
0,0,0,0,0
0,0,0,0,0
0,0,0,0,0
0,0,0,0,0
0,0,0,0,0
0,0,0,0,0
54240,76791,2,0,297
0,0,0,0,0
0,0,0,0,0
5187,2429,1,0,125
0,0,0,0,0
0,0,0,0,0
0,0,0,0,0
0,0,0,0,0
0,0,0,0,0
0,0,0,0,0
0,0,0,0,0
0,0,0,0,0
0,0,0,0,0
0,0,0,0,0
0,0,0,0,0
0,0,0,0,0
0,0,0,0,0
0,0,0,0,0
0,0,0,0,0
0,0,0,0,0
53553,76791,3,0,421
0,0,0,0,0
0,0,0,0,0
7065,2839,2,0,274
0,0,0,0,0
0,0,0,0,0
0,0,0,0,0
0,0,0,0,0
0,0,0,0,0
0,0,0,0,0
0,0,0,0,0
0,0,0,0,0
0,0,0,0,0
0,0,0,0,0
0,0,0,0,0
0,0,0,0,0
0,0,0,0,0
0,0,0,0,0
0,0,0,0,0
0,0,0,0,0
52072,76791,1,0,286
0,0,0,0,0
2506,820,0,0,72
5226,2019,1,0,206
0,0,0,0,0
0,0,0,0,0
0,0,0,0,0
0,0,0,0,0
0,0,0,0,0
0,0,0,0,0
0,0,0,0,0
0,0,0,0,0
0,0,0,0,0
0,0,0,0,0
0,0,0,0,0
0,0,0,0,0
0,0,0,0,0
0,0,0,0,0
0,0,0,0,0
54755,76791,6,0,918
0,0,0,0,0
0,0,0,0,0
6133,2429,2,0,282
0,0,0,0,0
0,0,0,0,0
0,0,0,0,0
0,0,0,0,0
0,0,0,0,0
0,0,0,0,0
0,0,0,0,0
0,0,0,0,0
0,0,0,0,0
0,0,0,0,0
0,0,0,0,0
0,0,0,0,0
0,0,0,0,0
0,0,0,0,0
0,0,0,0,0
0,0,0,0,0
51969,76791,1,0,312
0,0,0,0,0
0,0,0,0,0
6755,2901,3,0,310
0,0,0,0,0
0,0,0,0,0
0,0,0,0,0
0,0,0,0,0
0,0,0,0,0
0,0,0,0,0
0,0,0,0,0
0,0,0,0,0
0,0,0,0,0
0,0,0,0,0
0,0,0,0,0
0,0,0,0,0
0,0,0,0,0
0,0,0,0,0
0,0,0,0,0
0,0,0,0,0
51645,76791,2,0,378
0,0,0,0,0
0,0,0,0,0
6239,2429,4,0,622
0,0,0,0,0
0,0,0,0,0
0,0,0,0,0
0,0,0,0,0
0,0,0,0,0
0,0,0,0,0
0,0,0,0,0
0,0,0,0,0
0,0,0,0,0
0,0,0,0,0
0,0,0,0,0
0,0,0,0,0
0,0,0,0,0
0,0,0,0,0
0,0,0,0,0
0,0,0,0,0
51188,76791,1,0,229
0,0,0,0,0
0,0,0,0,0
7336,2839,2,0,308
0,0,0,0,0
0,0,0,0,0
0,0,0,0,0
0,0,0,0,0
0,0,0,0,0
0,0,0,0,0
0,0,0,0,0
0,0,0,0,0
0,0,0,0,0
0,0,0,0,0
0,0,0,0,0
0,0,0,0,0
0,0,0,0,0
0,0,0,0,0
0,0,0,0,0
52120,76791,3,0,556
0,0,0,0,0
0,0,0,0,0
0,0,0,0,0
5989,2429,1,0,121
0,0,0,0,0
0,0,0,0,0
0,0,0,0,0
0,0,0,0,0
0,0,0,0,0
0,0,0,0,0
0,0,0,0,0
0,0,0,0,0
0,0,0,0,0
0,0,0,0,0
0,0,0,0,0
0,0,0,0,0
0,0,0,0,0
0,0,0,0,0
0,0,0,0,0
51051,76791,0,0,87
0,0,0,0,0
0,0,0,0,0
6771,2839,1,0,184
0,0,0,0,0
0,0,0,0,0
0,0,0,0,0
0,0,0,0,0
0,0,0,0,0
0,0,0,0,0
0,0,0,0,0
0,0,0,0,0
0,0,0,0,0
0,0,0,0,0
0,0,0,0,0
0,0,0,0,0
0,0,0,0,0
0,0,0,0,0
0,0,0,0,0
0,0,0,0,0
51433,76791,2,0,440
0,0,0,0,0
0,0,0,0,0
5309,2429,1,0,134
0,0,0,0,0
0,0,0,0,0
0,0,0,0,0
0,0,0,0,0
0,0,0,0,0
0,0,0,0,0
0,0,0,0,0
0,0,0,0,0
0,0,0,0,0
0,0,0,0,0
0,0,0,0,0
0,0,0,0,0
0,0,0,0,0
0,0,0,0,0
0,0,0,0,0
0,0,0,0,0
50840,76791,0,0,75
0,0,0,0,0
0,0,0,0,0
7073,2901,2,0,181
0,0,0,0,0
0,0,0,0,0
0,0,0,0,0
0,0,0,0,0
0,0,0,0,0
0,0,0,0,0
0,0,0,0,0
0,0,0,0,0
0,0,0,0,0
0,0,0,0,0
0,0,0,0,0
0,0,0,0,0
0,0,0,0,0
0,0,0,0,0
0,0,0,0,0
52475,76791,6,0,1031
0,0,0,0,0
0,0,0,0,0
0,0,0,0,0
6726,2429,1,0,255
0,0,0,0,0
0,0,0,0,0
0,0,0,0,0
0,0,0,0,0
0,0,0,0,0
0,0,0,0,0
0,0,0,0,0
0,0,0,0,0
0,0,0,0,0
0,0,0,0,0
0,0,0,0,0
0,0,0,0,0
0,0,0,0,0
0,0,0,0,0
0,0,0,0,0
51344,76791,0,0,245
0,0,0,0,0
0,0,0,0,0
0,0,0,0,0
7504,2839,1,0,162
0,0,0,0,0
0,0,0,0,0
0,0,0,0,0
0,0,0,0,0
0,0,0,0,0
0,0,0,0,0
0,0,0,0,0
0,0,0,0,0
0,0,0,0,0
0,0,0,0,0
0,0,0,0,0
0,0,0,0,0
0,0,0,0,0
0,0,0,0,0
0,0,0,0,0
51520,76791,0,0,223
0,0,0,0,0
0,0,0,0,0
1176,820,0,0,82
5960,2019,1,0,90
0,0,0,0,0
0,0,0,0,0
0,0,0,0,0
0,0,0,0,0
0,0,0,0,0
0,0,0,0,0
0,0,0,0,0
0,0,0,0,0
0,0,0,0,0
0,0,0,0,0
0,0,0,0,0
0,0,0,0,0
0,0,0,0,0
0,0,0,0,0
0,0,0,0,0
51286,76791,0,0,218
0,0,0,0,0
0,0,0,0,0
6005,2429,1,0,133
0,0,0,0,0
0,0,0,0,0
0,0,0,0,0
0,0,0,0,0
0,0,0,0,0
0,0,0,0,0
0,0,0,0,0
0,0,0,0,0
0,0,0,0,0
0,0,0,0,0
0,0,0,0,0
0,0,0,0,0
0,0,0,0,0
0,0,0,0,0
0,0,0,0,0
52101,76791,4,0,782
0,0,0,0,0
0,0,0,0,0
0,0,0,0,0
9405,2839,4,0,807
0,0,0,0,0
0,0,0,0,0
0,0,0,0,0
0,0,0,0,0
0,0,0,0,0
0,0,0,0,0
0,0,0,0,0
0,0,0,0,0
0,0,0,0,0
0,0,0,0,0
0,0,0,0,0
0,0,0,0,0
0,0,0,0,0
0,0,0,0,0
0,0,0,0,0
51641,76791,5,0,685
0,0,0,0,0
0,0,0,0,0
0,0,0,0,0
6591,2491,4,0,248
0,0,0,0,0
0,0,0,0,0
0,0,0,0,0
0,0,0,0,0
0,0,0,0,0
0,0,0,0,0
0,0,0,0,0
0,0,0,0,0
0,0,0,0,0
0,0,0,0,0
0,0,0,0,0
0,0,0,0,0
0,0,0,0,0
0,0,0,0,0
0,0,0,0,0
50985,76791,0,0,90
0,0,0,0,0
0,0,0,0,0
0,0,0,0,0
6899,2839,2,0,208
0,0,0,0,0
0,0,0,0,0
0,0,0,0,0
0,0,0,0,0
0,0,0,0,0
0,0,0,0,0
0,0,0,0,0
0,0,0,0,0
0,0,0,0,0
0,0,0,0,0
0,0,0,0,0
0,0,0,0,0
0,0,0,0,0
0,0,0,0,0
0,0,0,0,0
52075,76791,4,0,1107
0,0,0,0,0
0,0,0,0,0
0,0,0,0,0
15655,2429,37,5,5032
0,0,0,0,0
0,0,0,0,0
0,0,0,0,0
0,0,0,0,0
0,0,0,0,0
0,0,0,0,0
0,0,0,0,0
0,0,0,0,0
0,0,0,0,0
0,0,0,0,0
0,0,0,0,0
0,0,0,0,0
0,0,0,0,0
0,0,0,0,0
52082,76791,5,0,676
0,0,0,0,0
0,0,0,0,0
0,0,0,0,0
7389,820,20,3,2981
11684,2019,27,4,3788
0,0,0,0,0
0,0,0,0,0
0,0,0,0,0
0,0,0,0,0
0,0,0,0,0
0,0,0,0,0
0,0,0,0,0
0,0,0,0,0
0,0,0,0,0
0,0,0,0,0
0,0,0,0,0
0,0,0,0,0
0,0,0,0,0
0,0,0,0,0
50664,76791,0,0,173
0,0,0,0,0
0,0,0,0,0
0,0,0,0,0
15929,2429,37,6,5372
0,0,0,0,0
0,0,0,0,0
0,0,0,0,0
0,0,0,0,0
0,0,0,0,0
0,0,0,0,0
0,0,0,0,0
0,0,0,0,0
0,0,0,0,0
0,0,0,0,0
0,0,0,0,0
0,0,0,0,0
0,0,0,0,0
0,0,0,0,0
0,0,0,0,0
51817,76791,2,1,743
0,0,0,0,0
0,0,0,0,0
0,0,0,0,0
8432,2839,2,0,887
0,0,0,0,0
0,0,0,0,0
0,0,0,0,0
0,0,0,0,0
0,0,0,0,0
0,0,0,0,0
0,0,0,0,0
0,0,0,0,0
0,0,0,0,0
0,0,0,0,0
0,0,0,0,0
0,0,0,0,0
0,0,0,0,0
0,0,0,0,0
0,0,0,0,0
51228,76791,1,0,458
0,0,0,0,0
0,0,0,0,0
0,0,0,0,0
12961,2495,19,1,2751
0,0,0,0,0
0,0,0,0,0
0,0,0,0,0
0,0,0,0,0
0,0,0,0,0
0,0,0,0,0
0,0,0,0,0
0,0,0,0,0
0,0,0,0,0
0,0,0,0,0
0,0,0,0,0
0,0,0,0,0
0,0,0,0,0
0,0,0,0,0
51122,76791,0,0,52
0,0,0,0,0
0,0,0,0,0
0,0,0,0,0
0,0,0,0,0
8625,2839,3,0,802
0,0,0,0,0
0,0,0,0,0
0,0,0,0,0
0,0,0,0,0
0,0,0,0,0
0,0,0,0,0
0,0,0,0,0
0,0,0,0,0
0,0,0,0,0
0,0,0,0,0
0,0,0,0,0
0,0,0,0,0
0,0,0,0,0
0,0,0,0,0
51005,76791,0,0,120
0,0,0,0,0
0,0,0,0,0
0,0,0,0,0
0,0,0,0,0
15844,2429,37,3,4949
0,0,0,0,0
0,0,0,0,0
0,0,0,0,0
0,0,0,0,0
0,0,0,0,0
0,0,0,0,0
0,0,0,0,0
0,0,0,0,0
0,0,0,0,0
0,0,0,0,0
0,0,0,0,0
0,0,0,0,0
0,0,0,0,0
0,0,0,0,0
52204,76791,2,0,883
0,0,0,0,0
0,0,0,0,0
0,0,0,0,0
0,0,0,0,0
15609,2429,38,5,5139
0,0,0,0,0
0,0,0,0,0
0,0,0,0,0
0,0,0,0,0
0,0,0,0,0
0,0,0,0,0
0,0,0,0,0
0,0,0,0,0
0,0,0,0,0
0,0,0,0,0
0,0,0,0,0
0,0,0,0,0
0,0,0,0,0
0,0,0,0,0
51367,76791,0,0,198
0,0,0,0,0
0,0,0,0,0
0,0,0,0,0
6628,410,10,2,1509
15001,2429,37,6,4939
0,0,0,0,0
0,0,0,0,0
0,0,0,0,0
0,0,0,0,0
0,0,0,0,0
0,0,0,0,0
0,0,0,0,0
0,0,0,0,0
0,0,0,0,0
0,0,0,0,0
0,0,0,0,0
0,0,0,0,0
0,0,0,0,0
0,0,0,0,0
51488,76791,0,0,170
0,0,0,0,0
0,0,0,0,0
0,0,0,0,0
15450,2429,37,6,5085
0,0,0,0,0
0,0,0,0,0
0,0,0,0,0
0,0,0,0,0
0,0,0,0,0
0,0,0,0,0
0,0,0,0,0
0,0,0,0,0
0,0,0,0,0
0,0,0,0,0
0,0,0,0,0
0,0,0,0,0
0,0,0,0,0
0,0,0,0,0
51581,76791,1,1,380
0,0,0,0,0
0,0,0,0,0
0,0,0,0,0
0,0,0,0,0
19711,2905,48,7,6510
0,0,0,0,0
0,0,0,0,0
0,0,0,0,0
0,0,0,0,0
0,0,0,0,0
0,0,0,0,0
0,0,0,0,0
0,0,0,0,0
0,0,0,0,0
0,0,0,0,0
0,0,0,0,0
0,0,0,0,0
0,0,0,0,0
0,0,0,0,0
54212,76791,2,0,415
0,0,0,0,0
0,0,0,0,0
0,0,0,0,0
0,0,0,0,0
6726,2429,2,0,691
0,0,0,0,0
0,0,0,0,0
0,0,0,0,0
0,0,0,0,0
0,0,0,0,0
0,0,0,0,0
0,0,0,0,0
0,0,0,0,0
0,0,0,0,0
0,0,0,0,0
0,0,0,0,0
0,0,0,0,0
0,0,0,0,0
0,0,0,0,0
53838,76791,1,0,198
0,0,0,0,0
0,0,0,0,0
0,0,0,0,0
0,0,0,0,0
8543,2839,2,0,673
0,0,0,0,0
0,0,0,0,0
0,0,0,0,0
0,0,0,0,0
0,0,0,0,0
0,0,0,0,0
0,0,0,0,0
0,0,0,0,0
0,0,0,0,0
0,0,0,0,0
0,0,0,0,0
0,0,0,0,0
0,0,0,0,0
0,0,0,0,0
55479,76791,4,0,1266
0,0,0,0,0
0,0,0,0,0
0,0,0,0,0
0,0,0,0,0
6594,2429,2,0,500
0,0,0,0,0
0,0,0,0,0
0,0,0,0,0
0,0,0,0,0
0,0,0,0,0
0,0,0,0,0
0,0,0,0,0
0,0,0,0,0
0,0,0,0,0
0,0,0,0,0
0,0,0,0,0
0,0,0,0,0
0,0,0,0,0
0,0,0,0,0
52088,76791,0,0,234
0,0,0,0,0
0,0,0,0,0
0,0,0,0,0
0,0,0,0,0
19301,2839,47,8,6634
0,0,0,0,0
0,0,0,0,0
0,0,0,0,0
0,0,0,0,0
0,0,0,0,0
0,0,0,0,0
0,0,0,0,0
0,0,0,0,0
0,0,0,0,0
0,0,0,0,0
0,0,0,0,0
0,0,0,0,0
0,0,0,0,0
53813,76791,2,0,636
0,0,0,0,0
0,0,0,0,0
0,0,0,0,0
0,0,0,0,0
0,114,15,2,1579
14204,2316,7,0,1226
0,0,0,0,0
0,0,0,0,0
0,0,0,0,0
0,0,0,0,0
0,0,0,0,0
0,0,0,0,0
0,0,0,0,0
0,0,0,0,0
0,0,0,0,0
0,0,0,0,0
0,0,0,0,0
0,0,0,0,0
0,0,0,0,0
52643,76791,3,0,612
0,0,0,0,0
0,0,0,0,0
0,0,0,0,0
0,0,0,0,0
13756,2905,19,2,2808
0,0,0,0,0
0,0,0,0,0
0,0,0,0,0
0,0,0,0,0
0,0,0,0,0
0,0,0,0,0
0,0,0,0,0
0,0,0,0,0
0,0,0,0,0
0,0,0,0,0
0,0,0,0,0
0,0,0,0,0
0,0,0,0,0
0,0,0,0,0
63392,76791,74,6,15172
0,0,0,0,0
0,0,0,0,0
0,0,0,0,0
0,0,0,0,0
6734,2429,2,0,469
0,0,0,0,0
0,0,0,0,0
0,0,0,0,0
0,0,0,0,0
0,0,0,0,0
0,0,0,0,0
0,0,0,0,0
0,0,0,0,0
0,0,0,0,0
0,0,0,0,0
0,0,0,0,0
0,0,0,0,0
0,0,0,0,0
0,0,0,0,0
53383,76791,33,1,3377
0,0,0,0,0
0,0,0,0,0
0,0,0,0,0
0,0,0,0,0
19029,2839,47,6,6553
0,0,0,0,0
0,0,0,0,0
0,0,0,0,0
0,0,0,0,0
0,0,0,0,0
0,0,0,0,0
0,0,0,0,0
0,0,0,0,0
0,0,0,0,0
0,0,0,0,0
0,0,0,0,0
0,0,0,0,0
0,0,0,0,0
52377,76791,14,0,1275
0,0,0,0,0
0,0,0,0,0
0,0,0,0,0
0,0,0,0,0
0,0,0,0,0
15357,2429,37,6,4939
0,0,0,0,0
0,0,0,0,0
0,0,0,0,0
0,0,0,0,0
0,0,0,0,0
0,0,0,0,0
0,0,0,0,0
0,0,0,0,0
0,0,0,0,0
0,0,0,0,0
0,0,0,0,0
0,0,0,0,0
0,0,0,0,0
52689,76791,4,1,1049
0,0,0,0,0
0,0,0,0,0
0,0,0,0,0
0,0,0,0,0
0,0,0,0,0
19113,2839,47,8,6284
0,0,0,0,0
0,0,0,0,0
0,0,0,0,0
0,0,0,0,0
0,0,0,0,0
0,0,0,0,0
0,0,0,0,0
0,0,0,0,0
0,0,0,0,0
0,0,0,0,0
0,0,0,0,0
0,0,0,0,0
0,0,0,0,0
52461,76791,9,0,1339
0,0,0,0,0
0,0,0,0,0
0,0,0,0,0
0,0,0,0,0
0,0,0,0,0
16092,2429,37,5,5191
0,0,0,0,0
0,0,0,0,0
0,0,0,0,0
0,0,0,0,0
0,0,0,0,0
0,0,0,0,0
0,0,0,0,0
0,0,0,0,0
0,0,0,0,0
0,0,0,0,0
0,0,0,0,0
0,0,0,0,0
0,0,0,0,0
51936,76791,2,0,462
0,0,0,0,0
0,0,0,0,0
0,0,0,0,0
0,0,0,0,0
0,0,0,0,0
19428,2905,48,8,6309
0,0,0,0,0
0,0,0,0,0
0,0,0,0,0
0,0,0,0,0
0,0,0,0,0
0,0,0,0,0
0,0,0,0,0
0,0,0,0,0
0,0,0,0,0
0,0,0,0,0
0,0,0,0,0
0,0,0,0,0
0,0,0,0,0
51254,76791,2,0,478
0,0,0,0,0
0,0,0,0,0
0,0,0,0,0
0,0,0,0,0
16053,2429,37,6,5103
0,0,0,0,0
0,0,0,0,0
0,0,0,0,0
0,0,0,0,0
0,0,0,0,0
0,0,0,0,0
0,0,0,0,0
0,0,0,0,0
0,0,0,0,0
0,0,0,0,0
0,0,0,0,0
0,0,0,0,0
0,0,0,0,0
51433,76791,1,1,418
0,0,0,0,0
0,0,0,0,0
0,0,0,0,0
0,0,0,0,0
0,0,0,0,0
12522,2429,19,2,2739
0,0,0,0,0
0,0,0,0,0
0,0,0,0,0
0,0,0,0,0
0,0,0,0,0
0,0,0,0,0
0,0,0,0,0
0,0,0,0,0
0,0,0,0,0
0,0,0,0,0
0,0,0,0,0
0,0,0,0,0
0,0,0,0,0
51563,76791,5,0,791
0,0,0,0,0
0,0,0,0,0
0,0,0,0,0
0,0,0,0,0
0,0,0,0,0
11538,2839,7,2,1746
0,0,0,0,0
0,0,0,0,0
0,0,0,0,0
0,0,0,0,0
0,0,0,0,0
0,0,0,0,0
0,0,0,0,0
0,0,0,0,0
0,0,0,0,0
0,0,0,0,0
0,0,0,0,0
0,0,0,0,0
0,0,0,0,0
64439,76791,68,4,12859
0,0,0,0,0
0,0,0,0,0
0,0,0,0,0
0,0,0,0,0
0,0,0,0,0
12326,2429,17,2,2757
0,0,0,0,0
0,0,0,0,0
0,0,0,0,0
0,0,0,0,0
0,0,0,0,0
0,0,0,0,0
0,0,0,0,0
0,0,0,0,0
0,0,0,0,0
0,0,0,0,0
0,0,0,0,0
0,0,0,0,0
0,0,0,0,0
52420,76791,22,0,1670
0,0,0,0,0
0,0,0,0,0
0,0,0,0,0
0,0,0,0,0
0,0,0,0,0
11654,2839,10,2,1979
0,0,0,0,0
0,0,0,0,0
0,0,0,0,0
0,0,0,0,0
0,0,0,0,0
0,0,0,0,0
0,0,0,0,0
0,0,0,0,0
0,0,0,0,0
0,0,0,0,0
0,0,0,0,0
0,0,0,0,0
0,0,0,0,0
51579,76791,8,0,726
0,0,0,0,0
0,0,0,0,0
0,0,0,0,0
0,0,0,0,0
0,0,0,0,0
12144,2495,14,1,2406
0,0,0,0,0
0,0,0,0,0
0,0,0,0,0
0,0,0,0,0
0,0,0,0,0
0,0,0,0,0
0,0,0,0,0
0,0,0,0,0
0,0,0,0,0
0,0,0,0,0
0,0,0,0,0
0,0,0,0,0
52384,76791,4,1,875
0,0,0,0,0
0,0,0,0,0
0,0,0,0,0
0,0,0,0,0
0,0,0,0,0
0,0,0,0,0
11858,2839,10,2,1884
0,0,0,0,0
0,0,0,0,0
0,0,0,0,0
0,0,0,0,0
0,0,0,0,0
0,0,0,0,0
0,0,0,0,0
0,0,0,0,0
0,0,0,0,0
0,0,0,0,0
0,0,0,0,0
0,0,0,0,0
50942,76791,1,0,263
0,0,0,0,0
0,0,0,0,0
0,0,0,0,0
0,0,0,0,0
0,0,0,0,0
0,0,0,0,0
12046,2429,15,2,2393
0,0,0,0,0
0,0,0,0,0
0,0,0,0,0
0,0,0,0,0
0,0,0,0,0
0,0,0,0,0
0,0,0,0,0
0,0,0,0,0
0,0,0,0,0
0,0,0,0,0
0,0,0,0,0
0,0,0,0,0
51300,76791,1,0,328
0,0,0,0,0
0,0,0,0,0
0,0,0,0,0
0,0,0,0,0
0,0,0,0,0
12862,2839,12,2,2120
0,0,0,0,0
0,0,0,0,0
0,0,0,0,0
0,0,0,0,0
0,0,0,0,0
0,0,0,0,0
0,0,0,0,0
0,0,0,0,0
0,0,0,0,0
0,0,0,0,0
0,0,0,0,0
0,0,0,0,0
0,0,0,0,0
51694,76791,3,1,934
0,0,0,0,0
0,0,0,0,0
0,0,0,0,0
0,0,0,0,0
0,0,0,0,0
18919,2429,8,2,1963
0,0,0,0,0
0,0,0,0,0
0,0,0,0,0
0,0,0,0,0
0,0,0,0,0
0,0,0,0,0
0,0,0,0,0
0,0,0,0,0
0,0,0,0,0
0,0,0,0,0
0,0,0,0,0
0,0,0,0,0
0,0,0,0,0
51293,76791,0,0,366
0,0,0,0,0
0,0,0,0,0
0,0,0,0,0
0,0,0,0,0
0,0,0,0,0
12453,2839,12,2,1990
0,0,0,0,0
0,0,0,0,0
0,0,0,0,0
0,0,0,0,0
0,0,0,0,0
0,0,0,0,0
0,0,0,0,0
0,0,0,0,0
0,0,0,0,0
0,0,0,0,0
0,0,0,0,0
0,0,0,0,0
55309,76791,28,2,4482
0,0,0,0,0
0,0,0,0,0
0,0,0,0,0
0,0,0,0,0
0,0,0,0,0
0,0,0,0,0
10898,2495,9,2,1514
0,0,0,0,0
0,0,0,0,0
0,0,0,0,0
0,0,0,0,0
0,0,0,0,0
0,0,0,0,0
0,0,0,0,0
0,0,0,0,0
0,0,0,0,0
0,0,0,0,0
0,0,0,0,0
0,0,0,0,0
52707,76791,7,0,1508
0,0,0,0,0
0,0,0,0,0
0,0,0,0,0
0,0,0,0,0
0,0,0,0,0
0,0,0,0,0
12439,2839,13,2,2092
0,0,0,0,0
0,0,0,0,0
0,0,0,0,0
0,0,0,0,0
0,0,0,0,0
0,0,0,0,0
0,0,0,0,0
0,0,0,0,0
0,0,0,0,0
0,0,0,0,0
0,0,0,0,0
0,0,0,0,0
51601,76791,2,0,494
0,0,0,0,0
0,0,0,0,0
0,0,0,0,0
0,0,0,0,0
0,0,0,0,0
0,0,0,0,0
11256,2429,9,2,1811
0,0,0,0,0
0,0,0,0,0
0,0,0,0,0
0,0,0,0,0
0,0,0,0,0
0,0,0,0,0
0,0,0,0,0
0,0,0,0,0
0,0,0,0,0
0,0,0,0,0
0,0,0,0,0
0,0,0,0,0
50854,76791,0,0,81
0,0,0,0,0
0,0,0,0,0
0,0,0,0,0
0,0,0,0,0
0,0,0,0,0
0,0,0,0,0
19040,2839,47,8,6584
0,0,0,0,0
0,0,0,0,0
0,0,0,0,0
0,0,0,0,0
0,0,0,0,0
0,0,0,0,0
0,0,0,0,0
0,0,0,0,0
0,0,0,0,0
0,0,0,0,0
0,0,0,0,0
0,0,0,0,0
51173,76791,0,0,211
0,0,0,0,0
0,0,0,0,0
0,0,0,0,0
0,0,0,0,0
0,0,0,0,0
0,0,0,0,0
15792,2429,37,6,5137
0,0,0,0,0
0,0,0,0,0
0,0,0,0,0
0,0,0,0,0
0,0,0,0,0
0,0,0,0,0
0,0,0,0,0
0,0,0,0,0
0,0,0,0,0
0,0,0,0,0
0,0,0,0,0
0,0,0,0,0
52060,76791,1,0,692
0,0,0,0,0
0,0,0,0,0
0,0,0,0,0
0,0,0,0,0
0,0,0,0,0
0,0,0,0,0
18937,2839,47,8,6370
0,0,0,0,0
0,0,0,0,0
0,0,0,0,0
0,0,0,0,0
0,0,0,0,0
0,0,0,0,0
0,0,0,0,0
0,0,0,0,0
0,0,0,0,0
0,0,0,0,0
0,0,0,0,0
51348,76791,0,0,215
0,0,0,0,0
0,0,0,0,0
0,0,0,0,0
0,0,0,0,0
0,0,0,0,0
0,0,0,0,0
12617,2495,18,2,2750
0,0,0,0,0
0,0,0,0,0
0,0,0,0,0
0,0,0,0,0
0,0,0,0,0
0,0,0,0,0
0,0,0,0,0
0,0,0,0,0
0,0,0,0,0
0,0,0,0,0
0,0,0,0,0
0,0,0,0,0
57760,76791,11,2,2524
0,0,0,0,0
0,0,0,0,0
0,0,0,0,0
0,0,0,0,0
0,0,0,0,0
0,0,0,0,0
8271,2839,2,0,502
0,0,0,0,0
0,0,0,0,0
0,0,0,0,0
0,0,0,0,0
0,0,0,0,0
0,0,0,0,0
0,0,0,0,0
0,0,0,0,0
0,0,0,0,0
0,0,0,0,0
0,0,0,0,0
0,0,0,0,0
54986,76791,4,2,856
0,0,0,0,0
0,0,0,0,0
0,0,0,0,0
0,0,0,0,0
0,0,0,0,0
0,0,0,0,0
15770,2429,37,6,5300
0,0,0,0,0
0,0,0,0,0
0,0,0,0,0
0,0,0,0,0
0,0,0,0,0
0,0,0,0,0
0,0,0,0,0
0,0,0,0,0
0,0,0,0,0
0,0,0,0,0
0,0,0,0,0
0,0,0,0,0
54973,76791,7,0,1259
0,0,0,0,0
0,0,0,0,0
0,0,0,0,0
0,0,0,0,0
0,0,0,0,0
0,0,0,0,0
13324,2839,17,1,2810
0,0,0,0,0
0,0,0,0,0
0,0,0,0,0
0,0,0,0,0
0,0,0,0,0
0,0,0,0,0
0,0,0,0,0
0,0,0,0,0
0,0,0,0,0
0,0,0,0,0
0,0,0,0,0
62758,76791,74,5,11795
0,0,0,0,0
0,0,0,0,0
0,0,0,0,0
0,0,0,0,0
0,0,0,0,0
0,0,0,0,0
0,0,0,0,0
7095,2429,2,0,397
0,0,0,0,0
0,0,0,0,0
0,0,0,0,0
0,0,0,0,0
0,0,0,0,0
0,0,0,0,0
0,0,0,0,0
0,0,0,0,0
0,0,0,0,0
0,0,0,0,0
0,0,0,0,0
55998,76791,28,0,2574
0,0,0,0,0
0,0,0,0,0
0,0,0,0,0
0,0,0,0,0
0,0,0,0,0
0,0,0,0,0
0,0,0,0,0
8385,2839,2,0,384
0,0,0,0,0
0,0,0,0,0
0,0,0,0,0
0,0,0,0,0
0,0,0,0,0
0,0,0,0,0
0,0,0,0,0
0,0,0,0,0
0,0,0,0,0
0,0,0,0,0
0,0,0,0,0
52607,76791,7,1,987
0,0,0,0,0
0,0,0,0,0
0,0,0,0,0
0,0,0,0,0
0,0,0,0,0
0,0,0,0,0
16003,2495,39,6,5313
0,0,0,0,0
0,0,0,0,0
0,0,0,0,0
0,0,0,0,0
0,0,0,0,0
0,0,0,0,0
0,0,0,0,0
0,0,0,0,0
0,0,0,0,0
0,0,0,0,0
0,0,0,0,0
0,0,0,0,0
51703,76791,1,0,417
0,0,0,0,0
0,0,0,0,0
0,0,0,0,0
0,0,0,0,0
0,0,0,0,0
0,0,0,0,0
19400,2839,47,8,6658
0,0,0,0,0
0,0,0,0,0
0,0,0,0,0
0,0,0,0,0
0,0,0,0,0
0,0,0,0,0
0,0,0,0,0
0,0,0,0,0
0,0,0,0,0
0,0,0,0,0
0,0,0,0,0
0,0,0,0,0
51759,76791,2,0,611
0,0,0,0,0
0,0,0,0,0
0,0,0,0,0
0,0,0,0,0
0,0,0,0,0
0,0,0,0,0
15294,2429,37,5,4929
0,0,0,0,0
0,0,0,0,0
0,0,0,0,0
0,0,0,0,0
0,0,0,0,0
0,0,0,0,0
0,0,0,0,0
0,0,0,0,0
0,0,0,0,0
0,0,0,0,0
0,0,0,0,0
52105,76791,5,0,1088
0,0,0,0,0
0,0,0,0,0
0,0,0,0,0
0,0,0,0,0
0,0,0,0,0
0,0,0,0,0
0,0,0,0,0
18845,2839,47,7,6525
0,0,0,0,0
0,0,0,0,0
0,0,0,0,0
0,0,0,0,0
0,0,0,0,0
0,0,0,0,0
0,0,0,0,0
0,0,0,0,0
0,0,0,0,0
0,0,0,0,0
0,0,0,0,0
51188,76791,0,0,270
0,0,0,0,0
0,0,0,0,0
0,0,0,0,0
0,0,0,0,0
0,0,0,0,0
0,0,0,0,0
0,0,0,0,0
15552,2429,37,6,4791
0,0,0,0,0
0,0,0,0,0
0,0,0,0,0
0,0,0,0,0
0,0,0,0,0
0,0,0,0,0
0,0,0,0,0
0,0,0,0,0
0,0,0,0,0
0,0,0,0,0
0,0,0,0,0
51230,76791,3,0,500
0,0,0,0,0
0,0,0,0,0
0,0,0,0,0
0,0,0,0,0
0,0,0,0,0
0,0,0,0,0
0,0,0,0,0
15890,2429,37,5,5026
0,0,0,0,0
0,0,0,0,0
0,0,0,0,0
0,0,0,0,0
0,0,0,0,0
0,0,0,0,0
0,0,0,0,0
0,0,0,0,0
0,0,0,0,0
0,0,0,0,0
0,0,0,0,0
50947,76791,0,0,97
0,0,0,0,0
0,0,0,0,0
0,0,0,0,0
0,0,0,0,0
0,0,0,0,0
0,0,0,0,0
0,0,0,0,0
19726,2905,48,7,6308
0,0,0,0,0
0,0,0,0,0
0,0,0,0,0
0,0,0,0,0
0,0,0,0,0
0,0,0,0,0
0,0,0,0,0
0,0,0,0,0
0,0,0,0,0
0,0,0,0,0
0,0,0,0,0
51038,76791,0,0,232
0,0,0,0,0
0,0,0,0,0
0,0,0,0,0
0,0,0,0,0
0,0,0,0,0
0,0,0,0,0
0,0,0,0,0
15865,2429,37,5,5211
0,0,0,0,0
0,0,0,0,0
0,0,0,0,0
0,0,0,0,0
0,0,0,0,0
0,0,0,0,0
0,0,0,0,0
0,0,0,0,0
0,0,0,0,0
0,0,0,0,0
50758,76791,0,0,100
0,0,0,0,0
0,0,0,0,0
0,0,0,0,0
0,0,0,0,0
0,0,0,0,0
0,0,0,0,0
0,0,0,0,0
7396,820,20,3,2834
11915,2019,27,2,3543
0,0,0,0,0
0,0,0,0,0
0,0,0,0,0
0,0,0,0,0
0,0,0,0,0
0,0,0,0,0
0,0,0,0,0
0,0,0,0,0
0,0,0,0,0
0,0,0,0,0
210335,183216,23,51,12301
0,0,0,0,0
0,0,0,0,0
0,0,0,0,0
0,0,0,0,0
0,0,0,0,0
0,0,0,0,0
0,0,0,0,0
15853,2429,37,4,4924
0,0,0,0,0
0,0,0,0,0
0,0,0,0,0
0,0,0,0,0
0,0,0,0,0
0,0,0,0,0
0,0,0,0,0
0,0,0,0,0
0,0,0,0,0
0,0,0,0,0
0,0,0,0,0
109702,241900,2,0,899
0,0,0,0,0
0,0,0,0,0
0,0,0,0,0
0,0,0,0,0
0,0,0,0,0
0,0,0,0,0
0,0,0,0,0
13655,2839,18,2,3170
0,0,0,0,0
0,0,0,0,0
0,0,0,0,0
0,0,0,0,0
0,0,0,0,0
0,0,0,0,0
0,0,0,0,0
0,0,0,0,0
0,0,0,0,0
0,0,0,0,0
0,0,0,0,0
58293,77106,62,4,8905
0,0,0,0,0
0,0,0,0,0
0,0,0,0,0
0,0,0,0,0
0,0,0,0,0
0,0,0,0,0
0,0,0,0,0
7392,2429,3,0,644
0,0,0,0,0
0,0,0,0,0
0,0,0,0,0
0,0,0,0,0
0,0,0,0,0
0,0,0,0,0
0,0,0,0,0
0,0,0,0,0
0,0,0,0,0
0,0,0,0,0
0,0,0,0,0
52804,77106,20,1,1944
0,0,0,0,0
0,0,0,0,0
0,0,0,0,0
0,0,0,0,0
0,0,0,0,0
0,0,0,0,0
0,0,0,0,0
8220,2905,3,0,569
0,0,0,0,0
0,0,0,0,0
0,0,0,0,0
0,0,0,0,0
0,0,0,0,0
0,0,0,0,0
0,0,0,0,0
0,0,0,0,0
0,0,0,0,0
0,0,0,0,0
51749,77106,4,0,666
0,0,0,0,0
0,0,0,0,0
0,0,0,0,0
0,0,0,0,0
0,0,0,0,0
0,0,0,0,0
0,0,0,0,0
0,0,0,0,0
7194,2429,2,0,515
0,0,0,0,0
0,0,0,0,0
0,0,0,0,0
0,0,0,0,0
0,0,0,0,0
0,0,0,0,0
0,0,0,0,0
0,0,0,0,0
0,0,0,0,0
0,0,0,0,0
51641,77106,2,0,442
0,0,0,0,0
0,0,0,0,0
0,0,0,0,0
0,0,0,0,0
0,0,0,0,0
0,0,0,0,0
0,0,0,0,0
0,0,0,0,0
13539,2839,17,2,2760
0,0,0,0,0
0,0,0,0,0
0,0,0,0,0
0,0,0,0,0
0,0,0,0,0
0,0,0,0,0
0,0,0,0,0
0,0,0,0,0
0,0,0,0,0
0,0,0,0,0
51890,77106,1,0,403
0,0,0,0,0
0,0,0,0,0
0,0,0,0,0
0,0,0,0,0
0,0,0,0,0
0,0,0,0,0
0,0,0,0,0
0,0,0,0,0
7870,2429,2,0,785
0,0,0,0,0
0,0,0,0,0
0,0,0,0,0
0,0,0,0,0
0,0,0,0,0
0,0,0,0,0
0,0,0,0,0
0,0,0,0,0
0,0,0,0,0
0,0,0,0,0
51454,77106,1,0,462
0,0,0,0,0
0,0,0,0,0
0,0,0,0,0
0,0,0,0,0
0,0,0,0,0
0,0,0,0,0
0,0,0,0,0
1441,410,0,0,136
6532,2429,2,0,503
0,0,0,0,0
0,0,0,0,0
0,0,0,0,0
0,0,0,0,0
0,0,0,0,0
0,0,0,0,0
0,0,0,0,0
0,0,0,0,0
0,0,0,0,0
0,0,0,0,0
51387,77106,1,0,408
0,0,0,0,0
0,0,0,0,0
0,0,0,0,0
0,0,0,0,0
0,0,0,0,0
0,0,0,0,0
0,0,0,0,0
6884,2429,2,0,533
0,0,0,0,0
0,0,0,0,0
0,0,0,0,0
0,0,0,0,0
0,0,0,0,0
0,0,0,0,0
0,0,0,0,0
0,0,0,0,0
0,0,0,0,0
0,0,0,0,0
51676,77106,0,0,413
0,0,0,0,0
0,0,0,0,0
0,0,0,0,0
0,0,0,0,0
0,0,0,0,0
0,0,0,0,0
0,0,0,0,0
0,0,0,0,0
8771,2905,3,0,379
0,0,0,0,0
0,0,0,0,0
0,0,0,0,0
0,0,0,0,0
0,0,0,0,0
0,0,0,0,0
0,0,0,0,0
0,0,0,0,0
0,0,0,0,0
0,0,0,0,0
51427,77106,0,0,346
0,0,0,0,0
0,0,0,0,0
0,0,0,0,0
0,0,0,0,0
0,0,0,0,0
0,0,0,0,0
0,0,0,0,0
0,0,0,0,0
7655,2429,2,0,587
0,0,0,0,0
0,0,0,0,0
0,0,0,0,0
0,0,0,0,0
0,0,0,0,0
0,0,0,0,0
0,0,0,0,0
0,0,0,0,0
0,0,0,0,0
0,0,0,0,0
50638,77106,0,0,36
0,0,0,0,0
0,0,0,0,0
0,0,0,0,0
0,0,0,0,0
0,0,0,0,0
0,0,0,0,0
0,0,0,0,0
0,0,0,0,0
7694,2839,2,0,360
0,0,0,0,0
0,0,0,0,0
0,0,0,0,0
0,0,0,0,0
0,0,0,0,0
0,0,0,0,0
0,0,0,0,0
0,0,0,0,0
0,0,0,0,0
0,0,0,0,0
51934,77106,1,0,458
0,0,0,0,0
0,0,0,0,0
0,0,0,0,0
0,0,0,0,0
0,0,0,0,0
0,0,0,0,0
0,0,0,0,0
0,0,0,0,0
7142,2839,1,0,171
0,0,0,0,0
0,0,0,0,0
0,0,0,0,0
0,0,0,0,0
0,0,0,0,0
0,0,0,0,0
0,0,0,0,0
0,0,0,0,0
0,0,0,0,0
0,0,0,0,0
54172,77106,6,1,1064
0,0,0,0,0
0,0,0,0,0
0,0,0,0,0
0,0,0,0,0
0,0,0,0,0
0,0,0,0,0
0,0,0,0,0
0,0,0,0,0
6590,2429,2,0,162
0,0,0,0,0
0,0,0,0,0
0,0,0,0,0
0,0,0,0,0
0,0,0,0,0
0,0,0,0,0
0,0,0,0,0
0,0,0,0,0
0,0,0,0,0
52633,77106,0,1,264
0,0,0,0,0
0,0,0,0,0
0,0,0,0,0
0,0,0,0,0
0,0,0,0,0
0,0,0,0,0
0,0,0,0,0
0,0,0,0,0
0,0,0,0,0
7430,2839,1,0,170
0,0,0,0,0
0,0,0,0,0
0,0,0,0,0
0,0,0,0,0
0,0,0,0,0
0,0,0,0,0
0,0,0,0,0
0,0,0,0,0
0,0,0,0,0
52753,77106,0,1,195
0,0,0,0,0
0,0,0,0,0
0,0,0,0,0
0,0,0,0,0
0,0,0,0,0
0,0,0,0,0
0,0,0,0,0
0,0,0,0,0
0,0,0,0,0
6633,2495,2,0,266
0,0,0,0,0
0,0,0,0,0
0,0,0,0,0
0,0,0,0,0
0,0,0,0,0
0,0,0,0,0
0,0,0,0,0
0,0,0,0,0
0,0,0,0,0
54300,77106,2,0,245
0,0,0,0,0
0,0,0,0,0
0,0,0,0,0
0,0,0,0,0
0,0,0,0,0
0,0,0,0,0
0,0,0,0,0
0,0,0,0,0
7694,2839,3,0,504
0,0,0,0,0
0,0,0,0,0
0,0,0,0,0
0,0,0,0,0
0,0,0,0,0
0,0,0,0,0
0,0,0,0,0
0,0,0,0,0
0,0,0,0,0
0,0,0,0,0
54021,77106,0,0,51
0,0,0,0,0
0,0,0,0,0
0,0,0,0,0
0,0,0,0,0
0,0,0,0,0
0,0,0,0,0
0,0,0,0,0
0,0,0,0,0
16023,2429,37,6,5432
0,0,0,0,0
0,0,0,0,0
0,0,0,0,0
0,0,0,0,0
0,0,0,0,0
0,0,0,0,0
0,0,0,0,0
0,0,0,0,0
0,0,0,0,0
0,0,0,0,0
54408,77106,1,0,377
0,0,0,0,0
0,0,0,0,0
0,0,0,0,0
0,0,0,0,0
0,0,0,0,0
0,0,0,0,0
0,0,0,0,0
0,0,0,0,0
19324,2839,47,8,6328
0,0,0,0,0
0,0,0,0,0
0,0,0,0,0
0,0,0,0,0
0,0,0,0,0
0,0,0,0,0
0,0,0,0,0
0,0,0,0,0
0,0,0,0,0
51428,77106,0,0,53
0,0,0,0,0
0,0,0,0,0
0,0,0,0,0
0,0,0,0,0
0,0,0,0,0
0,0,0,0,0
0,0,0,0,0
0,0,0,0,0
0,0,0,0,0
12092,2429,17,2,3075
0,0,0,0,0
0,0,0,0,0
0,0,0,0,0
0,0,0,0,0
0,0,0,0,0
0,0,0,0,0
0,0,0,0,0
0,0,0,0,0
0,0,0,0,0
52570,77106,1,0,412
0,0,0,0,0
0,0,0,0,0
0,0,0,0,0
0,0,0,0,0
0,0,0,0,0
0,0,0,0,0
0,0,0,0,0
0,0,0,0,0
0,0,0,0,0
9015,2839,4,0,797
0,0,0,0,0
0,0,0,0,0
0,0,0,0,0
0,0,0,0,0
0,0,0,0,0
0,0,0,0,0
0,0,0,0,0
0,0,0,0,0
0,0,0,0,0
50910,77106,0,0,54
0,0,0,0,0
0,0,0,0,0
0,0,0,0,0
0,0,0,0,0
0,0,0,0,0
0,0,0,0,0
0,0,0,0,0
0,0,0,0,0
0,0,0,0,0
15987,2495,38,6,4817
0,0,0,0,0
0,0,0,0,0
0,0,0,0,0
0,0,0,0,0
0,0,0,0,0
0,0,0,0,0
0,0,0,0,0
0,0,0,0,0
0,0,0,0,0
56881,77106,75,4,8007
0,0,0,0,0
0,0,0,0,0
0,0,0,0,0
0,0,0,0,0
0,0,0,0,0
0,0,0,0,0
0,0,0,0,0
0,0,0,0,0
0,0,0,0,0
17758,2839,37,5,5663
0,0,0,0,0
0,0,0,0,0
0,0,0,0,0
0,0,0,0,0
0,0,0,0,0
0,0,0,0,0
0,0,0,0,0
0,0,0,0,0
0,0,0,0,0
52759,77106,24,0,2065
0,0,0,0,0
0,0,0,0,0
0,0,0,0,0
0,0,0,0,0
0,0,0,0,0
0,0,0,0,0
0,0,0,0,0
0,0,0,0,0
0,0,0,0,0
6482,2429,2,0,500
0,0,0,0,0
0,0,0,0,0
0,0,0,0,0
0,0,0,0,0
0,0,0,0,0
0,0,0,0,0
0,0,0,0,0
0,0,0,0,0
0,0,0,0,0
52209,77106,7,0,1046
0,0,0,0,0
0,0,0,0,0
0,0,0,0,0
0,0,0,0,0
0,0,0,0,0
0,0,0,0,0
0,0,0,0,0
0,0,0,0,0
1497,820,1,0,313
6388,2019,1,0,268
0,0,0,0,0
0,0,0,0,0
0,0,0,0,0
0,0,0,0,0
0,0,0,0,0
0,0,0,0,0
0,0,0,0,0
0,0,0,0,0
51900,77106,2,1,670
0,0,0,0,0
0,0,0,0,0
0,0,0,0,0
0,0,0,0,0
0,0,0,0,0
0,0,0,0,0
0,0,0,0,0
0,0,0,0,0
0,0,0,0,0
6952,2429,2,0,471
0,0,0,0,0
0,0,0,0,0
0,0,0,0,0
0,0,0,0,0
0,0,0,0,0
0,0,0,0,0
0,0,0,0,0
0,0,0,0,0
0,0,0,0,0
52141,77106,3,1,628
0,0,0,0,0
0,0,0,0,0
0,0,0,0,0
0,0,0,0,0
0,0,0,0,0
0,0,0,0,0
0,0,0,0,0
0,0,0,0,0
0,0,0,0,0
8343,2839,2,2,735
0,0,0,0,0
0,0,0,0,0
0,0,0,0,0
0,0,0,0,0
0,0,0,0,0
0,0,0,0,0
0,0,0,0,0
0,0,0,0,0
0,0,0,0,0
50999,77106,0,0,44
0,0,0,0,0
0,0,0,0,0
0,0,0,0,0
0,0,0,0,0
0,0,0,0,0
0,0,0,0,0
0,0,0,0,0
0,0,0,0,0
0,0,0,0,0
6982,2495,2,0,467
0,0,0,0,0
0,0,0,0,0
0,0,0,0,0
0,0,0,0,0
0,0,0,0,0
0,0,0,0,0
0,0,0,0,0
0,0,0,0,0
0,0,0,0,0
51228,77106,1,0,270
0,0,0,0,0
0,0,0,0,0
0,0,0,0,0
0,0,0,0,0
0,0,0,0,0
0,0,0,0,0
0,0,0,0,0
0,0,0,0,0
0,0,0,0,0
15716,2839,17,2,2747
0,0,0,0,0
0,0,0,0,0
0,0,0,0,0
0,0,0,0,0
0,0,0,0,0
0,0,0,0,0
0,0,0,0,0
0,0,0,0,0
0,0,0,0,0
50536,77106,0,0,185
0,0,0,0,0
0,0,0,0,0
0,0,0,0,0
0,0,0,0,0
0,0,0,0,0
0,0,0,0,0
0,0,0,0,0
0,0,0,0,0
0,0,0,0,0
12385,2429,5,0,1514
0,0,0,0,0
0,0,0,0,0
0,0,0,0,0
0,0,0,0,0
0,0,0,0,0
0,0,0,0,0
0,0,0,0,0
0,0,0,0,0
51221,76791,0,0,187
0,0,0,0,0
0,0,0,0,0
0,0,0,0,0
0,0,0,0,0
0,0,0,0,0
0,0,0,0,0
0,0,0,0,0
0,0,0,0,0
0,0,0,0,0
0,0,0,0,0
10183,2839,2,0,357
0,0,0,0,0
0,0,0,0,0
0,0,0,0,0
0,0,0,0,0
0,0,0,0,0
0,0,0,0,0
0,0,0,0,0
0,0,0,0,0
51109,76791,0,0,190
0,0,0,0,0
0,0,0,0,0
0,0,0,0,0
0,0,0,0,0
0,0,0,0,0
0,0,0,0,0
0,0,0,0,0
0,0,0,0,0
0,0,0,0,0
0,0,0,0,0
10571,2429,4,0,957
0,0,0,0,0
0,0,0,0,0
0,0,0,0,0
0,0,0,0,0
0,0,0,0,0
0,0,0,0,0
0,0,0,0,0
0,0,0,0,0
50771,76791,0,0,200
0,0,0,0,0
0,0,0,0,0
0,0,0,0,0
0,0,0,0,0
0,0,0,0,0
0,0,0,0,0
0,0,0,0,0
0,0,0,0,0
0,0,0,0,0
1610,410,0,0,33
7596,2429,1,0,137
0,0,0,0,0
0,0,0,0,0
0,0,0,0,0
0,0,0,0,0
0,0,0,0,0
0,0,0,0,0
0,0,0,0,0
0,0,0,0,0
51872,76791,1,0,420
0,0,0,0,0
0,0,0,0,0
0,0,0,0,0
0,0,0,0,0
0,0,0,0,0
0,0,0,0,0
0,0,0,0,0
0,0,0,0,0
0,0,0,0,0
11440,2495,3,0,825
0,0,0,0,0
0,0,0,0,0
0,0,0,0,0
0,0,0,0,0
0,0,0,0,0
0,0,0,0,0
0,0,0,0,0
0,0,0,0,0
0,0,0,0,0
51390,76791,1,0,322
0,0,0,0,0
0,0,0,0,0
0,0,0,0,0
0,0,0,0,0
0,0,0,0,0
0,0,0,0,0
0,0,0,0,0
0,0,0,0,0
0,0,0,0,0
9807,2839,2,0,470
0,0,0,0,0
0,0,0,0,0
0,0,0,0,0
0,0,0,0,0
0,0,0,0,0
0,0,0,0,0
0,0,0,0,0
0,0,0,0,0
50700,76791,0,0,188
0,0,0,0,0
0,0,0,0,0
0,0,0,0,0
0,0,0,0,0
0,0,0,0,0
0,0,0,0,0
0,0,0,0,0
0,0,0,0,0
0,0,0,0,0
0,0,0,0,0
9752,2429,2,0,580
0,0,0,0,0
0,0,0,0,0
0,0,0,0,0
0,0,0,0,0
0,0,0,0,0
0,0,0,0,0
0,0,0,0,0
0,0,0,0,0
51006,76791,1,0,211
0,0,0,0,0
0,0,0,0,0
0,0,0,0,0
0,0,0,0,0
0,0,0,0,0
0,0,0,0,0
0,0,0,0,0
0,0,0,0,0
0,0,0,0,0
0,0,0,0,0
8954,2839,1,0,151
0,0,0,0,0
0,0,0,0,0
0,0,0,0,0
0,0,0,0,0
0,0,0,0,0
0,0,0,0,0
0,0,0,0,0
0,0,0,0,0
50389,76791,0,0,209
0,0,0,0,0
0,0,0,0,0
0,0,0,0,0
0,0,0,0,0
0,0,0,0,0
0,0,0,0,0
0,0,0,0,0
0,0,0,0,0
0,0,0,0,0
0,0,0,0,0
10659,2429,4,0,879
0,0,0,0,0
0,0,0,0,0
0,0,0,0,0
0,0,0,0,0
0,0,0,0,0
0,0,0,0,0
0,0,0,0,0
0,0,0,0,0
51441,76791,2,0,508
0,0,0,0,0
0,0,0,0,0
0,0,0,0,0
0,0,0,0,0
0,0,0,0,0
0,0,0,0,0
0,0,0,0,0
0,0,0,0,0
0,0,0,0,0
0,0,0,0,0
9328,2839,1,0,174
0,0,0,0,0
0,0,0,0,0
0,0,0,0,0
0,0,0,0,0
0,0,0,0,0
0,0,0,0,0
0,0,0,0,0
0,0,0,0,0
51307,76791,0,0,208
0,0,0,0,0
0,0,0,0,0
0,0,0,0,0
0,0,0,0,0
0,0,0,0,0
0,0,0,0,0
0,0,0,0,0
0,0,0,0,0
0,0,0,0,0
0,0,0,0,0
11095,2495,4,0,863
0,0,0,0,0
0,0,0,0,0
0,0,0,0,0
0,0,0,0,0
0,0,0,0,0
0,0,0,0,0
0,0,0,0,0
51583,76791,1,0,400
0,0,0,0,0
0,0,0,0,0
0,0,0,0,0
0,0,0,0,0
0,0,0,0,0
0,0,0,0,0
0,0,0,0,0
0,0,0,0,0
0,0,0,0,0
0,0,0,0,0
0,0,0,0,0
9233,2839,1,0,179
0,0,0,0,0
0,0,0,0,0
0,0,0,0,0
0,0,0,0,0
0,0,0,0,0
0,0,0,0,0
0,0,0,0,0
51060,76791,0,1,297
0,0,0,0,0
0,0,0,0,0
0,0,0,0,0
0,0,0,0,0
0,0,0,0,0
0,0,0,0,0
0,0,0,0,0
0,0,0,0,0
0,0,0,0,0
0,0,0,0,0
2342,410,0,0,227
7404,2019,1,0,221
0,0,0,0,0
0,0,0,0,0
0,0,0,0,0
0,0,0,0,0
0,0,0,0,0
0,0,0,0,0
0,0,0,0,0
52085,76791,2,1,698
0,0,0,0,0
0,0,0,0,0
0,0,0,0,0
0,0,0,0,0
0,0,0,0,0
0,0,0,0,0
0,0,0,0,0
0,0,0,0,0
0,0,0,0,0
0,0,0,0,0
10898,2839,1,0,335
0,0,0,0,0
0,0,0,0,0
0,0,0,0,0
0,0,0,0,0
0,0,0,0,0
0,0,0,0,0
0,0,0,0,0
0,0,0,0,0
50996,76791,0,0,94
0,0,0,0,0
0,0,0,0,0
0,0,0,0,0
0,0,0,0,0
0,0,0,0,0
0,0,0,0,0
0,0,0,0,0
0,0,0,0,0
0,0,0,0,0
0,0,0,0,0
10188,2429,1,0,734
0,0,0,0,0
0,0,0,0,0
0,0,0,0,0
0,0,0,0,0
0,0,0,0,0
0,0,0,0,0
0,0,0,0,0
0,0,0,0,0
51646,76791,2,0,366
0,0,0,0,0
0,0,0,0,0
0,0,0,0,0
0,0,0,0,0
0,0,0,0,0
0,0,0,0,0
0,0,0,0,0
0,0,0,0,0
0,0,0,0,0
0,0,0,0,0
9061,2839,1,0,166
0,0,0,0,0
0,0,0,0,0
0,0,0,0,0
0,0,0,0,0
0,0,0,0,0
0,0,0,0,0
0,0,0,0,0
51826,76791,1,0,332
0,0,0,0,0
0,0,0,0,0
0,0,0,0,0
0,0,0,0,0
0,0,0,0,0
0,0,0,0,0
0,0,0,0,0
0,0,0,0,0
0,0,0,0,0
0,0,0,0,0
0,0,0,0,0
10839,2495,3,0,585
0,0,0,0,0
0,0,0,0,0
0,0,0,0,0
0,0,0,0,0
0,0,0,0,0
0,0,0,0,0
0,0,0,0,0
54145,76791,1,1,387
0,0,0,0,0
0,0,0,0,0
0,0,0,0,0
0,0,0,0,0
0,0,0,0,0
0,0,0,0,0
0,0,0,0,0
0,0,0,0,0
0,0,0,0,0
0,0,0,0,0
0,0,0,0,0
9582,2839,1,0,149
0,0,0,0,0
0,0,0,0,0
0,0,0,0,0
0,0,0,0,0
0,0,0,0,0
0,0,0,0,0
0,0,0,0,0
53996,76791,1,0,216
0,0,0,0,0
0,0,0,0,0
0,0,0,0,0
0,0,0,0,0
0,0,0,0,0
0,0,0,0,0
0,0,0,0,0
0,0,0,0,0
0,0,0,0,0
0,0,0,0,0
0,0,0,0,0
10547,2429,2,0,861
0,0,0,0,0
0,0,0,0,0
0,0,0,0,0
0,0,0,0,0
0,0,0,0,0
0,0,0,0,0
0,0,0,0,0
52474,76791,0,0,235
0,0,0,0,0
0,0,0,0,0
0,0,0,0,0
0,0,0,0,0
0,0,0,0,0
0,0,0,0,0
0,0,0,0,0
0,0,0,0,0
0,0,0,0,0
0,0,0,0,0
0,0,0,0,0
9466,2839,1,0,153
0,0,0,0,0
0,0,0,0,0
0,0,0,0,0
0,0,0,0,0
0,0,0,0,0
0,0,0,0,0
0,0,0,0,0
51967,76791,0,0,87
0,0,0,0,0
0,0,0,0,0
0,0,0,0,0
0,0,0,0,0
0,0,0,0,0
0,0,0,0,0
0,0,0,0,0
0,0,0,0,0
0,0,0,0,0
0,0,0,0,0
0,0,0,0,0
10535,2429,3,0,842
0,0,0,0,0
0,0,0,0,0
0,0,0,0,0
0,0,0,0,0
0,0,0,0,0
0,0,0,0,0
0,0,0,0,0
53419,76791,1,0,227
0,0,0,0,0
0,0,0,0,0
0,0,0,0,0
0,0,0,0,0
0,0,0,0,0
0,0,0,0,0
0,0,0,0,0
0,0,0,0,0
0,0,0,0,0
0,0,0,0,0
9198,2839,1,0,170
0,0,0,0,0
0,0,0,0,0
0,0,0,0,0
0,0,0,0,0
0,0,0,0,0
0,0,0,0,0
0,0,0,0,0
51238,76791,0,0,207
0,0,0,0,0
0,0,0,0,0
0,0,0,0,0
0,0,0,0,0
0,0,0,0,0
0,0,0,0,0
0,0,0,0,0
0,0,0,0,0
0,0,0,0,0
0,0,0,0,0
0,0,0,0,0
11199,2495,3,0,941
0,0,0,0,0
0,0,0,0,0
0,0,0,0,0
0,0,0,0,0
0,0,0,0,0
0,0,0,0,0
0,0,0,0,0
51573,76791,1,0,512
0,0,0,0,0
0,0,0,0,0
0,0,0,0,0
0,0,0,0,0
0,0,0,0,0
0,0,0,0,0
0,0,0,0,0
0,0,0,0,0
0,0,0,0,0
0,0,0,0,0
0,0,0,0,0
10867,2839,1,0,314
0,0,0,0,0
0,0,0,0,0
0,0,0,0,0
0,0,0,0,0
0,0,0,0,0
0,0,0,0,0
0,0,0,0,0
51193,76791,0,0,212
0,0,0,0,0
0,0,0,0,0
0,0,0,0,0
0,0,0,0,0
0,0,0,0,0
0,0,0,0,0
0,0,0,0,0
0,0,0,0,0
0,0,0,0,0
0,0,0,0,0
0,0,0,0,0
9795,2429,1,0,461
0,0,0,0,0
0,0,0,0,0
0,0,0,0,0
0,0,0,0,0
0,0,0,0,0
0,0,0,0,0
0,0,0,0,0
50778,76791,0,0,235
0,0,0,0,0
0,0,0,0,0
0,0,0,0,0
0,0,0,0,0
0,0,0,0,0
0,0,0,0,0
0,0,0,0,0
0,0,0,0,0
0,0,0,0,0
0,0,0,0,0
0,0,0,0,0
9916,2839,1,0,400
0,0,0,0,0
0,0,0,0,0
0,0,0,0,0
0,0,0,0,0
0,0,0,0,0
0,0,0,0,0
50781,76791,0,0,232
0,0,0,0,0
0,0,0,0,0
0,0,0,0,0
0,0,0,0,0
0,0,0,0,0
0,0,0,0,0
0,0,0,0,0
0,0,0,0,0
0,0,0,0,0
0,0,0,0,0
0,0,0,0,0
0,0,0,0,0
10484,2429,2,0,870
0,0,0,0,0
0,0,0,0,0
0,0,0,0,0
0,0,0,0,0
0,0,0,0,0
0,0,0,0,0
51566,76791,0,0,368
0,0,0,0,0
0,0,0,0,0
0,0,0,0,0
0,0,0,0,0
0,0,0,0,0
0,0,0,0,0
0,0,0,0,0
0,0,0,0,0
0,0,0,0,0
0,0,0,0,0
0,0,0,0,0
0,0,0,0,0
8898,2839,1,0,152
0,0,0,0,0
0,0,0,0,0
0,0,0,0,0
0,0,0,0,0
0,0,0,0,0
0,0,0,0,0
50693,76791,0,0,205
0,0,0,0,0
0,0,0,0,0
0,0,0,0,0
0,0,0,0,0
0,0,0,0,0
0,0,0,0,0
0,0,0,0,0
0,0,0,0,0
0,0,0,0,0
0,0,0,0,0
0,0,0,0,0
21251,2495,41,6,7233
0,0,0,0,0
0,0,0,0,0
0,0,0,0,0
0,0,0,0,0
0,0,0,0,0
0,0,0,0,0
0,0,0,0,0
53148,76791,5,1,1541
0,0,0,0,0
0,0,0,0,0
0,0,0,0,0
0,0,0,0,0
0,0,0,0,0
0,0,0,0,0
0,0,0,0,0
0,0,0,0,0
0,0,0,0,0
0,0,0,0,0
0,0,0,0,0
20581,2839,47,5,6484
0,0,0,0,0
0,0,0,0,0
0,0,0,0,0
0,0,0,0,0
0,0,0,0,0
0,0,0,0,0
0,0,0,0,0
51899,76791,1,2,589
0,0,0,0,0
0,0,0,0,0
0,0,0,0,0
0,0,0,0,0
0,0,0,0,0
0,0,0,0,0
0,0,0,0,0
0,0,0,0,0
0,0,0,0,0
0,0,0,0,0
0,0,0,0,0
16787,2429,37,5,5035
0,0,0,0,0
0,0,0,0,0
0,0,0,0,0
0,0,0,0,0
0,0,0,0,0
0,0,0,0,0
52400,76791,10,3,1592
0,0,0,0,0
0,0,0,0,0
0,0,0,0,0
0,0,0,0,0
0,0,0,0,0
0,0,0,0,0
0,0,0,0,0
0,0,0,0,0
0,0,0,0,0
0,0,0,0,0
0,0,0,0,0
0,0,0,0,0
14486,2839,17,1,2849
0,0,0,0,0
0,0,0,0,0
0,0,0,0,0
0,0,0,0,0
0,0,0,0,0
0,0,0,0,0
50980,76791,1,0,357
0,0,0,0,0
0,0,0,0,0
0,0,0,0,0
0,0,0,0,0
0,0,0,0,0
0,0,0,0,0
0,0,0,0,0
0,0,0,0,0
0,0,0,0,0
0,0,0,0,0
0,0,0,0,0
0,0,0,0,0
8691,2429,2,0,299
0,0,0,0,0
0,0,0,0,0
0,0,0,0,0
0,0,0,0,0
0,0,0,0,0
0,0,0,0,0
51174,76791,1,0,273
0,0,0,0,0
0,0,0,0,0
0,0,0,0,0
0,0,0,0,0
0,0,0,0,0
0,0,0,0,0
0,0,0,0,0
0,0,0,0,0
0,0,0,0,0
0,0,0,0,0
0,0,0,0,0
0,0,0,0,0
9669,2839,1,0,173
0,0,0,0,0
0,0,0,0,0
0,0,0,0,0
0,0,0,0,0
0,0,0,0,0
0,0,0,0,0
50435,76791,0,0,83
0,0,0,0,0
0,0,0,0,0
0,0,0,0,0
0,0,0,0,0
0,0,0,0,0
0,0,0,0,0
0,0,0,0,0
0,0,0,0,0
0,0,0,0,0
0,0,0,0,0
0,0,0,0,0
0,0,0,0,0
9383,2495,2,0,296
0,0,0,0,0
0,0,0,0,0
0,0,0,0,0
0,0,0,0,0
0,0,0,0,0
0,0,0,0,0
51069,76791,1,0,269
0,0,0,0,0
0,0,0,0,0
0,0,0,0,0
0,0,0,0,0
0,0,0,0,0
0,0,0,0,0
0,0,0,0,0
0,0,0,0,0
0,0,0,0,0
0,0,0,0,0
0,0,0,0,0
1738,410,0,0,48
7669,2429,1,0,130
0,0,0,0,0
0,0,0,0,0
0,0,0,0,0
0,0,0,0,0
0,0,0,0,0
52397,76791,6,0,1425
0,0,0,0,0
0,0,0,0,0
0,0,0,0,0
0,0,0,0,0
0,0,0,0,0
0,0,0,0,0
0,0,0,0,0
0,0,0,0,0
0,0,0,0,0
0,0,0,0,0
0,0,0,0,0
0,0,0,0,0
9036,2429,2,0,349
0,0,0,0,0
0,0,0,0,0
0,0,0,0,0
0,0,0,0,0
0,0,0,0,0
0,0,0,0,0
52372,76791,5,0,868
0,0,0,0,0
0,0,0,0,0
0,0,0,0,0
0,0,0,0,0
0,0,0,0,0
0,0,0,0,0
0,0,0,0,0
0,0,0,0,0
0,0,0,0,0
0,0,0,0,0
0,0,0,0,0
0,0,0,0,0
9342,2839,1,0,150
0,0,0,0,0
0,0,0,0,0
0,0,0,0,0
0,0,0,0,0
0,0,0,0,0
0,0,0,0,0
50945,76791,0,0,56
0,0,0,0,0
0,0,0,0,0
0,0,0,0,0
0,0,0,0,0
0,0,0,0,0
0,0,0,0,0
0,0,0,0,0
0,0,0,0,0
0,0,0,0,0
0,0,0,0,0
0,0,0,0,0
0,0,0,0,0
8046,2429,1,0,124
0,0,0,0,0
0,0,0,0,0
0,0,0,0,0
0,0,0,0,0
0,0,0,0,0
0,0,0,0,0
50482,76791,0,0,195
0,0,0,0,0
0,0,0,0,0
0,0,0,0,0
0,0,0,0,0
0,0,0,0,0
0,0,0,0,0
0,0,0,0,0
0,0,0,0,0
0,0,0,0,0
0,0,0,0,0
0,0,0,0,0
0,0,0,0,0
8540,2839,1,0,159
0,0,0,0,0
0,0,0,0,0
0,0,0,0,0
0,0,0,0,0
0,0,0,0,0
0,0,0,0,0
51097,76791,0,0,191
0,0,0,0,0
0,0,0,0,0
0,0,0,0,0
0,0,0,0,0
0,0,0,0,0
0,0,0,0,0
0,0,0,0,0
0,0,0,0,0
0,0,0,0,0
0,0,0,0,0
0,0,0,0,0
0,0,0,0,0
8830,2495,2,0,142
0,0,0,0,0
0,0,0,0,0
0,0,0,0,0
0,0,0,0,0
0,0,0,0,0
52117,76791,2,1,791
0,0,0,0,0
0,0,0,0,0
0,0,0,0,0
0,0,0,0,0
0,0,0,0,0
0,0,0,0,0
0,0,0,0,0
0,0,0,0,0
0,0,0,0,0
0,0,0,0,0
0,0,0,0,0
0,0,0,0,0
0,0,0,0,0
9156,2839,1,0,143
0,0,0,0,0
0,0,0,0,0
0,0,0,0,0
0,0,0,0,0
0,0,0,0,0
53109,76791,5,1,1086
0,0,0,0,0
0,0,0,0,0
0,0,0,0,0
0,0,0,0,0
0,0,0,0,0
0,0,0,0,0
0,0,0,0,0
0,0,0,0,0
0,0,0,0,0
0,0,0,0,0
0,0,0,0,0
0,0,0,0,0
0,0,0,0,0
8595,2429,1,0,379
0,0,0,0,0
0,0,0,0,0
0,0,0,0,0
0,0,0,0,0
0,0,0,0,0
51867,76791,4,0,553
0,0,0,0,0
0,0,0,0,0
0,0,0,0,0
0,0,0,0,0
0,0,0,0,0
0,0,0,0,0
0,0,0,0,0
0,0,0,0,0
0,0,0,0,0
0,0,0,0,0
0,0,0,0,0
0,0,0,0,0
0,0,0,0,0
9180,2839,2,0,306
0,0,0,0,0
0,0,0,0,0
0,0,0,0,0
0,0,0,0,0
0,0,0,0,0
50691,76791,0,0,50
0,0,0,0,0
0,0,0,0,0
0,0,0,0,0
0,0,0,0,0
0,0,0,0,0
0,0,0,0,0
0,0,0,0,0
0,0,0,0,0
0,0,0,0,0
0,0,0,0,0
0,0,0,0,0
0,0,0,0,0
14466,2839,17,2,3728
0,0,0,0,0
0,0,0,0,0
0,0,0,0,0
0,0,0,0,0
0,0,0,0,0
0,0,0,0,0
52887,76791,4,1,1124
0,0,0,0,0
0,0,0,0,0
0,0,0,0,0
0,0,0,0,0
0,0,0,0,0
0,0,0,0,0
0,0,0,0,0
0,0,0,0,0
0,0,0,0,0
0,0,0,0,0
0,0,0,0,0
0,0,0,0,0
8237,2429,3,0,419
0,0,0,0,0
0,0,0,0,0
0,0,0,0,0
0,0,0,0,0
0,0,0,0,0
53243,76792,1,2,500
0,0,0,0,0
0,0,0,0,0
0,0,0,0,0
0,0,0,0,0
0,0,0,0,0
0,0,0,0,0
0,0,0,0,0
0,0,0,0,0
0,0,0,0,0
0,0,0,0,0
0,0,0,0,0
0,0,0,0,0
0,0,0,0,0
9803,2905,2,0,192
0,0,0,0,0
0,0,0,0,0
0,0,0,0,0
0,0,0,0,0
0,0,0,0,0
55174,76791,3,0,656
0,0,0,0,0
0,0,0,0,0
0,0,0,0,0
0,0,0,0,0
0,0,0,0,0
0,0,0,0,0
0,0,0,0,0
0,0,0,0,0
0,0,0,0,0
0,0,0,0,0
0,0,0,0,0
0,0,0,0,0
0,0,0,0,0
7492,2429,1,0,106
0,0,0,0,0
0,0,0,0,0
0,0,0,0,0
0,0,0,0,0
0,0,0,0,0
54368,76791,3,0,348
0,0,0,0,0
0,0,0,0,0
0,0,0,0,0
0,0,0,0,0
0,0,0,0,0
0,0,0,0,0
0,0,0,0,0
0,0,0,0,0
0,0,0,0,0
0,0,0,0,0
0,0,0,0,0
0,0,0,0,0
0,0,0,0,0
9701,2839,1,0,182
0,0,0,0,0
0,0,0,0,0
0,0,0,0,0
0,0,0,0,0
0,0,0,0,0
54129,76791,2,0,365
0,0,0,0,0
0,0,0,0,0
0,0,0,0,0
0,0,0,0,0
0,0,0,0,0
0,0,0,0,0
0,0,0,0,0
0,0,0,0,0
0,0,0,0,0
0,0,0,0,0
0,0,0,0,0
0,0,0,0,0
0,0,0,0,0
7670,2429,1,0,104
0,0,0,0,0
0,0,0,0,0
0,0,0,0,0
0,0,0,0,0
0,0,0,0,0
51497,76791,0,0,177
0,0,0,0,0
0,0,0,0,0
0,0,0,0,0
0,0,0,0,0
0,0,0,0,0
0,0,0,0,0
0,0,0,0,0
0,0,0,0,0
0,0,0,0,0
0,0,0,0,0
0,0,0,0,0
0,0,0,0,0
0,0,0,0,0
9179,2839,1,0,183
0,0,0,0,0
0,0,0,0,0
0,0,0,0,0
0,0,0,0,0
53202,76791,1,0,176
0,0,0,0,0
0,0,0,0,0
0,0,0,0,0
0,0,0,0,0
0,0,0,0,0
0,0,0,0,0
0,0,0,0,0
0,0,0,0,0
0,0,0,0,0
0,0,0,0,0
0,0,0,0,0
0,0,0,0,0
0,0,0,0,0
0,0,0,0,0
7399,2429,1,0,109
0,0,0,0,0
0,0,0,0,0
0,0,0,0,0
0,0,0,0,0
51083,76791,0,0,181
0,0,0,0,0
0,0,0,0,0
0,0,0,0,0
0,0,0,0,0
0,0,0,0,0
0,0,0,0,0
0,0,0,0,0
0,0,0,0,0
0,0,0,0,0
0,0,0,0,0
0,0,0,0,0
0,0,0,0,0
0,0,0,0,0
4830,476,11,2,1680
10224,2429,7,0,1269
0,0,0,0,0
0,0,0,0,0
0,0,0,0,0
0,0,0,0,0
60405,76791,71,6,12120
0,0,0,0,0
0,0,0,0,0
0,0,0,0,0
0,0,0,0,0
0,0,0,0,0
0,0,0,0,0
0,0,0,0,0
0,0,0,0,0
0,0,0,0,0
0,0,0,0,0
0,0,0,0,0
0,0,0,0,0
0,0,0,0,0
7953,2429,3,0,550
0,0,0,0,0
0,0,0,0,0
0,0,0,0,0
0,0,0,0,0
0,0,0,0,0
53424,76791,28,1,2821
0,0,0,0,0
0,0,0,0,0
0,0,0,0,0
0,0,0,0,0
0,0,0,0,0
0,0,0,0,0
0,0,0,0,0
0,0,0,0,0
0,0,0,0,0
0,0,0,0,0
0,0,0,0,0
0,0,0,0,0
0,0,0,0,0
8037,2839,1,0,126
0,0,0,0,0
0,0,0,0,0
0,0,0,0,0
0,0,0,0,0
0,0,0,0,0
52423,76791,8,0,946
0,0,0,0,0
0,0,0,0,0
0,0,0,0,0
0,0,0,0,0
0,0,0,0,0
0,0,0,0,0
0,0,0,0,0
0,0,0,0,0
0,0,0,0,0
0,0,0,0,0
0,0,0,0,0
0,0,0,0,0
0,0,0,0,0
8424,2429,2,0,377
0,0,0,0,0
0,0,0,0,0
0,0,0,0,0
0,0,0,0,0
50981,76791,1,0,245
0,0,0,0,0
0,0,0,0,0
0,0,0,0,0
0,0,0,0,0
0,0,0,0,0
0,0,0,0,0
0,0,0,0,0
0,0,0,0,0
0,0,0,0,0
0,0,0,0,0
0,0,0,0,0
0,0,0,0,0
0,0,0,0,0
0,0,0,0,0
8029,2839,2,0,369
0,0,0,0,0
0,0,0,0,0
0,0,0,0,0
0,0,0,0,0
52276,76791,2,1,820
0,0,0,0,0
0,0,0,0,0
0,0,0,0,0
0,0,0,0,0
0,0,0,0,0
0,0,0,0,0
0,0,0,0,0
0,0,0,0,0
0,0,0,0,0
0,0,0,0,0
0,0,0,0,0
0,0,0,0,0
0,0,0,0,0
0,0,0,0,0
6641,2429,2,0,406
0,0,0,0,0
0,0,0,0,0
0,0,0,0,0
0,0,0,0,0
51418,76791,1,1,363
0,0,0,0,0
0,0,0,0,0
0,0,0,0,0
0,0,0,0,0
0,0,0,0,0
0,0,0,0,0
0,0,0,0,0
0,0,0,0,0
0,0,0,0,0
0,0,0,0,0
0,0,0,0,0
0,0,0,0,0
0,0,0,0,0
0,0,0,0,0
8370,2905,2,0,276
0,0,0,0,0
0,0,0,0,0
0,0,0,0,0
0,0,0,0,0
51650,76791,2,1,571
0,0,0,0,0
0,0,0,0,0
0,0,0,0,0
0,0,0,0,0
0,0,0,0,0
0,0,0,0,0
0,0,0,0,0
0,0,0,0,0
0,0,0,0,0
0,0,0,0,0
0,0,0,0,0
0,0,0,0,0
0,0,0,0,0
0,0,0,0,0
8321,2429,2,0,550
0,0,0,0,0
0,0,0,0,0
0,0,0,0,0
0,0,0,0,0
52253,76791,1,0,844
0,0,0,0,0
0,0,0,0,0
0,0,0,0,0
0,0,0,0,0
0,0,0,0,0
0,0,0,0,0
0,0,0,0,0
0,0,0,0,0
0,0,0,0,0
0,0,0,0,0
0,0,0,0,0
0,0,0,0,0
0,0,0,0,0
0,0,0,0,0
8204,1609,13,1,2107
0,0,0,0,0
0,0,0,0,0
0,0,0,0,0
0,0,0,0,0
56110,76791,64,4,6212
0,0,0,0,0
0,0,0,0,0
0,0,0,0,0
0,0,0,0,0
0,0,0,0,0
0,0,0,0,0
0,0,0,0,0
0,0,0,0,0
0,0,0,0,0
0,0,0,0,0
0,0,0,0,0
0,0,0,0,0
0,0,0,0,0
2037,410,0,0,253
5205,2019,1,0,183
0,0,0,0,0
0,0,0,0,0
0,0,0,0,0
52503,76791,20,1,1751
0,0,0,0,0
0,0,0,0,0
0,0,0,0,0
0,0,0,0,0
0,0,0,0,0
0,0,0,0,0
0,0,0,0,0
0,0,0,0,0
0,0,0,0,0
0,0,0,0,0
0,0,0,0,0
0,0,0,0,0
0,0,0,0,0
0,0,0,0,0
7139,2839,1,0,115
0,0,0,0,0
0,0,0,0,0
0,0,0,0,0
0,0,0,0,0
55581,76791,63,3,5854
0,0,0,0,0
0,0,0,0,0
0,0,0,0,0
0,0,0,0,0
0,0,0,0,0
0,0,0,0,0
0,0,0,0,0
0,0,0,0,0
0,0,0,0,0
0,0,0,0,0
0,0,0,0,0
0,0,0,0,0
0,0,0,0,0
0,0,0,0,0
9233,2429,5,0,973
0,0,0,0,0
0,0,0,0,0
0,0,0,0,0
0,0,0,0,0
52355,76791,19,0,1845
0,0,0,0,0
0,0,0,0,0
0,0,0,0,0
0,0,0,0,0
0,0,0,0,0
0,0,0,0,0
0,0,0,0,0
0,0,0,0,0
0,0,0,0,0
0,0,0,0,0
0,0,0,0,0
0,0,0,0,0
0,0,0,0,0
0,0,0,0,0
8025,2905,2,0,131
0,0,0,0,0
0,0,0,0,0
0,0,0,0,0
0,0,0,0,0
57680,76792,69,5,6143
0,0,0,0,0
0,0,0,0,0
0,0,0,0,0
0,0,0,0,0
0,0,0,0,0
0,0,0,0,0
0,0,0,0,0
0,0,0,0,0
0,0,0,0,0
0,0,0,0,0
0,0,0,0,0
0,0,0,0,0
0,0,0,0,0
0,0,0,0,0
6490,2429,2,0,248
0,0,0,0,0
0,0,0,0,0
0,0,0,0,0
0,0,0,0,0
53636,76791,19,2,2069
0,0,0,0,0
0,0,0,0,0
0,0,0,0,0
0,0,0,0,0
0,0,0,0,0
0,0,0,0,0
0,0,0,0,0
0,0,0,0,0
0,0,0,0,0
0,0,0,0,0
0,0,0,0,0
0,0,0,0,0
0,0,0,0,0
0,0,0,0,0
7286,2839,2,0,272
0,0,0,0,0
0,0,0,0,0
0,0,0,0,0
55604,76791,67,3,6094
0,0,0,0,0
0,0,0,0,0
0,0,0,0,0
0,0,0,0,0
0,0,0,0,0
0,0,0,0,0
0,0,0,0,0
0,0,0,0,0
0,0,0,0,0
0,0,0,0,0
0,0,0,0,0
0,0,0,0,0
0,0,0,0,0
0,0,0,0,0
0,0,0,0,0
8584,2429,2,0,587
0,0,0,0,0
0,0,0,0,0
0,0,0,0,0
52379,76791,21,1,2072
0,0,0,0,0
0,0,0,0,0
0,0,0,0,0
0,0,0,0,0
0,0,0,0,0
0,0,0,0,0
0,0,0,0,0
0,0,0,0,0
0,0,0,0,0
0,0,0,0,0
0,0,0,0,0
0,0,0,0,0
0,0,0,0,0
0,0,0,0,0
0,0,0,0,0
7681,2839,2,0,368
0,0,0,0,0
0,0,0,0,0
0,0,0,0,0
55311,76791,64,4,5957
0,0,0,0,0
0,0,0,0,0
0,0,0,0,0
0,0,0,0,0
0,0,0,0,0
0,0,0,0,0
0,0,0,0,0
0,0,0,0,0
0,0,0,0,0
0,0,0,0,0
0,0,0,0,0
0,0,0,0,0
0,0,0,0,0
0,0,0,0,0
0,0,0,0,0
6677,2429,1,0,421
0,0,0,0,0
0,0,0,0,0
0,0,0,0,0
52384,76791,20,0,1639
0,0,0,0,0
0,0,0,0,0
0,0,0,0,0
0,0,0,0,0
0,0,0,0,0
0,0,0,0,0
0,0,0,0,0
0,0,0,0,0
0,0,0,0,0
0,0,0,0,0
0,0,0,0,0
0,0,0,0,0
0,0,0,0,0
0,0,0,0,0
2826,886,1,0,74
4477,2019,2,0,208
0,0,0,0,0
0,0,0,0,0
0,0,0,0,0
55716,76791,67,3,5977
0,0,0,0,0
0,0,0,0,0
0,0,0,0,0
0,0,0,0,0
0,0,0,0,0
0,0,0,0,0
0,0,0,0,0
0,0,0,0,0
0,0,0,0,0
0,0,0,0,0
0,0,0,0,0
0,0,0,0,0
0,0,0,0,0
0,0,0,0,0
8547,2429,3,0,677
0,0,0,0,0
0,0,0,0,0
0,0,0,0,0
52760,76791,21,1,2002
0,0,0,0,0
0,0,0,0,0
0,0,0,0,0
0,0,0,0,0
0,0,0,0,0
0,0,0,0,0
0,0,0,0,0
0,0,0,0,0
0,0,0,0,0
0,0,0,0,0
0,0,0,0,0
0,0,0,0,0
0,0,0,0,0
0,0,0,0,0
0,0,0,0,0
7259,2839,1,0,130
0,0,0,0,0
0,0,0,0,0
0,0,0,0,0
55866,76791,62,3,5868
0,0,0,0,0
0,0,0,0,0
0,0,0,0,0
0,0,0,0,0
0,0,0,0,0
0,0,0,0,0
0,0,0,0,0
0,0,0,0,0
0,0,0,0,0
0,0,0,0,0
0,0,0,0,0
0,0,0,0,0
0,0,0,0,0
0,0,0,0,0
0,0,0,0,0
7550,2429,3,0,734
0,0,0,0,0
0,0,0,0,0
0,0,0,0,0
53323,76791,19,1,1852
0,0,0,0,0
0,0,0,0,0
0,0,0,0,0
0,0,0,0,0
0,0,0,0,0
0,0,0,0,0
0,0,0,0,0
0,0,0,0,0
0,0,0,0,0
0,0,0,0,0
0,0,0,0,0
0,0,0,0,0
0,0,0,0,0
0,0,0,0,0
0,0,0,0,0
7050,2839,1,0,129
0,0,0,0,0
0,0,0,0,0
0,0,0,0,0
56054,76791,65,3,5926
0,0,0,0,0
0,0,0,0,0
0,0,0,0,0
0,0,0,0,0
0,0,0,0,0
0,0,0,0,0
0,0,0,0,0
0,0,0,0,0
0,0,0,0,0
0,0,0,0,0
0,0,0,0,0
0,0,0,0,0
0,0,0,0,0
0,0,0,0,0
0,0,0,0,0
9320,2839,1,0,457
0,0,0,0,0
0,0,0,0,0
0,0,0,0,0
52788,76791,18,0,1594
0,0,0,0,0
0,0,0,0,0
0,0,0,0,0
0,0,0,0,0
0,0,0,0,0
0,0,0,0,0
0,0,0,0,0
0,0,0,0,0
0,0,0,0,0
0,0,0,0,0
0,0,0,0,0
0,0,0,0,0
0,0,0,0,0
0,0,0,0,0
0,0,0,0,0
7049,2495,2,0,285
0,0,0,0,0
0,0,0,0,0
0,0,0,0,0
59510,76791,67,3,5861
0,0,0,0,0
0,0,0,0,0
0,0,0,0,0
0,0,0,0,0
0,0,0,0,0
0,0,0,0,0
0,0,0,0,0
0,0,0,0,0
0,0,0,0,0
0,0,0,0,0
0,0,0,0,0
0,0,0,0,0
0,0,0,0,0
0,0,0,0,0
0,0,0,0,0
7410,2839,1,0,415
0,0,0,0,0
0,0,0,0,0
55547,76791,24,0,1997
0,0,0,0,0
0,0,0,0,0
0,0,0,0,0
0,0,0,0,0
0,0,0,0,0
0,0,0,0,0
0,0,0,0,0
0,0,0,0,0
0,0,0,0,0
0,0,0,0,0
0,0,0,0,0
0,0,0,0,0
0,0,0,0,0
0,0,0,0,0
0,0,0,0,0
0,0,0,0,0
6249,2429,1,0,239
0,0,0,0,0
0,0,0,0,0
58778,76791,68,3,6012
0,0,0,0,0
0,0,0,0,0
0,0,0,0,0
0,0,0,0,0
0,0,0,0,0
0,0,0,0,0
0,0,0,0,0
0,0,0,0,0
0,0,0,0,0
0,0,0,0,0
0,0,0,0,0
0,0,0,0,0
0,0,0,0,0
0,0,0,0,0
0,0,0,0,0
3413,820,1,0,390
6161,2019,2,0,444
0,0,0,0,0
0,0,0,0,0
53082,76791,21,0,2025
0,0,0,0,0
0,0,0,0,0
0,0,0,0,0
0,0,0,0,0
0,0,0,0,0
0,0,0,0,0
0,0,0,0,0
0,0,0,0,0
0,0,0,0,0
0,0,0,0,0
0,0,0,0,0
0,0,0,0,0
0,0,0,0,0
0,0,0,0,0
0,0,0,0,0
6578,2429,2,0,319
0,0,0,0,0
0,0,0,0,0
0,0,0,0,0
58565,76791,68,3,5900
0,0,0,0,0
0,0,0,0,0
0,0,0,0,0
0,0,0,0,0
0,0,0,0,0
0,0,0,0,0
0,0,0,0,0
0,0,0,0,0
0,0,0,0,0
0,0,0,0,0
0,0,0,0,0
0,0,0,0,0
0,0,0,0,0
0,0,0,0,0
0,0,0,0,0
7578,2839,3,0,357
0,0,0,0,0
0,0,0,0,0
0,0,0,0,0
52795,76791,24,0,1958
0,0,0,0,0
0,0,0,0,0
0,0,0,0,0
0,0,0,0,0
0,0,0,0,0
0,0,0,0,0
0,0,0,0,0
0,0,0,0,0
0,0,0,0,0
0,0,0,0,0
0,0,0,0,0
0,0,0,0,0
0,0,0,0,0
0,0,0,0,0
0,0,0,0,0
6857,2495,2,0,394
0,0,0,0,0
0,0,0,0,0
55587,76791,62,3,5875
0,0,0,0,0
0,0,0,0,0
0,0,0,0,0
0,0,0,0,0
0,0,0,0,0
0,0,0,0,0
0,0,0,0,0
0,0,0,0,0
0,0,0,0,0
0,0,0,0,0
0,0,0,0,0
0,0,0,0,0
0,0,0,0,0
0,0,0,0,0
0,0,0,0,0
0,0,0,0,0
9558,2839,3,0,544
0,0,0,0,0
0,0,0,0,0
52886,76791,26,0,2264
0,0,0,0,0
0,0,0,0,0
0,0,0,0,0
0,0,0,0,0
0,0,0,0,0
0,0,0,0,0
0,0,0,0,0
0,0,0,0,0
0,0,0,0,0
0,0,0,0,0
0,0,0,0,0
0,0,0,0,0
0,0,0,0,0
0,0,0,0,0
0,0,0,0,0
0,0,0,0,0
6398,2429,1,0,109
0,0,0,0,0
0,0,0,0,0
55743,76791,65,3,6033
0,0,0,0,0
0,0,0,0,0
0,0,0,0,0
0,0,0,0,0
0,0,0,0,0
0,0,0,0,0
0,0,0,0,0
0,0,0,0,0
0,0,0,0,0
0,0,0,0,0
0,0,0,0,0
0,0,0,0,0
0,0,0,0,0
0,0,0,0,0
0,0,0,0,0
0,0,0,0,0
7849,2839,2,0,508
0,0,0,0,0
0,0,0,0,0
52228,76791,24,0,2005
0,0,0,0,0
0,0,0,0,0
0,0,0,0,0
0,0,0,0,0
0,0,0,0,0
0,0,0,0,0
0,0,0,0,0
0,0,0,0,0
0,0,0,0,0
0,0,0,0,0
0,0,0,0,0
0,0,0,0,0
0,0,0,0,0
0,0,0,0,0
0,0,0,0,0
0,0,0,0,0
19876,2435,42,6,7716
0,0,0,0,0
0,0,0,0,0
55788,76791,63,3,6029
0,0,0,0,0
0,0,0,0,0
0,0,0,0,0
0,0,0,0,0
0,0,0,0,0
0,0,0,0,0
0,0,0,0,0
0,0,0,0,0
0,0,0,0,0
0,0,0,0,0
0,0,0,0,0
0,0,0,0,0
0,0,0,0,0
0,0,0,0,0
0,0,0,0,0
0,0,0,0,0
15744,2898,27,4,4186
0,0,0,0,0
0,0,0,0,0
52378,76791,25,0,2037
0,0,0,0,0
0,0,0,0,0
0,0,0,0,0
0,0,0,0,0
0,0,0,0,0
0,0,0,0,0
0,0,0,0,0
0,0,0,0,0
0,0,0,0,0
0,0,0,0,0
0,0,0,0,0
0,0,0,0,0
0,0,0,0,0
0,0,0,0,0
0,0,0,0,0
0,0,0,0,0
18924,2429,39,5,5462
0,0,0,0,0
55656,76791,64,3,5966
0,0,0,0,0
0,0,0,0,0
0,0,0,0,0
0,0,0,0,0
0,0,0,0,0
0,0,0,0,0
0,0,0,0,0
0,0,0,0,0
0,0,0,0,0
0,0,0,0,0
0,0,0,0,0
0,0,0,0,0
0,0,0,0,0
0,0,0,0,0
0,0,0,0,0
0,0,0,0,0
19230,2839,47,7,6459
0,0,0,0,0
0,0,0,0,0
52698,76791,23,0,2089
0,0,0,0,0
0,0,0,0,0
0,0,0,0,0
0,0,0,0,0
0,0,0,0,0
0,0,0,0,0
0,0,0,0,0
0,0,0,0,0
0,0,0,0,0
0,0,0,0,0
0,0,0,0,0
0,0,0,0,0
0,0,0,0,0
0,0,0,0,0
0,0,0,0,0
0,0,0,0,0
12180,2429,17,2,2942
0,0,0,0,0
0,0,0,0,0
55616,76791,68,3,6003
0,0,0,0,0
0,0,0,0,0
0,0,0,0,0
0,0,0,0,0
0,0,0,0,0
0,0,0,0,0
0,0,0,0,0
0,0,0,0,0
0,0,0,0,0
0,0,0,0,0
0,0,0,0,0
0,0,0,0,0
0,0,0,0,0
0,0,0,0,0
0,0,0,0,0
0,0,0,0,0
9920,2839,3,0,815
0,0,0,0,0
0,0,0,0,0
52017,76791,21,1,1664
0,0,0,0,0
0,0,0,0,0
0,0,0,0,0
0,0,0,0,0
0,0,0,0,0
0,0,0,0,0
0,0,0,0,0
0,0,0,0,0
0,0,0,0,0
0,0,0,0,0
0,0,0,0,0
0,0,0,0,0
0,0,0,0,0
0,0,0,0,0
0,0,0,0,0
0,0,0,0,0
8796,2429,2,0,609
0,0,0,0,0
0,0,0,0,0
55865,76791,59,3,5923
0,0,0,0,0
0,0,0,0,0
0,0,0,0,0
0,0,0,0,0
0,0,0,0,0
0,0,0,0,0
0,0,0,0,0
0,0,0,0,0
0,0,0,0,0
0,0,0,0,0
0,0,0,0,0
0,0,0,0,0
0,0,0,0,0
0,0,0,0,0
0,0,0,0,0
0,0,0,0,0
9210,2901,2,0,423
0,0,0,0,0
52576,76791,27,0,2281
0,0,0,0,0
0,0,0,0,0
0,0,0,0,0
0,0,0,0,0
0,0,0,0,0
0,0,0,0,0
0,0,0,0,0
0,0,0,0,0
0,0,0,0,0
0,0,0,0,0
0,0,0,0,0
0,0,0,0,0
0,0,0,0,0
0,0,0,0,0
0,0,0,0,0
0,0,0,0,0
0,0,0,0,0
8993,2429,1,0,462
0,0,0,0,0
55720,76791,67,3,5910
0,0,0,0,0
0,0,0,0,0
0,0,0,0,0
0,0,0,0,0
0,0,0,0,0
0,0,0,0,0
0,0,0,0,0
0,0,0,0,0
0,0,0,0,0
0,0,0,0,0
0,0,0,0,0
0,0,0,0,0
0,0,0,0,0
0,0,0,0,0
0,0,0,0,0
0,0,0,0,0
0,0,0,0,0
9583,2839,4,0,613
0,0,0,0,0
52860,76791,26,0,2067
0,0,0,0,0
0,0,0,0,0
0,0,0,0,0
0,0,0,0,0
0,0,0,0,0
0,0,0,0,0
0,0,0,0,0
0,0,0,0,0
0,0,0,0,0
0,0,0,0,0
0,0,0,0,0
0,0,0,0,0
0,0,0,0,0
0,0,0,0,0
0,0,0,0,0
0,0,0,0,0
0,0,0,0,0
8917,2429,3,0,657
0,0,0,0,0
55947,76791,65,3,6159
0,0,0,0,0
0,0,0,0,0
0,0,0,0,0
0,0,0,0,0
0,0,0,0,0
0,0,0,0,0
0,0,0,0,0
0,0,0,0,0
0,0,0,0,0
0,0,0,0,0
0,0,0,0,0
0,0,0,0,0
0,0,0,0,0
0,0,0,0,0
0,0,0,0,0
0,0,0,0,0
0,0,0,0,0
12584,2839,17,2,2700
0,0,0,0,0
52315,76791,22,0,1964
0,0,0,0,0
0,0,0,0,0
0,0,0,0,0
0,0,0,0,0
0,0,0,0,0
0,0,0,0,0
0,0,0,0,0
0,0,0,0,0
0,0,0,0,0
0,0,0,0,0
0,0,0,0,0
0,0,0,0,0
0,0,0,0,0
0,0,0,0,0
0,0,0,0,0
0,0,0,0,0
8117,2429,2,0,436
0,0,0,0,0
55450,76791,64,3,6079
0,0,0,0,0
0,0,0,0,0
0,0,0,0,0
0,0,0,0,0
0,0,0,0,0
0,0,0,0,0
0,0,0,0,0
0,0,0,0,0
0,0,0,0,0
0,0,0,0,0
0,0,0,0,0
0,0,0,0,0
0,0,0,0,0
0,0,0,0,0
0,0,0,0,0
0,0,0,0,0
0,0,0,0,0
9748,2901,4,0,691
0,0,0,0,0
52463,76791,26,0,2354
0,0,0,0,0
0,0,0,0,0
0,0,0,0,0
0,0,0,0,0
0,0,0,0,0
0,0,0,0,0
0,0,0,0,0
0,0,0,0,0
0,0,0,0,0
0,0,0,0,0
0,0,0,0,0
0,0,0,0,0
0,0,0,0,0
0,0,0,0,0
0,0,0,0,0
0,0,0,0,0
0,0,0,0,0
9759,2429,5,3,1175
0,0,0,0,0
55560,76791,64,3,5941
0,0,0,0,0
0,0,0,0,0
0,0,0,0,0
0,0,0,0,0
0,0,0,0,0
0,0,0,0,0
0,0,0,0,0
0,0,0,0,0
0,0,0,0,0
0,0,0,0,0
0,0,0,0,0
0,0,0,0,0
0,0,0,0,0
0,0,0,0,0
0,0,0,0,0
0,0,0,0,0
0,0,0,0,0
9417,2839,2,0,475
0,0,0,0,0
54383,76792,25,2,2130
0,0,0,0,0
0,0,0,0,0
0,0,0,0,0
0,0,0,0,0
0,0,0,0,0
0,0,0,0,0
0,0,0,0,0
0,0,0,0,0
0,0,0,0,0
0,0,0,0,0
0,0,0,0,0
0,0,0,0,0
0,0,0,0,0
0,0,0,0,0
0,0,0,0,0
0,0,0,0,0
0,0,0,0,0
7871,2429,1,0,136
0,0,0,0,0
56157,76791,62,3,5953
0,0,0,0,0
0,0,0,0,0
0,0,0,0,0
0,0,0,0,0
0,0,0,0,0
0,0,0,0,0
0,0,0,0,0
0,0,0,0,0
0,0,0,0,0
0,0,0,0,0
0,0,0,0,0
0,0,0,0,0
0,0,0,0,0
0,0,0,0,0
0,0,0,0,0
0,0,0,0,0
0,0,0,0,0
9329,2839,2,0,666
0,0,0,0,0
52974,76791,22,1,2269
0,0,0,0,0
0,0,0,0,0
0,0,0,0,0
0,0,0,0,0
0,0,0,0,0
0,0,0,0,0
0,0,0,0,0
0,0,0,0,0
0,0,0,0,0
0,0,0,0,0
0,0,0,0,0
0,0,0,0,0
0,0,0,0,0
0,0,0,0,0
0,0,0,0,0
0,0,0,0,0
0,0,0,0,0
8189,2429,1,0,248
56001,76791,61,4,5931
0,0,0,0,0
0,0,0,0,0
0,0,0,0,0
0,0,0,0,0
0,0,0,0,0
0,0,0,0,0
0,0,0,0,0
0,0,0,0,0
0,0,0,0,0
0,0,0,0,0
0,0,0,0,0
0,0,0,0,0
0,0,0,0,0
0,0,0,0,0
0,0,0,0,0
0,0,0,0,0
0,0,0,0,0
0,0,0,0,0
9838,2901,4,0,709
52864,76791,27,0,2250
0,0,0,0,0
0,0,0,0,0
0,0,0,0,0
0,0,0,0,0
0,0,0,0,0
0,0,0,0,0
0,0,0,0,0
0,0,0,0,0
0,0,0,0,0
0,0,0,0,0
0,0,0,0,0
0,0,0,0,0
0,0,0,0,0
0,0,0,0,0
0,0,0,0,0
0,0,0,0,0
0,0,0,0,0
0,0,0,0,0
8621,2429,3,0,739
57781,76791,68,3,5965
0,0,0,0,0
0,0,0,0,0
0,0,0,0,0
0,0,0,0,0
0,0,0,0,0
0,0,0,0,0
0,0,0,0,0
0,0,0,0,0
0,0,0,0,0
0,0,0,0,0
0,0,0,0,0
0,0,0,0,0
0,0,0,0,0
0,0,0,0,0
0,0,0,0,0
0,0,0,0,0
0,0,0,0,0
9350,2839,2,0,721
0,0,0,0,0
55345,76791,25,0,1998
0,0,0,0,0
0,0,0,0,0
0,0,0,0,0
0,0,0,0,0
0,0,0,0,0
0,0,0,0,0
0,0,0,0,0
0,0,0,0,0
0,0,0,0,0
0,0,0,0,0
0,0,0,0,0
0,0,0,0,0
0,0,0,0,0
0,0,0,0,0
0,0,0,0,0
0,0,0,0,0
0,0,0,0,0
9005,2429,3,0,752
0,0,0,0,0
58419,76791,71,3,5930
0,0,0,0,0
0,0,0,0,0
0,0,0,0,0
0,0,0,0,0
0,0,0,0,0
0,0,0,0,0
0,0,0,0,0
0,0,0,0,0
0,0,0,0,0
0,0,0,0,0
0,0,0,0,0
0,0,0,0,0
0,0,0,0,0
0,0,0,0,0
0,0,0,0,0
0,0,0,0,0
0,0,0,0,0
9282,2839,1,0,446
53040,76791,27,0,2047
0,0,0,0,0
0,0,0,0,0
0,0,0,0,0
0,0,0,0,0
0,0,0,0,0
0,0,0,0,0
0,0,0,0,0
0,0,0,0,0
0,0,0,0,0
0,0,0,0,0
0,0,0,0,0
0,0,0,0,0
0,0,0,0,0
0,0,0,0,0
0,0,0,0,0
0,0,0,0,0
0,0,0,0,0
0,0,0,0,0
8695,2429,2,0,476
58301,76791,69,3,5949
0,0,0,0,0
0,0,0,0,0
0,0,0,0,0
0,0,0,0,0
0,0,0,0,0
0,0,0,0,0
0,0,0,0,0
0,0,0,0,0
0,0,0,0,0
0,0,0,0,0
0,0,0,0,0
0,0,0,0,0
0,0,0,0,0
0,0,0,0,0
0,0,0,0,0
0,0,0,0,0
0,0,0,0,0
0,0,0,0,0
12822,2901,20,1,3447
56049,76791,64,3,5582
0,0,0,0,0
0,0,0,0,0
0,0,0,0,0
0,0,0,0,0
0,0,0,0,0
0,0,0,0,0
0,0,0,0,0
0,0,0,0,0
0,0,0,0,0
0,0,0,0,0
0,0,0,0,0
0,0,0,0,0
0,0,0,0,0
0,0,0,0,0
0,0,0,0,0
0,0,0,0,0
0,0,0,0,0
0,0,0,0,0
7226,1609,10,0,1443
55886,76791,62,3,5726
0,0,0,0,0
0,0,0,0,0
0,0,0,0,0
0,0,0,0,0
0,0,0,0,0
0,0,0,0,0
0,0,0,0,0
0,0,0,0,0
0,0,0,0,0
0,0,0,0,0
0,0,0,0,0
0,0,0,0,0
0,0,0,0,0
0,0,0,0,0
0,0,0,0,0
0,0,0,0,0
0,0,0,0,0
0,0,0,0,0
7824,1609,18,2,2177
54008,76791,39,0,3343
0,0,0,0,0
0,0,0,0,0
0,0,0,0,0
0,0,0,0,0
0,0,0,0,0
0,0,0,0,0
0,0,0,0,0
0,0,0,0,0
0,0,0,0,0
0,0,0,0,0
0,0,0,0,0
0,0,0,0,0
0,0,0,0,0
0,0,0,0,0
0,0,0,0,0
0,0,0,0,0
0,0,0,0,0
0,0,0,0,0
64588,79220,66,3,6872
0,0,0,0,0
0,0,0,0,0
0,0,0,0,0
0,0,0,0,0
0,0,0,0,0
0,0,0,0,0
0,0,0,0,0
0,0,0,0,0
0,0,0,0,0
0,0,0,0,0
0,0,0,0,0
0,0,0,0,0
0,0,0,0,0
0,0,0,0,0
0,0,0,0,0
0,0,0,0,0
0,0,0,0,0
0,0,0,0,0
9391,2839,2,2,638
52507,76791,25,0,2039
0,0,0,0,0
0,0,0,0,0
0,0,0,0,0
0,0,0,0,0
0,0,0,0,0
0,0,0,0,0
0,0,0,0,0
0,0,0,0,0
0,0,0,0,0
0,0,0,0,0
0,0,0,0,0
0,0,0,0,0
0,0,0,0,0
0,0,0,0,0
0,0,0,0,0
0,0,0,0,0
0,0,0,0,0
0,0,0,0,0
8054,2429,2,0,154
53588,76791,10,1,1273
0,0,0,0,0
0,0,0,0,0
0,0,0,0,0
0,0,0,0,0
0,0,0,0,0
0,0,0,0,0
0,0,0,0,0
0,0,0,0,0
0,0,0,0,0
0,0,0,0,0
0,0,0,0,0
0,0,0,0,0
0,0,0,0,0
0,0,0,0,0
0,0,0,0,0
0,0,0,0,0
0,0,0,0,0
0,0,0,0,0
9892,2901,3,0,575
55680,76791,62,3,5797
0,0,0,0,0
0,0,0,0,0
0,0,0,0,0
0,0,0,0,0
0,0,0,0,0
0,0,0,0,0
0,0,0,0,0
0,0,0,0,0
0,0,0,0,0
0,0,0,0,0
0,0,0,0,0
0,0,0,0,0
0,0,0,0,0
0,0,0,0,0
0,0,0,0,0
0,0,0,0,0
0,0,0,0,0
0,0,0,0,0
8107,2429,1,0,331
52551,76791,27,0,1951
0,0,0,0,0
0,0,0,0,0
0,0,0,0,0
0,0,0,0,0
0,0,0,0,0
0,0,0,0,0
0,0,0,0,0
0,0,0,0,0
0,0,0,0,0
0,0,0,0,0
0,0,0,0,0
0,0,0,0,0
0,0,0,0,0
0,0,0,0,0
0,0,0,0,0
0,0,0,0,0
0,0,0,0,0
0,0,0,0,0
64877,79630,63,4,6394
0,0,0,0,0
0,0,0,0,0
0,0,0,0,0
0,0,0,0,0
0,0,0,0,0
0,0,0,0,0
0,0,0,0,0
0,0,0,0,0
0,0,0,0,0
0,0,0,0,0
0,0,0,0,0
0,0,0,0,0
0,0,0,0,0
0,0,0,0,0
0,0,0,0,0
0,0,0,0,0
0,0,0,0,0
0,0,0,0,0
0,0,0,0,0
61959,79220,28,3,2929
0,0,0,0,0
0,0,0,0,0
0,0,0,0,0
0,0,0,0,0
0,0,0,0,0
0,0,0,0,0
0,0,0,0,0
0,0,0,0,0
0,0,0,0,0
0,0,0,0,0
0,0,0,0,0
0,0,0,0,0
0,0,0,0,0
0,0,0,0,0
0,0,0,0,0
0,0,0,0,0
0,0,0,0,0
0,0,0,0,0
0,0,0,0,0
63568,79630,68,3,6416
0,0,0,0,0
0,0,0,0,0
0,0,0,0,0
0,0,0,0,0
0,0,0,0,0
0,0,0,0,0
0,0,0,0,0
0,0,0,0,0
0,0,0,0,0
0,0,0,0,0
0,0,0,0,0
0,0,0,0,0
0,0,0,0,0
0,0,0,0,0
0,0,0,0,0
0,0,0,0,0
0,0,0,0,0
0,0,0,0,0
0,0,0,0,0
59764,79630,21,3,2145
0,0,0,0,0
0,0,0,0,0
0,0,0,0,0
0,0,0,0,0
0,0,0,0,0
0,0,0,0,0
0,0,0,0,0
0,0,0,0,0
0,0,0,0,0
0,0,0,0,0
0,0,0,0,0
0,0,0,0,0
0,0,0,0,0
0,0,0,0,0
0,0,0,0,0
0,0,0,0,0
0,0,0,0,0
0,0,0,0,0
0,0,0,0,0
64164,79282,62,3,6364
0,0,0,0,0
0,0,0,0,0
0,0,0,0,0
0,0,0,0,0
0,0,0,0,0
0,0,0,0,0
0,0,0,0,0
0,0,0,0,0
0,0,0,0,0
0,0,0,0,0
0,0,0,0,0
0,0,0,0,0
0,0,0,0,0
0,0,0,0,0
0,0,0,0,0
0,0,0,0,0
0,0,0,0,0
0,0,0,0,0
9337,2839,3,0,667
54048,76791,31,1,2500
0,0,0,0,0
0,0,0,0,0
0,0,0,0,0
0,0,0,0,0
0,0,0,0,0
0,0,0,0,0
0,0,0,0,0
0,0,0,0,0
0,0,0,0,0
0,0,0,0,0
0,0,0,0,0
0,0,0,0,0
0,0,0,0,0
0,0,0,0,0
0,0,0,0,0
0,0,0,0,0
0,0,0,0,0
0,0,0,0,0
63813,79220,67,3,6342
0,0,0,0,0
0,0,0,0,0
0,0,0,0,0
0,0,0,0,0
0,0,0,0,0
0,0,0,0,0
0,0,0,0,0
0,0,0,0,0
0,0,0,0,0
0,0,0,0,0
0,0,0,0,0
0,0,0,0,0
0,0,0,0,0
0,0,0,0,0
0,0,0,0,0
0,0,0,0,0
0,0,0,0,0
0,0,0,0,0
0,0,0,0,0
40563,46998,5,0,1413
0,0,0,0,0
0,0,0,0,0
0,0,0,0,0
0,0,0,0,0
0,0,0,0,0
0,0,0,0,0
0,0,0,0,0
0,0,0,0,0
0,0,0,0,0
0,0,0,0,0
0,0,0,0,0
0,0,0,0,0
0,0,0,0,0
0,0,0,0,0
0,0,0,0,0
0,0,0,0,0
0,0,0,0,0
0,0,0,0,0
0,0,0,0,0
62829,79220,66,3,6256
0,0,0,0,0
0,0,0,0,0
0,0,0,0,0
0,0,0,0,0
0,0,0,0,0
0,0,0,0,0
0,0,0,0,0
0,0,0,0,0
0,0,0,0,0
0,0,0,0,0
0,0,0,0,0
0,0,0,0,0
0,0,0,0,0
0,0,0,0,0
0,0,0,0,0
0,0,0,0,0
0,0,0,0,0
0,0,0,0,0
0,0,0,0,0
61100,79630,21,0,2042
0,0,0,0,0
0,0,0,0,0
0,0,0,0,0
0,0,0,0,0
0,0,0,0,0
0,0,0,0,0
0,0,0,0,0
0,0,0,0,0
0,0,0,0,0
0,0,0,0,0
0,0,0,0,0
0,0,0,0,0
0,0,0,0,0
0,0,0,0,0
0,0,0,0,0
0,0,0,0,0
0,0,0,0,0
0,0,0,0,0
0,0,0,0,0
63041,79282,64,3,6301
0,0,0,0,0
0,0,0,0,0
0,0,0,0,0
0,0,0,0,0
0,0,0,0,0
0,0,0,0,0
0,0,0,0,0
0,0,0,0,0
0,0,0,0,0
0,0,0,0,0
0,0,0,0,0
0,0,0,0,0
0,0,0,0,0
0,0,0,0,0
0,0,0,0,0
0,0,0,0,0
0,0,0,0,0
0,0,0,0,0
52768,76791,15,1,1653
7481,2839,2,0,395
0,0,0,0,0
0,0,0,0,0
0,0,0,0,0
0,0,0,0,0
0,0,0,0,0
0,0,0,0,0
0,0,0,0,0
0,0,0,0,0
0,0,0,0,0
0,0,0,0,0
0,0,0,0,0
0,0,0,0,0
0,0,0,0,0
0,0,0,0,0
0,0,0,0,0
0,0,0,0,0
0,0,0,0,0
0,0,0,0,0
55707,76791,62,3,5744
6353,2429,1,0,210
0,0,0,0,0
0,0,0,0,0
0,0,0,0,0
0,0,0,0,0
0,0,0,0,0
0,0,0,0,0
0,0,0,0,0
0,0,0,0,0
0,0,0,0,0
0,0,0,0,0
0,0,0,0,0
0,0,0,0,0
0,0,0,0,0
0,0,0,0,0
0,0,0,0,0
0,0,0,0,0
0,0,0,0,0
0,0,0,0,0
59080,79598,71,3,5812
5972,33,0,0,0
0,0,0,0,0
0,0,0,0,0
0,0,0,0,0
0,0,0,0,0
0,0,0,0,0
0,0,0,0,0
0,0,0,0,0
0,0,0,0,0
0,0,0,0,0
0,0,0,0,0
0,0,0,0,0
0,0,0,0,0
0,0,0,0,0
0,0,0,0,0
0,0,0,0,0
0,0,0,0,0
0,0,0,0,0
0,0,0,0,0
62364,79220,68,3,6510
0,0,0,0,0
0,0,0,0,0
0,0,0,0,0
0,0,0,0,0
0,0,0,0,0
0,0,0,0,0
0,0,0,0,0
0,0,0,0,0
0,0,0,0,0
0,0,0,0,0
0,0,0,0,0
0,0,0,0,0
0,0,0,0,0
0,0,0,0,0
0,0,0,0,0
0,0,0,0,0
0,0,0,0,0
0,0,0,0,0
0,0,0,0,0
59972,79630,18,1,2086
0,0,0,0,0
0,0,0,0,0
0,0,0,0,0
0,0,0,0,0
0,0,0,0,0
0,0,0,0,0
0,0,0,0,0
0,0,0,0,0
0,0,0,0,0
0,0,0,0,0
0,0,0,0,0
0,0,0,0,0
0,0,0,0,0
0,0,0,0,0
0,0,0,0,0
0,0,0,0,0
0,0,0,0,0
0,0,0,0,0
55862,76791,66,3,6024
7371,2491,2,0,557
0,0,0,0,0
0,0,0,0,0
0,0,0,0,0
0,0,0,0,0
0,0,0,0,0
0,0,0,0,0
0,0,0,0,0
0,0,0,0,0
0,0,0,0,0
0,0,0,0,0
0,0,0,0,0
0,0,0,0,0
0,0,0,0,0
0,0,0,0,0
0,0,0,0,0
0,0,0,0,0
0,0,0,0,0
0,0,0,0,0
53905,76791,25,0,1930
7383,2839,1,0,274
0,0,0,0,0
0,0,0,0,0
0,0,0,0,0
0,0,0,0,0
0,0,0,0,0
0,0,0,0,0
0,0,0,0,0
0,0,0,0,0
0,0,0,0,0
0,0,0,0,0
0,0,0,0,0
0,0,0,0,0
0,0,0,0,0
0,0,0,0,0
0,0,0,0,0
0,0,0,0,0
0,0,0,0,0
0,0,0,0,0
59045,76791,69,3,5859
8074,2839,2,0,429
0,0,0,0,0
0,0,0,0,0
0,0,0,0,0
0,0,0,0,0
0,0,0,0,0
0,0,0,0,0
0,0,0,0,0
0,0,0,0,0
0,0,0,0,0
0,0,0,0,0
0,0,0,0,0
0,0,0,0,0
0,0,0,0,0
0,0,0,0,0
0,0,0,0,0
0,0,0,0,0
0,0,0,0,0
0,0,0,0,0
55910,76791,23,0,2000
6020,2429,2,0,252
0,0,0,0,0
0,0,0,0,0
0,0,0,0,0
0,0,0,0,0
0,0,0,0,0
0,0,0,0,0
0,0,0,0,0
0,0,0,0,0
0,0,0,0,0
0,0,0,0,0
0,0,0,0,0
0,0,0,0,0
0,0,0,0,0
0,0,0,0,0
0,0,0,0,0
0,0,0,0,0
0,0,0,0,0
0,0,0,0,0
57717,76791,71,3,5906
7147,2839,1,0,168
0,0,0,0,0
0,0,0,0,0
0,0,0,0,0
0,0,0,0,0
0,0,0,0,0
0,0,0,0,0
0,0,0,0,0
0,0,0,0,0
0,0,0,0,0
0,0,0,0,0
0,0,0,0,0
0,0,0,0,0
0,0,0,0,0
0,0,0,0,0
0,0,0,0,0
0,0,0,0,0
0,0,0,0,0
54548,76791,27,0,2312
3062,820,0,0,230
4038,1609,1,0,177
0,0,0,0,0
0,0,0,0,0
0,0,0,0,0
0,0,0,0,0
0,0,0,0,0
0,0,0,0,0
0,0,0,0,0
0,0,0,0,0
0,0,0,0,0
0,0,0,0,0
0,0,0,0,0
0,0,0,0,0
0,0,0,0,0
0,0,0,0,0
0,0,0,0,0
0,0,0,0,0
0,0,0,0,0
58037,76791,68,3,5868
7855,2901,2,0,285
0,0,0,0,0
0,0,0,0,0
0,0,0,0,0
0,0,0,0,0
0,0,0,0,0
0,0,0,0,0
0,0,0,0,0
0,0,0,0,0
0,0,0,0,0
0,0,0,0,0
0,0,0,0,0
0,0,0,0,0
0,0,0,0,0
0,0,0,0,0
0,0,0,0,0
0,0,0,0,0
0,0,0,0,0
0,0,0,0,0
52628,76791,24,0,1969
5907,2429,1,0,99
0,0,0,0,0
0,0,0,0,0
0,0,0,0,0
0,0,0,0,0
0,0,0,0,0
0,0,0,0,0
0,0,0,0,0
0,0,0,0,0
0,0,0,0,0
0,0,0,0,0
0,0,0,0,0
0,0,0,0,0
0,0,0,0,0
0,0,0,0,0
0,0,0,0,0
0,0,0,0,0
0,0,0,0,0
0,0,0,0,0
55551,76791,63,3,5894
7528,2839,1,0,274
0,0,0,0,0
0,0,0,0,0
0,0,0,0,0
0,0,0,0,0
0,0,0,0,0
0,0,0,0,0
0,0,0,0,0
0,0,0,0,0
0,0,0,0,0
0,0,0,0,0
0,0,0,0,0
0,0,0,0,0
0,0,0,0,0
0,0,0,0,0
0,0,0,0,0
0,0,0,0,0
0,0,0,0,0
0,0,0,0,0
53811,76791,20,1,2194
6488,2429,1,0,397
0,0,0,0,0
0,0,0,0,0
0,0,0,0,0
0,0,0,0,0
0,0,0,0,0
0,0,0,0,0
0,0,0,0,0
0,0,0,0,0
0,0,0,0,0
0,0,0,0,0
0,0,0,0,0
0,0,0,0,0
0,0,0,0,0
0,0,0,0,0
0,0,0,0,0
0,0,0,0,0
0,0,0,0,0
55650,76791,62,3,5922
0,0,0,0,0
7369,2839,1,0,284
0,0,0,0,0
0,0,0,0,0
0,0,0,0,0
0,0,0,0,0
0,0,0,0,0
0,0,0,0,0
0,0,0,0,0
0,0,0,0,0
0,0,0,0,0
0,0,0,0,0
0,0,0,0,0
0,0,0,0,0
0,0,0,0,0
0,0,0,0,0
0,0,0,0,0
0,0,0,0,0
0,0,0,0,0
52513,76791,22,0,1976
0,0,0,0,0
6060,2429,1,0,118
0,0,0,0,0
0,0,0,0,0
0,0,0,0,0
0,0,0,0,0
0,0,0,0,0
0,0,0,0,0
0,0,0,0,0
0,0,0,0,0
0,0,0,0,0
0,0,0,0,0
0,0,0,0,0
0,0,0,0,0
0,0,0,0,0
0,0,0,0,0
0,0,0,0,0
0,0,0,0,0
0,0,0,0,0
55490,76791,64,3,5865
0,0,0,0,0
8142,2901,3,0,559
0,0,0,0,0
0,0,0,0,0
0,0,0,0,0
0,0,0,0,0
0,0,0,0,0
0,0,0,0,0
0,0,0,0,0
0,0,0,0,0
0,0,0,0,0
0,0,0,0,0
0,0,0,0,0
0,0,0,0,0
0,0,0,0,0
0,0,0,0,0
0,0,0,0,0
0,0,0,0,0
0,0,0,0,0
53823,76791,32,0,2429
0,0,0,0,0
6729,2429,1,0,278
0,0,0,0,0
0,0,0,0,0
0,0,0,0,0
0,0,0,0,0
0,0,0,0,0
0,0,0,0,0
0,0,0,0,0
0,0,0,0,0
0,0,0,0,0
0,0,0,0,0
0,0,0,0,0
0,0,0,0,0
0,0,0,0,0
0,0,0,0,0
0,0,0,0,0
0,0,0,0,0
0,0,0,0,0
55639,76791,65,3,6047
7941,2839,2,0,552
0,0,0,0,0
0,0,0,0,0
0,0,0,0,0
0,0,0,0,0
0,0,0,0,0
0,0,0,0,0
0,0,0,0,0
0,0,0,0,0
0,0,0,0,0
0,0,0,0,0
0,0,0,0,0
0,0,0,0,0
0,0,0,0,0
0,0,0,0,0
0,0,0,0,0
0,0,0,0,0
0,0,0,0,0
0,0,0,0,0
52383,76791,22,0,1898
7503,2839,1,0,410
0,0,0,0,0
0,0,0,0,0
0,0,0,0,0
0,0,0,0,0
0,0,0,0,0
0,0,0,0,0
0,0,0,0,0
0,0,0,0,0
0,0,0,0,0
0,0,0,0,0
0,0,0,0,0
0,0,0,0,0
0,0,0,0,0
0,0,0,0,0
0,0,0,0,0
0,0,0,0,0
0,0,0,0,0
55686,76791,63,3,5899
0,0,0,0,0
6150,2429,1,0,83
0,0,0,0,0
0,0,0,0,0
0,0,0,0,0
0,0,0,0,0
0,0,0,0,0
0,0,0,0,0
0,0,0,0,0
0,0,0,0,0
0,0,0,0,0
0,0,0,0,0
0,0,0,0,0
0,0,0,0,0
0,0,0,0,0
0,0,0,0,0
0,0,0,0,0
0,0,0,0,0
0,0,0,0,0
54024,76791,24,0,2423
0,0,0,0,0
6900,2839,1,0,129
0,0,0,0,0
0,0,0,0,0
0,0,0,0,0
0,0,0,0,0
0,0,0,0,0
0,0,0,0,0
0,0,0,0,0
0,0,0,0,0
0,0,0,0,0
0,0,0,0,0
0,0,0,0,0
0,0,0,0,0
0,0,0,0,0
0,0,0,0,0
0,0,0,0,0
0,0,0,0,0
0,0,0,0,0
55465,76791,65,3,5679
0,0,0,0,0
6562,2491,3,0,372
0,0,0,0,0
0,0,0,0,0
0,0,0,0,0
0,0,0,0,0
0,0,0,0,0
0,0,0,0,0
0,0,0,0,0
0,0,0,0,0
0,0,0,0,0
0,0,0,0,0
0,0,0,0,0
0,0,0,0,0
0,0,0,0,0
0,0,0,0,0
0,0,0,0,0
0,0,0,0,0
0,0,0,0,0
52230,76791,24,0,1906
0,0,0,0,0
7447,2839,1,0,281
0,0,0,0,0
0,0,0,0,0
0,0,0,0,0
0,0,0,0,0
0,0,0,0,0
0,0,0,0,0
0,0,0,0,0
0,0,0,0,0
0,0,0,0,0
0,0,0,0,0
0,0,0,0,0
0,0,0,0,0
0,0,0,0,0
0,0,0,0,0
0,0,0,0,0
0,0,0,0,0
0,0,0,0,0
55670,76791,61,3,5799
0,0,0,0,0
6559,2429,2,0,525
0,0,0,0,0
0,0,0,0,0
0,0,0,0,0
0,0,0,0,0
0,0,0,0,0
0,0,0,0,0
0,0,0,0,0
0,0,0,0,0
0,0,0,0,0
0,0,0,0,0
0,0,0,0,0
0,0,0,0,0
0,0,0,0,0
0,0,0,0,0
0,0,0,0,0
0,0,0,0,0
53791,76791,23,1,2326
0,0,0,0,0
0,0,0,0,0
8661,2839,3,0,642
0,0,0,0,0
0,0,0,0,0
0,0,0,0,0
0,0,0,0,0
0,0,0,0,0
0,0,0,0,0
0,0,0,0,0
0,0,0,0,0
0,0,0,0,0
0,0,0,0,0
0,0,0,0,0
0,0,0,0,0
0,0,0,0,0
0,0,0,0,0
0,0,0,0,0
0,0,0,0,0
218493,183216,90,48,23496
0,0,0,0,0
6681,2429,2,0,255
0,0,0,0,0
0,0,0,0,0
0,0,0,0,0
0,0,0,0,0
0,0,0,0,0
0,0,0,0,0
0,0,0,0,0
0,0,0,0,0
0,0,0,0,0
0,0,0,0,0
0,0,0,0,0
0,0,0,0,0
0,0,0,0,0
0,0,0,0,0
0,0,0,0,0
0,0,0,0,0
0,0,0,0,0
111369,241900,52,15,4898
0,0,0,0,0
7326,2839,2,0,333
0,0,0,0,0
0,0,0,0,0
0,0,0,0,0
0,0,0,0,0
0,0,0,0,0
0,0,0,0,0
0,0,0,0,0
0,0,0,0,0
0,0,0,0,0
0,0,0,0,0
0,0,0,0,0
0,0,0,0,0
0,0,0,0,0
0,0,0,0,0
0,0,0,0,0
0,0,0,0,0
0,0,0,0,0
57482,77106,68,12,5846
0,0,0,0,0
6936,2491,3,0,378
0,0,0,0,0
0,0,0,0,0
0,0,0,0,0
0,0,0,0,0
0,0,0,0,0
0,0,0,0,0
0,0,0,0,0
0,0,0,0,0
0,0,0,0,0
0,0,0,0,0
0,0,0,0,0
0,0,0,0,0
0,0,0,0,0
0,0,0,0,0
0,0,0,0,0
0,0,0,0,0
0,0,0,0,0
53660,77106,26,0,2086
0,0,0,0,0
7461,2839,2,0,284
0,0,0,0,0
0,0,0,0,0
0,0,0,0,0
0,0,0,0,0
0,0,0,0,0
0,0,0,0,0
0,0,0,0,0
0,0,0,0,0
0,0,0,0,0
0,0,0,0,0
0,0,0,0,0
0,0,0,0,0
0,0,0,0,0
0,0,0,0,0
0,0,0,0,0
0,0,0,0,0
55462,77106,63,3,5594
0,0,0,0,0
0,0,0,0,0
6489,2429,2,0,363
0,0,0,0,0
0,0,0,0,0
0,0,0,0,0
0,0,0,0,0
0,0,0,0,0
0,0,0,0,0
0,0,0,0,0
0,0,0,0,0
0,0,0,0,0
0,0,0,0,0
0,0,0,0,0
0,0,0,0,0
0,0,0,0,0
0,0,0,0,0
0,0,0,0,0
0,0,0,0,0
52996,77106,24,0,2188
0,0,0,0,0
0,0,0,0,0
10524,2839,5,0,1780
0,0,0,0,0
0,0,0,0,0
0,0,0,0,0
0,0,0,0,0
0,0,0,0,0
0,0,0,0,0
0,0,0,0,0
0,0,0,0,0
0,0,0,0,0
0,0,0,0,0
0,0,0,0,0
0,0,0,0,0
0,0,0,0,0
0,0,0,0,0
0,0,0,0,0
0,0,0,0,0
55963,77106,63,5,5712
0,0,0,0,0
0,0,0,0,0
7103,2429,1,0,258
0,0,0,0,0
0,0,0,0,0
0,0,0,0,0
0,0,0,0,0
0,0,0,0,0
0,0,0,0,0
0,0,0,0,0
0,0,0,0,0
0,0,0,0,0
0,0,0,0,0
0,0,0,0,0
0,0,0,0,0
0,0,0,0,0
0,0,0,0,0
0,0,0,0,0
0,0,0,0,0
56009,77106,61,5,5446
0,0,0,0,0
0,0,0,0,0
7787,2839,2,0,261
0,0,0,0,0
0,0,0,0,0
0,0,0,0,0
0,0,0,0,0
0,0,0,0,0
0,0,0,0,0
0,0,0,0,0
0,0,0,0,0
0,0,0,0,0
0,0,0,0,0
0,0,0,0,0
0,0,0,0,0
0,0,0,0,0
0,0,0,0,0
0,0,0,0,0
0,0,0,0,0
55913,77106,60,3,5854
0,0,0,0,0
2004,472,2,0,184
5657,2429,1,0,232
0,0,0,0,0
0,0,0,0,0
0,0,0,0,0
0,0,0,0,0
0,0,0,0,0
0,0,0,0,0
0,0,0,0,0
0,0,0,0,0
0,0,0,0,0
0,0,0,0,0
0,0,0,0,0
0,0,0,0,0
0,0,0,0,0
0,0,0,0,0
0,0,0,0,0
52776,77106,26,0,2281
0,0,0,0,0
0,0,0,0,0
6161,2429,1,0,238
0,0,0,0,0
0,0,0,0,0
0,0,0,0,0
0,0,0,0,0
0,0,0,0,0
0,0,0,0,0
0,0,0,0,0
0,0,0,0,0
0,0,0,0,0
0,0,0,0,0
0,0,0,0,0
0,0,0,0,0
0,0,0,0,0
0,0,0,0,0
0,0,0,0,0
0,0,0,0,0
56486,77106,64,3,5781
0,0,0,0,0
0,0,0,0,0
7282,2839,1,0,287
0,0,0,0,0
0,0,0,0,0
0,0,0,0,0
0,0,0,0,0
0,0,0,0,0
0,0,0,0,0
0,0,0,0,0
0,0,0,0,0
0,0,0,0,0
0,0,0,0,0
0,0,0,0,0
0,0,0,0,0
0,0,0,0,0
0,0,0,0,0
0,0,0,0,0
0,0,0,0,0
57220,77106,64,3,5412
0,0,0,0,0
0,0,0,0,0
8198,2429,5,0,1052
0,0,0,0,0
0,0,0,0,0
0,0,0,0,0
0,0,0,0,0
0,0,0,0,0
0,0,0,0,0
0,0,0,0,0
0,0,0,0,0
0,0,0,0,0
0,0,0,0,0
0,0,0,0,0
0,0,0,0,0
0,0,0,0,0
0,0,0,0,0
0,0,0,0,0
0,0,0,0,0
56147,77106,61,3,5879
0,0,0,0,0
0,0,0,0,0
16720,2839,2,0,587
0,0,0,0,0
0,0,0,0,0
0,0,0,0,0
0,0,0,0,0
0,0,0,0,0
0,0,0,0,0
0,0,0,0,0
0,0,0,0,0
0,0,0,0,0
0,0,0,0,0
0,0,0,0,0
0,0,0,0,0
0,0,0,0,0
0,0,0,0,0
0,0,0,0,0
0,0,0,0,0
53582,77106,32,1,2622
0,0,0,0,0
0,0,0,0,0
6608,2429,2,0,351
0,0,0,0,0
0,0,0,0,0
0,0,0,0,0
0,0,0,0,0
0,0,0,0,0
0,0,0,0,0
0,0,0,0,0
0,0,0,0,0
0,0,0,0,0
0,0,0,0,0
0,0,0,0,0
0,0,0,0,0
0,0,0,0,0
0,0,0,0,0
0,0,0,0,0
56899,77106,63,3,5590
0,0,0,0,0
0,0,0,0,0
0,0,0,0,0
7836,2905,2,0,114
0,0,0,0,0
0,0,0,0,0
0,0,0,0,0
0,0,0,0,0
0,0,0,0,0
0,0,0,0,0
0,0,0,0,0
0,0,0,0,0
0,0,0,0,0
0,0,0,0,0
0,0,0,0,0
0,0,0,0,0
0,0,0,0,0
0,0,0,0,0
0,0,0,0,0
56068,77106,65,3,5740
0,0,0,0,0
0,0,0,0,0
0,0,0,0,0
6534,2429,2,0,369
0,0,0,0,0
0,0,0,0,0
0,0,0,0,0
0,0,0,0,0
0,0,0,0,0
0,0,0,0,0
0,0,0,0,0
0,0,0,0,0
0,0,0,0,0
0,0,0,0,0
0,0,0,0,0
0,0,0,0,0
0,0,0,0,0
0,0,0,0,0
0,0,0,0,0
55798,77106,63,3,6077
0,0,0,0,0
0,0,0,0,0
0,410,0,0,39
7237,2429,2,0,404
0,0,0,0,0
0,0,0,0,0
0,0,0,0,0
0,0,0,0,0
0,0,0,0,0
0,0,0,0,0
0,0,0,0,0
0,0,0,0,0
0,0,0,0,0
0,0,0,0,0
0,0,0,0,0
0,0,0,0,0
0,0,0,0,0
0,0,0,0,0
0,0,0,0,0
52745,77106,26,2,2198
0,0,0,0,0
0,0,0,0,0
6222,2429,1,0,241
0,0,0,0,0
0,0,0,0,0
0,0,0,0,0
0,0,0,0,0
0,0,0,0,0
0,0,0,0,0
0,0,0,0,0
0,0,0,0,0
0,0,0,0,0
0,0,0,0,0
0,0,0,0,0
0,0,0,0,0
0,0,0,0,0
0,0,0,0,0
0,0,0,0,0
0,0,0,0,0
55893,77106,66,3,6093
0,0,0,0,0
0,0,0,0,0
8675,2839,1,0,265
0,0,0,0,0
0,0,0,0,0
0,0,0,0,0
0,0,0,0,0
0,0,0,0,0
0,0,0,0,0
0,0,0,0,0
0,0,0,0,0
0,0,0,0,0
0,0,0,0,0
0,0,0,0,0
0,0,0,0,0
0,0,0,0,0
0,0,0,0,0
0,0,0,0,0
55653,77106,62,3,5453
0,0,0,0,0
0,0,0,0,0
0,0,0,0,0
8069,2429,1,0,711
0,0,0,0,0
0,0,0,0,0
0,0,0,0,0
0,0,0,0,0
0,0,0,0,0
0,0,0,0,0
0,0,0,0,0
0,0,0,0,0
0,0,0,0,0
0,0,0,0,0
0,0,0,0,0
0,0,0,0,0
0,0,0,0,0
0,0,0,0,0
0,0,0,0,0
55738,77106,59,3,5970
0,0,0,0,0
0,0,0,0,0
0,0,0,0,0
7887,2905,2,0,272
0,0,0,0,0
0,0,0,0,0
0,0,0,0,0
0,0,0,0,0
0,0,0,0,0
0,0,0,0,0
0,0,0,0,0
0,0,0,0,0
0,0,0,0,0
0,0,0,0,0
0,0,0,0,0
0,0,0,0,0
0,0,0,0,0
0,0,0,0,0
0,0,0,0,0
56861,77106,72,6,5275
0,0,0,0,0
0,0,0,0,0
0,0,0,0,0
7948,2839,3,0,743
0,0,0,0,0
0,0,0,0,0
0,0,0,0,0
0,0,0,0,0
0,0,0,0,0
0,0,0,0,0
0,0,0,0,0
0,0,0,0,0
0,0,0,0,0
0,0,0,0,0
0,0,0,0,0
0,0,0,0,0
0,0,0,0,0
0,0,0,0,0
0,0,0,0,0
57646,77106,73,8,5869
0,0,0,0,0
0,0,0,0,0
0,0,0,0,0
6242,2429,1,0,244
0,0,0,0,0
0,0,0,0,0
0,0,0,0,0
0,0,0,0,0
0,0,0,0,0
0,0,0,0,0
0,0,0,0,0
0,0,0,0,0
0,0,0,0,0
0,0,0,0,0
0,0,0,0,0
0,0,0,0,0
0,0,0,0,0
0,0,0,0,0
0,0,0,0,0
54223,77106,22,2,2396
0,0,0,0,0
0,0,0,0,0
0,0,0,0,0
7510,2839,2,0,400
0,0,0,0,0
0,0,0,0,0
0,0,0,0,0
0,0,0,0,0
0,0,0,0,0
0,0,0,0,0
0,0,0,0,0
0,0,0,0,0
0,0,0,0,0
0,0,0,0,0
0,0,0,0,0
0,0,0,0,0
0,0,0,0,0
0,0,0,0,0
55694,77106,60,3,5933
0,0,0,0,0
0,0,0,0,0
0,0,0,0,0
0,0,0,0,0
5975,2429,1,0,221
0,0,0,0,0
0,0,0,0,0
0,0,0,0,0
0,0,0,0,0
0,0,0,0,0
0,0,0,0,0
0,0,0,0,0
0,0,0,0,0
0,0,0,0,0
0,0,0,0,0
0,0,0,0,0
0,0,0,0,0
0,0,0,0,0
0,0,0,0,0
53074,77106,25,0,2104
0,0,0,0,0
0,0,0,0,0
0,0,0,0,0
13927,2839,1,0,209
0,0,0,0,0
0,0,0,0,0
0,0,0,0,0
0,0,0,0,0
0,0,0,0,0
0,0,0,0,0
0,0,0,0,0
0,0,0,0,0
0,0,0,0,0
0,0,0,0,0
0,0,0,0,0
0,0,0,0,0
0,0,0,0,0
0,0,0,0,0
0,0,0,0,0
55759,77106,62,3,5844
0,0,0,0,0
0,0,0,0,0
0,0,0,0,0
6534,2495,3,0,204
0,0,0,0,0
0,0,0,0,0
0,0,0,0,0
0,0,0,0,0
0,0,0,0,0
0,0,0,0,0
0,0,0,0,0
0,0,0,0,0
0,0,0,0,0
0,0,0,0,0
0,0,0,0,0
0,0,0,0,0
0,0,0,0,0
0,0,0,0,0
0,0,0,0,0
55606,77106,60,4,5577
0,0,0,0,0
0,0,0,0,0
0,0,0,0,0
7375,2839,1,0,281
0,0,0,0,0
0,0,0,0,0
0,0,0,0,0
0,0,0,0,0
0,0,0,0,0
0,0,0,0,0
0,0,0,0,0
0,0,0,0,0
0,0,0,0,0
0,0,0,0,0
0,0,0,0,0
0,0,0,0,0
0,0,0,0,0
0,0,0,0,0
0,0,0,0,0
55739,77106,64,3,6020
0,0,0,0,0
0,0,0,0,0
0,0,0,0,0
5541,2429,1,0,96
0,0,0,0,0
0,0,0,0,0
0,0,0,0,0
0,0,0,0,0
0,0,0,0,0
0,0,0,0,0
0,0,0,0,0
0,0,0,0,0
0,0,0,0,0
0,0,0,0,0
0,0,0,0,0
0,0,0,0,0
0,0,0,0,0
0,0,0,0,0
52474,77106,25,0,2069
0,0,0,0,0
0,0,0,0,0
0,0,0,0,0
0,0,0,0,0
7441,2839,1,0,281
0,0,0,0,0
0,0,0,0,0
0,0,0,0,0
0,0,0,0,0
0,0,0,0,0
0,0,0,0,0
0,0,0,0,0
0,0,0,0,0
0,0,0,0,0
0,0,0,0,0
0,0,0,0,0
0,0,0,0,0
0,0,0,0,0
0,0,0,0,0
55702,76791,62,3,6009
0,0,0,0,0
0,0,0,0,0
0,0,0,0,0
0,0,0,0,0
6604,2429,2,0,267
0,0,0,0,0
0,0,0,0,0
0,0,0,0,0
0,0,0,0,0
0,0,0,0,0
0,0,0,0,0
0,0,0,0,0
0,0,0,0,0
0,0,0,0,0
0,0,0,0,0
0,0,0,0,0
0,0,0,0,0
0,0,0,0,0
0,0,0,0,0
55270,76791,63,3,5444
0,0,0,0,0
0,0,0,0,0
0,0,0,0,0
0,0,0,0,0
7353,2839,1,0,288
0,0,0,0,0
0,0,0,0,0
0,0,0,0,0
0,0,0,0,0
0,0,0,0,0
0,0,0,0,0
0,0,0,0,0
0,0,0,0,0
0,0,0,0,0
0,0,0,0,0
0,0,0,0,0
0,0,0,0,0
0,0,0,0,0
0,0,0,0,0
55663,76791,63,3,6040
0,0,0,0,0
0,0,0,0,0
0,0,0,0,0
2809,476,2,0,557
5646,2019,1,0,219
0,0,0,0,0
0,0,0,0,0
0,0,0,0,0
0,0,0,0,0
0,0,0,0,0
0,0,0,0,0
0,0,0,0,0
0,0,0,0,0
0,0,0,0,0
0,0,0,0,0
0,0,0,0,0
0,0,0,0,0
0,0,0,0,0
0,0,0,0,0
52475,76791,25,0,2218
0,0,0,0,0
0,0,0,0,0
0,0,0,0,0
7525,2839,1,0,250
0,0,0,0,0
0,0,0,0,0
0,0,0,0,0
0,0,0,0,0
0,0,0,0,0
0,0,0,0,0
0,0,0,0,0
0,0,0,0,0
0,0,0,0,0
0,0,0,0,0
0,0,0,0,0
0,0,0,0,0
0,0,0,0,0
0,0,0,0,0
55801,76791,63,3,6054
0,0,0,0,0
0,0,0,0,0
0,0,0,0,0
0,0,0,0,0
7516,2839,1,0,288
0,0,0,0,0
0,0,0,0,0
0,0,0,0,0
0,0,0,0,0
0,0,0,0,0
0,0,0,0,0
0,0,0,0,0
0,0,0,0,0
0,0,0,0,0
0,0,0,0,0
0,0,0,0,0
0,0,0,0,0
0,0,0,0,0
0,0,0,0,0
55633,76791,62,3,5533
0,0,0,0,0
0,0,0,0,0
0,0,0,0,0
0,0,0,0,0
16579,2429,24,4,7041
0,0,0,0,0
0,0,0,0,0
0,0,0,0,0
0,0,0,0,0
0,0,0,0,0
0,0,0,0,0
0,0,0,0,0
0,0,0,0,0
0,0,0,0,0
0,0,0,0,0
0,0,0,0,0
0,0,0,0,0
0,0,0,0,0
0,0,0,0,0
56022,76791,62,3,5983
0,0,0,0,0
0,0,0,0,0
0,0,0,0,0
0,0,0,0,0
8976,2839,2,0,429
0,0,0,0,0
0,0,0,0,0
0,0,0,0,0
0,0,0,0,0
0,0,0,0,0
0,0,0,0,0
0,0,0,0,0
0,0,0,0,0
0,0,0,0,0
0,0,0,0,0
0,0,0,0,0
0,0,0,0,0
0,0,0,0,0
0,0,0,0,0
53684,76791,27,1,2498
0,0,0,0,0
0,0,0,0,0
0,0,0,0,0
0,0,0,0,0
8659,2429,4,0,852
0,0,0,0,0
0,0,0,0,0
0,0,0,0,0
0,0,0,0,0
0,0,0,0,0
0,0,0,0,0
0,0,0,0,0
0,0,0,0,0
0,0,0,0,0
0,0,0,0,0
0,0,0,0,0
0,0,0,0,0
0,0,0,0,0
0,0,0,0,0
55817,76791,66,3,6024
0,0,0,0,0
0,0,0,0,0
0,0,0,0,0
0,0,0,0,0
10534,2905,5,0,843
0,0,0,0,0
0,0,0,0,0
0,0,0,0,0
0,0,0,0,0
0,0,0,0,0
0,0,0,0,0
0,0,0,0,0
0,0,0,0,0
0,0,0,0,0
0,0,0,0,0
0,0,0,0,0
0,0,0,0,0
0,0,0,0,0
55828,76791,65,3,5537
0,0,0,0,0
0,0,0,0,0
0,0,0,0,0
0,0,0,0,0
0,0,0,0,0
8540,2429,1,0,616
0,0,0,0,0
0,0,0,0,0
0,0,0,0,0
0,0,0,0,0
0,0,0,0,0
0,0,0,0,0
0,0,0,0,0
0,0,0,0,0
0,0,0,0,0
0,0,0,0,0
0,0,0,0,0
0,0,0,0,0
0,0,0,0,0
57721,76791,67,3,5987
0,0,0,0,0
0,0,0,0,0
0,0,0,0,0
0,0,0,0,0
0,0,0,0,0
9592,2839,3,0,721
0,0,0,0,0
0,0,0,0,0
0,0,0,0,0
0,0,0,0,0
0,0,0,0,0
0,0,0,0,0
0,0,0,0,0
0,0,0,0,0
0,0,0,0,0
0,0,0,0,0
0,0,0,0,0
0,0,0,0,0
0,0,0,0,0
58071,76791,74,3,5403
0,0,0,0,0
0,0,0,0,0
0,0,0,0,0
0,0,0,0,0
8499,2429,4,0,603
0,0,0,0,0
0,0,0,0,0
0,0,0,0,0
0,0,0,0,0
0,0,0,0,0
0,0,0,0,0
0,0,0,0,0
0,0,0,0,0
0,0,0,0,0
0,0,0,0,0
0,0,0,0,0
0,0,0,0,0
0,0,0,0,0
0,0,0,0,0
58884,76791,70,3,6094
0,0,0,0,0
0,0,0,0,0
0,0,0,0,0
0,0,0,0,0
9889,2839,5,0,842
0,0,0,0,0
0,0,0,0,0
0,0,0,0,0
0,0,0,0,0
0,0,0,0,0
0,0,0,0,0
0,0,0,0,0
0,0,0,0,0
0,0,0,0,0
0,0,0,0,0
0,0,0,0,0
0,0,0,0,0
0,0,0,0,0
0,0,0,0,0
55971,76791,67,3,5556
0,0,0,0,0
0,0,0,0,0
0,0,0,0,0
0,0,0,0,0
8433,2429,5,0,792
0,0,0,0,0
0,0,0,0,0
0,0,0,0,0
0,0,0,0,0
0,0,0,0,0
0,0,0,0,0
0,0,0,0,0
0,0,0,0,0
0,0,0,0,0
0,0,0,0,0
0,0,0,0,0
0,0,0,0,0
0,0,0,0,0
58294,76791,68,3,5836
0,0,0,0,0
0,0,0,0,0
0,0,0,0,0
0,0,0,0,0
0,0,0,0,0
9436,2905,5,0,504
0,0,0,0,0
0,0,0,0,0
0,0,0,0,0
0,0,0,0,0
0,0,0,0,0
0,0,0,0,0
0,0,0,0,0
0,0,0,0,0
0,0,0,0,0
0,0,0,0,0
0,0,0,0,0
0,0,0,0,0
0,0,0,0,0
52968,76791,25,1,2187
0,0,0,0,0
0,0,0,0,0
0,0,0,0,0
0,0,0,0,0
0,0,0,0,0
9459,2429,3,0,544
0,0,0,0,0
0,0,0,0,0
0,0,0,0,0
0,0,0,0,0
0,0,0,0,0
0,0,0,0,0
0,0,0,0,0
0,0,0,0,0
0,0,0,0,0
0,0,0,0,0
0,0,0,0,0
0,0,0,0,0
0,0,0,0,0
55620,76791,59,3,5939
0,0,0,0,0
0,0,0,0,0
0,0,0,0,0
0,0,0,0,0
0,0,0,0,0
9579,2839,1,0,497
0,0,0,0,0
0,0,0,0,0
0,0,0,0,0
0,0,0,0,0
0,0,0,0,0
0,0,0,0,0
0,0,0,0,0
0,0,0,0,0
0,0,0,0,0
0,0,0,0,0
0,0,0,0,0
0,0,0,0,0
0,0,0,0,0
53555,76791,26,0,2004
0,0,0,0,0
0,0,0,0,0
0,0,0,0,0
0,0,0,0,0
0,0,0,0,0
8350,2429,2,0,610
0,0,0,0,0
0,0,0,0,0
0,0,0,0,0
0,0,0,0,0
0,0,0,0,0
0,0,0,0,0
0,0,0,0,0
0,0,0,0,0
0,0,0,0,0
0,0,0,0,0
0,0,0,0,0
0,0,0,0,0
0,0,0,0,0
55585,76791,62,3,5645
0,0,0,0,0
0,0,0,0,0
0,0,0,0,0
0,0,0,0,0
0,0,0,0,0
7006,2839,1,0,240
0,0,0,0,0
0,0,0,0,0
0,0,0,0,0
0,0,0,0,0
0,0,0,0,0
0,0,0,0,0
0,0,0,0,0
0,0,0,0,0
0,0,0,0,0
0,0,0,0,0
0,0,0,0,0
0,0,0,0,0
54575,76791,62,4,5438
0,0,0,0,0
0,0,0,0,0
0,0,0,0,0
0,0,0,0,0
0,0,0,0,0
8190,2429,1,0,378
0,0,0,0,0
0,0,0,0,0
0,0,0,0,0
0,0,0,0,0
0,0,0,0,0
0,0,0,0,0
0,0,0,0,0
0,0,0,0,0
0,0,0,0,0
0,0,0,0,0
0,0,0,0,0
0,0,0,0,0
0,0,0,0,0
55664,76791,62,3,5652
0,0,0,0,0
0,0,0,0,0
0,0,0,0,0
0,0,0,0,0
0,0,0,0,0
10099,2905,3,0,494
0,0,0,0,0
0,0,0,0,0
0,0,0,0,0
0,0,0,0,0
0,0,0,0,0
0,0,0,0,0
0,0,0,0,0
0,0,0,0,0
0,0,0,0,0
0,0,0,0,0
0,0,0,0,0
0,0,0,0,0
0,0,0,0,0
55652,76791,67,4,5398
0,0,0,0,0
0,0,0,0,0
0,0,0,0,0
0,0,0,0,0
0,0,0,0,0
8365,2429,1,0,601
0,0,0,0,0
0,0,0,0,0
0,0,0,0,0
0,0,0,0,0
0,0,0,0,0
0,0,0,0,0
0,0,0,0,0
0,0,0,0,0
0,0,0,0,0
0,0,0,0,0
0,0,0,0,0
0,0,0,0,0
0,0,0,0,0
55557,76791,60,3,5882
0,0,0,0,0
0,0,0,0,0
0,0,0,0,0
0,0,0,0,0
0,0,0,0,0
9382,2839,1,0,411
0,0,0,0,0
0,0,0,0,0
0,0,0,0,0
0,0,0,0,0
0,0,0,0,0
0,0,0,0,0
0,0,0,0,0
0,0,0,0,0
0,0,0,0,0
0,0,0,0,0
0,0,0,0,0
0,0,0,0,0
0,0,0,0,0
53243,76791,26,2,2603
0,0,0,0,0
0,0,0,0,0
0,0,0,0,0
0,0,0,0,0
0,0,0,0,0
7959,2429,2,0,258
0,0,0,0,0
0,0,0,0,0
0,0,0,0,0
0,0,0,0,0
0,0,0,0,0
0,0,0,0,0
0,0,0,0,0
0,0,0,0,0
0,0,0,0,0
0,0,0,0,0
0,0,0,0,0
0,0,0,0,0
55727,76791,60,3,5837
0,0,0,0,0
0,0,0,0,0
0,0,0,0,0
0,0,0,0,0
0,0,0,0,0
0,0,0,0,0
9657,2839,2,0,544
0,0,0,0,0
0,0,0,0,0
0,0,0,0,0
0,0,0,0,0
0,0,0,0,0
0,0,0,0,0
0,0,0,0,0
0,0,0,0,0
0,0,0,0,0
0,0,0,0,0
0,0,0,0,0
0,0,0,0,0
55029,76791,61,4,5282
0,0,0,0,0
0,0,0,0,0
0,0,0,0,0
0,0,0,0,0
0,0,0,0,0
0,0,0,0,0
8997,2429,1,0,806
0,0,0,0,0
0,0,0,0,0
0,0,0,0,0
0,0,0,0,0
0,0,0,0,0
0,0,0,0,0
0,0,0,0,0
0,0,0,0,0
0,0,0,0,0
0,0,0,0,0
0,0,0,0,0
0,0,0,0,0
55723,76791,61,3,5876
0,0,0,0,0
0,0,0,0,0
0,0,0,0,0
0,0,0,0,0
0,0,0,0,0
0,0,0,0,0
9415,2905,2,0,326
0,0,0,0,0
0,0,0,0,0
0,0,0,0,0
0,0,0,0,0
0,0,0,0,0
0,0,0,0,0
0,0,0,0,0
0,0,0,0,0
0,0,0,0,0
0,0,0,0,0
0,0,0,0,0
0,0,0,0,0
52507,76791,21,0,1957
0,0,0,0,0
0,0,0,0,0
0,0,0,0,0
0,0,0,0,0
0,0,0,0,0
0,0,0,0,0
8471,2429,2,1,257
0,0,0,0,0
0,0,0,0,0
0,0,0,0,0
0,0,0,0,0
0,0,0,0,0
0,0,0,0,0
0,0,0,0,0
0,0,0,0,0
0,0,0,0,0
0,0,0,0,0
0,0,0,0,0
0,0,0,0,0
55449,76791,63,3,5986
0,0,0,0,0
0,0,0,0,0
0,0,0,0,0
0,0,0,0,0
0,0,0,0,0
9388,2839,1,0,509
0,0,0,0,0
0,0,0,0,0
0,0,0,0,0
0,0,0,0,0
0,0,0,0,0
0,0,0,0,0
0,0,0,0,0
0,0,0,0,0
0,0,0,0,0
0,0,0,0,0
0,0,0,0,0
0,0,0,0,0
0,0,0,0,0
54141,76791,25,0,1868
0,0,0,0,0
0,0,0,0,0
0,0,0,0,0
0,0,0,0,0
0,0,0,0,0
8317,2429,1,0,375
0,0,0,0,0
0,0,0,0,0
0,0,0,0,0
0,0,0,0,0
0,0,0,0,0
0,0,0,0,0
0,0,0,0,0
0,0,0,0,0
0,0,0,0,0
0,0,0,0,0
0,0,0,0,0
0,0,0,0,0
55506,76791,58,3,5623
0,0,0,0,0
0,0,0,0,0
0,0,0,0,0
0,0,0,0,0
0,0,0,0,0
0,0,0,0,0
12793,2839,4,0,1723
0,0,0,0,0
0,0,0,0,0
0,0,0,0,0
0,0,0,0,0
0,0,0,0,0
0,0,0,0,0
0,0,0,0,0
0,0,0,0,0
0,0,0,0,0
0,0,0,0,0
0,0,0,0,0
0,0,0,0,0
55652,76791,64,4,5860
0,0,0,0,0
0,0,0,0,0
0,0,0,0,0
0,0,0,0,0
0,0,0,0,0
0,0,0,0,0
11306,2839,3,0,1461
0,0,0,0,0
0,0,0,0,0
0,0,0,0,0
0,0,0,0,0
0,0,0,0,0
0,0,0,0,0
0,0,0,0,0
0,0,0,0,0
0,0,0,0,0
0,0,0,0,0
0,0,0,0,0
0,0,0,0,0
55456,76791,65,3,6067
0,0,0,0,0
0,0,0,0,0
0,0,0,0,0
0,0,0,0,0
0,0,0,0,0
0,0,0,0,0
10784,2495,5,0,1134
0,0,0,0,0
0,0,0,0,0
0,0,0,0,0
0,0,0,0,0
0,0,0,0,0
0,0,0,0,0
0,0,0,0,0
0,0,0,0,0
0,0,0,0,0
0,0,0,0,0
0,0,0,0,0
0,0,0,0,0
53890,76791,28,0,2407
0,0,0,0,0
0,0,0,0,0
0,0,0,0,0
0,0,0,0,0
0,0,0,0,0
0,0,0,0,0
10783,2839,4,0,1239
0,0,0,0,0
0,0,0,0,0
0,0,0,0,0
0,0,0,0,0
0,0,0,0,0
0,0,0,0,0
0,0,0,0,0
0,0,0,0,0
0,0,0,0,0
0,0,0,0,0
0,0,0,0,0
0,0,0,0,0
56282,76791,64,4,5653
0,0,0,0,0
0,0,0,0,0
0,0,0,0,0
0,0,0,0,0
0,0,0,0,0
0,0,0,0,0
10308,2429,5,0,1636
0,0,0,0,0
0,0,0,0,0
0,0,0,0,0
0,0,0,0,0
0,0,0,0,0
0,0,0,0,0
0,0,0,0,0
0,0,0,0,0
0,0,0,0,0
0,0,0,0,0
0,0,0,0,0
55949,76791,67,3,5977
0,0,0,0,0
0,0,0,0,0
0,0,0,0,0
0,0,0,0,0
0,0,0,0,0
0,0,0,0,0
2579,410,1,0,404
7520,2429,2,0,554
0,0,0,0,0
0,0,0,0,0
0,0,0,0,0
0,0,0,0,0
0,0,0,0,0
0,0,0,0,0
0,0,0,0,0
0,0,0,0,0
0,0,0,0,0
0,0,0,0,0
0,0,0,0,0
55895,76791,65,4,6075
0,0,0,0,0
0,0,0,0,0
0,0,0,0,0
0,0,0,0,0
0,0,0,0,0
0,0,0,0,0
15765,2429,21,2,4542
0,0,0,0,0
0,0,0,0,0
0,0,0,0,0
0,0,0,0,0
0,0,0,0,0
0,0,0,0,0
0,0,0,0,0
0,0,0,0,0
0,0,0,0,0
0,0,0,0,0
0,0,0,0,0
0,0,0,0,0
54296,76791,25,0,2250
0,0,0,0,0
0,0,0,0,0
0,0,0,0,0
0,0,0,0,0
0,0,0,0,0
0,0,0,0,0
11294,2839,5,2,1903
0,0,0,0,0
0,0,0,0,0
0,0,0,0,0
0,0,0,0,0
0,0,0,0,0
0,0,0,0,0
0,0,0,0,0
0,0,0,0,0
0,0,0,0,0
0,0,0,0,0
0,0,0,0,0
0,0,0,0,0
56030,76791,61,4,5931
0,0,0,0,0
0,0,0,0,0
0,0,0,0,0
0,0,0,0,0
0,0,0,0,0
0,0,0,0,0
7450,2495,4,0,595
0,0,0,0,0
0,0,0,0,0
0,0,0,0,0
0,0,0,0,0
0,0,0,0,0
0,0,0,0,0
0,0,0,0,0
0,0,0,0,0
0,0,0,0,0
0,0,0,0,0
0,0,0,0,0
0,0,0,0,0
52860,76791,23,0,1741
0,0,0,0,0
0,0,0,0,0
0,0,0,0,0
0,0,0,0,0
0,0,0,0,0
0,0,0,0,0
4717,1609,2,0,462
0,0,0,0,0
0,0,0,0,0
0,0,0,0,0
0,0,0,0,0
0,0,0,0,0
0,0,0,0,0
0,0,0,0,0
0,0,0,0,0
0,0,0,0,0
0,0,0,0,0
0,0,0,0,0
57810,76791,70,3,6031
0,0,0,0,0
0,0,0,0,0
0,0,0,0,0
0,0,0,0,0
0,0,0,0,0
0,0,0,0,0
0,0,0,0,0
6833,2429,1,0,455
0,0,0,0,0
0,0,0,0,0
0,0,0,0,0
0,0,0,0,0
0,0,0,0,0
0,0,0,0,0
0,0,0,0,0
0,0,0,0,0
0,0,0,0,0
0,0,0,0,0
0,0,0,0,0
59109,76791,70,3,5599
0,0,0,0,0
0,0,0,0,0
0,0,0,0,0
0,0,0,0,0
0,0,0,0,0
0,0,0,0,0
0,0,0,0,0
7277,2429,2,0,698
0,0,0,0,0
0,0,0,0,0
0,0,0,0,0
0,0,0,0,0
0,0,0,0,0
0,0,0,0,0
0,0,0,0,0
0,0,0,0,0
0,0,0,0,0
0,0,0,0,0
0,0,0,0,0
59020,76791,73,3,5855
0,0,0,0,0
0,0,0,0,0
0,0,0,0,0
0,0,0,0,0
0,0,0,0,0
0,0,0,0,0
0,0,0,0,0
7116,2839,2,0,287
0,0,0,0,0
0,0,0,0,0
0,0,0,0,0
0,0,0,0,0
0,0,0,0,0
0,0,0,0,0
0,0,0,0,0
0,0,0,0,0
0,0,0,0,0
0,0,0,0,0
0,0,0,0,0
53772,76791,24,1,2023
0,0,0,0,0
0,0,0,0,0
0,0,0,0,0
0,0,0,0,0
0,0,0,0,0
0,0,0,0,0
1871,410,0,0,181
4861,2019,1,0,217
0,0,0,0,0
0,0,0,0,0
0,0,0,0,0
0,0,0,0,0
0,0,0,0,0
0,0,0,0,0
0,0,0,0,0
0,0,0,0,0
0,0,0,0,0
0,0,0,0,0
0,0,0,0,0
58139,76791,71,3,5640
0,0,0,0,0
0,0,0,0,0
0,0,0,0,0
0,0,0,0,0
0,0,0,0,0
0,0,0,0,0
7860,2905,2,0,128
0,0,0,0,0
0,0,0,0,0
0,0,0,0,0
0,0,0,0,0
0,0,0,0,0
0,0,0,0,0
0,0,0,0,0
0,0,0,0,0
0,0,0,0,0
0,0,0,0,0
0,0,0,0,0
55906,76791,64,3,5664
0,0,0,0,0
0,0,0,0,0
0,0,0,0,0
0,0,0,0,0
0,0,0,0,0
0,0,0,0,0
0,0,0,0,0
7734,2429,1,0,447
0,0,0,0,0
0,0,0,0,0
0,0,0,0,0
0,0,0,0,0
0,0,0,0,0
0,0,0,0,0
0,0,0,0,0
0,0,0,0,0
0,0,0,0,0
0,0,0,0,0
0,0,0,0,0
55718,76791,63,3,5894
0,0,0,0,0
0,0,0,0,0
0,0,0,0,0
0,0,0,0,0
0,0,0,0,0
0,0,0,0,0
0,0,0,0,0
4109,1609,1,0,198
0,0,0,0,0
0,0,0,0,0
0,0,0,0,0
0,0,0,0,0
0,0,0,0,0
0,0,0,0,0
0,0,0,0,0
0,0,0,0,0
0,0,0,0,0
0,0,0,0,0
0,0,0,0,0
52388,76791,23,0,2145
0,0,0,0,0
0,0,0,0,0
0,0,0,0,0
0,0,0,0,0
0,0,0,0,0
0,0,0,0,0
0,0,0,0,0
8565,2429,5,0,1106
0,0,0,0,0
0,0,0,0,0
0,0,0,0,0
0,0,0,0,0
0,0,0,0,0
0,0,0,0,0
0,0,0,0,0
0,0,0,0,0
0,0,0,0,0
0,0,0,0,0
0,0,0,0,0
55582,76791,64,3,5901
0,0,0,0,0
0,0,0,0,0
0,0,0,0,0
0,0,0,0,0
0,0,0,0,0
0,0,0,0,0
0,0,0,0,0
11721,2429,7,4,2316
0,0,0,0,0
0,0,0,0,0
0,0,0,0,0
0,0,0,0,0
0,0,0,0,0
0,0,0,0,0
0,0,0,0,0
0,0,0,0,0
0,0,0,0,0
0,0,0,0,0
0,0,0,0,0
55463,76791,64,3,5463
0,0,0,0,0
0,0,0,0,0
0,0,0,0,0
0,0,0,0,0
0,0,0,0,0
0,0,0,0,0
0,0,0,0,0
9876,2839,3,0,989
0,0,0,0,0
0,0,0,0,0
0,0,0,0,0
0,0,0,0,0
0,0,0,0,0
0,0,0,0,0
0,0,0,0,0
0,0,0,0,0
0,0,0,0,0
0,0,0,0,0
55401,76791,62,3,5537
0,0,0,0,0
0,0,0,0,0
0,0,0,0,0
0,0,0,0,0
0,0,0,0,0
0,0,0,0,0
0,0,0,0,0
0,0,0,0,0
15516,2495,22,2,4377
0,0,0,0,0
0,0,0,0,0
0,0,0,0,0
0,0,0,0,0
0,0,0,0,0
0,0,0,0,0
0,0,0,0,0
0,0,0,0,0
0,0,0,0,0
0,0,0,0,0
55166,76791,64,3,5241
0,0,0,0,0
0,0,0,0,0
0,0,0,0,0
0,0,0,0,0
0,0,0,0,0
0,0,0,0,0
0,0,0,0,0
5143,1609,3,0,686
0,0,0,0,0
0,0,0,0,0
0,0,0,0,0
0,0,0,0,0
0,0,0,0,0
0,0,0,0,0
0,0,0,0,0
0,0,0,0,0
0,0,0,0,0
0,0,0,0,0
0,0,0,0,0
55864,76791,64,3,5834
0,0,0,0,0
0,0,0,0,0
0,0,0,0,0
0,0,0,0,0
0,0,0,0,0
0,0,0,0,0
0,0,0,0,0
6711,2429,1,0,259
0,0,0,0,0
0,0,0,0,0
0,0,0,0,0
0,0,0,0,0
0,0,0,0,0
0,0,0,0,0
0,0,0,0,0
0,0,0,0,0
0,0,0,0,0
0,0,0,0,0
0,0,0,0,0
55364,76791,63,4,5495
0,0,0,0,0
0,0,0,0,0
0,0,0,0,0
0,0,0,0,0
0,0,0,0,0
0,0,0,0,0
0,0,0,0,0
12771,2429,20,2,3630
0,0,0,0,0
0,0,0,0,0
0,0,0,0,0
0,0,0,0,0
0,0,0,0,0
0,0,0,0,0
0,0,0,0,0
0,0,0,0,0
0,0,0,0,0
0,0,0,0,0
0,0,0,0,0
55485,76791,62,3,5891
0,0,0,0,0
0,0,0,0,0
0,0,0,0,0
0,0,0,0,0
0,0,0,0,0
0,0,0,0,0
0,0,0,0,0
13291,2839,17,2,3062
0,0,0,0,0
0,0,0,0,0
0,0,0,0,0
0,0,0,0,0
0,0,0,0,0
0,0,0,0,0
0,0,0,0,0
0,0,0,0,0
0,0,0,0,0
0,0,0,0,0
52770,76791,25,0,1967
0,0,0,0,0
0,0,0,0,0
0,0,0,0,0
0,0,0,0,0
0,0,0,0,0
0,0,0,0,0
0,0,0,0,0
0,0,0,0,0
12492,2429,17,2,2477
0,0,0,0,0
0,0,0,0,0
0,0,0,0,0
0,0,0,0,0
0,0,0,0,0
0,0,0,0,0
0,0,0,0,0
0,0,0,0,0
0,0,0,0,0
0,0,0,0,0
55650,76791,62,3,5857
0,0,0,0,0
0,0,0,0,0
0,0,0,0,0
0,0,0,0,0
0,0,0,0,0
0,0,0,0,0
0,0,0,0,0
0,0,0,0,0
10696,1675,17,2,2141
0,0,0,0,0
0,0,0,0,0
0,0,0,0,0
0,0,0,0,0
0,0,0,0,0
0,0,0,0,0
0,0,0,0,0
0,0,0,0,0
0,0,0,0,0
0,0,0,0,0
55423,76791,63,3,5334
0,0,0,0,0
0,0,0,0,0
0,0,0,0,0
0,0,0,0,0
0,0,0,0,0
0,0,0,0,0
0,0,0,0,0
0,0,0,0,0
9739,2429,2,0,397
0,0,0,0,0
0,0,0,0,0
0,0,0,0,0
0,0,0,0,0
0,0,0,0,0
0,0,0,0,0
0,0,0,0,0
0,0,0,0,0
0,0,0,0,0
0,0,0,0,0
52329,76791,20,0,1511
0,0,0,0,0
0,0,0,0,0
0,0,0,0,0
0,0,0,0,0
0,0,0,0,0
0,0,0,0,0
0,0,0,0,0
8738,2429,1,0,186
0,0,0,0,0
0,0,0,0,0
0,0,0,0,0
0,0,0,0,0
0,0,0,0,0
0,0,0,0,0
0,0,0,0,0
0,0,0,0,0
0,0,0,0,0
0,0,0,0,0
0,0,0,0,0
55722,76791,62,3,5912
0,0,0,0,0
0,0,0,0,0
0,0,0,0,0
0,0,0,0,0
0,0,0,0,0
0,0,0,0,0
0,0,0,0,0
5360,1609,1,0,239
0,0,0,0,0
0,0,0,0,0
0,0,0,0,0
0,0,0,0,0
0,0,0,0,0
0,0,0,0,0
0,0,0,0,0
0,0,0,0,0
0,0,0,0,0
0,0,0,0,0
52871,76791,30,1,2303
0,0,0,0,0
0,0,0,0,0
0,0,0,0,0
0,0,0,0,0
0,0,0,0,0
0,0,0,0,0
0,0,0,0,0
0,0,0,0,0
8265,2429,1,0,149
0,0,0,0,0
0,0,0,0,0
0,0,0,0,0
0,0,0,0,0
0,0,0,0,0
0,0,0,0,0
0,0,0,0,0
0,0,0,0,0
0,0,0,0,0
0,0,0,0,0
55726,76791,61,5,5799
0,0,0,0,0
0,0,0,0,0
0,0,0,0,0
0,0,0,0,0
0,0,0,0,0
0,0,0,0,0
0,0,0,0,0
0,0,0,0,0
8301,2429,1,0,124
0,0,0,0,0
0,0,0,0,0
0,0,0,0,0
0,0,0,0,0
0,0,0,0,0
0,0,0,0,0
0,0,0,0,0
0,0,0,0,0
0,0,0,0,0
0,0,0,0,0
52526,76791,21,2,1937
0,0,0,0,0
0,0,0,0,0
0,0,0,0,0
0,0,0,0,0
0,0,0,0,0
0,0,0,0,0
0,0,0,0,0
0,0,0,0,0
10528,2905,2,0,205
0,0,0,0,0
0,0,0,0,0
0,0,0,0,0
0,0,0,0,0
0,0,0,0,0
0,0,0,0,0
0,0,0,0,0
0,0,0,0,0
0,0,0,0,0
0,0,0,0,0
55726,76791,62,3,5842
0,0,0,0,0
0,0,0,0,0
0,0,0,0,0
0,0,0,0,0
0,0,0,0,0
0,0,0,0,0
0,0,0,0,0
0,0,0,0,0
7638,1609,5,0,989
0,0,0,0,0
0,0,0,0,0
0,0,0,0,0
0,0,0,0,0
0,0,0,0,0
0,0,0,0,0
0,0,0,0,0
0,0,0,0,0
0,0,0,0,0
0,0,0,0,0
52346,76791,19,0,1791
0,0,0,0,0
0,0,0,0,0
0,0,0,0,0
0,0,0,0,0
0,0,0,0,0
0,0,0,0,0
0,0,0,0,0
7362,2019,1,0,128
0,0,0,0,0
0,0,0,0,0
0,0,0,0,0
0,0,0,0,0
0,0,0,0,0
0,0,0,0,0
0,0,0,0,0
0,0,0,0,0
0,0,0,0,0
0,0,0,0,0
56212,76791,60,3,5933
0,0,0,0,0
0,0,0,0,0
0,0,0,0,0
0,0,0,0,0
0,0,0,0,0
0,0,0,0,0
0,0,0,0,0
0,0,0,0,0
9739,2839,1,0,154
0,0,0,0,0
0,0,0,0,0
0,0,0,0,0
0,0,0,0,0
0,0,0,0,0
0,0,0,0,0
0,0,0,0,0
0,0,0,0,0
0,0,0,0,0
0,0,0,0,0
53447,76791,29,2,2456
0,0,0,0,0
0,0,0,0,0
0,0,0,0,0
0,0,0,0,0
0,0,0,0,0
0,0,0,0,0
0,0,0,0,0
0,0,0,0,0
5054,1609,1,0,77
0,0,0,0,0
0,0,0,0,0
0,0,0,0,0
0,0,0,0,0
0,0,0,0,0
0,0,0,0,0
0,0,0,0,0
0,0,0,0,0
0,0,0,0,0
0,0,0,0,0
56058,76791,65,3,5941
0,0,0,0,0
0,0,0,0,0
0,0,0,0,0
0,0,0,0,0
0,0,0,0,0
0,0,0,0,0
0,0,0,0,0
0,0,0,0,0
6396,2019,1,0,97
0,0,0,0,0
0,0,0,0,0
0,0,0,0,0
0,0,0,0,0
0,0,0,0,0
0,0,0,0,0
0,0,0,0,0
0,0,0,0,0
0,0,0,0,0
0,0,0,0,0
52803,76791,19,0,1816
0,0,0,0,0
0,0,0,0,0
0,0,0,0,0
0,0,0,0,0
0,0,0,0,0
0,0,0,0,0
0,0,0,0,0
0,0,0,0,0
10217,2905,2,0,229
0,0,0,0,0
0,0,0,0,0
0,0,0,0,0
0,0,0,0,0
0,0,0,0,0
0,0,0,0,0
0,0,0,0,0
0,0,0,0,0
0,0,0,0,0
56060,76791,63,4,6041
0,0,0,0,0
0,0,0,0,0
0,0,0,0,0
0,0,0,0,0
0,0,0,0,0
0,0,0,0,0
0,0,0,0,0
0,0,0,0,0
0,0,0,0,0
4496,1609,1,0,77
0,0,0,0,0
0,0,0,0,0
0,0,0,0,0
0,0,0,0,0
0,0,0,0,0
0,0,0,0,0
0,0,0,0,0
0,0,0,0,0
0,0,0,0,0
55680,76791,27,0,2031
0,0,0,0,0
0,0,0,0,0
0,0,0,0,0
0,0,0,0,0
0,0,0,0,0
0,0,0,0,0
0,0,0,0,0
0,0,0,0,0
6790,2019,1,0,126
0,0,0,0,0
0,0,0,0,0
0,0,0,0,0
0,0,0,0,0
0,0,0,0,0
0,0,0,0,0
0,0,0,0,0
0,0,0,0,0
0,0,0,0,0
0,0,0,0,0
58988,76791,65,3,5555
0,0,0,0,0
0,0,0,0,0
0,0,0,0,0
0,0,0,0,0
0,0,0,0,0
0,0,0,0,0
0,0,0,0,0
0,0,0,0,0
4449,1609,1,0,58
0,0,0,0,0
0,0,0,0,0
0,0,0,0,0
0,0,0,0,0
0,0,0,0,0
0,0,0,0,0
0,0,0,0,0
0,0,0,0,0
0,0,0,0,0
26434715,25223570,19961,33879,1217038
68028463,99441778,5582,6977,1009427
66859871,97286432,6580,3353,1185105
63896328,89222514,11089,9622,1476478
64929220,92655341,13213,6625,1755180
66042531,92631936,16318,6813,1992908
62160479,84135382,19753,10141,2253569
65993441,87551852,23886,11415,2688714
66495722,88090940,24745,9634,2800895
68473159,91758684,27319,4945,3059792
73337199,83279889,57977,13062,4452193
91990573,89577505,114554,12319,5682773
99455662,89063991,158166,14922,6948507
84486367,91251623,117983,8152,5455846
69944252,82715060,58601,14001,3716155
67875451,89004094,29904,9249,3153405
73663397,94955481,31261,9066,3194886
54894121,70263862,26659,8447,2648607
62960058,77402389,32039,13798,3263873
72781667,90818357,34968,12846,3658746
73085308,90329961,35542,10937,3725958
93517635,105190746,30244,10509,3176397
147371249,165516194,25588,15506,2700143
85906899,93418136,48721,15186,4976011
89247760,98921393,45810,14125,4877197
95445835,106102220,46821,12961,4904970
85974466,90558357,49970,20796,5214154
90741755,96798815,53172,16859,5704326
90248389,98834515,46022,11206,4921727
90132092,97653674,45399,8998,4866274
97944769,101510120,42190,19430,4372355
125988697,111865391,203421,13641,9678096
81708563,76660713,132477,16331,7060007
81021633,80061497,120015,7569,6585928
79106425,77198605,112680,9552,6341559
82212739,81763197,94652,13799,6404517
91863678,87823995,155557,13056,8446710
96643772,94118233,215393,11975,9729684
103589572,94559244,253712,13169,11069845
103520307,94208580,180283,15069,8840375
85222893,87545218,49104,17764,4893703
87304141,91135885,51410,16015,5140058
86906374,90708647,50526,15942,5145592
85376885,86413636,50919,18295,5079907
85356097,88907292,48832,14361,4931831
87565825,90415089,49266,13131,5090199
86843823,89646650,49722,15319,5130110
84734426,85373183,50039,19354,5135883
85658802,89151693,50179,13891,5257071
83056661,86026754,49001,11580,5056182
106703116,116098376,58260,19868,5046780
121706492,111616423,177832,12294,9386796
91443359,78927784,164781,10299,8738900
87845348,86280726,136862,11827,8100728
78220959,83267171,101668,16980,6487195
93530076,93876115,140019,11950,8653330
88168895,91105874,136030,13129,7926239
81900873,89354142,103011,10706,6740528
93164725,99143346,144083,9499,8328861
84561252,88795797,117678,13403,7210951
77377434,84168642,94262,11698,6374383
91110699,92315949,159308,15355,8828188
99800514,100568997,196159,13703,10121675
71218853,67033380,108425,12100,6215444
88474019,87727240,97902,9435,6468917
92258371,85824020,94753,14991,6811758
94862434,91877926,91554,14480,6811017
98751602,91197708,146489,19442,8232573
105903839,97764277,163026,15586,8989260
87930670,90800631,46246,12584,4997015
128365127,128056056,36229,18484,4170927
132317118,145454435,27433,9243,3412469
67026356,81589979,37863,11599,4246608
66879093,81516299,36937,8612,4255074
67256352,82174933,37620,8576,4349619
66527960,81091301,39043,10893,4483917
56268820,69029973,33944,9465,3783020
64209245,76600710,37808,12325,4355016
69364970,79301166,36604,5899,5163871
63906854,72380288,35272,8748,4417130
71697056,79522479,40378,12901,5010600
73237522,82183637,40353,9555,5016173
74341049,83114778,40391,7977,4984132
71987587,79671993,41298,12718,5008785
72028128,80178340,41236,11598,5037798
73315402,81444837,41499,9481,5122474
73568108,81700564,41466,9797,5037851
73899655,81352317,42227,10707,5101652
75062084,82156100,42455,9996,5128023
78666655,83830421,45372,16369,5483793
101639369,97395205,82548,14175,7970009
97194754,95293775,70761,12952,7012013
120497801,94986971,154812,16073,10976182
92103913,86628436,65569,14881,6547993
99152684,89684129,99606,14176,8236657
99792973,90723847,98178,17080,8158127
104028500,89089856,113022,19397,9032103
96548261,89812952,96284,13355,7647836
105553137,95715794,125375,14088,8974176
98918920,87055440,109988,18234,8210790
102976100,87855284,117058,15712,8719780
98558692,85745010,103744,12531,7798442
97536147,83034880,118764,14750,8287965
104971103,89974140,116560,12349,8520323
93134148,83027321,78476,14046,6934496
108311552,95545240,110765,13905,9008071
119183091,93910246,151251,16752,10659979
108683244,94579068,121221,14137,9435791
108141390,89980475,121156,16906,9361661
112539719,98502654,146661,18042,10435724
125491613,123604195,116352,16182,8995489
98148980,88107764,139942,12839,9514123
90476568,74754222,147952,13800,9398760
97194900,82138224,153397,13954,9795749
91945740,86346549,122604,11218,8681635
108785590,93555535,148406,14683,9518582
96881636,86999824,92235,14418,7596471
109991660,88817217,142879,16928,9655316
95632077,88491627,90332,16012,7350966
86936270,83124379,77980,13262,6584332
105575559,90134007,112763,16277,8721166
115605651,92243300,173063,20082,10958085
128573960,94615136,193307,18823,12180813
104775340,88227489,124321,18180,8903262
111083286,92231290,158051,14350,10733988
105229074,94799452,125665,17895,8931866
115774783,100567604,134576,14014,10235830
107956420,92047889,133944,16306,10061178
104822955,90778307,124202,17112,9247194
116058849,99643563,137069,16315,10285965
151137942,133333135,134941,20123,9536767
102679797,86460676,165746,13890,11100256
71090325,87800170,41960,5690,4885155
68222236,80902211,41101,13170,4685810
67259149,80271927,41075,13537,4839091
66563906,80619950,40558,11467,4861553
68085894,83839218,40066,5181,4886592
67343574,80350198,40704,11338,4828729
66578885,72888990,37759,9815,4418276
79698874,78537382,43004,16724,5083594
82247373,82757484,43967,13595,5477761
84485363,89563163,41991,10982,5365559
70229001,73661590,43375,12087,4743668
93918192,99009949,51530,13094,6651888
90388045,95175093,50383,16992,6352824
87171054,93011559,48241,11279,6060516
84261428,88112542,42179,16166,5682897
88364536,92286395,48318,15253,6463022
80868990,83000436,48105,12834,5880877
88357143,88154393,50127,14920,5800398
149476447,140545499,43257,19859,5447382
97115645,97926513,80162,12061,8021359
86851771,76100648,111678,14990,9210203
86237293,85136897,89647,10209,7579628
99650091,85114420,150636,16001,10404639
81164162,83790529,73633,9764,7086809
103057665,88110387,152440,13488,10719201
85612688,85162712,82402,13052,7558370
82446816,76036695,104981,16380,8148135
93416068,87306330,93108,10406,9080085
80347957,81757391,61746,10654,6535935
98142366,84599272,129349,11301,9673155
77849539,74799060,78293,13624,6834078
92563449,85452110,93602,15145,7934418
90060199,89734726,69047,12997,6446245
98850246,90926830,106407,15563,8125704
100342269,93463198,109505,13213,8426168
89663216,86829431,69909,15280,6623380
99049643,92517856,104692,15836,8308656
94930047,90174309,82208,15718,7379337
172347478,195704243,72708,22934,7523239
107785531,101326804,147545,17247,12058967
77154585,80185438,101197,10533,7734543
81801328,82287786,102505,18336,7984369
76984663,87352454,76460,7698,6967208
77499153,81340972,94497,13316,7494786
71615839,80038198,62530,10976,6078981
79529355,82953058,100188,11772,8049269
98191951,89656999,175144,15847,11494452
82124693,76197941,101982,13004,7974951
86940623,87276342,88626,10255,8050001
88327003,82454629,91864,11436,8565936
92245087,74682962,119461,14616,9812444
92923446,77910556,107025,18529,9495833
102107858,91030041,120086,7935,10465689
90606297,88000767,97976,9756,8372428
89867781,86650769,98393,13996,8360212
96481772,82343105,131618,17848,10154052
100122809,95539088,104260,11392,8869343
100223366,87828605,108169,18486,9341839
95312592,90640314,78601,15751,7707506
101895421,91663788,92949,14934,8687057
108872529,90017342,135688,18833,10555076
103305876,95761821,91558,17300,8929580
108011927,97554355,102638,16699,10055323
99026204,84826644,107445,13978,9770929
110356567,94966418,113074,18177,10571432
113032381,100513511,111979,16846,10784076
104604453,95910455,88551,15881,9311300
116196098,100862998,128736,16261,11361653
111819321,97016296,113467,15886,10386224
116894309,101510037,121014,14159,10696931
120381929,91903675,148465,17544,11904775
95389498,93267767,87038,15838,8014844
90561240,85551065,91001,14795,7773928
118459432,101972491,157826,17956,11948196
105370605,101929950,97503,14929,9342354
93992229,90127984,76748,21005,8047973
108199058,95551461,123213,13870,10745422
105242064,109117161,74491,16237,7704543
81677476,85438598,79985,13185,7790107
89924812,86433415,107863,14025,9009508
101368662,91687992,114364,16064,9520777
97962709,91435005,89400,14303,8139552
102343998,91173465,100559,17643,8560084
123786572,101651922,142565,14405,11284502
94274970,92321039,87575,17758,7925324
111291446,95406241,136846,20008,10646685
92584242,80747234,124721,11905,8878401
86839713,78117165,89484,14748,7519414
100239678,98662189,91730,13626,8639276
96134043,96222078,77795,14334,7705071
110582671,97106615,159828,19972,11025382
100240427,98618600,91560,16017,8675712
111662150,106322022,125342,14922,10150600
126268916,101814169,165118,17242,12192844
103850041,97774203,107381,18045,10224628
86846664,81901589,74884,15550,6814111
101248021,90012806,110711,15675,9601544
125524477,106293108,130504,16360,10736446
107171446,111564208,76582,12927,6817207
84237505,78964228,106198,14474,8517874
88902448,83033972,122037,10455,9554060
98152693,83003370,166277,17506,11760182
71799295,80708697,41687,9486,5274173
70515186,77360344,41457,12465,5459274
69681836,77118679,41074,12475,5650859
67817306,76921840,38804,7607,5325075
79126029,82797165,45067,14939,5836198
84945054,88790512,50013,14946,6152495
89387600,93010235,53064,17393,6877585
89904846,94721475,52318,14008,6796451
91031515,95655636,53899,18416,6666232
87535486,97326310,49543,18408,6476581
89292299,95685130,52022,16231,6836339
90118740,97107471,52941,16512,6666996
92297962,102280459,56573,17402,7312181
91518086,103414266,51375,13134,6859070
87280107,93948421,48854,15352,6152635
121928588,131957264,48741,20522,6674621
105658216,128228533,42694,10819,6349018
69808603,79022666,44291,13511,6100336
73186907,85493155,46277,10727,6325474
66814917,72306467,39237,9977,5512262
72496787,77609815,41682,10430,6074079
69483928,75681993,41768,13334,6022335
70317050,77914889,42675,12555,5862588
72840804,82907808,45031,9870,6040866
73423802,85496667,46443,10940,6137658
71786243,82968398,45925,12106,6137584
70655763,80476134,45542,13695,6063793
77083655,88184237,46079,13645,6206529
87409189,99078287,49307,12383,6616587
90407350,100321494,55740,14206,7328698
87683907,97787446,47650,16030,6446201
92646324,104370201,55102,12309,7259478
89036788,96299744,55240,19684,7197729
91342232,101397999,56064,14993,7410242
92157966,101772034,57339,17097,7668839
140136444,157593838,50779,19594,7496637
107142559,125215373,42996,15735,6745074
74528819,84019930,46935,9542,6839966
71802588,79332996,46541,16660,6409926
72514350,81562306,46879,13913,6583657
73870342,84346824,46893,10743,6607675
73534089,85328427,46413,7468,6427814
71763829,79967565,46525,15144,6313261
72406298,82240319,46299,12433,6386041
73880472,84384782,46942,10916,6522316
77074786,89518421,49202,11059,6794077
74763976,86143704,47712,10788,6523275
72733284,82665454,46814,11803,6442564
75176562,87049688,48034,7697,6722398
68480923,77329390,44697,13072,5977117
79174911,89256400,45547,14395,6254572
90679510,98748884,56610,18754,7871878
89700338,100524962,54560,11841,7485850
81397593,91418033,48148,11525,6315853
75614851,82013893,46870,19172,6161360
86115232,95350915,47780,14848,6790100
90425399,98963195,53832,14644,7591946
89926512,100229837,50371,10846,7215653
91450030,100908486,53410,16161,7340169
91230980,92604650,55510,15838,7612884
88346448,91507707,55400,18519,7462420
77274853,87079675,46511,13914,6326314
88535976,97374308,52118,14593,7270511
81982963,87906272,51461,16014,7012475
88823793,81770016,50555,13423,7389301
89081231,82844517,51516,13540,7159115
86846377,81540506,52003,15248,6948451
69319427,66513318,41641,18148,5254337
91430635,89706783,52555,11850,7557393
91406806,90210341,54253,15317,7383780
89200090,96767466,49639,9881,7155829
90982434,97102892,52382,9407,7360571
92371067,95452917,54693,8908,7510487
93530572,92275744,59308,9919,7853920
96418496,95188728,62253,10223,8166026
88926724,88767021,74070,9648,8112267
100438337,89145201,82543,12428,9497311
105390909,96046459,99890,12561,10491218
108972664,93520513,117087,13914,11474032
104711428,88710161,107583,14908,10549453
94800710,90110105,71689,13705,8390105
100868606,87480321,95028,15791,9751814
100319553,87902087,96123,16467,9762834
100827469,89669906,91694,16839,9649259
105514042,100142611,98512,17372,10598022
98674924,91038984,90657,16219,9933295
103339403,100503014,82834,16767,9727967
100474334,98631139,72926,16739,9277256
100341157,96495997,82639,17478,9783536
89957875,80481887,94908,16560,9409593
90617652,85905402,82528,16320,8759119
102810931,96088011,97259,20499,10945405
100530535,91515230,100985,19624,10733804
105618459,92623337,111326,19539,11402056
107177521,98858722,105901,18783,11210254
117792910,115304132,98283,20927,10784906
100334961,89806284,129068,17819,12780266
86694124,84928029,84596,16079,9647062
89048154,87955359,88285,16192,9823718
91338272,83871057,78393,16474,8953530
101832402,75296317,99816,17331,10275332
102194360,76561877,103959,17685,10132279
95728845,73031650,83183,15637,8679041
98827194,74484297,95485,15571,9303922
95972931,76085044,79028,16646,8338686
110430699,84190739,104830,18234,10203289
104144066,82681909,91350,17981,9456196
105243738,91061959,94052,19083,10308224
90690839,78282861,77747,15851,8449065
104260228,80681747,83367,17426,9454180
103534640,86233399,102173,19094,10080291
102803747,86199653,97303,19600,10045706
107287633,87923843,104447,19075,10428498
111986764,93897004,108635,19069,10690860
104044837,92725149,90020,18020,9857530
149264402,124810910,66134,24413,8081816
116183324,103355126,84596,15563,9319194
98360398,83723888,112649,16626,11828879
98977017,84132189,121979,17550,11785720
96248096,83683091,105342,16671,10871305
93261357,84985714,102599,16210,10138837
86470834,82724332,86573,15956,9055996
87328666,82194201,101357,16098,9497210
90211389,83568528,95893,16251,9819286
88086353,85360130,87309,16186,9313160
92361849,82201191,86563,16507,8961957
85188478,77663818,64486,14982,6955917
105606136,99336837,89191,19644,10064659
95428194,88251333,91982,18441,9773681
102130177,96462421,85252,19149,9912012
94841243,77931246,88453,17348,8841267
97468507,74371790,83474,16287,8245707
93330221,72963845,67894,14615,7317345
102331264,76600440,97842,17157,9167595
102125765,78968304,98424,17624,9459453
148754496,129232513,48090,23172,6258613
127995364,101518626,119802,15493,11238822
97171668,73398318,112516,14990,11991827
88864435,74985947,87504,14453,9234775
94260961,75558747,112210,15712,10583081
82624245,73576672,67566,13320,7943253
89353614,70601762,105250,14571,10063262
100287372,75216522,117199,15734,11641957
90827871,72637397,90913,13965,9737132
98011794,74237022,110696,13916,11019658
105354651,74773932,122675,14064,12305489
88752571,71958465,86438,12179,9017403
85269575,72133381,75665,12277,8359794
99341302,75250809,119894,14481,10898161
110730881,76417525,141270,16057,13385995
110543851,78293295,134101,17275,12428967
104181030,79019320,103365,18646,9688953
92448052,73276302,72065,15990,7744224
90863325,75705045,59173,14786,7046852
94913314,75182505,75487,16725,8295521
154524623,130425250,49966,25738,6602176
118450498,107914505,60085,14602,7009476
77656056,35302431,162903,5270,13433696
75588440,30446993,171304,3776,12759214
47457017,24466289,88174,2541,7094318
69401488,31357385,153498,3898,10822577
84171183,35277261,187559,4788,12870713
48262177,28307531,106323,3595,7356596
73998648,34432303,174510,5133,11397982
57484889,29743462,119044,3993,8325180
103815262,40793294,246521,6671,16018319
64397551,31421506,135430,4818,9268612
99169249,40560313,235245,7044,15206140
95395352,38749242,216154,6571,14311405
107094498,41966564,252402,7585,16362744
70450880,34137480,162476,5577,10588407
50593840,29407396,105806,4679,7175932
32881260,24102083,50211,3331,4072877
60309926,32161167,137338,5316,8950211
53464176,29609516,114332,4641,7722869
88511995,38385994,194055,7087,12970082
54464911,32223065,111096,5875,7447590
88185803,84171011,88939,9823,6384304
129557971,117279611,96630,16141,6927176
58036227,26480661,117976,4451,8221213
46636118,25483236,110490,4191,7092609
80925951,32599653,183126,5468,12363490
77608773,31979288,181503,5260,11943177
96515371,37209126,237932,6747,15357842
81227419,32519688,183157,5403,12268020
66471154,30738609,168129,5118,10513960
87561643,33813393,199910,5723,13286417
62947891,29123392,147692,4930,9729398
36720166,21719540,67736,3520,5027693
18421653,16659090,8620,1987,1472751
15746482,13661204,6892,1543,1131284
19343816,13446139,6511,1522,1108298
18840651,13373428,6488,1515,1122087
18839089,13334192,6486,1441,1110123
20386138,15073190,6675,2220,1143466
22647988,17543422,6922,2967,1134209
25969842,24763902,7596,4904,1228484
129749050,146793070,9576,15460,2007376
31825065,36859913,8382,2608,1406592
17310191,16675328,8106,1985,1374772
15157217,14594103,7123,1647,1166698
17425195,16824969,7993,1865,1347948
17255948,16800881,8073,1913,1384481
17220220,16807726,7955,1871,1359910
17296475,16931585,8038,1819,1367013
17255649,16831622,7942,1830,1351367
17343632,16883812,8203,1999,1392095
17269207,16877208,8078,1965,1381344
17167016,16918409,7889,1838,1334387
17073796,16831069,8019,1968,1357012
17351373,17038393,8021,1887,1358178
17149003,16830791,7977,1853,1364886
16944907,16724396,7927,1731,1336726
17044799,16794280,8066,1901,1354160
17031983,16911511,8031,1948,1378309
17454512,17260350,8163,2294,1362568
17399633,17279782,8209,2269,1377943
17229239,17131947,8243,2221,1373595
17036493,16909020,8032,2011,1369060
16946517,16882534,7940,1861,1348113
16664945,16479517,7736,1873,1317788
16916969,16819423,7875,1897,1334362
16961272,16788452,7894,1854,1340781
16899055,16729488,8038,1973,1349154
16798790,16728275,7867,1888,1335852
16888467,16836223,7851,2008,1342929
16856877,16748346,7864,1871,1323901
16784041,16765050,7727,1798,1312025
16964240,16946423,7955,2046,1360501
16864734,16779818,7804,1936,1333717
21488412,18642973,9240,2351,1821306
22727809,20930590,10059,2434,1796125
22357023,21133448,9975,2402,1791389
22179178,21239291,10007,2503,1797488
21839226,21108339,9959,2307,1769119
23687170,23286208,10555,3535,1887621
24156071,23798233,10517,3070,1848984
23769742,23387849,10187,3492,1835122
25866581,25881660,10481,4096,1861316
27285595,27772549,10519,4807,1876830
83409883,95336659,10503,11947,2167146
62346720,78704090,10057,4414,1870655
22157138,21132883,9770,2283,1749195
22042429,21059964,9754,2407,1740963
21979195,21308513,9820,2587,1773834
21669248,21209607,9777,2390,1741707
21866805,21286739,9820,2432,1745787
21805580,21274716,9843,2582,1755142
21932488,21324484,9935,2491,1780627
21971169,21364523,9740,2404,1728226
21507915,20953958,9892,2467,1742186
21724386,21075516,9759,2351,1734021
21821317,21297918,9788,2369,1737664
21827227,21143364,9850,2363,1745083
19518978,17868727,8058,2887,1321749
22173249,21448115,8801,3479,1396934
23280307,22963495,9236,3546,1407966
22307484,22138241,8901,2999,1394426
17813999,16989530,8301,2068,1369398
18045037,17230569,8450,2124,1377911
17461352,16742795,8396,2076,1341745
18021185,17319963,8330,2123,1348704
17982562,17341903,8373,2141,1354546
20388226,18451676,9625,2648,1520356
23899015,21666728,11233,2935,1843076
22966584,21589366,11405,2831,1856386
22645159,21834094,11344,2847,1873613
22259558,21623955,11240,2738,1844119
22818998,21951620,11368,2992,1866728
22403835,21701661,11408,2836,1828890
22561426,21904626,11509,2738,1809170
22438370,21684855,11416,2755,1812371
22489767,21806966,11514,2762,1820716
22663203,22212097,11450,2978,1821547
22452868,21801350,11569,2794,1843507
22590356,22092493,11553,2905,1807509
22348565,21959040,11579,2826,1840109
22395992,21925997,11376,2915,1814177
22490171,21998357,11638,2892,1836353
22623133,22070559,11632,2875,1847146
21698616,21168197,11045,2650,1770328
22236430,21782290,11330,2803,1808295
22207581,21821262,11086,2834,1777936
22238544,21734525,11228,2674,1790796
22521857,22103903,11342,2967,1798145
22513659,21747696,11722,2972,1845930
22338242,21828001,11312,2834,1799607
22328578,21981645,11443,3008,1827997
22288675,21911682,11506,2834,1830810
22271997,21872427,11387,2816,1829830
22589171,21931924,11636,3033,1857852
22513355,21849344,11465,3026,1843232
22507845,21888717,11411,2852,1840794
22498613,21766362,11543,2771,1873208
22466409,21943312,11555,2886,1854572
22170254,21278311,11311,2720,1838103
22430036,21924433,11343,2875,1824628
22462200,21896723,11489,2924,1843114
22521340,21956999,11458,2902,1832639
22135524,21414638,11276,2901,1803877
22287350,21586545,11445,2662,1831839
22498063,22088349,11318,2824,1821321
22483215,21761264,11520,2909,1833673
22393022,21706959,11474,2882,1849909
22527014,21813963,11665,3091,1840095
22403838,21643015,11711,2852,1841674
22378225,21721740,11512,2969,1825979
22566679,21966493,11690,2873,1862451
22454532,21740948,11621,2928,1832168
22287008,21597313,11377,2902,1826698
22305254,21714894,11357,2859,1814355
22582437,21959970,11328,2927,1821234
22484991,21774282,11576,2849,1834840
20278390,19709652,10650,2824,1635419
21836365,20729212,11018,2667,1761720
22493877,21788059,11477,2821,1821596
22457679,21778958,11128,2769,1804660
22449561,22063437,10145,2729,1717389
22489750,22022266,10086,2664,1719284
21777513,21387204,9891,2574,1691941
22200507,21805129,10101,2587,1732816
22371348,22007772,9871,2552,1681172
22541380,22132986,9929,2641,1686505
22300933,21942666,9986,2458,1699964
22275873,21889471,9959,2589,1718938
22448249,21913546,9927,2592,1720161
22539764,22057435,10043,2673,1721781
22324739,21992524,10014,2453,1723459
22299581,21880062,9940,2605,1728162
22527680,21916730,10061,2639,1730913
22376250,21782608,10057,2554,1707272
22593676,22026600,10098,2676,1721253
22701749,22165230,10097,2713,1709344
22697062,22304639,10229,2744,1750281
22411799,21701188,10171,2625,1738497
22265105,21696428,10097,2592,1726304
22560564,21906463,10027,2667,1716060
22342285,21717450,10075,2606,1719744
22435227,22057884,10038,2511,1706889
21962892,21515014,9979,2640,1689993
22376632,21911366,10137,2586,1728990
22659719,22087127,10229,2686,1755144
22327488,21773810,10036,2447,1744872
22449428,21952165,9875,2505,1715461
22437868,21649169,9738,2576,1718828
22719629,21953735,9926,2564,1697980
22322223,21824138,10002,2520,1714816
22699895,21722691,10035,2586,1730566
23054932,22128739,10182,2671,1746548
22708953,21818320,10185,2494,1737744
23004027,22158673,10096,2637,1717732
23027930,21828636,10123,2659,1791804
23220653,21898747,9999,2478,1789190
23020703,21797390,10016,2599,1813801
22970212,21638620,9922,2614,1833957
22988779,21812342,10015,2663,1815955
22798050,21816349,10004,2561,1751565
22919072,22070725,9957,2659,1739599
23011475,22020339,9943,2592,1762116
22413968,21372600,9645,2543,1692826
22775588,21831193,10046,2659,1754087
22530241,21912212,10004,2671,1733715
22528262,21916835,10061,2788,1731014
22573689,21947669,9986,2729,1721908
22685929,21818734,9920,2619,1738598
22625640,21746244,9923,2544,1757373
22787744,21869286,10069,2636,1754454
22662312,21794928,10097,2656,1751608
22603112,21716758,10029,2562,1734661
22910710,22071351,10125,2693,1770999
22766534,21709888,10701,2686,1826490
23075513,22080120,10191,2852,1785998
22977535,22029326,10052,2804,1788612
22468437,21167656,9868,2534,1772417
22755496,21712852,10115,2611,1755613
22858796,21835244,10132,2765,1754221
22720822,21757582,10077,2637,1723534
22799866,21994624,9840,2745,1723458
22769405,21791122,10082,2720,1751297
22384694,21449416,9898,2597,1706485
22877795,21813875,10367,2651,1773955
22859847,21954607,10036,2743,1738824
22581598,21525470,10013,2632,1740440
22846023,21915703,9951,2697,1736482
22601467,21648278,10010,2691,1745598
22967454,22096472,10037,2689,1730823
22558088,21584331,9995,2530,1733498
22744870,21695836,10184,2701,1765840
22804560,21756289,10216,2685,1761947
22677477,21695401,10222,2677,1737632
22564383,21579651,10169,2629,1752581
22736607,21722621,9958,2463,1749772
22668147,21432694,10062,2554,1769386
23102271,22190426,10142,2700,1743516
23900005,21966602,10677,2998,1750647
23046361,21262643,10365,2661,1723790
23150086,21512863,10873,2786,1711312
23409476,21665444,10691,2803,1724362
23044511,21432470,10511,2686,1724314
22997604,21219321,10383,2850,1691110
23605662,21806457,10751,2915,1769326
23539599,21590320,10897,2907,1793926
23865937,21761821,10972,3116,1772470
23438263,21601870,10550,2820,1726782
23197859,21463726,10765,2734,1742241
23395989,21485889,10634,2692,1784489
23234956,21462922,10479,2679,1762520
23302301,21685030,10677,2799,1766245
23908261,21780888,10651,2922,1767934
23806845,21961717,10409,2943,1719412
23640039,21446264,10736,2974,1771497
24111580,21933575,10876,2908,1766322
23715004,21758902,10563,2676,1737427
23756894,21785614,10701,2836,1768026
23850867,21739238,10568,2735,1772326
23252827,21552508,10213,2723,1785427
23477374,21694980,10826,2807,1804049
23760888,21936846,10767,2984,1766300
23247110,21525607,10338,2741,1702248
23423061,21509946,10522,2887,1722696
23861820,21836606,10731,2924,1749493
23487545,21627079,10569,2760,1733795
23697308,21911497,10676,2923,1756702
23353148,21580846,10740,2807,1776915
23087175,21495213,10547,2706,1763812
23355309,21574552,10565,2725,1758748
23861929,21964652,10595,2803,1780186
23744705,21826858,10639,2943,1813589
23332994,21528093,10617,2708,1740583
23643610,21738004,10860,2793,1742513
23722781,21792470,10814,2914,1762469
23565741,21819545,10674,2840,1757619
23383278,21617979,10533,2724,1809082
23684070,21793490,10666,2899,1814370
23672478,21747024,10711,2885,1748816
23692032,21723201,10695,2719,1758364
22159694,20351538,10029,2678,1651496
22438700,20365267,10363,2693,1650669
23514677,21641635,10964,2782,1775151
23713154,21785296,10841,2821,1806213
23229569,21749224,11067,2859,1846000
23235274,21570958,11033,2815,1822948
22842548,21498254,11099,2907,1849041
22795571,21644622,10794,2889,1814707
22593941,21488142,10870,2806,1778719
22896062,21666641,10834,2744,1736517
23090579,21886313,10732,2810,1760727
22861622,21716066,10815,2851,1771169
23076898,21890888,10852,2798,1753200
23006151,21742936,11010,2906,1771746
22757465,21534432,10799,2743,1769498
23198884,21783627,11269,2829,1779890
23245243,21847724,11367,3023,1835378
23232326,21840642,10810,2830,1786621
23136058,21823414,11135,2904,1816686
23197117,21933628,11334,2947,1819760
22929784,21604452,10766,2708,1797781
22990488,21856112,10681,2737,1781249
22291495,20937202,10275,2641,1720295
23236924,21668415,11317,2999,1827920
22714774,21531456,10753,2828,1771453
23559934,22021998,11206,3107,1809428
22887557,21221322,10815,2826,1804058
22977078,21857453,11019,2674,1801219
23597191,21929816,11384,2860,1822233
23714584,22086200,10897,2876,1783054
23050548,21721943,10793,2809,1766626
23026902,21786315,10745,2809,1789991
22849512,21655570,11037,2780,1809937
22879488,21829263,10550,2698,1737018
23085525,21831887,10997,2876,1792512
23323856,21853915,10823,2862,1755157
23326974,21804765,10721,2762,1781669
22969815,21482008,11079,2831,1801505
22750177,21576866,10411,2864,1782259
23197294,21909134,10873,3053,1776242
23135570,21725954,10847,2794,1802544
22944582,21613116,10799,2937,1813032
22490008,21109006,11009,2865,1809383
23177074,21586147,11309,2803,1861896
22918377,21456404,10841,2737,1846389
23359310,21985135,11087,2931,1817144
22868216,21661086,10526,2973,1821049
22921047,21675610,10870,2747,1828599
22891948,21764531,10869,2829,1758185
23118898,21833617,11054,2935,1788451
22957878,21616412,10785,2715,1774176
23199254,21925910,11065,2849,1764233
22797827,21600994,10759,2650,1782796
23162112,21931255,10741,2716,1772000
23276504,21752138,10867,2735,1803445
23110034,21839994,10810,2770,1810635
22808602,21508098,10812,2729,1795877
23336140,21783515,11038,2886,1802681
23249549,21713245,10910,2694,1761909
23224622,21847812,10959,2910,1782729
23361859,21924609,11126,3083,1815729
23444009,21896850,10813,2820,1766615
22920124,21481973,11131,2821,1765187
23553572,21900495,10951,2912,1756625
23184734,21627988,10944,2700,1763298
23265900,21670558,11051,2887,1782110
23205932,21677875,10907,2631,1769652
23833031,22065817,11049,2902,1762589
22884107,21789997,10792,2737,1741721
22802102,21807611,10939,2704,1754739
22974656,21910271,10736,2655,1740957
22812514,21693193,10994,2759,1754225
22636950,21762885,10621,2723,1765655
22715010,21621905,10971,2737,1751841
22857147,21814851,10839,2930,1761854
22652257,21627377,10966,2794,1772296
23240005,21916048,10654,2716,1764005
23334816,21904169,10979,2828,1805375
23032088,21628067,10823,2779,1798464
23174169,21873116,11042,2821,1800700
23084854,21787347,10841,2718,1806058
22975410,21749999,10732,2623,1763507
22809529,21382564,10850,2850,1779074
22854394,21537707,11056,2856,1798606
23346601,21953400,10992,2997,1821283
23032089,21611961,11009,2833,1801198
23224476,21904415,12002,2772,1772716
23346027,21834554,10989,2815,1780900
22722977,21578547,10578,2581,1753432
23314579,21813709,11081,2870,1817793
23101973,21713487,10900,2728,1823196
23064719,21844820,11342,2771,1849281
23439458,22033383,11470,2945,1809133
23322658,21900137,10971,3008,1792397
22935791,21757525,10567,2821,1772781
23139443,21834234,10875,2964,1804669
22857664,21642571,10797,2831,1799728
23145794,21928891,10873,2938,1784974
23541342,21981574,11145,3016,1802266
23720693,22132326,11326,3060,1800869
22768044,21580604,10859,2768,1760009
22882212,21704601,10826,2921,1782165
22761725,21386514,10753,2902,1746855
23160587,21846181,10762,2850,1769310
23216816,21960965,11509,2932,1789268
23414143,22037820,10977,2837,1784083
22757377,21627583,10781,2723,1781738
23284284,21888373,11172,2936,1801800
22906357,21624583,10820,2781,1786861
23031094,21823688,11062,2746,1795627
23225158,21836571,11205,2831,1830624
22859354,21623905,10586,2660,1767147
22763478,21743437,10455,2729,1753506
22900057,21718859,10792,2716,1797834
23140144,21763123,10596,2644,1785384
22894080,21625643,10889,2780,1798818
23087032,21783239,10942,2816,1804873
23054127,21726779,10814,2921,1768078
23478450,22048336,10595,2911,1751515
22919545,21657850,10622,2803,1770118
22837776,21709923,10929,2807,1800189
22974353,21818894,11326,2982,1841602
22522260,21392471,10495,2700,1749072
22824018,21650553,10462,2738,1813014
23354275,21867331,10704,2777,1824393
23094183,21436885,10448,2669,1817965
23055399,21874136,11057,2941,1796039
23158476,21853723,11376,2926,1832248
23364909,21933961,11319,3044,1855376
22767090,21514829,10548,2647,1763418
22976771,21588775,11003,2774,1795514
23291924,21850953,11309,2868,1815188
22875423,21534925,10643,2715,1782674
22837804,21565429,10381,2721,1775838
22943714,21681467,10914,2709,1805515
23401126,21819025,10947,2819,1803764
23406146,21903068,10637,2860,1782024
21499748,20133964,10024,2457,1628291
23475039,21808053,10538,2711,1733178
23291948,21721522,10734,2805,1743595
23102550,21584582,10634,2612,1715163
22499227,21043743,10465,2657,1721251
22965754,21744528,10674,2751,1765501
23000354,21744834,10660,2673,1764083
23296107,22009080,10758,2723,1766739
22965437,21659482,10448,2709,1768075
23310698,21682316,10580,2835,1785081
23857436,22023059,11329,3066,1814416
22969772,21696161,10689,2734,1759547
23114248,21810120,11117,2837,1796838
22966937,21816022,10599,2777,1797297
22748369,21642125,10821,2665,1773641
23058289,21772949,11190,2703,1815062
23417961,21795588,11216,2769,1804045
23247171,21874857,11218,2814,1793863
23114159,21746349,10850,2610,1767626
23260554,21873988,11035,2673,1799747
23369838,22015102,10857,2729,1778655
23658333,22058405,10962,2736,1767527
23793948,21973595,11609,2964,1820563
23308616,21827545,10813,2993,1774695
22467463,21249607,10530,2733,1710245
22753914,21641384,10667,2734,1755617
23020937,21697265,10798,2836,1783987
23179057,21387219,10920,2900,1830562
23084027,21750634,11183,2819,1819582
23435746,22128409,11248,3067,1822867
23281230,21883440,10759,2887,1791958
23271984,21826288,10854,2870,1828296
23272685,21930050,11152,2974,1835924
23445222,21801569,11071,2913,1835161
23226996,21887453,10950,2891,1840241
23659338,22146673,11787,2863,1811851
23372969,21870225,10931,2889,1815951
23150218,21766171,10964,2828,1822469
23190055,21854553,10749,2848,1808766
23366170,21959112,11035,2956,1808108
23076362,21728615,11279,2750,1844667
23038523,21796006,10912,2789,1811100
23320625,21779951,10995,2932,1802882
23074508,21839254,11038,2876,1804950
22849113,21390151,10812,2859,1767423
22929741,21711330,10916,2798,1808081
23282434,22049298,11098,2856,1813844
23534182,21962178,10924,2857,1807458
23602061,22065936,11191,2919,1814566
23244503,21792877,10872,2845,1836643
23349249,21902215,10701,2708,1810334
22960775,21676840,10957,2654,1824429
23108514,21887861,10797,2714,1776153
22948802,21698097,10858,2723,1763184
23521582,22027656,10880,2842,1776252
23280765,21901006,10957,2829,1779634
23210690,21885031,11181,2812,1799709
23035830,21796505,10814,2701,1775512
23691457,21950744,11124,2882,1809860
23472992,22026650,11010,2827,1798450
23416042,21866129,10737,2761,1762972
23340604,21948377,10726,2801,1768216
23036840,21675770,10611,2629,1752591
23288045,21950573,10561,2763,1755349
22428944,21257023,10378,2681,1729842
22891549,21798274,10601,2731,1762700
23206906,21903776,10756,2819,1790963
23198055,21817072,10798,2783,1796902
22955513,21758414,10952,2841,1829923
23443102,21984984,11287,2889,1853708
22826557,21703606,10602,2708,1801608
22987463,21744073,10857,2699,1823436
23309041,22015454,11052,2890,1862537
23294524,21945217,10964,2874,1834630
23495781,21941860,11585,2893,1853612
23276636,21751261,10619,2705,1825931
23033828,21798537,10968,2785,1853498
22937672,21758975,11381,2702,1842868
23044080,21852689,10960,2770,1836545
22834879,21597079,10881,2724,1820720
23049282,21826969,10825,2772,1852553
23285885,21847734,10885,2727,1839179
23442257,21879364,10908,2814,1823197
23727442,22049613,10942,2902,1817803
22740016,21181778,10706,2854,1808393
23052500,21747685,10768,2771,1820405
23067915,21655723,10618,2671,1810908
22776476,21632869,10775,2661,1805877
22810805,21542363,10753,2778,1799193
23531402,21901740,11064,2891,1830838
23090069,21852054,11009,2754,1811588
23269150,21761558,10741,2752,1803029
23474692,21968796,11174,2813,1814830
23186610,21667398,10952,2840,1808612
23231767,21825125,10861,2754,1801953
23159609,21835513,10866,2834,1795534
23235676,21931268,11067,2880,1803945
23229812,21953849,10978,2767,1780180
24085124,22113960,11188,2838,1782525
23474124,21869614,10812,2789,1793343
23139048,21767041,10650,2834,1786828
22826622,21676277,10721,2652,1803646
23154437,21858016,10865,2891,1807319
22551237,21360468,10697,2701,1790346
22998827,21852811,10964,2834,1832855
23230572,21811943,11228,2765,1844851
23478876,22040400,11322,3186,1836082
23262999,21787132,11235,2990,1833794
23022953,21666524,10826,2752,1802602
23456060,21797551,11009,2730,1799601
23557525,21983343,10857,2922,1813276
23414746,21853755,11803,2985,1830915
22594792,21535467,10681,2625,1797214
23294251,22071723,10772,2917,1797235
22759089,21527293,10825,2698,1800264
23261132,21827842,10837,2839,1802522
23421613,21993536,10953,2778,1812699
23676074,22068601,11639,2879,1806830
23466994,21966062,11364,2983,1849918
23242583,21732179,11506,3080,1822741
23204222,21818547,10737,2807,1815605
23094997,21764447,10738,2827,1796229
23139738,21771895,10695,2921,1837972
22707772,21400864,10682,2786,1800856
23773066,22154287,10890,2847,1834175
23051501,21742652,10696,2715,1822149
23313226,22096247,10987,2972,1838109
23521877,22038070,10745,2814,1806218
22838918,21779030,10525,2655,1789426
23310347,21814845,10954,2702,1801259
22913575,21549130,10946,2648,1837544
23352773,21723618,10598,2755,1830973
23613163,22183116,10819,2879,1792352
23158635,21665188,10418,2693,1770599
23070800,21677306,10328,2627,1767054
23208342,21837597,10712,2804,1796166
23257010,21857806,10641,2698,1790966
23043615,21702749,10998,2807,1845134
23121123,21570214,10813,2720,1836114
22953737,21604643,10821,2680,1805740
23075656,21600729,10795,2696,1818687
23299645,21922030,11192,2970,1824935
23329851,21872305,10899,2871,1773457
22878641,21581626,10634,2629,1712130
22939662,21641806,10470,2753,1751478
23080512,21894540,10822,2817,1778622
23125839,21719512,11595,3060,1877827
22487671,21028991,11871,3265,1852288
23262873,21468452,12074,3237,1857063
23291242,21668407,12425,3124,1900855
23071967,21791754,12377,3256,1912042
24059379,22215976,12649,3557,1900346
23091062,21847709,12369,3209,1892708
23034604,21660005,12277,3129,1872392
23701042,22056304,12650,3539,1900922
22908195,21573416,12014,3020,1838692
23370213,21903930,12190,3155,1857517
23072744,21901696,12542,3141,1910186
23395183,22015129,13254,3425,1937137
23111708,21738379,12561,3349,1912317
23252462,22031311,12636,3297,1911635
23670358,21924235,12942,3240,1926432
23022820,21760239,12541,3069,1913072
22537940,21323939,12195,3137,1856652
22885644,21774672,12119,3001,1876762
23289464,21921835,12516,3177,1892640
23598746,22043349,12622,3433,1899975
23731146,22078281,12718,3436,1893375
23726836,22197128,12810,3443,1906283
23744098,21934015,13069,3242,1893485
23522339,21819798,12436,3313,1887386
23382877,22101796,12362,3441,1898376
23759593,21987047,12346,3306,1881442
23250210,21251704,12112,3062,1942135
23345468,21912946,12498,3246,1921878
23706453,22109972,12841,3394,1911692
23405968,21929961,12326,3480,1919405
23515395,21908577,12507,3226,1923620
22975702,21729960,11796,3026,1883066
22949927,21653421,11055,2971,1850411
23093187,21730176,10402,2777,1755654
23326118,21739349,10658,2818,1719223
23035361,21708189,10558,2647,1741280
22924066,21443557,10561,2770,1735555
22883048,21545708,10613,2648,1759887
23287613,21797480,10588,2874,1746895
23024785,21729103,10964,2853,1836260
23118901,21868187,10816,2821,1852582
22995097,21916474,10738,2835,1827781
23354596,22090668,10843,2900,1846816
23202109,21920894,10876,2841,1829596
23114397,21887863,10827,2795,1826488
23001503,21820232,10830,2831,1854412
22901750,21808791,10925,2745,1833196
23120904,21829494,10685,2810,1828592
22936821,21635242,10857,2705,1831664
23192612,21885986,10780,2663,1793297
22676881,21153012,10555,2664,1815508
23277870,21847507,11088,2830,1845352
23201984,21776510,10502,2731,1829055
22741310,21524971,10516,2648,1787663
23051175,21748045,10564,2658,1795006
22577183,21376742,10509,2609,1753447
23203626,21845308,10854,2842,1814535
22972276,21615340,10664,2758,1784326
23000681,21668542,10701,2714,1791400
23388333,22030694,10922,2740,1805374
23635557,22075351,10923,2835,1807171
23269587,21734088,10622,2720,1811881
23707248,22007457,10810,2875,1806717
23841377,22028105,10807,2757,1807222
23630308,21871074,10800,2903,1803895
22998651,21687647,10686,2719,1781176
23562768,22007585,10774,2783,1782861
23229520,21833446,10493,2707,1777470
23543969,21883920,10644,2700,1786014
23581174,21779689,10762,2750,1805676
23511797,21951704,11233,2800,1812691
23170038,21675639,10695,2776,1796840
23166527,21936553,10744,2703,1768778
23112436,21809472,10598,2667,1755527
23104557,21811738,10770,2733,1792780
22765427,21503391,10767,2814,1771794
23223152,21778129,10710,2803,1796192
22892466,21769769,10524,2515,1776843
23370301,21899311,10754,2781,1786013
23452667,21758046,10781,2631,1784113
23516016,21820362,10638,2736,1762781
23246382,21873752,10774,2654,1790144
23095989,21762939,10411,2741,1837209
23300906,21947078,10466,2662,1801064
23258369,21843701,10575,2638,1799593
23194543,21773782,10532,2746,1811400
22971489,21619171,10699,2648,1783072
22825797,21668910,10790,2696,1789957
23352110,21882921,10604,2766,1779994
23224305,21786516,10923,2792,1773533
23093454,21883328,10793,2671,1785234
23269661,21833330,11122,2815,1789063
23258253,21839768,10686,2875,1790583
23182223,21856646,10689,2820,1804051
22921049,21764810,10536,2672,1790710
22490636,21220143,10434,2567,1745952
23191554,21826639,11159,2746,1798384
23122407,21721616,10790,2628,1771854
22996604,21888553,10820,2696,1784457
23290955,22020214,10707,2939,1797012
23236611,21803837,11772,2715,1806844
23399989,22115667,10725,2847,1806547
23074428,21708918,10954,2747,1810353
23353018,21915049,10606,2649,1762978
23440302,22020249,10934,2803,1756954
23176138,21810654,10871,2774,1805545
23563217,21963634,11021,2817,1836533
23171128,21832245,10802,2773,1796659
23293830,21950016,10917,2867,1826953
23181870,21967977,10895,2747,1826317
22803806,21781916,11316,2837,1855644
22644854,21523217,10826,2816,1812868
23490288,22095646,10856,2915,1784085
23922468,22084155,11258,3018,1796809
22888011,21591541,10457,2671,1769313
22393392,21180584,10517,2844,1778035
23284104,21984521,10918,2792,1789715
23428004,21966824,11130,2914,1825401
23206067,21728178,10760,2749,1825216
23201606,21642973,10843,2652,1797544
23018950,21627955,10780,2834,1806530
23735223,22064697,10868,3034,1820461
23520472,21955847,10755,2801,1782285
23079065,21747065,10732,2784,1817955
23525818,21977059,10643,2700,1798706
23322063,21987526,11209,2978,1832597
23340476,21690852,10979,2924,1809795
23121159,21800259,10893,2829,1812914
23133874,21782210,10842,2684,1788014
23035229,21639361,10884,2764,1817453
23014933,21758762,10723,2669,1828001
22843920,21564106,10812,2750,1786406
23249664,21799768,11032,2783,1825892
23323024,21908683,10948,2748,1792829
23328277,21749636,11046,2805,1810199
22414355,21146184,10557,2783,1760404
23742430,22265003,11360,2982,1803915
23214612,21744101,11021,2869,1823138
23077124,21740652,10767,2677,1811943
23252736,21907057,10640,2793,1801632
22912272,21707057,10584,2578,1799857
23171534,21782546,10715,2731,1807382
23308305,21817265,10646,2724,1787093
22746022,21598370,10710,2781,1804378
23187952,21829131,10892,2727,1840199
22913290,21637856,10596,2736,1819482
22885136,21784959,10912,2729,1836223
23297925,21883836,10977,2740,1832968
23035668,21781445,10718,2760,1793591
22993372,21744410,10690,2597,1805337
23312201,21905262,10845,2845,1829666
23132536,21755021,10988,2797,1807747
22773368,21619829,10751,2804,1812613
22754029,21630785,10638,2741,1822537
23007829,21504216,10759,2778,1771259
23152520,21711540,10789,2768,1798212
23111084,21614750,10679,2696,1795926
22838436,21554373,10764,2711,1821155
23552355,21963770,11108,2871,1824859
22844884,21558055,10844,2863,1808751
23084432,21844460,10768,2859,1816816
23236946,21817244,11047,2939,1833431
23605116,22062803,10918,2869,1822581
23180401,21853525,10824,2941,1809603
22975375,21694994,10705,2658,1796938
23184436,21796740,11010,2734,1818086
23258791,21746393,10655,2634,1773058
23085210,21760185,10766,2670,1800013
22659818,21450165,10377,2605,1752329
22697462,21733066,10432,2541,1779010
22769440,21790058,10771,2628,1782490
23579305,22109205,10871,2821,1775362
23151542,21720095,10899,2794,1791036
23385547,21867046,10918,2909,1793372
22600281,21216056,10751,2765,1754504
23527090,22086577,11137,2982,1788492
23107829,21781241,10540,2814,1761468
23102752,21897853,10630,2659,1782570
22985890,21631027,10646,2662,1755402
23425948,21925547,11012,2913,1798837
23767847,22063920,11259,2998,1797425
23467426,21992682,10756,2732,1780458
22837092,21495979,10431,2643,1766475
22939068,21791172,10759,2657,1792730
23213362,21890276,10950,2794,1798461
22874287,21576653,10672,2689,1797477
22711315,21542399,10722,2725,1783718
23523451,22159305,11170,3030,1781104
23178198,21708235,11017,2904,1779452
22970289,21715340,10766,2750,1764804
22865443,21591467,10580,2789,1765627
22734033,21729932,10644,2613,1757599
23255773,21951141,10751,2776,1767785
23096373,21823074,11036,2902,1777055
22998108,21653349,10697,2814,1747418
23218386,21819983,11109,2725,1797809
23244566,21951827,11349,2870,1816146
23501877,21971865,11071,2766,1780762
23057530,21801200,10791,2766,1756545
22819415,21633462,10740,2781,1804410
23247987,21772286,10967,2828,1772761
23562082,21992546,11041,2915,1790519
23109471,21600854,10785,2810,1806494
23280826,21911612,11150,2774,1819276
23366914,21974545,11279,2899,1795583
23038822,21493324,10713,2686,1816676
22747625,21592745,10764,2902,1793584
23211019,21820124,10874,2773,1784225
23402153,21922525,10987,3014,1798775
23182601,21889286,11274,2846,1812342
23161682,21636911,10987,2776,1775433
23157095,21775423,11205,2908,1790169
22902517,21640880,11003,2756,1770343
23192767,21740379,10908,2799,1777297
22838791,21239814,10833,2787,1760267
22856774,21616675,11263,2649,1800289
23172953,21747962,11246,2785,1803318
23325737,21582871,11247,2747,1784168
23704659,21919924,11278,2979,1802843
23120564,21680655,11047,2941,1821581
23074448,21727916,11134,2980,1810041
23588884,21957569,11285,2807,1788624
23612347,21867397,11279,2924,1801851
23419139,21761980,11176,3060,1802918
23135323,21537145,11074,2763,1797762
23082617,21666672,11200,2849,1799644
23529696,21942482,10698,2739,1752897
23199215,21823452,10823,2776,1790202
23035843,21781828,11058,2763,1796969
23309111,21806188,11624,2944,1802331
23365842,21662665,11189,3138,1808618
23178399,21786146,11432,3025,1812630
22983842,21585829,11076,2839,1781292
22959624,21689665,10970,2777,1785798
22367779,21311363,10696,2727,1751397
23207433,21883177,11127,2835,1796775
22967132,21729135,11192,2755,1792305
22998768,21755134,11167,2771,1806680
23211378,21876492,11121,2978,1812031
19382183,18325777,9219,2379,1504695
23122798,21663492,10607,2732,1795694
23159452,21800763,11205,2691,1820092
23208772,21782160,10738,2611,1791491
22777086,21610851,10885,2621,1779166
22764184,21740911,10726,2577,1753288
22689608,21703157,10833,2637,1792429
23216534,21999732,11148,2878,1808479
23002759,21727103,10606,2620,1777461
23098306,21771029,10717,2677,1782099
20002969,18772505,9451,2379,1496823
23416266,21655875,10711,2690,1807014
22852784,21606262,10978,2675,1815698
23183296,21786411,11034,3028,1838644
22820334,21737077,10588,2710,1777425
22945133,21664823,10964,2743,1774188
22994441,21794696,10847,2835,1814497
23589951,21912355,11088,2918,1762514
23375710,21729002,10970,2712,1790549
23337949,21812080,11169,2894,1811584
23226477,21759773,10976,2767,1799771
23007028,21748588,10703,2689,1772808
22957823,21775830,10843,2911,1773255
20041460,18624799,9669,2454,1517059
23968250,21846134,10674,2635,1781136
23622911,21856827,11280,2637,1793256
23521986,21776207,10667,2730,1776058
23923635,21906488,11316,2716,1805346
23141987,21658622,10885,2759,1810675
23143314,21720849,10736,2785,1799488
21290794,20307313,9525,2358,1581207
23492367,21875636,10917,2881,1800457
23473584,21909570,10851,2758,1793898
23171432,21930694,10802,2715,1813267
22771113,21285847,10495,2670,1770503
22908191,21599409,10599,2695,1806027
23477527,21838348,11214,2745,1815516
23515818,21972851,11076,2791,1776371
23794431,21920730,11287,2884,1777156
22839414,21586126,10818,2760,1796773
23215497,21906506,10839,2696,1798289
23109898,21740146,10952,2721,1818589
23280757,21785981,11169,2993,1827007
23103797,21291364,11492,2772,1783920
22753506,21641270,10874,2727,1749912
23934168,22135200,11185,2872,1795262
23620284,21883988,11013,2786,1770201
23521662,21829084,11014,2906,1801069
23188899,21671870,11085,2805,1783104
22797821,21746652,11430,2838,1792988
22944278,21800827,11250,2804,1789904
22877777,21737434,11117,2835,1784442
22941175,21651958,11175,2915,1800374
22763900,21471084,10889,2675,1786333
22643630,21252275,10655,2741,1744160
23477129,21874847,11319,2888,1792799
23383769,21976745,10972,3014,1775480
23382048,22014837,10942,2848,1769516
22751392,21668506,10553,2740,1753544
22838908,21713796,10470,2681,1732369
23448993,22176404,11133,2981,1814364
23209746,21829528,10871,2820,1776636
23150903,21862639,10825,2812,1792691
22887648,21640132,10674,2619,1766257
22794230,21633726,10816,2660,1794105
23226571,21831111,10860,2858,1805385
23104621,21672938,10624,2764,1792256
23320776,21909846,11024,2874,1785078
23205238,21895758,10672,2818,1795422
23100624,21876482,10797,2801,1788097
23334940,21886167,11031,2768,1765659
23241061,21766433,10697,2942,1790269
23459371,21974794,11002,2828,1767854
22580667,21338947,10337,2592,1752479
22422966,21301623,10085,2597,1703638
22879187,21843638,10629,2808,1775471
22936749,21587140,10592,2690,1779348
23351996,21687524,11019,2710,1834156
23702056,21656751,10831,2600,1848640
23346323,21543967,11176,2871,1882201
23249323,21995702,10876,2819,1794997
23138213,21848183,11007,2839,1836804
23365977,22065016,10959,2872,1818333
23126779,21872387,11096,2737,1780174
23454501,22221812,11309,2877,1817620
23316304,22029160,11054,2741,1760341
23248829,21847940,10905,2686,1763307
23037120,21873283,10752,2801,1785944
24086478,22027011,11144,2813,1786476
23437915,21713495,10946,2739,1834555
23547685,22116969,11083,2877,1832629
23365939,21837145,10666,2748,1796931
22821719,21313861,10901,2682,1807585
23019500,21914766,11227,2681,1817926
22590536,21538852,11100,2780,1752460
23153433,21987073,10913,2952,1786549
22945411,21825818,10690,2690,1767829
23114485,21824347,10921,2966,1786820
23048345,21683564,10987,2793,1828511
23466190,21894980,11333,2968,1828197
23322919,21719385,10872,2807,1798643
23366835,21866885,11015,2865,1778991
23287584,21865699,10704,2895,1753620
22811869,21628587,10640,2620,1742783
22725921,21613486,10763,2678,1766385
23069085,21869309,11120,2827,1760482
22579383,21479461,10629,2731,1765910
22991540,21765739,11005,2949,1757185
23284777,21856282,10668,2878,1767561
23748321,22067123,11153,2970,1797000
22818853,21624403,10477,2790,1761382
22791457,21384281,11119,2569,1814094
23209258,21707877,11220,2830,1825239
22832100,21436017,10711,2785,1746996
23218565,21847574,10715,2789,1790048
23375941,21627690,10782,2749,1735179
23222618,21727444,10602,2724,1723202
23317059,22015696,10703,2845,1734098
22835146,21673661,10790,2644,1739558
23097653,21812416,11137,2798,1806833
23326108,21825272,11167,2853,1830883
22730297,21560404,10792,2664,1787335
23253209,21830319,10691,2768,1771545
23571698,22092007,10620,2852,1768084
23429632,21932372,11007,2930,1834679
23048516,21600729,10956,2751,1778824
23070537,21889102,10828,2758,1805921
23280728,21999132,11016,2808,1836700
23546517,22003321,11201,2894,1815963
23665129,22072792,11325,2975,1850533
23492045,21891548,10937,2915,1840061
23597169,22037450,10406,2590,1817386
21548313,20150813,9962,2574,1666026
22732125,21290095,10096,2523,1688387
22803386,21556585,10583,2646,1740737
23273407,22021966,10805,2740,1757446
23249039,21903042,11080,2873,1779507
23170399,21957825,11058,2823,1782435
23104093,21844766,10914,2726,1743747
23354092,21951733,10748,2654,1768808
22813219,21670797,10734,2688,1795361
23144582,21911940,11153,2713,1769299
23261281,21862971,10994,2857,1815632
23581907,22070582,10953,3068,1833731
19912595,18707649,9253,2454,1499564
23689933,21918485,10726,2963,1779950
23153507,21651754,10632,2699,1750546
23168640,21890427,10503,2899,1762137
23204775,21804952,10916,2798,1801084
23119839,21820175,10729,2842,1782124
22989848,21751142,10832,2735,1786832
23267187,21643050,10794,2688,1787374
23190896,21761514,10518,2569,1765251
22457677,21245643,10312,2556,1734557
22733668,21579795,10430,2657,1792032
23199253,21818602,10742,2675,1788622
22943425,21815889,10582,2640,1748890
22798191,21620372,10477,2711,1761191
23256057,21869160,11062,2861,1815217
22850017,21523294,11082,2759,1835765
23207774,22030820,10915,2896,1784820
23000775,21847241,11035,2975,1811566
23305999,21865696,11012,2862,1813722
23008083,21675958,10783,2863,1787963
23013008,21800860,10981,2737,1827937
23156141,21842956,11211,2761,1809277
23303130,21811556,11171,2755,1793895
23601010,21930790,10991,2817,1778290
23252544,21936477,10819,2611,1781049
23174829,21746867,10543,2747,1783741
22943886,21826316,10739,2730,1770542
22855966,21799080,10674,2664,1748240
23434572,21909237,10992,2822,1753842
22639464,21384901,10432,2757,1701187
23104120,21711413,10720,2845,1763570
22976698,21703886,10763,2837,1776667
23458757,21914236,11090,3050,1796178
23544154,21999623,11086,2876,1784430
23399261,21853117,11080,2865,1797789
23189537,21851221,11050,2857,1803980
23698034,21991833,10951,2924,1804184
23151294,21689447,10882,2810,1788899
22976297,21827543,11202,2876,1818083
22708362,21560040,10633,2725,1781725
22842118,21784242,10912,2765,1779942
23185160,21969727,10671,2873,1746429
23156883,21668544,10969,2840,1767473
23097883,21755036,11354,3006,1780361
22266194,20564434,11698,2930,1790177
23682211,21935191,12246,3239,1864120
23187395,21611371,11808,3070,1863375
23478758,21796938,12238,3207,1865482
23152949,21871619,12141,3238,1864411
22632317,21362168,11880,3092,1809550
23592462,22013627,12164,3209,1886553
23788920,22302967,12191,3489,1849635
23500781,21951977,10877,3097,1754403
23163696,21704977,10720,2895,1773938
23112486,21760000,10809,3133,1759169
23364068,21895755,11087,3149,1799605
23231809,21854595,10742,2945,1769140
23277290,21884579,10999,2972,1753183
23133460,21715440,10610,2921,1734842
23087944,21685045,10893,2988,1748621
22980753,21824787,10776,3010,1763144
22747385,21731268,10664,2964,1741356
22911071,21801056,11028,3008,1764088
22936059,21832930,10785,2884,1761435
23050617,21804209,10907,2868,1760699
23542412,21898163,11129,3015,1777965
23066200,21608106,10758,2998,1764598
23638080,21996548,11160,3216,1794986
22991751,21435188,10850,2993,1768707
22870180,21645733,10650,2826,1743221
23073278,21825647,10525,2937,1763837
23066032,21744779,10617,2765,1763420
23370567,22034154,10835,3038,1756232
23556236,22040099,11197,3209,1782738
23502373,22037280,11185,3102,1763937
22851033,21288071,10911,2804,1780023
23043070,21747874,11080,3011,1796264
23379587,21995368,11154,3209,1785183
23278810,21824743,10666,3004,1745967
23744685,22052036,12751,3605,1904788
23574130,22019496,12679,3545,1878173
23854534,22066218,12590,3423,1882777
23694692,21813041,12533,3415,1870263
23885334,22129633,12931,3618,1898357
23601453,21904369,12530,3281,1864363
23546847,21886035,12116,3125,1844990
23464339,21821232,12200,3254,1855659
23137552,21751556,12091,3385,1847438
22865497,21445356,12349,3373,1850357
23398895,21943461,12617,3466,1888253
23662023,21979347,12460,3314,1867951
23228894,21665473,11902,3319,1840504
23389028,21676290,12344,3209,1873939
23348484,21781095,12285,3260,1833761
23551844,22153122,12016,3457,1833965
23659293,21957817,12428,3401,1849476
23157279,21701240,11945,3195,1820336
23135313,21715817,12063,3181,1862518
23707278,22013649,12245,3501,1888735
23450626,21777190,11904,3296,1852859
23254167,21816154,11851,3347,1855317
23616760,21832627,12259,3353,1876233
23474434,21832303,12207,3042,1877427
23129995,21691127,12069,3049,1860943
23468081,21861962,13154,3325,1875969
23364237,21883325,12107,3298,1856929
23211822,21534618,12341,3250,1878896
23339303,21863731,12307,3376,1885058
22685262,21450966,11915,3218,1840219
23260162,21978486,12523,3347,1895053
23683598,22021681,12443,3562,1907586
23803552,22045788,12475,3491,1899534
23284956,21821435,12041,3222,1855507
23339992,21749857,12363,3386,1884498
23727789,21939314,12672,3527,1891856
23428190,21795629,12491,3351,1876554
23200652,21780905,12179,3234,1864913
23465227,21981606,12154,3523,1892504
23515888,21674548,12708,3402,1895340
22827633,21545530,12029,2983,1838405
23399248,21928498,12402,3433,1873519
23779040,22078027,12712,3544,1900976
23677326,21999235,12735,3432,1879162
23477895,21797989,12302,3215,1887607
23779782,21950976,11990,3301,1872970
23535287,21870004,12584,3473,1896527
23361873,21808601,12368,3369,1876385
23163253,21807091,12184,3361,1896612
23082299,21238097,12296,3314,1854148
23839575,21838881,12504,3336,1883313
23883586,22025321,12554,3396,1873325
23757977,21923467,12555,3273,1916704
23885123,21925951,12586,3490,1888771
23303824,21705537,12135,3318,1871898
23767736,21994341,12691,3579,1890208
23877398,21909166,12501,3349,1862433
23464950,21806167,12396,3443,1887463
23868671,22039036,12960,3471,1921820
23998613,22157955,13081,3669,1910676
23681454,21983584,12575,3379,1902526
23528826,21904316,12787,3465,1917925
23585120,21879078,12580,3407,1907960
23463759,21850212,12523,3279,1917730
23445654,21785045,11805,3053,1886163
23163572,21742083,11944,3290,1887283
23315902,21729540,11936,3207,1866559
23655678,21935436,12811,3536,1937137
22983037,21247033,12084,3025,1830876
23435175,21927666,11945,3159,1855517
23250001,21842080,10383,3023,1766095
23171978,21804493,10895,3018,1774319
23104106,21700684,10486,2780,1764597
23189822,21784536,10760,2927,1736628
23505218,21977258,10514,3028,1745456
23149824,21827697,10946,2884,1745299
22898076,21260165,10613,2795,1743211
23238279,21935212,10874,2961,1760727
23154769,21848039,10720,2871,1764884
22946215,21829132,10749,2882,1761122
23387780,21972410,10754,2973,1764437
23121143,21804451,10519,2903,1785487
22994657,21713248,10642,2658,1778136
22797146,21790564,10627,2702,1768830
23426543,21535652,10985,2722,1774167
23451159,21866934,10922,2772,1741589
23371369,22002240,11042,3098,1793456
23017737,21926356,10768,2908,1774504
22469292,21518926,10493,2807,1723078
23314769,22021324,11451,2980,1768361
22804558,21756628,10452,2725,1744012
22909343,21940302,10691,2765,1757809
23018351,21873077,10649,2825,1749312
23072766,21927045,10918,2810,1756152
23453876,21828571,10779,2810,1755458
23074109,21649722,10995,2873,1789628
23777404,21942388,11440,3026,1846658
23646659,22037374,10869,2929,1808990
23223544,21674803,11158,2642,1824885
23157418,21747089,10778,2714,1794544
23174655,21811312,10853,2815,1792984
22934551,21735560,10888,2631,1801915
23294196,21860935,11251,2944,1833351
22951111,21746915,11104,2868,1835141
23165189,21864587,10980,2791,1781464
23163647,21888290,10778,2957,1800149
23272913,21794975,10823,2926,1801932
22980495,21726147,10764,2824,1785087
22301711,21173280,10405,2716,1745801
22979136,21698810,11090,2916,1802330
23098282,21889715,11329,3105,1803847
23072804,21795161,10900,2887,1759001
22958793,21789252,10869,2787,1779368
22958736,21741206,10770,2934,1783072
22735049,21607712,10623,3016,1788303
22721615,21654421,10949,2804,1795567
23020793,21887443,11208,3141,1828074
23440627,21959860,11046,3151,1796173
23271308,21890557,11012,2907,1756916
23362927,21966849,10908,3016,1783917
23458641,21905208,11059,2843,1767395
23202872,21822943,10935,2873,1757191
23163658,21856281,10793,2810,1753927
23632921,22059787,10919,2792,1785815
23301165,21944078,10627,2894,1788244
22764748,21547759,10728,2660,1759319
22952997,21834106,10664,2806,1754701
23139626,21720070,10939,2896,1783347
22929225,21455115,10830,2847,1733200
23269480,21684347,11006,2902,1777184
23115359,21738910,10806,2783,1776058
23389698,21966655,11332,2901,1794941
23508295,21961412,10717,2765,1747689
23140134,21655162,10623,2814,1747923
23234702,21931049,11093,2965,1819523
23092894,21693186,11315,2938,1834969
23162961,21718499,11158,2865,1842649
23391101,21905536,11087,2897,1793262
23286435,21925465,10829,2825,1766478
23173874,21821579,10976,2845,1798592
23667139,22029820,11173,3025,1820980
23268148,21764953,11032,2813,1801076
23532156,21946771,11099,3007,1812605
23196789,21751708,11190,2862,1821989
23163892,21766864,10967,2911,1833996
22864667,21588515,10818,2775,1805298
23087030,21897869,10846,2784,1804033
23219326,21854657,10874,2789,1827424
22942930,21521162,11008,2864,1799280
23007348,21632051,10731,2720,1797032
23090278,21870538,10950,2868,1839812
23584969,22125941,11177,2993,1812434
23790126,21973160,11015,2974,1808930
22922355,21660214,10593,2679,1802191
23156713,21920267,10989,2850,1825995
22943516,21622158,11206,3027,1860205
23497539,22019217,10761,3065,1800437
23545043,21872900,11089,3040,1802805
23264183,21799505,10926,2935,1813998
22864860,21642982,10871,2931,1785645
22824333,21608924,11021,2971,1798607
23281628,21950921,11133,2936,1793453
23548697,21997422,10754,2883,1799055
23282983,21855861,11255,2879,1817916
11139165,10344767,5328,1325,832920
217080,188543,112,3,14077
123029,113931,9,1,3982
122152,100011,49,0,8132
106352,93151,9,0,3439
89950,80276,4,0,2437
96592,93940,4,0,2245
73594,64599,6,0,2401
67548,59810,3,0,1798
69879,60369,4,0,1901
56934,48184,4,2,1692
48163,43111,3,0,1229
44451,38548,2,0,1221
51969,45719,4,0,1622
27653,19166,43,4,4679
61120,29840,150,11,17464
61576,29118,115,8,14538
53947,40718,42,0,6208
34846,29624,19,0,2786
82416,63391,77,7,15126
26178,25473,1,0,808
22621,22474,0,0,575
32761,31506,1,0,1098
19583,19348,1,0,632
22590,23008,1,0,729
31218,22511,36,1,5174
49209,49982,21,0,3576
22328,19407,19,0,2506
18765,17811,10,0,1575
38472,30881,35,3,5483
14679,12999,11,0,1425
28866,25642,19,0,2981
20029,19593,6,0,1187
19484,18853,2,0,828
12993,9376,31,2,3041
29367,25906,34,0,3579
10948,9718,11,0,1107
27797,25592,23,0,2851
6644,5574,4,0,852
58646,53375,78,5,8584
15540,16036,1,0,676
16699,16009,2,0,741
23765,22713,5,0,1332
3448,2922,0,0,77
9884,9770,0,0,225
23275,22590,3,0,1036
31328,37740,0,0,442
19612,18588,2,0,892
9727,9742,0,0,227
6460,5630,1,0,271
17446,16324,4,0,1003
29468,28600,3,0,1357
6654,6520,1,0,489
13604,13165,1,0,470
10142,9742,0,0,194
0,0,0,0,0
19289,17882,1,0,627
19068,18918,0,0,406
22003,17633,3,0,1221
30729,39370,21,0,2400
9411,9762,0,0,226
3194,3203,0,0,63
9743,9624,1,0,294
3032,2922,0,0,63
16782,16365,1,0,495
17120,16171,3,0,826
34507,40302,2,0,844
9710,9922,0,0,246
6066,5928,0,0,151
6153,5911,0,0,145
6649,6539,1,0,232
10192,9203,0,0,238
12923,12809,0,0,313
13344,12996,0,0,337
16960,16087,3,0,895
10667,6283,21,0,2589
11386,9922,13,0,1609
6852,5979,4,0,828
13666,7464,13,2,2100
32938,39245,56,3,5954
0,0,0,0,0
13827,12134,4,0,844
10986,9838,6,0,1077
18350,16114,8,0,1600
7146,6577,3,0,538
9986,9665,2,0,578
21122,25901,8,1,1447
16920,11848,14,1,2641
3765,3085,3,0,380
10355,8630,3,0,726
7287,6361,3,0,582
14374,12519,5,0,1262
11571,9806,9,0,1083
11090,9670,8,0,1000
15121,13003,8,0,1418
6861,5946,1,0,373
11091,9665,7,0,1130
7207,5931,4,0,761
34706,37558,49,5,5756
3939,3203,2,0,460
3320,3186,0,0,82
3697,3353,4,0,587
0,0,0,0,0
12845,12059,0,0,329
10944,9806,2,0,539
13796,12869,2,0,722
33752,37828,4,0,1388
3362,3261,0,0,75
10105,9665,2,0,526
6301,5987,0,0,199
3619,3008,2,0,467
16237,15412,0,0,471
0,0,0,0,0
3369,3186,0,0,91
0,0,0,0,0
3605,3353,0,0,61
10637,6238,15,1,2361
13843,9806,23,3,2498
10097,4261,11,2,1960
51076,54799,76,2,8289
9951,6401,19,2,2508
11772,9904,10,0,1415
0,0,0,0,0
7023,6301,6,0,934
0,0,0,0,0
7273,6446,5,0,907
15729,22622,0,0,81
6090,5402,1,0,316
5609,3186,10,1,1476
4032,2708,5,2,843
14170,9042,19,3,2731
14521,12519,8,1,1385
7884,6481,8,0,849
4014,3325,3,0,423
13986,12648,42,1,3705
13636,6710,9,0,980
7933,6577,7,0,931
10811,9379,7,0,1006
41652,40312,85,7,8741
3428,3022,1,0,301
3551,3081,2,0,350
7457,6446,5,0,750
0,0,0,0,0
0,0,0,0,0
5820,3186,16,1,1983
0,0,0,0,0
0,0,0,0,0
26752,31377,14,0,1944
11215,9508,12,0,1268
7319,6536,8,0,890
13961,8397,25,2,3388
16326,12738,15,0,2231
17248,12900,23,1,2697
5873,3316,13,1,1543
12174,9904,16,1,1876
0,0,0,0,0
4270,3279,4,0,543
14305,7359,15,2,2423
30669,35358,66,2,5849
0,0,0,0,0
11515,9519,7,0,1311
0,0,0,0,0
0,0,0,0,0
5149,3182,11,1,1337
0,0,0,0,0
0,0,0,0,0
5654,3349,8,1,1332
33952,37520,12,0,2218
0,0,0,0,0
7580,6528,8,0,854
13496,8910,17,0,2246
18067,15595,12,0,1596
10762,9506,7,0,1068
3950,3312,3,0,488
12407,9892,11,0,1566
0,0,0,0,0
5749,3275,11,1,1660
43860,40065,94,4,9037
3029,2652,0,0,112
0,0,0,0,0
14491,9519,23,1,3179
0,0,0,0,0
0,0,0,0,0
5418,3182,10,1,1272
0,0,0,0,0
0,0,0,0,0
0,0,0,0,0
6488,3349,21,1,1860
36828,37520,28,3,3601
8109,6528,8,0,1000
0,0,0,0,0
20290,14846,23,2,3064
16812,12884,18,0,2175
7220,6281,4,0,763
5507,3312,13,1,2579
17664,9894,32,2,1799
0,0,0,0,0
41149,37590,109,5,9038
10006,5750,15,1,2092
3839,2652,2,0,515
0,0,0,0,0
11961,9519,13,0,1571
0,0,0,0,0
0,0,0,0,0
3782,3182,3,0,309
0,0,0,0,0
0,0,0,0,0
5944,3349,13,2,1575
30379,34602,12,1,1718
3945,2918,2,0,485
7513,6528,9,0,890
6952,5902,5,0,676
17349,15378,12,0,1818
14136,12731,9,0,1410
4100,3312,3,0,563
11216,9892,9,0,1123
0,0,0,0,0
36738,37590,81,3,7382
6966,5750,1,0,425
5071,2652,11,1,1229
0,0,0,0,0
14157,9519,22,0,2735
0,0,0,0,0
0,0,0,0,0
3858,3182,2,0,274
0,0,0,0,0
0,0,0,0,0
4963,3349,11,0,1074
4475,3312,4,0,568
28949,34208,6,0,1483
7551,6528,9,0,891
9019,5902,13,1,1666
13240,8944,30,1,3315
26120,19165,35,1,4500
4212,3312,3,0,460
11882,9892,12,0,1300
0,0,0,0,0
7993,1609,17,2,2212
34961,35981,103,3,8444
7416,5750,7,0,1445
5809,2652,14,2,1752
0,0,0,0,0
11902,9519,21,1,1959
0,0,0,0,0
0,0,0,0,0
3695,3182,3,0,419
0,0,0,0,0
0,0,0,0,0
5797,3349,13,1,1581
27228,31915,13,0,1348
6768,5605,3,0,767
7215,6528,10,0,869
9374,5902,13,0,1718
11199,8944,10,0,1467
23070,19165,18,0,2724
3986,3312,3,0,432
11456,9892,9,0,1172
7053,1675,12,2,1623
29604,35981,76,2,6355
3894,3018,3,0,653
2936,2732,0,0,105
2912,2652,0,0,76
11012,9519,6,0,992
0,0,0,0,0
0,0,0,0,0
3595,3182,2,0,293
0,0,0,0,0
0,0,0,0,0
0,0,0,0,0
6475,3349,20,1,2225
33958,37520,18,0,2523
0,0,0,0,0
8852,6528,8,0,1108
13220,8910,26,1,3202
18154,15595,17,0,2299
11421,9506,9,0,1181
12717,4921,27,4,3481
40225,42598,98,5,9396
0,0,0,0,0
4329,3275,6,0,814
6938,5750,5,0,820
3192,2652,1,0,295
0,0,0,0,0
11502,9519,11,0,1667
0,0,0,0,0
0,0,0,0,0
4002,3182,3,0,385
0,0,0,0,0
0,0,0,0,0
6006,3349,15,1,1636
30539,34602,9,0,1630
3842,2918,2,0,514
7954,6528,8,0,907
7338,5902,5,0,864
18360,15378,11,0,1703
15146,12731,10,0,1653
10812,4921,14,2,1956
36615,42598,73,2,6335
0,0,0,0,0
3975,3275,2,0,333
6705,5750,2,0,573
2942,2652,0,0,71
0,0,0,0,0
10387,9519,3,0,674
0,0,0,0,0
0,0,0,0,0
5625,3182,11,0,1526
0,0,0,0,0
0,0,0,0,0
5611,3349,12,1,1385
5786,3312,14,1,1460
31766,34208,7,1,2352
9840,6528,16,1,2016
7789,5902,6,0,907
10417,8944,6,0,1014
22327,19165,17,0,2396
38297,37627,93,5,9094
11899,9892,9,0,1326
0,0,0,0,0
5829,3275,12,0,1482
0,0,0,0,0
7717,5750,7,2,1215
2871,2652,1,0,161
7912,6438,7,0,982
3756,3081,2,0,337
0,0,0,0,0
3813,3182,1,0,300
0,0,0,0,0
0,0,0,0,0
0,0,0,0,0
5256,3349,13,1,1391
37528,37520,33,2,4360
7993,6528,12,0,1110
0,0,0,0,0
20147,14846,29,0,3423
22525,19165,17,0,2487
36523,37627,89,4,8409
4276,3257,4,0,697
9855,6635,17,2,2317
0,0,0,0,0
5502,3275,10,1,1363
7921,5750,7,1,1211
3048,2652,1,0,285
0,0,0,0,0
11079,9519,11,0,1454
0,0,0,0,0
0,0,0,0,0
4060,3182,3,0,514
0,0,0,0,0
0,0,0,0,0
4167,3349,4,0,493
32814,37520,12,0,1536
7274,6528,6,0,699
0,0,0,0,0
17116,14846,9,0,1667
19300,16487,14,0,1953
9978,4287,10,2,1823
32518,39275,62,3,5534
49287,44169,5,34,2007
0,0,0,0,0
3345,3275,0,0,79
6126,5750,0,0,165
2877,2652,0,0,82
0,0,0,0,0
10433,9519,3,0,801
0,0,0,0,0
0,0,0,0,0
3437,3182,0,0,74
3644,3259,1,0,231
0,0,0,0,0
3763,3349,1,0,295
31646,37520,1,0,605
7498,6528,4,0,770
0,0,0,0,0
15953,14846,3,0,1084
20016,19165,2,0,820
306433,336134,132,93,18501
358046,481219,3,47,2062
341885,441895,2,56,2063
4274,3259,2,0,352
287988,375220,5,70,2240
6757,5750,1,0,384
2949,2652,0,0,57
343918,455537,12,94,3978
6742,6025,1,4,776
0,0,0,0,0
3569,3290,0,0,76
123509,175728,2,14,899
3871,3265,1,0,237
0,0,0,0,0
377010,538382,1,51,1500
468621,504136,30,118,8392
24242,22289,17,13,2499
3642,3234,3,0,386
683771,953434,20,170,8001
630604,779772,92,312,26990
3203,2678,0,0,359
5202,4782,3,2,536
142417,198066,6,82,3669
347227,546438,5,101,2927
147755,228440,4,37,895
267597,354077,16,114,3983
17474,16230,4,3,1186
3649,3024,1,0,281
366504,504824,26,86,5766
163291,194414,20,126,7334
19701,20370,7,11,1574
20440,17769,10,0,1645
0,0,0,0,0
343025,498625,10,47,2338
24714,20921,9,0,1977
42759,45584,9,0,2438
315792,496635,1,20,970
137432,204422,9,9,1826
25888,22712,12,0,1854
45391,41390,72,5,6904
22388,20498,3,0,1018
20541,17756,5,0,1505
12495,11982,3,0,785
6627,5928,8,0,776
9001,8924,0,0,231
24914,20600,23,1,3243
16541,14467,10,0,1778
3111,3003,0,0,76
13211,11729,7,0,1335
12934,12034,8,0,1131
3365,2972,1,0,277
12378,11933,6,0,1009
9835,8854,4,0,778
15786,14757,3,0,825
6119,5973,1,0,329
28454,33945,3,0,908
11623,11729,0,0,282
9077,9009,1,0,581
15220,14424,5,0,1189
40120,43215,56,4,6011
10184,9214,0,0,472
15794,14757,2,0,815
9047,8900,1,0,395
0,0,0,0,0
5931,5996,0,0,183
17814,17556,4,0,1130
8995,8659,1,0,465
2883,2926,0,0,92
9412,8952,5,0,538
9237,8908,0,0,244
9180,8836,1,0,391
5988,5974,0,0,145
3291,2918,0,0,92
3239,3002,1,0,439
6286,5929,2,0,511
33306,39745,1,0,627
17133,9001,34,3,4647
0,0,0,0,0
14545,11644,14,0,1953
45475,42932,94,3,9880
19747,12246,27,2,3752
17464,14772,16,0,2397
3499,3002,2,0,350
3515,2995,2,0,399
3438,2918,2,0,332
11936,8753,8,1,1462
3366,2652,1,0,282
10138,8803,6,0,1096
6843,6007,6,0,905
17583,11848,27,1,3561
0,0,0,0,0
4085,2933,3,0,446
22151,17820,18,0,2630
3742,3024,2,0,532
3339,2972,2,0,204
26295,28024,13,2,2564
8330,5913,8,0,1654
3703,2918,3,0,441
3165,2708,1,0,261
50348,45933,92,5,9963
16679,15084,3,0,794
7100,6007,2,0,497
7244,5928,7,0,801
3273,2994,1,0,299
6574,5935,1,0,498
22372,17565,6,0,1501
3037,2652,0,0,43
3274,3024,1,0,217
7023,5975,1,0,290
6536,2926,19,1,2158
4167,2995,5,1,666
5610,2918,7,1,862
0,0,0,0,0
0,0,0,0,0
11406,8803,8,0,1336
32546,36949,10,0,1858
0,0,0,0,0
15992,11933,14,1,2169
10195,8649,8,0,1267
53318,48892,90,4,10099
9930,9260,4,0,744
3469,2926,1,0,265
0,0,0,0,0
3534,3024,1,0,287
3328,2972,1,0,256
11853,5750,20,1,3019
4963,2652,12,1,1288
8860,5913,10,1,1697
3613,3003,4,0,497
0,0,0,0,0
6954,6082,5,0,776
13440,11730,10,0,1446
0,0,0,0,0
6966,5928,8,0,817
6756,5859,4,0,608
29409,33883,7,0,1365
16527,8874,40,2,4523
0,0,0,0,0
55161,43021,150,9,15021
12950,5684,38,4,4084
13405,6281,33,2,3860
6713,3020,19,1,2097
0,0,0,0,0
3990,2968,5,1,581
0,0,0,0,0
13737,11655,11,0,1481
3087,2652,1,0,273
0,0,0,0,0
13160,9076,14,1,2043
10317,8660,8,0,1213
3468,2982,2,0,336
6906,5920,7,0,811
3283,2929,2,0,309
3677,3003,3,0,457
13591,11799,10,0,1582
26727,30942,7,0,1567
0,0,0,0,0
3520,2990,2,0,375
40142,40031,79,4,8378
2969,2681,1,0,228
6242,6281,0,0,115
3154,3020,0,0,95
6580,2968,20,1,2129
0,0,0,0,0
0,0,0,0,0
28258,14581,64,4,7815
7147,5650,4,0,729
0,0,0,0,0
12970,9077,12,0,1914
7135,5734,4,0,889
3132,2982,2,0,287
6818,5920,8,0,785
3377,2929,3,0,400
0,0,0,0,521
19898,11800,27,1,2800
26996,30942,7,0,1409
0,0,0,0,0
3295,2990,3,0,480
42023,40031,93,4,9288
3039,2681,1,0,250
6448,6281,0,0,121
3488,3020,1,0,262
3473,2968,1,0,234
0,0,0,0,0
6544,5925,2,0,449
12879,11655,3,0,895
6154,5650,1,0,384
0,0,0,0,0
9642,6074,7,1,1235
10874,8716,6,0,1022
0,0,0,0,0
7254,5920,7,0,768
6068,2929,9,1,1671
4436,2937,4,0,592
10499,8862,9,0,1544
26610,30942,5,0,1358
0,0,0,0,0
5833,2990,8,1,1302
41562,40031,90,4,9060
2677,2681,1,0,198
6359,6281,0,0,112
5498,3020,6,1,1240
3791,2968,2,0,465
5146,2999,5,1,1083
4004,2922,5,0,636
17869,11655,30,1,4078
6762,5650,4,1,795
0,0,0,0,0
9070,6074,21,1,1942
9234,5734,6,1,1301
3693,2982,3,0,470
6989,5920,8,0,878
3730,2929,3,0,547
3470,2937,3,0,378
11445,8862,8,0,1411
25924,30942,6,0,1312
0,0,0,0,0
3377,2990,2,0,368
40687,40031,81,4,8305
2834,2681,1,0,206
6258,6281,0,0,135
3380,3020,1,0,306
3216,2968,1,0,232
3460,2999,2,0,376
3297,2922,2,0,440
12406,11655,5,0,1050
6179,5650,1,0,372
0,0,0,0,0
7038,6074,2,0,618
9058,8716,1,0,428
0,0,0,0,0
6562,5920,0,0,153
2963,2929,0,0,72
3085,2937,0,0,64
8879,8862,0,0,212
25266,30942,2,0,695
0,0,0,0,0
9290,4665,3,2,824
37453,41104,35,3,4018
4388,3603,3,0,519
3081,2678,2,0,441
3670,3020,3,0,479
3404,2968,2,0,439
3384,2999,2,0,282
7832,5913,8,0,1386
15649,8664,27,2,3766
6686,5650,4,0,703
0,0,0,0,0
10175,8791,6,0,1097
7265,5999,7,0,808
0,0,0,0,0
6874,5920,9,0,834
3327,2929,3,0,469
5475,2937,15,1,1677
13082,886