cycles,instructions,dtlb_load_misses.walk_completed,dtlb_store_misses.walk_completed,ept_walk_cycles
17583793,8949017,24136,37521,1091672
25437381,15489,31001,93325,1797956
25333476,15463,30947,93196,1671375
25417851,15510,31038,93430,1679617
25420949,15507,31049,93294,1697181
25375650,15500,31021,92912,1620383
25338656,15450,30908,93062,1731250
25381378,15500,31025,93353,1641686
25273425,15477,30970,93157,1509945
25390908,15506,31037,93400,1648837
25406783,15488,30998,93345,1758049
24858276,15154,30329,91323,1695116
25396441,15520,31058,93520,1622870
25444039,15498,31014,93397,1794203
25398836,15501,31016,93415,1699505
25490309,15521,31069,93513,1796319
25441192,15507,31036,93442,1767625
25460800,15524,31059,93559,1736209
25442464,15509,31031,93460,1736492
25423380,15481,30984,93263,1793338
25326799,15439,30892,93000,1672765
25400428,15511,31045,93363,1653343
25284842,15417,30851,92891,1699925
25416890,15508,31047,93462,1694170
25448251,15507,31027,93436,1735948
25330726,15502,31017,93389,1504138
25436575,15470,30967,92865,1829861
25360945,15519,31059,93529,1536363
25333404,15440,30901,93023,1747548
25385384,15503,31029,93401,1675838
25453555,15512,31035,93472,1731320
24869778,15160,30335,91318,1696126
25388286,15476,30978,93322,1746570
25397812,15481,30981,93271,1778559
25447989,15492,31008,93304,1809987
25467548,15501,31014,93427,1782674
25504319,15521,31062,93578,1777923
25403231,15491,31000,93317,1725087
25438940,15484,31000,93301,1807369
25413822,15501,31020,93374,1723787
25437738,15538,31104,93604,1627855
25464905,15506,31033,93469,1787018
25265020,15413,30847,92893,1684014
25440508,15498,31012,93359,1787353
25411337,15514,31049,93341,1677684
25405050,15506,31038,93443,1686285
25349738,15465,30945,93180,1706938
25373314,15476,30968,93247,1678927
25533666,15506,31020,93373,1862315
25515502,15490,31002,93016,1874739
24897362,15177,30377,91504,1720279
25391942,15492,31009,93288,1697410
25424031,15493,30989,93331,1723201
25480400,15513,31048,93474,1803634
25449370,15506,31020,93427,1777652
25391470,15510,31041,93451,1615775
25411535,15485,30991,93295,1758527
25359382,15513,31040,93492,1556557
25443448,15513,31048,93451,1745159
25440106,15528,31084,93568,1694949
25394059,15494,31004,93374,1659263
25397944,15495,31003,93374,1668511
25367535,15435,30884,92978,1764901
25461275,15522,31071,93463,1752852
25427649,15507,31041,93479,1732365
25499384,15512,31037,93476,1815875
25435895,15490,30991,93311,1785026
25398687,15498,31019,93365,1685746
25449935,15506,31040,93409,1784089
25434083,15522,31057,93482,1677521
24933463,15178,30381,91458,1783111
25408128,15504,31021,93448,1665379
25432951,15486,31004,93353,1801711
25410034,15500,31008,93383,1712626
25474835,15520,31064,93493,1797904
25459400,15492,31003,93368,1814669
25395104,15470,30956,93204,1787768
25462746,15532,31085,93542,1726994
25473487,15509,31039,93406,1793724
24753385,15199,30414,91101,1340304
26814411,16457,32936,99192,1440294
26796324,16465,32948,99219,1429131
26650303,16373,32777,98662,1421492
26867993,16497,33012,98951,1444066
26760965,16444,32909,99112,1427445
26799335,16469,32953,99250,1429979
26779874,16447,32922,99115,1431449
26839374,16466,32953,99218,1428581
26852126,16473,32946,99287,1420747
26794346,16435,32873,99041,1424134
26289729,16125,32254,97187,1398583
26833963,16438,32876,99121,1447188
26927969,16505,33011,99502,1439053
26870013,16475,32958,99307,1426271
26819964,16452,32904,99159,1424002
26861965,16462,32925,99222,1445605
26820768,16455,32909,99205,1424735
26767625,16417,32836,98946,1420596
26758389,16415,32827,98946,1422631
26851659,16468,32940,99274,1428047
26783547,16426,32851,99011,1427265
26779236,16429,32862,99013,1419957
26658049,16345,32690,98511,1429281
26730802,16401,32817,98869,1439571
26705119,16402,32824,98868,1433874
26690448,16405,32825,98878,1421573
26667515,16387,32792,98767,1420260
26740015,16418,32857,99006,1433044
26631805,16371,32774,98649,1416346
26720189,16415,32854,98936,1426938
26148900,16071,32163,96838,1391636
26764947,16449,32914,99126,1425462
26729784,16426,32875,99015,1424990
26772643,16452,32926,99144,1424821
26743241,16435,32896,99030,1425281
26777020,16452,32923,99174,1429289
26733820,16429,32881,99053,1424213
26760361,16438,32893,99091,1428082
26715616,16385,32774,98725,1423857
26773599,16445,32907,99114,1442054
26889795,16387,32798,98791,1668529
26723961,16415,32857,98922,1437612
26491296,16273,32567,98112,1421803
26833924,16451,32926,99197,1486488
26706102,16412,32844,98931,1422196
26754858,16440,32903,99116,1424870
26698226,16404,32830,98900,1422629
26805382,16441,32889,99072,1427879
26701162,16409,32844,98912,1421917
26660076,16385,32782,98757,1419975
26184887,16087,32195,96989,1397151
26748764,16403,32808,98902,1426317
23610026,14507,29034,87340,1262183
93713508,16827840,1196280,12548,83129636
120765323,23594273,1512132,41,110135354
120810928,24250015,1524889,39,109435978
120613711,24175585,1524602,40,109119730
120318202,24098177,1521371,37,108703703
120513632,24129984,1524567,37,108912679
120479045,24172671,1522783,40,108863470
120553226,24146723,1524168,36,108923300
120449925,24099945,1521699,40,108854101
120406684,24091637,1522879,39,108745113
120504205,24145235,1521000,38,108910958
120566004,24170253,1524375,40,108881811
120390885,24098549,1521121,37,108892098
120386950,24120467,1521777,39,108790606
120396791,24175585,1521967,40,108804255
120868974,24271312,1528311,36,109212041
117801388,23551369,1488721,40,106488192
120386992,24162502,1522352,37,108799592
120353734,24153048,1520232,40,108888507
120223782,24033928,1521810,39,108654129
120548266,24091655,1522778,38,108894369
120179257,24071859,1518772,42,108494524
119981292,23974704,1515914,37,108452243
120432013,24120467,1522353,39,108837052
120713581,24157822,1525844,40,109113920
120477941,24160890,1523933,36,108861422
120458852,24177507,1522305,40,108919136
120431705,24196732,1525731,38,108864294
120527484,24125080,1522306,37,108926706
120228227,24101185,1520316,39,108643069
120487394,24148862,1521504,40,108935668
120342776,24132464,1521398,39,108729266
120471974,24083081,1523064,39,108905284
120446950,24170035,1523058,36,108806122
120547667,24176298,1523661,40,108950421
120200027,24092412,1520039,40,108536998
117841489,23527870,1488919,37,106491286
120488966,24191054,1524053,39,108749638
120472560,24205592,1524483,38,108832349
120470696,24163957,1522875,40,108838778
120660931,24158413,1524797,36,109048108
120422360,24125830,1521363,40,108813140
119987771,23927027,1515208,41,108448716
120485532,24178932,1522828,37,108926967
120462966,24113709,1522505,39,108809146
120427484,24152676,1523149,38,108902570
120246350,24099355,1519624,39,108696257
120361614,24172981,1523264,40,108849661
120566127,24150567,1525840,36,109015013
120409952,24095543,1523692,43,108784449
120439706,24143195,1522676,39,108853628
120422586,24196194,1522669,37,108874863
120441238,24078989,1522290,39,108713018
120395803,24165385,1521422,37,108799197
120441924,24108408,1521327,40,108860756
120394885,24176608,1522072,41,108895440
117798388,23629643,1491823,38,106448270
120519270,24224410,1523452,42,108949491
120332404,24149637,1521530,37,108756543
120481065,24142818,1522323,39,108977018
120435586,24148088,1524272,38,108823069
120719001,24179211,1527640,37,109083835
119885946,23958740,1515583,40,108345916
120595942,24235600,1524155,37,109029430
120532483,24123629,1522790,39,108884381
120548522,24197099,1524266,39,108933661
120581103,24201655,1524275,37,108948431
120589219,24199052,1525655,39,108995199
120721633,24171431,1527897,39,109011382
120560140,24189565,1523639,36,109076873
120528539,24159031,1524557,40,108894336
120452173,24190682,1522877,38,108858484
120453032,24109058,1523686,37,108784639
120561420,24220163,1523154,40,109007623
120578203,24183737,1525439,37,109023403
120517032,24213808,1523652,39,108912917
118007679,23630914,1491916,36,106655052
120664870,24168362,1526074,39,108991822
120556579,24202338,1525037,41,108887099
120591094,24239723,1524931,36,108997113
120678941,24181723,1525575,39,109001528
120491642,24135161,1522914,39,108885005
120020809,23934218,1518289,39,108449982
120629759,24194123,1525542,41,108954793
120792679,24185660,1527000,38,109162230
120553059,24170965,1523572,38,108944856
120804855,24153761,1527954,39,109096130
120562617,24225835,1524471,36,108992661
120469458,24110082,1524145,39,108793863
120550680,24085809,1523254,40,108944102
120562157,24149916,1523713,37,108914178
120450657,24175182,1521536,39,108853449
120418332,24117956,1523788,38,108789559
120282261,24091853,1520564,38,108694638
120358369,24104468,1521222,40,108778754
120522470,24235975,1522363,37,108966032
117866034,23626978,1489818,40,106561640
120550099,24170810,1524990,37,108877203
120418094,24130294,1522831,40,108828975
120545046,24166843,1524368,42,108959994
120441847,24121985,1523815,36,108741082
120436832,24097031,1522974,40,108796812
119890125,23931180,1515836,39,108429930
120374566,24125210,1522015,37,108796940
120532069,24126450,1522857,39,108880965
120336836,24135656,1520855,39,108693037
120235717,24072355,1520049,39,108526921
120390284,24184141,1522522,39,108797409
120366547,24127689,1521141,37,108791371
120560523,24153575,1524529,40,108933071
120345701,24134447,1522312,36,108759810
120337356,24158132,1521088,40,108839105
120489844,24136122,1522035,39,108960457
120600557,24155527,1524235,36,108945659
120427293,24116778,1521469,39,108843557
120524371,24211390,1522615,39,109068381
117924830,23503132,1491673,37,106573762
120432648,24143500,1523996,38,108846601
120448310,24133548,1522577,38,108859721
120416599,24209344,1522972,42,108895762
120490124,24150474,1522741,36,108881593
120376141,24082585,1521244,39,108736307
119889072,23903374,1514957,40,108309608
120411856,24153016,1520206,36,108801774
120467327,24145515,1522230,40,108855064
120614122,24181041,1524477,38,108978203
120215256,24051026,1518544,38,108482689
120455518,24162472,1521602,39,108850851
120247893,24112933,1520839,36,108655845
120399376,24047059,1520603,40,108811339
120337159,24109338,1520959,38,108770536
120391424,24152768,1522188,39,108766542
120394921,24123102,1521793,40,108666152
120427831,24114483,1522510,36,108805843
120124770,24080756,1517881,39,108494133
117963313,23698153,1492216,38,106712168
120388975,24117832,1523511,40,108783929
120417128,24137455,1522218,38,108829024
120363361,24124124,1522260,39,108676695
120428954,24151870,1522640,40,108834007
120448598,24101959,1523024,36,108830645
120423307,24080043,1524011,40,108811714
119629788,23871134,1512965,40,108072422
120609438,24200570,1522829,37,109059114
120429995,24139067,1523052,41,108764688
120764180,24242731,1528189,39,109125180
120408273,24116126,1523013,38,108800250
120582615,24198122,1523333,39,108920745
120439185,24157542,1523795,39,108951035
120725747,24193596,1525543,40,109128800
120515088,24165324,1524065,41,108888168
120542859,24197284,1523070,37,108942974
120467528,24139718,1523426,39,108848660
120613458,24139811,1524108,39,108950056
120561852,24182776,1525086,36,108927862
117943474,23684359,1489468,39,106594723
120460442,24169694,1523498,38,108854332
120494832,24208104,1524706,40,108897089
120512606,24158659,1525128,38,108840706
120533752,24242637,1523670,37,109012368
120663013,24167959,1525860,43,109085619
120621224,24196633,1524897,37,108977995
119843323,23883100,1516029,40,108189839
120499965,24216102,1522403,39,108982200
120570117,24150784,1524138,36,108888164
120534050,24162441,1522411,40,108902578
120615418,24133797,1524456,39,108925136
120504274,24188759,1523067,37,108962323
120650171,24202947,1526545,40,108983314
120581173,24119981,1524310,36,108960849
120487479,24122265,1525178,39,108830887
120648953,24228471,1525288,39,109042214
120558504,24218116,1525013,36,109029402
120450027,24132717,1522174,39,108803427
120625847,24148083,1525367,40,109011051
116817038,23344846,1474630,36,105555587
120547231,24162627,1524568,39,108870110
120581521,24151373,1521695,36,108976860
120663127,24153544,1526290,42,109062757
120622458,24146290,1523741,38,108908516
120575852,24186558,1527557,38,109048705
120654424,24188915,1525770,39,109102099
119876110,23915804,1516906,37,108270209
120529111,24182436,1523519,39,108933044
120566568,24172578,1525540,40,108985139
120566989,24210180,1524204,37,108967036
120438250,24109648,1523940,40,108820559
120553325,24148553,1521387,39,108997896
120517444,24182528,1525088,38,108886668
120605786,24190775,1524322,39,109036592
120591119,24173229,1526209,38,108988848
120442404,24141701,1522834,38,108887651
120518751,24171896,1523546,40,109080576
120642021,24191239,1525245,37,109011929
120576858,24118421,1526228,39,108977204
118020871,23699052,1493461,36,106618944
120394278,24175802,1524318,40,108814283
120546338,24194030,1522550,39,108972579
120539135,24133734,1524990,37,108940398
120448179,24170036,1521525,39,108962147
120458817,24154195,1523485,38,108799539
120355018,24119474,1521247,40,108609813
119791261,23840072,1516768,40,108176120
120467235,24137733,1521081,37,108900903
120422482,24140245,1522725,40,108854001
120256296,24104564,1519973,39,108702847
120609421,24155837,1524776,36,108915382
120456190,24125954,1521355,39,108874521
120305661,24141608,1520813,37,108745431
120514940,24082027,1523710,40,108902877
120437697,24107974,1522553,41,108814764
120445662,24166315,1523832,37,108819555
120289909,24138199,1520699,43,108732132
120449156,24114515,1521723,39,108897012
120454669,24117898,1523277,38,108769092
117877592,23626508,1490609,38,106611089
120634196,24223665,1524816,37,109099915
120491473,24176825,1523634,40,109020834
120442792,24154318,1523963,37,108855376
120446306,24099511,1522710,39,108793461
120436123,24167401,1522725,39,108864192
120303785,24131130,1522269,38,108767884
119977137,23913077,1516959,39,108366549
120648517,24131224,1528385,38,108922929
120567407,24203763,1525638,38,108999411
120568585,24174965,1524839,41,108995075
120576294,24165075,1525096,36,108902593
121599733,24332104,1537169,40,109973135
120424570,24198711,1522687,41,108972584
120615426,24194215,1526192,37,108924569
121479192,24341125,1535965,39,109829714
120791866,24220845,1529075,39,109211258
120527434,24223603,1523141,36,108963662
120574078,24124094,1524747,38,108899981
118009060,23637951,1491921,36,106615467
120497468,24113275,1524239,41,108809172
120553336,24216071,1523958,41,109021259
120731035,24237367,1527529,36,109096625
120525938,24141981,1523148,39,108889807
120595099,24175554,1524527,40,108944435
120549542,24204879,1524437,37,109027563
120528081,24166037,1523776,39,108918037
120171090,23978766,1519338,40,108549396
120533254,24117180,1523787,37,108873942
120616211,24235136,1523807,40,109062518
120465601,24144088,1523925,36,108898320
121413347,24318557,1535331,39,109709117
120533878,24153420,1524436,39,108903108
120535597,24232810,1523560,38,108920155
120435731,24071363,1523371,39,108823918
120569980,24165169,1523095,39,108993864
120547299,24159495,1525013,37,108963102
120397494,24180297,1521672,41,108783510
120626669,24186869,1526495,40,109011064
117902937,23649917,1489828,38,106595674
120538600,24142043,1525007,39,108938887
120475469,24192944,1522118,39,108991012
120814974,24234335,1528100,39,109227046
120717871,24190832,1526235,40,109054941
120761328,24148769,1527533,39,109119481
120570408,24233400,1523852,40,109018674
120601591,24164083,1524356,37,109012113
119918049,23958275,1516685,42,108426008
120476913,24133766,1523586,40,108857821
120507728,24241583,1524274,36,108916215
120482836,24147251,1523934,39,108891062
120522525,24174934,1523340,38,108898987
120488726,24104501,1522984,38,108789386
120498684,24178654,1524236,39,108899715
120633484,24192107,1527063,38,109055228
120616208,24186869,1527486,39,108897279
120499428,24110392,1523130,40,108971949
120402944,24194370,1522133,36,108911510
120400960,24114391,1523284,40,108776900
118045857,23700819,1493002,37,106719100
120485787,24118266,1524419,39,108842943
120557881,24236004,1524244,38,108994499
120330268,24152365,1522884,37,108671937
120556443,24207369,1523578,41,108996043
120530922,24126595,1525066,36,109003839
121382484,24353525,1534378,39,109682143
120712900,24187086,1526585,39,109102877
120143558,24051089,1519877,38,108598731
120489973,24062961,1524001,39,108782090
120425883,24158225,1522589,42,108815780
120514669,24130820,1523962,36,108943043
120673339,24228285,1526356,39,109077385
120741454,24168486,1527324,43,109132148
120524141,24223138,1524115,37,108943086
120470318,24018105,1524548,39,108833315
120786596,24238887,1527093,39,109197997
120686784,24129456,1526298,38,108855911
120702161,24243568,1525351,41,109080171
120761995,24228285,1528426,38,109153312
118113264,23763253,1495317,38,106805979
120588002,24117801,1525227,38,108928564
120784194,24259842,1527101,37,109220004
120682567,24198680,1526721,39,109129442
120739652,24294005,1525280,38,109175470
120443512,24062527,1524773,37,108805959
120483870,24199176,1523516,39,108895040
120580167,24119722,1524193,36,109059555
120069852,24035465,1518639,39,108544957
120686486,24116023,1524500,40,109011062
120511584,24239362,1523971,39,108902694
120488735,24147313,1523640,40,108907339
120602204,24226518,1523091,39,109014033
120504338,24105958,1524409,38,108881969
120679343,24200230,1524288,39,109106734
120518154,24170934,1524863,36,108873939
121325455,24348813,1534849,39,109670434
120507988,24140772,1525653,39,108872806
120493865,24210428,1523436,36,108994671
120383458,24152521,1523055,40,108803777
118000512,23589684,1493190,36,106614117
120451147,24101929,1525394,39,108724294
120526230,24209437,1523995,39,108922466
120264044,24139345,1522174,36,108706748
120346801,24199889,1520261,40,108814916
120522321,24139656,1525133,38,108810307
120454272,24192758,1524194,38,108881604
120510982,24176329,1524173,40,108906093
119917389,23972720,1515762,37,108380694
120408547,24087638,1524031,39,108698811
120391904,24159341,1521590,39,108832358
120471142,24165230,1523225,37,108844004
120524192,24193813,1522634,39,109015413
120561413,24131751,1524776,39,108854105
120392029,24128309,1519961,37,108938504
120459862,24116654,1523124,40,108713335
120493265,24174809,1522271,36,108913314
120432570,24108439,1524339,40,108909171
120475724,24164983,1523322,39,108935519
117738289,23642942,1490329,38,106297326
120491638,24107478,1521605,39,109011215
120485120,24139686,1524198,38,108836603
120563770,24159341,1523182,40,108876644
120629050,24177444,1525159,38,109023598
120389538,24140874,1522056,40,108816619
120426520,24068068,1525042,39,108784132
120588276,24199082,1524090,36,109099031
120175761,24073812,1519378,40,108540841
119841659,23918006,1514781,39,108317792
120377438,24100471,1522447,37,108770731
120439195,24179491,1522285,39,108998318
120463634,24168547,1522083,36,109021179
120417238,24133084,1520896,40,108924692
120384793,24106455,1522408,39,108700112
120440674,24137733,1522568,36,108794227
120435693,24160209,1523695,40,108824417
120510421,24179553,1524189,38,108966196
120438971,24148335,1523801,37,108774001
120435867,24136339,1522048,43,108892320
117812147,23681940,1489825,36,106483979
120405868,24125985,1522814,39,108798168
120588241,24190903,1525574,37,109007151
120405561,24131467,1523036,41,108893610
120450217,24193503,1522937,40,108855552
120414656,24171535,1520889,37,108869926
120358348,24148355,1520607,39,108779252
120436213,24125457,1523919,36,108761228
120522619,24157760,1523861,40,108963575
119951114,23942713,1516864,40,108314111
120290392,24121427,1520848,37,108773820
120339948,24087297,1522308,39,108736827
120619071,24213529,1525388,38,108971797
120501852,24148301,1523999,38,108849578
120382743,24163932,1523614,40,108799016
120518902,24107973,1523560,36,108954158
121287893,24321812,1535437,41,109568430
120447463,24141516,1524870,39,108874551
120347967,24166098,1520787,37,108792806
120327605,24028800,1520115,39,108763690
116821386,23433351,1476345,35,105638456
120319603,24088072,1521385,40,108796127
120496399,24187427,1522419,39,108934569
120535670,24119474,1524100,38,108925016
120498401,24217404,1523278,40,108913172
120416627,24141888,1521999,39,108909139
120423975,24113646,1522715,38,108755986
120394094,24029637,1521677,40,108755983
120461670,24194897,1523612,37,108821645
120184769,24026630,1520773,40,108636404
120470316,24190000,1523742,39,108913753
120512843,24110236,1524262,38,108946172
120646033,24242421,1524752,39,109056669
120514308,24178282,1523948,39,108943674
120559270,24207018,1525004,39,108930511
120663430,24150351,1527086,41,109157626
120638910,24281356,1526711,37,109075087
120507777,24078586,1524967,41,108863263
120493311,24208972,1524016,40,108892345
120515269,24138508,1526559,36,108807023
117768376,23633209,1487705,39,106387284
120478268,24119071,1524478,36,108892285
120370214,24152490,1521097,39,108783214
120528046,24163061,1526022,38,108922280
120376114,24161138,1522586,38,108825581
120486931,24137982,1522921,39,108802525
120382688,24200725,1521141,37,108843899
120358745,24077718,1523787,40,108793553
120335352,24190744,1521108,39,108711904
119767857,23926344,1515795,37,108286996
120438666,24185784,1523267,39,108854282
120368382,24128124,1523517,39,108753905
120414503,24181102,1522714,37,108872818
120513258,24157357,1523342,39,108929738
120513259,24219852,1523464,37,108908582
120406462,24086150,1523653,39,108754723
120427838,24158225,1522729,40,108796225
120316735,24105710,1521702,40,108705261
120384696,24198587,1521985,41,108896388
120443685,24117254,1524521,36,108773077
117875279,23671544,1489800,41,106484012
120370689,24123039,1522767,36,108818882
120349598,24180607,1522359,40,108846077
120606976,24132154,1525641,40,108857127
120412722,24151032,1521338,36,108792878
120231308,24137920,1521132,39,108617665
120502475,24168657,1524586,38,108906948
120389603,24102656,1523566,37,108830742
120273625,24134603,1520862,39,108686929
119794166,23933071,1515619,36,108215872
120263107,24151839,1519809,40,108698293
120301665,24108439,1522361,39,108664088
120524581,24214086,1524254,37,108964487
120412351,24139904,1524964,40,108790005
120358974,24162285,1521877,37,108842867
120269247,24074463,1522213,39,108642300
120624699,24229680,1525496,39,108906625
120475983,24164176,1523926,36,108828635
120375296,24164735,1520975,41,108831520
120396855,24135657,1524450,38,108735498
117769699,23653296,1489772,39,106430352
120365327,24169787,1524461,36,108751037
120470934,24187055,1523856,40,108960969
120567294,24172020,1525572,41,108917783
120841585,24278380,1526861,37,109242915
120515076,24141671,1523882,39,108927046
120606502,24241677,1525612,39,108967705
120482318,24119629,1524238,36,108916253
120588211,24238608,1524766,39,109078206
120019719,23943984,1517142,39,108359043
120246058,24115723,1520099,37,108693512
120435958,24150165,1523144,39,108804128
120556173,24170283,1524058,36,109006644
120536173,24139780,1524686,39,108988653
120544883,24239445,1523334,39,108961558
120509963,24123318,1524183,36,108842989
120587611,24137610,1525036,40,108991004
120682543,24174500,1525591,39,108976105
120611426,24252619,1525548,37,109058492
117984553,23649783,1493444,38,106642342
120563718,24168775,1525663,39,108995553
120464043,24167649,1523401,39,108902873
120508928,24221185,1523127,37,108913953
120497294,24150878,1523505,39,108850142
120512166,24189752,1523531,39,108996127
120612598,24158968,1526059,36,108966408
120482338,24153079,1524399,40,108862854
120506802,24135626,1523675,40,108913384
120702422,24144491,1527610,37,109049309
119919238,23950587,1516065,39,108408583
120708895,24280954,1526886,39,109097498
120493472,24142352,1523855,40,108959444
120574962,24159713,1523761,39,109012844
120642049,24204228,1526906,36,109045753
120598298,24251752,1525348,41,108966493
120606222,24208352,1525890,40,109040850
120745158,24192200,1527238,37,109036036
120603668,24190868,1526033,39,109013316
120533868,24196789,1524135,40,108907914
118134201,23698897,1495340,37,106710535
120718057,24175709,1525363,39,109092294
120532468,24196230,1526585,38,108902617
120607247,24230920,1524719,40,109020023
120547952,24169385,1523938,38,108926168
120637531,24176917,1525293,37,109029074
120452499,24132557,1523042,41,108841308
120674331,24237429,1525440,37,109147556
120507416,24162286,1525193,40,108908679
120647198,24171245,1525195,39,109047428
119868493,23976006,1517855,37,108192618
120598425,24215575,1525279,39,108941801
120454339,24175802,1524875,39,108917827
120616389,24187922,1525672,38,108978427
120569393,24186280,1525283,39,108920529
120655524,24219047,1524103,38,109093647
120538130,24151156,1524933,39,108971203
120560927,24122327,1525176,40,108934240
120576418,24224533,1525948,36,108867067
120572958,24149452,1523499,39,109017336
118186258,23685629,1496052,36,106764985
120565342,24129891,1524015,39,108981207
120589363,24207019,1524866,40,108992024
120751126,24213032,1525831,39,109157543
120575893,24196045,1527999,40,108984723
120450070,24129767,1523710,39,108823941
120661419,24186031,1525412,37,109046262
120403287,24133952,1523449,39,108822042
120497974,24174872,1524431,38,108853978
120411649,24103416,1523794,37,108788818
119825657,23942682,1516773,40,108244286
120529255,24208875,1522810,36,108919564
120357585,24150757,1522559,41,108818294
120247324,24089529,1520250,38,108737063
120270991,24152768,1522230,38,108657460
120362360,24138382,1521561,39,108814889
120490148,24178315,1523182,37,108912078
120455373,24086274,1523404,39,108907677
120554678,24201222,1524489,39,108966203
120463610,24171895,1524016,36,108837944
117702193,23497491,1487029,39,106342275
120524776,24133486,1525446,37,108882982
120448258,24174686,1522661,40,108866743
120406125,24157078,1522597,38,108832173
120354481,24206119,1523264,38,108761877
120479892,24113027,1524524,39,108945779
120417534,24162088,1521607,36,108813052
120367170,24131793,1522150,41,108675452
120378465,24191426,1523113,38,108738993
120564200,24138756,1522971,38,109007978
119652920,23854425,1514696,40,108059269
120428451,24145514,1522821,36,108875298
120527758,24144864,1523045,40,108949960
120379547,24070650,1520574,39,108808480
120537768,24185938,1523985,37,108894678
120395947,24121719,1521334,41,108891653
120516264,24174302,1524377,41,108876780
120425229,24095852,1524826,39,108777929
120440162,24175380,1524792,40,108952713
120491774,24179261,1524115,36,108971496
117900356,23650972,1490654,41,106579320
120496079,24125767,1524521,36,108809177
120554648,24192480,1525391,39,108986296
120391895,24144151,1521343,40,108929259
120286974,24185256,1520627,37,108735850
120522981,24136401,1523656,40,109005324
120437237,24128248,1522438,38,108817741
120329465,24085715,1522190,39,108762195
120599304,24232966,1526123,41,108935825
120641022,24173755,1527620,36,109033133
119977646,23950618,1518181,40,108320228
120468872,24179212,1524185,40,108835752
120588183,24206584,1524126,38,109046944
120503593,24141950,1524415,40,108939641
120645188,24198673,1527889,39,109022443
120636560,24211489,1525286,38,109014930
120589455,24210956,1524817,40,109058534
120575345,24129829,1525278,38,108934452
120599484,24177692,1524206,37,109007580
120700280,24196138,1526223,39,109127302
120558420,24230547,1525112,36,108897033
120631196,24173880,1526508,39,109072984
120544493,24177941,1524782,39,108880367
120603061,24196199,1525532,36,109038890
120435961,24217962,1524125,40,108845203
120597620,24191023,1525414,38,108946284
120490841,24140120,1524169,39,108875305
120539601,24173787,1523239,39,108936472
120615302,24236624,1524123,38,109023080
120487204,24124434,1522943,37,108921869
120063265,23961809,1518964,39,108556988
120554519,24207421,1524843,36,108977334
120615277,24234330,1526010,41,109012486
120557541,24194309,1525200,40,108902833
120598247,24143654,1523869,37,109077176
120677441,24196262,1526576,39,109149348
120556273,24197378,1524014,38,109043320
120631358,24154690,1527099,38,108987750
120519688,24140710,1523980,39,109025189
117130218,23493863,1480885,35,105861121
120767989,24196541,1526769,39,109086201
120641667,24184420,1525567,39,109023025
120710779,24203515,1526501,38,109124773
120799200,24182064,1527672,41,109201678
120454334,24196510,1521512,38,108935864
120480696,24145793,1524380,38,108842165
120589141,24134665,1523794,40,108953957
120512060,24124279,1524775,39,108882284
120449033,24178809,1522624,40,108993361
120548322,24178592,1525753,40,108965354
119969369,23980780,1517967,37,108404641
120588708,24184792,1524078,41,109000774
120610431,24218706,1524266,38,109041355
120343452,24132091,1522459,37,108770394
120653147,24182064,1524263,40,109099520
120512182,24190588,1524673,37,108908282
120513773,24217466,1524714,41,108950472
120529766,24161263,1525869,41,109026945
120601889,24177413,1525475,38,108997075
117659366,23575704,1487277,40,106316956
120556541,24246698,1525201,36,108983476
120451036,24154350,1523267,40,108926836
120547007,24208848,1526253,39,108865405
120421434,24145018,1523891,38,108769231
120604814,24250326,1524693,39,108979709
120522900,24177816,1524814,36,108960600
120488018,24103820,1524395,41,108912591
120544119,24154226,1524181,41,108899799
120419812,24189131,1520281,37,108946319
120214920,24043866,1518525,40,108733410
119896700,23940915,1518739,40,108191976
120363286,24115041,1520565,39,108787993
120446132,24212134,1522252,40,108881746
120441030,24145731,1523712,36,108882867
120247981,24121552,1521919,39,108659478
120605478,24191767,1524770,40,109036217
120448616,24169136,1521525,37,108876621
120332458,24096318,1521716,39,108668401
120504877,24136971,1523301,39,108852378
117881531,23612085,1489578,38,106579006
120494738,24186899,1523443,38,108967852
120440316,24164983,1523630,37,108809761
120361644,24151746,1521963,40,108789058
120353795,24128619,1522522,36,108718209
120222440,24146197,1520080,41,108766868
120137833,24069286,1519097,40,108587256
120295486,24085653,1521844,37,108712920
120263132,24069038,1521615,40,108618669
120405603,24178808,1522648,38,108787821
120408529,24139036,1524581,41,108794166
119874925,23962398,1516655,39,108439371
120378095,24120745,1522592,37,108843959
120406361,24153575,1520737,39,108934977
120388429,24153233,1523088,36,108849465
120390114,24145763,1522404,39,108805452
120450289,24165355,1523871,39,108856352
120552044,24209839,1524092,36,108986636
120422926,24131131,1524032,41,108755111
120519670,24180607,1523899,38,108952306
117804496,23599418,1491923,37,106406490
120423944,24190744,1522811,38,108837967
120414665,24148056,1522998,38,108765351
120398401,24167122,1521888,42,108870360
120425759,24144088,1522760,36,108897755
120413658,24175213,1520642,41,108814513
120481131,24158981,1523138,40,108955818
120417915,24180436,1521669,36,108941685
120447073,24121025,1524905,41,108890796
120557538,24195644,1522861,38,108916027
120372045,24112686,1522554,37,108756577
119837019,23956074,1514318,40,108273788
120521539,24139376,1523596,37,108986104
120495200,24164022,1522117,39,108922273
120425095,24198773,1523838,39,108766840
120434321,24174747,1521653,38,108906758
120101790,24080353,1520466,40,108566121
120568552,24154256,1524353,37,108990177
120407607,24134758,1522867,40,108776349
120444068,24144244,1521831,39,108839758
117851742,23623195,1492115,36,106519573
120440596,24160705,1521540,39,108872339
120393657,24160797,1523644,38,108896230
120571018,24149762,1523605,42,109056230
120758881,24215606,1529351,38,109067358
120347958,24119815,1522409,37,108803240
120331228,24140028,1523185,40,108652932
120306542,24150071,1521563,36,108803142
120389109,24087514,1524799,39,108700740
120293962,24130604,1520744,38,108707226
120449954,24157015,1523805,37,108767170
119797380,23966738,1513884,40,108310811
120509855,24155899,1524407,38,108949241
121355289,24336909,1535445,40,109683567
120378202,24183242,1523015,40,108780516
120498888,24191580,1523322,37,108939291
120377292,24117491,1521805,40,108799945
120445513,24137796,1522629,40,108833083
120569986,24189875,1524700,36,109028261
117790982,23649174,1489315,39,106446298
120440793,24122667,1523305,36,108801179
120429895,24170315,1522489,39,108919139
120445953,24231044,1524307,39,108886180
120458211,24173197,1523362,37,108847035
120369273,24142477,1522964,40,108802919
120335350,24126186,1520499,38,108742882
120190916,24126434,1519358,40,108745676
120314762,24143810,1521320,38,108657085
120386909,24122264,1523684,37,108710866
120228398,24105184,1519164,39,108738695
120546237,24155496,1524808,36,108890883
119768975,23920393,1514884,39,108202540
120472665,24140524,1523945,40,108923341
120402836,24137020,1522491,36,108765848
120476965,24196603,1521441,40,108916444
120386292,24121707,1522607,38,108867484
120506092,24165447,1523640,37,108924903
120379273,24088692,1521778,41,108789586
120531996,24188325,1524385,38,108893916
117901854,23635658,1490773,39,106552653
120459937,24154318,1523319,36,108846901
120418523,24127752,1523732,39,108756707
120542740,24227696,1523794,40,108972882
120346462,24124806,1521703,39,108703965
120300872,24153742,1522625,39,108768076
120393238,24166773,1522717,36,108776558
120424605,24179858,1522533,40,108778534
120474784,24125241,1523040,39,108863138
120550036,24131998,1526377,36,109033147
120606269,24138912,1525147,39,108990219
120743325,24227975,1526883,40,109130873
119962642,23988840,1517429,36,108498499
120701743,24178623,1525329,40,109111673
120595599,24167525,1524999,38,108960391
120631619,24238762,1525456,38,109025516
120560686,24177693,1524364,41,109030822
120613570,24219728,1525597,36,108951635
120577954,24154908,1526535,40,108881180
120578322,24197998,1524717,40,109002583
117977487,23572355,1491320,38,106546815
120599645,24147685,1525885,39,108964713
120490054,24077190,1525480,37,108787176
120421696,24176453,1522404,41,108827760
120587442,24138602,1524772,40,109032636
120433854,24161882,1523570,37,108872905
120512767,24131038,1525964,39,108813388
120526663,24173197,1524125,36,108917587
120342011,24054349,1520362,39,108706654
120278006,24104424,1520116,40,108775548
120453985,24123949,1523523,36,108778292
120418726,24130883,1521331,40,108812548
119784455,23893981,1514994,39,108123281
120504785,24138880,1522646,37,108899216
120428448,24067736,1521682,40,108864000
120533415,24194184,1523363,36,108942277
120306671,24100410,1521050,39,108757221
120438255,24166843,1521504,40,108866863
120465992,24030814,1524700,37,108780250
120414282,24131596,1522557,40,108883503
117816742,23597434,1489380,37,106465843
120356083,24161945,1521289,39,108803715
120475261,24096441,1525407,39,108874312
120694676,24214459,1523697,41,109063997
120474528,24128434,1524136,40,108778226
120455590,24204693,1523354,36,108796566
120299594,24031528,1521497,41,108602038
120403569,24180979,1522314,38,108878653
120410099,24031620,1521252,39,108807694
120564426,24141578,1524155,41,108958468
120430656,24016399,1523598,37,108934841
120399254,24151684,1523458,39,108772509
119737973,23897980,1514117,39,108242933
120503307,24204383,1522600,36,108934172
120424707,24042564,1521918,41,108846400
120554353,24202741,1522908,38,108999830
120428626,24136307,1522746,37,108891470
120407315,24203361,1521686,39,108868067
120484276,24059954,1524142,37,108938385
120375937,24125458,1523659,40,108772085
117811206,23589839,1490578,37,106370300
120388659,24177600,1523090,40,108830676
120435592,24062001,1524353,40,108839616
120505620,24234980,1524303,36,108903055
120561538,24144895,1524000,40,108979032
120286329,24203236,1521486,37,108642623
120271428,24032582,1522574,39,108693180
120313973,24136432,1519928,41,108878728
120305463,24094209,1521230,37,108751723
120390378,24180824,1522687,41,108715434
120296716,23997521,1522337,38,108772936
120365255,24098270,1523082,37,108716908
119765794,23910566,1515139,40,108230293
120472726,24207483,1522566,36,108884494
120613148,24083050,1525389,39,108928250
120465648,24169137,1522344,41,108877999
120425459,24167958,1524970,36,108734998
120404316,24204973,1522861,40,108774097
120554723,24018849,1526600,40,108821796
120488827,24167462,1523460,37,108885001
116669577,23303121,1475421,38,105378087
120362763,24127999,1519857,37,108792639
120339412,24095233,1521329,41,108817733
120472918,24199299,1524051,36,109015432
120206904,24106103,1521758,40,108613017
120647257,24248167,1525943,39,109085412
120296589,24055459,1522153,37,108759480
120533651,24196665,1523204,39,109036027
120605033,24134075,1524760,37,109023526
120619958,24221682,1525405,41,109134331
120530529,24090645,1525953,41,108971917
120625472,24242568,1526679,37,108929266
119942483,23967923,1517085,41,108317151
120440294,24199145,1522471,39,108859746
120611741,24145824,1526998,36,108971672
120555987,24217900,1523831,39,108996741
120454033,24197285,1524186,39,108843789
120491025,24230206,1525700,38,108998794
120520062,24120963,1526042,40,108765372
118181188,23730092,1496078,37,106850094
120727714,24228028,1528299,39,109106810
120542026,24260970,1525865,37,108988124
120649437,24167327,1526850,40,109091131
120664482,24233834,1524692,42,109094076
120648495,24229307,1527268,36,109045111
120711425,24277792,1526825,39,109128083
120634496,24170501,1526050,40,109046177
120600501,24208816,1524661,37,108969115
120745139,24222116,1527613,39,109212016
120538127,24246730,1524282,38,108891678
120570461,24132308,1526648,38,108907603
120729495,24197812,1526832,43,109172958
120026592,24005519,1518561,41,108381279
120954305,24262260,1527864,37,109279624
120685541,24177538,1527214,41,109069359
120803481,24245737,1526439,37,109355695
121551582,24396398,1538716,41,109800351
120763431,24247164,1528123,39,109073440
120609602,24130821,1527617,39,109004757
118038346,23662565,1493383,37,106755766
120617369,24213250,1525048,40,109029596
120586701,24179335,1523000,37,108989334
120822674,24235911,1528433,41,109190479
120879599,24223820,1529184,37,109222088
120462287,24138168,1523091,39,108748921
120387743,24179429,1521863,40,108905866
120451050,24139469,1523599,37,108798705
120361562,24113120,1521284,40,108878175
120395158,24127814,1523764,38,108850040
120510534,24163277,1523865,37,108982551
120425374,24145019,1523143,40,108903075
120458758,24145173,1524334,36,108804469
119999699,23969993,1517018,40,108428451
120450684,24136940,1521359,40,109010610
120557620,24184841,1525434,36,108961952
120380743,24105665,1522038,41,108824213
120458426,24204461,1523906,38,108719957
120477299,24149327,1523063,38,108869889
120633388,24163557,1524726,41,108967442
117997125,23628713,1493613,36,106576290
120442199,24160900,1523600,39,108887542
120511131,24206823,1524895,38,108976912
120425586,24202803,1525289,39,108820477
120440044,24134045,1522780,41,108890176
120465621,24212691,1524181,36,108902290
120465872,24173601,1523205,39,109003993
120362551,24142384,1523032,39,108838174
120476420,24108562,1523370,37,108853677
120483587,24194526,1523775,39,108922573
120420033,24125736,1521240,36,108847577
120452201,24169540,1523394,39,108914489
120414022,24075982,1522128,39,108809260
119962079,24002573,1516268,38,108482518
120596665,24195487,1524231,39,108969985
120523626,24188016,1524929,38,108931478
120539539,24112158,1523636,38,108870310
120633010,24259223,1526323,41,109048233
120447398,24177286,1524570,36,108795020
121575291,24348196,1538037,40,109838368
117847261,23564079,1490811,38,106533330
120447839,24202969,1524334,39,108974829
120477242,24165219,1524575,40,108884669
120665968,24246016,1524851,37,109066146
120456849,24108315,1524671,39,108851081
120315434,24187923,1522529,39,108748830
120484192,24234741,1525332,37,108849528
120580272,24182086,1525056,40,109091682
120650887,24152831,1526405,39,108919465
120476479,24165509,1523190,39,108859062
120579741,24164766,1525664,41,108874493
120786455,24244033,1528446,39,109097872
120604476,24137299,1526353,39,108925987
119955586,24038193,1517229,39,108397494
120706634,24182714,1526062,36,109066496
120603844,24231788,1525715,39,109019618
120661550,24165851,1526544,39,109012184
120762300,24279155,1526879,38,109116584
120500848,24132030,1525711,42,109022484
120467961,24190527,1523985,40,108896116
118072985,23629891,1494035,36,106688055
120535132,24240778,1524128,40,108940440
120504472,24173724,1523953,36,108926413
120578210,24234795,1523720,39,109021371
120613220,24148088,1526119,39,108814078
120619563,24219914,1525041,39,109088594
120595544,24173315,1524604,39,108857968
120642767,24270451,1526188,37,109042299
120592291,24158411,1526404,39,109057792
120490584,24217559,1524580,42,108891755
120637195,24186651,1525329,36,109057328
120637232,24218489,1524587,40,109040464
120541217,24113120,1524985,39,108940117
119902453,23999504,1516225,37,108390894
120671309,24172578,1524284,41,109012139
120649694,24216412,1525632,40,108963103
120612979,24137206,1527224,38,108883535
120558781,24216474,1522880,40,109042352
120629986,24177661,1525997,37,109068127
118025863,23616376,1492100,40,106635002
120541616,24107043,1524852,37,108866868
120540074,24215265,1524180,40,108910745
120600537,24174562,1526023,39,109041170
120797985,24246574,1527255,37,109287127
120766056,24153947,1527796,41,109082300
120521001,24215730,1523321,39,108928329
120635862,24203794,1526976,37,108961193
120556859,24235353,1525021,39,108983354
120582632,24122978,1524622,38,109018059
120602332,24175181,1526038,38,109046423
120727983,24175058,1526803,40,109145516
120719721,24247753,1527986,39,109139580
120546331,24165633,1526793,38,108991742
119967204,23999381,1516772,39,108484651
120524796,24145018,1524318,36,108964210
120566321,24238639,1525687,39,108951443
120473416,24144182,1524719,40,108847988
120758096,24265298,1527147,37,109170263
120459299,24162100,1524875,39,108823303
117968320,23658659,1491479,37,106587937
120417638,24050562,1525036,39,108772618
120508068,24178003,1523217,39,108905819
120570211,24176235,1526108,37,108912601
120518346,24240344,1523724,41,109027096
120521536,24154261,1524907,36,108897146
120575576,24190655,1524177,40,108988953
120400644,24150311,1523685,40,108825135
120590599,24278566,1526778,37,109113224
120631520,24150568,1526628,40,109032113
120376185,24163650,1523646,38,108931056
120534457,24176173,1524606,37,109018876
120550845,24222767,1524742,40,108965448
120608055,24142415,1524656,38,109045535
120140220,24003193,1518498,37,108708945
120526438,24128279,1523180,40,109049436
120533368,24213280,1523914,36,108967956
120277300,24120064,1522190,39,108723050
120481082,24207794,1524480,39,109000798
120430211,24155713,1525160,37,108815682
117948318,23656774,1493048,39,106596326
120497853,24150469,1524254,38,108918183
120406095,24160240,1523020,39,108854529
120474380,24178188,1524671,37,108887040
121252135,24358175,1534431,41,109579760
120353130,24132879,1522783,39,108696391
120576206,24180160,1525697,38,109053162
120528836,24185660,1525116,39,108960898
120553504,24166967,1522462,40,109022514
120540485,24191270,1525262,36,108994194
120530193,24089352,1523748,41,108992610
120582336,24192933,1525585,38,108934078
120608466,24207889,1525633,38,108992469
120534268,24227169,1525136,40,108972569
119977235,23950618,1516872,38,108370270
120590695,24173693,1524501,37,108948666
120638904,24220876,1525216,41,109099780
120782209,24221523,1527996,36,109211175
120468504,24136962,1524079,40,108839350
120767517,24192604,1527102,40,109180306
117902044,23644244,1490506,38,106543680
120455146,24199238,1526859,40,108828108
120644168,24173445,1526805,37,109045283
120401414,24146259,1522520,40,108842646
120522001,24203172,1522841,39,109087512
120580689,24227667,1526484,38,108994505
120442841,24126512,1522586,39,108848999
120504864,24180885,1524359,38,108853778
120476410,24161356,1524259,39,108897801
120686247,24275467,1527152,40,109094457
120491415,24150102,1523850,37,108876507
120406665,24171772,1524004,40,108718501
120534559,24200044,1525023,41,108984685
120553710,24194680,1524743,38,108970629
119983641,23961809,1517730,39,108551238
120553722,24209964,1527302,38,108997695
120572849,24219480,1525571,37,108959890
120477361,24195549,1524563,39,108863894
120551127,24142259,1525503,36,108973753
120680886,24211018,1527100,42,109110034
116778100,23289015,1476946,36,105591736
120480036,24178437,1523853,40,108846417
120503726,24137641,1524334,39,108870399
120795631,24229927,1528088,37,109124980
120453208,24144802,1522651,40,108982141
120533253,24230827,1524745,38,108845207
120420184,24108965,1524086,37,108875740
120573395,24199176,1524523,39,109009587
120474420,24162781,1523495,37,108841861
121404052,24399684,1536448,39,109661169
120541429,24039774,1524978,39,108922355
120542068,24220100,1525644,36,109012710
120454077,24178871,1525761,40,108879282
120642599,24282070,1527774,39,109129921
119948744,23953810,1517753,36,108372750
120568842,24209871,1525061,39,108984798
120682277,24209654,1526695,40,109090010
120536620,24229741,1524661,36,109030315
120553698,24144120,1526197,39,108889747
118087288,23712971,1492564,36,106730164
120573922,24182250,1525641,42,108880174
120478331,24253302,1525267,40,108878139
120472543,24137826,1524981,38,108860099
120540272,24269143,1527398,42,109017574
120656663,24206243,1526525,36,109027369
120495547,24214130,1525117,39,108877378
120598083,24150959,1525200,39,108962973
120545541,24243567,1525382,37,108907534
120632469,24150797,1524546,40,109010845
120336692,24189616,1523595,39,108709555
120585500,24138787,1526899,37,108935338
120520916,24182963,1524435,40,108897443
120491955,24174965,1523370,38,108988721
120495489,24162843,1523496,39,108931132
119969399,23942186,1517555,43,108497523
120654338,24209002,1527218,38,109041162
120536735,24136804,1524109,39,108904821
120537688,24218582,1524588,41,108974394
120490436,24085188,1523380,38,108889308
118132639,23741709,1495094,40,106768232
120527199,24128464,1525229,38,108843962
120520298,24231323,1523384,41,108960891
120616018,24142973,1525037,38,109040797
120569601,24213993,1525652,37,108920017
120532602,24182932,1525001,41,109099142
120461056,24230361,1524347,36,108941502
120287536,24066899,1521072,40,108739568
120440379,24140183,1523068,39,108877300
120477380,24167834,1523642,36,109007598
120482297,24192201,1523151,41,108861566
120674811,24131038,1526336,40,108938414
120458001,24157232,1523999,39,108831804
120475040,24134696,1523241,40,108902160
120526003,24263252,1525420,38,108841989
119814300,23926903,1515586,40,108202598
120507905,24186435,1524844,39,108828660
120459519,24154442,1522676,37,108973058
120468052,24220101,1523455,39,108861214
120429516,24119658,1522923,39,108788413
117903544,23651284,1491372,37,106552606
120490209,24140765,1524412,39,108966362
120420290,24201693,1523411,37,108741533
120359790,24118514,1521457,40,108858072
120399664,24161975,1522629,37,108914389
120424375,24143438,1521902,42,108794846
120277677,24208073,1521295,39,108791541
120565625,24184977,1524847,38,108875149
120427798,24125520,1521200,41,108846847
120453555,24157914,1523485,36,108847257
120387293,24183397,1523470,41,108774435
120458928,24165758,1522912,40,108974940
120479317,24147250,1523188,38,108858607
120429181,24154071,1522906,41,108850643
120461283,24203904,1523452,39,108920380
119947891,23953701,1517791,37,108468069
120460465,24145019,1523544,39,108845757
120594662,24182745,1524686,39,109032569
120450248,24195549,1522385,39,108947378
120478348,24127163,1523178,39,108891242
118008496,23652893,1493435,38,106672729
120407365,24088196,1523394,40,108757023
120467898,24198989,1523350,37,108926426
120639429,24157946,1526694,41,108993927
120485095,24151622,1523756,38,108919685
120269665,24118296,1520873,38,108643761
120569557,24254821,1524900,40,108993099
120450643,24190433,1525438,36,108925665
120325821,24113926,1521407,42,108728301
120328354,24137238,1522369,40,108754321
120371909,24203701,1522870,37,108839358
120558543,24094334,1524572,39,109020486
120740456,24209530,1526378,40,108956659
120446081,24184295,1525573,37,108816059
120460929,24235942,1523714,40,108958911
119915470,23957747,1518180,37,108385234
120430879,24130790,1524151,41,108727321
120317492,24113523,1522204,39,108698534
120397833,24177878,1522065,37,108865263
120376507,24134200,1523130,39,108842002
118103096,23601030,1493897,36,106752010
120572206,24204601,1527493,39,108942060
120550956,24270538,1526239,39,109004171
120392128,24157077,1524498,39,108727779
120448942,24173725,1523215,39,108822682
120517690,24178436,1524647,36,109042635
120295386,24170873,1520977,39,108815360
120388172,24137641,1522258,40,108690488
120478355,24180730,1522960,36,108892776
120309216,24119785,1521519,41,108767085
120308715,24169136,1521982,36,108769485
120428169,24157171,1524870,40,108815318
120485711,24200974,1524549,40,108964268
120425046,24152396,1522925,36,108756817
120388433,24161868,1521872,39,108838113
119844460,23941643,1516717,38,108242218
120332109,24080972,1519144,37,108847527
120446577,24158473,1523602,42,108812912
120515059,24197129,1521977,37,109026377
120337555,24094830,1522412,42,108701736
117839559,23587824,1489219,38,106547376
120343963,24069937,1522539,39,108805146
120397487,24196634,1521603,39,108877672
120389948,24147219,1522950,37,108838012
120387264,24160333,1521694,39,108822971
120376589,24138136,1524527,37,108757844
120436565,24196727,1522366,39,108856373
120437681,24183521,1524549,40,108762492
120587897,24192665,1525715,36,108972269
120448487,24156644,1524311,39,108804829
120648664,24232470,1525384,38,109135396
120418211,24098046,1522827,39,108861647
120295333,24103021,1522467,39,108678869
120605646,24180947,1526439,36,109043963
120599977,24224038,1525408,39,108947440
119891060,23961654,1517353,41,108341879
120562619,24177661,1524761,36,108966194
120469393,24151436,1524618,41,108881964
120512687,24212871,1525941,38,108944477
117866976,23653055,1491075,37,106408516
120428779,24030068,1523396,38,108841744
120799136,24222273,1529483,37,109185593
120646423,24223418,1525620,39,108985254
120535465,24223790,1525886,39,109010804
120476991,24203081,1524836,37,108953087
120256972,24096628,1523214,41,108663599
120409764,24164362,1521968,37,108832617
120378908,24147902,1522675,39,108829467
120435188,24165696,1523536,39,108949185
120493570,24163773,1525835,37,108889679
120479465,24189535,1524787,40,108918216
120345489,24193781,1524081,36,108696324
120326585,24141857,1522106,41,108777081
120395503,24142167,1524136,41,108883409
120494172,24140771,1523217,37,108801889
119826653,23959980,1515828,40,108273073
120464514,24158070,1521745,39,108886013
120330109,24152613,1522263,39,108745331
120367675,24160767,1522521,40,108806419
117805873,23673167,1491092,37,106567318
120409991,24165138,1522798,39,108757487
120893570,24185256,1529611,36,109276327
120486719,24136401,1522624,40,108880136
120323370,24162317,1524156,40,108734395
120443569,24188438,1523707,37,108906947
120413465,24133901,1524040,39,108811078
120614409,24253487,1525884,38,109050845
120372494,24159031,1523505,40,108726370
120285965,24111446,1520515,39,108754870
120447303,24113770,1523261,37,108869217
120375232,24144988,1522163,39,108880206
120470016,24115414,1525141,39,108804961
120469700,24154380,1523491,38,108885391
120345046,24104576,1522104,42,108826492
120496897,24195505,1524667,38,109021426
119768698,23949874,1515529,40,108190148
120460226,24163309,1521941,39,109016311
120370743,24166625,1523913,36,108750815
120416337,24165169,1523116,40,108955664
117887504,23698897,1492389,36,106556142
120408751,24130077,1523817,40,108828506
120504668,24138943,1525909,40,108889904
120379769,24136121,1522664,37,108697344
120334914,24173477,1520534,40,108868771
120386076,24170779,1522485,37,108807730
120391897,24131286,1523458,40,108846311
120399976,24152521,1522851,38,108830562
120354820,24165726,1521541,37,108936849
120488975,24159837,1523582,39,108849260
120294190,24108593,1520866,36,108744570
120467806,24170343,1524447,41,108946409
120325326,24165854,1521839,39,108832645
120427526,24166315,1523729,36,108839453
120465398,24145143,1524155,41,108926863
120483860,24133146,1523979,39,108914885
119927425,23973278,1517064,37,108310923
120519691,24173396,1524090,41,108919153
120318450,24152787,1522472,36,108793981
120340446,24091172,1522825,39,108767598
116601824,23341901,1474222,37,105421151
120397355,24108036,1522079,40,108744202
120447641,24087948,1523117,38,108819372
120385107,24103633,1521229,37,108803255
120456877,24227107,1522674,39,108818961
120464027,24165044,1524230,36,108913754
120325995,24143221,1522746,39,108750456
120481140,24161046,1524106,39,108937248
120610798,24257703,1526237,36,109009397
120459227,24145918,1523717,41,108893871
120697263,24230641,1526865,38,109031714
120559276,24174282,1525734,36,108915142
120569898,24139718,1524775,40,108968184
120452645,24155807,1523823,38,108847575
120457316,24149544,1523373,37,108830066
120429525,24145055,1524425,39,108751724
119933130,24007125,1516975,36,108414913
120582678,24174376,1524673,40,108925210
120523087,24215699,1525862,39,108924138
120553038,24122552,1525038,36,108887375
117910932,23672756,1490534,39,106577746
120591286,24163680,1525663,37,109004071
120640526,24216629,1525999,39,109033919
120616489,24149979,1527537,38,108980963
120586724,24254696,1526053,38,108979061
120513231,24153389,1523740,41,109010839
120560168,24202368,1525707,36,108972579
120605488,24155962,1525561,39,108995665
120476527,24233834,1524070,40,109019351
120651097,24205313,1527203,38,109077616
120539929,24201439,1525730,39,108973695
120617755,24157729,1526282,40,108977702
120520608,24209498,1524244,37,108983322
120557597,24169013,1524712,39,108947071
120535715,24206151,1523336,39,108912908
120517188,24136617,1525627,38,108766598
120095405,24005271,1517472,40,108598352
120614214,24169725,1525163,37,108962529
120396453,24175399,1521537,39,108779700
120508424,24123288,1525316,39,108919457
120526661,24247442,1522794,36,108946407
120544630,24159806,1524236,40,109021623
120716611,24208600,1527949,39,109025460
120611059,24117242,1526139,40,108911275
120589893,24239197,1524673,40,109009819
120563313,24197191,1525381,36,108883628
121347848,24359148,1534388,42,109720488
120523337,24121106,1524975,39,108823936
120577237,24250821,1525016,37,109010567
120500034,24126946,1523718,39,109018510
120533151,24218799,1525722,39,108989853
120619874,24143468,1526631,36,109083042
120555614,24155052,1524423,41,109057714
120589287,24180866,1525028,39,108981043
120560224,24237894,1523630,36,109020939
119961346,23988810,1516416,40,108437289
120547235,24148305,1524026,38,108984178
120404253,24149327,1522652,39,108786909
120442204,24230393,1522756,40,108820325
117816610,23549756,1491670,37,106388095
120407483,24193410,1521836,39,108870642
120513215,24194246,1524646,37,109032851
120353930,24189628,1523872,39,108780727
120485603,24104998,1525311,38,108808707
120612233,24241180,1525306,38,109063935
120590486,24190341,1524730,40,109071676
120673561,24265454,1525824,38,109056493
120558630,24127162,1525936,38,108912379
120630928,24225092,1524892,41,109063758
120426664,24134354,1522062,36,108779511
120343062,24180297,1521580,39,108690578
120606290,24129395,1526586,40,108966778
120523743,24197346,1523078,36,108937852
120460264,24155149,1523192,39,108960686
120681572,24245249,1525258,38,109070044
120073344,23991103,1519653,38,108424858
120599972,24111353,1524540,39,108982880
120527635,24203918,1524877,36,108958700
120403067,24178003,1521282,39,108786917
117856079,23578245,1492486,38,106408774
120516178,24210398,1522976,41,108977145
120459099,24136866,1523861,39,108872062
120616950,24186892,1524995,37,108965200
120524229,24116041,1525790,43,108820601
120387296,24159434,1520933,40,108817641
120531720,24206801,1525915,39,108877596
120688923,24242886,1525144,41,109125133
120681305,24204476,1528652,36,109018119
120660211,24180979,1524768,41,109046523
120621308,24204012,1527864,40,109095471
120664857,24300855,1527339,36,109099875
120544289,24134913,1525202,41,108876399
120619423,24184668,1527660,40,109006592
120730953,24250294,1528272,37,109094776
120508228,24193875,1525360,39,108931022
120102564,24034535,1520075,38,108509004
120638915,24170314,1525793,36,108994298
120500376,24189256,1523194,40,108944880
120650920,24231540,1525360,38,109028374
118071662,23639129,1494859,37,106609695
120625907,24198339,1524600,39,109099017
120566437,24228842,1526467,38,108940136
120578711,24141206,1522687,40,108952787
120627565,24185566,1527236,36,108919548
120586919,24172113,1524180,39,109009648
120668099,24250574,1527262,39,109049092
120806655,24262942,1527322,37,109137625
120644602,24160116,1526297,40,109027825
120614633,24206306,1525999,41,109071461
120688763,24211141,1526281,37,108975233
120539706,24188171,1523394,39,108974494
120659616,24185753,1526261,38,109005151
120580994,24190805,1526471,38,108971091
120601730,24215389,1524475,39,109140304
120809126,24251132,1528287,38,109140665
119964868,24013671,1518169,39,108392495
120483581,24089932,1524056,40,108923119
120589957,24224936,1524905,37,109012250
120567597,24163929,1524328,41,109039817
118052791,23645887,1494197,37,106583901
120477930,24115600,1522744,40,108955964
120546704,24166130,1523810,40,108928235
120780646,24151156,1528733,37,109106839
120678799,24238174,1526798,40,109033884
120624917,24158969,1525949,38,109033871
120570843,24186899,1523566,37,109049436
120563780,24220101,1525152,40,108956997
120555911,24180142,1524279,38,108952953
120476123,24139686,1524692,39,108929582
120707111,24211917,1526401,39,109005202
120554032,24203422,1524128,36,108936737
120530664,24164084,1523324,40,108941712
120534704,24147096,1526087,40,108974957
120635660,24224347,1524663,36,109073793
120534733,24167060,1524801,40,108897674
119958019,24030071,1517184,38,108397320
120533878,24094457,1524846,37,108970811
120395532,24204446,1521993,40,108753850
120569621,24175646,1525194,36,108944739
117959696,23569814,1492663,39,106501355
120600849,24116126,1525354,36,108908428
120574928,24244126,1525406,41,108928872
120597772,24148150,1525195,39,108968494
120575051,24242048,1523978,36,108934888
120563856,24071518,1524028,41,108868180
120576684,24232718,1523528,40,109006660
120573466,24179087,1524097,38,109000511
120646618,24223852,1524256,41,109010300
120654061,24151436,1526892,39,109050005
120414625,24141019,1522472,37,108840281
120612463,24214986,1525258,39,109018724
120646720,24241025,1525726,36,109078732
121485590,24292145,1537097,39,109674231
120550823,24196789,1524652,41,108971209
120515650,24158627,1524079,36,108924257
119913176,24020058,1517387,39,108320436
120612255,24085933,1525334,41,109055088
120632803,24272986,1525836,37,109062226
117932380,23622111,1491803,42,106588246
120602442,24218818,1525927,36,109042843
120452542,24097922,1524201,42,108835997
120481860,24192933,1523346,40,108947568
120400397,24097216,1522376,38,108853018
120358435,24204570,1522036,40,108673825
120625581,24136524,1526746,36,109023251
121394712,24387377,1535428,40,109720875
120570830,24184606,1525969,40,108955404
120684870,24246233,1525878,36,109123955
120407521,24087204,1522912,41,108879511
120245167,24146941,1520160,41,108568930
120484055,24161820,1523564,39,108841545
120446216,24148212,1523788,39,108862621
120352897,24059862,1524724,39,108648220
120512470,24212598,1524391,39,108884094
120362972,24133549,1522737,40,108722081
119786447,23984531,1514092,36,108213826
120369274,24067457,1523251,39,108713063
120391286,24228006,1520707,39,108826581
117824142,23617987,1491514,36,106435722
120413974,24220938,1522830,38,108895743
120265177,24057939,1521284,37,108610777
120404971,24181289,1522410,39,108873018
120266292,24094798,1521243,36,108790408
120456850,24225402,1524501,39,108832938
120439368,24080694,1524585,39,108692983
120486781,24224533,1524315,36,108912928
120378431,24154319,1522929,40,108791692
120433771,24250109,1523061,40,108985520
120398889,24085870,1523941,37,108746337
120564208,24268120,1525763,40,108922545
120391011,24173135,1524370,36,108725176
120409667,24178096,1523542,39,108750952
120330181,24117398,1522984,39,108741182
120255357,24168609,1519094,36,108780531
120337923,24135223,1521571,39,108807821
119785248,23994420,1514952,37,108323975
120336386,24049725,1523137,40,108764665
120414857,24205066,1521350,41,108821076
116484982,23264339,1472213,38,105331384
120409987,24177476,1522226,40,108812988
120414945,24109957,1523166,36,108875772
120485557,24139718,1523599,40,108993524
120559892,24123598,1526679,38,108875831
120354249,24143003,1521677,38,108852604
120399118,24119103,1524280,41,108686085
120444318,24193223,1523621,36,108784395
120167318,24116809,1519275,41,108491910
120375047,24235539,1523407,40,108902380
120377083,24101680,1523000,38,108728167
120500006,24226115,1525383,41,108945899
120289147,24125860,1522357,36,108661812
120395317,24127938,1521252,39,108806302
120437109,24118049,1524904,40,108911471
120318454,24112833,1520933,36,108634940
120339809,24121645,1521905,39,108742056
119769332,23983694,1513880,37,108229263
120493495,24090378,1525730,41,108768074
120379136,24171202,1521921,39,108840652
117796608,23608811,1490562,37,106554360
120366542,24200478,1520988,41,108924033
120327209,24146568,1525330,39,108723945
120419119,24168269,1522684,39,108836015
120412917,24150685,1523877,38,108862892
120365232,24161362,1520956,38,108786359
120424156,24127194,1524288,39,108836547
120504515,24192975,1523460,37,108863971
120543452,24170687,1525003,39,108993503
120659241,24228409,1525036,40,109164008
120237834,24070153,1520694,38,108705041
120275508,24158814,1520652,41,108649073
120267030,24129301,1522294,36,108702008
120453280,24161418,1523175,40,108807816
120399901,24135502,1522613,39,108790235
120599507,24156674,1523816,38,108956900
120398127,24135099,1523100,39,108818804
119789125,23978580,1512991,39,108221169
120345216,24099665,1524162,37,108643774
120527865,24111198,1523206,40,108822285
117930015,23638726,1492596,39,106558403
120407613,24168424,1521494,40,108858558
120465518,24190402,1524085,36,108948174
120398184,24038937,1521116,39,108738973
120337528,24124869,1522079,39,108689986
120434069,24196168,1522732,36,108893090
120296256,24148181,1521184,42,108765307
120664845,24177755,1525709,39,109011108
120642083,24106082,1528071,39,108941671
120654041,24222922,1525080,41,109041140
120475092,24192944,1523041,36,108895750
120495476,24114632,1522898,40,108887175
120540038,24162510,1524933,40,108983628
120562790,24177289,1523961,36,108920124
120575542,24167866,1526371,39,108849542
120491788,24121552,1524286,38,108902640
120560449,24189565,1526138,37,108987993
119888705,24016958,1515057,39,108445889
120607640,24186923,1526216,38,108984822
117874231,23587057,1489643,40,106571125
120604351,24182280,1525226,36,108895921
120567387,24163371,1523767,40,109087150
120704214,24250698,1527936,41,109047550
120543062,24135346,1524144,37,108899631
120454267,24181878,1523971,40,108830801
120472909,24198866,1523387,40,108858263
120389950,24194494,1523145,36,108816734
120352037,24119332,1522725,42,108799218
120494069,24201984,1524758,38,108794577
120409802,24128310,1521853,40,108779604
120345888,24179305,1523306,39,108783890
120438023,24138644,1523896,36,108853163
120436086,24157965,1523900,39,108849782
120315144,24161232,1521693,38,108797804
120455894,24223293,1524017,37,108838429
120350685,24104006,1522923,41,108728142
120429435,24175615,1523592,37,108815152
119782184,23940233,1514103,39,108110031
120457564,24155187,1523810,40,108806044
117839727,23597372,1490803,37,106477759
120478645,24204849,1526084,40,108857046
120490221,24194742,1524833,36,108965127
120585106,24257053,1526063,41,109012894
120756418,24112004,1527911,40,109076064
120424929,24181040,1524284,38,108799598
120600147,24190578,1525091,39,109041549
120475727,24206905,1522166,37,108928816
120279526,24084259,1522455,40,108668654
120508271,24190093,1523847,42,108992152
120380719,24143034,1522441,36,108809226
120484925,24197564,1524338,41,108918878
120471420,24148243,1524770,40,108877450
120431152,24150440,1522307,39,108829252
120445313,24110333,1521838,39,108886631
120545316,24193905,1525403,37,108990769
120376621,24099573,1523286,39,108758150
120397698,24185908,1524336,38,108718210
119936244,24033542,1516322,36,108394533
120434612,24170866,1521769,39,108869843
117890415,23573943,1490731,36,106554394
120299279,24175740,1522417,41,108637068
120475586,24187426,1525092,36,108743629
120428853,24175864,1523781,39,108765068
120484614,24109586,1524327,40,108897142
120458567,24180172,1523837,36,108891564
120384544,24144306,1523997,39,108763201
120431835,24226735,1524111,40,108872451
120329769,24115041,1523017,38,108844135
120421639,24185908,1523955,39,108899798
120296092,24091447,1520974,36,108604691
120444060,24180610,1523145,40,108829648
120422768,24139253,1522745,40,108812934
120445573,24145731,1521642,36,108877573
120506647,24195580,1524457,40,108804499
120417638,24210770,1523316,38,108815202
120510520,24150939,1525309,37,108837023
120328602,24107323,1520720,39,108765164
119892816,24013578,1516115,36,108313296
120425897,24186931,1523102,40,108940049
117963397,23625737,1492557,37,106684521
120373436,24162162,1522113,39,108857677
120533227,24160054,1521900,39,108954175
120479401,24230547,1523291,38,108981480
120451215,24123412,1523022,40,108887299
120407196,24119691,1521876,36,108778264
120412146,24125396,1522338,41,108804639
120449857,24160550,1522191,40,108908512
120573754,24138787,1523500,36,109103036
120494327,24138323,1524161,40,108838287
120495593,24167587,1524662,39,108892908
120555339,24229586,1526629,40,108947124
120508733,24157419,1523626,39,108817545
120682394,24217168,1527861,39,109054202
120477329,24116176,1523257,37,108900795
120492848,24213312,1523743,41,108947285
120355375,24159960,1522750,36,108778135
120534491,24165851,1525884,41,108972291
119812319,23949378,1515463,40,108337623
120532485,24187984,1523581,37,108900882
118008305,23518788,1491869,39,106622495
120541447,24128991,1523706,38,108890399
120508050,24184389,1525000,40,108914353
120567782,24267252,1525498,39,109004930
120548798,24140988,1524481,37,108992074
120538347,24172082,1524426,39,108953789
120649263,24191611,1525865,38,108981283
120433204,24202307,1523668,40,108873513
120558280,24188543,1524667,39,108993667
120700817,24207421,1526964,36,109032991
120719654,24196975,1525835,41,109192879
120676346,24254666,1526192,39,108984767
120577788,24165478,1525331,39,108943114
120843515,24248342,1529904,40,109196510
120604072,24213436,1525845,38,108928663
120665562,24235879,1525298,38,109080184
120528132,24156551,1523608,40,108956883
120764087,24180947,1526594,36,109224954
119879274,23984749,1517715,39,108325899
120682800,24229959,1525055,39,109140915
118115035,23586150,1492862,37,106804706
120690643,24207484,1527130,41,109023495
120487187,24191146,1524385,36,108968008
120785532,24259440,1527733,41,109103578
120690508,24182188,1529305,41,108968634
120774106,24252898,1528683,38,109121461
120615549,24158132,1525234,40,108933410
120593001,24281109,1525772,40,109021368
120379373,24140923,1522825,38,108833460
120552041,24198807,1525614,39,108963497
120637572,24180126,1525405,36,109065484
120571451,24193642,1524996,37,108876074
120633550,24212568,1527128,39,109114828
120638274,24187054,1525914,36,109010331
120475129,24080229,1523164,39,108864849
120554176,24220876,1524535,39,108865645
120493062,24162409,1525797,36,108856077
120454886,24172206,1525544,41,108967851
120020331,24032706,1518426,41,108452180
117862418,23640462,1489567,38,106554214
120475579,24120188,1525818,38,108797559
120447529,24156581,1524426,38,108837973
120358306,24162035,1524098,40,108753731
120585004,24249987,1525356,37,109031310
120500065,24170687,1526049,39,108883745
120562373,24164704,1524498,39,108977525
120504340,24155434,1525176,36,108918098
120520085,24247133,1523282,39,108936367
120504479,24194712,1524978,38,108872093
120261019,24083240,1519607,38,108713397
120479561,24141201,1524005,39,108907153
120568025,24189720,1523381,37,108973111
120503835,24183800,1524548,39,108870308
120416714,24131937,1521741,39,108801719
120554324,24202900,1525324,38,108960400
120484975,24203356,1522155,40,108916256
120470948,24183397,1523124,39,108918233
120407751,24133083,1523707,37,108812497
119983847,24004744,1519060,40,108373538
116732047,23374668,1474225,37,105605262
120458904,24100224,1523981,39,108770089
120498053,24157201,1522637,36,108971386
120515707,24143624,1523750,39,108928476
120523336,24194247,1522493,39,108994726
120539923,24102269,1525313,36,108893215
120506972,24151219,1523848,41,108878296
120631805,24178437,1526138,38,108992733
120654206,24220317,1524168,37,109107124
120530839,24196138,1525144,39,108901189
120574153,24168640,1524117,36,108894942
121423864,24347077,1537787,39,109740162
120510684,24202183,1525290,39,108877113
120495237,24232593,1526781,37,108860733
120508627,24164735,1525425,41,108868401
120410063,24098922,1523691,39,108747729
120539784,24185442,1525197,36,108937068
120633075,24203175,1526948,40,108971445
120496717,24186714,1526214,38,108856791
119988912,23996745,1519089,39,108406333
117922302,23596629,1490211,39,106553800
120702092,24107043,1528835,38,109099608
120597417,24167587,1523334,40,108985375
120534096,24164146,1524564,38,109060104
120588763,24194747,1524477,38,108949161
120581541,24218298,1524225,39,108988003
120652229,24177790,1525723,37,109069364
120445240,24146378,1524129,40,108805165
120499256,24186063,1524080,39,108914602
120602792,24209901,1525357,36,108888736
120488476,24167091,1522449,40,108915220
120518304,24161852,1525558,38,108840177
120576324,24195517,1525953,37,108897763
120507398,24186776,1523683,39,108901641
120528231,24157511,1524890,36,108902731
120484339,24183893,1524993,39,108949788
120589627,24194464,1524453,40,109099005
120842648,24282379,1528699,36,109208409
120467950,24163619,1524108,39,108929794
119976138,23994421,1518696,39,108378800
117889026,23597341,1490026,36,106539733
120592947,24201594,1524841,40,108912322
120546912,24183458,1524361,37,109002209
120576930,24158721,1525202,41,108829542
120562614,24202989,1525433,38,108990752
120570108,24162006,1525338,38,108938428
120565487,24174562,1524452,39,108942145
120575304,24175274,1524733,39,108970417
120380331,24116065,1522090,41,108834914
120548358,24230703,1525162,40,109019110
120489213,24134261,1523200,37,108955712
120634615,24176794,1525156,42,109051247
120463009,24154691,1522916,39,108837700
120556816,24187364,1523343,37,108931072
120524280,24170284,1524763,39,108995675
120560086,24150474,1525847,36,108963324
120556954,24164022,1526550,40,108947334
120580730,24204074,1526033,41,109006827
120678353,24234639,1528429,38,109156308
120056288,24020151,1518785,40,108540454
117915565,23542440,1490149,38,106561149
120468557,24197936,1524405,43,108851231
120340399,24127938,1521885,39,108777203
120396326,24131068,1523130,39,108795925
120459575,24149886,1522613,41,108967729
120425684,24190123,1522147,36,108992090
120486992,24122296,1524544,39,108847162
120358396,24123412,1522149,43,108695063
120440993,24152551,1521437,37,108950493
120300460,24165851,1521179,40,108813577
120025465,24033729,1518544,38,108585640
120446685,24134819,1523598,37,108894678
120325230,24113089,1520578,39,108834934
120364575,24146754,1520613,37,108808413
120426956,24142787,1523750,40,108922827
120429527,24157915,1522263,42,108908583
120451301,24132246,1523495,36,108930544
120328637,24185908,1522408,39,108906756
120316455,24116529,1520227,36,108749820
117263263,23438963,1482032,39,105898852
120412750,24083545,1523236,37,108785950
120381947,24183521,1521303,40,108685916
120451852,24131534,1522740,40,108937527
120473146,24168733,1523969,37,108887129
120425568,24113740,1523628,40,108796941
120488649,24178809,1524315,40,108950004
120546277,24172639,1524887,38,108992459
120487290,24195270,1524806,39,108901268
120490534,24163990,1524938,36,108872213
120560724,24221341,1524563,40,108941070
120248410,24156420,1522567,42,108761000
120607652,24208172,1525922,36,108972990
120499622,24150599,1524490,40,108908114
120540614,24199579,1525140,38,108920425
120491210,24191363,1524489,38,108947536
120488357,24169509,1524248,39,108844324
120633191,24158813,1525349,36,109048329
120481306,24209065,1524563,40,108883733
120577287,24196572,1524719,39,109001364
117379290,23553972,1485737,36,105993895
120595750,24087173,1525735,41,108972242
120616669,24228036,1525200,38,109015425
120472449,24116623,1523379,39,108935787
120520116,24213398,1526400,40,108948582
120544139,24180675,1525739,36,108879219
120524513,24236241,1523122,40,108934559
120597089,24214315,1527355,39,108971563
120502226,24193564,1525455,39,108974794
120407477,24109025,1522474,41,108715487
120566484,24230612,1524854,37,109019859
120256316,24083577,1520600,39,108679604
120370688,24158039,1522612,40,108874996
120510619,24127193,1523459,38,108986977
120482658,24195921,1522190,39,108958552
120503412,24177445,1524530,41,109018079
120484478,24196013,1524018,38,108919087
120613941,24159155,1525446,39,108959505
120548642,24221030,1523956,36,109029608
120558696,24167835,1524547,40,108940627
117411369,23556886,1485089,37,106084048
120521158,24074649,1525533,39,108864409
120549221,24236159,1523909,39,109031622
120760333,24235724,1527750,37,109146215
120568207,24206802,1525028,39,108955159
120512597,24102084,1525036,38,108918778
120449618,24178839,1523601,37,108889496
120607357,24126946,1524166,39,109058965
120516853,24233151,1522840,36,108920079
120460940,24113678,1524401,40,108854308
120500676,24209189,1523058,39,109005273
120544939,24180420,1525246,37,108948790
120534624,24190403,1523063,39,108903144
120453217,24098550,1525174,39,108809380
120637823,24220906,1524576,37,108994622
120548728,24218923,1525322,42,108958152
120485420,24193844,1523677,40,108900074
120395239,24096069,1523748,37,108777465
120683277,24216660,1526478,40,109106523
120628155,24215419,1526135,36,108923680
117264156,23365369,1481110,39,105937209
120562132,24077965,1527398,37,108887487
120555606,24172082,1520553,40,109033073
120551661,24184172,1525647,39,108980764
120647694,24230113,1524355,37,108970728
120585381,24140183,1526322,39,108973354
120627488,24220070,1522789,38,109059152
120570538,24178963,1526352,38,108949254
120581424,24183490,1523318,39,108946646
120527021,24140988,1524802,36,108941448
121224314,24302313,1534665,41,109554464
120560111,24207360,1524721,39,108981014
120540899,24221030,1524079,36,108947666
120453066,24095388,1524201,39,108874693
120201986,24117799,1519032,40,108659077
120544401,24168962,1524488,37,108908849
120574126,24170864,1523766,40,108976553
120744964,24195146,1528669,40,109158583
120599337,24188728,1524603,36,108838928
120518473,24170160,1524906,40,108886337
117474463,23520864,1485770,37,106202929
120400829,24078245,1524465,39,108831887
120680046,24204818,1524420,38,109136044
120743320,24223572,1526986,37,109109070
120719052,24245583,1526157,39,109140340
120514312,24140275,1525854,36,108910437
120470285,24114949,1523846,39,108887861
120458901,24148088,1522412,40,108919663
120830505,24272831,1527877,36,109225419
120342138,24097713,1522452,40,108635452
120517541,24184451,1523509,39,109005916
120725590,24230485,1526384,37,108989440
120520682,24186931,1524589,40,108830906
120589125,24181351,1525539,39,108972785
120498918,24120404,1523696,38,108937843
120584364,24220597,1525300,41,109062894
120427182,24063829,1521717,36,108792307
120464558,24126698,1524242,39,108837287
120150807,24094582,1521059,40,108508468
120459008,24235724,1524717,37,108870615
117267606,23442342,1481633,39,106092069
120451121,24085808,1524193,37,108844021
120429314,24134727,1523035,40,108826134
120531484,24237460,1523765,38,108982014
120454195,24184296,1524453,40,108833116
120411967,24144151,1522191,39,108841924
120342203,24122822,1522337,36,108690549
120458069,24224534,1525586,39,108906140
120588141,24228006,1525370,38,108981980
120524273,24190867,1527088,38,108825030
120397299,24135099,1523114,40,108804500
120420490,24203918,1523680,37,108909569
120338829,24135998,1521723,42,108824850
120504124,24173880,1523983,39,108925447
120280124,24095449,1520782,40,108656419
120370384,24216226,1522976,41,108773373
120479192,24152371,1523146,38,108851283
120410290,24177067,1524698,37,108788740
120501750,24121583,1523356,40,108994174
117880989,23649452,1490660,36,106522135
118420117,23583733,1497067,38,107000077
120496894,24110887,1522751,38,108914623
120430764,24122544,1521909,40,108874869
120536094,24201036,1524762,39,108960172
120457716,24146103,1522310,37,108973234
120430376,24185629,1523871,39,108749669
120407485,24075175,1523442,37,108802533
120313282,24176803,1521910,40,108758605
120311045,24137911,1521230,40,108806292
120410560,24176979,1524245,37,108760218
120457716,24094737,1524534,40,108873525
120372418,24173384,1521909,39,108931146
120341375,24149606,1522658,37,108753583
120392523,24182591,1523705,39,108819938
120411981,24116405,1523953,37,108857832
120292428,24155497,1520071,40,108736334
120217305,24061319,1521509,42,108584791
120445127,24173352,1523232,37,108849097
120420381,24094334,1523842,39,108806619
117881214,23703454,1490469,36,106523684
119750850,23923555,1515112,40,108178058
120487966,24191301,1524094,36,108854011
120358714,24065969,1521669,39,108750542
120716555,24287774,1526521,40,109189155
120428823,24159557,1523107,36,108780946
120332231,24178685,1523333,39,108759790
120445386,24073812,1522924,39,108929051
120353510,24171904,1522754,38,108858520
120330002,24128394,1520903,40,108763288
120326701,24153078,1519907,37,108860519
120307858,24069844,1522532,40,108670606
120450733,24200323,1522912,39,108844687
120364966,24168113,1523246,37,108796638
120458648,24200819,1523764,40,108893926
120413478,24100471,1522896,36,108803086
120354744,24153172,1520451,39,108813575
120354692,24140896,1523387,41,108741749
120449600,24201128,1523571,36,108998999
120431448,24124218,1524536,40,108720802
117836323,23712382,1490617,37,106672771
119933796,23973868,1518165,39,108383335
120448817,24180235,1523256,38,108867651
120397623,24062992,1521831,38,108792677
120405289,24197378,1521846,40,108881447
120508935,24169043,1525576,36,108983341
120591783,24227665,1525055,39,108904295
120609742,24105227,1526383,41,108953276
120693795,24254963,1525531,36,109123937
120645700,24180018,1525391,39,108983060
120428432,24157357,1522797,40,108935018
120465261,24116963,1525886,38,108875735
120432515,24186714,1523282,41,108891600
120504385,24155869,1522929,36,108919894
120446163,24152055,1522214,38,108954561
120543776,24112004,1524891,39,108983177
120561287,24230857,1523912,37,108964508
120591020,24100658,1525912,39,108972521
120548631,24216598,1525687,39,108945632
120401213,24072385,1522449,36,108663294
118046641,23705997,1491000,39,106746402
120035581,23961033,1519865,36,108475871
120542034,24209313,1524315,39,108900136
120526505,24107509,1524654,40,109009699
120562205,24226300,1525002,37,108895732
120483592,24152087,1523756,39,108822713
120679750,24279713,1526678,37,109044522
120573815,24106083,1525658,39,108954938
120528042,24229494,1524572,39,109067306
120590682,24203360,1525238,36,108985031
120493190,24190713,1523052,40,108923951
120533181,24125613,1524979,39,108915734
120609604,24238483,1524861,37,108992236
120511420,24187928,1524063,40,108947704
120554887,24227132,1524087,39,108975065
120484364,24125768,1523898,39,108913713
120504718,24206337,1523695,41,108951349
120472620,24152985,1523402,36,108787510
120447070,24181599,1522477,40,108879325
120474414,24132650,1524883,38,108830411
117844824,23659527,1489535,36,106569479
119811004,23928639,1516242,41,108239660
120397559,24163246,1522139,37,108809628
120508699,24095946,1524191,41,108844414
120518000,24208506,1523197,36,108993138
120404613,24134200,1523879,40,108676522
120245688,24212196,1520420,39,108677134
120545633,24112685,1526651,36,108887014
120393616,24170005,1521853,39,108878368
120344748,24120715,1523517,38,108721287
120188715,24126170,1519780,37,108576388
120414074,24130697,1524711,39,108694801
120402453,24170624,1521355,37,108754577
120275497,24113485,1522305,40,108661897
120436188,24157147,1521511,38,108900454
120254694,24091109,1522455,38,108592930
120462520,24185722,1523886,40,108930446
120410169,24081902,1522965,36,108840323
120415951,24124807,1521892,40,108868648
120321882,24129426,1524674,40,108711157
120524264,24145824,1522726,36,108855489
119825341,23949006,1518536,41,108238333
120555378,24181506,1521612,38,109032367
120237781,24101153,1520900,37,108554484
120331108,24138416,1521133,42,108736198
120445606,24195455,1525649,36,108793125
120427667,24163340,1522347,39,108854404
120459098,24153172,1525702,40,108826723
120459932,24154473,1524599,36,108891118
120324521,24157698,1521948,39,108743701
120172437,24112535,1519428,37,108619290
120361827,24137729,1522526,41,108715527
120277626,24098612,1520481,39,108740619
120156438,24114762,1521410,37,108572811
120398558,24159620,1522747,40,108949192
120442010,24199827,1523545,38,108805621
120450547,24114948,1522509,37,108792065
120436561,24163495,1522304,39,109024878
120546582,24193688,1525306,36,108961292
117778128,23630574,1490117,41,106509754
120759407,24174871,1526464,37,109203933
119852310,23957810,1517445,39,108227941
120520449,24164983,1522533,39,108908712
120280391,24114201,1520742,36,108737411
120238738,24068762,1517912,39,108676861
120603312,24211172,1527670,36,108894817
120359032,24143345,1521166,41,108748419
120446640,24114980,1524353,40,108659393
120587632,24143251,1524729,36,108989169
120613702,24177290,1525171,40,109008128
120825169,24221217,1527180,40,109294492
120594311,24213280,1525662,36,108970522
120569695,24144678,1525040,39,108891519
120590405,24212599,1523964,40,109047012
120516884,24181133,1525048,37,108987954
120633100,24261703,1526278,40,109040956
120557069,24179800,1525510,36,109022367
120486759,24113399,1523867,39,108898998
120714429,24214149,1526377,40,109126338
118018321,23607757,1490784,38,106746262
120572792,24087836,1526680,41,108926507
120062651,24055447,1520142,36,108495072
120545829,24161139,1524552,40,108982828
120572953,24232222,1526365,40,109012338
120530352,24165695,1525534,37,108845633
120552173,24248249,1526249,41,108912798
120539091,24214428,1523615,40,108950217
120498513,24173321,1523992,38,108834745
120515072,24160426,1525052,41,109000499
120713126,24268584,1527777,36,109124354
120560143,24189969,1524909,39,108919011
120506205,24217001,1523888,40,109032547
120852553,24211482,1528679,36,109273284
120493778,24203764,1523167,39,108946450
120623841,24173601,1525798,39,108934541
120612101,24251255,1524881,38,109019667
120655096,24175275,1525803,39,109106511
120593863,24245738,1526467,39,109054949
120523994,24200911,1526842,37,108973300
118024018,23734362,1492622,39,106720143
120787644,24120528,1526743,38,109009430
120137681,24069999,1521733,39,108440792
120659380,24163866,1525532,37,108971394
121438077,24385269,1536853,39,109828245
120678430,24143128,1528010,40,109057841
120626200,24247318,1527299,38,108950001
120587688,24161666,1525074,38,108926156
120546549,24176732,1525323,40,109091213
120647653,24175119,1526489,36,108948649
120453531,24165975,1523156,39,108844193
120590688,24187148,1526353,40,108963415
120581656,24266135,1526168,36,109035163
120539945,24138106,1525716,39,108922905
120689135,24204322,1525622,41,109130168
120543856,24097867,1523870,38,108884018
120507863,24197409,1522797,42,108920393
120675746,24183985,1527292,37,109032629
120545498,24162937,1527355,37,108893148
120603079,24184482,1526833,40,109005600
117966931,23706461,1492129,38,106646312
120689881,24117336,1526583,39,109056139
120152910,24056916,1520220,36,108640183
120747484,24184792,1525483,41,109175022
120574766,24246296,1524580,39,109068185
120597622,24158689,1525887,36,108920562
120602340,24238732,1525696,40,109056409
120572191,24178840,1525204,39,108912909
120516940,24237026,1525896,36,108900444
120446169,24135192,1524922,40,108816386
120249973,24094365,1518669,39,108746951
120397511,24131657,1522367,37,108908818
120436196,24188703,1522453,40,108980271
120466034,24135093,1524855,38,108878292
120350881,24178499,1522212,39,108851165
120454090,24162565,1523323,38,108811221
120441467,24213931,1522731,38,108948542
120408616,24109307,1522425,40,108707069
120557282,24183768,1525429,37,108920106
120322034,24137324,1521658,39,108772851
116523671,23319929,1472845,35,105372553
120380731,24066093,1523303,39,108716762
119827694,23935087,1515793,39,108299776
120476503,24136555,1522423,36,108925790
120266243,24193906,1520289,39,108704026
120218089,24073005,1519370,36,108597798
121257199,24313504,1534322,42,109557743
120532203,24177104,1524646,40,108924609
120584659,24198769,1524594,36,108988037
120523871,24173635,1525457,40,108993685
120501814,24159837,1525441,39,108910761
120437826,24156085,1523607,37,108840044
120610196,24202214,1525328,40,108939526
120405423,24171400,1523988,39,108825254
120577062,24173197,1525132,38,108896150
120347046,24159434,1522344,39,108633971
120571944,24230237,1525084,37,109058212
120467051,24132991,1524174,40,108879489
120421996,24060513,1522792,40,108754297
118002088,23668114,1493345,36,106671235
120580164,24225557,1524868,40,109065874
120508275,24127906,1523983,36,108890535
119885763,23924764,1515826,40,108253796
120596466,24176763,1524660,38,109011259
120566294,24201717,1523662,37,109026725
120474041,24163991,1523552,39,108857614
120779667,24217931,1526703,39,109135677
120424324,24125085,1521555,37,108867818
120449395,24225681,1524532,39,108797749
120490009,24182776,1523595,36,108873343
120484243,24154753,1524823,40,108902990
120495861,24156272,1524478,40,108912363
120593571,24261516,1524914,36,109052905
120672958,24220132,1526625,41,109040165
120563526,24186435,1525401,39,108955189
120534939,24182373,1525177,38,108888224
120440400,24220268,1522622,40,108794892
120571132,24213082,1526418,36,108947160
120385060,24140183,1523478,39,108788471
118016142,23655621,1492571,36,106674672
120545901,24213219,1522834,39,108945694
120559527,24127008,1526207,40,108930746
120136341,24011718,1519449,37,108654675
120592497,24127628,1524492,39,109045709
120486279,24196200,1523080,40,108978216
120448539,24178529,1527436,39,108843237
120534462,24159124,1523682,39,108967853
120545982,24204724,1526217,37,108922601
120449070,24114515,1523667,40,108911535
120427017,24156334,1522985,40,108802138
120479806,24144026,1522482,37,108838110
120432991,24151188,1523109,40,108811077
120688159,24229370,1525019,40,109135781
120598842,24214830,1525908,37,108916529
120508416,24127163,1522721,39,108987600
120643482,24213002,1527322,40,109025811
120616150,24222425,1525862,37,109112079
120581193,24188357,1523954,39,108943969
120642919,24127689,1526792,38,109052083
117848978,23657947,1492542,41,106518129
120630892,24218674,1526456,38,108990786
120374263,24113213,1523883,39,108766935
119950528,23983912,1517840,40,108359045
120507925,24162115,1524982,36,108974169
120504358,24195905,1523119,40,108882180
120599363,24215017,1525535,38,109021794
120646483,24170655,1526076,38,109079491
120474076,24164394,1523792,40,109006784
120474422,24171926,1523694,36,108977555
120112376,24087514,1520046,39,108580143
120624053,24172277,1525848,42,109104073
120451231,24165469,1523390,37,108852567
120533691,24135564,1523601,41,108909467
120750229,24263749,1527909,39,109127640
120470647,24143468,1523076,38,108925145
120569196,24210522,1525078,41,108970765
120487128,24186589,1524002,36,108901051
120552821,24189783,1525225,37,108969777
120609801,24162751,1526065,39,109025067
118020649,23691426,1491788,38,106665674
120740085,24196541,1525990,39,109200274
120629606,24179955,1526488,37,109025465
119726528,23906288,1514646,39,108173885
120480942,24164921,1522787,39,108902919
120424965,24195548,1523372,38,108849939
120393629,24176980,1522769,41,108869133
120416590,24134045,1521982,38,108898059
120476333,24120280,1523357,38,108876167
120621566,24187830,1526507,41,109076479
120550112,24216380,1524366,37,108993271
120315763,24123164,1521455,40,108778822
120455226,24165677,1524021,40,108811277
120443596,24184376,1524893,37,108860085
120400871,24211359,1522528,39,108880534
120403179,24190371,1523080,37,108801329
120414499,24149142,1524042,37,108845878
120442734,24167804,1522633,40,108849540
120545931,24203019,1523834,37,108989697
120577006,24122088,1525114,40,109035431
117885538,23649195,1491245,36,106547355
120343773,24085344,1521574,39,108713614
120492006,24217032,1524696,38,108838849
119970562,23990762,1517234,37,108400369
120381657,24140679,1521506,39,108700701
120550137,24185225,1523743,36,109106802
120595912,24235229,1525622,40,109000672
120348501,24120281,1520612,40,108759698
120472305,24165013,1523983,36,108798808
120689868,24177352,1525410,41,109133328
120360497,24209158,1523903,39,108776612
120473812,24167648,1524949,38,108875100
120416414,24146724,1523952,42,108755696
120620365,24209002,1524959,38,109085025
121398826,24387129,1535547,40,109705026
120495641,24187179,1524775,41,108972398
120471826,24165168,1523592,36,108890362
120566077,24179491,1524299,41,108992580
120508772,24224472,1524929,39,108957127
117914369,23650816,1491537,36,106554363
120420240,24163371,1523427,39,108915887
120616170,24179769,1525013,36,109011471
120446183,24177352,1523332,39,108858942
120052829,23959515,1519028,39,108372697
120494897,24165044,1524629,37,108872689
120425809,24165324,1522349,39,108913286
120447970,24224626,1522984,36,108858291
120343675,24130294,1521927,39,108745878
120430640,24126822,1523120,39,108852929
120561039,24172918,1527338,36,108856325
120414492,24179677,1523191,41,108822886
120477205,24140214,1522783,39,108956228
120424544,24165478,1522813,37,108896946
120435862,24138974,1522765,40,108763417
120462851,24196137,1523926,36,108903486
120297631,24127783,1522278,39,108673028
120454334,24188140,1523793,40,108954061
120487652,24130045,1524882,36,108873952
120385901,24177724,1522604,42,108823720
117961528,23564543,1492657,37,106586610
120507343,24092846,1524202,41,108906935
120438411,24079267,1524198,39,108915982
120426037,24176112,1524245,37,108777599
119938529,23963421,1516864,40,108474997
120284750,24101091,1521451,37,108712229
120332796,24043370,1521643,39,108790712
120589424,24234702,1524525,40,108964938
120392192,24109616,1522796,37,108791850
120535843,24155962,1524196,40,108838741
120193590,24051894,1519405,37,108512427
120482748,24173880,1523250,39,108942702
120302208,24071177,1521732,40,108707462
120501421,24192355,1524597,38,108967222
120474663,24084593,1522715,41,108870353
120451693,24151784,1523865,38,108940453
120465030,24125736,1523560,37,108853582
120635219,24253519,1527293,40,108938211
120439900,24154442,1523367,36,108819152
120527708,24221031,1524490,40,108913869
117961367,23654288,1492238,36,106638076
120353919,24132061,1521250,39,108830390
120434744,24103944,1523890,39,108835746
120648757,24172732,1524622,36,108970529
119822975,23957066,1515482,39,108272246
120431597,24118731,1521141,38,108882894
120208599,24090675,1520208,37,108540107
120276890,24211266,1520834,39,108769499
120520132,24191301,1523754,36,108909536
120659835,24160922,1524920,40,109025972
120579935,24134417,1526366,39,109035942
120575139,24233709,1523760,37,108944655
120481761,24152056,1523974,40,108853688
120637759,24214490,1525620,39,108977707
120579821,24139655,1525323,38,108917662
120598088,24207980,1524374,41,109051084
120740063,24233492,1527959,36,109034304
121604219,24361771,1536509,40,109827871
120550211,24113771,1524560,39,108928024
120699210,24232997,1526450,38,109110876
118150937,23600565,1494008,40,106664704
120661475,24209964,1525540,38,109049432
120684295,24145240,1528102,40,109027509
120605996,24246942,1525650,40,109003118
120035414,23997241,1520202,36,108487124
120667582,24217900,1525481,39,109044265
120626884,24146445,1526159,40,108990778
120793786,24275993,1527495,36,109182735
120576581,24137796,1525022,40,108916575
120514630,24218675,1523098,41,108982597
120408206,24065007,1523666,36,108814129
120688451,24259409,1527348,39,109086262
120561017,24164363,1524038,38,108946566
120580038,24222332,1524634,38,108946643
120400670,24105587,1524597,39,108795025
120439311,24168873,1521374,36,108870295
120407440,24118901,1523050,40,108907805
120797985,24247505,1526491,39,109234887
120537877,24127286,1524728,36,108933176
120271849,24128527,1520288,39,108677296
116640257,23336786,1475276,35,105286970
120470626,24173322,1522211,39,108913484
120407716,24084965,1524284,39,108760192
120497369,24106709,1521469,39,108823408
119803134,23932855,1515899,39,108177386
120428354,24178870,1522659,38,108816144
120404163,24059309,1523258,40,108749991
120400954,24194738,1521049,39,108846269
120477064,24168826,1523873,36,108891464
120222479,24115910,1518553,39,108667957
120253637,24031372,1522288,36,108572306
120389667,24155125,1521516,38,108840172
120447175,24163092,1523212,39,108934384
120439793,24170536,1519356,36,109002558
120284932,24088749,1521244,41,108710318
120511537,24154412,1521840,39,108915522
120426532,24158937,1523549,38,108811582
120675180,24236159,1526824,40,109019079
120655368,24142879,1526458,37,108965253
120423868,24107974,1521185,37,108923017
117830774,23624280,1492701,36,106344009
120449879,24149077,1522822,39,108891240
120444345,24106210,1525689,39,108821277
120522746,24225401,1524187,36,108946733
119826341,23924547,1515178,39,108360036
120421137,24123784,1519846,39,108924801
120342845,24066805,1522795,41,108719796
120442816,24184637,1522529,39,108869224
120533753,24195052,1524608,36,108957277
120377134,24160302,1523023,39,108721737
120333577,24056576,1522461,40,108783235
120403482,24118699,1520854,37,108835778
120431556,24164301,1522284,39,108777203
120432555,24139005,1522086,38,108928166
120467847,24129642,1524050,37,108849954
120683590,24186342,1524497,40,109050536
120649555,24235259,1526985,36,109097873
120663454,24214986,1527091,40,108979683
120566169,24147902,1526259,40,108939512
117890528,23643128,1491371,37,106543919
120263093,24145422,1521543,39,108707063
120500091,24162254,1523416,36,108913110
120432652,24096473,1524365,41,108718973
120433872,24149999,1523325,38,108854183
119953331,24020099,1517577,38,108407634
120423087,24175740,1522641,39,108814553
120511381,24123008,1524055,36,108855561
120521976,24157295,1523719,42,108925794
120598765,24214862,1524596,40,108914856
120649794,24201283,1526222,37,109013673
120424559,24101216,1523981,41,108886741
120525322,24138168,1523307,39,109039910
120575580,24220472,1525256,38,109021960
120520196,24205593,1524410,40,108878512
120693591,24209623,1527386,38,109206559
120550373,24158720,1525756,37,108995042
120640187,24230114,1525221,40,109057029
120710860,24224161,1526599,36,109033484
120458253,24156706,1522743,40,108982453
118061625,23642260,1491970,36,106627948
120604655,24202710,1528187,40,108978183
120605368,24199393,1527490,39,108964647
120466117,24202439,1525500,37,108776355
120536044,24150378,1524858,39,108988599
119933279,24020549,1517676,40,108428164
120513844,24143189,1523352,37,108823304
120715640,24187706,1525809,40,109120060
120568857,24163277,1526038,38,108943593
120664098,24232780,1526130,38,109107403
120537830,24181909,1523869,40,108955841
120637683,24179490,1525535,39,109063665
120407134,24106176,1522704,40,108846177
120470430,24223387,1523766,39,108968499
120635831,24225091,1526480,36,109009529
120737345,24264431,1527709,40,109050276
120551041,24138199,1525014,39,108932206
120585618,24240219,1525691,38,109008923
120514489,24184141,1523599,41,108933294
120770985,24263036,1526865,37,109175550
118068345,23582895,1493664,37,106712039
120686504,24196324,1525537,38,109109409
120293534,24104873,1522723,37,108669876
120535885,24158876,1523061,40,109008622
120549824,24087072,1525634,36,109000484
119775627,23948207,1515282,40,108218511
120300882,24130325,1522522,39,108719397
120451264,24224440,1521485,37,108829102
120612678,24117057,1524758,39,108978913
120236496,24174136,1520062,37,108817926
120673643,24150156,1525330,40,109095308
120332692,24163526,1522258,42,108793696
120364266,24071083,1522401,38,108695439
120334847,24167060,1520488,42,108772556
120472542,24176608,1523994,41,108968764
120425571,24210397,1522500,37,108842750
120455591,24031342,1523535,39,108833417
120468590,24234453,1522534,37,108844916
120630972,24162937,1525972,40,108926138
120397933,24199703,1522402,40,108864755
117767324,23535310,1490006,37,106403993
120433179,24184265,1524161,40,108887835
120498553,24136994,1524372,37,108932543
120469996,24193250,1524172,40,108790391
120528104,24142477,1525792,38,109013863
119794071,23996962,1515797,38,108276031
120534187,24146383,1524310,41,108874783
120495733,24228842,1523158,37,108870407
120382397,24052422,1522652,40,108754166
120253607,24165231,1520996,39,108652064
120330167,24105555,1520933,36,108765425
120320529,24159248,1521756,39,108775737
120479835,24103138,1523870,38,108923511
120387593,24172329,1521566,39,108876000
120482809,24149762,1522563,40,109028785
120546899,24190278,1523369,37,109002582
120392740,24078524,1522641,39,108701787
120689581,24231633,1524549,39,109115058
120459384,24141980,1522520,36,108774278
120484757,24196231,1522802,39,108856416
117884507,23578369,1489896,39,106545235
120416254,24182932,1522201,39,108861063
120397434,24125085,1522737,38,108865144
121410886,24370017,1536008,39,109739497
120421970,24104130,1524832,40,108782420
120011167,24053568,1519341,37,108436467
120347292,24116840,1522074,39,108728140
120582775,24234206,1524331,42,109093996
120533335,24141019,1525511,36,108923050
120721295,24247959,1527046,41,109180449
120667241,24140597,1525591,40,109134845
120592232,24189131,1524245,39,109052500
120459981,24105463,1523917,39,108862762
120553673,24187644,1523169,40,108887183
120423676,24155899,1523974,38,108833614
120453400,24191457,1522215,39,108909984
120551052,24137795,1526143,37,108963396
120480934,24175275,1522450,39,108954420
120615183,24179460,1525573,39,108973828
117972702,23699486,1491973,36,106654824
120460937,23965901,1524380,39,108724234
120732179,24212102,1528347,36,109155369
120465428,24098891,1524508,40,108903438
120508490,24242545,1526519,39,108988606
120520370,24065627,1523759,37,108860472
120075834,24036705,1518136,40,108554628
120609642,24123783,1525183,37,108988904
120515672,24191147,1522858,40,108956908
120577894,24069317,1524692,40,108941459
120696548,24226758,1526061,38,109132660
120545139,24133649,1525116,40,108889014
120529628,24174097,1523949,39,109033904
120585277,24114669,1525783,37,108910796
120623201,24211235,1525293,40,108996630
120562391,24141919,1524703,39,108890969
120585318,24196509,1524164,37,109021433
120591314,24145205,1527258,40,108854594
120578162,24205685,1526590,37,108928355
120571362,24164580,1523666,40,108950800
117978107,23667866,1490995,37,106714764
120578781,24130914,1526419,39,108913484
120590885,24183118,1524283,39,108944497
120684705,24146227,1528247,37,109116551
120746596,24156148,1525065,41,109157816
120423300,24104595,1524985,39,108812273
120049328,23970240,1518697,36,108446058
120534397,24113678,1524107,39,108956364
120619682,24229060,1525198,38,109111813
120515159,24127472,1524960,39,108882821
120712528,24154164,1524512,39,109085329
120370157,24075268,1521843,39,108814531
120506350,24152552,1523326,39,109038255
120589226,24137672,1523948,39,108969347
120544899,24155000,1524815,36,108822712
120510264,24120053,1524539,41,108980322
120595860,24134583,1522595,38,108931750
120792467,24210738,1528487,38,109166907
120583065,24137300,1525063,40,109070493
120635689,24187768,1526315,39,108881182
117964904,23615879,1490001,39,106540483
120549674,24114763,1525269,38,108954537
120656089,24121458,1527753,38,109013934
120457028,24028056,1523819,40,108847952
120483663,24160642,1523335,36,108908745
120476163,24115104,1523805,39,108826962
119937119,23942713,1517364,39,108314602
120413529,24107818,1523258,39,108796877
120414705,24148646,1521707,39,108893851
120594864,24157853,1525260,40,108879758
120102798,24012741,1519210,38,108544792
120406279,24119785,1520809,42,108877826
120479676,24106795,1523272,37,108884100
120384636,24118805,1521662,39,108778804
120448470,24044629,1523089,41,108808330
120510308,24163959,1524202,36,108937397
120463680,24085158,1523363,41,108821816
120469889,24195642,1522102,38,108909163
120498740,24102579,1523792,38,108895516
120399503,24159682,1523080,40,108817343
116707442,23359106,1477008,36,105441762
120404008,24134448,1523250,40,108802414
120566263,24122729,1523996,36,109008044
120313621,24096633,1523049,41,108641090
120362910,24116773,1520781,39,108811271
120436327,24134416,1524184,37,108878375
119699551,23880279,1513351,40,108109321
120586614,24165478,1524307,37,109013382
120641993,24153823,1524090,41,109145747
120598679,24201470,1526410,41,108971274
120454585,24094054,1523438,36,108823498
120428411,24092970,1521880,40,108810798
120826282,24176949,1527009,40,109304219
120594338,24206243,1524947,36,108968052
120515870,24088475,1523226,39,108891350
120652189,24217621,1526309,39,109143848
120519714,24137020,1524581,39,108948235
120610264,24218024,1525498,40,109013981
120617429,24126387,1525231,37,109025416
121736156,24401327,1539931,40,110049075
117864774,23591080,1489043,38,106511569
120620865,24128650,1525653,38,108969447
120429793,24056421,1523982,40,108724790
120595791,24158906,1525761,37,108892803
121477082,24306746,1536326,40,109709749
120591015,24206027,1525267,39,108897820
119960491,23906411,1518809,37,108456264
121377074,24322246,1536974,39,109591864
120588113,24163712,1522331,39,109071032
120656415,24273699,1525230,39,109058524
121377163,24223697,1534641,40,109724188
120474845,24133518,1522432,39,108843897
120681678,24250573,1526224,38,109092740
121379279,24378759,1535269,40,109758861
120530119,24209406,1525833,40,108967074
120570337,24209405,1523855,36,109004265
120693690,24254449,1525921,41,109141277
120497595,24256619,1523939,40,108972012
120447548,24175150,1524376,38,108885067
117837452,23638076,1489491,41,106491996
120508655,24216318,1523630,36,108962724
120422720,24183242,1521395,39,108851726
120576300,24202214,1525249,39,108881712
120682800,24210304,1526800,39,109019785
120609993,24234423,1524787,40,109012352
120523921,24273514,1526344,38,108960567
119885509,23980780,1517416,37,108340087
120438787,24217869,1522595,39,108939374
120719953,24269700,1525619,40,109201172
120307501,24180452,1521048,40,108697040
120356129,24154598,1521243,40,108764257
120662839,24205220,1526904,36,109003557
120515601,24197285,1522944,39,109061182
120826918,24286100,1527695,38,109246283
120512893,24221898,1525100,37,108975457
120606738,24215885,1525171,39,109016450
120666822,24278753,1526459,38,109105702
120527269,24254913,1524596,37,108858046
120671428,24226890,1527000,40,109145946
118081956,23710956,1494801,37,106836019
120660281,24269856,1527189,40,109066943
120720110,24254355,1528995,39,109056900
120754130,24220628,1528710,40,109061064
120671587,24222178,1527591,39,109112875
120705985,24292113,1526785,37,109224887
120703790,24235942,1527690,40,109128624
120094960,23984718,1519114,40,108521048
120708439,24245210,1526480,38,109191820
120397591,24129550,1519542,41,108735822
120413438,24172516,1520793,39,108917493
120574303,24195734,1525297,37,108921904
120643543,24184699,1524943,40,108993968
120571154,24222891,1524765,39,108954552
120759410,24255347,1527922,37,109263816
120667413,24258510,1526093,40,109075103
120636343,24193409,1524626,38,109044561
121164149,24324509,1532461,40,109477845
120884333,24298934,1527760,40,109284549
120893643,24300112,1529338,40,109223501
118254498,23694836,1496102,39,106811875
121309474,24386080,1533456,40,109675852
120822300,24292635,1528243,36,109168321
120697105,24241274,1526484,41,109056390
120629533,24232098,1526809,38,109081728
120747158,24226610,1526865,38,109194315
120556669,24237771,1524808,41,108905286
120089337,24082212,1520786,36,108450686
120542685,24171369,1525133,40,108895760
120506295,24226549,1523428,40,108919069
120481844,24191580,1523377,37,108851231
120375698,24205004,1521713,39,108878249
120514304,24112996,1524500,40,108832041
120422805,24197284,1521361,36,108862860
120764720,24279683,1526318,40,109259784
120456096,24252000,1523963,38,108831451
120574556,24183737,1525417,40,109029365
120493544,24254914,1523541,40,108916932
120526002,24278628,1525327,36,108917296
120344162,24211824,1524405,39,108746332
118086165,23661480,1494526,37,106682618
120357660,24169602,1522847,41,108787277
120243219,24147933,1522290,39,108632195
120575488,24221526,1527704,38,109034053
120447356,24157760,1524684,39,108767379
120466124,24243505,1525300,38,108904337
120434911,24224162,1523656,37,108786322
119873574,23972659,1515774,41,108443682
120338255,24145576,1521830,36,108809162
120356461,24171400,1521078,39,108891193
120490347,24217187,1523863,39,108932819
120409554,24205561,1522096,37,108838202
120430540,24134107,1523803,40,108854670
120551724,24223448,1525080,37,108914016
120439922,24242545,1524287,40,108790334
120457355,24241894,1524782,39,108943060
120453460,24182621,1524192,36,108878796
120429452,24191550,1524019,39,108841237
120440243,24222612,1522295,38,108873443
120397791,24200880,1522576,37,108892777
117920551,23647841,1491667,39,106671474
120459059,24199020,1523492,38,108849773
120359808,24229742,1522987,39,108764933
120738522,24190185,1527100,37,109219713
120335806,24137827,1522826,40,108739735
120375293,24181537,1521356,40,108828834
120580792,24255316,1525839,37,109015977
119819152,23992778,1515217,40,108301332
120392418,24143159,1520878,40,108771388
120415118,24175088,1521947,38,108909106
120399166,24205376,1523726,41,108699511
120398059,24210397,1522317,36,108759755
120394041,24150568,1523610,40,108809578
120326992,24175058,1520300,39,108803683
120509373,24258075,1525247,36,108950400
120428585,24244064,1523570,41,108893171
120523438,24196603,1526019,38,108844591
120453019,24207266,1522446,37,108854686
120411109,24213157,1522277,40,108818151
120331694,24206336,1521764,38,108827997
117817203,23535931,1492643,39,106379116
120528879,24213683,1525070,36,108988331
120368718,24141640,1521965,41,108743335
120489127,24194681,1524660,38,108891529
120429235,24141825,1523459,37,108820680
120460080,24245893,1524381,39,108841886
120497722,24272707,1524723,37,109041161
119798870,23995661,1516262,40,108267261
120392214,24138633,1520489,39,108797922
120413069,24168578,1521224,37,108863115
120287510,24143996,1518459,39,108693599
120484110,24229184,1522806,39,108860331
120299808,24096007,1520058,38,108608428
120419345,24140989,1522145,39,108839651
120499576,24244807,1525207,36,108863148
120490391,24178561,1523743,40,108866453
120486365,24206740,1525732,41,108886904
120485080,24221588,1523852,37,108894474
120344080,24213250,1521919,39,108817577
117836328,23724689,1491342,38,106564316
120403882,24214273,1523469,39,108843654
120435890,24174065,1523707,37,108845595
121577569,24429692,1538101,39,109926569
120360152,24181289,1523751,40,108801277
120498943,24172453,1522750,36,108915026
120374814,24117832,1522907,39,108775724
120545121,24236934,1525190,39,108996108
120086349,24065317,1519411,38,108595502
120379714,24192821,1521093,39,108905729
120526001,24192194,1523603,39,108942311
120533812,24219704,1523978,37,108899920
120452158,24215885,1522953,40,108936295
120716035,24258045,1526939,38,109114035
120685733,24209033,1526894,38,109112250
120474604,24244188,1524477,40,108854157
120740833,24311829,1527151,37,109211158
120463407,24236004,1525279,39,108898455
120569580,24201501,1525695,39,108924415
120526442,24240436,1522534,37,109012053
118223836,23723450,1494042,40,106788772
120617538,24231167,1525722,37,109005525
120540094,24139067,1524118,39,109033814
120606819,24181599,1525263,40,109129369
120582893,24247938,1526870,37,109026696
120632925,24241212,1526947,41,109026504
120504577,24191550,1524629,38,109002970
120502557,24232354,1524085,38,108902077
119929804,24034030,1517357,40,108468823
120700767,24261299,1525707,36,109078821
120402979,24152087,1523183,40,108781338
120699037,24301042,1527482,39,109171023
120542663,24240901,1525495,37,108925945
120596648,24200633,1525148,40,109029887
120634052,24177228,1527317,38,108902376
120446192,24210955,1522120,36,108876918
120505148,24224782,1522929,41,109015995
120607226,24224472,1526166,39,109056040
120518253,24210738,1525590,38,108885463
120511493,24221558,1523025,41,108957629
116609299,23401173,1474976,36,105351634
120407294,24187582,1521553,40,108835004
120296521,24133083,1520853,36,108813528
120307450,24119196,1520253,41,108728349
120485503,24202989,1524188,40,108861377
120335480,24187922,1522979,37,108716943
120484631,24176732,1525285,40,108978103
120544401,24235817,1523825,36,108907063
119837055,23996529,1516380,41,108297330
120212736,24163650,1519005,40,108763688
120406925,24150784,1523443,38,108813368
120467744,24257363,1524559,39,108917601
120369299,24209530,1522066,39,108757163
120349753,24211823,1523458,38,108764106
120439613,24179181,1525279,39,108892554
120443019,24188635,1522863,36,108778357
120434758,24194929,1523851,39,108831246
120352163,24196851,1521727,40,108840279
120495527,24216163,1524559,36,108847109
120395691,24208786,1521493,39,108859796
117877476,23700385,1492160,36,106588778
120159649,24168579,1520543,40,108627056
120588482,24212877,1526041,37,108983517
120313397,24106858,1521657,40,108690016
120521817,24242762,1525072,41,109032829
120435389,24213745,1525435,36,108895744
120441691,24159062,1523939,41,108877662
120532339,24200602,1524368,38,108918539
119951714,24044268,1516841,37,108493203
120415597,24195270,1521794,41,108758219
120273446,24100316,1520024,37,108733962
120403836,24185784,1521769,39,108895526
120438071,24199393,1522189,42,108874888
120578406,24228966,1525606,36,109010839
120389484,24164735,1523966,39,108751497
120350239,24186249,1522065,38,108816026
120275312,24151187,1520577,37,108788417
120599379,24261052,1525460,39,109039260
120578133,24260710,1527284,38,109053700
120369248,24195580,1522717,42,108831209
117921385,23702741,1492844,36,106613796
120362382,24218830,1524542,39,108779027
120379321,24206926,1525093,40,108821652
120470811,24187953,1523100,36,108929861
120462951,24216505,1523416,40,108907497
120400935,24181970,1521185,38,108721945
120460340,24121923,1523615,38,108854029
120572315,24179460,1523950,39,108987000
120115631,24022630,1517963,37,108490228
120545509,24202400,1522752,39,109065335
120572296,24181258,1524444,39,109039940
120395036,24184450,1522100,36,108826529
120467646,24183087,1521446,40,108892218
120677335,24245428,1525254,39,108984771
120480797,24200663,1525160,37,108694695
120607488,24205221,1524462,40,108965355
120584788,24229803,1524688,39,108958008
120468237,24201470,1523632,39,108880301
120677924,24258913,1526754,39,109073961
118004784,23665820,1491293,36,106687757
120517659,24208538,1523408,39,108863445
120600227,24232996,1524687,36,108976120
120571076,24224689,1524517,39,109067468
120525233,24118669,1523789,41,108904438
120536361,24228532,1523785,37,108891584
120468587,24230238,1525182,41,108790077
120709240,24285294,1527389,39,109194054
120526126,24189193,1525115,39,108941239
120138052,24091730,1518576,41,108577580
120433777,24217465,1522819,36,108883579
120548980,24205903,1524142,40,108953466
120637088,24210553,1526058,41,109013028
120677593,24257424,1526346,36,109101924
120541273,24239755,1525026,39,108936718
120592721,24280582,1527396,41,108983858
120598692,24187457,1526214,36,108984243
120505020,24223945,1523677,39,108853815
120468380,24242328,1523445,38,108975314
120460318,24222487,1524053,37,108941950
118010756,23671897,1491729,39,106638956
120497051,24203050,1524421,37,108894773
120628200,24245366,1526705,41,109079786
120726057,24324074,1529297,36,109167857
120524722,24129860,1525519,40,108934166
120527214,24238763,1524150,39,108976196
120527836,24260927,1525217,37,108949515
120503867,24194433,1524299,41,108881179
120556594,24172206,1525495,39,108985022
119921166,24025916,1516493,37,108423606
120587486,24218055,1523511,39,109055818
120726024,24281915,1529493,39,109078545
120442502,24153667,1523002,37,108738934
120527745,24184947,1523738,40,108897068
120673311,24257424,1525762,36,108982575
121041108,24319332,1531172,39,109445437
121054714,24270445,1530378,39,109389507
120951121,24275125,1529689,36,109318615
120945878,24320913,1529726,39,109447630
120867463,24300546,1528161,40,109312414
118182789,23727882,1494721,36,106791948
120846093,24311210,1529525,39,109234628
120894347,24337715,1529684,38,109294668
120923625,24331266,1529772,39,109375000
121060508,24211638,1532444,39,109371627
120954642,24298066,1527602,39,109294255
120845553,24249457,1528438,37,109211736
120868974,24308141,1527189,39,109211906
121047080,24268678,1531340,39,109336574
120296741,24095206,1522029,37,108657440
120715379,24234263,1525099,40,109184494
120965385,24330151,1529538,38,109405380
120822046,24256091,1528449,37,109318796
120878936,24307676,1528917,39,109356593
120971242,24342486,1532180,41,109330241
120995272,24337996,1531714,37,109371597
120822073,24239507,1528444,39,109214887
120892254,24313628,1530310,38,109267971
120873889,24293105,1529137,37,109097923
120836738,24299895,1528187,39,109270135
118369080,23751101,1497696,36,107027097
120993758,24240406,1528840,40,109379590
120959459,24309040,1529247,39,109337840
120818313,24268150,1526750,36,109289020
120871041,24239135,1529648,39,109113149
121180502,24377612,1532675,39,109534645
120841560,24304823,1529014,37,109209657
120973919,24229277,1529894,39,109355489
120878762,24246482,1527717,40,109311064
120250021,24094996,1519740,36,108805128
120872846,24294985,1528384,39,109203377
120803467,23554624,1538173,39,108818113
120891364,24165602,1531293,38,109142436
120933331,24278226,1528554,40,109264561
120970657,24328942,1530287,42,109330482
120837023,24315580,1529308,37,109300233
120862818,24245313,1528967,40,109320242
120748779,24274683,1527402,41,109124908
120920883,24321625,1528152,37,109279048
120885713,24303522,1528674,41,109297092
118276176,23617336,1496797,38,106861951
120786194,24257983,1528657,41,109135179
120916346,24363817,1530842,41,109281481
120850084,24303676,1527623,36,109250272
120815019,24150723,1527969,40,109231766
120914612,24309908,1529856,41,109264710
120947622,24350734,1531966,36,109232151
121075862,24318557,1532338,39,109443793
120904168,24267500,1530474,41,109287673
120262076,24050809,1519470,37,108802364
121158411,24277389,1529606,39,109594485
120949232,24302468,1528972,40,109319487
121069694,24134386,1534513,39,109397804
120884795,24272738,1531903,38,109252611
120714823,24271964,1528590,40,109114819
120980236,24148732,1535145,40,109169257
120853667,24251076,1530857,37,109167936
120885450,24325873,1531047,39,109224654
121201753,24389206,1533317,39,109488335
118371694,23762974,1497270,37,106949311
120933637,24339947,1531336,39,109337337
121032784,24321966,1531503,36,109389064
121038503,24400673,1533493,39,109362405
121063044,24323706,1533001,41,109404917
120895566,24281077,1532282,36,109320603
120991478,24339699,1532004,40,109344659
121289309,24422190,1535440,40,109539580
121030054,24330615,1533343,37,109352220
120521243,24223294,1524296,39,109034150
120858240,24169385,1527825,40,109156456
121107712,24375193,1533179,36,109513888
121295340,24298810,1533609,39,109608980
120486598,24179863,1526227,39,108868567
120549763,24240684,1526199,37,108972486
120492450,24239228,1525481,40,108822102
120627140,24300112,1527218,39,109071229
120508668,24217403,1525433,38,108988156
120598353,24254728,1527240,40,108972954
120538555,24271003,1526233,40,108991225
117978290,23741441,1491819,36,106610909
120620326,24239557,1525629,42,108987986
121064320,24317626,1531692,36,109379532
120990311,24346891,1531157,40,109370754
120804842,24252992,1527805,40,109232513
121395248,24399962,1539008,37,109739443
121108188,24339668,1533604,40,109426687
121501544,24454275,1539266,39,109860945
121232174,24371567,1534690,39,109575496
120294995,24131719,1522368,38,108645406
120446038,24131007,1523461,39,108877607
120568909,24278473,1526569,37,108959267
120472374,24241956,1523687,41,108913710
120447109,24211762,1524092,39,108947143
120716553,24267809,1528082,37,109092720
120518464,24189473,1523096,39,109028971
120568995,24243971,1524533,40,109028174
120574990,24239487,1525184,36,109050681
120686466,24256979,1526801,40,109086199
120564667,24253271,1526231,39,108934855
116843599,23410854,1478225,36,105602873
120712867,24236367,1526186,38,109037399
120644994,24223572,1526123,37,109054745
120515176,24276149,1525256,40,108888605
120539745,24236623,1525774,38,108992688
120514722,24217249,1524258,37,108881673
120618330,23928825,1528730,39,108931402
119243981,23774249,1508606,36,107643867
120455762,24159837,1522366,39,108786985
119890926,24067674,1516506,40,108399475
120266217,24075020,1519680,36,108764801
120366431,24231137,1522431,41,108826938
120490631,24236562,1523938,41,108868526
120625301,24228408,1525751,39,109061084
120552449,24240375,1524679,39,108991324
120474920,24238731,1525491,36,108926877
120519894,24213157,1524030,41,108957938
120535373,24233524,1525737,40,109003127
120430441,24199361,1523920,36,108869107
120594295,24235632,1525002,40,109049115
117734647,23630481,1488247,37,106542649
120386474,24196727,1523435,42,108880186
120475229,24228998,1525485,40,108855766
120417918,24238235,1524905,37,108882790
120459435,24203423,1525467,41,108861867
120570425,24224161,1526375,38,108991576
120660878,24248900,1527877,42,109034673
121351838,24413076,1536056,39,109681380
120977143,24356965,1531463,36,109283828
118765059,23845652,1503647,42,107316327
121007258,24252403,1530257,42,109352043
121035384,24342953,1531240,36,109357205
121176843,24366328,1532652,41,109558417
121008412,24327547,1529046,39,109330963
120995238,24334676,1530776,36,109420866
120854825,24313907,1530643,39,109171408
120874640,24367444,1532203,40,109227197
121008431,24258726,1535577,36,109336141
120720362,24285666,1528303,39,109156033
118334316,23795091,1497978,39,106988727
121045030,24312573,1531627,37,109551908
120839824,24301228,1527758,39,109276626
120952734,24333344,1530671,38,109274384
121107953,24332227,1533390,38,109423061
120867474,24298748,1530011,41,109258184
121074206,24372187,1532627,39,109446227
121114491,24352129,1531857,37,109540792
121020988,24323889,1529818,40,109365713
120907864,24275529,1528161,38,109262435
120298524,24128340,1521529,38,108708550
121117717,24302499,1529926,40,109520645
120903415,24299585,1529747,40,109295816
120952907,24314371,1529129,36,109375157
120491844,24193317,1523120,40,108918390
120650894,24274661,1526515,39,109177703
120293559,24212195,1522744,37,108688712
120401323,24222426,1524279,39,108891155
120553193,24250170,1526685,36,108899069
120400654,24231881,1525271,40,108687827
117807440,23712630,1490615,37,106437724
120346406,24169509,1522261,40,108832309
120447191,24174903,1523622,42,108878806
120585110,24059055,1533189,38,108743517
120304573,24181661,1524670,40,108745304
120584537,24225123,1526747,39,108928803
120363385,24151807,1523181,38,108802207
120622423,24192821,1524993,40,109018872
120346511,24187519,1522470,36,108765240
120289027,24183335,1522016,40,108746368
119549269,23966397,1511108,39,108145884
120507704,24226269,1524907,36,108975874
120471478,24224193,1524476,40,108948506
120483948,24273669,1525974,38,108800884
120498145,24240126,1525234,38,108929726
120409383,24199176,1523154,40,108816505
120458844,24232934,1525917,38,108819063
120413750,24228471,1526311,40,108893669
120422417,24210491,1524334,38,108813509
120437364,24266476,1524161,37,109012251
117829650,23652398,1488357,40,106516400
120573451,24220782,1524349,37,108988854
120229169,24141113,1520837,41,108701466
120454056,24240467,1523710,37,108881056
120635211,24257921,1526455,39,109072320
120322328,24228189,1524163,39,108797707
120533306,24281685,1526740,37,109032741
120587884,24281124,1525021,40,108930278
120772688,24255472,1529261,39,109150889
120671042,23988318,1526628,37,108861967
119857107,24022130,1516270,39,108302993
120455474,24192542,1522796,38,108810004
120649649,24165013,1523522,38,108980994
120436038,24189535,1521843,39,108999840
120545492,24231136,1524257,36,109053891
120579716,24253364,1525607,39,108968442
120595419,24259378,1525827,40,109020004
120525706,24258168,1525601,36,108906493
120544799,24257549,1527188,40,108958715
120707081,24302592,1528579,39,109146829
118006663,23667277,1494505,37,106700958
120691382,24282566,1528901,40,109222838
120570880,24273017,1528063,37,109025291
120911016,24379007,1531353,39,109342095
120735484,24303987,1528832,38,109164001
120509470,24203329,1526449,39,108869290
120590501,24287743,1527129,40,109004538
120753100,24307924,1528617,39,109150811
120505282,24184016,1524924,38,108889943
120540758,24244653,1525163,39,108937500
119989873,24075020,1519760,38,108366509
120585971,24239259,1525330,40,108965467
120784148,24259626,1526291,39,109208475
120526204,24210797,1523125,37,108905976
120415568,24203023,1522881,39,108793420
120529171,24285263,1526420,38,108896927
120383315,24207607,1524282,37,108734625
120597953,24289293,1526929,39,109010218
120451956,24285510,1526635,37,108847750
120342656,24233400,1524214,40,108782235
117806072,23699455,1491699,37,106491520
120400383,24199114,1523424,42,108882829
120429552,24190434,1523695,40,108934266
120478561,24202399,1522684,40,108818463
120531439,24240809,1524838,40,109000658
120497937,24262509,1527005,39,108956015
120330539,24221805,1522349,37,108857615
120468789,24256402,1524131,40,108843637
120540235,24221371,1525562,36,108940611
120430571,24214862,1525846,40,108738634
119782416,24025669,1516251,39,108237622
120510277,24201376,1522659,36,108975359
120421364,24183056,1521131,40,108822195
120397519,24182653,1521697,39,108793600
120506529,24244931,1523939,38,108903315
120305618,24214056,1522355,40,108697943
120465876,24214365,1524598,37,108817661
120383659,24202741,1523464,41,108810807
120426695,24209127,1523590,41,108729623
117833672,23682126,1490791,37,106509666
120429395,24061567,1523486,42,108766660
120427747,24212443,1525146,37,108831955
120530641,24243723,1525924,39,108976985
120364763,24222580,1523327,38,108810494
120525334,24218055,1524813,40,108928693
120465153,24163216,1523291,40,108826614
120399746,24220286,1522088,37,108827654
120371617,24184513,1521921,39,108867677
120485944,24205407,1524332,39,108830704
120532674,24253270,1524761,37,108835779
119685400,23960321,1511472,41,108232994
120466672,24204538,1523170,37,108896811
120326231,24200478,1520885,40,108780917
120491587,24204384,1524214,40,108909485
120476386,24258974,1525031,37,108916767
120360124,24222984,1523121,40,108812925
120433977,24247381,1524830,38,108800239
120475100,24218984,1526536,37,108801708
120427038,24268647,1524491,40,108828817
117803236,23739290,1491133,36,106496665
120555363,24258076,1526442,40,108995238
120619323,24260245,1528042,37,109096224
120519962,24229897,1525252,40,108871443
120439969,24237213,1524710,39,108860485
120372239,24197036,1523419,37,108804851
120529357,24273879,1527083,40,108876307
120499350,24282573,1525421,38,108937377
120507908,24295244,1526890,37,108891797
120711192,24269732,1527688,41,109154261
120387616,24242513,1524764,36,108717514
119895734,24041975,1517849,40,108334658
120503148,24227789,1523836,40,108909512
120520430,24235786,1524465,38,109031334
120599992,24210212,1525833,40,108852608
120585830,24235787,1524899,41,109066127
120486248,24216582,1523296,37,109020387
120544769,24247923,1524523,39,108945342
120534701,24252898,1526385,37,108965500
120559388,24279063,1527417,39,108922069
117843227,23718644,1492534,36,106539454
120459448,24228068,1524540,41,108814788
120240581,24178933,1522998,40,108707780
120499674,24265205,1526317,36,108800565
120432054,24261982,1525545,39,109004422
120564679,24229711,1528032,38,108961349
120659036,24213559,1528534,37,108983710
120595014,24262509,1526506,39,109011842
120486365,24255533,1524550,37,108890985
120571120,24242049,1526950,39,109036735
120514770,24241212,1526694,39,108862530
119894474,24085777,1518276,37,108426405
120413549,24188140,1523133,42,108910153
120515243,24201315,1521816,38,108911102
120315109,24192417,1522203,36,108765068
120468673,24258975,1524516,39,108894406
120465533,24272180,1525541,36,108933120
120463535,24230254,1524766,40,108923361
120453983,24218938,1525465,40,108923467
120757899,24350145,1529351,36,109187956
117770044,23554872,1488804,39,106524054
120370341,24125116,1524574,37,108708661
120390722,24170749,1524529,40,108849070
120693854,24250605,1528641,39,109049952
120437310,24205561,1523815,40,108847824
120683575,24292712,1528535,39,109095978
120661757,24249356,1526976,38,109095683
120568023,24263407,1526304,38,108949060
120532803,24280489,1525251,40,108974183
120608013,24266879,1526902,37,109058150
120206010,24165231,1521804,40,108616093
119854980,24063179,1517702,40,108222439
120497997,24169911,1524300,36,108928346
120469483,24183893,1525122,42,108948505
120415161,24199083,1522792,38,108858317
120536602,24219663,1524323,39,108960343
120371419,24231729,1523801,40,108870415
120566739,24255130,1524366,36,108962982
120592044,24240406,1526592,41,109094446
120670487,24280272,1527888,40,109074617
117718691,23667556,1489207,36,106370496
120489696,24189008,1522657,39,108862023
120655692,24222394,1525841,36,109036850
120430007,24219419,1524308,40,108798152
120523860,24266942,1525528,40,108822933
120295780,24187984,1523503,38,108666146
120402314,24190589,1524714,40,108834699
120567519,24262508,1525829,38,109075497
120408585,24200075,1525132,41,108833903
120294188,24234764,1523624,41,108840037
120224422,24166005,1523146,36,108617355
119806142,24002977,1514274,40,108235801
120355804,24195610,1522073,36,108855962
121360331,24374977,1534609,41,109716356
120484165,24200571,1521941,39,108850907
120502654,24211642,1523113,37,108968014
120549818,24219321,1523087,40,109031665
120700716,24243976,1526643,39,109130649
120561671,24261046,1526718,36,108954946
120351350,24239566,1524183,39,108810817
117986174,23737898,1492266,39,106729415
120668115,24271375,1528288,41,109046063
120618073,24224193,1526928,40,108923857
120529611,24248992,1525783,38,108901512
120507545,24241677,1525065,40,108917405
120535561,24234268,1527134,38,108978115
120581251,24205344,1524742,38,108927782
120819898,24308420,1529160,40,109252753
120755771,24291183,1528039,36,109113103
120539896,24245211,1525648,39,108928804
120678665,24273762,1527560,39,109037124
120259103,24143964,1522212,36,108676374
120424617,24174779,1522323,39,108908059
120563382,24224968,1524400,41,108959293
120647762,24269762,1526535,37,109094439
120616189,24223604,1526016,39,108972001
120590649,24284426,1526765,38,108922257
120605047,24275001,1526922,38,108960432
120645129,24267035,1527131,40,109092632
118082572,23785139,1495551,36,106667684
120533950,24275622,1526410,39,108929053
120509923,24236283,1526127,38,108964137
120477016,24231632,1527576,37,108844952
120639594,24298903,1527482,39,109094603
120662463,24290005,1527516,36,109099893
120481620,24223635,1526508,41,108897420
120581337,24191178,1526767,40,108948045
120568859,24258199,1526354,37,108974268
120664632,24256774,1528540,39,108958342
120618630,24314465,1528148,40,109048775
120534906,24265081,1526889,38,108887853
119982682,24045850,1519939,40,108339462
120603810,24236004,1524520,38,109135839
120642391,24228129,1526193,37,109072822
120463844,24224968,1523625,39,108896759
120697023,24254758,1526239,38,109121567
120708732,24252093,1526577,39,109171958
120565210,24248466,1525180,39,108860867
120547803,24254200,1524689,36,108913137
117915414,23692605,1491522,39,106589657
120607027,24295027,1526495,36,109000657
120557313,24254728,1527779,40,109036123
120719694,24258727,1527079,41,109028563
120532156,24249302,1526494,39,108981040
120558747,24257673,1526299,40,108986628
120550216,24247629,1526273,40,108851738
120658224,24252588,1527121,39,109064669
120735660,24334472,1528416,41,109066025
120697799,24301897,1527045,38,109258722
120511226,24235384,1525600,39,108933720
120558063,24257363,1524713,39,108980093
119900310,24061752,1517701,37,108353408
120487781,24185691,1522963,39,108943766
120524306,24227913,1525034,42,109012742
120626607,24289695,1525802,36,109106787
120504247,24222426,1524954,39,108949250
120495877,24236438,1523698,38,108882011
120719880,24304637,1528227,38,109141220
120682323,24327082,1528150,39,109044635
117987002,23747009,1494141,37,106789307
120852576,24355571,1530105,42,109167950
120645162,24260296,1526859,39,109044558
120617343,24238371,1526794,37,109031849
120503862,24255193,1525671,39,108886264
120807850,24295368,1529150,36,109163548
120603458,24248776,1525709,39,108977120
120602441,24152366,1524513,41,108987972
120640279,24260369,1526167,37,109045562
120603209,24213901,1525547,40,108930973
120210110,24201501,1522390,39,108671255
120458288,24265670,1525320,39,108911016
119881433,24042130,1518476,41,108340465
120583332,24232481,1523364,37,109013920
120485559,24193863,1523530,38,108902430
120374237,24183149,1521957,39,108836624
120552117,24256029,1526112,36,109023239
120695202,24249520,1528422,40,109078191
120400638,24229742,1524398,39,108776237
120497755,24276582,1525941,40,108899657
117777939,23719668,1491611,38,106468316
120505477,24245830,1526268,37,108863290
120487829,24244529,1525289,39,108908479
120476917,24258478,1526435,36,108811061
120448718,24228471,1524634,39,108839767
120384507,24218148,1524566,42,108786736
120396677,24259935,1524492,36,108895733
120223976,24132340,1520813,39,108552887
120115938,24171808,1520629,39,108550264
120669804,24234014,1525787,39,109061588
120707602,24268740,1527803,40,109108828
121032350,24353959,1531646,38,109458530
120396929,24103881,1524047,37,108759074
121125308,24304576,1530623,39,109484349
120647625,24243320,1525956,38,109013301
120381588,24218023,1523584,38,108735326
120467258,24274785,1525499,40,108918662
120421336,24211451,1523087,36,108871263
120346165,24194619,1523389,40,108842252
120409663,24238267,1524632,39,108876453
117982623,23610919,1492772,36,106641085
120420780,24194929,1522490,39,108872830
120365267,24190867,1522796,37,108775119
120342877,24212867,1522651,39,108837794
120556278,24251740,1525382,39,108977157
120420888,24183605,1525084,39,108784786
120562684,24251318,1524960,40,108996646
121199389,24314681,1533673,36,109503527
120929418,24308141,1530173,40,109398897
121048260,24324199,1531292,39,109375329
120959585,24376836,1531700,39,109372801
120922088,24306622,1529835,41,109317582
120382218,24156706,1523828,39,108781408
120904543,24289695,1529577,36,109325198
120770820,24268399,1526886,39,109235555
120877586,24325377,1528471,39,109312276
120928097,24290191,1528969,36,109288599
120817449,24240127,1527809,40,109123087
120964368,24288611,1528634,39,109316736
118335428,23803801,1495160,36,106943604
120934810,24314062,1529683,40,109319783
120949135,24347201,1530775,38,109291900
120710187,24273234,1528022,38,108962409
120492955,24231323,1525752,41,108941925
120493530,24261671,1526125,36,108985745
120564567,24231757,1527893,39,108865200
120450616,24250338,1525367,39,108887731
120516010,24249042,1526471,36,108920442
120387660,24210088,1523606,40,108827095
120572065,24277916,1525903,38,108870885
120404011,24186682,1524091,39,108811348
120345566,24227944,1522592,40,108815035
119836748,24037758,1515042,37,108490478
120397312,24179615,1523240,39,108902870
120483415,24216753,1523616,42,108894427
120401799,24236220,1523233,37,108847383
120604267,24298407,1526692,39,109079090
121044783,24334181,1533263,40,109449580
121010656,24358608,1531716,37,109400693
118331451,23810715,1497011,39,106991406
120878572,24331255,1530424,36,109215926
120880034,24311469,1531386,40,109122336
120954880,24327113,1530787,40,109180273
120850288,24332723,1529300,36,109155126
120923793,24289603,1530628,39,109273474
120974442,24334088,1532137,40,109261662
121069034,24358732,1532607,37,109479019
120914931,24233865,1531338,39,109308968
120948798,24295400,1530252,39,109324527
120747312,24219077,1527168,36,109106844
120812753,24299833,1529593,39,109152349
120778831,24293726,1527610,40,109204841
120480818,24157418,1523514,37,108920957
121768622,24410007,1540027,40,109980914
121064387,24322401,1530863,40,109361569
120997152,24345310,1531906,39,109321537
120762907,24334521,1528881,37,109236432
120909749,24296268,1530221,41,109315210
120959206,24310962,1529268,39,109373018
118440842,23828911,1499498,39,107199486
120880874,24325470,1529670,40,109221543
120943109,24289633,1529204,39,109340809
120934860,24275591,1528261,44,109363846
120942156,24355354,1529836,39,109432545
121007184,24324043,1531396,36,109367349
120948240,24304669,1530534,40,109281194
121236632,24368529,1533728,39,109590458
121147949,24386973,1534366,36,109470651
120994690,24295059,1529908,39,109381737
121021199,24326276,1532484,39,109315190
121227368,24357307,1532249,38,109545091
120712110,24280922,1527679,37,109214050
120451591,24163836,1523948,39,108902914
120998788,24282163,1528219,38,109425990
121033491,24332196,1530212,39,109367259
120971193,24336382,1529656,39,109332287
121128838,24371753,1531593,40,109501588
120875261,24319827,1530462,39,109254312
121017687,24364592,1532367,41,109425820
118357698,23824695,1498243,37,106923149
121004910,24360097,1531666,39,109427310
120854937,24281822,1530566,41,109268812
121077449,24342643,1533356,36,109511368
121019367,24367568,1533174,41,109333937
121101604,24346147,1532662,42,109465995
121114293,24374170,1532935,36,109398915
121045492,24328291,1532945,40,109433178
120921756,24331112,1532035,39,109188793
121091853,24343697,1531868,36,109518884
120772578,24287836,1530679,41,109008351
120924649,24323734,1530001,39,109399984
121005874,24382355,1532186,37,109333966
120346568,24071238,1521442,39,108722731
120903783,24292889,1527521,41,109275394
120937092,24323331,1529387,39,109314828
120905071,24318339,1529353,39,109298579
120985571,24337250,1531390,39,109369850
120760840,24279652,1529446,38,109169359
118202320,23757239,1494206,38,106895886
120912523,24289200,1529790,38,109259777
120898591,24336975,1529441,37,109280973
120982686,24322675,1532260,39,109294813
121191121,24295741,1532102,39,109456858
121237275,24428417,1534931,37,109498555
121209718,24333719,1533589,41,109574548
120932125,24326927,1530270,40,109223745
121016409,24353865,1530756,36,109481958
120881748,24328756,1529874,39,109197048
120916596,24334460,1531372,39,109260231
120726513,24247969,1526601,37,109050797
120871719,24295245,1529888,40,109291370
120937656,24323331,1529455,41,109320656
120390108,24108097,1522473,37,108886901
120884341,24255720,1527993,40,109246423
120843378,24268802,1526489,41,109276561
120901455,24311302,1529839,37,109270689
120945650,24305754,1531000,39,109273737
120920108,24318154,1531217,39,109300274
118299908,23829996,1496995,39,106967448
121012382,24361082,1531500,39,109402119
120888886,24337132,1529203,38,109393180
120921997,24279776,1530781,37,109366241
121025209,24339017,1530896,40,109404151
120849123,24336196,1528285,38,109258552
121173384,24309566,1531669,37,109509612
120846733,24290099,1527971,39,109311032
121064104,24327392,1530672,39,109415157
120938792,24296856,1530838,38,109305795
120650329,24247660,1527706,39,109017500
120891854,24295214,1530359,39,109306776
120824376,24317192,1530046,38,109138417
120951004,24366607,1530926,40,109353729
120301204,24096659,1521203,38,108688851
121022416,24284549,1529439,38,109400724
120865447,24298252,1528062,41,109175794
121083733,24335049,1530937,40,109459068
120947945,24318029,1528835,37,109272159
120977694,24297260,1530532,40,109339206
118417867,23855013,1497751,36,107036626
121295412,24351820,1532210,40,109597796
120997467,24305816,1529106,40,109407324
120907643,24284704,1529725,37,109284971
120935369,24343047,1532377,40,109168598
120851319,24307397,1529421,40,109291715
120846728,24293818,1529958,37,109180513
120987769,24320324,1531886,39,109353756
120935449,24340753,1529988,41,109293764
121047709,24371318,1532754,36,109428244
120945091,24305413,1531883,38,109275914
121204571,24344938,1535118,41,109587702
120996096,24346860,1532707,39,109300004
120984146,24322400,1529948,40,109462172
120440607,24123505,1524056,40,108853135
121104001,24314837,1530888,39,109404431
121190337,24359817,1531458,37,109546809
120987806,24299771,1528882,40,109373682
121048533,24337002,1530883,39,109430227
121037576,24353431,1531427,36,109371746
118482432,23823704,1499216,42,107103635
121066073,24345960,1531833,39,109472081
119404688,23979727,1510700,39,107880850
120941513,24315488,1528868,40,109328503
120987615,24325345,1531006,38,109335501
121043225,24342055,1532358,39,109400708
121157575,24392957,1534469,39,109539271
120918752,24329217,1529737,36,109219362
120476371,24163188,1525156,40,108841313
120625082,24252651,1527552,39,109049663
120441683,24206460,1524333,36,108961398
120515243,24251969,1525964,39,108980325
120445649,24247808,1526084,40,108829898
120022155,24173948,1521316,38,108481463
120371293,24130139,1522341,40,108749763
120723504,24311023,1526660,37,109188448
120276305,24173787,1522261,41,108707262
120518010,24262850,1526322,39,108963469
120350119,24211358,1522787,36,108749123
118068799,23782505,1495110,39,106662740
120426423,24209684,1524384,36,108789307
120301207,24213591,1522686,40,108777210
120492707,24237399,1524574,38,108931758
120500490,24170066,1522473,38,108988241
120407103,24217869,1522796,42,108887746
120563459,24225060,1524295,36,109046615
120441147,24191291,1522991,40,108921567
120418315,24217973,1523127,41,108897083
120440697,24221154,1523600,37,108899788
120386848,24197781,1522234,39,108767991
120207087,24188201,1520092,36,108621402
120498856,24196541,1523331,39,108903792
120295038,24154071,1520670,39,108731224
119798118,24079856,1515517,36,108313723
120341286,24102642,1521181,40,108640450
120383836,24221589,1522487,38,108688923
120384074,24178033,1522359,38,108785239
120743825,24261362,1527299,40,109140554
120429857,24205158,1523192,37,108870958
117849395,23646973,1490156,39,106409849
120430098,24168857,1525765,36,108781785
120426165,24238918,1524904,39,108921267
120400935,24200044,1522946,39,108766728
120421719,24247256,1523873,38,108832249
120343880,24221806,1523404,39,108737162
120358577,24183799,1523085,36,108834204
120441362,24184079,1523910,38,108809872
120537292,24231850,1524306,41,109059256
120491916,24209839,1526340,36,108882716
120217148,24097465,1519496,39,108789292
120491572,24216474,1525854,40,108845742
120316898,24201717,1521486,37,108824435
120157476,24173632,1520446,41,108577472
120410459,24206150,1523274,37,108898638
119733921,23963824,1513482,40,108259031
120378033,24212320,1521675,40,108815947
120497092,24216039,1524991,37,108903389
120231437,24183893,1520602,40,108724700
120467019,24232036,1524740,39,108899869
117836051,23742049,1492658,37,106502623
120725936,24310435,1529751,38,109152762
120489719,24234825,1524999,38,108887135
120688735,24231819,1527416,40,109133074
120735119,24300235,1527929,36,109113852
120394701,24212196,1523543,41,108783704
120413453,24211700,1524499,41,108871246
120619596,24284084,1526370,36,109100784
120538516,24270414,1524988,39,108994099
120661378,24283713,1527034,38,109059275
120745673,24242544,1527967,37,109095000
120549635,24252341,1524693,40,108985499
120554931,24211359,1524939,39,109038590
120379743,24153109,1522501,38,108891369
119954689,24146910,1517455,41,108510848
120838828,24213714,1529096,38,109187725
120479832,24239662,1523494,41,108934338
120475010,24209116,1525385,39,108890153
120574409,24235828,1526628,37,108965276
120533994,24227789,1525240,39,108960256
118052052,23758913,1492625,36,106705423
120614918,24264989,1527263,39,109008654
120584515,24264710,1526494,38,109001194
120615035,24258788,1527238,38,109102719
120459086,24270910,1525834,40,108877669
120581272,24294066,1526171,37,109026337
120550976,24238298,1528403,39,108923856
120775734,24303987,1528310,41,109164296
120592042,24320354,1527409,36,108975826
120470774,24192170,1524759,39,108898485
120552379,24258913,1528037,39,108843338
120702567,24245644,1527519,38,109068715
120422156,24193565,1524859,40,108865309
120519347,24259626,1525967,39,108976355
119932249,24107601,1517921,37,108418333
120544934,24158896,1525517,42,108834979
120547813,24236572,1523398,37,109026513
120527024,24247722,1525312,39,108930328
120554788,24260494,1526071,41,109018253
120489210,24232748,1525403,37,108980131
117936372,23761208,1493602,39,106588067
120588456,24285665,1526882,38,109015089
120556700,24247195,1526261,41,109010781
120613419,24207453,1525816,43,108956181
120601926,24242141,1524805,38,108990960
120554827,24277606,1525908,40,108959425
120574624,24251628,1527115,38,108967233
120825689,24275683,1527695,38,109199162
120457901,24214397,1523026,40,108839014
120618700,24266910,1526508,36,108972062
120519030,24231726,1526628,40,108917629
120566320,24250109,1524356,40,108943941
120606046,24247566,1525969,37,109033873
120533538,24213684,1524742,41,108908608
119832922,24042533,1516149,39,108272641
120597759,24166625,1523621,36,108991638
120597578,24251318,1524573,39,109012016
120601554,24288580,1526561,39,108995808
120458839,24227447,1525072,37,108918884
120524351,24238136,1525170,39,108918845
120430573,24253029,1524796,36,108790389
120403899,24239755,1524499,40,108829134
120403808,24232625,1524874,39,108891549
120547498,24248899,1526317,36,108968121
120432290,24225256,1521527,40,108983408
120466150,24222541,1523225,40,108908011
120411534,24160952,1522480,39,108802044
120406123,24226766,1523006,39,108854881
120374136,24194866,1521164,36,108901711
121033616,24280365,1531594,41,109387150
121123854,24315581,1533559,39,109469696
121051780,24331080,1532410,36,109341352
119559886,24029389,1512221,40,108053946
121012134,24348689,1532132,39,109395277
120873643,24236158,1531618,37,109227285
120962871,24250140,1529996,43,109289871
121494187,24424825,1536973,39,109859592
121018697,24366700,1531474,37,109483499
120963501,24301506,1531775,39,109315329
118401704,23810374,1498173,38,106958990
121024167,24368652,1532195,38,109337022
120903508,24334584,1529535,40,109367035
121117371,24346550,1534016,41,109536063
120920070,24338458,1531949,36,109292071
120615047,24264803,1526591,41,109001564
120381628,24212940,1523002,38,108802124
120461982,24194711,1524794,37,108859319
120575428,24269887,1525101,39,109006478
120470851,24272459,1524551,39,108962326
120538769,24251938,1526043,41,108956599
120273317,24213436,1522645,42,108751649
120383738,24207297,1523846,38,108738599
120485388,24207050,1523932,39,108932868
120535438,24294160,1526669,40,109055982
119892039,24037076,1517735,39,108378151
120628810,24222705,1524464,39,109117111
120510071,24236127,1523961,36,109009568
120437826,24181320,1522978,41,108845540
120355963,24196727,1521843,40,108738249
117982807,23713994,1492398,38,106583803
120465100,24246978,1525899,39,108852339
120539686,24276706,1526435,39,108944677
120367374,24173229,1522905,40,108802612
120608131,24290130,1527018,39,109093331
120504130,24237460,1523595,37,108919362
120502763,24247691,1526126,40,108882567
120563295,24251844,1525874,36,109009297
120554740,24273461,1526023,41,108986927
120290747,24232864,1523987,40,108718100
120631311,24212908,1527172,37,108987449
120524600,24265454,1527199,40,108942843
120478967,24248993,1526916,38,108785027
120531264,24282937,1527071,37,109074186
120638777,24284333,1527393,39,108909706
119896120,24076756,1518370,37,108349464
120578223,24176143,1524916,39,108965103
120601030,24242700,1525724,39,109074769
120630654,24273668,1525660,37,109022113
120442263,24182808,1523640,41,108883515
117859570,23692263,1490528,37,106565579
120523920,24210863,1524037,39,108886037
120541182,24246172,1525540,39,109012549
120745184,24227261,1528985,39,109097242
120483166,24216257,1524065,39,108946826
120596969,24284271,1528832,38,108980514
120645390,24211575,1525094,37,109043388
120638127,24259285,1524683,40,109042618
120807158,24293353,1528374,37,109250247
120474295,24187024,1524201,40,108898841
120514630,24190775,1523688,39,108976667
120709127,24270816,1525395,36,109122503
120589964,24248869,1525548,39,109017598
120392305,24197874,1522344,39,108838823
120616207,24295461,1525437,37,108981618
119873252,24059785,1518388,40,108218415
120534815,24201950,1525474,38,108961133
120538719,24238173,1524290,37,108931758
120663574,24263532,1527403,39,109007348
120636727,24244993,1526043,36,109057342
117902255,23725930,1492734,40,106561842
120439386,24251109,1526050,36,108768969
120537929,24270963,1526104,39,108902657
120516175,24224689,1525818,39,108986975
120553591,24299770,1527129,36,108935118
120490766,24239972,1525957,39,108843853
120470218,24215792,1525537,39,108919826
120567518,24256308,1526346,37,109044275
120358790,24220535,1523829,39,108816346
120486911,24283340,1525213,37,108912510
120471332,24117119,1522904,39,108934282
120536582,24263501,1524997,40,108902435
120447055,24215450,1524690,37,108881831
120510269,24237988,1525583,40,109022807
120494006,24263439,1525369,38,108994747
119830124,24040765,1516989,38,108189378
120473365,24164766,1523103,39,108881574
120465865,24242947,1525185,36,108947311
121461683,24412611,1536467,39,109839396
118058223,23689071,1491091,40,106725013
120623297,24243102,1525852,39,108996536
120651504,24258014,1525721,41,109075613
120635651,24259068,1525324,39,109101933
120351327,24163060,1522393,37,108808748
120480380,24202121,1522977,42,108958253
120615618,24262973,1524583,36,109044345
120341723,24145422,1522409,39,108792672
120491219,24261610,1525589,39,108965514
120616669,24265019,1526043,36,108943742
120499686,24287309,1527082,40,108858904
120571889,24268740,1527690,38,109021436
120446671,24253704,1525863,38,108887041
120364634,24217404,1523813,40,108738535
120337506,24243629,1523659,37,108714678
120372799,24219636,1524072,41,108732611
119894352,24093955,1518097,39,108320504
120388833,24140685,1522665,37,108860951
120475616,24260618,1525123,40,108962965
120380970,24248434,1523658,36,108817438
117911478,23678407,1491304,39,106631697
120475690,24111848,1525143,36,108867379
120465676,24226301,1524630,39,108912638
120438855,24193937,1524185,40,108850642
120407242,24188511,1522444,37,108845385
120444775,24224689,1525019,39,108891639
120425163,24242979,1524444,39,108856270
120275298,24170066,1523189,40,108713037
120376806,24215967,1522591,39,108791746
120457082,24243423,1524523,36,108847374
120475741,24227076,1523729,39,108941054
120354664,24152676,1524751,40,108699467
120384117,24272056,1525318,37,108831942
120325450,24174221,1523476,41,108765261
120515222,24257083,1525000,38,108880476
121259133,24363445,1534206,39,109593135
119963816,24050469,1517845,39,108401118
120535670,24227168,1524014,37,108988128
120413714,24168548,1522544,40,108933689
120369212,24192139,1521778,39,108878451
117851723,23704260,1490638,36,106553830
120606606,24246502,1525533,39,108987961
120458933,24222591,1523148,37,108820128
120527707,24222643,1523943,41,108911768
120469683,24204074,1524615,39,108940711
120339702,24190030,1523029,39,108734636
120439242,24246451,1524660,39,108872000
120547074,24231973,1525326,38,108962768
120356751,24190589,1522703,42,108874240
120471511,24246146,1524098,39,108913098
120387706,24233580,1523541,36,108870497
120249685,24211948,1523518,39,108722913
120444576,24256650,1525399,39,108921239
120383714,24225029,1524469,37,108762739
120445376,24207298,1524181,39,108906241
120410287,24216039,1522500,37,108776163
119856115,24015501,1515528,42,108275338
120467481,24156551,1522820,38,108931768
120488511,24244683,1524851,38,108919734
120321180,24187365,1519656,41,108824974
117878128,23681010,1491203,36,106550514
120429051,24186063,1521947,39,108896979
120492517,24204228,1522595,37,109018843
120383980,24167680,1521942,39,108879960
120398129,24194309,1523541,39,108843201
120178605,24184357,1520900,37,108681338
120361103,24232377,1523554,39,108764649
120603179,24291525,1527943,40,109014980
120605657,24254231,1526450,39,108890276
121011219,24343946,1532350,41,109336193
120791393,24292145,1529914,39,109203051
120909949,24266228,1532038,38,109179792
120819983,24314558,1530070,39,109272948
120985559,24290626,1532077,39,109367356
120731683,24273606,1527348,37,109094086
121172935,24378139,1533565,40,109631420
120546261,24195487,1525401,38,108987907
120855695,24223758,1527755,39,109209032
120926905,24295896,1528946,39,109322825
120943417,24332786,1529960,38,109282166
118277491,23768430,1494920,37,106990973
120928067,24298345,1529085,42,109354567
121078222,24376805,1532619,36,109484729
120814139,24260091,1528709,40,109099758
121141499,24387966,1532765,39,109485494
121066656,24399900,1533179,37,109385032
120886196,24330151,1532029,40,109262567
120929744,24334274,1531409,39,109295427
121121987,24378510,1532962,38,109468930
120975038,24297167,1528501,40,109341378
121011887,24340071,1531958,39,109324825
121084620,24366037,1531747,37,109355313
119423883,23982993,1510365,41,107898753
121055808,24375473,1532801,41,109340926
120969687,24305164,1529967,37,109248206
120943139,24281295,1528380,41,109341590
120729098,24208631,1527537,39,109163083
121042825,24313782,1530338,37,109471382
120968386,24296237,1529700,40,109356571
121053606,24324757,1530307,40,109363354
121017669,24330376,1529942,37,109415067
119218249,23951229,1507814,41,107743365
121191325,24354641,1533442,40,109527017
121005259,24331669,1532019,37,109300715
120950093,24344919,1530514,40,109311274
119466608,24050860,1512008,40,107936815
120986232,24324446,1531879,39,109386582
121017916,24385157,1533296,41,109256190
121050170,24371183,1531649,38,109449451
120966940,24342705,1530827,37,109328120
120869819,24288022,1530679,40,109197483
121016698,24319208,1534233,42,109304631
121044556,24359039,1532189,37,109431005
121068769,24400896,1533434,39,109472019
120782736,24303553,1529540,41,109237039
120570279,24269917,1525464,37,108855061
119848605,24047493,1516999,40,108296892
120544205,24225035,1523150,41,108863931
120616245,24210144,1525644,37,108982449
118036122,23705253,1492357,39,106674817
120421322,24214365,1523391,37,108905194
120709808,24280799,1527655,40,109042746
120328298,24211079,1523108,36,108803623
120450989,24189070,1524571,41,108815282
120498292,24237089,1524913,40,108892308
120395949,24258943,1524123,36,108859667
120411335,24187179,1523018,40,108856371
120385251,24251163,1524192,38,108821559
120514270,24236592,1524673,37,108890108
120290921,24183242,1519968,40,108734860
120485670,24227757,1524730,38,108850385
120226513,24177445,1519196,39,108711875
120464688,24190691,1521599,38,108935916
120524893,24246069,1523320,38,108983228
120467356,24188791,1523086,40,108935134
120402744,24197904,1522531,36,108864975
119791123,23961127,1514247,39,108287935
120430726,24191302,1521578,39,109001424
120417117,24194696,1522398,38,108907705
117665335,23633937,1488192,40,106334472
120292175,24199175,1522905,37,108698434
120335337,24244374,1524487,42,108744377
120479009,24238391,1524940,40,108861137
120461430,24206150,1526167,38,108906876
120218597,24157853,1521459,39,108673516
120356869,24244373,1523592,37,108810573
120478497,24187706,1525519,39,108855049
120457179,24226456,1524106,40,108861934
120244604,24214737,1521995,39,108620494
120221430,24154660,1520968,39,108637480
120446295,24187891,1523690,36,108928200
120373686,24193410,1524875,39,108748013
120419111,24159062,1522355,41,108998274
120310040,24231012,1524597,36,108812398
120388446,24242235,1525072,41,108850694
120654667,24313969,1528641,38,108989591
119856788,24031558,1519089,38,108235883
120488603,24228564,1523664,39,108978817
120408124,24224967,1524297,37,108784919
117696036,23627877,1489472,40,106458908
120457731,24211048,1523342,36,108974613
120552343,24220411,1526498,41,108986166
120310450,24182188,1522916,39,108782155
120418157,24266073,1525535,37,108857626
120370756,24257859,1525366,40,108766504
120459011,24287246,1526691,37,108862224
120664243,24258603,1529071,39,108988469
120536049,24286689,1527309,39,108939615
120309636,24235321,1523554,37,108704193
120396230,24249117,1524835,40,108744728
120359330,24213436,1524407,38,108796281
120457589,24197718,1524369,37,108862958
120667962,24308389,1528016,42,109027712
120597347,24299957,1527742,39,109016714
120431206,24212040,1525700,37,108818048
120714201,24289727,1527910,41,109097902
119855177,24049383,1516711,36,108311081
120657506,24253798,1524904,39,109063997
120581292,24207329,1522870,40,109070002
118119997,23703454,1494262,37,106830986
120500741,24204136,1522999,39,109014030
120644809,24257672,1525502,36,109038272
120495998,24201222,1523734,39,108966138
120459430,24210553,1523670,38,108843306
120437378,24209467,1524340,37,108816864
120545489,24253209,1523933,41,109026262
120577459,24233275,1524864,36,109059263
120519376,24255348,1526244,39,108876603
120460290,24260060,1524662,41,108921343
120501563,24275621,1526006,37,108862830
120327807,24180669,1523224,41,108723673
120549673,24222116,1525675,40,109107484
120409583,24197935,1522080,37,108923806
120553469,24257394,1525290,40,108961311
120608042,24250907,1525394,38,109033671
120376799,24171221,1522641,39,108818228
119893655,24028087,1517251,39,108400009
120474226,24242668,1523916,38,108923038
120430866,24193968,1522938,39,108788332
118108910,23756929,1494937,36,106757515
120637467,24213002,1526172,39,109107631
120676748,24265640,1527429,40,109074015
120740884,24246977,1528248,37,109100275
120637870,24271344,1527120,40,109125364
120548344,24298996,1527305,38,108939418
120713439,24301444,1528737,37,108999604
120802987,24307273,1530067,39,109128999
120644912,24272150,1526405,41,108983157
120581590,24256215,1527241,38,108955157
120642906,24289262,1528862,41,109026276
120721747,24268956,1528350,38,109134257
120569792,24263749,1525986,40,108972736
120577376,24283620,1527125,40,108874013
120545862,24244466,1524704,40,108981478
120629605,24220411,1525490,40,108939452
120476012,24209096,1524754,40,108798460
120025184,24089683,1518487,40,108522530
120464274,24198463,1521676,41,108888819
118240225,23768306,1495093,38,106902747
120365165,24091203,1523644,41,108729195
120505896,24259068,1527024,39,108908549
120532784,24269979,1525824,40,109043191
120581824,24214149,1525836,39,108981614
120502684,24255099,1526790,38,108812056
120258377,24178778,1520428,40,108701924
120460123,24236035,1522974,40,108841800
120466019,24232810,1525542,36,108853111
120434917,24245025,1524859,40,108912399
120389185,24239352,1524769,42,108715124
120453146,24219888,1524198,37,108847049
120602826,24212687,1525116,40,109015815
120531920,24214582,1525688,37,108961550
120375013,24183552,1522870,40,108892081
120427577,24246482,1524717,39,108852739
120521740,24224223,1524859,37,109012772
120598640,24221744,1526633,41,109090779
119940713,24028955,1517533,38,108359333
120421352,24171461,1523105,37,108903303
117934706,23704354,1490648,39,106697822
120537395,24239165,1525415,38,108941940
120652509,24240964,1525078,39,109116074
120469896,24187609,1523469,38,108983186
120402380,24147068,1521972,39,108808222
120452803,24212940,1522565,40,108893799
120462696,24269421,1524898,36,108915620
120410729,24218024,1522568,39,108939327
120739600,24314837,1528410,38,109109735
120471111,24229214,1524936,37,108877426
120667466,24290285,1527857,39,109168132
120546841,24274629,1525786,36,108999196
120589608,24283279,1527092,39,109096105
120397866,24195766,1522901,39,108813689
120593145,24259420,1527315,36,109024646
120453563,24234535,1524038,40,108839212
120640802,24262664,1526432,39,109071790
120453562,24234577,1524892,36,108935609
120075032,24089095,1520243,41,108527759
120519201,24247815,1523401,38,109036219
118162487,23722643,1494546,38,106814831
120684970,24233090,1528690,38,109151597
120493070,24234422,1525974,38,108917880
120568957,24225154,1526273,39,108924290
120552700,24206491,1526196,37,108961717
120500111,24239879,1525049,39,108974022
120573465,24297694,1527153,41,108985109
120551317,24283681,1528200,36,109062691
120619078,24254969,1526493,40,109034362
120621446,24255293,1525180,40,109107817
120563523,24272180,1526285,36,108938804
120525633,24252403,1524600,39,109066776
120478363,24240747,1525961,40,108955817
120584511,24191162,1526170,37,109054963
120510812,24243645,1525117,39,108940565
120604172,24303459,1527227,36,108944592
120567972,24238887,1525306,39,108931699
120633766,24250047,1525427,40,109095635
119941255,24056637,1517788,38,108380411
120654957,24232625,1524678,40,109073222
118071933,23718086,1492902,36,106707092
120437164,24164828,1522403,40,108870795
120617449,24267717,1526826,38,109068827
120715551,24215543,1526868,39,109167911
120581978,24197471,1524724,40,109025729
120491968,24225681,1523905,39,108918544
120571776,24237739,1526103,40,108980444
120317834,24178592,1520969,39,108729423
120608071,24264244,1524627,37,109096939
120498413,24211204,1524617,39,108902704
120609439,24272739,1526858,41,108914716
120632657,24288300,1527071,37,109101853
120562005,24290936,1526538,40,108995616
120567639,24230982,1524767,42,109015976
120432119,24200942,1524294,38,108821007
120646129,24254077,1525075,39,109065592
120583995,24277729,1526472,36,109006493
120552408,24237306,1525249,39,108877656
120007441,24075703,1519207,40,108496604
120473703,24222890,1522153,37,108854633
117904147,23679182,1490913,40,106549190
120635251,24243629,1526099,37,108981251
120615564,24221279,1525440,39,109082992
120564029,24180049,1524114,39,109030807
120524680,24199206,1524501,37,108922454
120774565,24275622,1526445,39,109074372
121201467,24377612,1532937,39,109507383
120980398,24327856,1530628,38,109386519
121202607,24414611,1534979,40,109523249
120955074,24200307,1533904,39,109314902
120909644,24287246,1531582,36,109245819
121069551,24363104,1533822,40,109419928
121193932,24358516,1534012,40,109591090
120941342,24283247,1529522,37,109360139
121037387,24304049,1531836,41,109363607
121041996,24359849,1531860,39,109386709
120985842,24364312,1531900,39,109353360
120954874,24314403,1529897,39,109279792
120223750,24087607,1520964,39,108665586
118514345,23812667,1498565,36,107108775
120859519,24297291,1527330,39,109279478
121044670,24339575,1530480,40,109439434
120730667,24234298,1526776,37,108998558
120794227,24265609,1528786,39,109162062
120899957,24294470,1528361,39,109297204
121193468,24372651,1533416,37,109505184
120723016,24285139,1527927,40,109101453
121227410,24333902,1536176,38,109561863
120985039,24330987,1534047,36,109229333
120885503,24353742,1532070,41,109271780
120876892,24329497,1530038,39,109210873
120490400,24238920,1525229,37,108911464
120493658,24256092,1524414,39,108980233
120441692,24243785,1524378,38,108852460
120432606,24195579,1522901,37,108780526
120356669,24157357,1521288,39,108778819
120424450,24201314,1523362,36,108799566
120374987,24198680,1522994,40,108737096
119862806,24001706,1516039,39,108252368
118127122,23754852,1493982,37,106728468
120612451,24252837,1526219,38,108953340
120476072,24273234,1524704,37,108920505
120568746,24254604,1526928,39,109013270
120334660,24200756,1525309,37,108702672
120373497,24178282,1523295,41,108769555
120471124,24214800,1524016,40,108943274
120648696,24253766,1527022,36,108990230
120355494,24198680,1523565,39,108711070
120424652,24244529,1523522,39,108826406
120412646,24238793,1524477,38,108806271
120508889,24254914,1525364,39,108907069
120387179,24245675,1524720,36,108808812
120793156,24257797,1529163,39,109191492
120593145,24252217,1527150,39,108980509
120639711,24256680,1527898,38,109053619
120293936,24136401,1520464,40,108782743
120488589,24213839,1523830,40,108940003
120558690,24255254,1525210,37,108885178
119971034,24021856,1516344,40,108464232
118075552,23732532,1492506,36,106708899
120530759,24245273,1525304,39,108996278
120563848,24287340,1526798,39,109011054
120525405,24161572,1524863,38,108903054
120547274,24207422,1526632,39,108978277
120575073,24266476,1527699,36,108997204
120527683,24233183,1525080,40,108880686
120521247,24218520,1523576,39,108940526
120508360,24239134,1525180,36,108847366
120502483,24213870,1523883,39,108944731
120548036,24251442,1524339,38,109024133
120520890,24227726,1525588,40,108913717
120497153,24231943,1524910,39,108994514
120562074,24293849,1527092,36,108992639
121317465,24354703,1533272,39,109640050
120624778,24252713,1525290,39,109088483
120589419,24254541,1526407,37,109001788
121370393,24400552,1536666,40,109802450
120526024,24283217,1526779,40,108941120
119993657,24047864,1517755,36,108538278
117856568,23666267,1489958,39,106570980
120495600,24217260,1526243,36,108859674
120371196,24221999,1524243,40,108802378
120360232,24213894,1523702,39,108896542
120512363,24218247,1526737,36,108871206
120453302,24221124,1525561,39,108886226
120609022,24271209,1526031,38,109049264
120479559,24219398,1525038,37,108885834
120548507,24210212,1525222,39,108970895
120542063,24261733,1525378,37,108972449
121243676,24357400,1533520,39,109630346
120431508,24188915,1524083,39,108904427
120579639,24281883,1527217,36,108873682
120482389,24145918,1523839,39,108965517
120530458,24251628,1525943,41,108978408
120538119,24222425,1524842,36,108962164
120332077,24171524,1523597,39,108689339
120550382,24280210,1526424,39,108985744
120520650,24262229,1525893,38,108912037
119823539,24009921,1515224,40,108308152
118072060,23717466,1493133,36,106651231
120643507,24278629,1527279,40,109011903
120686689,24274444,1525919,38,109065462
120560071,24219728,1525586,37,109006287
120634397,24211514,1526763,39,109018448
120547665,24282193,1525890,38,108834656
120273399,24135316,1521128,41,108637371
120740692,24251473,1527225,41,109080300
120640940,24287742,1526991,38,109048080
120810061,24280861,1527821,39,109294585
120741904,24285728,1527799,40,109169662
120669918,24281976,1527333,37,109028777
120519758,24238422,1525644,41,108946111
120612963,24269577,1526253,40,109027467
120598264,24276520,1526643,38,109004837
120723969,24294904,1526651,42,109150358
120688075,24221991,1526926,37,109049547
120607220,24203609,1524121,39,108997800
120504428,24239972,1522707,41,108918736
117447678,23519912,1484580,36,106174126
120723027,24126999,1526138,39,109017672
120851249,24298034,1529498,36,109203387
120624039,24250698,1524461,40,109002053
120723254,24244250,1526680,40,109155260
120679895,24212784,1527255,37,109010926
120548432,24249830,1526069,41,108939453
120411602,24228223,1524445,39,108909788
120609518,24237770,1525848,37,109075768
120555152,24224193,1524447,39,108886696
120504521,24238825,1523787,39,108926157
120711307,24314030,1528498,38,109194059
120476386,24238422,1524307,39,108903269
120510261,24286254,1527127,38,108977547
120648055,24226797,1527858,40,109065314
120503903,24284984,1526671,39,108897823
120460594,24256866,1525643,39,108915928
120449525,24193038,1524708,41,108888825
120309777,24213467,1522113,40,108600212
120365515,24210738,1522546,39,108818381
117346011,23502575,1484089,38,106116219
120483649,24183179,1524115,37,108878903
120272774,24193844,1520694,40,108800898
120520280,24242048,1524569,39,108917301
120321910,24128496,1522402,39,108782744
120464812,24204384,1525804,38,108888251
120419086,24251937,1524573,39,108881599
120361584,24249478,1524338,40,108953463
120534445,24249220,1525216,36,109005416
120370448,24193038,1524008,40,108853252
120456514,24259564,1525236,40,108889412
120531923,24277481,1526295,36,108928076
120352679,24165634,1522643,40,108762728
120381813,24225619,1523391,39,108901404
120396285,24201283,1523534,37,108675264
120464756,24244281,1523711,39,108981516
120263929,24236127,1522748,38,108729588
120551268,24186838,1524504,39,108989386
120434037,24216846,1522467,39,108836717
120472433,24231074,1522945,36,108959746
117364844,23528181,1484669,42,106134155
120628049,24202616,1525527,36,109005910
120359915,24228874,1522922,40,108771169
120698880,24305785,1527548,40,109092162
120275728,24172856,1522309,37,108842999
120456971,24198835,1523803,39,108846696
120381945,24205840,1524322,37,108751958
120387364,24189566,1521775,39,108817607
120517025,24192511,1523956,40,108896800
120439808,24206956,1522369,36,108842815
120423892,24163433,1522657,42,108789788
120702600,24193007,1528709,39,109073176
120472348,24111011,1525558,37,108839014
120552195,24142043,1525585,39,108961622
120547465,24102207,1527311,38,108899787
120558093,24141578,1527581,39,108918558
120521122,24098147,1524327,39,108903778
120582235,24167369,1527356,36,108881843
120557579,24130449,1527155,41,108901913
120576074,24171059,1527973,40,109024643
117348959,23449347,1485927,37,106098569
120560479,24140679,1526323,39,108969495
120575287,24175615,1526898,38,108970481
120710803,24155776,1527672,39,109132315
120743772,24125364,1529611,37,109043315
120607250,24144740,1527327,39,109008837
120545153,24145329,1526194,41,108861118
120630141,24142042,1527383,37,108960376
120554437,24110733,1526813,43,108860471
120707220,24154474,1527780,38,109083685
120681688,24147002,1528023,37,108962213
120628339,24148801,1525726,39,109034506
120665774,24173352,1529035,36,109015418
120660384,24167029,1530519,40,109047739
120602899,24153420,1528711,42,108981930
120706974,24190216,1529397,36,109003749
120638883,24178375,1528181,40,108903519
120748699,24151467,1527657,39,109150079
120792672,24151094,1531722,36,108993623
120720682,24189788,1528707,39,108926659
117572802,23397944,1488805,39,106346006
120577392,24146259,1527459,39,108941118
120711369,24161015,1527781,38,109128976
120684146,24157852,1527032,37,109088922
120609637,24134448,1528630,40,108958037
120668612,24183676,1527771,39,109035579
120704668,24171492,1529324,37,109062692
120596916,24169323,1528744,42,108894962
120679852,24087637,1527875,38,109050515
120619917,24151777,1528656,39,108944600
120732814,24148832,1530145,40,109134905
120656043,24177661,1527857,36,109038191
120618383,24156489,1527106,41,108936571
120675262,24172516,1528249,39,109113318
120772155,24094485,1528476,38,109113374
120725432,24173201,1529516,42,109036532
120656843,24149669,1528313,39,109001230
120569652,24133362,1525704,37,108846188
120654481,24135905,1527467,42,108939539
118270196,23657016,1497304,36,106855908
120046981,23906288,1520542,42,108471642
120712660,24153295,1527869,38,108984669
120646590,24130511,1528839,41,108980670
120582549,24105804,1526711,40,108915737
120526717,24108252,1527005,37,108804719
120587554,24129938,1527942,39,108901745
120662429,24176065,1528415,41,109040004
120623822,24172236,1528196,36,109005236
120607898,24111539,1528127,39,108980242
120649232,24158834,1527136,39,109099846
120647581,24126181,1527992,38,109004878
120610697,24159930,1527645,39,109006988
120584195,24195889,1528106,36,108821874
120628342,24160395,1527295,43,108967100
120554018,24137331,1527810,39,108917968
120694796,24200322,1529335,37,108994787
120610786,24173694,1527502,40,109006112
120504989,24121242,1525512,38,108867386
120520536,24126263,1525782,38,108916542
117929905,23599016,1492178,38,106489896
119816396,23909139,1517711,40,108179871
120523806,24156644,1525932,42,109005214
120544620,24102920,1526624,37,108947777
120552703,24130914,1526998,40,108889167
120510548,24064047,1527182,41,108816037
120533479,24072664,1527305,38,108890819
120546914,24108284,1525001,39,108893260
120521633,24115631,1528403,38,108797379
120396576,24148056,1527130,37,108735720
120302026,24049477,1523217,39,108729255
120649186,24111290,1528621,36,109017502
120375588,24070836,1523096,40,108704628
120510910,24144430,1525397,40,108917841
120523844,24123969,1525650,36,108867275
120520522,24055119,1526863,39,108863731
120604633,24166409,1527074,41,108978141
120496536,24100440,1525891,38,108836416
120474409,24120467,1525819,40,108876553
120577366,24158069,1526374,36,108891232
117920065,23584973,1494512,39,106550629
119884966,23915587,1517783,36,108236609
120364395,24098426,1523540,39,108748235
120622228,24128155,1525856,38,108986324
120491729,24101556,1524257,38,108833093
120578192,24107106,1527088,40,108885468
120540479,24127875,1526511,37,108851447
120600288,24169106,1527014,39,109048867
120561808,24141702,1527291,39,108925811
120679085,24162595,1528899,38,109116285
120616892,24149452,1528380,40,108925356
120625202,24172516,1528671,38,108906850
120491956,24143158,1527099,39,108919452
120547906,24178127,1527059,41,108930903
120422101,24078244,1524636,36,108738790
120571363,24120848,1527349,40,108961426
120514592,24129076,1526350,40,108986630
120671048,24170469,1530251,36,109004137
120482450,24108842,1526944,40,108836084
120618276,24177104,1528360,38,109032316
118037493,23624063,1495079,36,106654954
120068950,23919649,1520635,39,108450440
120571195,24169973,1526847,36,108979515
120617439,24184668,1526639,40,108965520
120470376,24111507,1526261,38,108900680
120618857,24127225,1529247,37,108919647
120529425,24073440,1526358,39,108870400
120688428,24165354,1528828,37,109102252
120573180,24104998,1526880,40,108873328
120591227,24149111,1527788,41,108856850
120589490,24107353,1527560,36,108868667
120657543,24183180,1528397,39,109005773
120621033,24109834,1528135,40,108934756
120696833,24201024,1528810,37,109046828
120597488,24136226,1526763,39,108992781
120773518,24149234,1530759,38,109062873
121565361,24325315,1539709,39,109867825
120631158,24131937,1529059,40,108948276
120615408,24175739,1527827,37,108982398
121596475,24320789,1540830,39,109775183
118011294,23594986,1494503,38,106628659
119989792,23917695,1520791,40,108340831
120537690,24123133,1525392,41,108860745
120696289,24132773,1526529,37,109116732
120566414,24078183,1525878,39,108908083
120629916,24144275,1528142,40,108995399
120591220,24143003,1527185,38,109005668
120676516,24201625,1528618,39,109013054
120654244,24124497,1528426,39,109016401
120681565,24177816,1528615,36,109004804
120580067,24142415,1527419,39,108870086
120702368,24160705,1527340,41,109074617
120490503,24108531,1526585,37,108763485
120639359,24186063,1528796,40,109099494
120689241,24187829,1527981,36,109038512
120607604,24162627,1526237,39,108930054
120562320,24150692,1526671,39,108985519
120741473,24192014,1528164,37,109099563
120490836,24116995,1524931,39,108787504
120644696,24111043,1528179,38,108924480
120691226,24057009,1528712,37,108906342
119900285,23881302,1518319,39,108254281
120707136,24156736,1527436,38,109020830
120634948,24157512,1527324,38,109090758
120659988,24140400,1527268,39,108971390
120636089,24146568,1526761,37,109036172
120649112,24169354,1526962,40,108978403
120579160,24143221,1526824,41,108994503
120720407,24183458,1529288,38,109116143
120594936,24153420,1528113,40,109070057
120469542,24094148,1524476,38,108827033
120525312,24123318,1526881,37,108887254
120572674,24131100,1526812,39,108893426
120587835,24140616,1526797,37,108997435
120581714,24144833,1526703,41,108954454
120584426,24077904,1526643,40,108931887
120617966,24159340,1528360,39,108929922
120530395,24166905,1528406,40,108827875
120548317,24145887,1526637,39,108885230
118006271,23631720,1494001,37,106630201
120614288,24143221,1527479,38,108945525
120042485,23930467,1520888,37,108386219
120536341,24156985,1525561,41,108807095
120518436,24165912,1525479,39,108949831
120536164,24143965,1527895,39,108950265
120743179,24154257,1528128,42,109143868
120631304,24165323,1527837,36,109069586
120630217,24174965,1527122,40,109021301
120750055,24185567,1528353,40,109078383
120620020,24231260,1529455,36,108949034
120618816,24217063,1529765,39,108970418
120651124,24205965,1528403,39,108967098
120611202,24170717,1526798,38,108894881
120635685,24208848,1527281,39,108974439
120537882,24183892,1525458,37,108964674
120675377,24201098,1526565,41,108867166
120559528,24173942,1525578,40,109055164
120683542,24200756,1526333,36,109094112
120629105,24152521,1526035,40,109016285
118121531,23692852,1494289,36,106788421
120474421,24148770,1525955,39,108871236
120060993,23944697,1517940,40,108509846
120606933,24196230,1526945,38,108988116
120636402,24184792,1526643,39,109012925
120517547,24166873,1526391,37,108807290
120660372,24161821,1527252,37,108928928
120607701,24193534,1526657,42,109016292
120652810,24213218,1526940,38,109058530
120624779,24182963,1528316,41,108918470
120552306,24148429,1525074,40,108907372
120784389,24224130,1528153,36,109252715
120620612,24174500,1527555,42,109038964
120636252,24192015,1528253,40,109133141
120550477,24178529,1526007,38,108981496
120606681,24217125,1526574,41,109000011
120580539,24151333,1528060,36,108889032
120647262,24175709,1527033,40,109016644
120640366,24185722,1527655,39,108966678
120659381,24215295,1527575,37,109024376
118075633,23686498,1494417,39,106745514
120627280,24177785,1527341,36,108983755
119921211,23958306,1518373,39,108352980
120416427,24081408,1522029,40,108884632
120612004,24180606,1527741,36,108870398
120566502,24175554,1527359,42,108980415
120741338,24199347,1528552,40,109094669
120691595,24225478,1528581,37,109005741
120591720,24201501,1526857,40,108928123
120723878,24220968,1528470,37,109073581
120507760,24149638,1526178,39,108931246
120656838,24210491,1528494,40,109070809
120648299,24194339,1527943,39,109069464
120484925,24176484,1525375,40,108866434
120636332,24163991,1526666,39,108972468
120550355,23337189,1537526,37,108403667
120631816,24103882,1529527,40,108906918
120641665,24166564,1528246,38,108985472
120571323,24067642,1525937,37,108906930
120526257,24102735,1526021,42,108788686
117951916,23608904,1491323,36,106661283
120595129,24162441,1528873,39,108954807
119993733,23970426,1520508,36,108357074
120629576,23838243,1530983,40,108830399
120501437,24116282,1525211,40,108784159
120696784,24202213,1527817,37,109054526
120472577,24077377,1523075,39,108853806
120661019,24185474,1527098,38,109162768
120651934,24184357,1526414,37,109083837
120623063,24185040,1526459,39,108956127
120407800,24091172,1522647,38,108855527
120644048,24178405,1526782,37,109052518
120550880,24170749,1524722,41,108873626
120644344,24172143,1527419,36,108916824
120330969,24105835,1521513,40,108792473
120636628,24130325,1524901,39,108964145
120685719,24196261,1530316,38,109016996
120577312,24175957,1526243,40,108973637
120654711,24159124,1527309,39,108866275
120634223,24192882,1527645,37,108944730
118035083,23671742,1494687,38,106674636
120588145,24185101,1526050,37,108916018
120008185,23959949,1517931,40,108509167
120655496,24175956,1527659,37,108967298
120613577,24174686,1527190,39,108973621
120781866,24201625,1528291,41,109035917
120595061,24117738,1526114,37,108959649
120742785,24201067,1528341,41,109059168
120558111,24174128,1525846,40,108821101
120694755,24224037,1529079,36,109033291
120508607,24136091,1524800,40,108856953
120710557,24217032,1528721,39,109045646
120575470,24151187,1525522,37,108992434
120662486,24190682,1527208,39,109081580
120645784,24192386,1526891,37,108990725
120648551,24198649,1528233,39,108944590
120574455,24201315,1525204,39,108957364
120504714,24183830,1525647,36,108918678
120563785,24204880,1526229,40,108996128
118105941,23700137,1497839,38,106641768
120619051,24185226,1525682,40,109024730
120586951,24193627,1527691,38,109003800
120093726,23991103,1519685,37,108508931
120450288,24124683,1524869,40,108816347
120578466,24158404,1525980,40,108949101
120554856,24172925,1526452,38,108845105
120494682,24162410,1524935,39,108927014
120601310,24181288,1525591,36,108923802
120502327,24145050,1525421,39,108915317
120429458,24164859,1526205,38,108761930
120507392,24168978,1525893,37,108834725
120489119,24165854,1525842,39,108916431
120508819,24046345,1525607,37,108856794
120487171,24150258,1526352,40,108876796
120555403,24167448,1526041,40,108953353
120554780,24146273,1525467,36,108904355
120441432,24125334,1525013,39,108753265
120552878,24179522,1525881,38,108944772
120589956,24161851,1526546,39,108996779
118019364,23693690,1494849,38,106708742
120509371,24166625,1525341,37,108834423
120469658,24138509,1524327,39,108742960
119910708,23942216,1517454,37,108414713
120565012,24131348,1527908,39,108919200
120462635,24145112,1524455,42,108892966
120526052,24173724,1525520,38,108847982
120405089,24123505,1524224,40,108793307
120511615,24153265,1524111,38,108889094
120519818,24156550,1524739,38,108937390
120503418,24155745,1523901,41,108843575
120503466,24153791,1526022,36,108872808
120450626,24127442,1523768,39,108896583
120586113,24158008,1526967,39,108983628
120585353,24187798,1525016,36,109002650
120494316,24132433,1524816,39,108871342
120417799,24127907,1523653,39,108930501
120547694,24147715,1524194,37,108948081
120514493,24142260,1523965,40,108923687
120584806,24161541,1524492,36,108980465
117942997,23637270,1493505,40,106471316
120531942,24142321,1524339,38,108959817
120493399,24149948,1524764,39,108914734
119926138,23944790,1517044,40,108285744
120511690,24120032,1524571,37,108723044
120547298,24145112,1524656,41,108917320
120579800,24211731,1525628,38,108916034
120523929,24178715,1526450,37,108969977
120533106,24117119,1525902,42,108942247
120573215,24088474,1525000,39,108970702
120277935,23852565,1527716,40,108442086
120488132,24101836,1524866,40,108907324
120434769,24120342,1522852,37,108778812
120339011,24137331,1523068,40,108722179
120519594,24146507,1525112,39,108827500
120519413,24119629,1524134,38,108941629
120500682,24121769,1524619,39,108877737
120524053,24153078,1526118,36,108926853
120450517,24142012,1522818,40,108920443
120448560,24162875,1525945,39,108917812
117992756,23662038,1493190,37,106627327
120589918,24179336,1525624,40,108982439
120440227,24163060,1524678,37,108827632
119811853,23900522,1514854,39,108271077
120526458,24167245,1524881,38,108951950
120534478,24129922,1524978,40,108838846
120320076,24116282,1522303,39,108624351
120641675,24188015,1528194,37,108965135
120597167,24182219,1525798,40,108880108
120663303,24180452,1526463,41,109088944
120615408,24169539,1525526,39,109017432
120648960,24196665,1526813,40,109028493
120618126,24180668,1527478,37,108996850
120634589,24176205,1526915,40,108901263
120614334,24189380,1526159,40,109007299
120605554,24172701,1525642,36,108981181
120581421,24176577,1526843,40,108944779
120680942,24191500,1527052,41,109054735
120621849,24185089,1526959,36,108967227
120589171,24175554,1526367,40,108986168
118114700,23545788,1493973,37,106609318
120608936,24187024,1527035,39,108948646
120621834,24171462,1526298,40,108981014
120210763,23991940,1519922,37,108562768
120474365,24134417,1523527,40,108808002
120660350,24187209,1526352,39,109084815
121505507,24331236,1537749,41,109675819
120678058,24211235,1527673,40,109047992
120676396,24171554,1526494,36,108976572
120734663,24161387,1528505,39,109143303
120624365,24182808,1526038,39,108980693
120689115,24201934,1526588,36,109112911
120532331,24167370,1525507,40,108913345
120549811,24152645,1525302,40,108874104
120603294,24044051,1523074,37,108946564
120638643,24135688,1526502,40,109052746
120688847,24126388,1525499,39,109125976
120617468,24104315,1526554,37,108956010
120513311,24150692,1524692,39,108942397
117986900,23651529,1494961,36,106623859
120547033,24160550,1524945,39,108954324
120553627,24135749,1525887,36,108986566
120555682,24167742,1526899,40,108837300
119864345,23887006,1517318,40,108206432
120503963,24102331,1524974,37,108921316
120533053,24132650,1525678,39,108881593
120457082,24104254,1525122,38,108868173
120528020,24151881,1526391,37,108870985
120467190,24161096,1525828,39,108980575
120679460,24147405,1528206,37,109032190
120394950,24138974,1526092,40,108786019
120473301,24153947,1525326,40,108774621
120533144,24158007,1526869,38,108910802
120546497,24138881,1525944,39,108913542
120495383,24147344,1525983,38,108854898
120511106,24153481,1526183,40,108921366
120484407,24141733,1525945,42,108943313
120550607,24130479,1526134,36,108837854
120477977,24125799,1526106,41,108873867
118004865,23622637,1492657,36,106649025
120443325,24130015,1525422,39,108769539
120476466,24126078,1525673,39,108878611
120564770,24155837,1526292,37,108870569
119884374,23934560,1518229,39,108418573
120412806,24090954,1524022,37,108775061
121512807,24321130,1539428,40,109752796
120501053,24126481,1525822,41,108841425
120542394,24194618,1527531,37,108859145
120422466,24114422,1524613,40,108740344
120404173,24092846,1522999,40,108832800
120527010,24148831,1526064,36,108921381
120478011,24153234,1524956,40,108942821
120426298,24098860,1524222,38,108917358
120321660,24096813,1523118,37,108775584
120443841,24122885,1523499,42,108851317
120522126,24150133,1525204,36,108886367
120478970,24088568,1525191,40,108961149
120394600,24137641,1526706,39,108784716
120552282,24154287,1527059,37,108877146
117933218,23637239,1493621,39,106609341
120540008,24150288,1525981,38,108884944
120440444,24104471,1523936,40,108897109
120593485,24163525,1527747,38,108945244
119921938,23934932,1518935,41,108304526
120546844,24127070,1524913,41,108976022
120576669,24118575,1525842,38,108860192
120626479,24161666,1527289,40,109040882
120654216,24173787,1529159,38,109029772
120664474,24198679,1528157,37,108991454
120609199,24155590,1527219,40,109002667
120643935,24222456,1530693,39,108975373
120676872,24186466,1527914,37,109021623
120551139,24180204,1527802,40,108914863
120674542,24200105,1527861,36,109073112
120425261,24136618,1525393,41,108863018
120638645,24172671,1528081,39,109070766
120654837,24182404,1528720,36,109075211
120624981,24152459,1526561,40,108947060
120659857,24189969,1526761,38,108981233
118105544,23627256,1494785,37,106723842
120715700,24155094,1529037,39,109010428
120820125,23670470,1534729,37,108933575
119991851,23243725,1529861,39,107902385
120701747,24022445,1530125,39,109017601
120632516,24088071,1526943,37,108913980
120550211,24115011,1524889,39,108936464
120685097,24186682,1526876,37,108971407
120636104,24126946,1526726,41,108935481
120710044,24195363,1527937,39,109087868
120651332,24155806,1526392,36,109033846
120556931,24173260,1525511,40,108982008
120736123,24229184,1528646,40,109115999
120697687,24177475,1527737,38,109079562
120594556,24149266,1524971,40,108941960
120635993,24182033,1527346,38,108985530
120608281,24163084,1526035,37,108989928
120637049,24142546,1524773,40,109134505
120653569,24157511,1528306,37,108972623
120603696,24181196,1526705,40,109032940
118137159,23675368,1495247,37,106800744
120644787,24174252,1526093,41,108965504
120645665,24156334,1526201,41,108958869
120636652,24113429,1526587,37,109019728
119884571,23921199,1517328,39,108270260
120687045,24145050,1526625,39,109034779
120572764,24153881,1525267,37,108943064
120612515,24172581,1526788,40,109048218
120643379,24155249,1526871,36,108975191
120604931,24157759,1526653,37,108864397
120568244,24142074,1525034,42,109029585
120764683,24164455,1528089,37,109063072
120789549,24187210,1529081,39,109079542
120678144,24187892,1527057,40,109023126
120672173,24193719,1526419,36,109045674
120411169,24109431,1523707,39,108671743
120708343,24201873,1526561,42,108986994
120590350,24172732,1525775,37,108989371
120578211,24164611,1525288,39,109003569
120689481,24180544,1527363,36,109147926
118073323,23635875,1493306,37,106654085
120537606,24160146,1526051,38,108941977
120553397,24152769,1525889,37,108942703
119953229,24027932,1516973,41,108459386
120548986,24095573,1527265,36,108888947
120535356,24150196,1527740,41,108981384
120584703,24179677,1527375,40,108925586
120594081,24166718,1525559,37,108983631
120553017,24183862,1525627,39,108878674
120569313,24164084,1526190,39,108952485
120327227,24112995,1522800,38,108607308
120534987,24178468,1526287,41,108814474
120594153,24184543,1525818,36,108918680
120452406,24125427,1524649,41,108824548
120462106,24153544,1524130,41,108804219
120650364,24155062,1527113,36,109057988
120510382,24179100,1523801,39,108860179
120554056,24160383,1526173,39,108921452
120541737,24150660,1524965,37,108961435
117976927,23612067,1492771,38,106522136
120563971,24187054,1525588,37,108848723
120469669,24165014,1524190,39,108900243
120594070,24183024,1526702,37,109053166
119971004,24033047,1517225,41,108519959
120512005,24080787,1524845,39,108911729
120567795,24150319,1527153,36,108950343
120530760,24169602,1526784,39,108884463
120712824,24192294,1527712,38,109080709
120509016,24142600,1525407,37,108867039
120706862,24201532,1527775,39,109092916
120555312,24209002,1528224,36,108955877
120694397,24193627,1526833,41,109064124
120620030,24178592,1526717,40,108972343
120718797,24221991,1529199,37,109093534
120597320,24208445,1528429,39,108944444
120653972,24176391,1527155,38,109104833
120599784,24212102,1528717,38,108931341
120707328,24186900,1527777,40,109049046
120628242,24203423,1529686,38,108831476
118072185,23662813,1494281,38,106691212
120583976,24149297,1526387,39,108819035
120533192,24171926,1527650,38,108890362
120568239,24188636,1526824,40,109037918
120100747,24056916,1520352,37,108588133
120519796,24096814,1526054,40,108799620
120631723,24175740,1527131,41,109051431
120654013,24201066,1527266,37,109021470
120669659,24203950,1526004,41,109042986
120661564,24194464,1526624,38,109055387
120680037,24187395,1527361,37,109001143
120641140,24204043,1528387,39,109005932
120675983,24199145,1527994,38,109031399
120582871,24178188,1527319,37,108873827
120649802,24194526,1526826,39,108960282
120606148,24189472,1527157,37,109027248
120634335,24172578,1526039,39,108969396
120567197,24166347,1525747,39,108943935
120701717,24145018,1527295,39,109114494
120508286,24146104,1526234,39,108858213
118133489,23639160,1494387,38,106782254
120628707,24169881,1527233,39,108952495
120685877,24203609,1527306,38,108968517
120635411,24069223,1525636,39,108983255
120124351,24028583,1521343,39,108574037
120479071,24074617,1525948,36,108856742
120695325,24178251,1528227,39,109036785
120423316,24099356,1523540,41,108874766
120734414,24209436,1528394,36,109080520
120596247,24137610,1526000,39,108866228
120635071,24169850,1525613,40,109049339
120561104,24193130,1526005,37,108937305
120691604,24220225,1528156,41,109044057
120555951,24157543,1525421,39,109067485
120691251,24204879,1527078,37,109115913
120440470,24155869,1525533,39,108835482
120753931,24223386,1528450,36,109105157
120645247,24188574,1528653,39,109070097
120608031,24186466,1526854,39,108950796
120646841,24196075,1526546,38,109077105
117944570,23510077,1491292,39,106477768
120549955,24150288,1526818,36,108857645
120582571,24171214,1527793,40,108853336
120628436,24181413,1526736,40,109017387
120079551,24031372,1520825,36,108486248
120511588,24079888,1525787,39,108794174
120625704,24173260,1526430,39,108966523
120669327,24178684,1525943,39,109169175
120607729,24204849,1525708,39,108946447
120709048,24201252,1528093,39,109099306
120473586,24144399,1524219,40,108922191
120472610,24148615,1524065,41,108881829
120638958,24208413,1527361,36,109052555
120657677,24177073,1526587,40,108995318
120648200,24151405,1527079,39,109006705
120677376,24182931,1527581,38,109069953
120724209,24162441,1528366,41,109040612
120696661,24174283,1525636,38,109068300
120543851,24108035,1525027,38,108844339
120641354,24166905,1526489,40,108983697
118011815,23639129,1494277,36,106602029
120628799,24164673,1527421,40,108965684
120615059,24184109,1526501,39,108919532
120627778,24180700,1527067,39,108903725
119995841,24005674,1517219,40,108468624
120628173,24084165,1526457,38,108896539
120492195,24147871,1526535,42,108739353
120611357,24164337,1525565,39,108978874
120649471,24195574,1526752,37,109053368
120633609,24145608,1527566,39,108994726
120655858,24193812,1528497,37,108954672
120504756,24108997,1525372,38,108882367
120653766,24188512,1525702,40,109033494
120654541,24198028,1526754,37,109076011
120646180,24190186,1526498,39,108980217
120628690,24176608,1526664,39,108986585
120699074,24212195,1527656,36,109031043
120605514,24184048,1526769,39,108996561
120615938,24195611,1526921,39,108969469
118060755,23669695,1493473,39,106675454
120650267,24175120,1526608,38,109106035
120641792,24152489,1526181,39,109056710
120509929,24158101,1525197,39,108859088
120668299,24198865,1527541,36,109025870
120985218,24214087,1531228,40,109369638
120603302,24125396,1526793,39,108965914
120693387,24179738,1527585,37,109064364
120624578,24159403,1525919,40,109037599
120626110,24178282,1526469,42,108963028
120696850,24179390,1527492,37,109003135
120566720,24172275,1526464,39,108906778
120597564,24191984,1526141,40,108985038
120743800,24239754,1529482,36,109065839
120627033,24184513,1527254,40,108960769
120595224,24161635,1525604,38,108896492
120659489,24188883,1527117,38,108952675
120603624,24181258,1526043,39,108970251
120678456,24198741,1526500,37,109114027
120676627,24151250,1529978,37,108940884
118091921,23688234,1496164,39,106582961
120630123,24168547,1528167,37,108890410
120608256,24171989,1527144,39,108921108
120651629,24152458,1525367,37,109020789
120622958,24174872,1526549,41,108979859
120120456,24014230,1520314,40,108521963
120673668,24153977,1527947,36,108978801
120576806,24153792,1525977,39,108989211
120693220,24226735,1529362,38,109030043
120653859,24237057,1529750,39,109035555
120569833,24129674,1525554,39,108845755
120683788,24176050,1527874,41,109002540
120669174,24200663,1528334,37,108961348
120640581,24192015,1526735,42,109024832
120796802,24208103,1528450,37,109107640
120672687,24171431,1526647,40,109050650
120577493,24172981,1526075,40,109038866
120780488,24226951,1529079,36,109073839
120601224,24185939,1525352,39,108920712
120575255,24178685,1526850,39,109045123
118065929,23672020,1493694,37,106703557
120598530,24172485,1526608,42,108938485
120677255,24168268,1526802,37,109078751
120593088,24148150,1525752,39,108956987
120682083,24203206,1527698,38,108988431
119767802,23959328,1517103,37,108111821
120573157,24146972,1525735,39,108958042
120536976,24138973,1525178,36,108900910
120657568,24218396,1528073,39,109011273
120538208,24160643,1525078,40,108930313
120379501,24116281,1524273,37,108620095
120564499,24135511,1524970,40,108945168
120604418,24203383,1526297,38,108965189
120452460,24123597,1523285,37,108854574
120596887,24161883,1526369,39,108934292
120664968,24214024,1528415,37,109047932
120692063,24208197,1528974,39,108997511
120551043,24195859,1525132,39,108933564
120646365,24194401,1527425,36,109036152
120615688,24121603,1525570,41,109055510
118162280,23702132,1496059,36,106672078
120557426,24090459,1526018,41,108948817
120730962,24193441,1528463,40,109036061
120577172,24145390,1526546,38,108958116
120601478,24179336,1526898,39,109004113
119980744,23945162,1519943,38,108404310
120566690,24129549,1525984,37,108932734
120484101,24122110,1522818,40,108864355
120689750,24196323,1526802,37,109094051
120557140,24150623,1525823,43,108979452
120705094,24188891,1528630,39,109031962
120590784,24187860,1526018,36,109010970
120629191,24194526,1527066,40,108963468
120592224,24171307,1525531,39,108979938
120576944,24192417,1526731,37,108872945
120638958,24193255,1527047,40,109070496
120744200,24173073,1527884,36,109126584
120653961,24177879,1526587,39,108878339
120596914,24175802,1526397,39,108975632
120761591,24195207,1529040,37,109089607
118018907,23630295,1494314,39,106599510
120636718,24228842,1527593,36,108908052
120597687,24144554,1525827,39,108884776
120570000,24159651,1525877,39,108887539
120603120,24171678,1526342,37,108994506
119980573,23987446,1518486,40,108442333
120629497,24144833,1525559,38,108954725
120583871,24170717,1524703,38,108983994
120561543,24162410,1524903,39,108970083
120401969,24122946,1522935,37,108784281
120545562,24147260,1525173,40,108993653
120534430,24177498,1524966,39,108924683
120526883,24143282,1524944,37,108856351
120444324,24148615,1524197,41,108956158
120574135,24191333,1527259,38,109007480
120504270,24165075,1525599,37,108910661
120518819,24172795,1525541,42,108868122
120567228,24180637,1524692,36,108944468
120516504,24149793,1525342,39,108934393
118028825,23596163,1493415,37,106701670
120447413,24169881,1527190,39,108768910
120441748,24170501,1526502,40,108789761
120510268,24190867,1527501,36,108798207
120399623,24081097,1524180,40,108782126
120530229,24144429,1525853,36,108872008
119906916,23999753,1519389,41,108270809
120434787,24135068,1524178,40,108823618
120502687,24175429,1525208,37,108861231
120354897,24107219,1522581,41,108763410
120542189,24166482,1526092,38,108895535
120431793,24161076,1525321,38,108765009
120495909,24167215,1525086,40,108877064
120524305,24156829,1525315,36,109042252
120460303,24161945,1524697,40,108837552
120537596,24183769,1525039,41,108881099
120569569,24176018,1525611,37,109047637
120433639,24157264,1523803,40,108746360
120515916,24177755,1525294,39,108930899
120454487,24174468,1524736,37,108935323
117987514,23648523,1492646,39,106679432
120433588,24143468,1524537,38,108804680
120517274,24169385,1524464,40,108927936
120509387,24158875,1524846,37,108947379
120439377,24154660,1524626,39,108933821
120266565,24086088,1521604,38,108653330
119762227,23949067,1516661,37,108195684
120558783,24103386,1524907,40,108926891
120687512,24201283,1527582,36,109117317
121564599,24373582,1538326,41,109844619
120333717,24125334,1523013,39,108755379
120627011,24164672,1527307,36,108981758
121555690,24366173,1539101,40,109845531
120613908,24188977,1525977,39,108991711
120637745,24186155,1526906,36,109066491
120657524,24195828,1527512,40,109121496
120585642,24175430,1526020,40,109029575
120580929,24157108,1524030,37,108960574
120620788,24191953,1526381,39,108867193
120574110,24176825,1525850,39,108981697
118056032,23650630,1494995,37,106730399
120623815,24158101,1525501,40,109007251
120652695,24180544,1527343,36,109007824
120580391,24181568,1527363,40,108943799
120607696,24194526,1527013,38,108872184
120533728,24116839,1525584,37,108871857
119959374,23978084,1518849,40,108322577
120703859,24176266,1528198,36,109004615
120664041,24196262,1527469,39,109091943
120716134,24209778,1527254,41,109098193
120701747,24146010,1527660,36,109043885
120605484,24167649,1527047,39,109062229
120775365,24224813,1528958,40,109131929
120704020,24178157,1527291,36,109129827
120683034,24183397,1527907,41,109135555
120731620,24222643,1528698,39,109081149
120692604,24202833,1527364,37,109080514
120661758,24219202,1526711,40,109067646
120784347,24232687,1529545,38,109092866
120662282,24163928,1527082,38,109014837
118134486,23566466,1494651,39,106636420
120740042,24163277,1529452,37,108980283
120639049,24108935,1527588,39,109003042
120686667,24165447,1526576,38,109030364
120741686,24202958,1528112,39,109100772
120618164,24123381,1525908,39,108950270
120045159,23971759,1519599,37,108475990
120594114,24160302,1525775,40,108986322
120678275,24188264,1526917,39,109052371
120679955,24227323,1528781,38,109006299
120551150,24136091,1526318,39,108791250
120672140,24201262,1527473,39,109030206
120683812,24199507,1527872,38,109087289
120717097,24207806,1525974,42,109141516
120740902,24190297,1528526,36,109117199
121582584,24354920,1539044,39,109771700
120730437,24205159,1528850,39,109061767
120619662,24206147,1526782,36,108966030
120634069,24125864,1525227,40,109063783
120566246,24111632,1527251,39,108928866
118128009,23636122,1495855,37,106608871
120576025,24147592,1526740,39,108907532
120932071,24188232,1530474,37,109213387
120557384,24123164,1526638,40,108847093
120863663,24179553,1529369,40,109170262
120810878,24178870,1530589,36,109187510
120128864,23978270,1521504,40,108484567
120605700,24155280,1525938,40,109007603
120804833,24224936,1529359,37,109114611
120628707,24182870,1525782,40,108925700
120780116,24161139,1528872,38,109118660
120694357,24191270,1528061,37,109106423
120732388,24209995,1527643,39,109086785
120621879,24192573,1526205,40,109021499
120748291,24197811,1528444,37,109155840
120663236,24198959,1527114,40,108937050
120734918,24196664,1528522,36,109137421
120660930,24207050,1528231,40,108936049
120737705,24209623,1529425,39,108998531
118114361,23685784,1495239,37,106732892
120639772,24192883,1527044,42,109080507
120464584,24193657,1526469,37,108729325
120720843,24228161,1529736,42,109002110
120499702,24155838,1525793,38,108952686
120748152,24217372,1528716,37,109087517
120422215,24110392,1525119,40,108796236
120019545,23970086,1519603,39,108376900
120655590,24147808,1527519,37,108923398
120632716,24206647,1526794,40,108963771
120635790,24195920,1526184,36,109017007
120386298,24064760,1524260,39,108788109
120627009,24157295,1526087,39,108988899
120653130,24210800,1527818,36,109041363
120552536,24145949,1524779,39,108977523
120615621,24187706,1526167,40,108967154
120613853,24219976,1527710,37,108959225
120525518,24151281,1525598,40,108838873
120702891,24215512,1528184,36,109094170
120580329,24218145,1527639,40,108774405
118076988,23692266,1497497,38,106796207
120507342,24115910,1525233,42,108936455
120642449,24182522,1526938,41,108979262
120587398,24164214,1526817,37,109036135
120508378,24159961,1525081,40,108917180
120575294,24157574,1525002,40,108955077
120656026,24173910,1528437,37,109025927
119966955,23939861,1518249,41,108330356
120774247,24190031,1528187,39,109004905
120662494,24210862,1527039,39,108933059
120628837,24191147,1526135,41,109024931
120790479,24190619,1529205,36,109085325
120685237,24220256,1529556,39,109063513
120684309,24222147,1528494,40,109022012
120646995,24206398,1528271,39,108981511
120719633,24231602,1528342,39,109003630
120723374,24194433,1528010,39,109134570
120647757,24185690,1527535,37,108937143
120633799,24210584,1526933,39,109004809
120759114,24222643,1529371,39,109075249
118152785,23694712,1495183,36,106780298
120618417,24173632,1526701,39,108989815
120695685,24222487,1528268,36,109155686
120558458,24182281,1526605,40,108893804
120692842,24159527,1526596,38,109069703
120704919,24196509,1527945,38,109073792
120715938,24188729,1528198,39,109075492
120076177,23987538,1519498,36,108528682
120615627,24167184,1526167,39,108894381
120663059,24200137,1526191,39,108952206
120525688,24179490,1526496,37,108952135
120684657,24214986,1529169,39,108995102
120558653,24201470,1526770,40,108867412
120710867,24238421,1529887,37,109093494
120536533,24191085,1526583,39,108838390
120714044,24208972,1527731,42,109103895
120592434,24165044,1525958,37,108877932
120665791,24200664,1527442,40,109044605
120635110,24195145,1526588,37,109072674
120647942,24180917,1525747,39,109040118
118109311,23654660,1494785,37,106669536
120633451,24111973,1527413,40,108987296
120633614,24171986,1526412,40,109014558
120708675,24143533,1528341,37,108980880
120624085,24169974,1526608,39,109009923
120587826,24164704,1526172,39,108930946
120699944,24212939,1528111,36,109021838
119959493,23960507,1517850,39,108384836
120668447,24156985,1525917,38,109043164
120512498,24154721,1525057,38,108887331
120608525,24155621,1525489,39,108971767
120648739,24183830,1527608,38,109063141
120637300,24167711,1526357,40,109052118
120607052,24193131,1526709,42,109033685
120605600,24166594,1525418,37,109080297
120543290,24165231,1524760,39,109066797
120654976,24169695,1526906,40,109079822
120675742,24175212,1527201,37,109086253
120676791,24194929,1527035,39,109029075
120627782,24177569,1526437,38,108942871
118040176,23628527,1493691,38,106621253
120624264,24191736,1526744,39,108925206
120641619,24205282,1527364,38,108975364
120625766,24171307,1527748,40,109037061
120743207,24171213,1528079,38,109141015
120602367,24123691,1526036,41,108932534
121480350,24314341,1538506,40,109751530
120134779,23984903,1519768,37,108473275
120640995,24162224,1526532,39,108972196
120650158,24205965,1526863,39,108929823
120486164,24129735,1524657,36,108779686
120567278,24145918,1525577,40,108932997
120727219,24183738,1527666,40,109089762
120736744,24204352,1527579,37,109172308
120478797,24155404,1525171,41,108919117
120697902,24207484,1527677,40,109173024
120617162,24159402,1525800,38,108968183
120687946,24203423,1527525,40,109106253
120604255,24175150,1525838,36,108949888
117983411,23677508,1493977,39,106653769
120560025,24172794,1525910,36,108967736
120540429,24118452,1526460,42,108893956
120526898,24162658,1525561,39,108862061
120527110,24135470,1525083,37,108861610
120489364,24140028,1525493,39,108861117
120566160,24128589,1526082,38,109018474
120513200,24186062,1525478,37,108987648
119946585,23979944,1517737,39,108387977
120557555,24142631,1526082,36,108863805
120466784,24166266,1524564,39,108880193
120453713,24127988,1524836,39,108788292
120448221,24152458,1525143,39,108887499
120419776,24138633,1524533,40,108877045
120537570,24163077,1525940,39,108920279
120518336,24128665,1523817,38,108945287
120465215,24142167,1524466,39,108872814
120537352,24156953,1526170,36,108842484
120488400,24161728,1525303,39,108900243
120468026,24144740,1525173,38,108856210
117980436,23661263,1493484,38,106604553
120592891,24187179,1525692,40,108970744
120465710,24130355,1524624,38,108873149
120409414,24158783,1523887,41,108790083
120533487,24152954,1525386,36,108850934
120551050,24163495,1526388,39,108853390
120534905,24164704,1526825,39,108838330
120539401,24188511,1525838,37,108907494
119918918,23974922,1518537,39,108351281
120590688,24142129,1525466,38,108959036
120520203,24147040,1524559,39,108866071
120529496,24159558,1525244,40,108864695
120524180,24187178,1524602,36,108914729
120560795,24154691,1525829,39,108929405
120481872,24142198,1523750,39,108872360
120543656,24159371,1526034,37,108943735
120436241,24166657,1524488,40,108884827
120564398,24174686,1526462,39,108980155
120535600,24160022,1524763,37,109010044
120513020,24155311,1524047,39,108862320
117958012,23655742,1492009,36,106587587
120514439,24154663,1524402,40,108972183
120485218,24119009,1525780,38,108861908
120479458,24126078,1523842,42,108938725
120488956,24137424,1525956,40,108963961
120534214,24170717,1526597,36,108878531
120431076,24113492,1524728,40,108825714
120530337,24170532,1525723,38,108992461
119919465,23994606,1519151,39,108366088
120513089,24154133,1524483,39,108858176
120534648,24145452,1523745,36,108876823
120496817,24112655,1524486,40,108873159
120362904,24109493,1523215,39,108799336
120582228,24196726,1526679,39,108964856
120431047,24122296,1523701,41,108724556
120533207,24161882,1525391,36,108866229
120512605,24179336,1526202,39,108906286
120479212,24161759,1523649,40,108879518
120451774,24148118,1524130,36,108810717
120512727,24166533,1525125,40,108911738
118010195,23555212,1496135,37,106577415
120500404,24138819,1526576,39,108862314
120535851,24151600,1525468,40,108886976
120575694,24146404,1524496,38,108997872
120328598,24118607,1522329,39,108777025
120592539,24144491,1526191,36,109097399
120498487,24123246,1525069,40,108857251
120565597,24097631,1524393,39,108878475
119937707,23964331,1518480,37,108323702
120517640,24140016,1523434,39,108809125
120340849,24073161,1521302,39,108753123
120505210,24130293,1524889,38,108876044
120549039,24134324,1524649,39,108914626
120541504,24156147,1524893,36,108988903
120464454,24140648,1523806,40,108882943
120456371,24112190,1523582,40,108835856
120516118,24176421,1525552,36,108844418
120531993,24144771,1524724,39,108883686
120574094,24182436,1525455,39,109056829
120505346,24149699,1524658,38,108953456
117964194,23625862,1492543,40,106646525
120497480,24145545,1524193,38,108948416
120522055,24136773,1525825,40,108833482
120597592,24160177,1526465,36,109021793
120384419,24115910,1524077,40,108796558
120476235,24100255,1523571,40,108761336
120572211,24156023,1526154,36,108908195
120588318,24180018,1527152,39,108923767
120106027,23963359,1519338,39,108540317
120716175,24167772,1529633,38,108991609
120575266,24159031,1526841,39,108959170
120698478,24179149,1528107,36,109072912
120585731,24167556,1526854,39,108863835
120669044,24192201,1526714,39,109046277
120562767,24175522,1526297,36,109003773
120651363,24177206,1527209,39,109061738
120476844,24167702,1524938,39,108799877
120724431,24210490,1528208,36,109112598
120627911,24201749,1525948,40,108966200
120641795,24180452,1526695,38,109051782
117958012,23624652,1491637,38,106619161
120675899,24190403,1528260,38,108984544
120585425,24170531,1526256,37,108908859
120570506,24139780,1524959,41,108949495
120719297,24208537,1529001,36,109070114
120628011,24157140,1526281,40,109001150
120642990,24175554,1526893,39,108888625
120643319,24164331,1526471,38,108952611
120032777,23978859,1519124,39,108511062
120557796,24158628,1524934,39,108999660
120582943,24157155,1525780,38,109018437
120550808,24155233,1525087,39,108880559
120557906,24183644,1526278,36,108995018
121507454,24359322,1538108,40,109805812
120511494,24180452,1525457,39,108878381
120587442,24166904,1526895,38,108913407
120475234,24173601,1525203,40,108905227
120561948,24170315,1525174,40,108939021
120597398,24194649,1526346,37,109079489
117924892,23621770,1491278,41,106577378
120520321,24167493,1524263,38,109013060
120500439,24097186,1523090,41,108866963
120556968,24126760,1525123,38,108863497
120423862,24051770,1522360,38,108670671
120554054,24164425,1525904,39,109023614
120525324,24137423,1525584,37,108872457
120518102,24155528,1524988,40,108982441
120544969,24169881,1526106,39,109016044
119914265,23991785,1517750,38,108389503
120495795,24149700,1524104,39,108866338
120506179,24151839,1525711,39,108957136
120466535,24138756,1524781,39,108812334
120510733,24140699,1525104,43,108981622
120513134,24162978,1526259,38,108897164
120406656,24154040,1524944,42,108858317
120427987,24140276,1524250,40,108841197
120568472,24170748,1525483,39,108935884
120438750,24166967,1523783,39,108816095
120564794,24196820,1525957,38,108952162
117905116,23635626,1491897,38,106542528
120570963,24160704,1525399,37,108980788
120501178,24154319,1525845,40,108867566
120477682,24166657,1525456,39,108944401
120516108,24161448,1524851,39,108924831
120492093,24160690,1525339,40,108936665
120557431,24147886,1526430,40,108953888
120587565,24182838,1527397,37,108900938
120523785,24138881,1525247,39,108927378
119928209,23970519,1519131,38,108311701
120208785,24067426,1521092,41,108631719
120543383,24151405,1526004,39,108964410
120439199,24138753,1522873,37,108829227
120582328,24169140,1525399,39,108967800
120515760,24169447,1525206,38,108965194
120510148,24123318,1523440,39,108892815
120386161,24132309,1522466,40,108808911
120513754,24160146,1525144,36,108918211
120463362,24165949,1525651,39,108886728
120494442,24174464,1525415,40,108848723
117997262,23642074,1493020,37,106643136
120517933,24173725,1525904,42,108909201
120386084,24130138,1524490,37,108809993
120516802,24134634,1526076,40,108876941
120469271,24138168,1525163,40,108905171
120527573,24158441,1526578,37,108861562
120498142,24134975,1525793,39,108844872
120606073,24187581,1526500,37,108983759
120733364,24101340,1530860,40,108998054
120145115,23958554,1523262,40,108446445
120613620,24175770,1526393,37,109067597
120639355,24187458,1526914,39,108973740
120572922,24111508,1526369,38,108944998
120598667,24123838,1527139,40,108908438
120544567,24147289,1525168,41,108836761
120619266,24190960,1526571,36,109004212
120614927,24151157,1525401,41,108912847
120565019,24137579,1524568,39,108866628
120666727,24206367,1526424,36,109176149
120604164,24197967,1526599,40,108995942
118071235,23680948,1495179,37,106582995
120634114,24145515,1527361,39,109041924
120567283,24168486,1525642,41,108997962
120683907,24181970,1527146,37,109122422
120473717,24144399,1524828,42,108842276
120643195,24153916,1525854,39,108956259
120608597,24204197,1528397,38,108983943
120608132,24203299,1527344,40,109118822
120622539,24189255,1527413,36,108943134
120094004,23983540,1520377,39,108439324
120572744,24167029,1524995,40,108995292
120595535,24103044,1526993,36,108935813
120619424,24180421,1527385,39,108938769
120584085,24157853,1525125,38,108893339
120614800,24226424,1528831,37,109042972
120556166,24159372,1525570,42,108900795
120690215,24224937,1528984,38,109034628
120449341,24123225,1524149,38,108839076
120528788,24194557,1526559,41,108919124
120590484,24193843,1527025,36,108869761
117878763,23644865,1491890,39,106505117
120609706,24193654,1526665,37,109020677
120513922,24107326,1525040,40,108950454
120507235,24082027,1525547,39,108766669
120534640,24143995,1525032,37,108904888
120470501,24138974,1524112,39,108869921
120436093,24135749,1524418,39,108796385
120549971,24167835,1526617,41,108910480
120506065,24180080,1525740,41,108788757
119838593,23930343,1516589,37,108273388
120369131,24098457,1523329,39,108723911
120551238,24130666,1525365,41,108867311
120445990,24152210,1525158,38,108868158
120514010,24120498,1525496,41,108898249
120440972,24144925,1522946,36,108873231
120493840,24129364,1524886,39,108863657
120401007,24125365,1522283,40,108893160
120488823,24152055,1525136,37,108864356
120476060,24179956,1524960,41,108941978
120501625,24167463,1524627,40,108921189
118024929,23633084,1493193,40,106574215
120531438,24167773,1526046,39,108884322
120513175,24139128,1525305,37,109024750
120398117,24149483,1522333,39,108801067
120476582,24149916,1524776,36,108855678
120413160,24126357,1523579,41,108840475
120484646,24119878,1524456,39,108908077
120517957,24148490,1525093,37,108844511
120490296,24163898,1525104,40,108854773
119954844,23955422,1517083,37,108419113
120311433,24086987,1521324,40,108741620
120464319,24151394,1524236,42,108839259
120563113,24165024,1526357,36,108936549
120464239,24122730,1524066,41,108917715
120528820,24156365,1525052,39,108891632
120525954,24145452,1525761,38,108934375
120578278,24174190,1525869,39,108927686
120486645,24137702,1524068,36,108929524
121473000,24324385,1536600,39,109828687
118014513,23652181,1492742,38,106768793
120478148,24146289,1524161,37,108824181
120488119,24133115,1524346,42,108896082
120480662,24138296,1524802,36,108814565
120347154,24105489,1524350,39,108672880
120445222,24109493,1523411,39,108918671
120571051,24187364,1526836,36,108870431
120499772,24130604,1525310,39,108886371
120644569,24210956,1527948,39,108945678
120718079,24229214,1529037,37,109132922
120047681,23980936,1519683,39,108423087
120521772,24101959,1524233,37,108879378
120652242,24201470,1527389,39,109066950
120597491,24159651,1524624,39,109019127
120648253,24180265,1527849,36,109053588
120494307,24155001,1525564,39,108836142
120674928,24204663,1526807,38,109034625
120462766,24143499,1524021,37,108839063
120606139,24195146,1526225,39,108953353
120766047,24233958,1527858,38,109153977
118084041,23609648,1494087,37,106726003
120556347,24126388,1526094,38,108919616
120578453,24155124,1525872,39,108867740
120541556,24144647,1524564,40,108939894
120701666,24208196,1527200,37,109056081
120608535,24172702,1526409,40,109039202
120649140,24163929,1525992,40,108932189
120609167,24188573,1527516,36,108940441
120569601,24187489,1526475,40,108962342
120612699,24199672,1526485,40,108944973
120070875,23991258,1519348,37,108459582
120621347,24167153,1525874,40,108980442
120664753,24198369,1527031,36,109049693
120694415,24182932,1527454,41,109098642
120637714,24165944,1525044,39,108993834
120660149,24167772,1526342,36,109171475
120611008,24183428,1526807,39,108875763
120613269,24200013,1526492,41,108920106
120668166,24204848,1527232,37,109082794
120640844,24198184,1526859,39,109143581
118280740,23651188,1496529,36,106816327
120821118,24210770,1531021,41,109217154
120761943,24183800,1531415,40,109013204
120883488,24147932,1530430,37,109222802
120726294,24167277,1530936,39,109029257
120666499,24188326,1529223,39,109014630
120515848,24131006,1525626,38,108841420
120625478,24190837,1526978,40,108984039
120633632,24189038,1527299,37,109043325
120627302,24181754,1526654,40,109009758
119991564,23970520,1520052,40,108406052
120622020,24147281,1527752,37,109009290
120443815,24138292,1523936,39,108840620
120643242,24146228,1526748,39,108925440
120627784,24152365,1530634,37,108983443
120539706,24113988,1524349,42,108953338
120747109,24186372,1529046,37,109173793
120556699,24126884,1526224,38,108890028
120560866,24141113,1525641,40,108956881
120660007,24170283,1527297,37,109019801
117859560,23578525,1492214,39,106461471
120719525,24198896,1530029,37,109002236
120514221,24116282,1526650,41,108928882
120554003,24142074,1526816,39,108875336
120604246,24171213,1528291,36,108917063
120516621,24119444,1525679,39,108868947
120576032,24110237,1526936,39,108982597
120711176,24177413,1530395,39,109180054
120588091,24153110,1525473,41,109052720
120739423,24185726,1529721,37,109099601
119811771,23892116,1516164,41,108259825
120571071,24131441,1526594,40,108983029
120651323,24160549,1528410,36,109032697
120650687,24163402,1528463,39,108914610
120505706,24132650,1525609,39,108907504
120461174,24108655,1525418,37,108751142
120294709,24075734,1522924,39,108747357
120413644,24147870,1525805,37,108878689
120480134,24156303,1525440,40,108889498
120475915,24140431,1525098,39,108795005
117939854,23654846,1493438,37,106642482
120399865,24114639,1524435,39,108754024
120512682,24154194,1526303,38,108824118
120535049,24077098,1524834,39,108878501
120428104,24097898,1525451,37,108748452
121399831,24300887,1539631,41,109701253
120487291,24147561,1526730,40,108904529
120656706,24172608,1528614,37,108965525
120619850,24194836,1528510,40,109056000
120580692,24185939,1528767,39,108921861
120020946,23947734,1519226,37,108534775
120578354,24112128,1526125,41,109040264
120607924,24139346,1526776,38,108999574
120642386,24162998,1527057,38,109030594
120513635,24138850,1526162,41,108852156
120666512,24139252,1527184,38,109051697
120584487,24141361,1528821,39,108944880
120560122,24149173,1526360,40,109020528
120690398,24204383,1528806,36,108984835
118043195,23652646,1493528,39,106669376
120648795,24114421,1529682,36,108964547
120607491,24159217,1528371,40,108914400
120563567,24147902,1526668,39,108957812
120657109,24179335,1529865,37,108936801
120507352,24167060,1526889,41,108875921
120573222,24158473,1527339,40,108987031
120497108,24075981,1524043,37,108852071
120678232,24171393,1528313,39,108982788
120592036,24151907,1526014,37,108950637
120599004,24172385,1526631,42,109026734
120103896,23960142,1519897,39,108514264
120643255,24144336,1527227,36,108957640
120595152,24143803,1525843,39,109056453
120662578,24173980,1527581,38,108971111
120593017,24165912,1526057,38,108881942
120613472,24167866,1527892,39,108892378
120629017,24172484,1527870,38,108937227
120617937,24151560,1527772,38,108988863
120639218,24169199,1527438,40,109061250
118037328,23650103,1494060,37,106697341
120610824,24145794,1526459,40,108962871
120629916,24148521,1527551,36,109045110
120626459,24182250,1527800,39,108883882
120566039,24068480,1525202,41,108956778
120648118,24130665,1528113,37,108988462
120624843,24148491,1527643,39,109038767
120579057,24143159,1527782,38,108879413
120577412,24178777,1528547,37,108919217
120706409,24174066,1530003,41,109061131
120691087,24195734,1527982,37,109018566
120056902,23961375,1520065,41,108454106
120594909,24142756,1526236,40,108935391
120637319,24145266,1527729,38,108926055
120558477,24147794,1527259,40,109009517
120586136,24159170,1527571,40,108969438
120616233,24165416,1526437,37,108947899
120551972,24132402,1525705,40,108869444
120475863,24128929,1525831,37,108837336
120599303,24140679,1527044,39,108944591
117976350,23618514,1492974,36,106432146
120508368,24098612,1525508,39,108884914
120590226,24149948,1526530,39,108926758
120713999,24207390,1529386,36,108912306
120604273,24172764,1527855,39,108927166
120584986,24143097,1527820,40,108888237
120640801,24172143,1528047,36,109015992
120561939,24115755,1526711,39,108906380
120663449,24141857,1527438,38,109070602
120615310,24172236,1527495,38,109014865
120407654,24115662,1523609,40,108913559
120115973,23992281,1522006,36,108447129
121019400,24227417,1534116,40,109280318
120713875,24169850,1527593,39,109092888
120699302,24193530,1528073,37,109045864
120562347,24147316,1526136,39,108940107
120749477,24146104,1528811,41,109127366
120668182,24179893,1528575,36,109039468
120643506,24162875,1526090,39,109001401
120771305,24236035,1531293,38,109034566
117905598,23662007,1493230,38,106538768
120512748,24173632,1526308,38,108912155
120516197,24172081,1525916,39,108884588
120575267,24185381,1527342,41,108934960
120500387,24119908,1526495,37,108830771
120521551,24124714,1525145,39,108868170
120433861,24137176,1524983,39,108817844
120508427,24142042,1526313,36,108847715
120485357,24151312,1525596,39,108895158
120523809,24179398,1526329,38,108797116
120444100,24160859,1525271,37,108764600
119971338,23962274,1518705,40,108368787
120493913,24127317,1525456,37,108804478
120529448,24174221,1525689,41,108875442
120447518,24145825,1524358,40,108827013
120601076,24183644,1527126,38,108952023
120498323,24188641,1525277,39,108784446
120492914,24157290,1524960,39,108886206
120233379,24090241,1521669,38,108579038
120471234,24171710,1524278,39,108837240
117949597,23662937,1493260,38,106545787
120455766,24140338,1524916,40,108909529
120591541,24162037,1525473,36,109089771
120506514,24161728,1525041,39,108922484
120510500,24153079,1523789,38,108905020
120483010,24161696,1524660,37,108784262
120462919,24135874,1523627,39,108832186
120522519,24123008,1526097,37,108862279
120518344,24143717,1525456,39,108949117
120455454,24167432,1523972,39,108908123
120479986,24141267,1526027,37,108826610
119826223,23938590,1516922,39,108219577
120426887,24153293,1524591,38,108861339
120377137,24165791,1524825,37,108765914
120187961,24059304,1521254,39,108552771
120392020,24162161,1525542,36,108753659
120373923,24144802,1524543,39,108847126
120461258,24151932,1525299,40,108733973
120469535,24151869,1525975,37,108820624
120510692,24151219,1524606,39,108918470
120475990,24179304,1525623,36,108904052
120506328,24168517,1525472,40,108845229
120457906,24137269,1524083,39,108852651
120501878,24155000,1526251,37,108872631
120482218,24045075,1522972,39,108955144
120453399,23242485,1538678,40,108349840
120511274,24055583,1525672,41,108852371
120519438,24153916,1524805,41,108850664
120497894,24160673,1524962,38,108861452
120494658,24186001,1527412,39,108940007
120498980,24081996,1523986,39,108938732
119902107,23961684,1520031,36,108313957
120416785,24124032,1523266,42,108779462
120453886,24158968,1523459,38,108892277
120444445,24120219,1523945,40,108861885
120489239,24120808,1523379,40,108862009
120471899,24061411,1527395,38,108713097
120252212,24122296,1521437,39,108700428
120512323,24150413,1524213,40,109017340
117909103,23623560,1491259,38,106497151
120450280,24082685,1525844,38,108820539
120567775,24175522,1527057,38,108894218
120562585,24186094,1527761,40,108957631
120481832,24184171,1525756,37,108767942
120336705,24145174,1523769,39,108758268
120517652,24153451,1525053,39,108875458
120522391,24120125,1523594,38,108976314
120474956,24095047,1524337,40,108852606
120434438,24163184,1526435,36,108943598
120302044,24114918,1523247,37,108757071
120474184,24194402,1527566,39,108900099
119989097,23969000,1518889,37,108399238
120453232,23740438,1530686,40,108614306
120525220,24124311,1525672,38,108874108
120459225,24099727,1524707,37,108795983
120354042,24113492,1523173,41,108751389
120459115,24173104,1524388,39,108935515
120499820,24162131,1525698,43,108898443
120452109,24154846,1523759,40,108841264
117986824,23650103,1494933,36,106595488
120527365,24164146,1526136,40,108875250
120584858,24178808,1525840,37,109008160
120499678,24143190,1524485,39,108857330
120573574,24162007,1527200,39,108885269
120479548,24057660,1523884,38,108913931
120523378,24139129,1526284,39,108860605
120603948,24139345,1524894,37,109007512
120634244,24191643,1528330,40,108922171
120573713,24176422,1526449,41,108973046
120650802,24157697,1526909,36,109015954
120632520,24186528,1526829,39,108998505
120145799,23988655,1521315,38,108549895
120621280,24180172,1526719,38,108919435
120586108,24196727,1527311,39,109017845
120686293,24200292,1527862,38,109070745
120632748,24164393,1528647,39,108968660
120659917,24201377,1527151,41,108940956
120608263,24164765,1525742,36,109058471
120619825,24177817,1526043,39,108977446
118153672,23656799,1496130,36,106777867
120655260,24179615,1527614,41,108991939
120506420,24141361,1524954,39,108844788
120809547,24173383,1528830,36,109151822
120633982,24173074,1528331,40,108907731
120750774,24114918,1527616,40,109089357
120707951,24130758,1531052,36,109084763
120506442,24167401,1525286,40,108871190
120658384,24169819,1526901,40,108964023
120555644,24166873,1526680,38,108964613
120662130,24194929,1528311,39,109034389
120655605,24197284,1527248,37,108984947
119995744,23937184,1519067,40,108498531
120467826,24135978,1522885,41,108767944
120671495,24170562,1526910,36,108979659
120768218,24174686,1528043,39,109092104
120698027,24163030,1527196,39,109113876
120686371,24181319,1527195,37,109022156
120635663,24176763,1527125,39,108956497
120809368,24050500,1531095,40,109055814
118259747,23567984,1498385,37,106768336
120682914,24113182,1529317,38,108957238
120734830,24104656,1527780,37,109042962
120694745,24113492,1528333,41,109001135
120836083,24118576,1528724,39,109217038
121125477,24136555,1534811,40,109310383
120824308,24175368,1529546,39,109199894
120674637,24191891,1527918,38,108920366
120755127,24225959,1529589,37,109177602
120707097,24201594,1527572,39,109044927
120814763,24215574,1529451,38,109171183
120758751,24222767,1529603,40,109105284
120190160,24005209,1521674,39,108563757
120774807,24217031,1527796,36,109198219
120685418,24210491,1526349,41,109086498
120688022,24163278,1526060,40,109028920
120744863,24203267,1529584,39,108998320
120733537,24203981,1528345,40,109183100
120626212,24201594,1526765,39,109015941
120748102,24204352,1527838,37,109098426
118157248,23676237,1496610,39,106784299
120816542,24192014,1528653,36,109117658
120711610,24214366,1527230,39,109072498
120764122,24210336,1527841,38,109200036
120777150,24212071,1527496,38,109146656
120730984,24186683,1528199,41,109150656
120699604,24209871,1527558,39,109031976
120773431,24207421,1528085,38,109095239
120740538,24169509,1528895,39,109024443
120745635,24230206,1528578,39,109076656
120564569,24200974,1528463,38,108931641
120595699,24180607,1525562,40,109014101
120174554,23999566,1520931,37,108616304
120700191,24193472,1526920,39,108988605
120635931,24184172,1526607,40,108923854
120669535,24150660,1527352,36,109111633
120720597,24220504,1527560,40,109041918
120717599,24177116,1527057,39,109152670
120635261,24197024,1527175,37,109081475
117982615,23654909,1493665,38,106662675
120524372,24176855,1525244,36,108879169
120476244,24118111,1523573,40,108973992
120291801,24113367,1522456,36,108679856
120629787,24163433,1526466,39,109064738
120468854,24130697,1525722,39,108931288
120646312,24131750,1528146,36,108941052
120492462,24172888,1526464,42,108901662
120664472,24208259,1529745,42,108940815
120659308,24192045,1529333,36,109008210
120564608,24178344,1527089,39,108866691
120680623,24222054,1529126,39,109012600
120622550,24176286,1527641,37,108990315
120110318,23996447,1519992,39,108523674
120726423,24201438,1527795,38,109109048
120649719,24190651,1527500,40,109008352
120679464,24176701,1528142,41,109025367
120481801,24173352,1526253,36,108896161
120637351,24186714,1527394,40,109011910
120573577,24155838,1525241,39,109001410
118095379,23691984,1494903,36,106720318
120541346,24162810,1526067,39,109083026
120734572,24177540,1528515,36,109021693
120525490,24169881,1525574,41,108911433
120704264,24212754,1526674,39,109102769
120581611,24197098,1526725,41,108988785
120659370,24163340,1526931,40,108991609
120660177,24191580,1527073,37,109009069
120649082,24203981,1527676,42,109074526
120628666,24161232,1526935,41,109107476
120741124,24216752,1528485,38,109073395
120615266,24188450,1527275,39,109048835
120646936,24166626,1525824,39,109053467
120127845,23982640,1519307,37,108554582
120635603,24180359,1525757,40,108975302
120725467,24202369,1527320,38,109175317
120585968,24162259,1525368,39,108952974
120705547,24191607,1526797,39,109072350
120678441,24194804,1527707,37,109081686
120579652,24209871,1527261,40,108974545
118123336,23678530,1493822,36,106784503
120482453,24140877,1525525,40,108838561
120617121,24170613,1526225,39,109041032
120558764,24146289,1525535,41,108952693
120555657,24183986,1526355,40,108916117
120586769,24200540,1526418,38,109040217
120747103,24134509,1528415,39,109159831
120505080,24142229,1525336,41,108914486
120588765,24170253,1526586,39,108869202
120489888,24169756,1525780,37,108856523
120488956,24147654,1524482,39,108913938
120549797,24184977,1525792,36,108845718
120454470,24146631,1524847,39,108770598
119908877,23946991,1516814,40,108354484
120600639,24155744,1524884,37,109031531
120405236,24131162,1523859,39,108830574
120502262,24134261,1523996,36,108981759
120479074,24167432,1525306,39,108783919
120536212,24155807,1524502,39,108970238
120426899,24096627,1522478,37,108853466
117938821,23645299,1492574,41,106564073
120566356,24159774,1525819,36,108989348
120503319,24145794,1525787,39,108915024
120530808,24144833,1524102,40,108998815
120464789,24139438,1523981,37,108863313
120519101,24139408,1525214,39,108866929
120547556,24152644,1526327,38,108884234
120521397,24168584,1524737,39,109002924
120405265,24124988,1523107,39,108800886
120594063,24139562,1526112,37,109017234
120344974,24096752,1522640,39,108651155
120536428,24168920,1525256,40,108907271
120523106,24181598,1526421,38,108904337
119933460,23936792,1517618,39,108384414
120568239,24168144,1525293,36,108865570
120544564,24154567,1525404,39,108804323
120458167,24138091,1523373,40,108870407
120601241,24166330,1525659,37,109056515
120481766,24129798,1523828,41,108907867
120523589,24165851,1524131,38,108974221
117969922,23664549,1493897,37,106566184
120542653,24165386,1524926,39,108918911
120398180,24155620,1524308,38,108808270
120549681,24109059,1525867,39,108828897
120556971,24171647,1526450,37,108957686
120470469,24119382,1524743,40,108694023
120499370,24112965,1524923,39,108841828
120671863,24179180,1526715,36,108980532
120616805,24181537,1528061,39,108958810
120644836,24195022,1527145,38,108957422
120624283,24198679,1526995,37,108969603
120649612,24191705,1527240,39,108980653
120708010,24201252,1528999,37,109054161
119957907,23977309,1518422,39,108429200
120588982,24202772,1526199,39,108990945
120633572,24178312,1526808,36,108984946
120636441,24171431,1526686,39,109020977
120527035,24170997,1525672,40,109027334
120654387,24202554,1527309,38,108955577
118000613,23658164,1492320,40,106565928
120672650,24107632,1528472,36,108905744
120589050,24158380,1525631,39,108957126
120574073,24196758,1526819,40,108910010
120688534,24193378,1527788,38,109095737
120640376,24189752,1528789,41,109011648
120578665,24187922,1527319,36,108916911
120599131,24160550,1526185,40,108945657
120567952,24170129,1525555,42,108918444
120662976,24180575,1527072,36,109107087
101037007,21246209,1342369,39,91157380
120520724,24110051,1524395,40,108984728
120398277,24092938,1520992,40,108793858
120545558,24120715,1523519,41,108939748
119957441,23921148,1515958,38,108316779
120614662,24135242,1524397,40,108908707
120514962,24135378,1523998,45,108715144
120621109,24148614,1525651,38,108976724
120486102,24144430,1523378,42,108762908
120562936,24144151,1524558,41,108869460
118016185,23660984,1493666,41,106554385
120606526,24143345,1525777,40,108886178
120534430,24163680,1525633,37,108988552
120562504,24129085,1525283,43,108819459
120533794,24077904,1524403,41,108802521
120629927,24157511,1526823,41,108939158
120604084,24145019,1525197,42,108925330
120631163,24129301,1525079,40,108933111
120596125,24105153,1523875,40,108909184
120513412,24120467,1522880,40,108859712
120660122,24164114,1525756,37,109003541
120555347,24139320,1524710,41,108926320
120570403,24132862,1524671,41,108829704
120487594,24133920,1523610,37,108839156
120011163,23953625,1515994,40,108353974
120116168,24032334,1518313,41,108484096
120544113,24106702,1523513,41,108864030
120600452,24139408,1523970,41,108979758
120539904,24140554,1522815,38,108924783
120429413,24113616,1522535,42,108667654
118028232,23608377,1491650,38,106699849
120432326,24099635,1522360,40,108704436
120543922,24140989,1523880,43,108856629
120522448,24128526,1523873,37,108871263
120671326,24155187,1525653,43,108962508
120590899,24127256,1525467,39,108884642
120670982,24165688,1525418,40,108995118
120519108,24147816,1524178,43,108856224
120498846,24091916,1523705,37,108825089
82113423,16486377,970348,78,69033206
0,0,0,0,0
0,0,0,0,0
0,0,0,0,0
0,0,0,0,0
0,0,0,0,0
0,0,0,0,0
0,0,0,0,0
