cycles: 2735984.000000 
ept_cycles_per_execution_cycles: 0.052481 
cycles: 1472599.000000 
ept_cycles_per_execution_cycles: 0.048853 
cycles: 1021689.333333 
ept_cycles_per_execution_cycles: 0.047013 
cycles: 781219.750000 
ept_cycles_per_execution_cycles: 0.046158 
cycles: 636914.000000 
ept_cycles_per_execution_cycles: 0.045341 
cycles: 556259.833333 
ept_cycles_per_execution_cycles: 0.045205 
cycles: 481081.000000 
ept_cycles_per_execution_cycles: 0.044827 
cycles: 424675.875000 
ept_cycles_per_execution_cycles: 0.044456 
cycles: 380810.333333 
ept_cycles_per_execution_cycles: 0.044089 
cycles: 345717.700000 
ept_cycles_per_execution_cycles: 0.043736 
cycles: 319697.818182 
ept_cycles_per_execution_cycles: 0.043405 
cycles: 295554.416667 
ept_cycles_per_execution_cycles: 0.043055 
cycles: 275123.307692 
ept_cycles_per_execution_cycles: 0.042720 
cycles: 255471.642857 
ept_cycles_per_execution_cycles: 0.042720 
cycles: 240474.000000 
ept_cycles_per_execution_cycles: 0.042395 
cycles: 226438.000000 
ept_cycles_per_execution_cycles: 0.043076 
cycles: 216145.941176 
ept_cycles_per_execution_cycles: 0.042525 
cycles: 204137.833333 
ept_cycles_per_execution_cycles: 0.042525 
cycles: 194973.578947 
ept_cycles_per_execution_cycles: 0.042203 
cycles: 185224.900000 
ept_cycles_per_execution_cycles: 0.042203 
cycles: 179430.428571 
ept_cycles_per_execution_cycles: 0.042350 
cycles: 171274.500000 
ept_cycles_per_execution_cycles: 0.042350 
cycles: 163827.782609 
ept_cycles_per_execution_cycles: 0.042350 
cycles: 158257.083333 
ept_cycles_per_execution_cycles: 0.042033 
cycles: 151926.800000 
ept_cycles_per_execution_cycles: 0.042033 
cycles: 146490.769231 
ept_cycles_per_execution_cycles: 0.042199 
cycles: 142953.185185 
ept_cycles_per_execution_cycles: 0.041685 
cycles: 137847.714286 
ept_cycles_per_execution_cycles: 0.041685 
cycles: 133094.344828 
ept_cycles_per_execution_cycles: 0.041685 
cycles: 129654.933333 
ept_cycles_per_execution_cycles: 0.041381 
cycles: 38863.333333 
ept_cycles_per_execution_cycles: 0.017557 
cycles: 31889.533333 
ept_cycles_per_execution_cycles: 0.021089 
cycles: 29571.500000 
ept_cycles_per_execution_cycles: 0.022580 
cycles: 27577.800000 
ept_cycles_per_execution_cycles: 0.024045 
cycles: 25588.100000 
ept_cycles_per_execution_cycles: 0.025712 
cycles: 20742.000000 
ept_cycles_per_execution_cycles: 0.022283 
cycles: 19741.733333 
ept_cycles_per_execution_cycles: 0.023274 
cycles: 20605.166667 
ept_cycles_per_execution_cycles: 0.031405 
cycles: 19608.966667 
ept_cycles_per_execution_cycles: 0.032880 
cycles: 18612.833333 
ept_cycles_per_execution_cycles: 0.034464 
cycles: 17027.500000 
ept_cycles_per_execution_cycles: 0.040836 
cycles: 17780.000000 
ept_cycles_per_execution_cycles: 0.042000 
cycles: 16781.666667 
ept_cycles_per_execution_cycles: 0.044314 
cycles: 16781.666667 
ept_cycles_per_execution_cycles: 0.044314 
cycles: 15764.766667 
ept_cycles_per_execution_cycles: 0.046900 
cycles: 15582.800000 
ept_cycles_per_execution_cycles: 0.043180 
cycles: 15625.033333 
ept_cycles_per_execution_cycles: 0.045069 
cycles: 15625.033333 
ept_cycles_per_execution_cycles: 0.045069 
cycles: 14624.466667 
ept_cycles_per_execution_cycles: 0.047961 
cycles: 14624.466667 
ept_cycles_per_execution_cycles: 0.047961 
cycles: 12936.700000 
ept_cycles_per_execution_cycles: 0.053818 
cycles: 14666.066667 
ept_cycles_per_execution_cycles: 0.049247 
cycles: 14666.066667 
ept_cycles_per_execution_cycles: 0.049247 
cycles: 13661.700000 
ept_cycles_per_execution_cycles: 0.052695 
cycles: 13661.700000 
ept_cycles_per_execution_cycles: 0.052695 
cycles: 13638.866667 
ept_cycles_per_execution_cycles: 0.052986 
cycles: 13643.600000 
ept_cycles_per_execution_cycles: 0.053713 
cycles: 13643.600000 
ept_cycles_per_execution_cycles: 0.053713 
cycles: 13643.600000 
ept_cycles_per_execution_cycles: 0.053713 
cycles: 12646.533333 
ept_cycles_per_execution_cycles: 0.057784 
cycles: 12699.166667 
ept_cycles_per_execution_cycles: 0.057610 
cycles: 14388.566667 
ept_cycles_per_execution_cycles: 0.051233 
cycles: 12710.933333 
ept_cycles_per_execution_cycles: 0.057801 
cycles: 12710.933333 
ept_cycles_per_execution_cycles: 0.057801 
cycles: 12710.933333 
ept_cycles_per_execution_cycles: 0.057801 
cycles: 12735.766667 
ept_cycles_per_execution_cycles: 0.057861 
cycles: 14443.900000 
ept_cycles_per_execution_cycles: 0.051918 
cycles: 12585.800000 
ept_cycles_per_execution_cycles: 0.044471 
cycles: 12585.800000 
ept_cycles_per_execution_cycles: 0.044471 
cycles: 12585.800000 
ept_cycles_per_execution_cycles: 0.044471 
cycles: 12608.633333 
ept_cycles_per_execution_cycles: 0.043898 
cycles: 12575.366667 
ept_cycles_per_execution_cycles: 0.041247 
cycles: 12575.366667 
ept_cycles_per_execution_cycles: 0.041247 
cycles: 12575.366667 
ept_cycles_per_execution_cycles: 0.041247 
cycles: 12575.366667 
ept_cycles_per_execution_cycles: 0.041247 
cycles: 12449.100000 
ept_cycles_per_execution_cycles: 0.039872 
cycles: 12399.166667 
ept_cycles_per_execution_cycles: 0.038392 
cycles: 12399.166667 
ept_cycles_per_execution_cycles: 0.038392 
cycles: 12399.166667 
ept_cycles_per_execution_cycles: 0.038392 
cycles: 12399.166667 
ept_cycles_per_execution_cycles: 0.038392 
cycles: 12365.233333 
ept_cycles_per_execution_cycles: 0.037441 
cycles: 12320.200000 
ept_cycles_per_execution_cycles: 0.035909 
cycles: 12320.200000 
ept_cycles_per_execution_cycles: 0.035909 
cycles: 12320.200000 
ept_cycles_per_execution_cycles: 0.035909 
cycles: 12320.200000 
ept_cycles_per_execution_cycles: 0.035909 
cycles: 12289.233333 
ept_cycles_per_execution_cycles: 0.035343 
cycles: 12469.433333 
ept_cycles_per_execution_cycles: 0.050866 
cycles: 12469.433333 
ept_cycles_per_execution_cycles: 0.050866 
cycles: 12469.433333 
ept_cycles_per_execution_cycles: 0.050866 
cycles: 12469.433333 
ept_cycles_per_execution_cycles: 0.050866 
cycles: 12439.800000 
ept_cycles_per_execution_cycles: 0.050845 
cycles: 12501.766667 
ept_cycles_per_execution_cycles: 0.056344 
cycles: 12501.766667 
ept_cycles_per_execution_cycles: 0.056344 
cycles: 12501.766667 
ept_cycles_per_execution_cycles: 0.056344 
cycles: 12501.766667 
ept_cycles_per_execution_cycles: 0.056344 
cycles: 12517.366667 
ept_cycles_per_execution_cycles: 0.056942 
cycles: 12551.166667 
ept_cycles_per_execution_cycles: 0.058300 
cycles: 12551.166667 
ept_cycles_per_execution_cycles: 0.058300 
cycles: 12551.166667 
ept_cycles_per_execution_cycles: 0.058300 
cycles: 12551.166667 
ept_cycles_per_execution_cycles: 0.058300 
cycles: 12526.433333 
ept_cycles_per_execution_cycles: 0.057758 
cycles: 12513.966667 
ept_cycles_per_execution_cycles: 0.057685 
cycles: 12513.966667 
ept_cycles_per_execution_cycles: 0.057685 
cycles: 12513.966667 
ept_cycles_per_execution_cycles: 0.057685 
cycles: 12513.966667 
ept_cycles_per_execution_cycles: 0.057685 
cycles: 12655.666667 
ept_cycles_per_execution_cycles: 0.058930 
cycles: 12711.166667 
ept_cycles_per_execution_cycles: 0.060734 
cycles: 12711.166667 
ept_cycles_per_execution_cycles: 0.060734 
cycles: 12711.166667 
ept_cycles_per_execution_cycles: 0.060734 
cycles: 12711.166667 
ept_cycles_per_execution_cycles: 0.060734 
cycles: 12698.033333 
ept_cycles_per_execution_cycles: 0.061036 
cycles: 12735.566667 
ept_cycles_per_execution_cycles: 0.061625 
cycles: 12735.566667 
ept_cycles_per_execution_cycles: 0.061625 
cycles: 12735.566667 
ept_cycles_per_execution_cycles: 0.061625 
cycles: 12735.566667 
ept_cycles_per_execution_cycles: 0.061625 
cycles: 12678.933333 
ept_cycles_per_execution_cycles: 0.060788 
cycles: 12501.600000 
ept_cycles_per_execution_cycles: 0.045437 
cycles: 12501.600000 
ept_cycles_per_execution_cycles: 0.045437 
cycles: 12501.600000 
ept_cycles_per_execution_cycles: 0.045437 
cycles: 12501.600000 
ept_cycles_per_execution_cycles: 0.045437 
cycles: 12456.733333 
ept_cycles_per_execution_cycles: 0.044867 
cycles: 12430.766667 
ept_cycles_per_execution_cycles: 0.040161 
cycles: 12430.766667 
ept_cycles_per_execution_cycles: 0.040161 
cycles: 12430.766667 
ept_cycles_per_execution_cycles: 0.040161 
cycles: 12430.766667 
ept_cycles_per_execution_cycles: 0.040161 
cycles: 12466.166667 
ept_cycles_per_execution_cycles: 0.039876 
cycles: 12440.966667 
ept_cycles_per_execution_cycles: 0.038354 
cycles: 12440.966667 
ept_cycles_per_execution_cycles: 0.038354 
cycles: 12440.966667 
ept_cycles_per_execution_cycles: 0.038354 
cycles: 12440.966667 
ept_cycles_per_execution_cycles: 0.038354 
cycles: 12475.133333 
ept_cycles_per_execution_cycles: 0.040176 
cycles: 12483.500000 
ept_cycles_per_execution_cycles: 0.039631 
cycles: 12483.500000 
ept_cycles_per_execution_cycles: 0.039631 
cycles: 12483.500000 
ept_cycles_per_execution_cycles: 0.039631 
cycles: 12483.500000 
ept_cycles_per_execution_cycles: 0.039631 
cycles: 12315.566667 
ept_cycles_per_execution_cycles: 0.038250 
cycles: 12502.966667 
ept_cycles_per_execution_cycles: 0.052953 
cycles: 12502.966667 
ept_cycles_per_execution_cycles: 0.052953 
cycles: 12502.966667 
ept_cycles_per_execution_cycles: 0.052953 
cycles: 12502.966667 
ept_cycles_per_execution_cycles: 0.052953 
cycles: 12551.000000 
ept_cycles_per_execution_cycles: 0.053889 
cycles: 12601.900000 
ept_cycles_per_execution_cycles: 0.057282 
cycles: 12601.900000 
ept_cycles_per_execution_cycles: 0.057282 
cycles: 12601.900000 
ept_cycles_per_execution_cycles: 0.057282 
cycles: 12601.900000 
ept_cycles_per_execution_cycles: 0.057282 
cycles: 12676.466667 
ept_cycles_per_execution_cycles: 0.058868 
cycles: 12725.533333 
ept_cycles_per_execution_cycles: 0.059547 
cycles: 12725.533333 
ept_cycles_per_execution_cycles: 0.059547 
cycles: 12725.533333 
ept_cycles_per_execution_cycles: 0.059547 
cycles: 12725.533333 
ept_cycles_per_execution_cycles: 0.059547 
cycles: 12802.366667 
ept_cycles_per_execution_cycles: 0.059609 
cycles: 12915.133333 
ept_cycles_per_execution_cycles: 0.060131 
cycles: 12915.133333 
ept_cycles_per_execution_cycles: 0.060131 
cycles: 12915.133333 
ept_cycles_per_execution_cycles: 0.060131 
cycles: 12915.133333 
ept_cycles_per_execution_cycles: 0.060131 
cycles: 12803.500000 
ept_cycles_per_execution_cycles: 0.060317 
cycles: 12881.200000 
ept_cycles_per_execution_cycles: 0.060450 
cycles: 12881.200000 
ept_cycles_per_execution_cycles: 0.060450 
cycles: 12881.200000 
ept_cycles_per_execution_cycles: 0.060450 
cycles: 12881.200000 
ept_cycles_per_execution_cycles: 0.060450 
cycles: 12870.600000 
ept_cycles_per_execution_cycles: 0.060077 
cycles: 12875.033333 
ept_cycles_per_execution_cycles: 0.060225 
cycles: 12875.033333 
ept_cycles_per_execution_cycles: 0.060225 
cycles: 12875.033333 
ept_cycles_per_execution_cycles: 0.060225 
cycles: 12875.033333 
ept_cycles_per_execution_cycles: 0.060225 
cycles: 12978.633333 
ept_cycles_per_execution_cycles: 0.060805 
cycles: 12825.666667 
ept_cycles_per_execution_cycles: 0.044523 
cycles: 12825.666667 
ept_cycles_per_execution_cycles: 0.044523 
cycles: 12825.666667 
ept_cycles_per_execution_cycles: 0.044523 
cycles: 12825.666667 
ept_cycles_per_execution_cycles: 0.044523 
cycles: 12823.000000 
ept_cycles_per_execution_cycles: 0.044379 
cycles: 12769.833333 
ept_cycles_per_execution_cycles: 0.040974 
cycles: 12769.833333 
ept_cycles_per_execution_cycles: 0.040974 
cycles: 12769.833333 
ept_cycles_per_execution_cycles: 0.040974 
cycles: 12769.833333 
ept_cycles_per_execution_cycles: 0.040974 
cycles: 12677.966667 
ept_cycles_per_execution_cycles: 0.038871 
cycles: 12625.433333 
ept_cycles_per_execution_cycles: 0.038201 
cycles: 12625.433333 
ept_cycles_per_execution_cycles: 0.038201 
cycles: 12625.433333 
ept_cycles_per_execution_cycles: 0.038201 
cycles: 12625.433333 
ept_cycles_per_execution_cycles: 0.038201 
cycles: 12542.833333 
ept_cycles_per_execution_cycles: 0.038402 
cycles: 12419.000000 
ept_cycles_per_execution_cycles: 0.038111 
cycles: 12419.000000 
ept_cycles_per_execution_cycles: 0.038111 
cycles: 12419.000000 
ept_cycles_per_execution_cycles: 0.038111 
cycles: 12419.000000 
ept_cycles_per_execution_cycles: 0.038111 
cycles: 12532.133333 
ept_cycles_per_execution_cycles: 0.038440 
cycles: 12632.666667 
ept_cycles_per_execution_cycles: 0.055670 
cycles: 12632.666667 
ept_cycles_per_execution_cycles: 0.055670 
cycles: 12632.666667 
ept_cycles_per_execution_cycles: 0.055670 
cycles: 12632.666667 
ept_cycles_per_execution_cycles: 0.055670 
cycles: 12583.300000 
ept_cycles_per_execution_cycles: 0.055213 
cycles: 12613.733333 
ept_cycles_per_execution_cycles: 0.059012 
cycles: 12613.733333 
ept_cycles_per_execution_cycles: 0.059012 
cycles: 12613.733333 
ept_cycles_per_execution_cycles: 0.059012 
cycles: 12613.733333 
ept_cycles_per_execution_cycles: 0.059012 
cycles: 12552.466667 
ept_cycles_per_execution_cycles: 0.058339 
cycles: 12481.733333 
ept_cycles_per_execution_cycles: 0.059733 
cycles: 12481.733333 
ept_cycles_per_execution_cycles: 0.059733 
cycles: 12481.733333 
ept_cycles_per_execution_cycles: 0.059733 
cycles: 12481.733333 
ept_cycles_per_execution_cycles: 0.059733 
cycles: 12474.400000 
ept_cycles_per_execution_cycles: 0.059626 
cycles: 12465.900000 
ept_cycles_per_execution_cycles: 0.060004 
cycles: 12465.900000 
ept_cycles_per_execution_cycles: 0.060004 
cycles: 12465.900000 
ept_cycles_per_execution_cycles: 0.060004 
cycles: 12465.900000 
ept_cycles_per_execution_cycles: 0.060004 
cycles: 12502.066667 
ept_cycles_per_execution_cycles: 0.062715 
cycles: 12648.433333 
ept_cycles_per_execution_cycles: 0.076312 
cycles: 12648.433333 
ept_cycles_per_execution_cycles: 0.076312 
cycles: 12648.433333 
ept_cycles_per_execution_cycles: 0.076312 
cycles: 12648.433333 
ept_cycles_per_execution_cycles: 0.076312 
cycles: 12659.366667 
ept_cycles_per_execution_cycles: 0.075562 
cycles: 12685.833333 
ept_cycles_per_execution_cycles: 0.078071 
cycles: 12685.833333 
ept_cycles_per_execution_cycles: 0.078071 
cycles: 12685.833333 
ept_cycles_per_execution_cycles: 0.078071 
cycles: 12685.833333 
ept_cycles_per_execution_cycles: 0.078071 
cycles: 12560.933333 
ept_cycles_per_execution_cycles: 0.076948 
cycles: 12382.433333 
ept_cycles_per_execution_cycles: 0.060384 
cycles: 12382.433333 
ept_cycles_per_execution_cycles: 0.060384 
cycles: 12382.433333 
ept_cycles_per_execution_cycles: 0.060384 
cycles: 12382.433333 
ept_cycles_per_execution_cycles: 0.060384 
cycles: 12675.433333 
ept_cycles_per_execution_cycles: 0.059035 
cycles: 12615.433333 
ept_cycles_per_execution_cycles: 0.055704 
cycles: 12615.433333 
ept_cycles_per_execution_cycles: 0.055704 
cycles: 12615.433333 
ept_cycles_per_execution_cycles: 0.055704 
cycles: 12615.433333 
ept_cycles_per_execution_cycles: 0.055704 
cycles: 12584.833333 
ept_cycles_per_execution_cycles: 0.055151 
cycles: 12569.733333 
ept_cycles_per_execution_cycles: 0.054538 
cycles: 12569.733333 
ept_cycles_per_execution_cycles: 0.054538 
cycles: 12569.733333 
ept_cycles_per_execution_cycles: 0.054538 
cycles: 12569.733333 
ept_cycles_per_execution_cycles: 0.054538 
cycles: 12551.100000 
ept_cycles_per_execution_cycles: 0.054295 
cycles: 12577.466667 
ept_cycles_per_execution_cycles: 0.055162 
cycles: 12577.466667 
ept_cycles_per_execution_cycles: 0.055162 
cycles: 12577.466667 
ept_cycles_per_execution_cycles: 0.055162 
cycles: 12577.466667 
ept_cycles_per_execution_cycles: 0.055162 
cycles: 12573.866667 
ept_cycles_per_execution_cycles: 0.052304 
cycles: 12605.466667 
ept_cycles_per_execution_cycles: 0.053768 
cycles: 12605.466667 
ept_cycles_per_execution_cycles: 0.053768 
cycles: 12605.466667 
ept_cycles_per_execution_cycles: 0.053768 
cycles: 12605.466667 
ept_cycles_per_execution_cycles: 0.053768 
cycles: 12605.966667 
ept_cycles_per_execution_cycles: 0.054598 
cycles: 12612.033333 
ept_cycles_per_execution_cycles: 0.054636 
cycles: 12612.033333 
ept_cycles_per_execution_cycles: 0.054636 
cycles: 12612.033333 
ept_cycles_per_execution_cycles: 0.054636 
cycles: 12612.033333 
ept_cycles_per_execution_cycles: 0.054636 
cycles: 12661.500000 
ept_cycles_per_execution_cycles: 0.054735 
cycles: 12700.866667 
ept_cycles_per_execution_cycles: 0.056610 
cycles: 12700.866667 
ept_cycles_per_execution_cycles: 0.056610 
cycles: 12700.866667 
ept_cycles_per_execution_cycles: 0.056610 
cycles: 12700.866667 
ept_cycles_per_execution_cycles: 0.056610 
cycles: 12434.800000 
ept_cycles_per_execution_cycles: 0.057017 
cycles: 12465.100000 
ept_cycles_per_execution_cycles: 0.056959 
cycles: 12465.100000 
ept_cycles_per_execution_cycles: 0.056959 
cycles: 12465.100000 
ept_cycles_per_execution_cycles: 0.056959 
cycles: 12465.100000 
ept_cycles_per_execution_cycles: 0.056959 
cycles: 12519.733333 
ept_cycles_per_execution_cycles: 0.056892 
cycles: 12514.566667 
ept_cycles_per_execution_cycles: 0.056404 
cycles: 12514.566667 
ept_cycles_per_execution_cycles: 0.056404 
cycles: 12514.566667 
ept_cycles_per_execution_cycles: 0.056404 
cycles: 12514.566667 
ept_cycles_per_execution_cycles: 0.056404 
cycles: 12478.133333 
ept_cycles_per_execution_cycles: 0.056026 
cycles: 12442.666667 
ept_cycles_per_execution_cycles: 0.054431 
cycles: 12442.666667 
ept_cycles_per_execution_cycles: 0.054431 
cycles: 12442.666667 
ept_cycles_per_execution_cycles: 0.054431 
cycles: 12442.666667 
ept_cycles_per_execution_cycles: 0.054431 
cycles: 12438.466667 
ept_cycles_per_execution_cycles: 0.054482 
cycles: 12274.800000 
ept_cycles_per_execution_cycles: 0.038656 
cycles: 12274.800000 
ept_cycles_per_execution_cycles: 0.038656 
cycles: 12274.800000 
ept_cycles_per_execution_cycles: 0.038656 
cycles: 12274.800000 
ept_cycles_per_execution_cycles: 0.038656 
cycles: 12286.900000 
ept_cycles_per_execution_cycles: 0.038011 
cycles: 12241.933333 
ept_cycles_per_execution_cycles: 0.034120 
cycles: 12241.933333 
ept_cycles_per_execution_cycles: 0.034120 
cycles: 12241.933333 
ept_cycles_per_execution_cycles: 0.034120 
cycles: 12241.933333 
ept_cycles_per_execution_cycles: 0.034120 
cycles: 12256.100000 
ept_cycles_per_execution_cycles: 0.036235 
cycles: 12204.333333 
ept_cycles_per_execution_cycles: 0.033373 
cycles: 12204.333333 
ept_cycles_per_execution_cycles: 0.033373 
cycles: 12204.333333 
ept_cycles_per_execution_cycles: 0.033373 
cycles: 12204.333333 
ept_cycles_per_execution_cycles: 0.033373 
cycles: 12225.700000 
ept_cycles_per_execution_cycles: 0.034264 
cycles: 12208.300000 
ept_cycles_per_execution_cycles: 0.033368 
cycles: 12208.300000 
ept_cycles_per_execution_cycles: 0.033368 
cycles: 12208.300000 
ept_cycles_per_execution_cycles: 0.033368 
cycles: 12208.300000 
ept_cycles_per_execution_cycles: 0.033368 
cycles: 12154.500000 
ept_cycles_per_execution_cycles: 0.033373 
cycles: 12307.966667 
ept_cycles_per_execution_cycles: 0.046520 
cycles: 12307.966667 
ept_cycles_per_execution_cycles: 0.046520 
cycles: 12307.966667 
ept_cycles_per_execution_cycles: 0.046520 
cycles: 12307.966667 
ept_cycles_per_execution_cycles: 0.046520 
cycles: 12354.300000 
ept_cycles_per_execution_cycles: 0.047025 
cycles: 12431.566667 
ept_cycles_per_execution_cycles: 0.051562 
cycles: 12431.566667 
ept_cycles_per_execution_cycles: 0.051562 
cycles: 12431.566667 
ept_cycles_per_execution_cycles: 0.051562 
cycles: 12431.566667 
ept_cycles_per_execution_cycles: 0.051562 
cycles: 12363.533333 
ept_cycles_per_execution_cycles: 0.051811 
cycles: 12420.500000 
ept_cycles_per_execution_cycles: 0.054225 
cycles: 12420.500000 
ept_cycles_per_execution_cycles: 0.054225 
cycles: 12420.500000 
ept_cycles_per_execution_cycles: 0.054225 
cycles: 12420.500000 
ept_cycles_per_execution_cycles: 0.054225 
cycles: 12491.200000 
ept_cycles_per_execution_cycles: 0.054905 
cycles: 12610.933333 
ept_cycles_per_execution_cycles: 0.055788 
cycles: 12610.933333 
ept_cycles_per_execution_cycles: 0.055788 
cycles: 12610.933333 
ept_cycles_per_execution_cycles: 0.055788 
cycles: 12610.933333 
ept_cycles_per_execution_cycles: 0.055788 
cycles: 12690.733333 
ept_cycles_per_execution_cycles: 0.056600 
cycles: 12786.300000 
ept_cycles_per_execution_cycles: 0.056600 
cycles: 12786.300000 
ept_cycles_per_execution_cycles: 0.056600 
cycles: 12786.300000 
ept_cycles_per_execution_cycles: 0.056600 
cycles: 12786.300000 
ept_cycles_per_execution_cycles: 0.056600 
cycles: 12805.833333 
ept_cycles_per_execution_cycles: 0.056144 
cycles: 12849.300000 
ept_cycles_per_execution_cycles: 0.056434 
cycles: 12849.300000 
ept_cycles_per_execution_cycles: 0.056434 
cycles: 12849.300000 
ept_cycles_per_execution_cycles: 0.056434 
cycles: 12849.300000 
ept_cycles_per_execution_cycles: 0.056434 
cycles: 14710.933333 
ept_cycles_per_execution_cycles: 0.050690 
cycles: 12850.466667 
ept_cycles_per_execution_cycles: 0.043887 
cycles: 12850.466667 
ept_cycles_per_execution_cycles: 0.043887 
cycles: 12850.466667 
ept_cycles_per_execution_cycles: 0.043887 
cycles: 12850.466667 
ept_cycles_per_execution_cycles: 0.043887 
cycles: 14563.500000 
ept_cycles_per_execution_cycles: 0.039086 
cycles: 12784.233333 
ept_cycles_per_execution_cycles: 0.039077 
cycles: 12784.233333 
ept_cycles_per_execution_cycles: 0.039077 
cycles: 12784.233333 
ept_cycles_per_execution_cycles: 0.039077 
cycles: 12784.233333 
ept_cycles_per_execution_cycles: 0.039077 
cycles: 14427.166667 
ept_cycles_per_execution_cycles: 0.035066 
cycles: 12652.566667 
ept_cycles_per_execution_cycles: 0.036414 
cycles: 12652.566667 
ept_cycles_per_execution_cycles: 0.036414 
cycles: 12652.566667 
ept_cycles_per_execution_cycles: 0.036414 
cycles: 12652.566667 
ept_cycles_per_execution_cycles: 0.036414 
cycles: 14295.700000 
ept_cycles_per_execution_cycles: 0.032429 
cycles: 12474.066667 
ept_cycles_per_execution_cycles: 0.035089 
cycles: 12474.066667 
ept_cycles_per_execution_cycles: 0.035089 
cycles: 12474.066667 
ept_cycles_per_execution_cycles: 0.035089 
cycles: 12474.066667 
ept_cycles_per_execution_cycles: 0.035089 
cycles: 19308.933333 
ept_cycles_per_execution_cycles: 0.052984 
cycles: 17509.300000 
ept_cycles_per_execution_cycles: 0.057533 
cycles: 17509.300000 
ept_cycles_per_execution_cycles: 0.057533 
cycles: 17509.300000 
ept_cycles_per_execution_cycles: 0.057533 
cycles: 17509.300000 
ept_cycles_per_execution_cycles: 0.057533 
cycles: 21706.300000 
ept_cycles_per_execution_cycles: 0.048917 
cycles: 19960.700000 
ept_cycles_per_execution_cycles: 0.052577 
cycles: 19960.700000 
ept_cycles_per_execution_cycles: 0.052577 
cycles: 19960.700000 
ept_cycles_per_execution_cycles: 0.052577 
cycles: 19960.700000 
ept_cycles_per_execution_cycles: 0.052577 
cycles: 19752.066667 
ept_cycles_per_execution_cycles: 0.053458 
cycles: 19752.066667 
ept_cycles_per_execution_cycles: 0.053458 
cycles: 19752.066667 
ept_cycles_per_execution_cycles: 0.053458 
cycles: 19752.066667 
ept_cycles_per_execution_cycles: 0.053458 
cycles: 19752.066667 
ept_cycles_per_execution_cycles: 0.053458 
cycles: 19729.933333 
ept_cycles_per_execution_cycles: 0.053954 
cycles: 19729.933333 
ept_cycles_per_execution_cycles: 0.053954 
cycles: 19729.933333 
ept_cycles_per_execution_cycles: 0.053954 
cycles: 19729.933333 
ept_cycles_per_execution_cycles: 0.053954 
cycles: 19729.933333 
ept_cycles_per_execution_cycles: 0.053954 
cycles: 19728.833333 
ept_cycles_per_execution_cycles: 0.054305 
cycles: 19728.833333 
ept_cycles_per_execution_cycles: 0.054305 
cycles: 19728.833333 
ept_cycles_per_execution_cycles: 0.054305 
cycles: 19728.833333 
ept_cycles_per_execution_cycles: 0.054305 
cycles: 19728.833333 
ept_cycles_per_execution_cycles: 0.054305 
cycles: 19544.533333 
ept_cycles_per_execution_cycles: 0.049743 
cycles: 19544.533333 
ept_cycles_per_execution_cycles: 0.049743 
cycles: 19544.533333 
ept_cycles_per_execution_cycles: 0.049743 
cycles: 19544.533333 
ept_cycles_per_execution_cycles: 0.049743 
cycles: 19544.533333 
ept_cycles_per_execution_cycles: 0.049743 
cycles: 14275.666667 
ept_cycles_per_execution_cycles: 0.025171 
cycles: 14275.666667 
ept_cycles_per_execution_cycles: 0.025171 
cycles: 14275.666667 
ept_cycles_per_execution_cycles: 0.025171 
cycles: 14275.666667 
ept_cycles_per_execution_cycles: 0.025171 
cycles: 14275.666667 
ept_cycles_per_execution_cycles: 0.025171 
cycles: 11520.700000 
ept_cycles_per_execution_cycles: 0.018815 
cycles: 11520.700000 
ept_cycles_per_execution_cycles: 0.018815 
cycles: 11520.700000 
ept_cycles_per_execution_cycles: 0.018815 
cycles: 11520.700000 
ept_cycles_per_execution_cycles: 0.018815 
cycles: 11520.700000 
ept_cycles_per_execution_cycles: 0.018815 
cycles: 11707.533333 
ept_cycles_per_execution_cycles: 0.017149 
cycles: 11707.533333 
ept_cycles_per_execution_cycles: 0.017149 
cycles: 11707.533333 
ept_cycles_per_execution_cycles: 0.017149 
cycles: 11707.533333 
ept_cycles_per_execution_cycles: 0.017149 
cycles: 11707.533333 
ept_cycles_per_execution_cycles: 0.017149 
cycles: 11514.066667 
ept_cycles_per_execution_cycles: 0.008685 
cycles: 11514.066667 
ept_cycles_per_execution_cycles: 0.008685 
cycles: 11514.066667 
ept_cycles_per_execution_cycles: 0.008685 
cycles: 11514.066667 
ept_cycles_per_execution_cycles: 0.008685 
cycles: 11514.066667 
ept_cycles_per_execution_cycles: 0.008685 
cycles: 11698.000000 
ept_cycles_per_execution_cycles: 0.026893 
cycles: 11698.000000 
ept_cycles_per_execution_cycles: 0.026893 
cycles: 11698.000000 
ept_cycles_per_execution_cycles: 0.026893 
cycles: 11698.000000 
ept_cycles_per_execution_cycles: 0.026893 
cycles: 11698.000000 
ept_cycles_per_execution_cycles: 0.026893 
cycles: 11911.133333 
ept_cycles_per_execution_cycles: 0.033714 
cycles: 11911.133333 
ept_cycles_per_execution_cycles: 0.033714 
cycles: 11911.133333 
ept_cycles_per_execution_cycles: 0.033714 
cycles: 11911.133333 
ept_cycles_per_execution_cycles: 0.033714 
cycles: 11911.133333 
ept_cycles_per_execution_cycles: 0.033714 
cycles: 11936.000000 
ept_cycles_per_execution_cycles: 0.034920 
cycles: 11936.000000 
ept_cycles_per_execution_cycles: 0.034920 
cycles: 11936.000000 
ept_cycles_per_execution_cycles: 0.034920 
cycles: 11936.000000 
ept_cycles_per_execution_cycles: 0.034920 
cycles: 11936.000000 
ept_cycles_per_execution_cycles: 0.034920 
cycles: 12094.000000 
ept_cycles_per_execution_cycles: 0.042547 
cycles: 12094.000000 
ept_cycles_per_execution_cycles: 0.042547 
cycles: 12094.000000 
ept_cycles_per_execution_cycles: 0.042547 
cycles: 12094.000000 
ept_cycles_per_execution_cycles: 0.042547 
cycles: 12094.000000 
ept_cycles_per_execution_cycles: 0.042547 
cycles: 11911.600000 
ept_cycles_per_execution_cycles: 0.044346 
cycles: 11911.600000 
ept_cycles_per_execution_cycles: 0.044346 
cycles: 11911.600000 
ept_cycles_per_execution_cycles: 0.044346 
cycles: 11911.600000 
ept_cycles_per_execution_cycles: 0.044346 
cycles: 11911.600000 
ept_cycles_per_execution_cycles: 0.044346 
cycles: 11202.500000 
ept_cycles_per_execution_cycles: 0.046966 
cycles: 11202.500000 
ept_cycles_per_execution_cycles: 0.046966 
cycles: 11202.500000 
ept_cycles_per_execution_cycles: 0.046966 
cycles: 11202.500000 
ept_cycles_per_execution_cycles: 0.046966 
cycles: 11202.500000 
ept_cycles_per_execution_cycles: 0.046966 
cycles: 11126.900000 
ept_cycles_per_execution_cycles: 0.027300 
cycles: 11126.900000 
ept_cycles_per_execution_cycles: 0.027300 
cycles: 11126.900000 
ept_cycles_per_execution_cycles: 0.027300 
cycles: 11126.900000 
ept_cycles_per_execution_cycles: 0.027300 
cycles: 11126.900000 
ept_cycles_per_execution_cycles: 0.027300 
cycles: 10922.200000 
ept_cycles_per_execution_cycles: 0.019694 
cycles: 10922.200000 
ept_cycles_per_execution_cycles: 0.019694 
cycles: 10922.200000 
ept_cycles_per_execution_cycles: 0.019694 
cycles: 10922.200000 
ept_cycles_per_execution_cycles: 0.019694 
cycles: 10922.200000 
ept_cycles_per_execution_cycles: 0.019694 
cycles: 10799.200000 
ept_cycles_per_execution_cycles: 0.016798 
cycles: 10799.200000 
ept_cycles_per_execution_cycles: 0.016798 
cycles: 10799.200000 
ept_cycles_per_execution_cycles: 0.016798 
cycles: 10799.200000 
ept_cycles_per_execution_cycles: 0.016798 
cycles: 10799.200000 
ept_cycles_per_execution_cycles: 0.016798 
cycles: 10671.900000 
ept_cycles_per_execution_cycles: 0.008855 
cycles: 10671.900000 
ept_cycles_per_execution_cycles: 0.008855 
cycles: 10671.900000 
ept_cycles_per_execution_cycles: 0.008855 
cycles: 10671.900000 
ept_cycles_per_execution_cycles: 0.008855 
cycles: 10671.900000 
ept_cycles_per_execution_cycles: 0.008855 
cycles: 10989.133333 
ept_cycles_per_execution_cycles: 0.026793 
cycles: 10989.133333 
ept_cycles_per_execution_cycles: 0.026793 
cycles: 10989.133333 
ept_cycles_per_execution_cycles: 0.026793 
cycles: 10989.133333 
ept_cycles_per_execution_cycles: 0.026793 
cycles: 10989.133333 
ept_cycles_per_execution_cycles: 0.026793 
cycles: 11838.300000 
ept_cycles_per_execution_cycles: 0.030883 
cycles: 11838.300000 
ept_cycles_per_execution_cycles: 0.030883 
cycles: 11838.300000 
ept_cycles_per_execution_cycles: 0.030883 
cycles: 11838.300000 
ept_cycles_per_execution_cycles: 0.030883 
cycles: 11838.300000 
ept_cycles_per_execution_cycles: 0.030883 
cycles: 11947.000000 
ept_cycles_per_execution_cycles: 0.033375 
cycles: 11947.000000 
ept_cycles_per_execution_cycles: 0.033375 
cycles: 11947.000000 
ept_cycles_per_execution_cycles: 0.033375 
cycles: 11947.000000 
ept_cycles_per_execution_cycles: 0.033375 
cycles: 11947.000000 
ept_cycles_per_execution_cycles: 0.033375 
cycles: 12166.300000 
ept_cycles_per_execution_cycles: 0.042062 
cycles: 12166.300000 
ept_cycles_per_execution_cycles: 0.042062 
cycles: 12166.300000 
ept_cycles_per_execution_cycles: 0.042062 
cycles: 12166.300000 
ept_cycles_per_execution_cycles: 0.042062 
cycles: 12166.300000 
ept_cycles_per_execution_cycles: 0.042062 
cycles: 12215.566667 
ept_cycles_per_execution_cycles: 0.042348 
cycles: 12339.766667 
ept_cycles_per_execution_cycles: 0.043342 
cycles: 12339.766667 
ept_cycles_per_execution_cycles: 0.043342 
cycles: 12339.766667 
ept_cycles_per_execution_cycles: 0.043342 
cycles: 12339.766667 
ept_cycles_per_execution_cycles: 0.043342 
cycles: 12146.566667 
ept_cycles_per_execution_cycles: 0.042712 
cycles: 12417.500000 
ept_cycles_per_execution_cycles: 0.043326 
cycles: 12417.500000 
ept_cycles_per_execution_cycles: 0.043326 
cycles: 12417.500000 
ept_cycles_per_execution_cycles: 0.043326 
cycles: 12417.500000 
ept_cycles_per_execution_cycles: 0.043326 
cycles: 11963.500000 
ept_cycles_per_execution_cycles: 0.026227 
cycles: 12167.900000 
ept_cycles_per_execution_cycles: 0.026055 
cycles: 12167.900000 
ept_cycles_per_execution_cycles: 0.026055 
cycles: 12167.900000 
ept_cycles_per_execution_cycles: 0.026055 
cycles: 12167.900000 
ept_cycles_per_execution_cycles: 0.026055 
cycles: 11864.666667 
ept_cycles_per_execution_cycles: 0.020051 
cycles: 12084.666667 
ept_cycles_per_execution_cycles: 0.020089 
cycles: 12084.666667 
ept_cycles_per_execution_cycles: 0.020089 
cycles: 12084.666667 
ept_cycles_per_execution_cycles: 0.020089 
cycles: 12084.666667 
ept_cycles_per_execution_cycles: 0.020089 
cycles: 11742.633333 
ept_cycles_per_execution_cycles: 0.017021 
cycles: 11920.800000 
ept_cycles_per_execution_cycles: 0.017060 
cycles: 11920.800000 
ept_cycles_per_execution_cycles: 0.017060 
cycles: 11920.800000 
ept_cycles_per_execution_cycles: 0.017060 
cycles: 11920.800000 
ept_cycles_per_execution_cycles: 0.017060 
cycles: 11441.166667 
ept_cycles_per_execution_cycles: 0.007490 
cycles: 11722.300000 
ept_cycles_per_execution_cycles: 0.008124 
cycles: 11722.300000 
ept_cycles_per_execution_cycles: 0.008124 
cycles: 11722.300000 
ept_cycles_per_execution_cycles: 0.008124 
cycles: 11722.300000 
ept_cycles_per_execution_cycles: 0.008124 
cycles: 11745.400000 
ept_cycles_per_execution_cycles: 0.025973 
cycles: 11833.266667 
ept_cycles_per_execution_cycles: 0.024628 
cycles: 11833.266667 
ept_cycles_per_execution_cycles: 0.024628 
cycles: 11833.266667 
ept_cycles_per_execution_cycles: 0.024628 
cycles: 11833.266667 
ept_cycles_per_execution_cycles: 0.024628 
cycles: 11937.500000 
ept_cycles_per_execution_cycles: 0.029917 
cycles: 11923.900000 
ept_cycles_per_execution_cycles: 0.029719 
cycles: 11923.900000 
ept_cycles_per_execution_cycles: 0.029719 
cycles: 11923.900000 
ept_cycles_per_execution_cycles: 0.029719 
cycles: 11923.900000 
ept_cycles_per_execution_cycles: 0.029719 
cycles: 11927.300000 
ept_cycles_per_execution_cycles: 0.031664 
cycles: 11936.766667 
ept_cycles_per_execution_cycles: 0.031801 
cycles: 11936.766667 
ept_cycles_per_execution_cycles: 0.031801 
cycles: 11936.766667 
ept_cycles_per_execution_cycles: 0.031801 
cycles: 11936.766667 
ept_cycles_per_execution_cycles: 0.031801 
cycles: 11907.500000 
ept_cycles_per_execution_cycles: 0.032937 
cycles: 12053.066667 
ept_cycles_per_execution_cycles: 0.040327 
cycles: 12053.066667 
ept_cycles_per_execution_cycles: 0.040327 
cycles: 12053.066667 
ept_cycles_per_execution_cycles: 0.040327 
cycles: 12053.066667 
ept_cycles_per_execution_cycles: 0.040327 
cycles: 12198.766667 
ept_cycles_per_execution_cycles: 0.056263 
cycles: 12264.500000 
ept_cycles_per_execution_cycles: 0.057391 
cycles: 12264.500000 
ept_cycles_per_execution_cycles: 0.057391 
cycles: 12264.500000 
ept_cycles_per_execution_cycles: 0.057391 
cycles: 12264.500000 
ept_cycles_per_execution_cycles: 0.057391 
cycles: 12329.000000 
ept_cycles_per_execution_cycles: 0.061973 
cycles: 12274.333333 
ept_cycles_per_execution_cycles: 0.062331 
cycles: 12274.333333 
ept_cycles_per_execution_cycles: 0.062331 
cycles: 12274.333333 
ept_cycles_per_execution_cycles: 0.062331 
cycles: 12274.333333 
ept_cycles_per_execution_cycles: 0.062331 
cycles: 12105.700000 
ept_cycles_per_execution_cycles: 0.047647 
cycles: 12107.066667 
ept_cycles_per_execution_cycles: 0.047727 
cycles: 12107.066667 
ept_cycles_per_execution_cycles: 0.047727 
cycles: 12107.066667 
ept_cycles_per_execution_cycles: 0.047727 
cycles: 12107.066667 
ept_cycles_per_execution_cycles: 0.047727 
cycles: 11981.666667 
ept_cycles_per_execution_cycles: 0.043308 
cycles: 11960.466667 
ept_cycles_per_execution_cycles: 0.042866 
cycles: 11960.466667 
ept_cycles_per_execution_cycles: 0.042866 
cycles: 11960.466667 
ept_cycles_per_execution_cycles: 0.042866 
cycles: 11960.466667 
ept_cycles_per_execution_cycles: 0.042866 
cycles: 11955.133333 
ept_cycles_per_execution_cycles: 0.041296 
cycles: 11976.033333 
ept_cycles_per_execution_cycles: 0.041218 
cycles: 11976.033333 
ept_cycles_per_execution_cycles: 0.041218 
cycles: 11976.033333 
ept_cycles_per_execution_cycles: 0.041218 
cycles: 11976.033333 
ept_cycles_per_execution_cycles: 0.041218 
cycles: 11963.600000 
ept_cycles_per_execution_cycles: 0.040824 
cycles: 11835.166667 
ept_cycles_per_execution_cycles: 0.033372 
cycles: 11835.166667 
ept_cycles_per_execution_cycles: 0.033372 
cycles: 11835.166667 
ept_cycles_per_execution_cycles: 0.033372 
cycles: 11835.166667 
ept_cycles_per_execution_cycles: 0.033372 
cycles: 11823.900000 
ept_cycles_per_execution_cycles: 0.031301 
cycles: 11800.233333 
ept_cycles_per_execution_cycles: 0.031375 
cycles: 11800.233333 
ept_cycles_per_execution_cycles: 0.031375 
cycles: 11800.233333 
ept_cycles_per_execution_cycles: 0.031375 
cycles: 11800.233333 
ept_cycles_per_execution_cycles: 0.031375 
cycles: 11790.866667 
ept_cycles_per_execution_cycles: 0.030586 
cycles: 11811.266667 
ept_cycles_per_execution_cycles: 0.030093 
cycles: 11811.266667 
ept_cycles_per_execution_cycles: 0.030093 
cycles: 11811.266667 
ept_cycles_per_execution_cycles: 0.030093 
cycles: 11811.266667 
ept_cycles_per_execution_cycles: 0.030093 
cycles: 11829.566667 
ept_cycles_per_execution_cycles: 0.029764 
cycles: 11797.366667 
ept_cycles_per_execution_cycles: 0.029812 
cycles: 11797.366667 
ept_cycles_per_execution_cycles: 0.029812 
cycles: 11797.366667 
ept_cycles_per_execution_cycles: 0.029812 
cycles: 11797.366667 
ept_cycles_per_execution_cycles: 0.029812 
cycles: 11813.000000 
ept_cycles_per_execution_cycles: 0.030277 
cycles: 11977.533333 
ept_cycles_per_execution_cycles: 0.035792 
cycles: 11977.533333 
ept_cycles_per_execution_cycles: 0.035792 
cycles: 11977.533333 
ept_cycles_per_execution_cycles: 0.035792 
cycles: 11977.533333 
ept_cycles_per_execution_cycles: 0.035792 
cycles: 11947.833333 
ept_cycles_per_execution_cycles: 0.035485 
cycles: 11975.333333 
ept_cycles_per_execution_cycles: 0.037135 
cycles: 11975.333333 
ept_cycles_per_execution_cycles: 0.037135 
cycles: 11975.333333 
ept_cycles_per_execution_cycles: 0.037135 
cycles: 11975.333333 
ept_cycles_per_execution_cycles: 0.037135 
cycles: 11958.366667 
ept_cycles_per_execution_cycles: 0.036541 
cycles: 11936.733333 
ept_cycles_per_execution_cycles: 0.037478 
cycles: 11936.733333 
ept_cycles_per_execution_cycles: 0.037478 
cycles: 11936.733333 
ept_cycles_per_execution_cycles: 0.037478 
cycles: 11936.733333 
ept_cycles_per_execution_cycles: 0.037478 
cycles: 11814.033333 
ept_cycles_per_execution_cycles: 0.023306 
cycles: 11841.000000 
ept_cycles_per_execution_cycles: 0.023075 
cycles: 11841.000000 
ept_cycles_per_execution_cycles: 0.023075 
cycles: 11841.000000 
ept_cycles_per_execution_cycles: 0.023075 
cycles: 11841.000000 
ept_cycles_per_execution_cycles: 0.023075 
cycles: 11838.466667 
ept_cycles_per_execution_cycles: 0.020357 
cycles: 11788.500000 
ept_cycles_per_execution_cycles: 0.020856 
cycles: 11788.500000 
ept_cycles_per_execution_cycles: 0.020856 
cycles: 11788.500000 
ept_cycles_per_execution_cycles: 0.020856 
cycles: 11788.500000 
ept_cycles_per_execution_cycles: 0.020856 
cycles: 11840.433333 
ept_cycles_per_execution_cycles: 0.026058 
cycles: 11926.266667 
ept_cycles_per_execution_cycles: 0.028576 
cycles: 11926.266667 
ept_cycles_per_execution_cycles: 0.028576 
cycles: 11926.266667 
ept_cycles_per_execution_cycles: 0.028576 
cycles: 11926.266667 
ept_cycles_per_execution_cycles: 0.028576 
cycles: 11932.500000 
ept_cycles_per_execution_cycles: 0.029270 
cycles: 11762.533333 
ept_cycles_per_execution_cycles: 0.023646 
cycles: 11762.533333 
ept_cycles_per_execution_cycles: 0.023646 
cycles: 11762.533333 
ept_cycles_per_execution_cycles: 0.023646 
cycles: 11762.533333 
ept_cycles_per_execution_cycles: 0.023646 
cycles: 11922.766667 
ept_cycles_per_execution_cycles: 0.038210 
cycles: 11940.400000 
ept_cycles_per_execution_cycles: 0.038620 
cycles: 11940.400000 
ept_cycles_per_execution_cycles: 0.038620 
cycles: 11940.400000 
ept_cycles_per_execution_cycles: 0.038620 
cycles: 11940.400000 
ept_cycles_per_execution_cycles: 0.038620 
cycles: 12019.400000 
ept_cycles_per_execution_cycles: 0.044145 
cycles: 12031.833333 
ept_cycles_per_execution_cycles: 0.043235 
cycles: 12031.833333 
ept_cycles_per_execution_cycles: 0.043235 
cycles: 12031.833333 
ept_cycles_per_execution_cycles: 0.043235 
cycles: 12031.833333 
ept_cycles_per_execution_cycles: 0.043235 
cycles: 12078.800000 
ept_cycles_per_execution_cycles: 0.045509 
cycles: 12021.200000 
ept_cycles_per_execution_cycles: 0.044846 
cycles: 12021.200000 
ept_cycles_per_execution_cycles: 0.044846 
cycles: 12021.200000 
ept_cycles_per_execution_cycles: 0.044846 
cycles: 12021.200000 
ept_cycles_per_execution_cycles: 0.044846 
cycles: 12079.633333 
ept_cycles_per_execution_cycles: 0.043072 
cycles: 12300.200000 
ept_cycles_per_execution_cycles: 0.047913 
cycles: 12300.200000 
ept_cycles_per_execution_cycles: 0.047913 
cycles: 12300.200000 
ept_cycles_per_execution_cycles: 0.047913 
cycles: 12300.200000 
ept_cycles_per_execution_cycles: 0.047913 
cycles: 12315.200000 
ept_cycles_per_execution_cycles: 0.041667 
cycles: 12250.800000 
ept_cycles_per_execution_cycles: 0.039927 
cycles: 12250.800000 
ept_cycles_per_execution_cycles: 0.039927 
cycles: 12250.800000 
ept_cycles_per_execution_cycles: 0.039927 
cycles: 12250.800000 
ept_cycles_per_execution_cycles: 0.039927 
cycles: 12392.366667 
ept_cycles_per_execution_cycles: 0.038938 
cycles: 12388.500000 
ept_cycles_per_execution_cycles: 0.039147 
cycles: 12388.500000 
ept_cycles_per_execution_cycles: 0.039147 
cycles: 12388.500000 
ept_cycles_per_execution_cycles: 0.039147 
cycles: 12388.500000 
ept_cycles_per_execution_cycles: 0.039147 
cycles: 12262.133333 
ept_cycles_per_execution_cycles: 0.025140 
cycles: 12175.566667 
ept_cycles_per_execution_cycles: 0.023788 
cycles: 12175.566667 
ept_cycles_per_execution_cycles: 0.023788 
cycles: 12175.566667 
ept_cycles_per_execution_cycles: 0.023788 
cycles: 12175.566667 
ept_cycles_per_execution_cycles: 0.023788 
cycles: 12162.366667 
ept_cycles_per_execution_cycles: 0.018119 
cycles: 12203.666667 
ept_cycles_per_execution_cycles: 0.018025 
cycles: 12203.666667 
ept_cycles_per_execution_cycles: 0.018025 
cycles: 12203.666667 
ept_cycles_per_execution_cycles: 0.018025 
cycles: 12203.666667 
ept_cycles_per_execution_cycles: 0.018025 
cycles: 12151.266667 
ept_cycles_per_execution_cycles: 0.015420 
cycles: 12176.000000 
ept_cycles_per_execution_cycles: 0.015041 
cycles: 12176.000000 
ept_cycles_per_execution_cycles: 0.015041 
cycles: 12176.000000 
ept_cycles_per_execution_cycles: 0.015041 
cycles: 12176.000000 
ept_cycles_per_execution_cycles: 0.015041 
cycles: 12092.000000 
ept_cycles_per_execution_cycles: 0.015622 
cycles: 11872.366667 
ept_cycles_per_execution_cycles: 0.009532 
cycles: 11872.366667 
ept_cycles_per_execution_cycles: 0.009532 
cycles: 11872.366667 
ept_cycles_per_execution_cycles: 0.009532 
cycles: 11872.366667 
ept_cycles_per_execution_cycles: 0.009532 
cycles: 11950.366667 
ept_cycles_per_execution_cycles: 0.025355 
cycles: 11969.633333 
ept_cycles_per_execution_cycles: 0.025147 
cycles: 11969.633333 
ept_cycles_per_execution_cycles: 0.025147 
cycles: 11969.633333 
ept_cycles_per_execution_cycles: 0.025147 
cycles: 11969.633333 
ept_cycles_per_execution_cycles: 0.025147 
cycles: 11842.033333 
ept_cycles_per_execution_cycles: 0.028148 
cycles: 12106.000000 
ept_cycles_per_execution_cycles: 0.026830 
cycles: 12106.000000 
ept_cycles_per_execution_cycles: 0.026830 
cycles: 12106.000000 
ept_cycles_per_execution_cycles: 0.026830 
cycles: 12106.000000 
ept_cycles_per_execution_cycles: 0.026830 
cycles: 12120.000000 
ept_cycles_per_execution_cycles: 0.028655 
cycles: 12190.733333 
ept_cycles_per_execution_cycles: 0.028481 
cycles: 12190.733333 
ept_cycles_per_execution_cycles: 0.028481 
cycles: 12190.733333 
ept_cycles_per_execution_cycles: 0.028481 
cycles: 12190.733333 
ept_cycles_per_execution_cycles: 0.028481 
cycles: 12156.700000 
ept_cycles_per_execution_cycles: 0.029591 
cycles: 12243.300000 
ept_cycles_per_execution_cycles: 0.035492 
cycles: 12243.300000 
ept_cycles_per_execution_cycles: 0.035492 
cycles: 12243.300000 
ept_cycles_per_execution_cycles: 0.035492 
cycles: 12243.300000 
ept_cycles_per_execution_cycles: 0.035492 
cycles: 12241.900000 
ept_cycles_per_execution_cycles: 0.035980 
cycles: 12352.566667 
ept_cycles_per_execution_cycles: 0.038033 
cycles: 12352.566667 
ept_cycles_per_execution_cycles: 0.038033 
cycles: 12352.566667 
ept_cycles_per_execution_cycles: 0.038033 
cycles: 12352.566667 
ept_cycles_per_execution_cycles: 0.038033 
cycles: 12368.900000 
ept_cycles_per_execution_cycles: 0.038713 
cycles: 12430.966667 
ept_cycles_per_execution_cycles: 0.039769 
cycles: 12430.966667 
ept_cycles_per_execution_cycles: 0.039769 
cycles: 12430.966667 
ept_cycles_per_execution_cycles: 0.039769 
cycles: 12430.966667 
ept_cycles_per_execution_cycles: 0.039769 
cycles: 12261.733333 
ept_cycles_per_execution_cycles: 0.024445 
cycles: 12258.933333 
ept_cycles_per_execution_cycles: 0.024118 
cycles: 12258.933333 
ept_cycles_per_execution_cycles: 0.024118 
cycles: 12258.933333 
ept_cycles_per_execution_cycles: 0.024118 
cycles: 12258.933333 
ept_cycles_per_execution_cycles: 0.024118 
cycles: 12251.600000 
ept_cycles_per_execution_cycles: 0.022468 
cycles: 11988.200000 
ept_cycles_per_execution_cycles: 0.023693 
cycles: 11988.200000 
ept_cycles_per_execution_cycles: 0.023693 
cycles: 11988.200000 
ept_cycles_per_execution_cycles: 0.023693 
cycles: 11988.200000 
ept_cycles_per_execution_cycles: 0.023693 
cycles: 11953.566667 
ept_cycles_per_execution_cycles: 0.022336 
cycles: 11878.300000 
ept_cycles_per_execution_cycles: 0.021922 
cycles: 11878.300000 
ept_cycles_per_execution_cycles: 0.021922 
cycles: 11878.300000 
ept_cycles_per_execution_cycles: 0.021922 
cycles: 11878.300000 
ept_cycles_per_execution_cycles: 0.021922 
cycles: 11842.433333 
ept_cycles_per_execution_cycles: 0.021051 
cycles: 11735.033333 
ept_cycles_per_execution_cycles: 0.015373 
cycles: 11735.033333 
ept_cycles_per_execution_cycles: 0.015373 
cycles: 11735.033333 
ept_cycles_per_execution_cycles: 0.015373 
cycles: 11735.033333 
ept_cycles_per_execution_cycles: 0.015373 
cycles: 11877.566667 
ept_cycles_per_execution_cycles: 0.030155 
cycles: 11801.633333 
ept_cycles_per_execution_cycles: 0.028335 
cycles: 11801.633333 
ept_cycles_per_execution_cycles: 0.028335 
cycles: 11801.633333 
ept_cycles_per_execution_cycles: 0.028335 
cycles: 11801.633333 
ept_cycles_per_execution_cycles: 0.028335 
cycles: 11810.533333 
ept_cycles_per_execution_cycles: 0.031763 
cycles: 11870.233333 
ept_cycles_per_execution_cycles: 0.032636 
cycles: 11870.233333 
ept_cycles_per_execution_cycles: 0.032636 
cycles: 11870.233333 
ept_cycles_per_execution_cycles: 0.032636 
cycles: 11870.233333 
ept_cycles_per_execution_cycles: 0.032636 
cycles: 11883.333333 
ept_cycles_per_execution_cycles: 0.033933 
cycles: 11883.866667 
ept_cycles_per_execution_cycles: 0.035045 
cycles: 11883.866667 
ept_cycles_per_execution_cycles: 0.035045 
cycles: 11883.866667 
ept_cycles_per_execution_cycles: 0.035045 
cycles: 11883.866667 
ept_cycles_per_execution_cycles: 0.035045 
cycles: 11864.400000 
ept_cycles_per_execution_cycles: 0.033880 
cycles: 12039.066667 
ept_cycles_per_execution_cycles: 0.039679 
cycles: 12039.066667 
ept_cycles_per_execution_cycles: 0.039679 
cycles: 12039.066667 
ept_cycles_per_execution_cycles: 0.039679 
cycles: 12039.066667 
ept_cycles_per_execution_cycles: 0.039679 
cycles: 12103.800000 
ept_cycles_per_execution_cycles: 0.042920 
cycles: 12173.733333 
ept_cycles_per_execution_cycles: 0.044352 
cycles: 12173.733333 
ept_cycles_per_execution_cycles: 0.044352 
cycles: 12173.733333 
ept_cycles_per_execution_cycles: 0.044352 
cycles: 12173.733333 
ept_cycles_per_execution_cycles: 0.044352 
cycles: 12210.166667 
ept_cycles_per_execution_cycles: 0.045503 
cycles: 12211.800000 
ept_cycles_per_execution_cycles: 0.046657 
cycles: 12211.800000 
ept_cycles_per_execution_cycles: 0.046657 
cycles: 12211.800000 
ept_cycles_per_execution_cycles: 0.046657 
cycles: 12211.800000 
ept_cycles_per_execution_cycles: 0.046657 
cycles: 12079.266667 
ept_cycles_per_execution_cycles: 0.033551 
cycles: 12052.600000 
ept_cycles_per_execution_cycles: 0.033716 
cycles: 12052.600000 
ept_cycles_per_execution_cycles: 0.033716 
cycles: 12052.600000 
ept_cycles_per_execution_cycles: 0.033716 
cycles: 12052.600000 
ept_cycles_per_execution_cycles: 0.033716 
cycles: 12001.000000 
ept_cycles_per_execution_cycles: 0.029661 
cycles: 11984.766667 
ept_cycles_per_execution_cycles: 0.029707 
cycles: 11984.766667 
ept_cycles_per_execution_cycles: 0.029707 
cycles: 11984.766667 
ept_cycles_per_execution_cycles: 0.029707 
cycles: 11984.766667 
ept_cycles_per_execution_cycles: 0.029707 
cycles: 11994.166667 
ept_cycles_per_execution_cycles: 0.029550 
cycles: 12193.100000 
ept_cycles_per_execution_cycles: 0.034951 
cycles: 12193.100000 
ept_cycles_per_execution_cycles: 0.034951 
cycles: 12193.100000 
ept_cycles_per_execution_cycles: 0.034951 
cycles: 12193.100000 
ept_cycles_per_execution_cycles: 0.034951 
cycles: 12193.000000 
ept_cycles_per_execution_cycles: 0.034479 
cycles: 11993.666667 
ept_cycles_per_execution_cycles: 0.029063 
cycles: 11993.666667 
ept_cycles_per_execution_cycles: 0.029063 
cycles: 11993.666667 
ept_cycles_per_execution_cycles: 0.029063 
cycles: 11993.666667 
ept_cycles_per_execution_cycles: 0.029063 
cycles: 12064.666667 
ept_cycles_per_execution_cycles: 0.039857 
cycles: 12222.566667 
ept_cycles_per_execution_cycles: 0.045697 
cycles: 12222.566667 
ept_cycles_per_execution_cycles: 0.045697 
cycles: 12222.566667 
ept_cycles_per_execution_cycles: 0.045697 
cycles: 12222.566667 
ept_cycles_per_execution_cycles: 0.045697 
cycles: 12265.800000 
ept_cycles_per_execution_cycles: 0.049330 
cycles: 12304.000000 
ept_cycles_per_execution_cycles: 0.048691 
cycles: 12304.000000 
ept_cycles_per_execution_cycles: 0.048691 
cycles: 12304.000000 
ept_cycles_per_execution_cycles: 0.048691 
cycles: 12304.000000 
ept_cycles_per_execution_cycles: 0.048691 
cycles: 12345.633333 
ept_cycles_per_execution_cycles: 0.049283 
cycles: 12530.233333 
ept_cycles_per_execution_cycles: 0.055014 
cycles: 12530.233333 
ept_cycles_per_execution_cycles: 0.055014 
cycles: 12530.233333 
ept_cycles_per_execution_cycles: 0.055014 
cycles: 12530.233333 
ept_cycles_per_execution_cycles: 0.055014 
cycles: 12694.633333 
ept_cycles_per_execution_cycles: 0.055990 
cycles: 12810.633333 
ept_cycles_per_execution_cycles: 0.059942 
cycles: 12810.633333 
ept_cycles_per_execution_cycles: 0.059942 
cycles: 12810.633333 
ept_cycles_per_execution_cycles: 0.059942 
cycles: 12810.633333 
ept_cycles_per_execution_cycles: 0.059942 
cycles: 12873.033333 
ept_cycles_per_execution_cycles: 0.058670 
cycles: 12890.333333 
ept_cycles_per_execution_cycles: 0.059414 
cycles: 12890.333333 
ept_cycles_per_execution_cycles: 0.059414 
cycles: 12890.333333 
ept_cycles_per_execution_cycles: 0.059414 
cycles: 12890.333333 
ept_cycles_per_execution_cycles: 0.059414 
cycles: 12984.300000 
ept_cycles_per_execution_cycles: 0.059847 
cycles: 13073.666667 
ept_cycles_per_execution_cycles: 0.059511 
cycles: 13073.666667 
ept_cycles_per_execution_cycles: 0.059511 
cycles: 13073.666667 
ept_cycles_per_execution_cycles: 0.059511 
cycles: 13073.666667 
ept_cycles_per_execution_cycles: 0.059511 
cycles: 12986.666667 
ept_cycles_per_execution_cycles: 0.047092 
cycles: 12984.600000 
ept_cycles_per_execution_cycles: 0.047087 
cycles: 12984.600000 
ept_cycles_per_execution_cycles: 0.047087 
cycles: 12984.600000 
ept_cycles_per_execution_cycles: 0.047087 
cycles: 12984.600000 
ept_cycles_per_execution_cycles: 0.047087 
cycles: 13014.600000 
ept_cycles_per_execution_cycles: 0.042890 
cycles: 12956.833333 
ept_cycles_per_execution_cycles: 0.042840 
cycles: 12956.833333 
ept_cycles_per_execution_cycles: 0.042840 
cycles: 12956.833333 
ept_cycles_per_execution_cycles: 0.042840 
cycles: 12956.833333 
ept_cycles_per_execution_cycles: 0.042840 
cycles: 12906.766667 
ept_cycles_per_execution_cycles: 0.041539 
cycles: 12873.700000 
ept_cycles_per_execution_cycles: 0.042179 
cycles: 12873.700000 
ept_cycles_per_execution_cycles: 0.042179 
cycles: 12873.700000 
ept_cycles_per_execution_cycles: 0.042179 
cycles: 12873.700000 
ept_cycles_per_execution_cycles: 0.042179 
cycles: 12763.966667 
ept_cycles_per_execution_cycles: 0.042301 
cycles: 12767.766667 
ept_cycles_per_execution_cycles: 0.041631 
cycles: 12767.766667 
ept_cycles_per_execution_cycles: 0.041631 
cycles: 12767.766667 
ept_cycles_per_execution_cycles: 0.041631 
cycles: 12767.766667 
ept_cycles_per_execution_cycles: 0.041631 
cycles: 12830.800000 
ept_cycles_per_execution_cycles: 0.055180 
cycles: 12766.700000 
ept_cycles_per_execution_cycles: 0.054705 
cycles: 12766.700000 
ept_cycles_per_execution_cycles: 0.054705 
cycles: 12766.700000 
ept_cycles_per_execution_cycles: 0.054705 
cycles: 12766.700000 
ept_cycles_per_execution_cycles: 0.054705 
cycles: 12879.300000 
ept_cycles_per_execution_cycles: 0.070050 
cycles: 12813.233333 
ept_cycles_per_execution_cycles: 0.069946 
cycles: 12813.233333 
ept_cycles_per_execution_cycles: 0.069946 
cycles: 12813.233333 
ept_cycles_per_execution_cycles: 0.069946 
cycles: 12813.233333 
ept_cycles_per_execution_cycles: 0.069946 
cycles: 12817.066667 
ept_cycles_per_execution_cycles: 0.073842 
cycles: 12902.266667 
ept_cycles_per_execution_cycles: 0.077924 
cycles: 12902.266667 
ept_cycles_per_execution_cycles: 0.077924 
cycles: 12902.266667 
ept_cycles_per_execution_cycles: 0.077924 
cycles: 12902.266667 
ept_cycles_per_execution_cycles: 0.077924 
cycles: 12858.466667 
ept_cycles_per_execution_cycles: 0.080175 
cycles: 13125.966667 
ept_cycles_per_execution_cycles: 0.084151 
cycles: 13125.966667 
ept_cycles_per_execution_cycles: 0.084151 
cycles: 13125.966667 
ept_cycles_per_execution_cycles: 0.084151 
cycles: 13125.966667 
ept_cycles_per_execution_cycles: 0.084151 
cycles: 13266.033333 
ept_cycles_per_execution_cycles: 0.096801 
cycles: 13132.933333 
ept_cycles_per_execution_cycles: 0.091432 
cycles: 13132.933333 
ept_cycles_per_execution_cycles: 0.091432 
cycles: 13132.933333 
ept_cycles_per_execution_cycles: 0.091432 
cycles: 13132.933333 
ept_cycles_per_execution_cycles: 0.091432 
cycles: 13168.033333 
ept_cycles_per_execution_cycles: 0.093800 
cycles: 13019.633333 
ept_cycles_per_execution_cycles: 0.090148 
cycles: 13019.633333 
ept_cycles_per_execution_cycles: 0.090148 
cycles: 13019.633333 
ept_cycles_per_execution_cycles: 0.090148 
cycles: 13019.633333 
ept_cycles_per_execution_cycles: 0.090148 
cycles: 12881.600000 
ept_cycles_per_execution_cycles: 0.078401 
cycles: 12747.033333 
ept_cycles_per_execution_cycles: 0.073285 
cycles: 12747.033333 
ept_cycles_per_execution_cycles: 0.073285 
cycles: 12747.033333 
ept_cycles_per_execution_cycles: 0.073285 
cycles: 12747.033333 
ept_cycles_per_execution_cycles: 0.073285 
cycles: 12538.933333 
ept_cycles_per_execution_cycles: 0.057493 
cycles: 12590.500000 
ept_cycles_per_execution_cycles: 0.061107 
cycles: 12590.500000 
ept_cycles_per_execution_cycles: 0.061107 
cycles: 12590.500000 
ept_cycles_per_execution_cycles: 0.061107 
cycles: 12590.500000 
ept_cycles_per_execution_cycles: 0.061107 
cycles: 12563.566667 
ept_cycles_per_execution_cycles: 0.057619 
cycles: 12321.800000 
ept_cycles_per_execution_cycles: 0.047014 
cycles: 12321.800000 
ept_cycles_per_execution_cycles: 0.047014 
cycles: 12321.800000 
ept_cycles_per_execution_cycles: 0.047014 
cycles: 12321.800000 
ept_cycles_per_execution_cycles: 0.047014 
cycles: 12277.800000 
ept_cycles_per_execution_cycles: 0.044859 
cycles: 12053.966667 
ept_cycles_per_execution_cycles: 0.039356 
cycles: 12053.966667 
ept_cycles_per_execution_cycles: 0.039356 
cycles: 12053.966667 
ept_cycles_per_execution_cycles: 0.039356 
cycles: 12053.966667 
ept_cycles_per_execution_cycles: 0.039356 
cycles: 12041.133333 
ept_cycles_per_execution_cycles: 0.038607 
cycles: 11966.566667 
ept_cycles_per_execution_cycles: 0.037822 
cycles: 11966.566667 
ept_cycles_per_execution_cycles: 0.037822 
cycles: 11966.566667 
ept_cycles_per_execution_cycles: 0.037822 
cycles: 11966.566667 
ept_cycles_per_execution_cycles: 0.037822 
cycles: 11934.066667 
ept_cycles_per_execution_cycles: 0.037760 
cycles: 12021.800000 
ept_cycles_per_execution_cycles: 0.036944 
cycles: 12021.800000 
ept_cycles_per_execution_cycles: 0.036944 
cycles: 12021.800000 
ept_cycles_per_execution_cycles: 0.036944 
cycles: 12021.800000 
ept_cycles_per_execution_cycles: 0.036944 
cycles: 12051.333333 
ept_cycles_per_execution_cycles: 0.037667 
cycles: 12021.333333 
ept_cycles_per_execution_cycles: 0.036707 
cycles: 12021.333333 
ept_cycles_per_execution_cycles: 0.036707 
cycles: 12021.333333 
ept_cycles_per_execution_cycles: 0.036707 
cycles: 12021.333333 
ept_cycles_per_execution_cycles: 0.036707 
cycles: 12055.733333 
ept_cycles_per_execution_cycles: 0.038245 
cycles: 12054.133333 
ept_cycles_per_execution_cycles: 0.039276 
cycles: 12054.133333 
ept_cycles_per_execution_cycles: 0.039276 
cycles: 12054.133333 
ept_cycles_per_execution_cycles: 0.039276 
cycles: 12054.133333 
ept_cycles_per_execution_cycles: 0.039276 
cycles: 12038.800000 
ept_cycles_per_execution_cycles: 0.039104 
cycles: 11979.166667 
ept_cycles_per_execution_cycles: 0.040014 
cycles: 11979.166667 
ept_cycles_per_execution_cycles: 0.040014 
cycles: 11979.166667 
ept_cycles_per_execution_cycles: 0.040014 
cycles: 11979.166667 
ept_cycles_per_execution_cycles: 0.040014 
cycles: 11997.533333 
ept_cycles_per_execution_cycles: 0.040600 
cycles: 11917.733333 
ept_cycles_per_execution_cycles: 0.040575 
cycles: 11917.733333 
ept_cycles_per_execution_cycles: 0.040575 
cycles: 11917.733333 
ept_cycles_per_execution_cycles: 0.040575 
cycles: 11917.733333 
ept_cycles_per_execution_cycles: 0.040575 
cycles: 11802.166667 
ept_cycles_per_execution_cycles: 0.027131 
cycles: 11818.033333 
ept_cycles_per_execution_cycles: 0.027591 
cycles: 11818.033333 
ept_cycles_per_execution_cycles: 0.027591 
cycles: 11818.033333 
ept_cycles_per_execution_cycles: 0.027591 
cycles: 11818.033333 
ept_cycles_per_execution_cycles: 0.027591 
cycles: 11804.300000 
ept_cycles_per_execution_cycles: 0.024223 
cycles: 11766.133333 
ept_cycles_per_execution_cycles: 0.025114 
cycles: 11766.133333 
ept_cycles_per_execution_cycles: 0.025114 
cycles: 11766.133333 
ept_cycles_per_execution_cycles: 0.025114 
cycles: 11766.133333 
ept_cycles_per_execution_cycles: 0.025114 
cycles: 11728.300000 
ept_cycles_per_execution_cycles: 0.023442 
cycles: 11791.500000 
ept_cycles_per_execution_cycles: 0.024495 
cycles: 11791.500000 
ept_cycles_per_execution_cycles: 0.024495 
cycles: 11791.500000 
ept_cycles_per_execution_cycles: 0.024495 
cycles: 11791.500000 
ept_cycles_per_execution_cycles: 0.024495 
cycles: 11764.366667 
ept_cycles_per_execution_cycles: 0.023359 
cycles: 11695.833333 
ept_cycles_per_execution_cycles: 0.018642 
cycles: 11695.833333 
ept_cycles_per_execution_cycles: 0.018642 
cycles: 11695.833333 
ept_cycles_per_execution_cycles: 0.018642 
cycles: 13048.766667 
ept_cycles_per_execution_cycles: 0.032941 
cycles: 12219.700000 
ept_cycles_per_execution_cycles: 0.034106 
cycles: 12189.400000 
ept_cycles_per_execution_cycles: 0.032788 
cycles: 12189.400000 
ept_cycles_per_execution_cycles: 0.032788 
cycles: 12189.400000 
ept_cycles_per_execution_cycles: 0.032788 
cycles: 13956.033333 
ept_cycles_per_execution_cycles: 0.034064 
cycles: 12231.800000 
ept_cycles_per_execution_cycles: 0.037326 
cycles: 12482.133333 
ept_cycles_per_execution_cycles: 0.041937 
cycles: 12482.133333 
ept_cycles_per_execution_cycles: 0.041937 
cycles: 12482.133333 
ept_cycles_per_execution_cycles: 0.041937 
cycles: 14245.833333 
ept_cycles_per_execution_cycles: 0.039778 
cycles: 12525.266667 
ept_cycles_per_execution_cycles: 0.043443 
cycles: 12560.066667 
ept_cycles_per_execution_cycles: 0.044307 
cycles: 12560.066667 
ept_cycles_per_execution_cycles: 0.044307 
cycles: 12560.066667 
ept_cycles_per_execution_cycles: 0.044307 
cycles: 14383.300000 
ept_cycles_per_execution_cycles: 0.039873 
cycles: 12657.700000 
ept_cycles_per_execution_cycles: 0.043934 
cycles: 12783.433333 
ept_cycles_per_execution_cycles: 0.048430 
cycles: 12783.433333 
ept_cycles_per_execution_cycles: 0.048430 
cycles: 12783.433333 
ept_cycles_per_execution_cycles: 0.048430 
cycles: 14607.833333 
ept_cycles_per_execution_cycles: 0.044047 
cycles: 12891.233333 
ept_cycles_per_execution_cycles: 0.048578 
cycles: 12830.966667 
ept_cycles_per_execution_cycles: 0.048638 
cycles: 12830.966667 
ept_cycles_per_execution_cycles: 0.048638 
cycles: 12830.966667 
ept_cycles_per_execution_cycles: 0.048638 
cycles: 14643.200000 
ept_cycles_per_execution_cycles: 0.043731 
cycles: 12932.066667 
ept_cycles_per_execution_cycles: 0.048327 
cycles: 12963.366667 
ept_cycles_per_execution_cycles: 0.047745 
cycles: 12963.366667 
ept_cycles_per_execution_cycles: 0.047745 
cycles: 12963.366667 
ept_cycles_per_execution_cycles: 0.047745 
cycles: 13355.466667 
ept_cycles_per_execution_cycles: 0.032269 
cycles: 12463.933333 
ept_cycles_per_execution_cycles: 0.033572 
cycles: 12475.266667 
ept_cycles_per_execution_cycles: 0.033097 
cycles: 12475.266667 
ept_cycles_per_execution_cycles: 0.033097 
cycles: 12475.266667 
ept_cycles_per_execution_cycles: 0.033097 
cycles: 12481.300000 
ept_cycles_per_execution_cycles: 0.028167 
cycles: 12481.300000 
ept_cycles_per_execution_cycles: 0.028167 
cycles: 12227.600000 
ept_cycles_per_execution_cycles: 0.023474 
cycles: 12227.600000 
ept_cycles_per_execution_cycles: 0.023474 
cycles: 12227.600000 
ept_cycles_per_execution_cycles: 0.023474 
cycles: 12216.766667 
ept_cycles_per_execution_cycles: 0.022483 
cycles: 12216.766667 
ept_cycles_per_execution_cycles: 0.022483 
cycles: 12390.100000 
ept_cycles_per_execution_cycles: 0.026844 
cycles: 12390.100000 
ept_cycles_per_execution_cycles: 0.026844 
cycles: 12390.100000 
ept_cycles_per_execution_cycles: 0.026844 
cycles: 12283.533333 
ept_cycles_per_execution_cycles: 0.026903 
cycles: 12283.533333 
ept_cycles_per_execution_cycles: 0.026903 
cycles: 12119.566667 
ept_cycles_per_execution_cycles: 0.022275 
cycles: 12119.566667 
ept_cycles_per_execution_cycles: 0.022275 
cycles: 12119.566667 
ept_cycles_per_execution_cycles: 0.022275 
cycles: 12171.566667 
ept_cycles_per_execution_cycles: 0.038571 
cycles: 12171.566667 
ept_cycles_per_execution_cycles: 0.038571 
cycles: 12667.633333 
ept_cycles_per_execution_cycles: 0.045818 
cycles: 12667.633333 
ept_cycles_per_execution_cycles: 0.045818 
cycles: 12667.633333 
ept_cycles_per_execution_cycles: 0.045818 
cycles: 12607.100000 
ept_cycles_per_execution_cycles: 0.049504 
cycles: 12607.100000 
ept_cycles_per_execution_cycles: 0.049504 
cycles: 12656.966667 
ept_cycles_per_execution_cycles: 0.049785 
cycles: 12656.966667 
ept_cycles_per_execution_cycles: 0.049785 
cycles: 12656.966667 
ept_cycles_per_execution_cycles: 0.049785 
cycles: 12670.900000 
ept_cycles_per_execution_cycles: 0.050767 
cycles: 12670.900000 
ept_cycles_per_execution_cycles: 0.050767 
cycles: 12720.500000 
ept_cycles_per_execution_cycles: 0.051109 
cycles: 12720.500000 
ept_cycles_per_execution_cycles: 0.051109 
cycles: 12720.500000 
ept_cycles_per_execution_cycles: 0.051109 
cycles: 12666.133333 
ept_cycles_per_execution_cycles: 0.051042 
cycles: 12666.133333 
ept_cycles_per_execution_cycles: 0.051042 
cycles: 12922.100000 
ept_cycles_per_execution_cycles: 0.056062 
cycles: 12922.100000 
ept_cycles_per_execution_cycles: 0.056062 
cycles: 12922.100000 
ept_cycles_per_execution_cycles: 0.056062 
cycles: 12871.366667 
ept_cycles_per_execution_cycles: 0.054936 
cycles: 12871.366667 
ept_cycles_per_execution_cycles: 0.054936 
cycles: 12791.700000 
ept_cycles_per_execution_cycles: 0.052273 
cycles: 12791.700000 
ept_cycles_per_execution_cycles: 0.052273 
cycles: 12791.700000 
ept_cycles_per_execution_cycles: 0.052273 
cycles: 12747.066667 
ept_cycles_per_execution_cycles: 0.051499 
cycles: 12747.066667 
ept_cycles_per_execution_cycles: 0.051499 
cycles: 12575.033333 
ept_cycles_per_execution_cycles: 0.051573 
cycles: 12749.600000 
ept_cycles_per_execution_cycles: 0.051476 
cycles: 12749.600000 
ept_cycles_per_execution_cycles: 0.051476 
cycles: 12589.366667 
ept_cycles_per_execution_cycles: 0.035165 
cycles: 12589.366667 
ept_cycles_per_execution_cycles: 0.035165 
cycles: 11883.133333 
ept_cycles_per_execution_cycles: 0.026573 
cycles: 12107.400000 
ept_cycles_per_execution_cycles: 0.026920 
cycles: 12107.400000 
ept_cycles_per_execution_cycles: 0.026920 
cycles: 12034.800000 
ept_cycles_per_execution_cycles: 0.022294 
cycles: 12034.800000 
ept_cycles_per_execution_cycles: 0.022294 
cycles: 11746.166667 
ept_cycles_per_execution_cycles: 0.021499 
cycles: 12077.800000 
ept_cycles_per_execution_cycles: 0.022350 
cycles: 12077.800000 
ept_cycles_per_execution_cycles: 0.022350 
cycles: 17251.433333 
ept_cycles_per_execution_cycles: 0.038198 
cycles: 17251.433333 
ept_cycles_per_execution_cycles: 0.038198 
cycles: 17022.433333 
ept_cycles_per_execution_cycles: 0.038054 
cycles: 17243.366667 
ept_cycles_per_execution_cycles: 0.037748 
cycles: 17243.366667 
ept_cycles_per_execution_cycles: 0.037748 
cycles: 19096.233333 
ept_cycles_per_execution_cycles: 0.037372 
cycles: 19096.233333 
ept_cycles_per_execution_cycles: 0.037372 
cycles: 18649.266667 
ept_cycles_per_execution_cycles: 0.033447 
cycles: 18957.000000 
ept_cycles_per_execution_cycles: 0.035072 
cycles: 18957.000000 
ept_cycles_per_execution_cycles: 0.035072 
cycles: 19334.066667 
ept_cycles_per_execution_cycles: 0.046529 
cycles: 19334.066667 
ept_cycles_per_execution_cycles: 0.046529 
cycles: 19023.466667 
ept_cycles_per_execution_cycles: 0.045148 
cycles: 19315.500000 
ept_cycles_per_execution_cycles: 0.046700 
cycles: 19315.500000 
ept_cycles_per_execution_cycles: 0.046700 
cycles: 19455.966667 
ept_cycles_per_execution_cycles: 0.050223 
cycles: 5212504.033333 
ept_cycles_per_execution_cycles: 0.020942 
cycles: 13876898.500000 
ept_cycles_per_execution_cycles: 0.025824 
cycles: 22458481.633333 
ept_cycles_per_execution_cycles: 0.032462 
cycles: 31366697.666667 
ept_cycles_per_execution_cycles: 0.038652 
cycles: 40811261.733333 
ept_cycles_per_execution_cycles: 0.042710 
cycles: 50235422.866667 
ept_cycles_per_execution_cycles: 0.046504 
cycles: 59287570.400000 
ept_cycles_per_execution_cycles: 0.050337 
cycles: 72509263.766667 
ept_cycles_per_execution_cycles: 0.058165 
cycles: 84050400.066667 
ept_cycles_per_execution_cycles: 0.061244 
cycles: 93718207.966667 
ept_cycles_per_execution_cycles: 0.061297 
cycles: 110744437.233333 
ept_cycles_per_execution_cycles: 0.058189 
cycles: 122538607.500000 
ept_cycles_per_execution_cycles: 0.059055 
cycles: 136634684.700000 
ept_cycles_per_execution_cycles: 0.060980 
cycles: 149052722.700000 
ept_cycles_per_execution_cycles: 0.064267 
cycles: 162325148.633333 
ept_cycles_per_execution_cycles: 0.067475 
cycles: 173562510.466667 
ept_cycles_per_execution_cycles: 0.067883 
cycles: 183976527.066667 
ept_cycles_per_execution_cycles: 0.067803 
cycles: 196716169.133333 
ept_cycles_per_execution_cycles: 0.067970 
cycles: 207843596.600000 
ept_cycles_per_execution_cycles: 0.069024 
cycles: 221190620.600000 
ept_cycles_per_execution_cycles: 0.070587 
cycles: 233123346.966667 
ept_cycles_per_execution_cycles: 0.071696 
cycles: 246736014.166667 
ept_cycles_per_execution_cycles: 0.073213 
cycles: 258544463.800000 
ept_cycles_per_execution_cycles: 0.073439 
cycles: 273340457.333333 
ept_cycles_per_execution_cycles: 0.073849 
cycles: 286649676.366667 
ept_cycles_per_execution_cycles: 0.073870 
cycles: 299982391.666667 
ept_cycles_per_execution_cycles: 0.074118 
cycles: 313190545.900000 
ept_cycles_per_execution_cycles: 0.074228 
cycles: 325529518.233333 
ept_cycles_per_execution_cycles: 0.074569 
cycles: 338235573.666667 
ept_cycles_per_execution_cycles: 0.074555 
cycles: 352068358.800000 
ept_cycles_per_execution_cycles: 0.074831 
cycles: 359959174.600000 
ept_cycles_per_execution_cycles: 0.075851 
cycles: 364826633.700000 
ept_cycles_per_execution_cycles: 0.077275 
cycles: 369943438.100000 
ept_cycles_per_execution_cycles: 0.078247 
cycles: 372169980.066667 
ept_cycles_per_execution_cycles: 0.078848 
cycles: 374362834.833333 
ept_cycles_per_execution_cycles: 0.078934 
cycles: 376148268.900000 
ept_cycles_per_execution_cycles: 0.078933 
cycles: 378493865.300000 
ept_cycles_per_execution_cycles: 0.078732 
cycles: 376277499.133333 
ept_cycles_per_execution_cycles: 0.077548 
cycles: 373830883.800000 
ept_cycles_per_execution_cycles: 0.077335 
cycles: 372787061.766667 
ept_cycles_per_execution_cycles: 0.077663 
cycles: 366695164.200000 
ept_cycles_per_execution_cycles: 0.079034 
cycles: 366532295.633333 
ept_cycles_per_execution_cycles: 0.079041 
cycles: 367133231.633333 
ept_cycles_per_execution_cycles: 0.078819 
cycles: 366735073.300000 
ept_cycles_per_execution_cycles: 0.078703 
cycles: 365077221.266667 
ept_cycles_per_execution_cycles: 0.078459 
cycles: 365954920.500000 
ept_cycles_per_execution_cycles: 0.079186 
cycles: 368709671.966667 
ept_cycles_per_execution_cycles: 0.080203 
cycles: 370211686.000000 
ept_cycles_per_execution_cycles: 0.080961 
cycles: 373216429.566667 
ept_cycles_per_execution_cycles: 0.081021 
cycles: 372704206.633333 
ept_cycles_per_execution_cycles: 0.080604 
cycles: 374484537.700000 
ept_cycles_per_execution_cycles: 0.080489 
cycles: 375757847.100000 
ept_cycles_per_execution_cycles: 0.080382 
cycles: 377450940.666667 
ept_cycles_per_execution_cycles: 0.080791 
cycles: 377002745.266667 
ept_cycles_per_execution_cycles: 0.081294 
cycles: 378510813.300000 
ept_cycles_per_execution_cycles: 0.082178 
cycles: 378835175.100000 
ept_cycles_per_execution_cycles: 0.082498 
cycles: 379500940.533333 
ept_cycles_per_execution_cycles: 0.082952 
cycles: 381769570.033333 
ept_cycles_per_execution_cycles: 0.083145 
cycles: 382039053.366667 
ept_cycles_per_execution_cycles: 0.084058 
cycles: 382679772.300000 
ept_cycles_per_execution_cycles: 0.084613 
cycles: 384910876.600000 
ept_cycles_per_execution_cycles: 0.085461 
cycles: 385720435.700000 
ept_cycles_per_execution_cycles: 0.086022 
cycles: 387427747.366667 
ept_cycles_per_execution_cycles: 0.086257 
cycles: 387218528.700000 
ept_cycles_per_execution_cycles: 0.086531 
cycles: 384935121.133333 
ept_cycles_per_execution_cycles: 0.087099 
cycles: 383719154.900000 
ept_cycles_per_execution_cycles: 0.087530 
cycles: 383767517.933333 
ept_cycles_per_execution_cycles: 0.087707 
cycles: 386814567.566667 
ept_cycles_per_execution_cycles: 0.087702 
cycles: 387408019.900000 
ept_cycles_per_execution_cycles: 0.088065 
cycles: 388894216.266667 
ept_cycles_per_execution_cycles: 0.088374 
cycles: 388041826.033333 
ept_cycles_per_execution_cycles: 0.088964 
cycles: 386540559.500000 
ept_cycles_per_execution_cycles: 0.089440 
cycles: 383523622.466667 
ept_cycles_per_execution_cycles: 0.089597 
cycles: 383298694.033333 
ept_cycles_per_execution_cycles: 0.088926 
cycles: 384037877.033333 
ept_cycles_per_execution_cycles: 0.088279 
cycles: 384234685.700000 
ept_cycles_per_execution_cycles: 0.087860 
cycles: 383203974.166667 
ept_cycles_per_execution_cycles: 0.087382 
cycles: 380199924.933333 
ept_cycles_per_execution_cycles: 0.087131 
cycles: 377830259.333333 
ept_cycles_per_execution_cycles: 0.086949 
cycles: 376680375.600000 
ept_cycles_per_execution_cycles: 0.086869 
cycles: 375451147.366667 
ept_cycles_per_execution_cycles: 0.086725 
cycles: 373273140.533333 
ept_cycles_per_execution_cycles: 0.086208 
cycles: 377936287.200000 
ept_cycles_per_execution_cycles: 0.084784 
cycles: 376806093.733333 
ept_cycles_per_execution_cycles: 0.084933 
cycles: 373972474.466667 
ept_cycles_per_execution_cycles: 0.085253 
cycles: 372869258.900000 
ept_cycles_per_execution_cycles: 0.085819 
cycles: 371878809.200000 
ept_cycles_per_execution_cycles: 0.086416 
cycles: 370483788.200000 
ept_cycles_per_execution_cycles: 0.086979 
cycles: 374363741.333333 
ept_cycles_per_execution_cycles: 0.086124 
cycles: 372353899.933333 
ept_cycles_per_execution_cycles: 0.086409 
cycles: 369113962.333333 
ept_cycles_per_execution_cycles: 0.086338 
cycles: 367383983.566667 
ept_cycles_per_execution_cycles: 0.086463 
cycles: 366396427.466667 
ept_cycles_per_execution_cycles: 0.086771 
cycles: 370961565.066667 
ept_cycles_per_execution_cycles: 0.086728 
cycles: 374329770.333333 
ept_cycles_per_execution_cycles: 0.087582 
cycles: 377569236.866667 
ept_cycles_per_execution_cycles: 0.088441 
cycles: 378538956.733333 
ept_cycles_per_execution_cycles: 0.089386 
cycles: 376181441.866667 
ept_cycles_per_execution_cycles: 0.090778 
cycles: 378979174.200000 
ept_cycles_per_execution_cycles: 0.091213 
cycles: 382254383.466667 
ept_cycles_per_execution_cycles: 0.091797 
cycles: 384120546.266667 
ept_cycles_per_execution_cycles: 0.091970 
cycles: 385601559.400000 
ept_cycles_per_execution_cycles: 0.093242 
cycles: 385460614.733333 
ept_cycles_per_execution_cycles: 0.094078 
cycles: 383041086.833333 
ept_cycles_per_execution_cycles: 0.096079 
cycles: 378630313.233333 
ept_cycles_per_execution_cycles: 0.097707 
cycles: 375944643.500000 
ept_cycles_per_execution_cycles: 0.099611 
cycles: 372200539.800000 
ept_cycles_per_execution_cycles: 0.101297 
=========== ACTION : ENABLE TPT ===========
cycles: 370903956.633333 
ept_cycles_per_execution_cycles: 0.103046 
=========== ACTION : ENABLE TPT ===========
cycles: 369535913.966667 
ept_cycles_per_execution_cycles: 0.103387 
=========== ACTION : ENABLE TPT ===========
cycles: 368604855.166667 
ept_cycles_per_execution_cycles: 0.105561 
=========== ACTION : ENABLE TPT ===========
cycles: 363388356.200000 
ept_cycles_per_execution_cycles: 0.107110 
=========== ACTION : ENABLE TPT ===========
cycles: 353619334.600000 
ept_cycles_per_execution_cycles: 0.107808 
=========== ACTION : ENABLE TPT ===========
cycles: 338325142.466667 
ept_cycles_per_execution_cycles: 0.110166 
=========== ACTION : ENABLE TPT ===========
cycles: 328010862.933333 
ept_cycles_per_execution_cycles: 0.110329 
=========== ACTION : ENABLE TPT ===========
cycles: 319279840.966667 
ept_cycles_per_execution_cycles: 0.109922 
=========== ACTION : ENABLE TPT ===========
cycles: 309601690.333333 
ept_cycles_per_execution_cycles: 0.109816 
=========== ACTION : ENABLE TPT ===========
cycles: 299579660.566667 
ept_cycles_per_execution_cycles: 0.109632 
=========== ACTION : ENABLE TPT ===========
cycles: 289330873.900000 
ept_cycles_per_execution_cycles: 0.109524 
=========== ACTION : ENABLE TPT ===========
cycles: 276312548.166667 
ept_cycles_per_execution_cycles: 0.110716 
=========== ACTION : ENABLE TPT ===========
cycles: 270310929.100000 
ept_cycles_per_execution_cycles: 0.109470 
=========== ACTION : ENABLE TPT ===========
cycles: 261052529.666667 
ept_cycles_per_execution_cycles: 0.109638 
=========== ACTION : ENABLE TPT ===========
cycles: 251240885.000000 
ept_cycles_per_execution_cycles: 0.109875 
=========== ACTION : ENABLE TPT ===========
cycles: 242123448.233333 
ept_cycles_per_execution_cycles: 0.109606 
=========== ACTION : ENABLE TPT ===========
cycles: 231408211.200000 
ept_cycles_per_execution_cycles: 0.109948 
=========== ACTION : ENABLE TPT ===========
cycles: 221739775.466667 
ept_cycles_per_execution_cycles: 0.109646 
=========== ACTION : ENABLE TPT ===========
cycles: 211530767.800000 
ept_cycles_per_execution_cycles: 0.109433 
=========== ACTION : ENABLE TPT ===========
cycles: 202212603.000000 
ept_cycles_per_execution_cycles: 0.109371 
=========== ACTION : ENABLE TPT ===========
cycles: 193536859.633333 
ept_cycles_per_execution_cycles: 0.109329 
=========== ACTION : ENABLE TPT ===========
cycles: 184077719.133333 
ept_cycles_per_execution_cycles: 0.109318 
=========== ACTION : ENABLE TPT ===========
cycles: 173726445.300000 
ept_cycles_per_execution_cycles: 0.109068 
=========== ACTION : ENABLE TPT ===========
cycles: 164779775.733333 
ept_cycles_per_execution_cycles: 0.109614 
=========== ACTION : ENABLE TPT ===========
cycles: 156205258.166667 
ept_cycles_per_execution_cycles: 0.107789 
=========== ACTION : ENABLE TPT ===========
cycles: 147729208.566667 
ept_cycles_per_execution_cycles: 0.107737 
=========== ACTION : ENABLE TPT ===========
cycles: 141411469.033333 
ept_cycles_per_execution_cycles: 0.104094 
=========== ACTION : ENABLE TPT ===========
cycles: 136477005.966667 
ept_cycles_per_execution_cycles: 0.101062 
=========== ACTION : ENABLE TPT ===========
cycles: 129929823.700000 
ept_cycles_per_execution_cycles: 0.096645 
cycles: 124597837.733333 
ept_cycles_per_execution_cycles: 0.092536 
cycles: 117729792.366667 
ept_cycles_per_execution_cycles: 0.087586 
cycles: 110410310.633333 
ept_cycles_per_execution_cycles: 0.086941 
cycles: 102760353.366667 
ept_cycles_per_execution_cycles: 0.079740 
cycles: 98551305.100000 
ept_cycles_per_execution_cycles: 0.074884 
cycles: 98595326.266667 
ept_cycles_per_execution_cycles: 0.074821 
cycles: 98783301.033333 
ept_cycles_per_execution_cycles: 0.074773 
cycles: 98891806.933333 
ept_cycles_per_execution_cycles: 0.074659 
cycles: 98645457.633333 
ept_cycles_per_execution_cycles: 0.074723 
cycles: 98774945.800000 
ept_cycles_per_execution_cycles: 0.074543 
cycles: 98955723.200000 
ept_cycles_per_execution_cycles: 0.074369 
cycles: 99016777.266667 
ept_cycles_per_execution_cycles: 0.074308 
cycles: 98197211.266667 
ept_cycles_per_execution_cycles: 0.074781 
cycles: 94765313.600000 
ept_cycles_per_execution_cycles: 0.076359 
cycles: 94962689.200000 
ept_cycles_per_execution_cycles: 0.075307 
cycles: 95181215.666667 
ept_cycles_per_execution_cycles: 0.074258 
cycles: 92907602.066667 
ept_cycles_per_execution_cycles: 0.075015 
cycles: 91207663.033333 
ept_cycles_per_execution_cycles: 0.076145 
cycles: 91210274.366667 
ept_cycles_per_execution_cycles: 0.076049 
cycles: 91216010.033333 
ept_cycles_per_execution_cycles: 0.075956 
cycles: 91161692.700000 
ept_cycles_per_execution_cycles: 0.075861 
cycles: 91150447.166667 
ept_cycles_per_execution_cycles: 0.075727 
cycles: 91126684.400000 
ept_cycles_per_execution_cycles: 0.075560 
cycles: 91102538.200000 
ept_cycles_per_execution_cycles: 0.075425 
cycles: 91143985.866667 
ept_cycles_per_execution_cycles: 0.075259 
cycles: 91218764.066667 
ept_cycles_per_execution_cycles: 0.074602 
cycles: 91225877.433333 
ept_cycles_per_execution_cycles: 0.073810 
cycles: 91253029.266667 
ept_cycles_per_execution_cycles: 0.073015 
cycles: 91336062.833333 
ept_cycles_per_execution_cycles: 0.072226 
cycles: 91309458.500000 
ept_cycles_per_execution_cycles: 0.072035 
cycles: 91259588.466667 
ept_cycles_per_execution_cycles: 0.071856 
cycles: 91190346.800000 
ept_cycles_per_execution_cycles: 0.071721 
cycles: 91131456.366667 
ept_cycles_per_execution_cycles: 0.071587 
cycles: 91082809.400000 
ept_cycles_per_execution_cycles: 0.071430 
cycles: 91052526.833333 
ept_cycles_per_execution_cycles: 0.071272 
cycles: 91120655.433333 
ept_cycles_per_execution_cycles: 0.071152 
cycles: 91080489.633333 
ept_cycles_per_execution_cycles: 0.071055 
cycles: 91120525.966667 
ept_cycles_per_execution_cycles: 0.071039 
cycles: 91146137.266667 
ept_cycles_per_execution_cycles: 0.071074 
cycles: 91168208.200000 
ept_cycles_per_execution_cycles: 0.071066 
cycles: 91148016.366667 
ept_cycles_per_execution_cycles: 0.071082 
cycles: 91115812.933333 
ept_cycles_per_execution_cycles: 0.071093 
cycles: 91128960.333333 
ept_cycles_per_execution_cycles: 0.071094 
cycles: 91121044.900000 
ept_cycles_per_execution_cycles: 0.071119 
cycles: 91053532.800000 
ept_cycles_per_execution_cycles: 0.070973 
cycles: 91127917.766667 
ept_cycles_per_execution_cycles: 0.070308 
cycles: 91173274.066667 
ept_cycles_per_execution_cycles: 0.069591 
cycles: 91148398.033333 
ept_cycles_per_execution_cycles: 0.068893 
cycles: 91152377.900000 
ept_cycles_per_execution_cycles: 0.068163 
cycles: 91192012.966667 
ept_cycles_per_execution_cycles: 0.067437 
cycles: 91190043.766667 
ept_cycles_per_execution_cycles: 0.067286 
cycles: 91218553.566667 
ept_cycles_per_execution_cycles: 0.067237 
cycles: 91233911.533333 
ept_cycles_per_execution_cycles: 0.067213 
cycles: 91250784.700000 
ept_cycles_per_execution_cycles: 0.067147 
cycles: 91253444.366667 
ept_cycles_per_execution_cycles: 0.067111 
cycles: 91194093.100000 
ept_cycles_per_execution_cycles: 0.067609 
cycles: 91168229.733333 
ept_cycles_per_execution_cycles: 0.068206 
cycles: 91121773.100000 
ept_cycles_per_execution_cycles: 0.068819 
cycles: 91074958.933333 
ept_cycles_per_execution_cycles: 0.069414 
cycles: 91053617.733333 
ept_cycles_per_execution_cycles: 0.069504 
cycles: 91084075.200000 
ept_cycles_per_execution_cycles: 0.069542 
cycles: 91113848.300000 
ept_cycles_per_execution_cycles: 0.069512 
cycles: 91140064.233333 
ept_cycles_per_execution_cycles: 0.069469 
cycles: 91130670.566667 
ept_cycles_per_execution_cycles: 0.069584 
cycles: 91147412.133333 
ept_cycles_per_execution_cycles: 0.069558 
cycles: 91120094.533333 
ept_cycles_per_execution_cycles: 0.069548 
cycles: 91109340.600000 
ept_cycles_per_execution_cycles: 0.069551 
cycles: 91080222.700000 
ept_cycles_per_execution_cycles: 0.069646 
cycles: 91089382.800000 
ept_cycles_per_execution_cycles: 0.069782 
cycles: 91099146.766667 
ept_cycles_per_execution_cycles: 0.069957 
cycles: 91101673.633333 
ept_cycles_per_execution_cycles: 0.070103 
cycles: 91153494.900000 
ept_cycles_per_execution_cycles: 0.070200 
cycles: 91172106.900000 
ept_cycles_per_execution_cycles: 0.070296 
cycles: 91197137.800000 
ept_cycles_per_execution_cycles: 0.070448 
cycles: 91293089.266667 
ept_cycles_per_execution_cycles: 0.070603 
cycles: 91225639.333333 
ept_cycles_per_execution_cycles: 0.071242 
cycles: 91210650.800000 
ept_cycles_per_execution_cycles: 0.071875 
cycles: 91192793.600000 
ept_cycles_per_execution_cycles: 0.072551 
cycles: 91167720.733333 
ept_cycles_per_execution_cycles: 0.073258 
cycles: 91167503.133333 
ept_cycles_per_execution_cycles: 0.073922 
cycles: 91159553.033333 
ept_cycles_per_execution_cycles: 0.074066 
cycles: 91071056.500000 
ept_cycles_per_execution_cycles: 0.074123 
cycles: 91077007.366667 
ept_cycles_per_execution_cycles: 0.074111 
cycles: 91066829.033333 
ept_cycles_per_execution_cycles: 0.073804 
cycles: 91095216.000000 
ept_cycles_per_execution_cycles: 0.073150 
cycles: 91096565.633333 
ept_cycles_per_execution_cycles: 0.072513 
cycles: 91093982.300000 
ept_cycles_per_execution_cycles: 0.071875 
cycles: 91140935.600000 
ept_cycles_per_execution_cycles: 0.071147 
cycles: 91158868.600000 
ept_cycles_per_execution_cycles: 0.070405 
cycles: 91093637.333333 
ept_cycles_per_execution_cycles: 0.070316 
cycles: 91067376.266667 
ept_cycles_per_execution_cycles: 0.070243 
cycles: 91017644.833333 
ept_cycles_per_execution_cycles: 0.070235 
cycles: 91030971.400000 
ept_cycles_per_execution_cycles: 0.070206 
cycles: 91017293.633333 
ept_cycles_per_execution_cycles: 0.070076 
cycles: 91015144.300000 
ept_cycles_per_execution_cycles: 0.070075 
cycles: 91001282.133333 
ept_cycles_per_execution_cycles: 0.070106 
cycles: 91014859.633333 
ept_cycles_per_execution_cycles: 0.070054 
cycles: 91046446.366667 
ept_cycles_per_execution_cycles: 0.069858 
cycles: 91046111.300000 
ept_cycles_per_execution_cycles: 0.069647 
cycles: 91004028.366667 
ept_cycles_per_execution_cycles: 0.069419 
cycles: 91006336.866667 
ept_cycles_per_execution_cycles: 0.069265 
cycles: 90949321.200000 
ept_cycles_per_execution_cycles: 0.069135 
cycles: 90917764.633333 
ept_cycles_per_execution_cycles: 0.069001 
cycles: 90902575.833333 
ept_cycles_per_execution_cycles: 0.068864 
cycles: 90845374.500000 
ept_cycles_per_execution_cycles: 0.068899 
cycles: 90842843.633333 
ept_cycles_per_execution_cycles: 0.068965 
cycles: 90775323.166667 
ept_cycles_per_execution_cycles: 0.069054 
cycles: 90782079.600000 
ept_cycles_per_execution_cycles: 0.069050 
cycles: 90767574.266667 
ept_cycles_per_execution_cycles: 0.069099 
cycles: 90724064.466667 
ept_cycles_per_execution_cycles: 0.069157 
cycles: 90728067.466667 
ept_cycles_per_execution_cycles: 0.069181 
cycles: 90840108.266667 
ept_cycles_per_execution_cycles: 0.069158 
cycles: 90867188.533333 
ept_cycles_per_execution_cycles: 0.069202 
cycles: 90897422.333333 
ept_cycles_per_execution_cycles: 0.069529 
cycles: 90881260.333333 
ept_cycles_per_execution_cycles: 0.070206 
cycles: 90863218.766667 
ept_cycles_per_execution_cycles: 0.070878 
cycles: 90838121.733333 
ept_cycles_per_execution_cycles: 0.071567 
cycles: 90783312.400000 
ept_cycles_per_execution_cycles: 0.072359 
cycles: 90727153.466667 
ept_cycles_per_execution_cycles: 0.073222 
cycles: 90811474.900000 
ept_cycles_per_execution_cycles: 0.073342 
cycles: 90816629.100000 
ept_cycles_per_execution_cycles: 0.073514 
cycles: 90871078.766667 
ept_cycles_per_execution_cycles: 0.073634 
cycles: 90858993.333333 
ept_cycles_per_execution_cycles: 0.073795 
cycles: 90845190.766667 
ept_cycles_per_execution_cycles: 0.073909 
cycles: 90855048.433333 
ept_cycles_per_execution_cycles: 0.073972 
cycles: 90901562.700000 
ept_cycles_per_execution_cycles: 0.073984 
cycles: 90922180.666667 
ept_cycles_per_execution_cycles: 0.074025 
cycles: 90927384.533333 
ept_cycles_per_execution_cycles: 0.074088 
cycles: 90921184.900000 
ept_cycles_per_execution_cycles: 0.074156 
cycles: 90919981.600000 
ept_cycles_per_execution_cycles: 0.074282 
cycles: 90925918.233333 
ept_cycles_per_execution_cycles: 0.074299 
cycles: 90981684.733333 
ept_cycles_per_execution_cycles: 0.074345 
cycles: 91015577.600000 
ept_cycles_per_execution_cycles: 0.074384 
cycles: 91051648.733333 
ept_cycles_per_execution_cycles: 0.074305 
cycles: 91117665.233333 
ept_cycles_per_execution_cycles: 0.074203 
cycles: 91138210.066667 
ept_cycles_per_execution_cycles: 0.074081 
cycles: 91169193.833333 
ept_cycles_per_execution_cycles: 0.074001 
cycles: 91156374.566667 
ept_cycles_per_execution_cycles: 0.073992 
cycles: 91151242.933333 
ept_cycles_per_execution_cycles: 0.073900 
cycles: 91097798.833333 
ept_cycles_per_execution_cycles: 0.073818 
cycles: 91086741.900000 
ept_cycles_per_execution_cycles: 0.073719 
cycles: 91057181.733333 
ept_cycles_per_execution_cycles: 0.073674 
cycles: 91034389.133333 
ept_cycles_per_execution_cycles: 0.073646 
cycles: 90976717.500000 
ept_cycles_per_execution_cycles: 0.073676 
cycles: 90941707.966667 
ept_cycles_per_execution_cycles: 0.073687 
cycles: 90945302.333333 
ept_cycles_per_execution_cycles: 0.073659 
cycles: 90938940.533333 
ept_cycles_per_execution_cycles: 0.073651 
cycles: 90952740.133333 
ept_cycles_per_execution_cycles: 0.073607 
cycles: 90986107.066667 
ept_cycles_per_execution_cycles: 0.073482 
cycles: 90972256.333333 
ept_cycles_per_execution_cycles: 0.073388 
cycles: 90951994.300000 
ept_cycles_per_execution_cycles: 0.073284 
cycles: 90928877.833333 
ept_cycles_per_execution_cycles: 0.073190 
cycles: 90928307.233333 
ept_cycles_per_execution_cycles: 0.073080 
cycles: 90953732.233333 
ept_cycles_per_execution_cycles: 0.072986 
cycles: 90886160.633333 
ept_cycles_per_execution_cycles: 0.073012 
cycles: 90887085.900000 
ept_cycles_per_execution_cycles: 0.072953 
cycles: 90870114.600000 
ept_cycles_per_execution_cycles: 0.072942 
cycles: 90735324.800000 
ept_cycles_per_execution_cycles: 0.072906 
cycles: 90704382.400000 
ept_cycles_per_execution_cycles: 0.072411 
cycles: 90786964.600000 
ept_cycles_per_execution_cycles: 0.071681 
cycles: 90827312.800000 
ept_cycles_per_execution_cycles: 0.071044 
cycles: 90898801.400000 
ept_cycles_per_execution_cycles: 0.070395 
cycles: 90944198.866667 
ept_cycles_per_execution_cycles: 0.069764 
cycles: 90975546.500000 
ept_cycles_per_execution_cycles: 0.069166 
cycles: 91045232.566667 
ept_cycles_per_execution_cycles: 0.068566 
cycles: 91065884.566667 
ept_cycles_per_execution_cycles: 0.068031 
cycles: 91120814.766667 
ept_cycles_per_execution_cycles: 0.067420 
cycles: 91152448.100000 
ept_cycles_per_execution_cycles: 0.066808 
cycles: 91178871.600000 
ept_cycles_per_execution_cycles: 0.066207 
cycles: 91268184.700000 
ept_cycles_per_execution_cycles: 0.065615 
cycles: 91310694.400000 
ept_cycles_per_execution_cycles: 0.065038 
cycles: 91314486.933333 
ept_cycles_per_execution_cycles: 0.064495 
cycles: 91360674.633333 
ept_cycles_per_execution_cycles: 0.063892 
cycles: 91426203.433333 
ept_cycles_per_execution_cycles: 0.063283 
cycles: 91473616.466667 
ept_cycles_per_execution_cycles: 0.062684 
cycles: 91491954.366667 
ept_cycles_per_execution_cycles: 0.062100 
cycles: 91547823.100000 
ept_cycles_per_execution_cycles: 0.061495 
cycles: 91534640.233333 
ept_cycles_per_execution_cycles: 0.060941 
cycles: 91549423.266667 
ept_cycles_per_execution_cycles: 0.060366 
cycles: 91525186.766667 
ept_cycles_per_execution_cycles: 0.059901 
cycles: 91585079.500000 
ept_cycles_per_execution_cycles: 0.059826 
cycles: 91569607.866667 
ept_cycles_per_execution_cycles: 0.059796 
cycles: 91566492.033333 
ept_cycles_per_execution_cycles: 0.059753 
cycles: 91509165.233333 
ept_cycles_per_execution_cycles: 0.059766 
cycles: 91489996.600000 
ept_cycles_per_execution_cycles: 0.059641 
cycles: 91441520.900000 
ept_cycles_per_execution_cycles: 0.059628 
cycles: 91481819.933333 
ept_cycles_per_execution_cycles: 0.059540 
cycles: 91569251.266667 
ept_cycles_per_execution_cycles: 0.059604 
cycles: 91589753.466667 
ept_cycles_per_execution_cycles: 0.060092 
cycles: 91520989.966667 
ept_cycles_per_execution_cycles: 0.060786 
cycles: 91491391.033333 
ept_cycles_per_execution_cycles: 0.061450 
cycles: 91370081.566667 
ept_cycles_per_execution_cycles: 0.062138 
cycles: 91301471.866667 
ept_cycles_per_execution_cycles: 0.062842 
cycles: 91229931.466667 
ept_cycles_per_execution_cycles: 0.063571 
cycles: 91159262.333333 
ept_cycles_per_execution_cycles: 0.064271 
cycles: 91101581.566667 
ept_cycles_per_execution_cycles: 0.064948 
cycles: 91064088.833333 
ept_cycles_per_execution_cycles: 0.065644 
cycles: 91031161.066667 
ept_cycles_per_execution_cycles: 0.066377 
cycles: 90956116.600000 
ept_cycles_per_execution_cycles: 0.067133 
cycles: 90975640.100000 
ept_cycles_per_execution_cycles: 0.067817 
cycles: 90958930.900000 
ept_cycles_per_execution_cycles: 0.068525 
cycles: 90987232.533333 
ept_cycles_per_execution_cycles: 0.069265 
cycles: 90949804.066667 
ept_cycles_per_execution_cycles: 0.070076 
cycles: 90951580.866667 
ept_cycles_per_execution_cycles: 0.070822 
cycles: 90955210.466667 
ept_cycles_per_execution_cycles: 0.071521 
cycles: 90929874.066667 
ept_cycles_per_execution_cycles: 0.072237 
cycles: 90940282.433333 
ept_cycles_per_execution_cycles: 0.072932 
cycles: 90972797.633333 
ept_cycles_per_execution_cycles: 0.073613 
cycles: 90977550.600000 
ept_cycles_per_execution_cycles: 0.074348 
cycles: 90979603.933333 
ept_cycles_per_execution_cycles: 0.074957 
cycles: 90987780.433333 
ept_cycles_per_execution_cycles: 0.075128 
cycles: 91057734.900000 
ept_cycles_per_execution_cycles: 0.075252 
cycles: 91053751.466667 
ept_cycles_per_execution_cycles: 0.075405 
cycles: 91091215.233333 
ept_cycles_per_execution_cycles: 0.075500 
cycles: 91169104.700000 
ept_cycles_per_execution_cycles: 0.075681 
cycles: 91195334.666667 
ept_cycles_per_execution_cycles: 0.075831 
cycles: 91111873.500000 
ept_cycles_per_execution_cycles: 0.075519 
cycles: 91211484.300000 
ept_cycles_per_execution_cycles: 0.074892 
cycles: 91254700.700000 
ept_cycles_per_execution_cycles: 0.074366 
cycles: 91338647.900000 
ept_cycles_per_execution_cycles: 0.073806 
cycles: 91350105.033333 
ept_cycles_per_execution_cycles: 0.073284 
cycles: 91442964.333333 
ept_cycles_per_execution_cycles: 0.072722 
cycles: 91502353.800000 
ept_cycles_per_execution_cycles: 0.072149 
cycles: 91556205.833333 
ept_cycles_per_execution_cycles: 0.071569 
cycles: 91631152.033333 
ept_cycles_per_execution_cycles: 0.070985 
cycles: 91649709.766667 
ept_cycles_per_execution_cycles: 0.070402 
cycles: 91669193.700000 
ept_cycles_per_execution_cycles: 0.069726 
cycles: 91702727.433333 
ept_cycles_per_execution_cycles: 0.068956 
cycles: 91845753.566667 
ept_cycles_per_execution_cycles: 0.068143 
cycles: 91848397.700000 
ept_cycles_per_execution_cycles: 0.067430 
cycles: 91861894.733333 
ept_cycles_per_execution_cycles: 0.066691 
cycles: 91880361.233333 
ept_cycles_per_execution_cycles: 0.065911 
cycles: 91930569.933333 
ept_cycles_per_execution_cycles: 0.065085 
cycles: 91932295.800000 
ept_cycles_per_execution_cycles: 0.064334 
cycles: 91943519.166667 
ept_cycles_per_execution_cycles: 0.063589 
cycles: 91997669.533333 
ept_cycles_per_execution_cycles: 0.062838 
cycles: 91956928.633333 
ept_cycles_per_execution_cycles: 0.062107 
cycles: 91993553.600000 
ept_cycles_per_execution_cycles: 0.061332 
cycles: 92000212.633333 
ept_cycles_per_execution_cycles: 0.060555 
cycles: 92051530.500000 
ept_cycles_per_execution_cycles: 0.059825 
cycles: 92035149.866667 
ept_cycles_per_execution_cycles: 0.059088 
cycles: 92064995.000000 
ept_cycles_per_execution_cycles: 0.058333 
cycles: 92081262.400000 
ept_cycles_per_execution_cycles: 0.057609 
cycles: 92146471.400000 
ept_cycles_per_execution_cycles: 0.056865 
cycles: 92177336.966667 
ept_cycles_per_execution_cycles: 0.056292 
cycles: 92142936.166667 
ept_cycles_per_execution_cycles: 0.056129 
cycles: 92155088.633333 
ept_cycles_per_execution_cycles: 0.056515 
cycles: 92067700.200000 
ept_cycles_per_execution_cycles: 0.057069 
cycles: 91920933.533333 
ept_cycles_per_execution_cycles: 0.057555 
cycles: 91835357.833333 
ept_cycles_per_execution_cycles: 0.058046 
cycles: 91794018.533333 
ept_cycles_per_execution_cycles: 0.058508 
cycles: 91723835.533333 
ept_cycles_per_execution_cycles: 0.058965 
cycles: 91728503.100000 
ept_cycles_per_execution_cycles: 0.059365 
cycles: 91671986.033333 
ept_cycles_per_execution_cycles: 0.059826 
cycles: 91612631.633333 
ept_cycles_per_execution_cycles: 0.060294 
cycles: 91618945.733333 
ept_cycles_per_execution_cycles: 0.060767 
cycles: 91562518.900000 
ept_cycles_per_execution_cycles: 0.061356 
cycles: 91524628.600000 
ept_cycles_per_execution_cycles: 0.061984 
cycles: 91458276.833333 
ept_cycles_per_execution_cycles: 0.062647 
cycles: 91419129.800000 
ept_cycles_per_execution_cycles: 0.063265 
cycles: 91378210.733333 
ept_cycles_per_execution_cycles: 0.063869 
cycles: 91325251.666667 
ept_cycles_per_execution_cycles: 0.064498 
cycles: 91261549.000000 
ept_cycles_per_execution_cycles: 0.065123 
cycles: 91224955.933333 
ept_cycles_per_execution_cycles: 0.065753 
cycles: 91172871.400000 
ept_cycles_per_execution_cycles: 0.066386 
cycles: 88117983.533333 
ept_cycles_per_execution_cycles: 0.066818 
cycles: 85092875.333333 
ept_cycles_per_execution_cycles: 0.067275 
cycles: 81999277.033333 
ept_cycles_per_execution_cycles: 0.067784 
cycles: 78931451.933333 
ept_cycles_per_execution_cycles: 0.068326 
cycles: 75870350.633333 
ept_cycles_per_execution_cycles: 0.068878 
cycles: 72821306.400000 
ept_cycles_per_execution_cycles: 0.069498 
cycles: 69725928.000000 
ept_cycles_per_execution_cycles: 0.070196 
cycles: 66677803.800000 
ept_cycles_per_execution_cycles: 0.070928 
cycles: 63587795.833333 
ept_cycles_per_execution_cycles: 0.071762 
cycles: 60515857.233333 
ept_cycles_per_execution_cycles: 0.072386 
cycles: 57516818.200000 
ept_cycles_per_execution_cycles: 0.072423 
cycles: 54526388.833333 
ept_cycles_per_execution_cycles: 0.072393 
cycles: 51505790.633333 
ept_cycles_per_execution_cycles: 0.072395 
cycles: 48584324.300000 
ept_cycles_per_execution_cycles: 0.072337 
cycles: 45580883.066667 
ept_cycles_per_execution_cycles: 0.072305 
cycles: 42568237.233333 
ept_cycles_per_execution_cycles: 0.072320 
cycles: 39554735.800000 
ept_cycles_per_execution_cycles: 0.072307 
cycles: 36464549.966667 
ept_cycles_per_execution_cycles: 0.072470 
cycles: 33439127.633333 
ept_cycles_per_execution_cycles: 0.072494 
cycles: 30374204.066667 
ept_cycles_per_execution_cycles: 0.072607 
cycles: 27344461.233333 
ept_cycles_per_execution_cycles: 0.072721 
cycles: 24344560.333333 
ept_cycles_per_execution_cycles: 0.072730 
cycles: 21325877.700000 
ept_cycles_per_execution_cycles: 0.072693 
cycles: 18282073.966667 
ept_cycles_per_execution_cycles: 0.072572 
cycles: 15238346.500000 
ept_cycles_per_execution_cycles: 0.072600 
cycles: 12214332.366667 
ept_cycles_per_execution_cycles: 0.072724 
cycles: 9188005.000000 
ept_cycles_per_execution_cycles: 0.072708 
cycles: 6166791.900000 
ept_cycles_per_execution_cycles: 0.072913 
cycles: 3144018.500000 
ept_cycles_per_execution_cycles: 0.072602 
cycles: 112213.766667 
ept_cycles_per_execution_cycles: 0.076436 
cycles: 82038.000000 
ept_cycles_per_execution_cycles: 0.087887 
cycles: 71955.933333 
ept_cycles_per_execution_cycles: 0.088664 
cycles: 67598.366667 
ept_cycles_per_execution_cycles: 0.086926 
cycles: 63439.600000 
ept_cycles_per_execution_cycles: 0.086922 
cycles: 59873.700000 
ept_cycles_per_execution_cycles: 0.088017 
cycles: 56488.166667 
ept_cycles_per_execution_cycles: 0.090928 
cycles: 53080.700000 
ept_cycles_per_execution_cycles: 0.091799 
cycles: 52123.266667 
ept_cycles_per_execution_cycles: 0.089787 
cycles: 50441.000000 
ept_cycles_per_execution_cycles: 0.088847 
cycles: 48508.433333 
ept_cycles_per_execution_cycles: 0.087643 
cycles: 47327.866667 
ept_cycles_per_execution_cycles: 0.086409 
cycles: 44524.166667 
ept_cycles_per_execution_cycles: 0.083897 
cycles: 43265.766667 
ept_cycles_per_execution_cycles: 0.081353 
cycles: 42980.466667 
ept_cycles_per_execution_cycles: 0.078664 
cycles: 41167.200000 
ept_cycles_per_execution_cycles: 0.077120 
cycles: 40623.633333 
ept_cycles_per_execution_cycles: 0.075854 
cycles: 38610.200000 
ept_cycles_per_execution_cycles: 0.075762 
cycles: 39015.966667 
ept_cycles_per_execution_cycles: 0.077356 
cycles: 38492.133333 
ept_cycles_per_execution_cycles: 0.079978 
cycles: 38165.233333 
ept_cycles_per_execution_cycles: 0.081185 
cycles: 37069.933333 
ept_cycles_per_execution_cycles: 0.083732 
cycles: 36418.000000 
ept_cycles_per_execution_cycles: 0.087264 
cycles: 37122.300000 
ept_cycles_per_execution_cycles: 0.097523 
cycles: 36839.566667 
ept_cycles_per_execution_cycles: 0.103914 
=========== ACTION : ENABLE TPT ===========
cycles: 36867.266667 
ept_cycles_per_execution_cycles: 0.108312 
=========== ACTION : ENABLE TPT ===========
cycles: 37032.033333 
ept_cycles_per_execution_cycles: 0.113635 
=========== ACTION : ENABLE TPT ===========
cycles: 36496.533333 
ept_cycles_per_execution_cycles: 0.120105 
=========== ACTION : ENABLE TPT ===========
cycles: 36642.600000 
ept_cycles_per_execution_cycles: 0.124206 
=========== ACTION : ENABLE TPT ===========
cycles: 37052.700000 
ept_cycles_per_execution_cycles: 0.125133 
=========== ACTION : ENABLE TPT ===========
cycles: 36474.933333 
ept_cycles_per_execution_cycles: 0.126827 
=========== ACTION : ENABLE TPT ===========
cycles: 36019.400000 
ept_cycles_per_execution_cycles: 0.128360 
=========== ACTION : ENABLE TPT ===========
cycles: 36042.400000 
ept_cycles_per_execution_cycles: 0.130506 
=========== ACTION : ENABLE TPT ===========
cycles: 36088.866667 
ept_cycles_per_execution_cycles: 0.130808 
=========== ACTION : ENABLE TPT ===========
cycles: 35951.133333 
ept_cycles_per_execution_cycles: 0.131524 
=========== ACTION : ENABLE TPT ===========
cycles: 35846.333333 
ept_cycles_per_execution_cycles: 0.134202 
=========== ACTION : ENABLE TPT ===========
cycles: 36066.233333 
ept_cycles_per_execution_cycles: 0.135013 
=========== ACTION : ENABLE TPT ===========
cycles: 36218.633333 
ept_cycles_per_execution_cycles: 0.134016 
=========== ACTION : ENABLE TPT ===========
cycles: 35729.833333 
ept_cycles_per_execution_cycles: 0.134851 
=========== ACTION : ENABLE TPT ===========
cycles: 35647.066667 
ept_cycles_per_execution_cycles: 0.134135 
=========== ACTION : ENABLE TPT ===========
cycles: 35373.333333 
ept_cycles_per_execution_cycles: 0.134183 
=========== ACTION : ENABLE TPT ===========
cycles: 35446.100000 
ept_cycles_per_execution_cycles: 0.133539 
=========== ACTION : ENABLE TPT ===========
cycles: 35525.700000 
ept_cycles_per_execution_cycles: 0.132324 
=========== ACTION : ENABLE TPT ===========
cycles: 35272.533333 
ept_cycles_per_execution_cycles: 0.131595 
=========== ACTION : ENABLE TPT ===========
cycles: 35412.766667 
ept_cycles_per_execution_cycles: 0.131480 
=========== ACTION : ENABLE TPT ===========
cycles: 35034.533333 
ept_cycles_per_execution_cycles: 0.130681 
=========== ACTION : ENABLE TPT ===========
cycles: 35113.566667 
ept_cycles_per_execution_cycles: 0.129829 
=========== ACTION : ENABLE TPT ===========
cycles: 35032.633333 
ept_cycles_per_execution_cycles: 0.128615 
=========== ACTION : ENABLE TPT ===========
cycles: 34808.200000 
ept_cycles_per_execution_cycles: 0.124328 
=========== ACTION : ENABLE TPT ===========
cycles: 34650.000000 
ept_cycles_per_execution_cycles: 0.121945 
=========== ACTION : ENABLE TPT ===========
cycles: 34335.800000 
ept_cycles_per_execution_cycles: 0.121622 
=========== ACTION : ENABLE TPT ===========
cycles: 34491.566667 
ept_cycles_per_execution_cycles: 0.120438 
=========== ACTION : ENABLE TPT ===========
cycles: 34224.100000 
ept_cycles_per_execution_cycles: 0.118381 
=========== ACTION : ENABLE TPT ===========
cycles: 33782.233333 
ept_cycles_per_execution_cycles: 0.105342 
=========== ACTION : ENABLE TPT ===========
cycles: 33425.400000 
ept_cycles_per_execution_cycles: 0.098080 
cycles: 32925.733333 
ept_cycles_per_execution_cycles: 0.094008 
cycles: 32641.600000 
ept_cycles_per_execution_cycles: 0.088799 
cycles: 32126.033333 
ept_cycles_per_execution_cycles: 0.082923 
cycles: 31963.633333 
ept_cycles_per_execution_cycles: 0.075881 
cycles: 32030.333333 
ept_cycles_per_execution_cycles: 0.074302 
cycles: 31786.266667 
ept_cycles_per_execution_cycles: 0.074019 
cycles: 31852.466667 
ept_cycles_per_execution_cycles: 0.073002 
cycles: 31637.266667 
ept_cycles_per_execution_cycles: 0.071300 
cycles: 31867.366667 
ept_cycles_per_execution_cycles: 0.069735 
cycles: 37810.800000 
ept_cycles_per_execution_cycles: 0.060564 
cycles: 37466.233333 
ept_cycles_per_execution_cycles: 0.058377 
cycles: 37393.966667 
ept_cycles_per_execution_cycles: 0.057375 
cycles: 38184.566667 
ept_cycles_per_execution_cycles: 0.055858 
cycles: 41691.400000 
ept_cycles_per_execution_cycles: 0.049133 
cycles: 102047.033333 
ept_cycles_per_execution_cycles: 0.028866 
cycles: 111286.400000 
ept_cycles_per_execution_cycles: 0.027863 
cycles: 147999.633333 
ept_cycles_per_execution_cycles: 0.022544 
cycles: 190164.133333 
ept_cycles_per_execution_cycles: 0.019053 
cycles: 220799.966667 
ept_cycles_per_execution_cycles: 0.018626 
cycles: 223020.433333 
ept_cycles_per_execution_cycles: 0.018895 
cycles: 232557.833333 
ept_cycles_per_execution_cycles: 0.018831 
cycles: 233644.900000 
ept_cycles_per_execution_cycles: 0.019132 
cycles: 233791.466667 
ept_cycles_per_execution_cycles: 0.019186 
cycles: 234734.766667 
ept_cycles_per_execution_cycles: 0.019532 
cycles: 234630.800000 
ept_cycles_per_execution_cycles: 0.019471 
cycles: 235271.300000 
ept_cycles_per_execution_cycles: 0.019499 
cycles: 236315.233333 
ept_cycles_per_execution_cycles: 0.019596 
cycles: 236179.966667 
ept_cycles_per_execution_cycles: 0.019644 
cycles: 236172.666667 
ept_cycles_per_execution_cycles: 0.019702 
cycles: 236077.733333 
ept_cycles_per_execution_cycles: 0.019702 
cycles: 236858.033333 
ept_cycles_per_execution_cycles: 0.019538 
cycles: 236963.466667 
ept_cycles_per_execution_cycles: 0.019351 
cycles: 236659.266667 
ept_cycles_per_execution_cycles: 0.019170 
cycles: 236905.833333 
ept_cycles_per_execution_cycles: 0.018995 
cycles: 237051.200000 
ept_cycles_per_execution_cycles: 0.018911 
cycles: 237343.600000 
ept_cycles_per_execution_cycles: 0.018904 
cycles: 237695.700000 
ept_cycles_per_execution_cycles: 0.018899 
cycles: 237326.033333 
ept_cycles_per_execution_cycles: 0.018863 
cycles: 237341.200000 
ept_cycles_per_execution_cycles: 0.018894 
cycles: 231540.166667 
ept_cycles_per_execution_cycles: 0.019124 
cycles: 231914.200000 
ept_cycles_per_execution_cycles: 0.019300 
cycles: 232011.233333 
ept_cycles_per_execution_cycles: 0.019343 
cycles: 230633.566667 
ept_cycles_per_execution_cycles: 0.019192 
cycles: 227506.533333 
ept_cycles_per_execution_cycles: 0.019709 
cycles: 167103.066667 
ept_cycles_per_execution_cycles: 0.021123 
cycles: 158085.900000 
ept_cycles_per_execution_cycles: 0.021431 
cycles: 121414.466667 
ept_cycles_per_execution_cycles: 0.025830 
cycles: 78951.333333 
ept_cycles_per_execution_cycles: 0.035751 
cycles: 48375.200000 
ept_cycles_per_execution_cycles: 0.047566 
cycles: 45944.466667 
ept_cycles_per_execution_cycles: 0.047544 
cycles: 36737.400000 
ept_cycles_per_execution_cycles: 0.055354 
cycles: 36033.200000 
ept_cycles_per_execution_cycles: 0.056912 
cycles: 35471.000000 
ept_cycles_per_execution_cycles: 0.057560 
cycles: 34793.266667 
ept_cycles_per_execution_cycles: 0.062190 
cycles: 34856.366667 
ept_cycles_per_execution_cycles: 0.063558 
cycles: 34719.300000 
ept_cycles_per_execution_cycles: 0.064834 
cycles: 33768.033333 
ept_cycles_per_execution_cycles: 0.065559 
cycles: 33431.866667 
ept_cycles_per_execution_cycles: 0.065621 
cycles: 33487.966667 
ept_cycles_per_execution_cycles: 0.066056 
cycles: 33423.066667 
ept_cycles_per_execution_cycles: 0.067096 
cycles: 32946.466667 
ept_cycles_per_execution_cycles: 0.068890 
cycles: 32793.366667 
ept_cycles_per_execution_cycles: 0.069932 
cycles: 32846.366667 
ept_cycles_per_execution_cycles: 0.071138 
cycles: 32889.333333 
ept_cycles_per_execution_cycles: 0.075752 
cycles: 32470.733333 
ept_cycles_per_execution_cycles: 0.076316 
cycles: 32489.500000 
ept_cycles_per_execution_cycles: 0.076555 
cycles: 32120.900000 
ept_cycles_per_execution_cycles: 0.077117 
cycles: 32226.133333 
ept_cycles_per_execution_cycles: 0.076907 
cycles: 32308.166667 
ept_cycles_per_execution_cycles: 0.077959 
cycles: 32071.266667 
ept_cycles_per_execution_cycles: 0.078089 
cycles: 31975.733333 
ept_cycles_per_execution_cycles: 0.076712 
cycles: 31810.766667 
ept_cycles_per_execution_cycles: 0.076127 
cycles: 31896.233333 
ept_cycles_per_execution_cycles: 0.075793 
cycles: 31419.566667 
ept_cycles_per_execution_cycles: 0.074358 
cycles: 31404.233333 
ept_cycles_per_execution_cycles: 0.074276 
cycles: 31486.933333 
ept_cycles_per_execution_cycles: 0.073920 
cycles: 31378.233333 
ept_cycles_per_execution_cycles: 0.074246 
cycles: 31243.366667 
ept_cycles_per_execution_cycles: 0.074369 
cycles: 31313.033333 
ept_cycles_per_execution_cycles: 0.074919 
cycles: 31273.733333 
ept_cycles_per_execution_cycles: 0.074690 
cycles: 31497.866667 
ept_cycles_per_execution_cycles: 0.076760 
cycles: 31119.966667 
ept_cycles_per_execution_cycles: 0.075110 
cycles: 31333.600000 
ept_cycles_per_execution_cycles: 0.075165 
cycles: 31201.966667 
ept_cycles_per_execution_cycles: 0.074374 
cycles: 31074.200000 
ept_cycles_per_execution_cycles: 0.073948 
cycles: 31032.000000 
ept_cycles_per_execution_cycles: 0.073304 
cycles: 30904.766667 
ept_cycles_per_execution_cycles: 0.073278 
cycles: 31138.600000 
ept_cycles_per_execution_cycles: 0.073443 
cycles: 30849.433333 
ept_cycles_per_execution_cycles: 0.075527 
cycles: 30902.400000 
ept_cycles_per_execution_cycles: 0.074297 
cycles: 30922.066667 
ept_cycles_per_execution_cycles: 0.073148 
cycles: 30888.533333 
ept_cycles_per_execution_cycles: 0.072341 
cycles: 30883.166667 
ept_cycles_per_execution_cycles: 0.072162 
cycles: 30795.600000 
ept_cycles_per_execution_cycles: 0.075174 
cycles: 30976.700000 
ept_cycles_per_execution_cycles: 0.076559 
cycles: 31095.966667 
ept_cycles_per_execution_cycles: 0.077105 
cycles: 30964.133333 
ept_cycles_per_execution_cycles: 0.077645 
cycles: 31109.833333 
ept_cycles_per_execution_cycles: 0.078349 
cycles: 30659.000000 
ept_cycles_per_execution_cycles: 0.078242 
cycles: 30845.666667 
ept_cycles_per_execution_cycles: 0.079767 
cycles: 31019.333333 
ept_cycles_per_execution_cycles: 0.081682 
cycles: 30912.533333 
ept_cycles_per_execution_cycles: 0.082607 
cycles: 31049.666667 
ept_cycles_per_execution_cycles: 0.083516 
cycles: 30792.933333 
ept_cycles_per_execution_cycles: 0.086173 
cycles: 30987.033333 
ept_cycles_per_execution_cycles: 0.086567 
cycles: 31060.000000 
ept_cycles_per_execution_cycles: 0.086762 
cycles: 30972.300000 
ept_cycles_per_execution_cycles: 0.087015 
cycles: 31071.333333 
ept_cycles_per_execution_cycles: 0.086872 
cycles: 30613.800000 
ept_cycles_per_execution_cycles: 0.086863 
cycles: 31015.266667 
ept_cycles_per_execution_cycles: 0.086567 
cycles: 30860.766667 
ept_cycles_per_execution_cycles: 0.084254 
cycles: 30717.366667 
ept_cycles_per_execution_cycles: 0.083636 
cycles: 30793.066667 
ept_cycles_per_execution_cycles: 0.082972 
cycles: 30166.833333 
ept_cycles_per_execution_cycles: 0.078037 
cycles: 30496.166667 
ept_cycles_per_execution_cycles: 0.076927 
cycles: 30446.633333 
ept_cycles_per_execution_cycles: 0.076511 
cycles: 30334.833333 
ept_cycles_per_execution_cycles: 0.076964 
cycles: 30429.500000 
ept_cycles_per_execution_cycles: 0.076313 
cycles: 29903.366667 
ept_cycles_per_execution_cycles: 0.074018 
cycles: 30280.533333 
ept_cycles_per_execution_cycles: 0.075430 
cycles: 30364.000000 
ept_cycles_per_execution_cycles: 0.077482 
cycles: 30358.700000 
ept_cycles_per_execution_cycles: 0.078184 
cycles: 30478.300000 
ept_cycles_per_execution_cycles: 0.078259 
cycles: 28501.233333 
ept_cycles_per_execution_cycles: 0.073458 
cycles: 30126.000000 
ept_cycles_per_execution_cycles: 0.073975 
cycles: 30011.000000 
ept_cycles_per_execution_cycles: 0.073952 
cycles: 30194.766667 
ept_cycles_per_execution_cycles: 0.073584 
cycles: 30159.733333 
ept_cycles_per_execution_cycles: 0.073280 
cycles: 28498.700000 
ept_cycles_per_execution_cycles: 0.075344 
cycles: 29972.300000 
ept_cycles_per_execution_cycles: 0.071479 
cycles: 29780.366667 
ept_cycles_per_execution_cycles: 0.069832 
cycles: 29979.766667 
ept_cycles_per_execution_cycles: 0.069017 
cycles: 29958.266667 
ept_cycles_per_execution_cycles: 0.067960 
cycles: 28406.933333 
ept_cycles_per_execution_cycles: 0.066595 
cycles: 29791.166667 
ept_cycles_per_execution_cycles: 0.065525 
cycles: 29686.166667 
ept_cycles_per_execution_cycles: 0.065368 
cycles: 29881.400000 
ept_cycles_per_execution_cycles: 0.065316 
cycles: 29908.333333 
ept_cycles_per_execution_cycles: 0.065404 
cycles: 28532.700000 
ept_cycles_per_execution_cycles: 0.067325 
cycles: 29921.033333 
ept_cycles_per_execution_cycles: 0.067202 
cycles: 29774.266667 
ept_cycles_per_execution_cycles: 0.068757 
cycles: 30157.366667 
ept_cycles_per_execution_cycles: 0.069963 
cycles: 30204.566667 
ept_cycles_per_execution_cycles: 0.070795 
cycles: 28813.033333 
ept_cycles_per_execution_cycles: 0.071870 
cycles: 30461.833333 
ept_cycles_per_execution_cycles: 0.077772 
cycles: 30360.666667 
ept_cycles_per_execution_cycles: 0.079922 
cycles: 30788.400000 
ept_cycles_per_execution_cycles: 0.081038 
cycles: 30899.500000 
ept_cycles_per_execution_cycles: 0.082829 
cycles: 29704.700000 
ept_cycles_per_execution_cycles: 0.086678 
cycles: 31157.366667 
ept_cycles_per_execution_cycles: 0.090355 
cycles: 30832.466667 
ept_cycles_per_execution_cycles: 0.088305 
cycles: 31026.233333 
ept_cycles_per_execution_cycles: 0.087111 
cycles: 31013.666667 
ept_cycles_per_execution_cycles: 0.086376 
cycles: 31000.033333 
ept_cycles_per_execution_cycles: 0.086540 
cycles: 30902.566667 
ept_cycles_per_execution_cycles: 0.083307 
cycles: 30782.200000 
ept_cycles_per_execution_cycles: 0.082880 
cycles: 30896.066667 
ept_cycles_per_execution_cycles: 0.082615 
cycles: 30906.033333 
ept_cycles_per_execution_cycles: 0.082553 
cycles: 30924.000000 
ept_cycles_per_execution_cycles: 0.082709 
cycles: 31027.766667 
ept_cycles_per_execution_cycles: 0.084464 
cycles: 31124.133333 
ept_cycles_per_execution_cycles: 0.085451 
cycles: 31318.900000 
ept_cycles_per_execution_cycles: 0.086330 
cycles: 31384.433333 
ept_cycles_per_execution_cycles: 0.087188 
cycles: 31381.233333 
ept_cycles_per_execution_cycles: 0.087421 
cycles: 31423.066667 
ept_cycles_per_execution_cycles: 0.090421 
cycles: 31463.566667 
ept_cycles_per_execution_cycles: 0.090348 
cycles: 31691.466667 
ept_cycles_per_execution_cycles: 0.089870 
cycles: 31749.666667 
ept_cycles_per_execution_cycles: 0.090482 
cycles: 31753.500000 
ept_cycles_per_execution_cycles: 0.091249 
cycles: 31728.400000 
ept_cycles_per_execution_cycles: 0.091560 
cycles: 31688.133333 
ept_cycles_per_execution_cycles: 0.090287 
cycles: 31732.466667 
ept_cycles_per_execution_cycles: 0.088640 
cycles: 31719.333333 
ept_cycles_per_execution_cycles: 0.087963 
cycles: 31726.233333 
ept_cycles_per_execution_cycles: 0.088564 
cycles: 31470.500000 
ept_cycles_per_execution_cycles: 0.082498 
cycles: 31384.333333 
ept_cycles_per_execution_cycles: 0.081289 
cycles: 31446.566667 
ept_cycles_per_execution_cycles: 0.079801 
cycles: 31358.833333 
ept_cycles_per_execution_cycles: 0.078861 
cycles: 31264.500000 
ept_cycles_per_execution_cycles: 0.077719 
cycles: 31187.133333 
ept_cycles_per_execution_cycles: 0.072808 
cycles: 31251.200000 
ept_cycles_per_execution_cycles: 0.074029 
cycles: 31425.466667 
ept_cycles_per_execution_cycles: 0.075082 
cycles: 31445.533333 
ept_cycles_per_execution_cycles: 0.075576 
cycles: 31444.000000 
ept_cycles_per_execution_cycles: 0.075649 
cycles: 31565.866667 
ept_cycles_per_execution_cycles: 0.077757 
cycles: 31587.433333 
ept_cycles_per_execution_cycles: 0.078136 
cycles: 31718.466667 
ept_cycles_per_execution_cycles: 0.078589 
cycles: 31718.100000 
ept_cycles_per_execution_cycles: 0.078338 
cycles: 31699.100000 
ept_cycles_per_execution_cycles: 0.078275 
cycles: 31597.466667 
ept_cycles_per_execution_cycles: 0.076050 
cycles: 31410.766667 
ept_cycles_per_execution_cycles: 0.074950 
cycles: 31706.800000 
ept_cycles_per_execution_cycles: 0.079915 
cycles: 31827.133333 
ept_cycles_per_execution_cycles: 0.080293 
cycles: 31828.533333 
ept_cycles_per_execution_cycles: 0.080862 
cycles: 31971.066667 
ept_cycles_per_execution_cycles: 0.083345 
cycles: 31935.400000 
ept_cycles_per_execution_cycles: 0.084528 
cycles: 31854.766667 
ept_cycles_per_execution_cycles: 0.084787 
cycles: 31826.900000 
ept_cycles_per_execution_cycles: 0.084923 
cycles: 31950.366667 
ept_cycles_per_execution_cycles: 0.084209 
cycles: 32031.633333 
ept_cycles_per_execution_cycles: 0.087306 
cycles: 32077.366667 
ept_cycles_per_execution_cycles: 0.088603 
cycles: 31999.200000 
ept_cycles_per_execution_cycles: 0.089957 
cycles: 31994.066667 
ept_cycles_per_execution_cycles: 0.090604 
cycles: 32127.100000 
ept_cycles_per_execution_cycles: 0.090591 
cycles: 32086.333333 
ept_cycles_per_execution_cycles: 0.093610 
cycles: 32067.366667 
ept_cycles_per_execution_cycles: 0.093182 
cycles: 31901.866667 
ept_cycles_per_execution_cycles: 0.093277 
cycles: 31887.166667 
ept_cycles_per_execution_cycles: 0.093208 
cycles: 32772.800000 
ept_cycles_per_execution_cycles: 0.092361 
cycles: 31764.766667 
ept_cycles_per_execution_cycles: 0.091676 
cycles: 31701.966667 
ept_cycles_per_execution_cycles: 0.090536 
cycles: 31540.266667 
ept_cycles_per_execution_cycles: 0.089803 
cycles: 31482.866667 
ept_cycles_per_execution_cycles: 0.089309 
cycles: 32317.433333 
ept_cycles_per_execution_cycles: 0.087388 
cycles: 31339.300000 
ept_cycles_per_execution_cycles: 0.085661 
cycles: 31356.966667 
ept_cycles_per_execution_cycles: 0.086226 
cycles: 31238.700000 
ept_cycles_per_execution_cycles: 0.085961 
cycles: 31227.566667 
ept_cycles_per_execution_cycles: 0.086242 
cycles: 32114.366667 
ept_cycles_per_execution_cycles: 0.085964 
cycles: 31324.666667 
ept_cycles_per_execution_cycles: 0.087747 
cycles: 31318.700000 
ept_cycles_per_execution_cycles: 0.087751 
cycles: 30931.033333 
ept_cycles_per_execution_cycles: 0.081785 
cycles: 30739.300000 
ept_cycles_per_execution_cycles: 0.080484 
cycles: 31581.333333 
ept_cycles_per_execution_cycles: 0.079999 
cycles: 30549.233333 
ept_cycles_per_execution_cycles: 0.074416 
cycles: 30475.300000 
ept_cycles_per_execution_cycles: 0.073405 
cycles: 30522.733333 
ept_cycles_per_execution_cycles: 0.073811 
cycles: 30531.400000 
ept_cycles_per_execution_cycles: 0.073423 
cycles: 31342.400000 
ept_cycles_per_execution_cycles: 0.075298 
cycles: 30415.800000 
ept_cycles_per_execution_cycles: 0.072836 
cycles: 30367.533333 
ept_cycles_per_execution_cycles: 0.071765 
cycles: 30325.366667 
ept_cycles_per_execution_cycles: 0.071104 
cycles: 30286.066667 
ept_cycles_per_execution_cycles: 0.069838 
cycles: 31035.866667 
ept_cycles_per_execution_cycles: 0.070558 
cycles: 30195.466667 
ept_cycles_per_execution_cycles: 0.067623 
cycles: 30219.300000 
ept_cycles_per_execution_cycles: 0.067727 
cycles: 30232.166667 
ept_cycles_per_execution_cycles: 0.067491 
cycles: 30195.400000 
ept_cycles_per_execution_cycles: 0.066720 
cycles: 30239.933333 
ept_cycles_per_execution_cycles: 0.067307 
cycles: 30416.200000 
ept_cycles_per_execution_cycles: 0.070004 
cycles: 30472.266667 
ept_cycles_per_execution_cycles: 0.071174 
cycles: 30386.433333 
ept_cycles_per_execution_cycles: 0.072116 
cycles: 30504.366667 
ept_cycles_per_execution_cycles: 0.072442 
cycles: 30541.200000 
ept_cycles_per_execution_cycles: 0.075374 
cycles: 30596.000000 
ept_cycles_per_execution_cycles: 0.076247 
cycles: 30540.433333 
ept_cycles_per_execution_cycles: 0.075460 
cycles: 30429.566667 
ept_cycles_per_execution_cycles: 0.075582 
cycles: 30497.066667 
ept_cycles_per_execution_cycles: 0.074936 
cycles: 30494.066667 
ept_cycles_per_execution_cycles: 0.074593 
cycles: 30444.233333 
ept_cycles_per_execution_cycles: 0.074365 
cycles: 30444.100000 
ept_cycles_per_execution_cycles: 0.074326 
cycles: 30335.600000 
ept_cycles_per_execution_cycles: 0.073945 
cycles: 30408.600000 
ept_cycles_per_execution_cycles: 0.073419 
cycles: 30346.833333 
ept_cycles_per_execution_cycles: 0.072065 
cycles: 30335.400000 
ept_cycles_per_execution_cycles: 0.071823 
cycles: 30299.966667 
ept_cycles_per_execution_cycles: 0.071475 
cycles: 30099.000000 
ept_cycles_per_execution_cycles: 0.070667 
cycles: 30141.866667 
ept_cycles_per_execution_cycles: 0.069875 
cycles: 30058.333333 
ept_cycles_per_execution_cycles: 0.066424 
cycles: 30043.233333 
ept_cycles_per_execution_cycles: 0.067499 
cycles: 29932.533333 
ept_cycles_per_execution_cycles: 0.067796 
cycles: 30064.766667 
ept_cycles_per_execution_cycles: 0.068576 
cycles: 30169.366667 
ept_cycles_per_execution_cycles: 0.069527 
cycles: 30154.766667 
ept_cycles_per_execution_cycles: 0.070107 
cycles: 29821.566667 
ept_cycles_per_execution_cycles: 0.070096 
cycles: 29839.633333 
ept_cycles_per_execution_cycles: 0.069701 
cycles: 29905.900000 
ept_cycles_per_execution_cycles: 0.069501 
cycles: 29960.600000 
ept_cycles_per_execution_cycles: 0.069409 
cycles: 29909.233333 
ept_cycles_per_execution_cycles: 0.068089 
cycles: 29411.466667 
ept_cycles_per_execution_cycles: 0.065395 
cycles: 29392.500000 
ept_cycles_per_execution_cycles: 0.064366 
cycles: 29528.333333 
ept_cycles_per_execution_cycles: 0.062846 
cycles: 29479.633333 
ept_cycles_per_execution_cycles: 0.062163 
cycles: 29367.600000 
ept_cycles_per_execution_cycles: 0.059326 
cycles: 29578.866667 
ept_cycles_per_execution_cycles: 0.066420 
cycles: 29848.566667 
ept_cycles_per_execution_cycles: 0.067361 
cycles: 30327.800000 
ept_cycles_per_execution_cycles: 0.070953 
cycles: 30623.766667 
ept_cycles_per_execution_cycles: 0.073920 
cycles: 31041.866667 
ept_cycles_per_execution_cycles: 0.083009 
cycles: 30910.100000 
ept_cycles_per_execution_cycles: 0.086940 
cycles: 31314.300000 
ept_cycles_per_execution_cycles: 0.089857 
cycles: 31617.800000 
ept_cycles_per_execution_cycles: 0.091656 
cycles: 31819.100000 
ept_cycles_per_execution_cycles: 0.095004 
cycles: 31956.800000 
ept_cycles_per_execution_cycles: 0.102544 
=========== ACTION : ENABLE TPT ===========
cycles: 32156.666667 
ept_cycles_per_execution_cycles: 0.108831 
=========== ACTION : ENABLE TPT ===========
cycles: 32460.533333 
ept_cycles_per_execution_cycles: 0.109491 
=========== ACTION : ENABLE TPT ===========
cycles: 32675.033333 
ept_cycles_per_execution_cycles: 0.110791 
=========== ACTION : ENABLE TPT ===========
cycles: 32902.800000 
ept_cycles_per_execution_cycles: 0.111903 
=========== ACTION : ENABLE TPT ===========
cycles: 33027.333333 
ept_cycles_per_execution_cycles: 0.119600 
=========== ACTION : ENABLE TPT ===========
cycles: 32797.166667 
ept_cycles_per_execution_cycles: 0.117603 
=========== ACTION : ENABLE TPT ===========
cycles: 33086.266667 
ept_cycles_per_execution_cycles: 0.116621 
=========== ACTION : ENABLE TPT ===========
cycles: 32975.733333 
ept_cycles_per_execution_cycles: 0.115714 
=========== ACTION : ENABLE TPT ===========
cycles: 33350.800000 
ept_cycles_per_execution_cycles: 0.118352 
=========== ACTION : ENABLE TPT ===========
cycles: 33717.066667 
ept_cycles_per_execution_cycles: 0.123689 
=========== ACTION : ENABLE TPT ===========
cycles: 34062.333333 
ept_cycles_per_execution_cycles: 0.126253 
=========== ACTION : ENABLE TPT ===========
cycles: 34422.433333 
ept_cycles_per_execution_cycles: 0.126404 
=========== ACTION : ENABLE TPT ===========
cycles: 34485.500000 
ept_cycles_per_execution_cycles: 0.127547 
=========== ACTION : ENABLE TPT ===========
cycles: 34786.066667 
ept_cycles_per_execution_cycles: 0.128196 
=========== ACTION : ENABLE TPT ===========
cycles: 34027.333333 
ept_cycles_per_execution_cycles: 0.133693 
=========== ACTION : ENABLE TPT ===========
cycles: 35316.400000 
ept_cycles_per_execution_cycles: 0.137237 
=========== ACTION : ENABLE TPT ===========
cycles: 35561.766667 
ept_cycles_per_execution_cycles: 0.136990 
=========== ACTION : ENABLE TPT ===========
cycles: 35612.966667 
ept_cycles_per_execution_cycles: 0.138150 
=========== ACTION : ENABLE TPT ===========
cycles: 35754.900000 
ept_cycles_per_execution_cycles: 0.140133 
=========== ACTION : ENABLE TPT ===========
cycles: 35263.400000 
ept_cycles_per_execution_cycles: 0.145201 
=========== ACTION : ENABLE TPT ===========
cycles: 35835.333333 
ept_cycles_per_execution_cycles: 0.142705 
=========== ACTION : ENABLE TPT ===========
cycles: 35809.100000 
ept_cycles_per_execution_cycles: 0.142166 
=========== ACTION : ENABLE TPT ===========
cycles: 35525.200000 
ept_cycles_per_execution_cycles: 0.140234 
=========== ACTION : ENABLE TPT ===========
cycles: 35218.700000 
ept_cycles_per_execution_cycles: 0.138868 
=========== ACTION : ENABLE TPT ===========
cycles: 34236.400000 
ept_cycles_per_execution_cycles: 0.135092 
=========== ACTION : ENABLE TPT ===========
cycles: 35551.700000 
ept_cycles_per_execution_cycles: 0.141393 
=========== ACTION : ENABLE TPT ===========
cycles: 35540.733333 
ept_cycles_per_execution_cycles: 0.139882 
=========== ACTION : ENABLE TPT ===========
cycles: 35337.100000 
ept_cycles_per_execution_cycles: 0.140060 
=========== ACTION : ENABLE TPT ===========
cycles: 35251.433333 
ept_cycles_per_execution_cycles: 0.138388 
=========== ACTION : ENABLE TPT ===========
cycles: 34582.566667 
ept_cycles_per_execution_cycles: 0.136188 
=========== ACTION : ENABLE TPT ===========
cycles: 35289.233333 
ept_cycles_per_execution_cycles: 0.136248 
=========== ACTION : ENABLE TPT ===========
cycles: 35380.766667 
ept_cycles_per_execution_cycles: 0.136141 
=========== ACTION : ENABLE TPT ===========
cycles: 35277.100000 
ept_cycles_per_execution_cycles: 0.136306 
=========== ACTION : ENABLE TPT ===========
cycles: 35036.366667 
ept_cycles_per_execution_cycles: 0.136636 
=========== ACTION : ENABLE TPT ===========
cycles: 34393.266667 
ept_cycles_per_execution_cycles: 0.133558 
=========== ACTION : ENABLE TPT ===========
cycles: 35293.600000 
ept_cycles_per_execution_cycles: 0.136648 
=========== ACTION : ENABLE TPT ===========
cycles: 35468.433333 
ept_cycles_per_execution_cycles: 0.136679 
=========== ACTION : ENABLE TPT ===========
cycles: 35816.266667 
ept_cycles_per_execution_cycles: 0.141515 
=========== ACTION : ENABLE TPT ===========
cycles: 35403.633333 
ept_cycles_per_execution_cycles: 0.140696 
=========== ACTION : ENABLE TPT ===========
cycles: 34771.100000 
ept_cycles_per_execution_cycles: 0.139161 
=========== ACTION : ENABLE TPT ===========
cycles: 35387.866667 
ept_cycles_per_execution_cycles: 0.140045 
=========== ACTION : ENABLE TPT ===========
cycles: 35349.900000 
ept_cycles_per_execution_cycles: 0.140139 
=========== ACTION : ENABLE TPT ===========
cycles: 35290.733333 
ept_cycles_per_execution_cycles: 0.139461 
=========== ACTION : ENABLE TPT ===========
cycles: 34954.800000 
ept_cycles_per_execution_cycles: 0.139664 
=========== ACTION : ENABLE TPT ===========
cycles: 35325.000000 
ept_cycles_per_execution_cycles: 0.137728 
=========== ACTION : ENABLE TPT ===========
cycles: 34997.133333 
ept_cycles_per_execution_cycles: 0.134377 
=========== ACTION : ENABLE TPT ===========
cycles: 35059.300000 
ept_cycles_per_execution_cycles: 0.134323 
=========== ACTION : ENABLE TPT ===========
cycles: 35009.866667 
ept_cycles_per_execution_cycles: 0.134162 
=========== ACTION : ENABLE TPT ===========
cycles: 34748.766667 
ept_cycles_per_execution_cycles: 0.132456 
=========== ACTION : ENABLE TPT ===========
cycles: 34988.566667 
ept_cycles_per_execution_cycles: 0.131950 
=========== ACTION : ENABLE TPT ===========
cycles: 34745.633333 
ept_cycles_per_execution_cycles: 0.129071 
=========== ACTION : ENABLE TPT ===========
cycles: 34844.866667 
ept_cycles_per_execution_cycles: 0.128552 
=========== ACTION : ENABLE TPT ===========
cycles: 34821.800000 
ept_cycles_per_execution_cycles: 0.128400 
=========== ACTION : ENABLE TPT ===========
cycles: 34724.033333 
ept_cycles_per_execution_cycles: 0.128565 
=========== ACTION : ENABLE TPT ===========
cycles: 34869.766667 
ept_cycles_per_execution_cycles: 0.126236 
=========== ACTION : ENABLE TPT ===========
cycles: 34377.866667 
ept_cycles_per_execution_cycles: 0.120447 
=========== ACTION : ENABLE TPT ===========
cycles: 34478.733333 
ept_cycles_per_execution_cycles: 0.119854 
=========== ACTION : ENABLE TPT ===========
cycles: 34555.733333 
ept_cycles_per_execution_cycles: 0.118914 
=========== ACTION : ENABLE TPT ===========
cycles: 34187.766667 
ept_cycles_per_execution_cycles: 0.118819 
=========== ACTION : ENABLE TPT ===========
cycles: 34532.400000 
ept_cycles_per_execution_cycles: 0.116013 
=========== ACTION : ENABLE TPT ===========
cycles: 34304.366667 
ept_cycles_per_execution_cycles: 0.112015 
=========== ACTION : ENABLE TPT ===========
cycles: 34634.366667 
ept_cycles_per_execution_cycles: 0.110826 
=========== ACTION : ENABLE TPT ===========
cycles: 34898.766667 
ept_cycles_per_execution_cycles: 0.109868 
=========== ACTION : ENABLE TPT ===========
cycles: 34995.800000 
ept_cycles_per_execution_cycles: 0.111032 
=========== ACTION : ENABLE TPT ===========
cycles: 35368.900000 
ept_cycles_per_execution_cycles: 0.109978 
=========== ACTION : ENABLE TPT ===========
cycles: 35149.500000 
ept_cycles_per_execution_cycles: 0.111300 
=========== ACTION : ENABLE TPT ===========
cycles: 35291.266667 
ept_cycles_per_execution_cycles: 0.111797 
=========== ACTION : ENABLE TPT ===========
cycles: 35016.333333 
ept_cycles_per_execution_cycles: 0.107490 
=========== ACTION : ENABLE TPT ===========
cycles: 34752.733333 
ept_cycles_per_execution_cycles: 0.106182 
=========== ACTION : ENABLE TPT ===========
cycles: 34616.466667 
ept_cycles_per_execution_cycles: 0.102219 
=========== ACTION : ENABLE TPT ===========
cycles: 34351.033333 
ept_cycles_per_execution_cycles: 0.098997 
cycles: 34457.566667 
ept_cycles_per_execution_cycles: 0.097907 
cycles: 34698.500000 
ept_cycles_per_execution_cycles: 0.099374 
cycles: 34882.433333 
ept_cycles_per_execution_cycles: 0.103980 
=========== ACTION : ENABLE TPT ===========
cycles: 35320.800000 
ept_cycles_per_execution_cycles: 0.106238 
=========== ACTION : ENABLE TPT ===========
cycles: 35423.366667 
ept_cycles_per_execution_cycles: 0.113711 
=========== ACTION : ENABLE TPT ===========
cycles: 35977.700000 
ept_cycles_per_execution_cycles: 0.116107 
=========== ACTION : ENABLE TPT ===========
cycles: 36174.033333 
ept_cycles_per_execution_cycles: 0.118380 
=========== ACTION : ENABLE TPT ===========
cycles: 36110.500000 
ept_cycles_per_execution_cycles: 0.119864 
=========== ACTION : ENABLE TPT ===========
cycles: 36178.500000 
ept_cycles_per_execution_cycles: 0.118107 
=========== ACTION : ENABLE TPT ===========
cycles: 35618.666667 
ept_cycles_per_execution_cycles: 0.121983 
=========== ACTION : ENABLE TPT ===========
cycles: 36215.366667 
ept_cycles_per_execution_cycles: 0.122778 
=========== ACTION : ENABLE TPT ===========
cycles: 36214.833333 
ept_cycles_per_execution_cycles: 0.124282 
=========== ACTION : ENABLE TPT ===========
cycles: 36197.966667 
ept_cycles_per_execution_cycles: 0.125240 
=========== ACTION : ENABLE TPT ===========
cycles: 36206.933333 
ept_cycles_per_execution_cycles: 0.125750 
=========== ACTION : ENABLE TPT ===========
cycles: 35761.100000 
ept_cycles_per_execution_cycles: 0.123078 
=========== ACTION : ENABLE TPT ===========
cycles: 36109.266667 
ept_cycles_per_execution_cycles: 0.123483 
=========== ACTION : ENABLE TPT ===========
cycles: 36163.233333 
ept_cycles_per_execution_cycles: 0.125088 
=========== ACTION : ENABLE TPT ===========
cycles: 36327.066667 
ept_cycles_per_execution_cycles: 0.125700 
=========== ACTION : ENABLE TPT ===========
cycles: 36252.566667 
ept_cycles_per_execution_cycles: 0.126350 
=========== ACTION : ENABLE TPT ===========
cycles: 35033.766667 
ept_cycles_per_execution_cycles: 0.130703 
=========== ACTION : ENABLE TPT ===========
cycles: 35607.233333 
ept_cycles_per_execution_cycles: 0.129543 
=========== ACTION : ENABLE TPT ===========
cycles: 35237.000000 
ept_cycles_per_execution_cycles: 0.129909 
=========== ACTION : ENABLE TPT ===========
cycles: 35081.433333 
ept_cycles_per_execution_cycles: 0.128068 
=========== ACTION : ENABLE TPT ===========
cycles: 34873.566667 
ept_cycles_per_execution_cycles: 0.127935 
=========== ACTION : ENABLE TPT ===========
cycles: 33843.366667 
ept_cycles_per_execution_cycles: 0.129142 
=========== ACTION : ENABLE TPT ===========
cycles: 34623.400000 
ept_cycles_per_execution_cycles: 0.127429 
=========== ACTION : ENABLE TPT ===========
cycles: 34350.433333 
ept_cycles_per_execution_cycles: 0.127190 
=========== ACTION : ENABLE TPT ===========
cycles: 34717.766667 
ept_cycles_per_execution_cycles: 0.126553 
=========== ACTION : ENABLE TPT ===========
cycles: 34703.533333 
ept_cycles_per_execution_cycles: 0.128484 
=========== ACTION : ENABLE TPT ===========
cycles: 34070.766667 
ept_cycles_per_execution_cycles: 0.134321 
=========== ACTION : ENABLE TPT ===========
cycles: 35057.500000 
ept_cycles_per_execution_cycles: 0.135905 
=========== ACTION : ENABLE TPT ===========
cycles: 34694.033333 
ept_cycles_per_execution_cycles: 0.136997 
=========== ACTION : ENABLE TPT ===========
cycles: 34877.933333 
ept_cycles_per_execution_cycles: 0.133562 
=========== ACTION : ENABLE TPT ===========
cycles: 34188.633333 
ept_cycles_per_execution_cycles: 0.130374 
=========== ACTION : ENABLE TPT ===========
cycles: 33187.433333 
ept_cycles_per_execution_cycles: 0.128564 
=========== ACTION : ENABLE TPT ===========
cycles: 33488.300000 
ept_cycles_per_execution_cycles: 0.124649 
=========== ACTION : ENABLE TPT ===========
cycles: 33035.433333 
ept_cycles_per_execution_cycles: 0.122563 
=========== ACTION : ENABLE TPT ===========
cycles: 33321.233333 
ept_cycles_per_execution_cycles: 0.121242 
=========== ACTION : ENABLE TPT ===========
cycles: 32751.733333 
ept_cycles_per_execution_cycles: 0.118766 
=========== ACTION : ENABLE TPT ===========
cycles: 32625.466667 
ept_cycles_per_execution_cycles: 0.118537 
=========== ACTION : ENABLE TPT ===========
cycles: 32859.700000 
ept_cycles_per_execution_cycles: 0.115542 
=========== ACTION : ENABLE TPT ===========
cycles: 32593.233333 
ept_cycles_per_execution_cycles: 0.114066 
=========== ACTION : ENABLE TPT ===========
cycles: 32780.600000 
ept_cycles_per_execution_cycles: 0.112898 
=========== ACTION : ENABLE TPT ===========
cycles: 32463.066667 
ept_cycles_per_execution_cycles: 0.111499 
=========== ACTION : ENABLE TPT ===========
cycles: 32147.533333 
ept_cycles_per_execution_cycles: 0.115969 
=========== ACTION : ENABLE TPT ===========
cycles: 32572.766667 
ept_cycles_per_execution_cycles: 0.113695 
=========== ACTION : ENABLE TPT ===========
cycles: 32233.033333 
ept_cycles_per_execution_cycles: 0.111891 
=========== ACTION : ENABLE TPT ===========
cycles: 32525.833333 
ept_cycles_per_execution_cycles: 0.111784 
=========== ACTION : ENABLE TPT ===========
cycles: 32031.466667 
ept_cycles_per_execution_cycles: 0.109800 
=========== ACTION : ENABLE TPT ===========
cycles: 32543.566667 
ept_cycles_per_execution_cycles: 0.110295 
=========== ACTION : ENABLE TPT ===========
cycles: 32459.533333 
ept_cycles_per_execution_cycles: 0.110394 
=========== ACTION : ENABLE TPT ===========
cycles: 32394.866667 
ept_cycles_per_execution_cycles: 0.110904 
=========== ACTION : ENABLE TPT ===========
cycles: 32639.866667 
ept_cycles_per_execution_cycles: 0.112465 
=========== ACTION : ENABLE TPT ===========
cycles: 32224.766667 
ept_cycles_per_execution_cycles: 0.110917 
=========== ACTION : ENABLE TPT ===========
cycles: 32656.800000 
ept_cycles_per_execution_cycles: 0.110495 
=========== ACTION : ENABLE TPT ===========
cycles: 32537.600000 
ept_cycles_per_execution_cycles: 0.109490 
=========== ACTION : ENABLE TPT ===========
cycles: 32512.400000 
ept_cycles_per_execution_cycles: 0.109339 
=========== ACTION : ENABLE TPT ===========
cycles: 32485.433333 
ept_cycles_per_execution_cycles: 0.110958 
=========== ACTION : ENABLE TPT ===========
cycles: 32360.700000 
ept_cycles_per_execution_cycles: 0.109846 
=========== ACTION : ENABLE TPT ===========
cycles: 32683.766667 
ept_cycles_per_execution_cycles: 0.110894 
=========== ACTION : ENABLE TPT ===========
cycles: 32370.100000 
ept_cycles_per_execution_cycles: 0.110976 
=========== ACTION : ENABLE TPT ===========
cycles: 32333.100000 
ept_cycles_per_execution_cycles: 0.109495 
=========== ACTION : ENABLE TPT ===========
cycles: 32261.433333 
ept_cycles_per_execution_cycles: 0.110543 
=========== ACTION : ENABLE TPT ===========
cycles: 32651.833333 
ept_cycles_per_execution_cycles: 0.112720 
=========== ACTION : ENABLE TPT ===========
cycles: 33562.100000 
ept_cycles_per_execution_cycles: 0.121780 
=========== ACTION : ENABLE TPT ===========
cycles: 34489.233333 
ept_cycles_per_execution_cycles: 0.131701 
=========== ACTION : ENABLE TPT ===========
cycles: 35038.300000 
ept_cycles_per_execution_cycles: 0.133054 
=========== ACTION : ENABLE TPT ===========
cycles: 35115.233333 
ept_cycles_per_execution_cycles: 0.135034 
=========== ACTION : ENABLE TPT ===========
cycles: 35171.733333 
ept_cycles_per_execution_cycles: 0.136346 
=========== ACTION : ENABLE TPT ===========
cycles: 36436.566667 
ept_cycles_per_execution_cycles: 0.144521 
=========== ACTION : ENABLE TPT ===========
cycles: 36098.500000 
ept_cycles_per_execution_cycles: 0.145716 
=========== ACTION : ENABLE TPT ===========
cycles: 36431.300000 
ept_cycles_per_execution_cycles: 0.144850 
=========== ACTION : ENABLE TPT ===========
cycles: 36471.633333 
ept_cycles_per_execution_cycles: 0.144988 
=========== ACTION : ENABLE TPT ===========
cycles: 36277.733333 
ept_cycles_per_execution_cycles: 0.144063 
=========== ACTION : ENABLE TPT ===========
cycles: 8289345.133333 
ept_cycles_per_execution_cycles: 0.027094 
cycles: 18002567.766667 
ept_cycles_per_execution_cycles: 0.023096 
cycles: 27724909.000000 
ept_cycles_per_execution_cycles: 0.020883 
cycles: 37423257.500000 
ept_cycles_per_execution_cycles: 0.019369 
cycles: 46468553.066667 
ept_cycles_per_execution_cycles: 0.018186 
cycles: 55117175.533333 
ept_cycles_per_execution_cycles: 0.016504 
cycles: 63624735.666667 
ept_cycles_per_execution_cycles: 0.014749 
cycles: 72822640.733333 
ept_cycles_per_execution_cycles: 0.013356 
cycles: 75270011.500000 
ept_cycles_per_execution_cycles: 0.012999 
cycles: 75270173.300000 
ept_cycles_per_execution_cycles: 0.013001 
cycles: 75271586.766667 
ept_cycles_per_execution_cycles: 0.013005 
cycles: 75271330.000000 
ept_cycles_per_execution_cycles: 0.013005 
cycles: 75272055.766667 
ept_cycles_per_execution_cycles: 0.013006 
cycles: 75272079.200000 
ept_cycles_per_execution_cycles: 0.013005 
cycles: 75271652.800000 
ept_cycles_per_execution_cycles: 0.013004 
cycles: 75271889.233333 
ept_cycles_per_execution_cycles: 0.013002 
cycles: 75271400.866667 
ept_cycles_per_execution_cycles: 0.013000 
cycles: 75271798.533333 
ept_cycles_per_execution_cycles: 0.013001 
cycles: 75271639.900000 
ept_cycles_per_execution_cycles: 0.013000 
cycles: 75270872.133333 
ept_cycles_per_execution_cycles: 0.012997 
cycles: 75270538.966667 
ept_cycles_per_execution_cycles: 0.012992 
cycles: 75268924.800000 
ept_cycles_per_execution_cycles: 0.012985 
cycles: 75268943.533333 
ept_cycles_per_execution_cycles: 0.012984 
cycles: 75268780.933333 
ept_cycles_per_execution_cycles: 0.012983 
cycles: 75268479.900000 
ept_cycles_per_execution_cycles: 0.012982 
cycles: 75267548.333333 
ept_cycles_per_execution_cycles: 0.012975 
cycles: 75267187.566667 
ept_cycles_per_execution_cycles: 0.012975 
cycles: 75267462.466667 
ept_cycles_per_execution_cycles: 0.012975 
cycles: 75267415.733333 
ept_cycles_per_execution_cycles: 0.012975 
cycles: 75267386.800000 
ept_cycles_per_execution_cycles: 0.012975 
cycles: 67015014.433333 
ept_cycles_per_execution_cycles: 0.011300 
cycles: 57300888.600000 
ept_cycles_per_execution_cycles: 0.009878 
cycles: 47579397.633333 
ept_cycles_per_execution_cycles: 0.008469 
cycles: 37881293.133333 
ept_cycles_per_execution_cycles: 0.006790 
cycles: 28835797.500000 
ept_cycles_per_execution_cycles: 0.004749 
cycles: 20187924.600000 
ept_cycles_per_execution_cycles: 0.003599 
cycles: 11679433.600000 
ept_cycles_per_execution_cycles: 0.003756 
cycles: 2482481.900000 
ept_cycles_per_execution_cycles: 0.003910 
cycles: 35025.266667 
ept_cycles_per_execution_cycles: 0.109037 
=========== ACTION : ENABLE TPT ===========
cycles: 34639.366667 
ept_cycles_per_execution_cycles: 0.106164 
=========== ACTION : ENABLE TPT ===========
cycles: 33602.066667 
ept_cycles_per_execution_cycles: 0.098028 
cycles: 32938.233333 
ept_cycles_per_execution_cycles: 0.098216 
cycles: 32920.000000 
ept_cycles_per_execution_cycles: 0.096578 
cycles: 32890.133333 
ept_cycles_per_execution_cycles: 0.095972 
cycles: 32888.866667 
ept_cycles_per_execution_cycles: 0.094998 
cycles: 32918.066667 
ept_cycles_per_execution_cycles: 0.093446 
cycles: 32524.466667 
ept_cycles_per_execution_cycles: 0.093972 
cycles: 32783.400000 
ept_cycles_per_execution_cycles: 0.090831 
cycles: 32829.000000 
ept_cycles_per_execution_cycles: 0.090310 
cycles: 33063.666667 
ept_cycles_per_execution_cycles: 0.091738 
cycles: 33301.533333 
ept_cycles_per_execution_cycles: 0.092989 
cycles: 32503.066667 
ept_cycles_per_execution_cycles: 0.094208 
cycles: 33343.666667 
ept_cycles_per_execution_cycles: 0.093189 
cycles: 33267.566667 
ept_cycles_per_execution_cycles: 0.093462 
cycles: 33483.833333 
ept_cycles_per_execution_cycles: 0.093270 
cycles: 33680.900000 
ept_cycles_per_execution_cycles: 0.093402 
cycles: 32916.233333 
ept_cycles_per_execution_cycles: 0.095337 
cycles: 33545.066667 
ept_cycles_per_execution_cycles: 0.093606 
cycles: 33400.866667 
ept_cycles_per_execution_cycles: 0.093629 
cycles: 33476.633333 
ept_cycles_per_execution_cycles: 0.091645 
cycles: 33030.733333 
ept_cycles_per_execution_cycles: 0.087607 
cycles: 32369.133333 
ept_cycles_per_execution_cycles: 0.088829 
cycles: 32722.966667 
ept_cycles_per_execution_cycles: 0.085642 
cycles: 32184.700000 
ept_cycles_per_execution_cycles: 0.080127 
cycles: 32303.400000 
ept_cycles_per_execution_cycles: 0.078974 
cycles: 31869.533333 
ept_cycles_per_execution_cycles: 0.067324 
cycles: 31285.533333 
ept_cycles_per_execution_cycles: 0.067751 
cycles: 31479.766667 
ept_cycles_per_execution_cycles: 0.064942 
cycles: 31169.166667 
ept_cycles_per_execution_cycles: 0.064563 
cycles: 31528.933333 
ept_cycles_per_execution_cycles: 0.065796 
cycles: 31581.166667 
ept_cycles_per_execution_cycles: 0.069626 
cycles: 31031.333333 
ept_cycles_per_execution_cycles: 0.070987 
cycles: 31432.766667 
ept_cycles_per_execution_cycles: 0.071374 
cycles: 31254.500000 
ept_cycles_per_execution_cycles: 0.071883 
cycles: 31428.333333 
ept_cycles_per_execution_cycles: 0.072042 
cycles: 31362.300000 
ept_cycles_per_execution_cycles: 0.073252 
cycles: 30786.700000 
ept_cycles_per_execution_cycles: 0.074488 
cycles: 31115.366667 
ept_cycles_per_execution_cycles: 0.073434 
cycles: 30891.933333 
ept_cycles_per_execution_cycles: 0.072925 
cycles: 30922.333333 
ept_cycles_per_execution_cycles: 0.070057 
cycles: 30601.000000 
ept_cycles_per_execution_cycles: 0.064736 
cycles: 30574.966667 
ept_cycles_per_execution_cycles: 0.064671 
cycles: 30227.700000 
ept_cycles_per_execution_cycles: 0.063260 
cycles: 30178.300000 
ept_cycles_per_execution_cycles: 0.062309 
cycles: 30255.333333 
ept_cycles_per_execution_cycles: 0.061935 
cycles: 29979.966667 
ept_cycles_per_execution_cycles: 0.060771 
cycles: 29970.400000 
ept_cycles_per_execution_cycles: 0.060541 
cycles: 29843.333333 
ept_cycles_per_execution_cycles: 0.059924 
cycles: 29915.100000 
ept_cycles_per_execution_cycles: 0.061380 
cycles: 30141.700000 
ept_cycles_per_execution_cycles: 0.062923 
cycles: 30248.900000 
ept_cycles_per_execution_cycles: 0.066651 
cycles: 30255.700000 
ept_cycles_per_execution_cycles: 0.067023 
cycles: 30190.933333 
ept_cycles_per_execution_cycles: 0.067662 
cycles: 30080.166667 
ept_cycles_per_execution_cycles: 0.067645 
cycles: 30371.633333 
ept_cycles_per_execution_cycles: 0.068416 
cycles: 30330.366667 
ept_cycles_per_execution_cycles: 0.069180 
cycles: 30335.866667 
ept_cycles_per_execution_cycles: 0.069177 
cycles: 30245.333333 
ept_cycles_per_execution_cycles: 0.069043 
cycles: 30259.333333 
ept_cycles_per_execution_cycles: 0.068897 
cycles: 30543.933333 
ept_cycles_per_execution_cycles: 0.069573 
cycles: 30901.333333 
ept_cycles_per_execution_cycles: 0.073797 
cycles: 30974.333333 
ept_cycles_per_execution_cycles: 0.073902 
cycles: 31142.000000 
ept_cycles_per_execution_cycles: 0.073539 
cycles: 31315.266667 
ept_cycles_per_execution_cycles: 0.076099 
cycles: 31518.433333 
ept_cycles_per_execution_cycles: 0.076974 
cycles: 31660.000000 
ept_cycles_per_execution_cycles: 0.081747 
cycles: 31671.166667 
ept_cycles_per_execution_cycles: 0.081986 
cycles: 31761.700000 
ept_cycles_per_execution_cycles: 0.083199 
cycles: 31686.666667 
ept_cycles_per_execution_cycles: 0.083166 
cycles: 31799.566667 
ept_cycles_per_execution_cycles: 0.085018 
cycles: 31870.033333 
ept_cycles_per_execution_cycles: 0.089053 
cycles: 32062.933333 
ept_cycles_per_execution_cycles: 0.089476 
cycles: 32136.766667 
ept_cycles_per_execution_cycles: 0.090855 
cycles: 32056.333333 
ept_cycles_per_execution_cycles: 0.091380 
cycles: 32088.766667 
ept_cycles_per_execution_cycles: 0.091669 
cycles: 32152.000000 
ept_cycles_per_execution_cycles: 0.092328 
cycles: 32265.233333 
ept_cycles_per_execution_cycles: 0.092651 
cycles: 32280.566667 
ept_cycles_per_execution_cycles: 0.093468 
cycles: 32102.466667 
ept_cycles_per_execution_cycles: 0.092407 
cycles: 31974.500000 
ept_cycles_per_execution_cycles: 0.090909 
cycles: 31825.233333 
ept_cycles_per_execution_cycles: 0.087000 
cycles: 31921.200000 
ept_cycles_per_execution_cycles: 0.086737 
cycles: 31897.200000 
ept_cycles_per_execution_cycles: 0.086165 
cycles: 31865.566667 
ept_cycles_per_execution_cycles: 0.085911 
cycles: 31658.066667 
ept_cycles_per_execution_cycles: 0.085114 
cycles: 31578.200000 
ept_cycles_per_execution_cycles: 0.083472 
cycles: 31704.366667 
ept_cycles_per_execution_cycles: 0.083561 
cycles: 31725.266667 
ept_cycles_per_execution_cycles: 0.084074 
cycles: 31771.433333 
ept_cycles_per_execution_cycles: 0.084087 
cycles: 31453.100000 
ept_cycles_per_execution_cycles: 0.084416 
cycles: 31147.666667 
ept_cycles_per_execution_cycles: 0.078529 
cycles: 31172.533333 
ept_cycles_per_execution_cycles: 0.078538 
cycles: 31066.400000 
ept_cycles_per_execution_cycles: 0.079677 
cycles: 30807.100000 
ept_cycles_per_execution_cycles: 0.077226 
cycles: 30480.500000 
ept_cycles_per_execution_cycles: 0.076038 
cycles: 30305.200000 
ept_cycles_per_execution_cycles: 0.070267 
cycles: 30392.233333 
ept_cycles_per_execution_cycles: 0.070244 
cycles: 30290.233333 
ept_cycles_per_execution_cycles: 0.069523 
cycles: 30271.166667 
ept_cycles_per_execution_cycles: 0.06