cycles: 2613893.000000 
avg_ept_walk_per_miss: 33.854090 
ept_cycles_per_execution_cycles: 0.049087 
rss_in_gb: 0.004169 
cycles: 1397050.000000 
avg_ept_walk_per_miss: 34.064380 
ept_cycles_per_execution_cycles: 0.046206 
rss_in_gb: 0.004169 
cycles: 971510.333333 
avg_ept_walk_per_miss: 34.233509 
ept_cycles_per_execution_cycles: 0.044517 
rss_in_gb: 0.004169 
cycles: 744135.000000 
avg_ept_walk_per_miss: 34.488854 
ept_cycles_per_execution_cycles: 0.044181 
rss_in_gb: 0.004169 
cycles: 607395.800000 
avg_ept_walk_per_miss: 34.600577 
ept_cycles_per_execution_cycles: 0.043442 
rss_in_gb: 0.004169 
cycles: 531005.666667 
avg_ept_walk_per_miss: 35.285862 
ept_cycles_per_execution_cycles: 0.042927 
rss_in_gb: 0.004169 
cycles: 459481.142857 
avg_ept_walk_per_miss: 35.362745 
ept_cycles_per_execution_cycles: 0.042615 
rss_in_gb: 0.004169 
cycles: 405884.625000 
avg_ept_walk_per_miss: 35.461697 
ept_cycles_per_execution_cycles: 0.042341 
rss_in_gb: 0.004169 
cycles: 364218.111111 
avg_ept_walk_per_miss: 35.561888 
ept_cycles_per_execution_cycles: 0.042072 
rss_in_gb: 0.004169 
cycles: 330830.100000 
avg_ept_walk_per_miss: 35.644238 
ept_cycles_per_execution_cycles: 0.041793 
rss_in_gb: 0.004169 
cycles: 75579.100000 
avg_ept_walk_per_miss: 108.826087 
ept_cycles_per_execution_cycles: 0.016559 
rss_in_gb: 0.004169 
cycles: 60636.600000 
avg_ept_walk_per_miss: 104.582609 
ept_cycles_per_execution_cycles: 0.019835 
rss_in_gb: 0.004169 
cycles: 51628.700000 
avg_ept_walk_per_miss: 100.956897 
ept_cycles_per_execution_cycles: 0.022683 
rss_in_gb: 0.004169 
cycles: 45427.800000 
avg_ept_walk_per_miss: 106.989247 
ept_cycles_per_execution_cycles: 0.021903 
rss_in_gb: 0.004169 
cycles: 42413.000000 
avg_ept_walk_per_miss: 104.688172 
ept_cycles_per_execution_cycles: 0.022955 
rss_in_gb: 0.004169 
cycles: 28263.800000 
avg_ept_walk_per_miss: 136.125000 
ept_cycles_per_execution_cycles: 0.023118 
rss_in_gb: 0.004169 
cycles: 30802.800000 
avg_ept_walk_per_miss: 116.765625 
ept_cycles_per_execution_cycles: 0.024261 
rss_in_gb: 0.004169 
cycles: 27731.900000 
avg_ept_walk_per_miss: 111.968254 
ept_cycles_per_execution_cycles: 0.025436 
rss_in_gb: 0.004169 
cycles: 27699.900000 
avg_ept_walk_per_miss: 110.870968 
ept_cycles_per_execution_cycles: 0.024816 
rss_in_gb: 0.004169 
cycles: 25188.000000 
avg_ept_walk_per_miss: 112.846154 
ept_cycles_per_execution_cycles: 0.029121 
rss_in_gb: 0.004169 
cycles: 24246.100000 
avg_ept_walk_per_miss: 127.261905 
ept_cycles_per_execution_cycles: 0.022045 
rss_in_gb: 0.004169 
cycles: 21167.900000 
avg_ept_walk_per_miss: 119.904762 
ept_cycles_per_execution_cycles: 0.023791 
rss_in_gb: 0.004169 
cycles: 18132.700000 
avg_ept_walk_per_miss: 114.902439 
ept_cycles_per_execution_cycles: 0.025981 
rss_in_gb: 0.004169 
cycles: 21198.700000 
avg_ept_walk_per_miss: 121.829268 
ept_cycles_per_execution_cycles: 0.023563 
rss_in_gb: 0.004169 
cycles: 18630.200000 
avg_ept_walk_per_miss: 124.181818 
ept_cycles_per_execution_cycles: 0.029329 
rss_in_gb: 0.004169 
cycles: 23452.500000 
avg_ept_walk_per_miss: 90.802632 
ept_cycles_per_execution_cycles: 0.029425 
rss_in_gb: 0.004169 
cycles: 17880.100000 
avg_ept_walk_per_miss: 94.400000 
ept_cycles_per_execution_cycles: 0.031678 
rss_in_gb: 0.004169 
cycles: 17880.100000 
avg_ept_walk_per_miss: 94.400000 
ept_cycles_per_execution_cycles: 0.031678 
rss_in_gb: 0.004169 
cycles: 14823.500000 
avg_ept_walk_per_miss: 90.333333 
ept_cycles_per_execution_cycles: 0.036564 
rss_in_gb: 0.004169 
cycles: 18356.800000 
avg_ept_walk_per_miss: 89.837838 
ept_cycles_per_execution_cycles: 0.036215 
rss_in_gb: 0.004169 
cycles: 13160.400000 
avg_ept_walk_per_miss: 85.633803 
ept_cycles_per_execution_cycles: 0.046199 
rss_in_gb: 0.004169 
cycles: 13160.400000 
avg_ept_walk_per_miss: 85.633803 
ept_cycles_per_execution_cycles: 0.046199 
rss_in_gb: 0.004169 
cycles: 18592.500000 
avg_ept_walk_per_miss: 74.007519 
ept_cycles_per_execution_cycles: 0.052941 
rss_in_gb: 0.004169 
cycles: 15526.500000 
avg_ept_walk_per_miss: 71.872180 
ept_cycles_per_execution_cycles: 0.061566 
rss_in_gb: 0.004169 
cycles: 15478.700000 
avg_ept_walk_per_miss: 71.283582 
ept_cycles_per_execution_cycles: 0.061711 
rss_in_gb: 0.004169 
cycles: 9900.100000 
avg_ept_walk_per_miss: 77.154762 
ept_cycles_per_execution_cycles: 0.065464 
rss_in_gb: 0.004169 
cycles: 15179.800000 
avg_ept_walk_per_miss: 77.375000 
ept_cycles_per_execution_cycles: 0.053011 
rss_in_gb: 0.004169 
cycles: 15179.800000 
avg_ept_walk_per_miss: 77.375000 
ept_cycles_per_execution_cycles: 0.053011 
rss_in_gb: 0.004169 
cycles: 15179.800000 
avg_ept_walk_per_miss: 77.375000 
ept_cycles_per_execution_cycles: 0.053011 
rss_in_gb: 0.004169 
cycles: 11831.000000 
avg_ept_walk_per_miss: 73.557692 
ept_cycles_per_execution_cycles: 0.064661 
rss_in_gb: 0.004169 
cycles: 11831.000000 
avg_ept_walk_per_miss: 73.557692 
ept_cycles_per_execution_cycles: 0.064661 
rss_in_gb: 0.004169 
cycles: 17120.100000 
avg_ept_walk_per_miss: 75.618644 
ept_cycles_per_execution_cycles: 0.052120 
rss_in_gb: 0.004169 
cycles: 11688.000000 
avg_ept_walk_per_miss: 92.142857 
ept_cycles_per_execution_cycles: 0.044148 
rss_in_gb: 0.004169 
cycles: 11688.000000 
avg_ept_walk_per_miss: 92.142857 
ept_cycles_per_execution_cycles: 0.044148 
rss_in_gb: 0.004169 
cycles: 12088.600000 
avg_ept_walk_per_miss: 89.157143 
ept_cycles_per_execution_cycles: 0.051627 
rss_in_gb: 0.004169 
cycles: 12088.600000 
avg_ept_walk_per_miss: 89.157143 
ept_cycles_per_execution_cycles: 0.051627 
rss_in_gb: 0.004169 
cycles: 12543.200000 
avg_ept_walk_per_miss: 72.096774 
ept_cycles_per_execution_cycles: 0.071274 
rss_in_gb: 0.004169 
cycles: 12543.200000 
avg_ept_walk_per_miss: 72.096774 
ept_cycles_per_execution_cycles: 0.071274 
rss_in_gb: 0.004169 
cycles: 12543.200000 
avg_ept_walk_per_miss: 72.096774 
ept_cycles_per_execution_cycles: 0.071274 
rss_in_gb: 0.004169 
cycles: 12589.200000 
avg_ept_walk_per_miss: 73.225806 
ept_cycles_per_execution_cycles: 0.072125 
rss_in_gb: 0.004169 
cycles: 12589.200000 
avg_ept_walk_per_miss: 73.225806 
ept_cycles_per_execution_cycles: 0.072125 
rss_in_gb: 0.004169 
cycles: 12889.200000 
avg_ept_walk_per_miss: 67.005495 
ept_cycles_per_execution_cycles: 0.094614 
rss_in_gb: 0.004169 
cycles: 12889.200000 
avg_ept_walk_per_miss: 67.005495 
ept_cycles_per_execution_cycles: 0.094614 
rss_in_gb: 0.004169 
cycles: 12889.200000 
avg_ept_walk_per_miss: 67.005495 
ept_cycles_per_execution_cycles: 0.094614 
rss_in_gb: 0.004169 
cycles: 12984.700000 
avg_ept_walk_per_miss: 69.677596 
ept_cycles_per_execution_cycles: 0.098200 
rss_in_gb: 0.004169 
cycles: 12984.700000 
avg_ept_walk_per_miss: 69.677596 
ept_cycles_per_execution_cycles: 0.098200 
rss_in_gb: 0.004169 
cycles: 12724.800000 
avg_ept_walk_per_miss: 72.619883 
ept_cycles_per_execution_cycles: 0.097589 
rss_in_gb: 0.004169 
cycles: 12724.800000 
avg_ept_walk_per_miss: 72.619883 
ept_cycles_per_execution_cycles: 0.097589 
rss_in_gb: 0.004169 
cycles: 12724.800000 
avg_ept_walk_per_miss: 72.619883 
ept_cycles_per_execution_cycles: 0.097589 
rss_in_gb: 0.004169 
cycles: 12726.800000 
avg_ept_walk_per_miss: 71.697674 
ept_cycles_per_execution_cycles: 0.096898 
rss_in_gb: 0.004169 
cycles: 12726.800000 
avg_ept_walk_per_miss: 71.697674 
ept_cycles_per_execution_cycles: 0.096898 
rss_in_gb: 0.004169 
cycles: 12607.500000 
avg_ept_walk_per_miss: 71.825301 
ept_cycles_per_execution_cycles: 0.094571 
rss_in_gb: 0.004169 
cycles: 12607.500000 
avg_ept_walk_per_miss: 71.825301 
ept_cycles_per_execution_cycles: 0.094571 
rss_in_gb: 0.004169 
cycles: 12607.500000 
avg_ept_walk_per_miss: 71.825301 
ept_cycles_per_execution_cycles: 0.094571 
rss_in_gb: 0.004169 
cycles: 12486.100000 
avg_ept_walk_per_miss: 69.646341 
ept_cycles_per_execution_cycles: 0.091478 
rss_in_gb: 0.004169 
cycles: 12486.100000 
avg_ept_walk_per_miss: 69.646341 
ept_cycles_per_execution_cycles: 0.091478 
rss_in_gb: 0.004169 
cycles: 12513.400000 
avg_ept_walk_per_miss: 68.059524 
ept_cycles_per_execution_cycles: 0.091374 
rss_in_gb: 0.004169 
cycles: 12513.400000 
avg_ept_walk_per_miss: 68.059524 
ept_cycles_per_execution_cycles: 0.091374 
rss_in_gb: 0.004169 
cycles: 12513.400000 
avg_ept_walk_per_miss: 68.059524 
ept_cycles_per_execution_cycles: 0.091374 
rss_in_gb: 0.004169 
cycles: 12486.000000 
avg_ept_walk_per_miss: 67.185629 
ept_cycles_per_execution_cycles: 0.089861 
rss_in_gb: 0.004169 
cycles: 12486.000000 
avg_ept_walk_per_miss: 67.185629 
ept_cycles_per_execution_cycles: 0.089861 
rss_in_gb: 0.004169 
cycles: 12480.600000 
avg_ept_walk_per_miss: 68.047337 
ept_cycles_per_execution_cycles: 0.092143 
rss_in_gb: 0.004169 
cycles: 12480.600000 
avg_ept_walk_per_miss: 68.047337 
ept_cycles_per_execution_cycles: 0.092143 
rss_in_gb: 0.004169 
cycles: 12480.600000 
avg_ept_walk_per_miss: 68.047337 
ept_cycles_per_execution_cycles: 0.092143 
rss_in_gb: 0.004169 
cycles: 12451.100000 
avg_ept_walk_per_miss: 66.511765 
ept_cycles_per_execution_cycles: 0.090811 
rss_in_gb: 0.004169 
cycles: 12451.100000 
avg_ept_walk_per_miss: 66.511765 
ept_cycles_per_execution_cycles: 0.090811 
rss_in_gb: 0.004169 
cycles: 12290.700000 
avg_ept_walk_per_miss: 69.440299 
ept_cycles_per_execution_cycles: 0.075708 
rss_in_gb: 0.004169 
cycles: 12290.700000 
avg_ept_walk_per_miss: 69.440299 
ept_cycles_per_execution_cycles: 0.075708 
rss_in_gb: 0.004169 
cycles: 12290.700000 
avg_ept_walk_per_miss: 69.440299 
ept_cycles_per_execution_cycles: 0.075708 
rss_in_gb: 0.004169 
cycles: 12665.900000 
avg_ept_walk_per_miss: 73.448529 
ept_cycles_per_execution_cycles: 0.078865 
rss_in_gb: 0.004169 
cycles: 12665.900000 
avg_ept_walk_per_miss: 73.448529 
ept_cycles_per_execution_cycles: 0.078865 
rss_in_gb: 0.004169 
cycles: 12844.600000 
avg_ept_walk_per_miss: 65.830986 
ept_cycles_per_execution_cycles: 0.072778 
rss_in_gb: 0.004169 
cycles: 12844.600000 
avg_ept_walk_per_miss: 65.830986 
ept_cycles_per_execution_cycles: 0.072778 
rss_in_gb: 0.004169 
cycles: 12844.600000 
avg_ept_walk_per_miss: 65.830986 
ept_cycles_per_execution_cycles: 0.072778 
rss_in_gb: 0.004169 
cycles: 13013.600000 
avg_ept_walk_per_miss: 66.845070 
ept_cycles_per_execution_cycles: 0.072939 
rss_in_gb: 0.004169 
cycles: 13013.600000 
avg_ept_walk_per_miss: 66.845070 
ept_cycles_per_execution_cycles: 0.072939 
rss_in_gb: 0.004169 
cycles: 13175.500000 
avg_ept_walk_per_miss: 65.731429 
ept_cycles_per_execution_cycles: 0.087306 
rss_in_gb: 0.004169 
cycles: 13175.500000 
avg_ept_walk_per_miss: 65.731429 
ept_cycles_per_execution_cycles: 0.087306 
rss_in_gb: 0.004169 
cycles: 13175.500000 
avg_ept_walk_per_miss: 65.731429 
ept_cycles_per_execution_cycles: 0.087306 
rss_in_gb: 0.004169 
cycles: 12893.700000 
avg_ept_walk_per_miss: 63.138728 
ept_cycles_per_execution_cycles: 0.084716 
rss_in_gb: 0.004169 
cycles: 18239.900000 
avg_ept_walk_per_miss: 65.621212 
ept_cycles_per_execution_cycles: 0.071234 
rss_in_gb: 0.004169 
cycles: 12596.800000 
avg_ept_walk_per_miss: 75.604839 
ept_cycles_per_execution_cycles: 0.074424 
rss_in_gb: 0.004169 
cycles: 12596.800000 
avg_ept_walk_per_miss: 75.604839 
ept_cycles_per_execution_cycles: 0.074424 
rss_in_gb: 0.004169 
cycles: 12596.800000 
avg_ept_walk_per_miss: 75.604839 
ept_cycles_per_execution_cycles: 0.074424 
rss_in_gb: 0.004169 
cycles: 12450.400000 
avg_ept_walk_per_miss: 73.661290 
ept_cycles_per_execution_cycles: 0.073363 
rss_in_gb: 0.004169 
cycles: 18062.400000 
avg_ept_walk_per_miss: 66.206030 
ept_cycles_per_execution_cycles: 0.072942 
rss_in_gb: 0.004169 
cycles: 12559.200000 
avg_ept_walk_per_miss: 67.808824 
ept_cycles_per_execution_cycles: 0.073428 
rss_in_gb: 0.004169 
cycles: 12559.200000 
avg_ept_walk_per_miss: 67.808824 
ept_cycles_per_execution_cycles: 0.073428 
rss_in_gb: 0.004169 
cycles: 12559.200000 
avg_ept_walk_per_miss: 67.808824 
ept_cycles_per_execution_cycles: 0.073428 
rss_in_gb: 0.004169 
cycles: 12485.400000 
avg_ept_walk_per_miss: 67.544118 
ept_cycles_per_execution_cycles: 0.073574 
rss_in_gb: 0.004169 
cycles: 12630.300000 
avg_ept_walk_per_miss: 60.853261 
ept_cycles_per_execution_cycles: 0.088652 
rss_in_gb: 0.004169 
cycles: 12630.300000 
avg_ept_walk_per_miss: 60.853261 
ept_cycles_per_execution_cycles: 0.088652 
rss_in_gb: 0.004169 
cycles: 12630.300000 
avg_ept_walk_per_miss: 60.853261 
ept_cycles_per_execution_cycles: 0.088652 
rss_in_gb: 0.004169 
cycles: 12630.300000 
avg_ept_walk_per_miss: 60.853261 
ept_cycles_per_execution_cycles: 0.088652 
rss_in_gb: 0.004169 
cycles: 12644.900000 
avg_ept_walk_per_miss: 61.135870 
ept_cycles_per_execution_cycles: 0.088961 
rss_in_gb: 0.004169 
cycles: 12476.600000 
avg_ept_walk_per_miss: 63.741573 
ept_cycles_per_execution_cycles: 0.090938 
rss_in_gb: 0.004169 
cycles: 12476.600000 
avg_ept_walk_per_miss: 63.741573 
ept_cycles_per_execution_cycles: 0.090938 
rss_in_gb: 0.004169 
cycles: 12476.600000 
avg_ept_walk_per_miss: 63.741573 
ept_cycles_per_execution_cycles: 0.090938 
rss_in_gb: 0.004169 
cycles: 12476.600000 
avg_ept_walk_per_miss: 63.741573 
ept_cycles_per_execution_cycles: 0.090938 
rss_in_gb: 0.004169 
cycles: 12481.200000 
avg_ept_walk_per_miss: 63.668539 
ept_cycles_per_execution_cycles: 0.090801 
rss_in_gb: 0.004169 
cycles: 12410.900000 
avg_ept_walk_per_miss: 65.745562 
ept_cycles_per_execution_cycles: 0.089526 
rss_in_gb: 0.004169 
cycles: 12410.900000 
avg_ept_walk_per_miss: 65.745562 
ept_cycles_per_execution_cycles: 0.089526 
rss_in_gb: 0.004169 
cycles: 12410.900000 
avg_ept_walk_per_miss: 65.745562 
ept_cycles_per_execution_cycles: 0.089526 
rss_in_gb: 0.004169 
cycles: 12410.900000 
avg_ept_walk_per_miss: 65.745562 
ept_cycles_per_execution_cycles: 0.089526 
rss_in_gb: 0.004169 
cycles: 12325.300000 
avg_ept_walk_per_miss: 65.360947 
ept_cycles_per_execution_cycles: 0.089621 
rss_in_gb: 0.004169 
cycles: 12389.000000 
avg_ept_walk_per_miss: 63.698225 
ept_cycles_per_execution_cycles: 0.086892 
rss_in_gb: 0.004169 
cycles: 12389.000000 
avg_ept_walk_per_miss: 63.698225 
ept_cycles_per_execution_cycles: 0.086892 
rss_in_gb: 0.004169 
cycles: 12389.000000 
avg_ept_walk_per_miss: 63.698225 
ept_cycles_per_execution_cycles: 0.086892 
rss_in_gb: 0.004169 
cycles: 12389.000000 
avg_ept_walk_per_miss: 63.698225 
ept_cycles_per_execution_cycles: 0.086892 
rss_in_gb: 0.004169 
cycles: 12516.200000 
avg_ept_walk_per_miss: 65.052941 
ept_cycles_per_execution_cycles: 0.088357 
rss_in_gb: 0.004169 
cycles: 12541.600000 
avg_ept_walk_per_miss: 65.323699 
ept_cycles_per_execution_cycles: 0.090108 
rss_in_gb: 0.004169 
cycles: 12541.600000 
avg_ept_walk_per_miss: 65.323699 
ept_cycles_per_execution_cycles: 0.090108 
rss_in_gb: 0.004169 
cycles: 12541.600000 
avg_ept_walk_per_miss: 65.323699 
ept_cycles_per_execution_cycles: 0.090108 
rss_in_gb: 0.004169 
cycles: 12541.600000 
avg_ept_walk_per_miss: 65.323699 
ept_cycles_per_execution_cycles: 0.090108 
rss_in_gb: 0.004169 
cycles: 12340.500000 
avg_ept_walk_per_miss: 65.006369 
ept_cycles_per_execution_cycles: 0.082703 
rss_in_gb: 0.004169 
cycles: 12158.300000 
avg_ept_walk_per_miss: 73.122642 
ept_cycles_per_execution_cycles: 0.063751 
rss_in_gb: 0.004169 
cycles: 12158.300000 
avg_ept_walk_per_miss: 73.122642 
ept_cycles_per_execution_cycles: 0.063751 
rss_in_gb: 0.004169 
cycles: 12158.300000 
avg_ept_walk_per_miss: 73.122642 
ept_cycles_per_execution_cycles: 0.063751 
rss_in_gb: 0.004169 
cycles: 12158.300000 
avg_ept_walk_per_miss: 73.122642 
ept_cycles_per_execution_cycles: 0.063751 
rss_in_gb: 0.004169 
cycles: 11789.300000 
avg_ept_walk_per_miss: 72.288889 
ept_cycles_per_execution_cycles: 0.055186 
rss_in_gb: 0.004169 
cycles: 11848.900000 
avg_ept_walk_per_miss: 66.774194 
ept_cycles_per_execution_cycles: 0.052410 
rss_in_gb: 0.004169 
cycles: 11848.900000 
avg_ept_walk_per_miss: 66.774194 
ept_cycles_per_execution_cycles: 0.052410 
rss_in_gb: 0.004169 
cycles: 11848.900000 
avg_ept_walk_per_miss: 66.774194 
ept_cycles_per_execution_cycles: 0.052410 
rss_in_gb: 0.004169 
cycles: 11848.900000 
avg_ept_walk_per_miss: 66.774194 
ept_cycles_per_execution_cycles: 0.052410 
rss_in_gb: 0.004169 
cycles: 11775.200000 
avg_ept_walk_per_miss: 66.419355 
ept_cycles_per_execution_cycles: 0.052458 
rss_in_gb: 0.004169 
cycles: 11858.700000 
avg_ept_walk_per_miss: 66.910000 
ept_cycles_per_execution_cycles: 0.056423 
rss_in_gb: 0.004169 
cycles: 11858.700000 
avg_ept_walk_per_miss: 66.910000 
ept_cycles_per_execution_cycles: 0.056423 
rss_in_gb: 0.004169 
cycles: 11858.700000 
avg_ept_walk_per_miss: 66.910000 
ept_cycles_per_execution_cycles: 0.056423 
rss_in_gb: 0.004169 
cycles: 11858.700000 
avg_ept_walk_per_miss: 66.910000 
ept_cycles_per_execution_cycles: 0.056423 
rss_in_gb: 0.004169 
cycles: 11791.000000 
avg_ept_walk_per_miss: 65.673267 
ept_cycles_per_execution_cycles: 0.056255 
rss_in_gb: 0.004169 
cycles: 11536.200000 
avg_ept_walk_per_miss: 95.540541 
ept_cycles_per_execution_cycles: 0.030643 
rss_in_gb: 0.004169 
cycles: 11536.200000 
avg_ept_walk_per_miss: 95.540541 
ept_cycles_per_execution_cycles: 0.030643 
rss_in_gb: 0.004169 
cycles: 11536.200000 
avg_ept_walk_per_miss: 95.540541 
ept_cycles_per_execution_cycles: 0.030643 
rss_in_gb: 0.004169 
cycles: 11536.200000 
avg_ept_walk_per_miss: 95.540541 
ept_cycles_per_execution_cycles: 0.030643 
rss_in_gb: 0.004169 
cycles: 11541.300000 
avg_ept_walk_per_miss: 98.594595 
ept_cycles_per_execution_cycles: 0.031608 
rss_in_gb: 0.004169 
cycles: 11654.200000 
avg_ept_walk_per_miss: 151.111111 
ept_cycles_per_execution_cycles: 0.023339 
rss_in_gb: 0.004169 
cycles: 11654.200000 
avg_ept_walk_per_miss: 151.111111 
ept_cycles_per_execution_cycles: 0.023339 
rss_in_gb: 0.004169 
cycles: 11654.200000 
avg_ept_walk_per_miss: 151.111111 
ept_cycles_per_execution_cycles: 0.023339 
rss_in_gb: 0.004169 
cycles: 11654.200000 
avg_ept_walk_per_miss: 151.111111 
ept_cycles_per_execution_cycles: 0.023339 
rss_in_gb: 0.004169 
cycles: 11731.900000 
avg_ept_walk_per_miss: 169.500000 
ept_cycles_per_execution_cycles: 0.023116 
rss_in_gb: 0.004169 
cycles: 12262.200000 
avg_ept_walk_per_miss: 100.666667 
ept_cycles_per_execution_cycles: 0.036943 
rss_in_gb: 0.004169 
cycles: 12262.200000 
avg_ept_walk_per_miss: 100.666667 
ept_cycles_per_execution_cycles: 0.036943 
rss_in_gb: 0.004169 
cycles: 12262.200000 
avg_ept_walk_per_miss: 100.666667 
ept_cycles_per_execution_cycles: 0.036943 
rss_in_gb: 0.004169 
cycles: 12262.200000 
avg_ept_walk_per_miss: 100.666667 
ept_cycles_per_execution_cycles: 0.036943 
rss_in_gb: 0.004169 
cycles: 12317.900000 
avg_ept_walk_per_miss: 100.644444 
ept_cycles_per_execution_cycles: 0.036768 
rss_in_gb: 0.004169 
cycles: 12620.100000 
avg_ept_walk_per_miss: 69.917431 
ept_cycles_per_execution_cycles: 0.060388 
rss_in_gb: 0.004169 
cycles: 12620.100000 
avg_ept_walk_per_miss: 69.917431 
ept_cycles_per_execution_cycles: 0.060388 
rss_in_gb: 0.004169 
cycles: 12620.100000 
avg_ept_walk_per_miss: 69.917431 
ept_cycles_per_execution_cycles: 0.060388 
rss_in_gb: 0.004169 
cycles: 13057.000000 
avg_ept_walk_per_miss: 72.116071 
ept_cycles_per_execution_cycles: 0.061860 
rss_in_gb: 0.004169 
cycles: 12537.600000 
avg_ept_walk_per_miss: 68.654545 
ept_cycles_per_execution_cycles: 0.060235 
rss_in_gb: 0.004169 
cycles: 12368.400000 
avg_ept_walk_per_miss: 65.380282 
ept_cycles_per_execution_cycles: 0.075062 
rss_in_gb: 0.004169 
cycles: 12368.400000 
avg_ept_walk_per_miss: 65.380282 
ept_cycles_per_execution_cycles: 0.075062 
rss_in_gb: 0.004169 
cycles: 12368.400000 
avg_ept_walk_per_miss: 65.380282 
ept_cycles_per_execution_cycles: 0.075062 
rss_in_gb: 0.004169 
cycles: 12799.000000 
avg_ept_walk_per_miss: 67.075862 
ept_cycles_per_execution_cycles: 0.075990 
rss_in_gb: 0.004169 
cycles: 12303.400000 
avg_ept_walk_per_miss: 64.580420 
ept_cycles_per_execution_cycles: 0.075061 
rss_in_gb: 0.004169 
cycles: 12353.500000 
avg_ept_walk_per_miss: 64.835616 
ept_cycles_per_execution_cycles: 0.076626 
rss_in_gb: 0.004169 
cycles: 12353.500000 
avg_ept_walk_per_miss: 64.835616 
ept_cycles_per_execution_cycles: 0.076626 
rss_in_gb: 0.004169 
cycles: 12353.500000 
avg_ept_walk_per_miss: 64.835616 
ept_cycles_per_execution_cycles: 0.076626 
rss_in_gb: 0.004169 
cycles: 12358.700000 
avg_ept_walk_per_miss: 65.675862 
ept_cycles_per_execution_cycles: 0.077055 
rss_in_gb: 0.004169 
cycles: 12358.700000 
avg_ept_walk_per_miss: 65.675862 
ept_cycles_per_execution_cycles: 0.077055 
rss_in_gb: 0.004169 
cycles: 12328.200000 
avg_ept_walk_per_miss: 66.978873 
ept_cycles_per_execution_cycles: 0.077148 
rss_in_gb: 0.004169 
cycles: 12328.200000 
avg_ept_walk_per_miss: 66.978873 
ept_cycles_per_execution_cycles: 0.077148 
rss_in_gb: 0.004169 
cycles: 12328.200000 
avg_ept_walk_per_miss: 66.978873 
ept_cycles_per_execution_cycles: 0.077148 
rss_in_gb: 0.004169 
cycles: 12283.900000 
avg_ept_walk_per_miss: 66.092199 
ept_cycles_per_execution_cycles: 0.075864 
rss_in_gb: 0.004169 
cycles: 12283.900000 
avg_ept_walk_per_miss: 66.092199 
ept_cycles_per_execution_cycles: 0.075864 
rss_in_gb: 0.004169 
cycles: 11966.600000 
avg_ept_walk_per_miss: 66.171429 
ept_cycles_per_execution_cycles: 0.077415 
rss_in_gb: 0.004169 
cycles: 11966.600000 
avg_ept_walk_per_miss: 66.171429 
ept_cycles_per_execution_cycles: 0.077415 
rss_in_gb: 0.004169 
cycles: 11966.600000 
avg_ept_walk_per_miss: 66.171429 
ept_cycles_per_execution_cycles: 0.077415 
rss_in_gb: 0.004169 
cycles: 11986.500000 
avg_ept_walk_per_miss: 65.290780 
ept_cycles_per_execution_cycles: 0.076803 
rss_in_gb: 0.004169 
cycles: 11986.500000 
avg_ept_walk_per_miss: 65.290780 
ept_cycles_per_execution_cycles: 0.076803 
rss_in_gb: 0.004169 
cycles: 11925.900000 
avg_ept_walk_per_miss: 62.230769 
ept_cycles_per_execution_cycles: 0.074619 
rss_in_gb: 0.004169 
cycles: 11925.900000 
avg_ept_walk_per_miss: 62.230769 
ept_cycles_per_execution_cycles: 0.074619 
rss_in_gb: 0.004169 
cycles: 11925.900000 
avg_ept_walk_per_miss: 62.230769 
ept_cycles_per_execution_cycles: 0.074619 
rss_in_gb: 0.004169 
cycles: 11966.900000 
avg_ept_walk_per_miss: 64.125000 
ept_cycles_per_execution_cycles: 0.077163 
rss_in_gb: 0.004169 
cycles: 11966.900000 
avg_ept_walk_per_miss: 64.125000 
ept_cycles_per_execution_cycles: 0.077163 
rss_in_gb: 0.004169 
cycles: 11908.400000 
avg_ept_walk_per_miss: 65.318841 
ept_cycles_per_execution_cycles: 0.075694 
rss_in_gb: 0.004169 
cycles: 11908.400000 
avg_ept_walk_per_miss: 65.318841 
ept_cycles_per_execution_cycles: 0.075694 
rss_in_gb: 0.004169 
cycles: 11908.400000 
avg_ept_walk_per_miss: 65.318841 
ept_cycles_per_execution_cycles: 0.075694 
rss_in_gb: 0.004169 
cycles: 11896.700000 
avg_ept_walk_per_miss: 65.934783 
ept_cycles_per_execution_cycles: 0.076483 
rss_in_gb: 0.004169 
cycles: 11896.700000 
avg_ept_walk_per_miss: 65.934783 
ept_cycles_per_execution_cycles: 0.076483 
rss_in_gb: 0.004169 
cycles: 11918.500000 
avg_ept_walk_per_miss: 67.391304 
ept_cycles_per_execution_cycles: 0.078030 
rss_in_gb: 0.004169 
cycles: 11918.500000 
avg_ept_walk_per_miss: 67.391304 
ept_cycles_per_execution_cycles: 0.078030 
rss_in_gb: 0.004169 
cycles: 11918.500000 
avg_ept_walk_per_miss: 67.391304 
ept_cycles_per_execution_cycles: 0.078030 
rss_in_gb: 0.004169 
cycles: 11895.000000 
avg_ept_walk_per_miss: 65.485294 
ept_cycles_per_execution_cycles: 0.074872 
rss_in_gb: 0.004169 
cycles: 11895.000000 
avg_ept_walk_per_miss: 65.485294 
ept_cycles_per_execution_cycles: 0.074872 
rss_in_gb: 0.004169 
cycles: 11933.100000 
avg_ept_walk_per_miss: 65.627737 
ept_cycles_per_execution_cycles: 0.075345 
rss_in_gb: 0.004169 
cycles: 11933.100000 
avg_ept_walk_per_miss: 65.627737 
ept_cycles_per_execution_cycles: 0.075345 
rss_in_gb: 0.004169 
cycles: 11933.100000 
avg_ept_walk_per_miss: 65.627737 
ept_cycles_per_execution_cycles: 0.075345 
rss_in_gb: 0.004169 
cycles: 11917.200000 
avg_ept_walk_per_miss: 65.262774 
ept_cycles_per_execution_cycles: 0.075026 
rss_in_gb: 0.004169 
cycles: 11917.200000 
avg_ept_walk_per_miss: 65.262774 
ept_cycles_per_execution_cycles: 0.075026 
rss_in_gb: 0.004169 
cycles: 11898.800000 
avg_ept_walk_per_miss: 65.903704 
ept_cycles_per_execution_cycles: 0.074772 
rss_in_gb: 0.004169 
cycles: 11898.800000 
avg_ept_walk_per_miss: 65.903704 
ept_cycles_per_execution_cycles: 0.074772 
rss_in_gb: 0.004169 
cycles: 11898.800000 
avg_ept_walk_per_miss: 65.903704 
ept_cycles_per_execution_cycles: 0.074772 
rss_in_gb: 0.004169 
cycles: 11879.400000 
avg_ept_walk_per_miss: 66.764706 
ept_cycles_per_execution_cycles: 0.076435 
rss_in_gb: 0.004169 
cycles: 11879.400000 
avg_ept_walk_per_miss: 66.764706 
ept_cycles_per_execution_cycles: 0.076435 
rss_in_gb: 0.004169 
cycles: 11864.400000 
avg_ept_walk_per_miss: 65.598540 
ept_cycles_per_execution_cycles: 0.075748 
rss_in_gb: 0.004169 
cycles: 11864.400000 
avg_ept_walk_per_miss: 65.598540 
ept_cycles_per_execution_cycles: 0.075748 
rss_in_gb: 0.004169 
cycles: 11864.400000 
avg_ept_walk_per_miss: 65.598540 
ept_cycles_per_execution_cycles: 0.075748 
rss_in_gb: 0.004169 
cycles: 11920.800000 
avg_ept_walk_per_miss: 65.681159 
ept_cycles_per_execution_cycles: 0.076035 
rss_in_gb: 0.004169 
cycles: 17458.600000 
avg_ept_walk_per_miss: 64.436893 
ept_cycles_per_execution_cycles: 0.076031 
rss_in_gb: 0.004169 
cycles: 11934.200000 
avg_ept_walk_per_miss: 64.640845 
ept_cycles_per_execution_cycles: 0.076913 
rss_in_gb: 0.004169 
cycles: 11934.200000 
avg_ept_walk_per_miss: 64.640845 
ept_cycles_per_execution_cycles: 0.076913 
rss_in_gb: 0.004169 
cycles: 11934.200000 
avg_ept_walk_per_miss: 64.640845 
ept_cycles_per_execution_cycles: 0.076913 
rss_in_gb: 0.004169 
cycles: 11957.800000 
avg_ept_walk_per_miss: 64.591549 
ept_cycles_per_execution_cycles: 0.076703 
rss_in_gb: 0.004169 
cycles: 17463.600000 
avg_ept_walk_per_miss: 63.806763 
ept_cycles_per_execution_cycles: 0.075632 
rss_in_gb: 0.004169 
cycles: 11942.400000 
avg_ept_walk_per_miss: 66.043165 
ept_cycles_per_execution_cycles: 0.076869 
rss_in_gb: 0.004169 
cycles: 11942.400000 
avg_ept_walk_per_miss: 66.043165 
ept_cycles_per_execution_cycles: 0.076869 
rss_in_gb: 0.004169 
cycles: 11942.400000 
avg_ept_walk_per_miss: 66.043165 
ept_cycles_per_execution_cycles: 0.076869 
rss_in_gb: 0.004169 
cycles: 11889.600000 
avg_ept_walk_per_miss: 65.604317 
ept_cycles_per_execution_cycles: 0.076697 
rss_in_gb: 0.004169 
cycles: 11863.500000 
avg_ept_walk_per_miss: 66.442029 
ept_cycles_per_execution_cycles: 0.077287 
rss_in_gb: 0.004169 
cycles: 11863.500000 
avg_ept_walk_per_miss: 66.442029 
ept_cycles_per_execution_cycles: 0.077287 
rss_in_gb: 0.004169 
cycles: 11863.500000 
avg_ept_walk_per_miss: 66.442029 
ept_cycles_per_execution_cycles: 0.077287 
rss_in_gb: 0.004169 
cycles: 11863.500000 
avg_ept_walk_per_miss: 66.442029 
ept_cycles_per_execution_cycles: 0.077287 
rss_in_gb: 0.004169 
cycles: 11830.700000 
avg_ept_walk_per_miss: 66.420290 
ept_cycles_per_execution_cycles: 0.077476 
rss_in_gb: 0.004169 
cycles: 11845.200000 
avg_ept_walk_per_miss: 66.978261 
ept_cycles_per_execution_cycles: 0.078032 
rss_in_gb: 0.004169 
cycles: 11845.200000 
avg_ept_walk_per_miss: 66.978261 
ept_cycles_per_execution_cycles: 0.078032 
rss_in_gb: 0.004169 
cycles: 11845.200000 
avg_ept_walk_per_miss: 66.978261 
ept_cycles_per_execution_cycles: 0.078032 
rss_in_gb: 0.004169 
cycles: 11845.200000 
avg_ept_walk_per_miss: 66.978261 
ept_cycles_per_execution_cycles: 0.078032 
rss_in_gb: 0.004169 
cycles: 11862.000000 
avg_ept_walk_per_miss: 67.708029 
ept_cycles_per_execution_cycles: 0.078199 
rss_in_gb: 0.004169 
cycles: 11884.300000 
avg_ept_walk_per_miss: 67.526316 
ept_cycles_per_execution_cycles: 0.075570 
rss_in_gb: 0.004169 
cycles: 11884.300000 
avg_ept_walk_per_miss: 67.526316 
ept_cycles_per_execution_cycles: 0.075570 
rss_in_gb: 0.004169 
cycles: 11884.300000 
avg_ept_walk_per_miss: 67.526316 
ept_cycles_per_execution_cycles: 0.075570 
rss_in_gb: 0.004169 
cycles: 11884.300000 
avg_ept_walk_per_miss: 67.526316 
ept_cycles_per_execution_cycles: 0.075570 
rss_in_gb: 0.004169 
cycles: 11899.000000 
avg_ept_walk_per_miss: 66.609023 
ept_cycles_per_execution_cycles: 0.074452 
rss_in_gb: 0.004169 
cycles: 11924.500000 
avg_ept_walk_per_miss: 63.719424 
ept_cycles_per_execution_cycles: 0.074276 
rss_in_gb: 0.004169 
cycles: 11924.500000 
avg_ept_walk_per_miss: 63.719424 
ept_cycles_per_execution_cycles: 0.074276 
rss_in_gb: 0.004169 
cycles: 11924.500000 
avg_ept_walk_per_miss: 63.719424 
ept_cycles_per_execution_cycles: 0.074276 
rss_in_gb: 0.004169 
cycles: 11924.500000 
avg_ept_walk_per_miss: 63.719424 
ept_cycles_per_execution_cycles: 0.074276 
rss_in_gb: 0.004169 
cycles: 11928.300000 
avg_ept_walk_per_miss: 62.792857 
ept_cycles_per_execution_cycles: 0.073699 
rss_in_gb: 0.004169 
cycles: 11937.900000 
avg_ept_walk_per_miss: 61.033557 
ept_cycles_per_execution_cycles: 0.076178 
rss_in_gb: 0.004169 
cycles: 11937.900000 
avg_ept_walk_per_miss: 61.033557 
ept_cycles_per_execution_cycles: 0.076178 
rss_in_gb: 0.004169 
cycles: 11937.900000 
avg_ept_walk_per_miss: 61.033557 
ept_cycles_per_execution_cycles: 0.076178 
rss_in_gb: 0.004169 
cycles: 11937.900000 
avg_ept_walk_per_miss: 61.033557 
ept_cycles_per_execution_cycles: 0.076178 
rss_in_gb: 0.004169 
cycles: 11966.700000 
avg_ept_walk_per_miss: 61.556291 
ept_cycles_per_execution_cycles: 0.077674 
rss_in_gb: 0.004169 
cycles: 11948.700000 
avg_ept_walk_per_miss: 62.112583 
ept_cycles_per_execution_cycles: 0.078494 
rss_in_gb: 0.004169 
cycles: 11948.700000 
avg_ept_walk_per_miss: 62.112583 
ept_cycles_per_execution_cycles: 0.078494 
rss_in_gb: 0.004169 
cycles: 11948.700000 
avg_ept_walk_per_miss: 62.112583 
ept_cycles_per_execution_cycles: 0.078494 
rss_in_gb: 0.004169 
cycles: 11948.700000 
avg_ept_walk_per_miss: 62.112583 
ept_cycles_per_execution_cycles: 0.078494 
rss_in_gb: 0.004169 
cycles: 11928.500000 
avg_ept_walk_per_miss: 62.503311 
ept_cycles_per_execution_cycles: 0.079121 
rss_in_gb: 0.004169 
cycles: 11889.600000 
avg_ept_walk_per_miss: 62.432432 
ept_cycles_per_execution_cycles: 0.077715 
rss_in_gb: 0.004169 
cycles: 11889.600000 
avg_ept_walk_per_miss: 62.432432 
ept_cycles_per_execution_cycles: 0.077715 
rss_in_gb: 0.004169 
cycles: 11889.600000 
avg_ept_walk_per_miss: 62.432432 
ept_cycles_per_execution_cycles: 0.077715 
rss_in_gb: 0.004169 
cycles: 11889.600000 
avg_ept_walk_per_miss: 62.432432 
ept_cycles_per_execution_cycles: 0.077715 
rss_in_gb: 0.004169 
cycles: 11852.900000 
avg_ept_walk_per_miss: 62.625850 
ept_cycles_per_execution_cycles: 0.077669 
rss_in_gb: 0.004169 
cycles: 11760.300000 
avg_ept_walk_per_miss: 63.150685 
ept_cycles_per_execution_cycles: 0.078399 
rss_in_gb: 0.004169 
cycles: 11760.300000 
avg_ept_walk_per_miss: 63.150685 
ept_cycles_per_execution_cycles: 0.078399 
rss_in_gb: 0.004169 
cycles: 11760.300000 
avg_ept_walk_per_miss: 63.150685 
ept_cycles_per_execution_cycles: 0.078399 
rss_in_gb: 0.004169 
cycles: 11760.300000 
avg_ept_walk_per_miss: 63.150685 
ept_cycles_per_execution_cycles: 0.078399 
rss_in_gb: 0.004169 
cycles: 11745.500000 
avg_ept_walk_per_miss: 63.143836 
ept_cycles_per_execution_cycles: 0.078490 
rss_in_gb: 0.004169 
cycles: 11555.100000 
avg_ept_walk_per_miss: 69.431373 
ept_cycles_per_execution_cycles: 0.061289 
rss_in_gb: 0.004169 
cycles: 11555.100000 
avg_ept_walk_per_miss: 69.431373 
ept_cycles_per_execution_cycles: 0.061289 
rss_in_gb: 0.004169 
cycles: 11555.100000 
avg_ept_walk_per_miss: 69.431373 
ept_cycles_per_execution_cycles: 0.061289 
rss_in_gb: 0.004169 
cycles: 11555.100000 
avg_ept_walk_per_miss: 69.431373 
ept_cycles_per_execution_cycles: 0.061289 
rss_in_gb: 0.004169 
cycles: 11572.900000 
avg_ept_walk_per_miss: 69.421569 
ept_cycles_per_execution_cycles: 0.061186 
rss_in_gb: 0.004169 
cycles: 14995015.100000 
avg_ept_walk_per_miss: 35.179474 
ept_cycles_per_execution_cycles: 0.017433 
rss_in_gb: 0.029118 
cycles: 42461817.900000 
avg_ept_walk_per_miss: 52.062638 
ept_cycles_per_execution_cycles: 0.021518 
rss_in_gb: 0.045731 
cycles: 69200705.300000 
avg_ept_walk_per_miss: 58.572392 
ept_cycles_per_execution_cycles: 0.027279 
rss_in_gb: 0.061592 
cycles: 97013770.100000 
avg_ept_walk_per_miss: 61.349756 
ept_cycles_per_execution_cycles: 0.032329 
rss_in_gb: 0.076195 
cycles: 134669163.900000 
avg_ept_walk_per_miss: 45.793326 
ept_cycles_per_execution_cycles: 0.043882 
rss_in_gb: 0.092300 
cycles: 174787283.200000 
avg_ept_walk_per_miss: 48.798803 
ept_cycles_per_execution_cycles: 0.040685 
rss_in_gb: 0.104134 
cycles: 207730238.600000 
avg_ept_walk_per_miss: 51.672346 
ept_cycles_per_execution_cycles: 0.041833 
rss_in_gb: 0.119743 
cycles: 241371796.000000 
avg_ept_walk_per_miss: 54.381570 
ept_cycles_per_execution_cycles: 0.042792 
rss_in_gb: 0.127800 
cycles: 276336458.800000 
avg_ept_walk_per_miss: 56.658014 
ept_cycles_per_execution_cycles: 0.044003 
rss_in_gb: 0.142403 
cycles: 319309130.600000 
avg_ept_walk_per_miss: 53.614704 
ept_cycles_per_execution_cycles: 0.047413 
rss_in_gb: 0.152977 
cycles: 338769363.000000 
avg_ept_walk_per_miss: 52.065565 
ept_cycles_per_execution_cycles: 0.052154 
rss_in_gb: 0.168209 
cycles: 348221999.500000 
avg_ept_walk_per_miss: 50.875872 
ept_cycles_per_execution_cycles: 0.056596 
rss_in_gb: 0.184418 
cycles: 354799436.800000 
avg_ept_walk_per_miss: 51.657067 
ept_cycles_per_execution_cycles: 0.057770 
rss_in_gb: 0.194237 
cycles: 360787277.100000 
avg_ept_walk_per_miss: 52.498154 
ept_cycles_per_execution_cycles: 0.058587 
rss_in_gb: 0.205063 
cycles: 366723229.100000 
avg_ept_walk_per_miss: 56.228599 
ept_cycles_per_execution_cycles: 0.057189 
rss_in_gb: 0.218281 
cycles: 364813472.600000 
avg_ept_walk_per_miss: 54.385209 
ept_cycles_per_execution_cycles: 0.062641 
rss_in_gb: 0.234772 
cycles: 369064408.400000 
avg_ept_walk_per_miss: 52.829730 
ept_cycles_per_execution_cycles: 0.065622 
rss_in_gb: 0.247425 
cycles: 377201494.000000 
avg_ept_walk_per_miss: 50.676371 
ept_cycles_per_execution_cycles: 0.068855 
rss_in_gb: 0.262028 
cycles: 381940405.900000 
avg_ept_walk_per_miss: 49.919395 
ept_cycles_per_execution_cycles: 0.069955 
rss_in_gb: 0.269897 
cycles: 386394922.100000 
avg_ept_walk_per_miss: 51.169367 
ept_cycles_per_execution_cycles: 0.068837 
rss_in_gb: 0.283493 
cycles: 385743007.100000 
avg_ept_walk_per_miss: 52.390505 
ept_cycles_per_execution_cycles: 0.068546 
rss_in_gb: 0.299229 
cycles: 385398402.700000 
avg_ept_walk_per_miss: 52.950189 
ept_cycles_per_execution_cycles: 0.069500 
rss_in_gb: 0.314335 
cycles: 380646507.200000 
avg_ept_walk_per_miss: 51.382947 
ept_cycles_per_execution_cycles: 0.073011 
rss_in_gb: 0.324657 
cycles: 361454585.000000 
avg_ept_walk_per_miss: 49.819087 
ept_cycles_per_execution_cycles: 0.076789 
rss_in_gb: 0.329945 
cycles: 337790280.900000 
avg_ept_walk_per_miss: 49.291164 
ept_cycles_per_execution_cycles: 0.080184 
rss_in_gb: 0.334984 
cycles: 307190189.000000 
avg_ept_walk_per_miss: 49.987268 
ept_cycles_per_execution_cycles: 0.079908 
rss_in_gb: 0.334984 
cycles: 278075617.200000 
avg_ept_walk_per_miss: 50.819000 
ept_cycles_per_execution_cycles: 0.079727 
rss_in_gb: 0.334984 
cycles: 244017206.200000 
avg_ept_walk_per_miss: 52.801004 
ept_cycles_per_execution_cycles: 0.079105 
rss_in_gb: 0.334984 
cycles: 211990155.400000 
avg_ept_walk_per_miss: 53.316789 
ept_cycles_per_execution_cycles: 0.081264 
rss_in_gb: 0.334984 
cycles: 182800888.900000 
avg_ept_walk_per_miss: 53.757818 
ept_cycles_per_execution_cycles: 0.081441 
rss_in_gb: 0.334984 
cycles: 157069107.700000 
avg_ept_walk_per_miss: 54.635786 
ept_cycles_per_execution_cycles: 0.080385 
rss_in_gb: 0.334984 
cycles: 128645865.100000 
avg_ept_walk_per_miss: 56.827103 
ept_cycles_per_execution_cycles: 0.077422 
rss_in_gb: 0.334984 
cycles: 108223222.700000 
avg_ept_walk_per_miss: 63.248703 
ept_cycles_per_execution_cycles: 0.069918 
rss_in_gb: 0.334984 
cycles: 102075346.600000 
avg_ept_walk_per_miss: 74.106336 
ept_cycles_per_execution_cycles: 0.059666 
rss_in_gb: 0.334984 
cycles: 91876147.700000 
avg_ept_walk_per_miss: 100.103460 
ept_cycles_per_execution_cycles: 0.049321 
rss_in_gb: 0.334984 
cycles: 92576093.700000 
avg_ept_walk_per_miss: 100.464353 
ept_cycles_per_execution_cycles: 0.047058 
rss_in_gb: 0.334984 
cycles: 92240313.400000 
avg_ept_walk_per_miss: 101.054292 
ept_cycles_per_execution_cycles: 0.045257 
rss_in_gb: 0.334984 
cycles: 92688574.600000 
avg_ept_walk_per_miss: 101.166383 
ept_cycles_per_execution_cycles: 0.043343 
rss_in_gb: 0.334984 
cycles: 93262400.500000 
avg_ept_walk_per_miss: 101.118672 
ept_cycles_per_execution_cycles: 0.041723 
rss_in_gb: 0.334984 
cycles: 83249218.100000 
avg_ept_walk_per_miss: 103.947470 
ept_cycles_per_execution_cycles: 0.044946 
rss_in_gb: 0.334984 
cycles: 83314346.800000 
avg_ept_walk_per_miss: 103.556748 
ept_cycles_per_execution_cycles: 0.044913 
rss_in_gb: 0.334984 
cycles: 83383396.400000 
avg_ept_walk_per_miss: 103.160906 
ept_cycles_per_execution_cycles: 0.044925 
rss_in_gb: 0.334984 
cycles: 83549139.500000 
avg_ept_walk_per_miss: 102.517161 
ept_cycles_per_execution_cycles: 0.044809 
rss_in_gb: 0.334984 
cycles: 83193056.600000 
avg_ept_walk_per_miss: 102.176883 
ept_cycles_per_execution_cycles: 0.044939 
rss_in_gb: 0.334984 
cycles: 81248548.400000 
avg_ept_walk_per_miss: 102.079024 
ept_cycles_per_execution_cycles: 0.046337 
rss_in_gb: 0.334984 
cycles: 80769587.700000 
avg_ept_walk_per_miss: 102.029860 
ept_cycles_per_execution_cycles: 0.048092 
rss_in_gb: 0.334984 
cycles: 80889432.600000 
avg_ept_walk_per_miss: 101.994892 
ept_cycles_per_execution_cycles: 0.049221 
rss_in_gb: 0.334984 
cycles: 80497962.600000 
avg_ept_walk_per_miss: 101.955025 
ept_cycles_per_execution_cycles: 0.050919 
rss_in_gb: 0.334984 
cycles: 80135715.100000 
avg_ept_walk_per_miss: 101.839010 
ept_cycles_per_execution_cycles: 0.052524 
rss_in_gb: 0.334984 
cycles: 79799280.100000 
avg_ept_walk_per_miss: 101.956852 
ept_cycles_per_execution_cycles: 0.054147 
rss_in_gb: 0.334984 
cycles: 79537534.200000 
avg_ept_walk_per_miss: 101.809183 
ept_cycles_per_execution_cycles: 0.055788 
rss_in_gb: 0.334984 
cycles: 79177922.000000 
avg_ept_walk_per_miss: 101.780269 
ept_cycles_per_execution_cycles: 0.057452 
rss_in_gb: 0.334984 
cycles: 78841311.300000 
avg_ept_walk_per_miss: 101.562639 
ept_cycles_per_execution_cycles: 0.059148 
rss_in_gb: 0.334984 
cycles: 78632386.100000 
avg_ept_walk_per_miss: 101.313651 
ept_cycles_per_execution_cycles: 0.060796 
rss_in_gb: 0.334984 
cycles: 78715529.400000 
avg_ept_walk_per_miss: 101.334132 
ept_cycles_per_execution_cycles: 0.061722 
rss_in_gb: 0.334984 
cycles: 78701045.300000 
avg_ept_walk_per_miss: 101.151821 
ept_cycles_per_execution_cycles: 0.061667 
rss_in_gb: 0.334984 
cycles: 78721149.300000 
avg_ept_walk_per_miss: 101.043816 
ept_cycles_per_execution_cycles: 0.061700 
rss_in_gb: 0.334984 
cycles: 78833877.600000 
avg_ept_walk_per_miss: 100.754996 
ept_cycles_per_execution_cycles: 0.061612 
rss_in_gb: 0.334984 
cycles: 78881670.400000 
avg_ept_walk_per_miss: 100.802103 
ept_cycles_per_execution_cycles: 0.061662 
rss_in_gb: 0.334984 
cycles: 78667643.500000 
avg_ept_walk_per_miss: 100.843563 
ept_cycles_per_execution_cycles: 0.061680 
rss_in_gb: 0.334984 
cycles: 78643688.300000 
avg_ept_walk_per_miss: 101.008708 
ept_cycles_per_execution_cycles: 0.061771 
rss_in_gb: 0.334984 
cycles: 78414881.200000 
avg_ept_walk_per_miss: 101.361679 
ept_cycles_per_execution_cycles: 0.062024 
rss_in_gb: 0.334984 
cycles: 78192464.600000 
avg_ept_walk_per_miss: 101.806594 
ept_cycles_per_execution_cycles: 0.062194 
rss_in_gb: 0.334984 
cycles: 78053088.700000 
avg_ept_walk_per_miss: 102.238495 
ept_cycles_per_execution_cycles: 0.062330 
rss_in_gb: 0.334984 
cycles: 77885034.500000 
avg_ept_walk_per_miss: 102.494163 
ept_cycles_per_execution_cycles: 0.062455 
rss_in_gb: 0.334984 
cycles: 77957808.300000 
avg_ept_walk_per_miss: 102.843384 
ept_cycles_per_execution_cycles: 0.062473 
rss_in_gb: 0.334984 
cycles: 77855633.000000 
avg_ept_walk_per_miss: 103.311357 
ept_cycles_per_execution_cycles: 0.062556 
rss_in_gb: 0.334984 
cycles: 77781373.800000 
avg_ept_walk_per_miss: 103.805562 
ept_cycles_per_execution_cycles: 0.062666 
rss_in_gb: 0.334984 
cycles: 84158418.500000 
avg_ept_walk_per_miss: 100.840001 
ept_cycles_per_execution_cycles: 0.059418 
rss_in_gb: 0.334984 
cycles: 111258679.100000 
avg_ept_walk_per_miss: 97.058992 
ept_cycles_per_execution_cycles: 0.047416 
rss_in_gb: 0.334984 
cycles: 135836916.100000 
avg_ept_walk_per_miss: 94.798847 
ept_cycles_per_execution_cycles: 0.039208 
rss_in_gb: 0.334984 
cycles: 136176616.400000 
avg_ept_walk_per_miss: 94.905274 
ept_cycles_per_execution_cycles: 0.039050 
rss_in_gb: 0.334984 
cycles: 136328905.000000 
avg_ept_walk_per_miss: 95.083397 
ept_cycles_per_execution_cycles: 0.038946 
rss_in_gb: 0.334984 
cycles: 136418848.600000 
avg_ept_walk_per_miss: 95.324036 
ept_cycles_per_execution_cycles: 0.038833 
rss_in_gb: 0.334984 
cycles: 136331100.300000 
avg_ept_walk_per_miss: 95.464085 
ept_cycles_per_execution_cycles: 0.038735 
rss_in_gb: 0.334984 
cycles: 136384416.200000 
avg_ept_walk_per_miss: 95.595480 
ept_cycles_per_execution_cycles: 0.038704 
rss_in_gb: 0.334984 
cycles: 136447170.300000 
avg_ept_walk_per_miss: 95.767425 
ept_cycles_per_execution_cycles: 0.038649 
rss_in_gb: 0.334984 
cycles: 136481396.800000 
avg_ept_walk_per_miss: 95.909430 
ept_cycles_per_execution_cycles: 0.038580 
rss_in_gb: 0.334984 
cycles: 129993245.700000 
avg_ept_walk_per_miss: 98.779752 
ept_cycles_per_execution_cycles: 0.039456 
rss_in_gb: 0.334984 
cycles: 103058768.100000 
avg_ept_walk_per_miss: 103.374948 
ept_cycles_per_execution_cycles: 0.047260 
rss_in_gb: 0.334984 
cycles: 78412759.900000 
avg_ept_walk_per_miss: 106.786570 
ept_cycles_per_execution_cycles: 0.061325 
rss_in_gb: 0.334984 
cycles: 78197701.200000 
avg_ept_walk_per_miss: 106.582675 
ept_cycles_per_execution_cycles: 0.061470 
rss_in_gb: 0.334984 
cycles: 78027585.500000 
avg_ept_walk_per_miss: 106.304679 
ept_cycles_per_execution_cycles: 0.061587 
rss_in_gb: 0.334984 
cycles: 77893616.900000 
avg_ept_walk_per_miss: 106.064843 
ept_cycles_per_execution_cycles: 0.061675 
rss_in_gb: 0.334984 
cycles: 77940600.200000 
avg_ept_walk_per_miss: 105.930865 
ept_cycles_per_execution_cycles: 0.061747 
rss_in_gb: 0.334984 
cycles: 77718728.500000 
avg_ept_walk_per_miss: 105.734805 
ept_cycles_per_execution_cycles: 0.061771 
rss_in_gb: 0.334984 
cycles: 77562407.200000 
avg_ept_walk_per_miss: 105.569972 
ept_cycles_per_execution_cycles: 0.061866 
rss_in_gb: 0.334984 
cycles: 77385057.800000 
avg_ept_walk_per_miss: 105.483427 
ept_cycles_per_execution_cycles: 0.061982 
rss_in_gb: 0.334984 
cycles: 77251096.200000 
avg_ept_walk_per_miss: 105.398582 
ept_cycles_per_execution_cycles: 0.062006 
rss_in_gb: 0.334984 
cycles: 77135157.400000 
avg_ept_walk_per_miss: 105.317028 
ept_cycles_per_execution_cycles: 0.061984 
rss_in_gb: 0.334984 
cycles: 77114243.700000 
avg_ept_walk_per_miss: 105.155411 
ept_cycles_per_execution_cycles: 0.061942 
rss_in_gb: 0.334984 
cycles: 77077875.600000 
avg_ept_walk_per_miss: 105.169374 
ept_cycles_per_execution_cycles: 0.061987 
rss_in_gb: 0.334984 
cycles: 77091517.900000 
avg_ept_walk_per_miss: 105.272439 
ept_cycles_per_execution_cycles: 0.061975 
rss_in_gb: 0.334984 
cycles: 77068698.300000 
avg_ept_walk_per_miss: 105.213775 
ept_cycles_per_execution_cycles: 0.061942 
rss_in_gb: 0.334984 
cycles: 77128199.000000 
avg_ept_walk_per_miss: 105.274710 
ept_cycles_per_execution_cycles: 0.061926 
rss_in_gb: 0.334984 
cycles: 77093139.400000 
avg_ept_walk_per_miss: 105.343907 
ept_cycles_per_execution_cycles: 0.061950 
rss_in_gb: 0.334984 
cycles: 77130351.400000 
avg_ept_walk_per_miss: 105.241547 
ept_cycles_per_execution_cycles: 0.061906 
rss_in_gb: 0.334984 
cycles: 77181149.600000 
avg_ept_walk_per_miss: 105.123559 
ept_cycles_per_execution_cycles: 0.061832 
rss_in_gb: 0.334984 
cycles: 77262889.500000 
avg_ept_walk_per_miss: 105.012270 
ept_cycles_per_execution_cycles: 0.061842 
rss_in_gb: 0.334984 
cycles: 77250332.100000 
avg_ept_walk_per_miss: 104.776539 
ept_cycles_per_execution_cycles: 0.061772 
rss_in_gb: 0.334984 
cycles: 77243216.900000 
avg_ept_walk_per_miss: 104.614081 
ept_cycles_per_execution_cycles: 0.061745 
rss_in_gb: 0.334984 
cycles: 77189869.900000 
avg_ept_walk_per_miss: 104.572593 
ept_cycles_per_execution_cycles: 0.061721 
rss_in_gb: 0.334984 
cycles: 77105531.300000 
avg_ept_walk_per_miss: 104.610580 
ept_cycles_per_execution_cycles: 0.061819 
rss_in_gb: 0.334984 
cycles: 77121420.100000 
avg_ept_walk_per_miss: 104.730134 
ept_cycles_per_execution_cycles: 0.061948 
rss_in_gb: 0.334984 
cycles: 77084492.000000 
avg_ept_walk_per_miss: 104.809347 
ept_cycles_per_execution_cycles: 0.062061 
rss_in_gb: 0.334984 
cycles: 77080340.500000 
avg_ept_walk_per_miss: 104.856021 
ept_cycles_per_execution_cycles: 0.062143 
rss_in_gb: 0.334984 
cycles: 76634492.600000 
avg_ept_walk_per_miss: 104.503544 
ept_cycles_per_execution_cycles: 0.062237 
rss_in_gb: 0.335991 
cycles: 76633148.000000 
avg_ept_walk_per_miss: 104.728411 
ept_cycles_per_execution_cycles: 0.062402 
rss_in_gb: 0.335991 
cycles: 76530515.400000 
avg_ept_walk_per_miss: 105.107863 
ept_cycles_per_execution_cycles: 0.062591 
rss_in_gb: 0.335991 
cycles: 76538473.500000 
avg_ept_walk_per_miss: 105.392484 
ept_cycles_per_execution_cycles: 0.062781 
rss_in_gb: 0.335991 
cycles: 76433702.600000 
avg_ept_walk_per_miss: 105.689203 
ept_cycles_per_execution_cycles: 0.062989 
rss_in_gb: 0.335991 
cycles: 76413325.000000 
avg_ept_walk_per_miss: 106.100932 
ept_cycles_per_execution_cycles: 0.063158 
rss_in_gb: 0.335991 
cycles: 76503029.600000 
avg_ept_walk_per_miss: 106.184259 
ept_cycles_per_execution_cycles: 0.063151 
rss_in_gb: 0.335991 
cycles: 76496835.000000 
avg_ept_walk_per_miss: 106.463699 
ept_cycles_per_execution_cycles: 0.063241 
rss_in_gb: 0.335991 
cycles: 76498705.200000 
avg_ept_walk_per_miss: 106.674227 
ept_cycles_per_execution_cycles: 0.063281 
rss_in_gb: 0.335991 
cycles: 76525993.000000 
avg_ept_walk_per_miss: 106.740329 
ept_cycles_per_execution_cycles: 0.063306 
rss_in_gb: 0.335991 
cycles: 76943402.600000 
avg_ept_walk_per_miss: 107.335516 
ept_cycles_per_execution_cycles: 0.063314 
rss_in_gb: 0.335991 
cycles: 76812726.900000 
avg_ept_walk_per_miss: 107.332485 
ept_cycles_per_execution_cycles: 0.063270 
rss_in_gb: 0.335991 
cycles: 76889309.900000 
avg_ept_walk_per_miss: 107.246723 
ept_cycles_per_execution_cycles: 0.063145 
rss_in_gb: 0.335991 
cycles: 76638604.700000 
avg_ept_walk_per_miss: 106.873459 
ept_cycles_per_execution_cycles: 0.063017 
rss_in_gb: 0.335991 
cycles: 76756860.200000 
avg_ept_walk_per_miss: 106.569126 
ept_cycles_per_execution_cycles: 0.062854 
rss_in_gb: 0.335991 
cycles: 76819623.600000 
avg_ept_walk_per_miss: 106.178209 
ept_cycles_per_execution_cycles: 0.062580 
rss_in_gb: 0.335991 
cycles: 76806501.200000 
avg_ept_walk_per_miss: 105.915509 
ept_cycles_per_execution_cycles: 0.062466 
rss_in_gb: 0.335991 
cycles: 76800182.600000 
avg_ept_walk_per_miss: 105.554121 
ept_cycles_per_execution_cycles: 0.062327 
rss_in_gb: 0.335991 
cycles: 76840063.900000 
avg_ept_walk_per_miss: 105.197181 
ept_cycles_per_execution_cycles: 0.062241 
rss_in_gb: 0.335991 
cycles: 76851990.200000 
avg_ept_walk_per_miss: 105.135240 
ept_cycles_per_execution_cycles: 0.062227 
rss_in_gb: 0.335991 
cycles: 76860593.300000 
avg_ept_walk_per_miss: 105.022875 
ept_cycles_per_execution_cycles: 0.062165 
rss_in_gb: 0.335991 
cycles: 77047393.900000 
avg_ept_walk_per_miss: 104.861012 
ept_cycles_per_execution_cycles: 0.062123 
rss_in_gb: 0.335991 
cycles: 76997437.200000 
avg_ept_walk_per_miss: 104.635700 
ept_cycles_per_execution_cycles: 0.062048 
rss_in_gb: 0.335991 
cycles: 77185471.900000 
avg_ept_walk_per_miss: 104.761568 
ept_cycles_per_execution_cycles: 0.062092 
rss_in_gb: 0.335991 
cycles: 77172120.300000 
avg_ept_walk_per_miss: 104.772899 
ept_cycles_per_execution_cycles: 0.062080 
rss_in_gb: 0.335991 
cycles: 77161132.000000 
avg_ept_walk_per_miss: 104.722453 
ept_cycles_per_execution_cycles: 0.062119 
rss_in_gb: 0.335991 
cycles: 77124167.900000 
avg_ept_walk_per_miss: 104.827956 
ept_cycles_per_execution_cycles: 0.062175 
rss_in_gb: 0.335991 
cycles: 77097578.300000 
avg_ept_walk_per_miss: 104.856719 
ept_cycles_per_execution_cycles: 0.062124 
rss_in_gb: 0.335991 
cycles: 77054742.100000 
avg_ept_walk_per_miss: 105.072465 
ept_cycles_per_execution_cycles: 0.062062 
rss_in_gb: 0.335991 
cycles: 77079878.300000 
avg_ept_walk_per_miss: 104.989231 
ept_cycles_per_execution_cycles: 0.062104 
rss_in_gb: 0.335991 
cycles: 77097448.000000 
avg_ept_walk_per_miss: 105.055006 
ept_cycles_per_execution_cycles: 0.062218 
rss_in_gb: 0.335991 
cycles: 77024150.100000 
avg_ept_walk_per_miss: 105.278606 
ept_cycles_per_execution_cycles: 0.062350 
rss_in_gb: 0.335991 
cycles: 77029631.000000 
avg_ept_walk_per_miss: 105.398266 
ept_cycles_per_execution_cycles: 0.062451 
rss_in_gb: 0.335991 
cycles: 77112803.200000 
avg_ept_walk_per_miss: 105.640334 
ept_cycles_per_execution_cycles: 0.062515 
rss_in_gb: 0.335991 
cycles: 77124610.000000 
avg_ept_walk_per_miss: 105.755842 
ept_cycles_per_execution_cycles: 0.062640 
rss_in_gb: 0.335991 
cycles: 77145369.600000 
avg_ept_walk_per_miss: 105.985808 
ept_cycles_per_execution_cycles: 0.062739 
rss_in_gb: 0.335991 
cycles: 77161742.500000 
avg_ept_walk_per_miss: 105.865816 
ept_cycles_per_execution_cycles: 0.062821 
rss_in_gb: 0.335991 
cycles: 77189985.300000 
avg_ept_walk_per_miss: 106.146236 
ept_cycles_per_execution_cycles: 0.062873 
rss_in_gb: 0.335991 
cycles: 77347001.300000 
avg_ept_walk_per_miss: 106.348194 
ept_cycles_per_execution_cycles: 0.062915 
rss_in_gb: 0.335991 
cycles: 77516436.500000 
avg_ept_walk_per_miss: 106.697838 
ept_cycles_per_execution_cycles: 0.062815 
rss_in_gb: 0.335991 
cycles: 77597790.900000 
avg_ept_walk_per_miss: 107.009839 
ept_cycles_per_execution_cycles: 0.062735 
rss_in_gb: 0.335991 
cycles: 77756619.800000 
avg_ept_walk_per_miss: 107.041504 
ept_cycles_per_execution_cycles: 0.062612 
rss_in_gb: 0.335991 
cycles: 77891508.500000 
avg_ept_walk_per_miss: 107.159599 
ept_cycles_per_execution_cycles: 0.062511 
rss_in_gb: 0.335991 
cycles: 78023648.000000 
avg_ept_walk_per_miss: 107.239718 
ept_cycles_per_execution_cycles: 0.062387 
rss_in_gb: 0.335991 
cycles: 78108344.900000 
avg_ept_walk_per_miss: 107.489401 
ept_cycles_per_execution_cycles: 0.062193 
rss_in_gb: 0.335991 
cycles: 78243942.100000 
avg_ept_walk_per_miss: 107.481048 
ept_cycles_per_execution_cycles: 0.062056 
rss_in_gb: 0.335991 
cycles: 78355386.900000 
avg_ept_walk_per_miss: 107.884490 
ept_cycles_per_execution_cycles: 0.061981 
rss_in_gb: 0.335991 
cycles: 78534237.900000 
avg_ept_walk_per_miss: 107.705031 
ept_cycles_per_execution_cycles: 0.061929 
rss_in_gb: 0.335991 
cycles: 78586682.300000 
avg_ept_walk_per_miss: 107.527236 
ept_cycles_per_execution_cycles: 0.061871 
rss_in_gb: 0.335991 
cycles: 78505832.500000 
avg_ept_walk_per_miss: 107.465265 
ept_cycles_per_execution_cycles: 0.061795 
rss_in_gb: 0.335991 
cycles: 78539401.400000 
avg_ept_walk_per_miss: 107.346592 
ept_cycles_per_execution_cycles: 0.061682 
rss_in_gb: 0.335991 
cycles: 78532326.500000 
avg_ept_walk_per_miss: 107.404139 
ept_cycles_per_execution_cycles: 0.061577 
rss_in_gb: 0.335991 
cycles: 78503971.700000 
avg_ept_walk_per_miss: 107.384789 
ept_cycles_per_execution_cycles: 0.061475 
rss_in_gb: 0.335991 
cycles: 78475879.500000 
avg_ept_walk_per_miss: 107.319474 
ept_cycles_per_execution_cycles: 0.061492 
rss_in_gb: 0.335991 
cycles: 78449631.200000 
avg_ept_walk_per_miss: 107.342957 
ept_cycles_per_execution_cycles: 0.061708 
rss_in_gb: 0.335991 
cycles: 78441939.100000 
avg_ept_walk_per_miss: 107.448030 
ept_cycles_per_execution_cycles: 0.061839 
rss_in_gb: 0.335991 
cycles: 78437744.100000 
avg_ept_walk_per_miss: 107.483585 
ept_cycles_per_execution_cycles: 0.061798 
rss_in_gb: 0.335991 
cycles: 78465085.400000 
avg_ept_walk_per_miss: 107.665727 
ept_cycles_per_execution_cycles: 0.061693 
rss_in_gb: 0.335991 
cycles: 78428201.400000 
avg_ept_walk_per_miss: 107.735223 
ept_cycles_per_execution_cycles: 0.061678 
rss_in_gb: 0.335991 
cycles: 78438597.100000 
avg_ept_walk_per_miss: 107.613857 
ept_cycles_per_execution_cycles: 0.061785 
rss_in_gb: 0.335991 
cycles: 78439361.400000 
avg_ept_walk_per_miss: 107.441321 
ept_cycles_per_execution_cycles: 0.061871 
rss_in_gb: 0.335991 
cycles: 78452052.300000 
avg_ept_walk_per_miss: 107.311502 
ept_cycles_per_execution_cycles: 0.061917 
rss_in_gb: 0.335991 
cycles: 78524258.900000 
avg_ept_walk_per_miss: 107.202974 
ept_cycles_per_execution_cycles: 0.062009 
rss_in_gb: 0.335991 
cycles: 78504103.700000 
avg_ept_walk_per_miss: 107.212450 
ept_cycles_per_execution_cycles: 0.062063 
rss_in_gb: 0.335991 
cycles: 78417293.700000 
avg_ept_walk_per_miss: 107.169423 
ept_cycles_per_execution_cycles: 0.062047 
rss_in_gb: 0.335991 
cycles: 78252121.200000 
avg_ept_walk_per_miss: 106.984184 
ept_cycles_per_execution_cycles: 0.062032 
rss_in_gb: 0.335991 
cycles: 78152697.400000 
avg_ept_walk_per_miss: 106.724909 
ept_cycles_per_execution_cycles: 0.062058 
rss_in_gb: 0.335991 
cycles: 77993323.900000 
avg_ept_walk_per_miss: 106.446217 
ept_cycles_per_execution_cycles: 0.062301 
rss_in_gb: 0.335991 
cycles: 77808560.600000 
avg_ept_walk_per_miss: 106.174368 
ept_cycles_per_execution_cycles: 0.062447 
rss_in_gb: 0.335991 
cycles: 77649333.300000 
avg_ept_walk_per_miss: 106.170886 
ept_cycles_per_execution_cycles: 0.062429 
rss_in_gb: 0.335991 
cycles: 77490965.800000 
avg_ept_walk_per_miss: 106.314960 
ept_cycles_per_execution_cycles: 0.062415 
rss_in_gb: 0.335991 
cycles: 77447978.100000 
avg_ept_walk_per_miss: 106.303369 
ept_cycles_per_execution_cycles: 0.062439 
rss_in_gb: 0.335991 
cycles: 77431360.600000 
avg_ept_walk_per_miss: 106.358906 
ept_cycles_per_execution_cycles: 0.062457 
rss_in_gb: 0.335991 
cycles: 77485726.600000 
avg_ept_walk_per_miss: 106.278031 
ept_cycles_per_execution_cycles: 0.062449 
rss_in_gb: 0.335991 
cycles: 77603212.900000 
avg_ept_walk_per_miss: 106.330458 
ept_cycles_per_execution_cycles: 0.062362 
rss_in_gb: 0.335991 
cycles: 77842685.200000 
avg_ept_walk_per_miss: 106.370800 
ept_cycles_per_execution_cycles: 0.062314 
rss_in_gb: 0.335991 
cycles: 78023280.600000 
avg_ept_walk_per_miss: 106.488279 
ept_cycles_per_execution_cycles: 0.062312 
rss_in_gb: 0.335991 
cycles: 78040613.300000 
avg_ept_walk_per_miss: 106.508615 
ept_cycles_per_execution_cycles: 0.062204 
rss_in_gb: 0.335991 
cycles: 78122487.400000 
avg_ept_walk_per_miss: 106.390222 
ept_cycles_per_execution_cycles: 0.062194 
rss_in_gb: 0.335991 
cycles: 78150620.300000 
avg_ept_walk_per_miss: 106.264734 
ept_cycles_per_execution_cycles: 0.062388 
rss_in_gb: 0.335991 
cycles: 78205179.900000 
avg_ept_walk_per_miss: 106.038551 
ept_cycles_per_execution_cycles: 0.062485 
rss_in_gb: 0.335991 
cycles: 78017740.100000 
avg_ept_walk_per_miss: 106.099610 
ept_cycles_per_execution_cycles: 0.062689 
rss_in_gb: 0.335991 
cycles: 77911671.000000 
avg_ept_walk_per_miss: 106.109517 
ept_cycles_per_execution_cycles: 0.062798 
rss_in_gb: 0.335991 
cycles: 77735779.300000 
avg_ept_walk_per_miss: 106.084950 
ept_cycles_per_execution_cycles: 0.062873 
rss_in_gb: 0.335991 
cycles: 77589901.400000 
avg_ept_walk_per_miss: 105.969832 
ept_cycles_per_execution_cycles: 0.062951 
rss_in_gb: 0.335991 
cycles: 77339130.100000 
avg_ept_walk_per_miss: 105.844253 
ept_cycles_per_execution_cycles: 0.063099 
rss_in_gb: 0.335991 
cycles: 77195292.800000 
avg_ept_walk_per_miss: 105.792812 
ept_cycles_per_execution_cycles: 0.063221 
rss_in_gb: 0.335991 
cycles: 77227974.500000 
avg_ept_walk_per_miss: 105.895247 
ept_cycles_per_execution_cycles: 0.063275 
rss_in_gb: 0.335991 
cycles: 77187613.700000 
avg_ept_walk_per_miss: 106.240745 
ept_cycles_per_execution_cycles: 0.063255 
rss_in_gb: 0.335991 
cycles: 77229695.800000 
avg_ept_walk_per_miss: 106.253099 
ept_cycles_per_execution_cycles: 0.063116 
rss_in_gb: 0.335991 
cycles: 77108527.400000 
avg_ept_walk_per_miss: 106.374509 
ept_cycles_per_execution_cycles: 0.063134 
rss_in_gb: 0.335991 
cycles: 77319245.700000 
avg_ept_walk_per_miss: 106.433117 
ept_cycles_per_execution_cycles: 0.062983 
rss_in_gb: 0.335991 
cycles: 77376791.400000 
avg_ept_walk_per_miss: 106.530228 
ept_cycles_per_execution_cycles: 0.062884 
rss_in_gb: 0.335991 
cycles: 77508479.000000 
avg_ept_walk_per_miss: 106.706558 
ept_cycles_per_execution_cycles: 0.062831 
rss_in_gb: 0.335991 
cycles: 77693129.100000 
avg_ept_walk_per_miss: 106.820965 
ept_cycles_per_execution_cycles: 0.062736 
rss_in_gb: 0.335991 
cycles: 77895478.700000 
avg_ept_walk_per_miss: 107.051654 
ept_cycles_per_execution_cycles: 0.062584 
rss_in_gb: 0.335991 
cycles: 77965222.300000 
avg_ept_walk_per_miss: 107.362916 
ept_cycles_per_execution_cycles: 0.062641 
rss_in_gb: 0.335991 
cycles: 77935557.000000 
avg_ept_walk_per_miss: 107.611024 
ept_cycles_per_execution_cycles: 0.062675 
rss_in_gb: 0.335991 
cycles: 78084257.300000 
avg_ept_walk_per_miss: 107.784005 
ept_cycles_per_execution_cycles: 0.062658 
rss_in_gb: 0.335991 
cycles: 78152908.700000 
avg_ept_walk_per_miss: 108.079154 
ept_cycles_per_execution_cycles: 0.062726 
rss_in_gb: 0.335991 
cycles: 78380696.200000 
avg_ept_walk_per_miss: 108.157487 
ept_cycles_per_execution_cycles: 0.062669 
rss_in_gb: 0.335991 
cycles: 78367006.600000 
avg_ept_walk_per_miss: 108.118461 
ept_cycles_per_execution_cycles: 0.062680 
rss_in_gb: 0.335991 
cycles: 78341114.000000 
avg_ept_walk_per_miss: 108.029461 
ept_cycles_per_execution_cycles: 0.062696 
rss_in_gb: 0.335991 
cycles: 78328311.200000 
avg_ept_walk_per_miss: 108.022047 
ept_cycles_per_execution_cycles: 0.062704 
rss_in_gb: 0.335991 
cycles: 78307694.100000 
avg_ept_walk_per_miss: 107.945390 
ept_cycles_per_execution_cycles: 0.062701 
rss_in_gb: 0.335991 
cycles: 78263158.300000 
avg_ept_walk_per_miss: 107.985414 
ept_cycles_per_execution_cycles: 0.062746 
rss_in_gb: 0.335991 
cycles: 78278508.300000 
avg_ept_walk_per_miss: 107.933764 
ept_cycles_per_execution_cycles: 0.062630 
rss_in_gb: 0.335991 
cycles: 78351113.700000 
avg_ept_walk_per_miss: 107.825784 
ept_cycles_per_execution_cycles: 0.062540 
rss_in_gb: 0.335991 
cycles: 78323968.300000 
avg_ept_walk_per_miss: 107.743820 
ept_cycles_per_execution_cycles: 0.062527 
rss_in_gb: 0.335991 
cycles: 78305412.800000 
avg_ept_walk_per_miss: 107.684793 
ept_cycles_per_execution_cycles: 0.062410 
rss_in_gb: 0.335991 
cycles: 78330110.600000 
avg_ept_walk_per_miss: 107.717305 
ept_cycles_per_execution_cycles: 0.062341 
rss_in_gb: 0.335991 
cycles: 78392918.000000 
avg_ept_walk_per_miss: 107.770810 
ept_cycles_per_execution_cycles: 0.062286 
rss_in_gb: 0.335991 
cycles: 78486763.800000 
avg_ept_walk_per_miss: 107.961130 
ept_cycles_per_execution_cycles: 0.062301 
rss_in_gb: 0.335991 
cycles: 78543812.800000 
avg_ept_walk_per_miss: 108.074078 
ept_cycles_per_execution_cycles: 0.062247 
rss_in_gb: 0.335991 
cycles: 78538619.800000 
avg_ept_walk_per_miss: 108.230870 
ept_cycles_per_execution_cycles: 0.062333 
rss_in_gb: 0.335991 
cycles: 78744681.400000 
avg_ept_walk_per_miss: 108.070603 
ept_cycles_per_execution_cycles: 0.062240 
rss_in_gb: 0.335991 
cycles: 78957549.800000 
avg_ept_walk_per_miss: 107.729610 
ept_cycles_per_execution_cycles: 0.062041 
rss_in_gb: 0.335991 
cycles: 79143007.800000 
avg_ept_walk_per_miss: 107.447946 
ept_cycles_per_execution_cycles: 0.061896 
rss_in_gb: 0.335991 
cycles: 79331083.400000 
avg_ept_walk_per_miss: 107.229621 
ept_cycles_per_execution_cycles: 0.061746 
rss_in_gb: 0.335991 
cycles: 79667887.500000 
avg_ept_walk_per_miss: 107.034366 
ept_cycles_per_execution_cycles: 0.061519 
rss_in_gb: 0.335991 
cycles: 79857535.700000 
avg_ept_walk_per_miss: 106.869829 
ept_cycles_per_execution_cycles: 0.061342 
rss_in_gb: 0.335991 
cycles: 80007149.000000 
avg_ept_walk_per_miss: 106.495978 
ept_cycles_per_execution_cycles: 0.061166 
rss_in_gb: 0.335991 
cycles: 80168829.900000 
avg_ept_walk_per_miss: 106.167659 
ept_cycles_per_execution_cycles: 0.061024 
rss_in_gb: 0.335991 
cycles: 80344207.100000 
avg_ept_walk_per_miss: 105.755699 
ept_cycles_per_execution_cycles: 0.060871 
rss_in_gb: 0.335991 
cycles: 80496361.500000 
avg_ept_walk_per_miss: 105.612383 
ept_cycles_per_execution_cycles: 0.060706 
rss_in_gb: 0.335991 
cycles: 80574974.100000 
avg_ept_walk_per_miss: 105.380405 
ept_cycles_per_execution_cycles: 0.060546 
rss_in_gb: 0.335991 
cycles: 80533830.500000 
avg_ept_walk_per_miss: 105.365891 
ept_cycles_per_execution_cycles: 0.060521 
rss_in_gb: 0.335991 
cycles: 80585596.600000 
avg_ept_walk_per_miss: 105.255373 
ept_cycles_per_execution_cycles: 0.060448 
rss_in_gb: 0.335991 
cycles: 80479629.300000 
avg_ept_walk_per_miss: 105.066756 
ept_cycles_per_execution_cycles: 0.060330 
rss_in_gb: 0.335991 
cycles: 80507104.700000 
avg_ept_walk_per_miss: 104.982956 
ept_cycles_per_execution_cycles: 0.060150 
rss_in_gb: 0.335991 
cycles: 80581683.800000 
avg_ept_walk_per_miss: 104.810987 
ept_cycles_per_execution_cycles: 0.059972 
rss_in_gb: 0.335991 
cycles: 80669842.500000 
avg_ept_walk_per_miss: 104.967379 
ept_cycles_per_execution_cycles: 0.059916 
rss_in_gb: 0.335991 
cycles: 80727601.100000 
avg_ept_walk_per_miss: 105.056056 
ept_cycles_per_execution_cycles: 0.059875 
rss_in_gb: 0.335991 
cycles: 80754528.300000 
avg_ept_walk_per_miss: 105.282496 
ept_cycles_per_execution_cycles: 0.059889 
rss_in_gb: 0.335991 
cycles: 80813923.200000 
avg_ept_walk_per_miss: 105.394074 
ept_cycles_per_execution_cycles: 0.059878 
rss_in_gb: 0.335991 
cycles: 80876316.300000 
avg_ept_walk_per_miss: 105.807146 
ept_cycles_per_execution_cycles: 0.059886 
rss_in_gb: 0.335991 
cycles: 81086443.400000 
avg_ept_walk_per_miss: 106.102849 
ept_cycles_per_execution_cycles: 0.059839 
rss_in_gb: 0.335991 
cycles: 81191038.900000 
avg_ept_walk_per_miss: 106.307031 
ept_cycles_per_execution_cycles: 0.059836 
rss_in_gb: 0.335991 
cycles: 81361781.000000 
avg_ept_walk_per_miss: 106.614383 
ept_cycles_per_execution_cycles: 0.059953 
rss_in_gb: 0.335991 
cycles: 81322313.400000 
avg_ept_walk_per_miss: 106.799163 
ept_cycles_per_execution_cycles: 0.060169 
rss_in_gb: 0.335991 
cycles: 81382612.200000 
avg_ept_walk_per_miss: 107.037893 
ept_cycles_per_execution_cycles: 0.060269 
rss_in_gb: 0.335991 
cycles: 81364722.800000 
avg_ept_walk_per_miss: 107.124685 
ept_cycles_per_execution_cycles: 0.060311 
rss_in_gb: 0.335991 
cycles: 81406069.000000 
avg_ept_walk_per_miss: 107.201408 
ept_cycles_per_execution_cycles: 0.060309 
rss_in_gb: 0.335991 
cycles: 81418359.900000 
avg_ept_walk_per_miss: 107.371553 
ept_cycles_per_execution_cycles: 0.060348 
rss_in_gb: 0.335991 
cycles: 81441677.400000 
avg_ept_walk_per_miss: 107.246512 
ept_cycles_per_execution_cycles: 0.060311 
rss_in_gb: 0.335991 
cycles: 80732583.300000 
avg_ept_walk_per_miss: 107.200747 
ept_cycles_per_execution_cycles: 0.060550 
rss_in_gb: 0.335991 
cycles: 80201737.800000 
avg_ept_walk_per_miss: 106.854640 
ept_cycles_per_execution_cycles: 0.060901 
rss_in_gb: 0.335991 
cycles: 79636230.000000 
avg_ept_walk_per_miss: 106.925992 
ept_cycles_per_execution_cycles: 0.061256 
rss_in_gb: 0.335991 
cycles: 79175603.500000 
avg_ept_walk_per_miss: 106.730818 
ept_cycles_per_execution_cycles: 0.061543 
rss_in_gb: 0.335991 
cycles: 78671741.100000 
avg_ept_walk_per_miss: 106.658967 
ept_cycles_per_execution_cycles: 0.061848 
rss_in_gb: 0.335991 
cycles: 78070837.700000 
avg_ept_walk_per_miss: 106.643652 
ept_cycles_per_execution_cycles: 0.062266 
rss_in_gb: 0.335991 
cycles: 77615626.600000 
avg_ept_walk_per_miss: 106.510882 
ept_cycles_per_execution_cycles: 0.062493 
rss_in_gb: 0.335991 
cycles: 77092880.400000 
avg_ept_walk_per_miss: 106.405080 
ept_cycles_per_execution_cycles: 0.062862 
rss_in_gb: 0.335991 
cycles: 76637467.900000 
avg_ept_walk_per_miss: 106.242178 
ept_cycles_per_execution_cycles: 0.063124 
rss_in_gb: 0.335991 
cycles: 76168716.200000 
avg_ept_walk_per_miss: 106.080217 
ept_cycles_per_execution_cycles: 0.063436 
rss_in_gb: 0.335991 
cycles: 76307317.400000 
avg_ept_walk_per_miss: 105.988225 
ept_cycles_per_execution_cycles: 0.063579 
rss_in_gb: 0.335991 
cycles: 76113035.900000 
avg_ept_walk_per_miss: 106.146100 
ept_cycles_per_execution_cycles: 0.063591 
rss_in_gb: 0.335991 
cycles: 76086069.400000 
avg_ept_walk_per_miss: 106.064677 
ept_cycles_per_execution_cycles: 0.063593 
rss_in_gb: 0.335991 
cycles: 76051429.900000 
avg_ept_walk_per_miss: 106.248536 
ept_cycles_per_execution_cycles: 0.063568 
rss_in_gb: 0.335991 
cycles: 76092630.100000 
avg_ept_walk_per_miss: 106.201133 
ept_cycles_per_execution_cycles: 0.063571 
rss_in_gb: 0.335991 
cycles: 76128747.900000 
avg_ept_walk_per_miss: 106.242432 
ept_cycles_per_execution_cycles: 0.063566 
rss_in_gb: 0.335991 
cycles: 76066164.500000 
avg_ept_walk_per_miss: 106.260462 
ept_cycles_per_execution_cycles: 0.063613 
rss_in_gb: 0.335991 
cycles: 75914059.300000 
avg_ept_walk_per_miss: 106.419129 
ept_cycles_per_execution_cycles: 0.063646 
rss_in_gb: 0.335991 
cycles: 75895802.300000 
avg_ept_walk_per_miss: 106.450450 
ept_cycles_per_execution_cycles: 0.063634 
rss_in_gb: 0.335991 
cycles: 75840441.700000 
avg_ept_walk_per_miss: 106.536136 
ept_cycles_per_execution_cycles: 0.063578 
rss_in_gb: 0.335991 
cycles: 75831894.000000 
avg_ept_walk_per_miss: 106.645042 
ept_cycles_per_execution_cycles: 0.063544 
rss_in_gb: 0.335991 
cycles: 75961976.200000 
avg_ept_walk_per_miss: 106.831606 
ept_cycles_per_execution_cycles: 0.063644 
rss_in_gb: 0.335991 
cycles: 75995481.200000 
avg_ept_walk_per_miss: 107.088392 
ept_cycles_per_execution_cycles: 0.063718 
rss_in_gb: 0.335991 
cycles: 76074248.900000 
avg_ept_walk_per_miss: 107.301722 
ept_cycles_per_execution_cycles: 0.063901 
rss_in_gb: 0.335991 
cycles: 75983735.800000 
avg_ept_walk_per_miss: 107.661618 
ept_cycles_per_execution_cycles: 0.064103 
rss_in_gb: 0.335991 
cycles: 75972211.700000 
avg_ept_walk_per_miss: 107.669989 
ept_cycles_per_execution_cycles: 0.064212 
rss_in_gb: 0.335991 
cycles: 75965167.700000 
avg_ept_walk_per_miss: 107.838720 
ept_cycles_per_execution_cycles: 0.064404 
rss_in_gb: 0.335991 
cycles: 76197737.900000 
avg_ept_walk_per_miss: 107.646655 
ept_cycles_per_execution_cycles: 0.064379 
rss_in_gb: 0.335991 
cycles: 76295096.100000 
avg_ept_walk_per_miss: 107.618670 
ept_cycles_per_execution_cycles: 0.064512 
rss_in_gb: 0.335991 
cycles: 76410842.200000 
avg_ept_walk_per_miss: 107.628573 
ept_cycles_per_execution_cycles: 0.064622 
rss_in_gb: 0.335991 
cycles: 76448590.000000 
avg_ept_walk_per_miss: 107.548351 
ept_cycles_per_execution_cycles: 0.064702 
rss_in_gb: 0.335991 
cycles: 76462592.400000 
avg_ept_walk_per_miss: 107.443697 
ept_cycles_per_execution_cycles: 0.064602 
rss_in_gb: 0.335991 
cycles: 76499502.600000 
avg_ept_walk_per_miss: 107.242511 
ept_cycles_per_execution_cycles: 0.064481 
rss_in_gb: 0.335991 
cycles: 76403176.700000 
avg_ept_walk_per_miss: 106.961323 
ept_cycles_per_execution_cycles: 0.064259 
rss_in_gb: 0.335991 
cycles: 76438973.900000 
avg_ept_walk_per_miss: 106.717087 
ept_cycles_per_execution_cycles: 0.064109 
rss_in_gb: 0.335991 
cycles: 76358186.600000 
avg_ept_walk_per_miss: 106.831022 
ept_cycles_per_execution_cycles: 0.064106 
rss_in_gb: 0.335991 
cycles: 76377586.700000 
avg_ept_walk_per_miss: 106.913373 
ept_cycles_per_execution_cycles: 0.064028 
rss_in_gb: 0.335991 
cycles: 76233245.700000 
avg_ept_walk_per_miss: 107.202559 
ept_cycles_per_execution_cycles: 0.064068 
rss_in_gb: 0.335991 
cycles: 76086928.000000 
avg_ept_walk_per_miss: 107.302552 
ept_cycles_per_execution_cycles: 0.064059 
rss_in_gb: 0.335991 
cycles: 75968885.000000 
avg_ept_walk_per_miss: 107.360328 
ept_cycles_per_execution_cycles: 0.064093 
rss_in_gb: 0.335991 
cycles: 75806827.900000 
avg_ept_walk_per_miss: 107.806253 
ept_cycles_per_execution_cycles: 0.064378 
rss_in_gb: 0.335991 
cycles: 75781381.100000 
avg_ept_walk_per_miss: 108.059365 
ept_cycles_per_execution_cycles: 0.064616 
rss_in_gb: 0.335991 
cycles: 75613373.400000 
avg_ept_walk_per_miss: 108.381097 
ept_cycles_per_execution_cycles: 0.064882 
rss_in_gb: 0.335991 
cycles: 75655302.700000 
avg_ept_walk_per_miss: 108.546599 
ept_cycles_per_execution_cycles: 0.065103 
rss_in_gb: 0.335991 
cycles: 75658580.900000 
avg_ept_walk_per_miss: 108.763576 
ept_cycles_per_execution_cycles: 0.065238 
rss_in_gb: 0.335991 
cycles: 75745173.000000 
avg_ept_walk_per_miss: 108.716633 
ept_cycles_per_execution_cycles: 0.065222 
rss_in_gb: 0.335991 
cycles: 75708912.700000 
avg_ept_walk_per_miss: 108.664423 
ept_cycles_per_execution_cycles: 0.065215 
rss_in_gb: 0.335991 
cycles: 75736157.300000 
avg_ept_walk_per_miss: 108.543471 
ept_cycles_per_execution_cycles: 0.065120 
rss_in_gb: 0.335991 
cycles: 75519964.900000 
avg_ept_walk_per_miss: 108.451033 
ept_cycles_per_execution_cycles: 0.065003 
rss_in_gb: 0.335991 
cycles: 75609623.100000 
avg_ept_walk_per_miss: 108.631582 
ept_cycles_per_execution_cycles: 0.064763 
rss_in_gb: 0.335991 
cycles: 75867335.500000 
avg_ept_walk_per_miss: 108.289182 
ept_cycles_per_execution_cycles: 0.064242 
rss_in_gb: 0.335991 
cycles: 75937049.100000 
avg_ept_walk_per_miss: 108.275545 
ept_cycles_per_execution_cycles: 0.063909 
rss_in_gb: 0.335991 
cycles: 76063478.500000 
avg_ept_walk_per_miss: 108.195432 
ept_cycles_per_execution_cycles: 0.063552 
rss_in_gb: 0.335991 
cycles: 76103224.700000 
avg_ept_walk_per_miss: 108.324248 
ept_cycles_per_execution_cycles: 0.063210 
rss_in_gb: 0.335991 
cycles: 76046992.400000 
avg_ept_walk_per_miss: 108.548702 
ept_cycles_per_execution_cycles: 0.062918 
rss_in_gb: 0.335991 
cycles: 76125741.300000 
avg_ept_walk_per_miss: 108.623847 
ept_cycles_per_execution_cycles: 0.062575 
rss_in_gb: 0.335991 
cycles: 76170643.900000 
avg_ept_walk_per_miss: 108.834000 
ept_cycles_per_execution_cycles: 0.062395 
rss_in_gb: 0.335991 
cycles: 76255033.400000 
avg_ept_walk_per_miss: 108.934033 
ept_cycles_per_execution_cycles: 0.062392 
rss_in_gb: 0.335991 
cycles: 76604911.900000 
avg_ept_walk_per_miss: 109.062328 
ept_cycles_per_execution_cycles: 0.062251 
rss_in_gb: 0.335991 
cycles: 76642156.900000 
avg_ept_walk_per_miss: 108.863155 
ept_cycles_per_execution_cycles: 0.062293 
rss_in_gb: 0.335991 
cycles: 76604181.800000 
avg_ept_walk_per_miss: 108.755660 
ept_cycles_per_execution_cycles: 0.062338 
rss_in_gb: 0.335991 
cycles: 76548461.200000 
avg_ept_walk_per_miss: 108.737688 
ept_cycles_per_execution_cycles: 0.062289 
rss_in_gb: 0.335991 
cycles: 76600405.500000 
avg_ept_walk_per_miss: 108.729220 
ept_cycles_per_execution_cycles: 0.062265 
rss_in_gb: 0.335991 
cycles: 76145657.700000 
avg_ept_walk_per_miss: 108.395940 
ept_cycles_per_execution_cycles: 0.062320 
rss_in_gb: 0.335991 
cycles: 76226548.600000 
avg_ept_walk_per_miss: 108.131049 
ept_cycles_per_execution_cycles: 0.062420 
rss_in_gb: 0.335991 
cycles: 76137829.800000 
avg_ept_walk_per_miss: 107.903709 
ept_cycles_per_execution_cycles: 0.062631 
rss_in_gb: 0.335991 
cycles: 76099467.800000 
avg_ept_walk_per_miss: 107.636873 
ept_cycles_per_execution_cycles: 0.062672 
rss_in_gb: 0.335991 
cycles: 76007016.400000 
avg_ept_walk_per_miss: 107.495839 
ept_cycles_per_execution_cycles: 0.062623 
rss_in_gb: 0.335991 
cycles: 75917967.300000 
avg_ept_walk_per_miss: 107.290676 
ept_cycles_per_execution_cycles: 0.062771 
rss_in_gb: 0.335991 
cycles: 75861737.500000 
avg_ept_walk_per_miss: 107.450523 
ept_cycles_per_execution_cycles: 0.062925 
rss_in_gb: 0.335991 
cycles: 75829791.600000 
avg_ept_walk_per_miss: 107.314260 
ept_cycles_per_execution_cycles: 0.063134 
rss_in_gb: 0.335991 
cycles: 73315203.800000 
avg_ept_walk_per_miss: 106.970249 
ept_cycles_per_execution_cycles: 0.063329 
rss_in_gb: 0.335991 
cycles: 65698856.900000 
avg_ept_walk_per_miss: 106.697794 
ept_cycles_per_execution_cycles: 0.063564 
rss_in_gb: 0.335991 
cycles: 58532746.100000 
avg_ept_walk_per_miss: 106.750051 
ept_cycles_per_execution_cycles: 0.063784 
rss_in_gb: 0.335991 
cycles: 50912577.900000 
avg_ept_walk_per_miss: 106.458157 
ept_cycles_per_execution_cycles: 0.063923 
rss_in_gb: 0.335991 
cycles: 43328471.700000 
avg_ept_walk_per_miss: 106.424397 
ept_cycles_per_execution_cycles: 0.064095 
rss_in_gb: 0.335991 
cycles: 35762532.200000 
avg_ept_walk_per_miss: 106.245319 
ept_cycles_per_execution_cycles: 0.064470 
rss_in_gb: 0.335991 
cycles: 28204897.800000 
avg_ept_walk_per_miss: 106.033826 
ept_cycles_per_execution_cycles: 0.064928 
rss_in_gb: 0.335991 
cycles: 20604886.300000 
avg_ept_walk_per_miss: 106.000832 
ept_cycles_per_execution_cycles: 0.065507 
rss_in_gb: 0.335991 
cycles: 12973336.000000 
avg_ept_walk_per_miss: 104.724833 
ept_cycles_per_execution_cycles: 0.066411 
rss_in_gb: 0.335991 
cycles: 5327083.400000 
avg_ept_walk_per_miss: 103.626141 
ept_cycles_per_execution_cycles: 0.069234 
rss_in_gb: 0.335991 
cycles: 213991.300000 
avg_ept_walk_per_miss: 94.133721 
ept_cycles_per_execution_cycles: 0.181589 
rss_in_gb: 0.335991 
cycles: 174203.500000 
avg_ept_walk_per_miss: 96.216603 
ept_cycles_per_execution_cycles: 0.173650 
rss_in_gb: 0.335991 
cycles: 150449.900000 
avg_ept_walk_per_miss: 100.031119 
ept_cycles_per_execution_cycles: 0.158108 
rss_in_gb: 0.335991 
cycles: 132353.700000 
avg_ept_walk_per_miss: 106.138444 
ept_cycles_per_execution_cycles: 0.140177 
rss_in_gb: 0.335991 
cycles: 115863.900000 
avg_ept_walk_per_miss: 115.354866 
ept_cycles_per_execution_cycles: 0.118676 
rss_in_gb: 0.335991 
cycles: 103661.100000 
avg_ept_walk_per_miss: 130.891995 
ept_cycles_per_execution_cycles: 0.099374 
rss_in_gb: 0.335991 
cycles: 90917.800000 
avg_ept_walk_per_miss: 160.848411 
ept_cycles_per_execution_cycles: 0.072359 
rss_in_gb: 0.335991 
cycles: 80306.300000 
avg_ept_walk_per_miss: 153.547009 
ept_cycles_per_execution_cycles: 0.067112 
rss_in_gb: 0.335991 
cycles: 74843.100000 
avg_ept_walk_per_miss: 153.634921 
ept_cycles_per_execution_cycles: 0.064662 
rss_in_gb: 0.335991 
cycles: 67225.700000 
avg_ept_walk_per_miss: 159.794521 
ept_cycles_per_execution_cycles: 0.052056 
rss_in_gb: 0.335991 
cycles: 64239.700000 
avg_ept_walk_per_miss: 156.586047 
ept_cycles_per_execution_cycles: 0.052407 
rss_in_gb: 0.335991 
cycles: 59601.900000 
avg_ept_walk_per_miss: 148.771429 
ept_cycles_per_execution_cycles: 0.052418 
rss_in_gb: 0.335991 
cycles: 56468.700000 
avg_ept_walk_per_miss: 150.812834 
ept_cycles_per_execution_cycles: 0.049943 
rss_in_gb: 0.335991 
cycles: 54618.100000 
avg_ept_walk_per_miss: 148.888268 
ept_cycles_per_execution_cycles: 0.048795 
rss_in_gb: 0.335991 
cycles: 50314.200000 
avg_ept_walk_per_miss: 168.823077 
ept_cycles_per_execution_cycles: 0.043620 
rss_in_gb: 0.335991 
cycles: 49374.700000 
avg_ept_walk_per_miss: 175.603448 
ept_cycles_per_execution_cycles: 0.041256 
rss_in_gb: 0.335991 
cycles: 46518.500000 
avg_ept_walk_per_miss: 168.649123 
ept_cycles_per_execution_cycles: 0.041330 
rss_in_gb: 0.335991 
cycles: 44188.400000 
avg_ept_walk_per_miss: 170.247619 
ept_cycles_per_execution_cycles: 0.040454 
rss_in_gb: 0.335991 
cycles: 44610.900000 
avg_ept_walk_per_miss: 171.836538 
ept_cycles_per_execution_cycles: 0.040060 
rss_in_gb: 0.335991 
cycles: 43214.200000 
avg_ept_walk_per_miss: 182.054945 
ept_cycles_per_execution_cycles: 0.038337 
rss_in_gb: 0.335991 
cycles: 40221.900000 
avg_ept_walk_per_miss: 176.750000 
ept_cycles_per_execution_cycles: 0.038670 
rss_in_gb: 0.335991 
cycles: 41402.200000 
avg_ept_walk_per_miss: 183.551724 
ept_cycles_per_execution_cycles: 0.038570 
rss_in_gb: 0.335991 
cycles: 40152.300000 
avg_ept_walk_per_miss: 183.033708 
ept_cycles_per_execution_cycles: 0.040571 
rss_in_gb: 0.335991 
cycles: 37358.400000 
avg_ept_walk_per_miss: 176.400000 
ept_cycles_per_execution_cycles: 0.042496 
rss_in_gb: 0.335991 
cycles: 37130.500000 
avg_ept_walk_per_miss: 164.313725 
ept_cycles_per_execution_cycles: 0.045138 
rss_in_gb: 0.335991 
cycles: 36963.500000 
avg_ept_walk_per_miss: 165.490385 
ept_cycles_per_execution_cycles: 0.046562 
rss_in_gb: 0.335991 
cycles: 37392.900000 
avg_ept_walk_per_miss: 167.314286 
ept_cycles_per_execution_cycles: 0.046982 
rss_in_gb: 0.335991 
cycles: 36638.000000 
avg_ept_walk_per_miss: 165.048544 
ept_cycles_per_execution_cycles: 0.046400 
rss_in_gb: 0.335991 
cycles: 33371.100000 
avg_ept_walk_per_miss: 157.441176 
ept_cycles_per_execution_cycles: 0.048122 
rss_in_gb: 0.335991 
cycles: 34730.000000 
avg_ept_walk_per_miss: 161.398058 
ept_cycles_per_execution_cycles: 0.047866 
rss_in_gb: 0.335991 
cycles: 35072.300000 
avg_ept_walk_per_miss: 162.137255 
ept_cycles_per_execution_cycles: 0.047154 
rss_in_gb: 0.335991 
cycles: 33200.600000 
avg_ept_walk_per_miss: 157.410000 
ept_cycles_per_execution_cycles: 0.047412 
rss_in_gb: 0.335991 
cycles: 31618.400000 
avg_ept_walk_per_miss: 153.431579 
ept_cycles_per_execution_cycles: 0.046100 
rss_in_gb: 0.335991 
cycles: 32528.300000 
avg_ept_walk_per_miss: 156.021739 
ept_cycles_per_execution_cycles: 0.044128 
rss_in_gb: 0.335991 
cycles: 33083.600000 
avg_ept_walk_per_miss: 179.605634 
ept_cycles_per_execution_cycles: 0.038545 
rss_in_gb: 0.335991 
cycles: 30460.000000 
avg_ept_walk_per_miss: 172.630769 
ept_cycles_per_execution_cycles: 0.036838 
rss_in_gb: 0.335991 
cycles: 29671.400000 
avg_ept_walk_per_miss: 171.524590 
ept_cycles_per_execution_cycles: 0.035263 
rss_in_gb: 0.335991 
cycles: 29577.200000 
avg_ept_walk_per_miss: 173.016667 
ept_cycles_per_execution_cycles: 0.035098 
rss_in_gb: 0.335991 
cycles: 30873.200000 
avg_ept_walk_per_miss: 150.186813 
ept_cycles_per_execution_cycles: 0.044268 
rss_in_gb: 0.335991 
cycles: 30692.300000 
avg_ept_walk_per_miss: 141.273438 
ept_cycles_per_execution_cycles: 0.058917 
rss_in_gb: 0.335991 
cycles: 30414.900000 
avg_ept_walk_per_miss: 140.729323 
ept_cycles_per_execution_cycles: 0.061539 
rss_in_gb: 0.335991 
cycles: 30531.500000 
avg_ept_walk_per_miss: 141.751773 
ept_cycles_per_execution_cycles: 0.065464 
rss_in_gb: 0.335991 
cycles: 30579.700000 
avg_ept_walk_per_miss: 144.056338 
ept_cycles_per_execution_cycles: 0.066894 
rss_in_gb: 0.335991 
cycles: 30964.800000 
avg_ept_walk_per_miss: 143.589404 
ept_cycles_per_execution_cycles: 0.070021 
rss_in_gb: 0.335991 
cycles: 31187.800000 
avg_ept_walk_per_miss: 143.141975 
ept_cycles_per_execution_cycles: 0.074353 
rss_in_gb: 0.335991 
cycles: 31389.600000 
avg_ept_walk_per_miss: 146.804878 
ept_cycles_per_execution_cycles: 0.076701 
rss_in_gb: 0.335991 
cycles: 31681.400000 
avg_ept_walk_per_miss: 150.359281 
ept_cycles_per_execution_cycles: 0.079258 
rss_in_gb: 0.335991 
cycles: 31768.100000 
avg_ept_walk_per_miss: 150.597633 
ept_cycles_per_execution_cycles: 0.080115 
rss_in_gb: 0.335991 
cycles: 31231.000000 
avg_ept_walk_per_miss: 161.687943 
ept_cycles_per_execution_cycles: 0.072998 
rss_in_gb: 0.335991 
cycles: 31007.200000 
avg_ept_walk_per_miss: 180.181818 
ept_cycles_per_execution_cycles: 0.057529 
rss_in_gb: 0.335991 
cycles: 30618.500000 
avg_ept_walk_per_miss: 181.094737 
ept_cycles_per_execution_cycles: 0.056188 
rss_in_gb: 0.335991 
cycles: 30570.200000 
avg_ept_walk_per_miss: 185.528090 
ept_cycles_per_execution_cycles: 0.054013 
rss_in_gb: 0.335991 
cycles: 30639.000000 
avg_ept_walk_per_miss: 180.695652 
ept_cycles_per_execution_cycles: 0.054258 
rss_in_gb: 0.335991 
cycles: 30463.900000 
avg_ept_walk_per_miss: 184.202247 
ept_cycles_per_execution_cycles: 0.053815 
rss_in_gb: 0.335991 
cycles: 30692.300000 
avg_ept_walk_per_miss: 173.223404 
ept_cycles_per_execution_cycles: 0.053052 
rss_in_gb: 0.335991 
cycles: 30264.700000 
avg_ept_walk_per_miss: 165.863158 
ept_cycles_per_execution_cycles: 0.052064 
rss_in_gb: 0.335991 
cycles: 30034.200000 
avg_ept_walk_per_miss: 158.583333 
ept_cycles_per_execution_cycles: 0.050689 
rss_in_gb: 0.335991 
cycles: 30093.900000 
avg_ept_walk_per_miss: 159.453608 
ept_cycles_per_execution_cycles: 0.051396 
rss_in_gb: 0.335991 
cycles: 30452.900000 
avg_ept_walk_per_miss: 148.708333 
ept_cycles_per_execution_cycles: 0.058599 
rss_in_gb: 0.335991 
cycles: 30941.900000 
avg_ept_walk_per_miss: 126.361582 
ept_cycles_per_execution_cycles: 0.072284 
rss_in_gb: 0.335991 
cycles: 31039.400000 
avg_ept_walk_per_miss: 127.027778 
ept_cycles_per_execution_cycles: 0.073664 
rss_in_gb: 0.335991 
cycles: 31324.400000 
avg_ept_walk_per_miss: 126.569149 
ept_cycles_per_execution_cycles: 0.075963 
rss_in_gb: 0.335991 
cycles: 31274.100000 
avg_ept_walk_per_miss: 125.656085 
ept_cycles_per_execution_cycles: 0.075938 
rss_in_gb: 0.335991 
cycles: 31584.300000 
avg_ept_walk_per_miss: 126.450777 
ept_cycles_per_execution_cycles: 0.077269 
rss_in_gb: 0.335991 
cycles: 31797.400000 
avg_ept_walk_per_miss: 126.612745 
ept_cycles_per_execution_cycles: 0.081230 
rss_in_gb: 0.335991 
cycles: 32268.400000 
avg_ept_walk_per_miss: 127.111111 
ept_cycles_per_execution_cycles: 0.081541 
rss_in_gb: 0.335991 
cycles: 32011.900000 
avg_ept_walk_per_miss: 126.668269 
ept_cycles_per_execution_cycles: 0.082304 
rss_in_gb: 0.335991 
cycles: 31988.600000 
avg_ept_walk_per_miss: 126.898551 
ept_cycles_per_execution_cycles: 0.082117 
rss_in_gb: 0.335991 
cycles: 32071.300000 
avg_ept_walk_per_miss: 129.188482 
ept_cycles_per_execution_cycles: 0.076938 
rss_in_gb: 0.335991 
cycles: 122122.900000 
avg_ept_walk_per_miss: 71.814815 
ept_cycles_per_execution_cycles: 0.026992 
rss_in_gb: 0.335991 
cycles: 158595.500000 
avg_ept_walk_per_miss: 59.303892 
ept_cycles_per_execution_cycles: 0.024979 
rss_in_gb: 0.335991 
cycles: 197999.000000 
avg_ept_walk_per_miss: 54.424658 
ept_cycles_per_execution_cycles: 0.022072 
rss_in_gb: 0.335991 
cycles: 233760.200000 
avg_ept_walk_per_miss: 53.518987 
ept_cycles_per_execution_cycles: 0.019896 
rss_in_gb: 0.335991 
cycles: 317177.700000 
avg_ept_walk_per_miss: 50.798287 
ept_cycles_per_execution_cycles: 0.016833 
rss_in_gb: 0.335991 
cycles: 456105.600000 
avg_ept_walk_per_miss: 43.991266 
ept_cycles_per_execution_cycles: 0.013252 
rss_in_gb: 0.335991 
cycles: 517910.500000 
avg_ept_walk_per_miss: 41.190268 
ept_cycles_per_execution_cycles: 0.012749 
rss_in_gb: 0.335991 
cycles: 597242.400000 
avg_ept_walk_per_miss: 39.548440 
ept_cycles_per_execution_cycles: 0.012098 
rss_in_gb: 0.335991 
cycles: 628648.000000 
avg_ept_walk_per_miss: 40.991379 
ept_cycles_per_execution_cycles: 0.012102 
rss_in_gb: 0.335991 
cycles: 641134.000000 
avg_ept_walk_per_miss: 42.626216 
ept_cycles_per_execution_cycles: 0.012985 
rss_in_gb: 0.335991 
cycles: 552145.200000 
avg_ept_walk_per_miss: 43.872892 
ept_cycles_per_execution_cycles: 0.013190 
rss_in_gb: 0.335991 
cycles: 518322.200000 
avg_ept_walk_per_miss: 45.922652 
ept_cycles_per_execution_cycles: 0.012829 
rss_in_gb: 0.335991 
cycles: 481043.700000 
avg_ept_walk_per_miss: 47.521472 
ept_cycles_per_execution_cycles: 0.012882 
rss_in_gb: 0.335991 
cycles: 448116.000000 
avg_ept_walk_per_miss: 48.393522 
ept_cycles_per_execution_cycles: 0.013337 
rss_in_gb: 0.335991 
cycles: 366844.800000 
avg_ept_walk_per_miss: 50.815543 
ept_cycles_per_execution_cycles: 0.014794 
rss_in_gb: 0.335991 
cycles: 227517.100000 
avg_ept_walk_per_miss: 61.538889 
ept_cycles_per_execution_cycles: 0.019475 
rss_in_gb: 0.335991 
cycles: 166392.400000 
avg_ept_walk_per_miss: 79.186475 
ept_cycles_per_execution_cycles: 0.023224 
rss_in_gb: 0.335991 
cycles: 90283.500000 
avg_ept_walk_per_miss: 127.084291 
ept_cycles_per_execution_cycles: 0.036739 
rss_in_gb: 0.335991 
cycles: 60750.700000 
avg_ept_walk_per_miss: 124.796078 
ept_cycles_per_execution_cycles: 0.052383 
rss_in_gb: 0.335991 
cycles: 52587.100000 
avg_ept_walk_per_miss: 121.808581 
ept_cycles_per_execution_cycles: 0.070185 
rss_in_gb: 0.335991 
cycles: 48504.500000 
avg_ept_walk_per_miss: 130.059055 
ept_cycles_per_execution_cycles: 0.068107 
rss_in_gb: 0.335991 
cycles: 48388.500000 
avg_ept_walk_per_miss: 130.055762 
ept_cycles_per_execution_cycles: 0.072300 
rss_in_gb: 0.335991 
cycles: 45705.900000 
avg_ept_walk_per_miss: 127.095941 
ept_cycles_per_execution_cycles: 0.075358 
rss_in_gb: 0.335991 
cycles: 46098.900000 
avg_ept_walk_per_miss: 127.480427 
ept_cycles_per_execution_cycles: 0.077707 
rss_in_gb: 0.335991 
cycles: 45852.700000 
avg_ept_walk_per_miss: 119.406349 
ept_cycles_per_execution_cycles: 0.082030 
rss_in_gb: 0.335991 
cycles: 43350.800000 
avg_ept_walk_per_miss: 122.447020 
ept_cycles_per_execution_cycles: 0.085302 
rss_in_gb: 0.335991 
cycles: 43282.800000 
avg_ept_walk_per_miss: 122.416129 
ept_cycles_per_execution_cycles: 0.087677 
rss_in_gb: 0.335991 
cycles: 40690.200000 
avg_ept_walk_per_miss: 119.911392 
ept_cycles_per_execution_cycles: 0.093123 
rss_in_gb: 0.335991 
cycles: 40455.600000 
avg_ept_walk_per_miss: 121.459732 
ept_cycles_per_execution_cycles: 0.089468 
rss_in_gb: 0.335991 
cycles: 38973.600000 
avg_ept_walk_per_miss: 123.763780 
ept_cycles_per_execution_cycles: 0.080660 
rss_in_gb: 0.335991 
cycles: 37557.000000 
avg_ept_walk_per_miss: 123.912351 
ept_cycles_per_execution_cycles: 0.082813 
rss_in_gb: 0.335991 
cycles: 36112.400000 
avg_ept_walk_per_miss: 122.971074 
ept_cycles_per_execution_cycles: 0.082407 
rss_in_gb: 0.335991 
cycles: 36910.300000 
avg_ept_walk_per_miss: 123.784553 
ept_cycles_per_execution_cycles: 0.082500 
rss_in_gb: 0.335991 
cycles: 35502.300000 
avg_ept_walk_per_miss: 121.360324 
ept_cycles_per_execution_cycles: 0.084434 
rss_in_gb: 0.335991 
cycles: 35223.100000 
avg_ept_walk_per_miss: 125.405063 
ept_cycles_per_execution_cycles: 0.084379 
rss_in_gb: 0.335991 
cycles: 34518.800000 
avg_ept_walk_per_miss: 125.156118 
ept_cycles_per_execution_cycles: 0.085930 
rss_in_gb: 0.335991 
cycles: 34463.800000 
avg_ept_walk_per_miss: 124.461207 
ept_cycles_per_execution_cycles: 0.083784 
rss_in_gb: 0.335991 
cycles: 34467.200000 
avg_ept_walk_per_miss: 123.649351 
ept_cycles_per_execution_cycles: 0.082870 
rss_in_gb: 0.335991 
cycles: 33930.400000 
avg_ept_walk_per_miss: 123.502165 
ept_cycles_per_execution_cycles: 0.084081 
rss_in_gb: 0.335991 
cycles: 31892.700000 
avg_ept_walk_per_miss: 149.897959 
ept_cycles_per_execution_cycles: 0.069091 
rss_in_gb: 0.335991 
cycles: 32484.800000 
avg_ept_walk_per_miss: 151.007042 
ept_cycles_per_execution_cycles: 0.066009 
rss_in_gb: 0.335991 
cycles: 32021.200000 
avg_ept_walk_per_miss: 149.359712 
ept_cycles_per_execution_cycles: 0.064835 
rss_in_gb: 0.335991 
cycles: 32111.700000 
avg_ept_walk_per_miss: 148.121429 
ept_cycles_per_execution_cycles: 0.064578 
rss_in_gb: 0.335991 
cycles: 30894.700000 
avg_ept_walk_per_miss: 148.837209 
ept_cycles_per_execution_cycles: 0.062147 
rss_in_gb: 0.335991 
cycles: 30568.200000 
avg_ept_walk_per_miss: 156.773913 
ept_cycles_per_execution_cycles: 0.058980 
rss_in_gb: 0.335991 
cycles: 30214.300000 
avg_ept_walk_per_miss: 161.333333 
ept_cycles_per_execution_cycles: 0.056066 
rss_in_gb: 0.335991 
cycles: 29761.900000 
avg_ept_walk_per_miss: 164.010000 
ept_cycles_per_execution_cycles: 0.055107 
rss_in_gb: 0.335991 
cycles: 29947.700000 
avg_ept_walk_per_miss: 166.364583 
ept_cycles_per_execution_cycles: 0.053330 
rss_in_gb: 0.335991 
cycles: 29733.600000 
avg_ept_walk_per_miss: 163.500000 
ept_cycles_per_execution_cycles: 0.056088 
rss_in_gb: 0.335991 
cycles: 30786.500000 
avg_ept_walk_per_miss: 134.132075 
ept_cycles_per_execution_cycles: 0.069274 
rss_in_gb: 0.335991 
cycles: 30521.100000 
avg_ept_walk_per_miss: 132.914634 
ept_cycles_per_execution_cycles: 0.071419 
rss_in_gb: 0.335991 
cycles: 30545.700000 
avg_ept_walk_per_miss: 131.682635 
ept_cycles_per_execution_cycles: 0.071994 
rss_in_gb: 0.335991 
cycles: 30922.100000 
avg_ept_walk_per_miss: 134.678571 
ept_cycles_per_execution_cycles: 0.073171 
rss_in_gb: 0.335991 
cycles: 31032.800000 
avg_ept_walk_per_miss: 133.404624 
ept_cycles_per_execution_cycles: 0.074370 
rss_in_gb: 0.335991 
cycles: 31142.400000 
avg_ept_walk_per_miss: 128.054348 
ept_cycles_per_execution_cycles: 0.075659 
rss_in_gb: 0.335991 
cycles: 31167.400000 
avg_ept_walk_per_miss: 127.370370 
ept_cycles_per_execution_cycles: 0.077238 
rss_in_gb: 0.335991 
cycles: 31146.100000 
avg_ept_walk_per_miss: 126.628272 
ept_cycles_per_execution_cycles: 0.077653 
rss_in_gb: 0.335991 
cycles: 31162.200000 
avg_ept_walk_per_miss: 126.625000 
ept_cycles_per_execution_cycles: 0.078018 
rss_in_gb: 0.335991 
cycles: 30871.900000 
avg_ept_walk_per_miss: 126.081967 
ept_cycles_per_execution_cycles: 0.074738 
rss_in_gb: 0.335991 
cycles: 30129.300000 
avg_ept_walk_per_miss: 141.783582 
ept_cycles_per_execution_cycles: 0.063058 
rss_in_gb: 0.335991 
cycles: 29939.500000 
avg_ept_walk_per_miss: 141.322835 
ept_cycles_per_execution_cycles: 0.059948 
rss_in_gb: 0.335991 
cycles: 29801.500000 
avg_ept_walk_per_miss: 142.710744 
ept_cycles_per_execution_cycles: 0.057943 
rss_in_gb: 0.335991 
cycles: 29573.500000 
avg_ept_walk_per_miss: 142.567797 
ept_cycles_per_execution_cycles: 0.056885 
rss_in_gb: 0.335991 
cycles: 29412.300000 
avg_ept_walk_per_miss: 144.205357 
ept_cycles_per_execution_cycles: 0.054912 
rss_in_gb: 0.335991 
cycles: 29395.300000 
avg_ept_walk_per_miss: 148.714286 
ept_cycles_per_execution_cycles: 0.053121 
rss_in_gb: 0.335991 
cycles: 29320.600000 
avg_ept_walk_per_miss: 147.277228 
ept_cycles_per_execution_cycles: 0.050732 
rss_in_gb: 0.335991 
cycles: 29302.800000 
avg_ept_walk_per_miss: 147.140000 
ept_cycles_per_execution_cycles: 0.050214 
rss_in_gb: 0.335991 
cycles: 29429.400000 
avg_ept_walk_per_miss: 151.841584 
ept_cycles_per_execution_cycles: 0.052111 
rss_in_gb: 0.335991 
cycles: 29725.600000 
avg_ept_walk_per_miss: 156.500000 
ept_cycles_per_execution_cycles: 0.055807 
rss_in_gb: 0.335991 
cycles: 30787.800000 
avg_ept_walk_per_miss: 125.931429 
ept_cycles_per_execution_cycles: 0.071580 
rss_in_gb: 0.335991 
cycles: 30974.200000 
avg_ept_walk_per_miss: 129.284153 
ept_cycles_per_execution_cycles: 0.076383 
rss_in_gb: 0.335991 
cycles: 30984.700000 
avg_ept_walk_per_miss: 129.090909 
ept_cycles_per_execution_cycles: 0.077909 
rss_in_gb: 0.335991 
cycles: 31312.200000 
avg_ept_walk_per_miss: 129.583333 
ept_cycles_per_execution_cycles: 0.079458 
rss_in_gb: 0.335991 
cycles: 31441.200000 
avg_ept_walk_per_miss: 130.415385 
ept_cycles_per_execution_cycles: 0.080884 
rss_in_gb: 0.335991 
cycles: 31785.400000 
avg_ept_walk_per_miss: 123.112676 
ept_cycles_per_execution_cycles: 0.082500 
rss_in_gb: 0.335991 
cycles: 31772.000000 
avg_ept_walk_per_miss: 122.688679 
ept_cycles_per_execution_cycles: 0.081865 
rss_in_gb: 0.335991 
cycles: 31910.700000 
avg_ept_walk_per_miss: 123.362791 
ept_cycles_per_execution_cycles: 0.083116 
rss_in_gb: 0.335991 
cycles: 31768.900000 
avg_ept_walk_per_miss: 120.877934 
ept_cycles_per_execution_cycles: 0.081045 
rss_in_gb: 0.335991 
cycles: 31472.700000 
avg_ept_walk_per_miss: 117.932367 
ept_cycles_per_execution_cycles: 0.077566 
rss_in_gb: 0.335991 
cycles: 30827.700000 
avg_ept_walk_per_miss: 132.513333 
ept_cycles_per_execution_cycles: 0.064478 
rss_in_gb: 0.335991 
cycles: 30824.300000 
avg_ept_walk_per_miss: 131.696552 
ept_cycles_per_execution_cycles: 0.061951 
rss_in_gb: 0.335991 
cycles: 30838.500000 
avg_ept_walk_per_miss: 132.671429 
ept_cycles_per_execution_cycles: 0.060230 
rss_in_gb: 0.335991 
cycles: 30370.800000 
avg_ept_walk_per_miss: 130.901515 
ept_cycles_per_execution_cycles: 0.056893 
rss_in_gb: 0.335991 
cycles: 30582.900000 
avg_ept_walk_per_miss: 130.854962 
ept_cycles_per_execution_cycles: 0.056051 
rss_in_gb: 0.335991 
cycles: 29966.000000 
avg_ept_walk_per_miss: 146.320755 
ept_cycles_per_execution_cycles: 0.051759 
rss_in_gb: 0.335991 
cycles: 30266.000000 
avg_ept_walk_per_miss: 146.953271 
ept_cycles_per_execution_cycles: 0.051953 
rss_in_gb: 0.335991 
cycles: 29735.000000 
avg_ept_walk_per_miss: 145.950495 
ept_cycles_per_execution_cycles: 0.049575 
rss_in_gb: 0.335991 
cycles: 29958.500000 
avg_ept_walk_per_miss: 145.057692 
ept_cycles_per_execution_cycles: 0.050356 
rss_in_gb: 0.335991 
cycles: 30426.800000 
avg_ept_walk_per_miss: 148.564103 
ept_cycles_per_execution_cycles: 0.057127 
rss_in_gb: 0.335991 
cycles: 30617.300000 
avg_ept_walk_per_miss: 126.384615 
ept_cycles_per_execution_cycles: 0.069761 
rss_in_gb: 0.335991 
cycles: 31175.300000 
avg_ept_walk_per_miss: 130.814607 
ept_cycles_per_execution_cycles: 0.074691 
rss_in_gb: 0.335991 
cycles: 31116.100000 
avg_ept_walk_per_miss: 132.256831 
ept_cycles_per_execution_cycles: 0.077783 
rss_in_gb: 0.335991 
cycles: 31294.500000 
avg_ept_walk_per_miss: 131.131579 
ept_cycles_per_execution_cycles: 0.079615 
rss_in_gb: 0.335991 
cycles: 31491.700000 
avg_ept_walk_per_miss: 131.576531 
ept_cycles_per_execution_cycles: 0.081891 
rss_in_gb: 0.335991 
cycles: 31742.500000 
avg_ept_walk_per_miss: 125.050691 
ept_cycles_per_execution_cycles: 0.085488 
rss_in_gb: 0.335991 
cycles: 32003.700000 
avg_ept_walk_per_miss: 127.450450 
ept_cycles_per_execution_cycles: 0.088409 
rss_in_gb: 0.335991 
cycles: 32107.500000 
avg_ept_walk_per_miss: 127.515556 
ept_cycles_per_execution_cycles: 0.089359 
rss_in_gb: 0.335991 
cycles: 32011.600000 
avg_ept_walk_per_miss: 129.291480 
ept_cycles_per_execution_cycles: 0.090067 
rss_in_gb: 0.335991 
cycles: 31972.800000 
avg_ept_walk_per_miss: 127.103774 
ept_cycles_per_execution_cycles: 0.084278 
rss_in_gb: 0.335991 
cycles: 31201.500000 
avg_ept_walk_per_miss: 147.572368 
ept_cycles_per_execution_cycles: 0.071891 
rss_in_gb: 0.335991 
cycles: 30905.100000 
avg_ept_walk_per_miss: 142.971631 
ept_cycles_per_execution_cycles: 0.065229 
rss_in_gb: 0.335991 
cycles: 30689.900000 
avg_ept_walk_per_miss: 140.000000 
ept_cycles_per_execution_cycles: 0.062952 
rss_in_gb: 0.335991 
cycles: 30546.600000 
avg_ept_walk_per_miss: 142.618321 
ept_cycles_per_execution_cycles: 0.061162 
rss_in_gb: 0.335991 
cycles: 30716.500000 
avg_ept_walk_per_miss: 140.992188 
ept_cycles_per_execution_cycles: 0.058753 
rss_in_gb: 0.335991 
cycles: 29947.200000 
avg_ept_walk_per_miss: 157.112150 
ept_cycles_per_execution_cycles: 0.056135 
rss_in_gb: 0.335991 
cycles: 30104.200000 
avg_ept_walk_per_miss: 155.281553 
ept_cycles_per_execution_cycles: 0.053129 
rss_in_gb: 0.335991 
cycles: 30178.200000 
avg_ept_walk_per_miss: 157.250000 
ept_cycles_per_execution_cycles: 0.054191 
rss_in_gb: 0.335991 
cycles: 29790.400000 
avg_ept_walk_per_miss: 153.528846 
ept_cycles_per_execution_cycles: 0.053598 
rss_in_gb: 0.335991 
cycles: 30548.100000 
avg_ept_walk_per_miss: 150.070866 
ept_cycles_per_execution_cycles: 0.062390 
rss_in_gb: 0.335991 
cycles: 30331.100000 
avg_ept_walk_per_miss: 132.400000 
ept_cycles_per_execution_cycles: 0.074208 
rss_in_gb: 0.335991 
cycles: 30775.900000 
avg_ept_walk_per_miss: 132.305556 
ept_cycles_per_execution_cycles: 0.077382 
rss_in_gb: 0.335991 
cycles: 30959.500000 
avg_ept_walk_per_miss: 131.516304 
ept_cycles_per_execution_cycles: 0.078163 
rss_in_gb: 0.335991 
cycles: 30772.900000 
avg_ept_walk_per_miss: 132.111702 
ept_cycles_per_execution_cycles: 0.080711 
rss_in_gb: 0.335991 
cycles: 30850.900000 
avg_ept_walk_per_miss: 136.962766 
ept_cycles_per_execution_cycles: 0.083463 
rss_in_gb: 0.335991 
cycles: 30901.500000 
avg_ept_walk_per_miss: 133.656410 
ept_cycles_per_execution_cycles: 0.084342 
rss_in_gb: 0.335991 
cycles: 31392.500000 
avg_ept_walk_per_miss: 128.800000 
ept_cycles_per_execution_cycles: 0.092315 
rss_in_gb: 0.335991 
cycles: 31365.300000 
avg_ept_walk_per_miss: 126.575758 
ept_cycles_per_execution_cycles: 0.093221 
rss_in_gb: 0.335991 
cycles: 31591.500000 
avg_ept_walk_per_miss: 126.135802 
ept_cycles_per_execution_cycles: 0.097023 
rss_in_gb: 0.335991 
cycles: 31319.200000 
avg_ept_walk_per_miss: 127.100000 
ept_cycles_per_execution_cycles: 0.093339 
rss_in_gb: 0.335991 
cycles: 31555.300000 
avg_ept_walk_per_miss: 126.482906 
ept_cycles_per_execution_cycles: 0.093794 
rss_in_gb: 0.335991 
cycles: 31448.400000 
avg_ept_walk_per_miss: 126.135965 
ept_cycles_per_execution_cycles: 0.091448 
rss_in_gb: 0.335991 
cycles: 31280.900000 
avg_ept_walk_per_miss: 127.421525 
ept_cycles_per_execution_cycles: 0.090838 
rss_in_gb: 0.335991 
cycles: 31107.600000 
avg_ept_walk_per_miss: 125.545455 
ept_cycles_per_execution_cycles: 0.088789 
rss_in_gb: 0.335991 
cycles: 31131.400000 
avg_ept_walk_per_miss: 123.144796 
ept_cycles_per_execution_cycles: 0.087420 
rss_in_gb: 0.335991 
cycles: 31113.600000 
avg_ept_walk_per_miss: 121.534783 
ept_cycles_per_execution_cycles: 0.089842 
rss_in_gb: 0.335991 
cycles: 30692.300000 
avg_ept_walk_per_miss: 125.705882 
ept_cycles_per_execution_cycles: 0.083552 
rss_in_gb: 0.335991 
cycles: 30655.800000 
avg_ept_walk_per_miss: 127.030612 
ept_cycles_per_execution_cycles: 0.081218 
rss_in_gb: 0.335991 
cycles: 30391.700000 
avg_ept_walk_per_miss: 127.464865 
ept_cycles_per_execution_cycles: 0.077590 
rss_in_gb: 0.335991 
cycles: 30544.400000 
avg_ept_walk_per_miss: 123.279188 
ept_cycles_per_execution_cycles: 0.079510 
rss_in_gb: 0.335991 
cycles: 30188.300000 
avg_ept_walk_per_miss: 115.771144 
ept_cycles_per_execution_cycles: 0.077083 
rss_in_gb: 0.335991 
cycles: 30287.400000 
avg_ept_walk_per_miss: 115.533981 
ept_cycles_per_execution_cycles: 0.078581 
rss_in_gb: 0.335991 
cycles: 30519.700000 
avg_ept_walk_per_miss: 116.630332 
ept_cycles_per_execution_cycles: 0.080633 
rss_in_gb: 0.335991 
cycles: 30590.000000 
avg_ept_walk_per_miss: 116.148837 
ept_cycles_per_execution_cycles: 0.081635 
rss_in_gb: 0.335991 
cycles: 30814.700000 
avg_ept_walk_per_miss: 111.995833 
ept_cycles_per_execution_cycles: 0.087228 
rss_in_gb: 0.335991 
cycles: 31087.400000 
avg_ept_walk_per_miss: 102.549153 
ept_cycles_per_execution_cycles: 0.097313 
rss_in_gb: 0.335991 
cycles: 31201.500000 
avg_ept_walk_per_miss: 103.324503 
ept_cycles_per_execution_cycles: 0.100008 
rss_in_gb: 0.335991 
cycles: 31266.600000 
avg_ept_walk_per_miss: 104.415033 
ept_cycles_per_execution_cycles: 0.102189 
rss_in_gb: 0.335991 
cycles: 31336.300000 
avg_ept_walk_per_miss: 104.396104 
ept_cycles_per_execution_cycles: 0.102609 
rss_in_gb: 0.335991 
cycles: 31031.000000 
avg_ept_walk_per_miss: 104.993031 
ept_cycles_per_execution_cycles: 0.097106 
rss_in_gb: 0.335991 
cycles: 30828.900000 
avg_ept_walk_per_miss: 111.946281 
ept_cycles_per_execution_cycles: 0.087875 
rss_in_gb: 0.335991 
cycles: 30661.500000 
avg_ept_walk_per_miss: 113.116883 
ept_cycles_per_execution_cycles: 0.085221 
rss_in_gb: 0.335991 
cycles: 30363.600000 
avg_ept_walk_per_miss: 111.300885 
ept_cycles_per_execution_cycles: 0.082843 
rss_in_gb: 0.335991 
cycles: 30210.900000 
avg_ept_walk_per_miss: 112.672727 
ept_cycles_per_execution_cycles: 0.082050 
rss_in_gb: 0.335991 
cycles: 30462.500000 
avg_ept_walk_per_miss: 114.591346 
ept_cycles_per_execution_cycles: 0.078244 
rss_in_gb: 0.335991 
cycles: 29259.000000 
avg_ept_walk_per_miss: 146.016949 
ept_cycles_per_execution_cycles: 0.058888 
rss_in_gb: 0.335991 
cycles: 28973.100000 
avg_ept_walk_per_miss: 147.092593 
ept_cycles_per_execution_cycles: 0.054830 
rss_in_gb: 0.335991 
cycles: 28825.800000 
avg_ept_walk_per_miss: 147.640777 
ept_cycles_per_execution_cycles: 0.052755 
rss_in_gb: 0.335991 
cycles: 28554.100000 
avg_ept_walk_per_miss: 147.989691 
ept_cycles_per_execution_cycles: 0.050273 
rss_in_gb: 0.335991 
cycles: 29780.800000 
avg_ept_walk_per_miss: 129.832168 
ept_cycles_per_execution_cycles: 0.062342 
rss_in_gb: 0.335991 
cycles: 29445.800000 
avg_ept_walk_per_miss: 107.925373 
ept_cycles_per_execution_cycles: 0.073671 
rss_in_gb: 0.335991 
cycles: 29598.200000 
avg_ept_walk_per_miss: 108.115207 
ept_cycles_per_execution_cycles: 0.079265 
rss_in_gb: 0.335991 
cycles: 30048.600000 
avg_ept_walk_per_miss: 105.520325 
ept_cycles_per_execution_cycles: 0.086387 
rss_in_gb: 0.335991 
cycles: 30187.600000 
avg_ept_walk_per_miss: 104.869231 
ept_cycles_per_execution_cycles: 0.090322 
rss_in_gb: 0.335991 
cycles: 30576.300000 
avg_ept_walk_per_miss: 105.843066 
ept_cycles_per_execution_cycles: 0.094848 
rss_in_gb: 0.335991 
cycles: 30901.200000 
avg_ept_walk_per_miss: 99.054381 
ept_cycles_per_execution_cycles: 0.106103 
rss_in_gb: 0.335991 
cycles: 31242.000000 
avg_ept_walk_per_miss: 100.582353 
ept_cycles_per_execution_cycles: 0.109462 
rss_in_gb: 0.335991 
cycles: 31715.700000 
avg_ept_walk_per_miss: 101.086957 
ept_cycles_per_execution_cycles: 0.109961 
rss_in_gb: 0.335991 
cycles: 31961.600000 
avg_ept_walk_per_miss: 102.580000 
ept_cycles_per_execution_cycles: 0.112332 
rss_in_gb: 0.335991 
cycles: 31350.000000 
avg_ept_walk_per_miss: 101.049133 
ept_cycles_per_execution_cycles: 0.111525 
rss_in_gb: 0.335991 
cycles: 31248.600000 
avg_ept_walk_per_miss: 101.349398 
ept_cycles_per_execution_cycles: 0.107678 
rss_in_gb: 0.335991 
cycles: 31309.500000 
avg_ept_walk_per_miss: 100.826347 
ept_cycles_per_execution_cycles: 0.107558 
rss_in_gb: 0.335991 
cycles: 31680.400000 
avg_ept_walk_per_miss: 103.530159 
ept_cycles_per_execution_cycles: 0.102941 
rss_in_gb: 0.335991 
cycles: 31260.000000 
avg_ept_walk_per_miss: 102.409836 
ept_cycles_per_execution_cycles: 0.099920 
rss_in_gb: 0.335991 
cycles: 30907.400000 
avg_ept_walk_per_miss: 101.418060 
ept_cycles_per_execution_cycles: 0.098112 
rss_in_gb: 0.335991 
cycles: 30802.400000 
avg_ept_walk_per_miss: 106.840304 
ept_cycles_per_execution_cycles: 0.091223 
rss_in_gb: 0.335991 
cycles: 30570.300000 
avg_ept_walk_per_miss: 104.826772 
ept_cycles_per_execution_cycles: 0.087098 
rss_in_gb: 0.335991 
cycles: 30970.200000 
avg_ept_walk_per_miss: 106.564202 
ept_cycles_per_execution_cycles: 0.088430 
rss_in_gb: 0.335991 
cycles: 30818.100000 
avg_ept_walk_per_miss: 106.369811 
ept_cycles_per_execution_cycles: 0.091466 
rss_in_gb: 0.335991 
cycles: 33476.300000 
avg_ept_walk_per_miss: 99.314199 
ept_cycles_per_execution_cycles: 0.098198 
rss_in_gb: 0.335991 
cycles: 30929.400000 
avg_ept_walk_per_miss: 114.508197 
ept_cycles_per_execution_cycles: 0.090335 
rss_in_gb: 0.335991 
cycles: 30973.500000 
avg_ept_walk_per_miss: 115.991525 
ept_cycles_per_execution_cycles: 0.088379 
rss_in_gb: 0.335991 
cycles: 31391.700000 
avg_ept_walk_per_miss: 113.130268 
ept_cycles_per_execution_cycles: 0.094060 
rss_in_gb: 0.335991 
cycles: 31907.500000 
avg_ept_walk_per_miss: 115.278810 
ept_cycles_per_execution_cycles: 0.097187 
rss_in_gb: 0.335991 
cycles: 34100.100000 
avg_ept_walk_per_miss: 106.632836 
ept_cycles_per_execution_cycles: 0.104756 
rss_in_gb: 0.335991 
cycles: 31743.300000 
avg_ept_walk_per_miss: 111.171053 
ept_cycles_per_execution_cycles: 0.106467 
rss_in_gb: 0.335991 
cycles: 32057.000000 
avg_ept_walk_per_miss: 112.968553 
ept_cycles_per_execution_cycles: 0.112063 
rss_in_gb: 0.335991 
cycles: 31985.300000 
avg_ept_walk_per_miss: 112.031546 
ept_cycles_per_execution_cycles: 0.111032 
rss_in_gb: 0.335991 
cycles: 32311.500000 
avg_ept_walk_per_miss: 111.990566 
ept_cycles_per_execution_cycles: 0.110218 
rss_in_gb: 0.335991 
cycles: 31614.000000 
avg_ept_walk_per_miss: 113.858621 
ept_cycles_per_execution_cycles: 0.104444 
rss_in_gb: 0.335991 
cycles: 31684.600000 
avg_ept_walk_per_miss: 114.214533 
ept_cycles_per_execution_cycles: 0.104177 
rss_in_gb: 0.335991 
cycles: 31684.500000 
avg_ept_walk_per_miss: 113.294118 
ept_cycles_per_execution_cycles: 0.103338 
rss_in_gb: 0.335991 
cycles: 31222.500000 
avg_ept_walk_per_miss: 115.505792 
ept_cycles_per_execution_cycles: 0.095816 
rss_in_gb: 0.335991 
cycles: 31352.500000 
avg_ept_walk_per_miss: 114.208661 
ept_cycles_per_execution_cycles: 0.092525 
rss_in_gb: 0.335991 
cycles: 30490.100000 
avg_ept_walk_per_miss: 119.895735 
ept_cycles_per_execution_cycles: 0.082971 
rss_in_gb: 0.335991 
cycles: 31194.100000 
avg_ept_walk_per_miss: 116.894958 
ept_cycles_per_execution_cycles: 0.089187 
rss_in_gb: 0.335991 
cycles: 31025.500000 
avg_ept_walk_per_miss: 109.761194 
ept_cycles_per_execution_cycles: 0.094812 
rss_in_gb: 0.335991 
cycles: 31227.700000 
avg_ept_walk_per_miss: 110.481884 
ept_cycles_per_execution_cycles: 0.097647 
rss_in_gb: 0.335991 
cycles: 32050.000000 
avg_ept_walk_per_miss: 111.472973 
ept_cycles_per_execution_cycles: 0.102952 
rss_in_gb: 0.335991 
cycles: 31815.500000 
avg_ept_walk_per_miss: 108.872611 
ept_cycles_per_execution_cycles: 0.107451 
rss_in_gb: 0.335991 
cycles: 32232.100000 
avg_ept_walk_per_miss: 110.807571 
ept_cycles_per_execution_cycles: 0.108978 
rss_in_gb: 0.335991 
cycles: 31952.300000 
avg_ept_walk_per_miss: 107.800000 
ept_cycles_per_execution_cycles: 0.113022 
rss_in_gb: 0.335991 
cycles: 32206.800000 
avg_ept_walk_per_miss: 107.841954 
ept_cycles_per_execution_cycles: 0.116525 
rss_in_gb: 0.335991 
cycles: 32427.700000 
avg_ept_walk_per_miss: 108.190476 
ept_cycles_per_execution_cycles: 0.119108 
rss_in_gb: 0.335991 
cycles: 32842.300000 
avg_ept_walk_per_miss: 105.010127 
ept_cycles_per_execution_cycles: 0.126297 
rss_in_gb: 0.335991 
cycles: 32613.400000 
avg_ept_walk_per_miss: 106.342391 
ept_cycles_per_execution_cycles: 0.119994 
rss_in_gb: 0.335991 
cycles: 32250.900000 
avg_ept_walk_per_miss: 110.456456 
ept_cycles_per_execution_cycles: 0.114050 
rss_in_gb: 0.335991 
cycles: 32049.600000 
avg_ept_walk_per_miss: 109.621118 
ept_cycles_per_execution_cycles: 0.110136 
rss_in_gb: 0.335991 
cycles: 31886.600000 
avg_ept_walk_per_miss: 110.327703 
ept_cycles_per_execution_cycles: 0.102416 
rss_in_gb: 0.335991 
cycles: 31225.200000 
avg_ept_walk_per_miss: 118.063745 
ept_cycles_per_execution_cycles: 0.094904 
rss_in_gb: 0.335991 
cycles: 31571.300000 
avg_ept_walk_per_miss: 116.586345 
ept_cycles_per_execution_cycles: 0.091951 
rss_in_gb: 0.335991 
cycles: 30925.300000 
avg_ept_walk_per_miss: 120.553571 
ept_cycles_per_execution_cycles: 0.087320 
rss_in_gb: 0.335991 
cycles: 30896.400000 
avg_ept_walk_per_miss: 122.023923 
ept_cycles_per_execution_cycles: 0.082544 
rss_in_gb: 0.335991 
cycles: 30974.600000 
avg_ept_walk_per_miss: 127.638191 
ept_cycles_per_execution_cycles: 0.082003 
rss_in_gb: 0.335991 
cycles: 30859.100000 
avg_ept_walk_per_miss: 144.024242 
ept_cycles_per_execution_cycles: 0.077008 
rss_in_gb: 0.335991 
cycles: 31139.800000 
avg_ept_walk_per_miss: 144.763636 
ept_cycles_per_execution_cycles: 0.076706 
rss_in_gb: 0.335991 
cycles: 30654.600000 
avg_ept_walk_per_miss: 142.935897 
ept_cycles_per_execution_cycles: 0.072739 
rss_in_gb: 0.335991 
cycles: 30957.700000 
avg_ept_walk_per_miss: 143.439490 
ept_cycles_per_execution_cycles: 0.072744 
rss_in_gb: 0.335991 
cycles: 30908.300000 
avg_ept_walk_per_miss: 135.392045 
ept_cycles_per_execution_cycles: 0.077096 
rss_in_gb: 0.335991 
cycles: 31105.900000 
avg_ept_walk_per_miss: 124.114286 
ept_cycles_per_execution_cycles: 0.083791 
rss_in_gb: 0.335991 
cycles: 31090.100000 
avg_ept_walk_per_miss: 124.441860 
ept_cycles_per_execution_cycles: 0.086056 
rss_in_gb: 0.335991 
cycles: 31562.000000 
avg_ept_walk_per_miss: 119.637860 
ept_cycles_per_execution_cycles: 0.092111 
rss_in_gb: 0.335991 
cycles: 31900.900000 
avg_ept_walk_per_miss: 119.804688 
ept_cycles_per_execution_cycles: 0.096141 
rss_in_gb: 0.335991 
cycles: 31900.000000 
avg_ept_walk_per_miss: 116.835878 
ept_cycles_per_execution_cycles: 0.095959 
rss_in_gb: 0.335991 
cycles: 31638.200000 
avg_ept_walk_per_miss: 107.701031 
ept_cycles_per_execution_cycles: 0.099061 
rss_in_gb: 0.335991 
cycles: 31676.800000 
avg_ept_walk_per_miss: 108.763699 
ept_cycles_per_execution_cycles: 0.100259 
rss_in_gb: 0.335991 
cycles: 31796.400000 
avg_ept_walk_per_miss: 109.148649 
ept_cycles_per_execution_cycles: 0.101609 
rss_in_gb: 0.335991 
cycles: 31759.400000 
avg_ept_walk_per_miss: 108.569966 
ept_cycles_per_execution_cycles: 0.100162 
rss_in_gb: 0.335991 
cycles: 31328.200000 
avg_ept_walk_per_miss: 109.651685 
ept_cycles_per_execution_cycles: 0.093453 
rss_in_gb: 0.335991 
cycles: 31701.800000 
avg_ept_walk_per_miss: 118.676856 
ept_cycles_per_execution_cycles: 0.085727 
rss_in_gb: 0.335991 
cycles: 31233.500000 
avg_ept_walk_per_miss: 117.140909 
ept_cycles_per_execution_cycles: 0.082511 
rss_in_gb: 0.335991 
cycles: 30797.400000 
avg_ept_walk_per_miss: 121.778947 
ept_cycles_per_execution_cycles: 0.075130 
rss_in_gb: 0.335991 
cycles: 30981.200000 
avg_ept_walk_per_miss: 124.010929 
ept_cycles_per_execution_cycles: 0.073251 
rss_in_gb: 0.335991 
cycles: 30470.700000 
avg_ept_walk_per_miss: 123.148571 
ept_cycles_per_execution_cycles: 0.070727 
rss_in_gb: 0.335991 
cycles: 30725.200000 
avg_ept_walk_per_miss: 144.571429 
ept_cycles_per_execution_cycles: 0.062581 
rss_in_gb: 0.335991 
cycles: 30662.200000 
avg_ept_walk_per_miss: 141.640625 
ept_cycles_per_execution_cycles: 0.059128 
rss_in_gb: 0.335991 
cycles: 30291.600000 
avg_ept_walk_per_miss: 143.504065 
ept_cycles_per_execution_cycles: 0.058270 
rss_in_gb: 0.335991 
cycles: 30678.700000 
avg_ept_walk_per_miss: 146.122951 
ept_cycles_per_execution_cycles: 0.058109 
rss_in_gb: 0.335991 
cycles: 30804.900000 
avg_ept_walk_per_miss: 139.602740 
ept_cycles_per_execution_cycles: 0.066165 
rss_in_gb: 0.335991 
cycles: 31117.000000 
avg_ept_walk_per_miss: 122.159341 
ept_cycles_per_execution_cycles: 0.071450 
rss_in_gb: 0.335991 
cycles: 31527.700000 
avg_ept_walk_per_miss: 123.311828 
ept_cycles_per_execution_cycles: 0.072749 
rss_in_gb: 0.335991 
cycles: 31590.000000 
avg_ept_walk_per_miss: 117.577465 
ept_cycles_per_execution_cycles: 0.079278 
rss_in_gb: 0.335991 
cycles: 31891.900000 
avg_ept_walk_per_miss: 111.159184 
ept_cycles_per_execution_cycles: 0.085395 
rss_in_gb: 0.335991 
cycles: 31985.800000 
avg_ept_walk_per_miss: 110.992032 
ept_cycles_per_execution_cycles: 0.087098 
rss_in_gb: 0.335991 
cycles: 32283.300000 
avg_ept_walk_per_miss: 99.728155 
ept_cycles_per_execution_cycles: 0.095455 
rss_in_gb: 0.335991 
cycles: 32355.900000 
avg_ept_walk_per_miss: 100.393651 
ept_cycles_per_execution_cycles: 0.097738 
rss_in_gb: 0.335991 
cycles: 32388.700000 
avg_ept_walk_per_miss: 99.253125 
ept_cycles_per_execution_cycles: 0.098062 
rss_in_gb: 0.335991 
cycles: 32290.700000 
avg_ept_walk_per_miss: 98.434375 
ept_cycles_per_execution_cycles: 0.097548 
rss_in_gb: 0.335991 
cycles: 32358.900000 
avg_ept_walk_per_miss: 97.841060 
ept_cycles_per_execution_cycles: 0.091313 
rss_in_gb: 0.335991 
cycles: 31480.200000 
avg_ept_walk_per_miss: 103.203065 
ept_cycles_per_execution_cycles: 0.085565 
rss_in_gb: 0.335991 
cycles: 31462.700000 
avg_ept_walk_per_miss: 103.058140 
ept_cycles_per_execution_cycles: 0.084510 
rss_in_gb: 0.335991 
cycles: 31059.000000 
avg_ept_walk_per_miss: 105.612069 
ept_cycles_per_execution_cycles: 0.078889 
rss_in_gb: 0.335991 
cycles: 30698.400000 
avg_ept_walk_per_miss: 109.685000 
ept_cycles_per_execution_cycles: 0.071460 
rss_in_gb: 0.335991 
cycles: 30811.900000 
avg_ept_walk_per_miss: 110.062827 
ept_cycles_per_execution_cycles: 0.068227 
rss_in_gb: 0.335991 
cycles: 30685.100000 
avg_ept_walk_per_miss: 144.388889 
ept_cycles_per_execution_cycles: 0.059289 
rss_in_gb: 0.335991 
cycles: 30650.500000 
avg_ept_walk_per_miss: 145.837398 
ept_cycles_per_execution_cycles: 0.058524 
rss_in_gb: 0.335991 
cycles: 30599.400000 
avg_ept_walk_per_miss: 149.067227 
ept_cycles_per_execution_cycles: 0.057972 
rss_in_gb: 0.335991 
cycles: 30713.400000 
avg_ept_walk_per_miss: 147.404762 
ept_cycles_per_execution_cycles: 0.060472 
rss_in_gb: 0.335991 
cycles: 30979.500000 
avg_ept_walk_per_miss: 145.727273 
ept_cycles_per_execution_cycles: 0.067267 
rss_in_gb: 0.335991 
cycles: 31190.200000 
avg_ept_walk_per_miss: 123.613402 
ept_cycles_per_execution_cycles: 0.076886 
rss_in_gb: 0.335991 
cycles: 31277.500000 
avg_ept_walk_per_miss: 123.775000 
ept_cycles_per_execution_cycles: 0.079146 
rss_in_gb: 0.335991 
cycles: 31778.400000 
avg_ept_walk_per_miss: 118.658120 
ept_cycles_per_execution_cycles: 0.087374 
rss_in_gb: 0.335991 
cycles: 31965.400000 
avg_ept_walk_per_miss: 118.269388 
ept_cycles_per_execution_cycles: 0.090648 
rss_in_gb: 0.335991 
cycles: 32306.300000 
avg_ept_walk_per_miss: 119.855469 
ept_cycles_per_execution_cycles: 0.094975 
rss_in_gb: 0.335991 
cycles: 32346.000000 
avg_ept_walk_per_miss: 107.151235 
ept_cycles_per_execution_cycles: 0.107330 
rss_in_gb: 0.335991 
cycles: 32471.500000 
avg_ept_walk_per_miss: 108.039394 
ept_cycles_per_execution_cycles: 0.109798 
rss_in_gb: 0.335991 
cycles: 32575.100000 
avg_ept_walk_per_miss: 108.588060 
ept_cycles_per_execution_cycles: 0.111671 
rss_in_gb: 0.335991 
cycles: 32599.200000 
avg_ept_walk_per_miss: 109.342262 
ept_cycles_per_execution_cycles: 0.112699 
rss_in_gb: 0.335991 
cycles: 32214.100000 
avg_ept_walk_per_miss: 108.297806 
ept_cycles_per_execution_cycles: 0.107242 
rss_in_gb: 0.335991 
cycles: 32143.300000 
avg_ept_walk_per_miss: 113.833922 
ept_cycles_per_execution_cycles: 0.100223 
rss_in_gb: 0.335991 
cycles: 32581.000000 
avg_ept_walk_per_miss: 115.333333 
ept_cycles_per_execution_cycles: 0.099825 
rss_in_gb: 0.335991 
cycles: 32108.900000 
avg_ept_walk_per_miss: 115.152174 
ept_cycles_per_execution_cycles: 0.098982 
rss_in_gb: 0.335991 
cycles: 32134.700000 
avg_ept_walk_per_miss: 115.458484 
ept_cycles_per_execution_cycles: 0.099525 
rss_in_gb: 0.335991 
cycles: 32034.900000 
avg_ept_walk_per_miss: 114.086643 
ept_cycles_per_execution_cycles: 0.098649 
rss_in_gb: 0.335991 
cycles: 31906.600000 
avg_ept_walk_per_miss: 117.280303 
ept_cycles_per_execution_cycles: 0.097039 
rss_in_gb: 0.335991 
cycles: 32191.400000 
avg_ept_walk_per_miss: 116.234848 
ept_cycles_per_execution_cycles: 0.095324 
rss_in_gb: 0.335991 
cycles: 31694.800000 
avg_ept_walk_per_miss: 113.912879 
ept_cycles_per_execution_cycles: 0.094883 
rss_in_gb: 0.335991 
cycles: 31884.400000 
avg_ept_walk_per_miss: 112.919540 
ept_cycles_per_execution_cycles: 0.092434 
rss_in_gb: 0.335991 
cycles: 32439.600000 
avg_ept_walk_per_miss: 110.053156 
ept_cycles_per_execution_cycles: 0.102116 
rss_in_gb: 0.335991 
cycles: 32655.000000 
avg_ept_walk_per_miss: 102.562147 
ept_cycles_per_execution_cycles: 0.111184 
rss_in_gb: 0.335991 
cycles: 32494.300000 
avg_ept_walk_per_miss: 101.441989 
ept_cycles_per_execution_cycles: 0.113011 
rss_in_gb: 0.335991 
cycles: 32565.800000 
avg_ept_walk_per_miss: 101.565097 
ept_cycles_per_execution_cycles: 0.112587 
rss_in_gb: 0.335991 
cycles: 32864.400000 
avg_ept_walk_per_miss: 98.955381 
ept_cycles_per_execution_cycles: 0.114720 
rss_in_gb: 0.335991 
cycles: 32964.900000 
avg_ept_walk_per_miss: 98.840206 
ept_cycles_per_execution_cycles: 0.116336 
rss_in_gb: 0.335991 
cycles: 33138.600000 
avg_ept_walk_per_miss: 96.733496 
ept_cycles_per_execution_cycles: 0.119389 
rss_in_gb: 0.335991 
cycles: 33121.000000 
avg_ept_walk_per_miss: 97.019465 
ept_cycles_per_execution_cycles: 0.120392 
rss_in_gb: 0.335991 
cycles: 33777.400000 
avg_ept_walk_per_miss: 99.160584 
ept_cycles_per_execution_cycles: 0.120658 
rss_in_gb: 0.335991 
cycles: 33426.500000 
avg_ept_walk_per_miss: 99.246445 
ept_cycles_per_execution_cycles: 0.125296 
rss_in_gb: 0.335991 
cycles: 32874.900000 
avg_ept_walk_per_miss: 100.452880 
ept_cycles_per_execution_cycles: 0.116724 
rss_in_gb: 0.335991 
cycles: 32586.600000 
avg_ept_walk_per_miss: 107.401813 
ept_cycles_per_execution_cycles: 0.109094 
rss_in_gb: 0.335991 
cycles: 32587.700000 
avg_ept_walk_per_miss: 106.897516 
ept_cycles_per_execution_cycles: 0.105626 
rss_in_gb: 0.335991 
cycles: 32764.700000 
avg_ept_walk_per_miss: 110.493289 
ept_cycles_per_execution_cycles: 0.100495 
rss_in_gb: 0.335991 
cycles: 31743.300000 
avg_ept_walk_per_miss: 113.277992 
ept_cycles_per_execution_cycles: 0.092426 
rss_in_gb: 0.335991 
cycles: 32854.700000 
avg_ept_walk_per_miss: 114.744275 
ept_cycles_per_execution_cycles: 0.091503 
rss_in_gb: 0.335991 
cycles: 31255.600000 
avg_ept_walk_per_miss: 132.569061 
ept_cycles_per_execution_cycles: 0.076770 
rss_in_gb: 0.335991 
cycles: 31445.400000 
avg_ept_walk_per_miss: 133.171429 
ept_cycles_per_execution_cycles: 0.074113 
rss_in_gb: 0.335991 
cycles: 30736.200000 
avg_ept_walk_per_miss: 129.898810 
ept_cycles_per_execution_cycles: 0.071001 
rss_in_gb: 0.335991 
cycles: 30641.300000 
avg_ept_walk_per_miss: 129.112426 
ept_cycles_per_execution_cycles: 0.071211 
rss_in_gb: 0.335991 
cycles: 31672.600000 
avg_ept_walk_per_miss: 122.833333 
ept_cycles_per_execution_cycles: 0.081443 
rss_in_gb: 0.335991 
cycles: 30915.900000 
avg_ept_walk_per_miss: 116.206422 
ept_cycles_per_execution_cycles: 0.081942 
rss_in_gb: 0.335991 
cycles: 31535.200000 
avg_ept_walk_per_miss: 118.850877 
ept_cycles_per_execution_cycles: 0.085929 
rss_in_gb: 0.335991 
cycles: 31098.800000 
avg_ept_walk_per_miss: 119.056769 
ept_cycles_per_execution_cycles: 0.087669 
rss_in_gb: 0.335991 
cycles: 31605.100000 
avg_ept_walk_per_miss: 120.497908 
ept_cycles_per_execution_cycles: 0.091121 
rss_in_gb: 0.335991 
cycles: 30922.300000 
avg_ept_walk_per_miss: 120.268908 
ept_cycles_per_execution_cycles: 0.092567 
rss_in_gb: 0.335991 
cycles: 31030.200000 
avg_ept_walk_per_miss: 117.755020 
ept_cycles_per_execution_cycles: 0.094492 
rss_in_gb: 0.335991 
cycles: 31226.300000 
avg_ept_walk_per_miss: 117.968254 
ept_cycles_per_execution_cycles: 0.095202 
rss_in_gb: 0.335991 
cycles: 31260.700000 
avg_ept_walk_per_miss: 118.365079 
ept_cycles_per_execution_cycles: 0.095417 
rss_in_gb: 0.335991 
cycles: 31577.600000 
avg_ept_walk_per_miss: 119.914980 
ept_cycles_per_execution_cycles: 0.093798 
rss_in_gb: 0.335991 
cycles: 31061.200000 
avg_ept_walk_per_miss: 119.956522 
ept_cycles_per_execution_cycles: 0.088825 
rss_in_gb: 0.335991 
cycles: 22561314.700000 
avg_ept_walk_per_miss: 72.485291 
ept_cycles_per_execution_cycles: 0.016534 
rss_in_gb: 0.335991 
cycles: 49787498.600000 
avg_ept_walk_per_miss: 70.416919 
ept_cycles_per_execution_cycles: 0.010981 
rss_in_gb: 0.335991 
cycles: 63909088.300000 
avg_ept_walk_per_miss: 68.112255 
ept_cycles_per_execution_cycles: 0.008968 
rss_in_gb: 0.335991 
cycles: 63909218.400000 
avg_ept_walk_per_miss: 68.107395 
ept_cycles_per_execution_cycles: 0.008966 
rss_in_gb: 0.335991 
cycles: 63911070.800000 
avg_ept_walk_per_miss: 68.137165 
ept_cycles_per_execution_cycles: 0.008972 
rss_in_gb: 0.335991 
cycles: 63916610.400000 
avg_ept_walk_per_miss: 68.138170 
ept_cycles_per_execution_cycles: 0.008968 
rss_in_gb: 0.335991 
cycles: 63916673.100000 
avg_ept_walk_per_miss: 68.138157 
ept_cycles_per_execution_cycles: 0.008969 
rss_in_gb: 0.335991 
cycles: 63916775.300000 
avg_ept_walk_per_miss: 68.139760 
ept_cycles_per_execution_cycles: 0.008969 
rss_in_gb: 0.335991 
cycles: 63916819.500000 
avg_ept_walk_per_miss: 68.139576 
ept_cycles_per_execution_cycles: 0.008968 
rss_in_gb: 0.335991 
cycles: 63916712.700000 
avg_ept_walk_per_miss: 68.134277 
ept_cycles_per_execution_cycles: 0.008967 
rss_in_gb: 0.335991 
cycles: 41386436.200000 
avg_ept_walk_per_miss: 61.707258 
ept_cycles_per_execution_cycles: 0.004895 
rss_in_gb: 0.335991 
cycles: 14160155.200000 
avg_ept_walk_per_miss: 43.299940 
ept_cycles_per_execution_cycles: 0.002033 
rss_in_gb: 0.335991 
cycles: 38525.400000 
avg_ept_walk_per_miss: 165.927536 
ept_cycles_per_execution_cycles: 0.059436 
rss_in_gb: 0.335991 
cycles: 38364.400000 
avg_ept_walk_per_miss: 159.285714 
ept_cycles_per_execution_cycles: 0.061033 
rss_in_gb: 0.335991 
cycles: 36542.300000 
avg_ept_walk_per_miss: 149.113636 
ept_cycles_per_execution_cycles: 0.053864 
rss_in_gb: 0.335991 
cycles: 30940.200000 
avg_ept_walk_per_miss: 141.365517 
ept_cycles_per_execution_cycles: 0.066250 
rss_in_gb: 0.335991 
cycles: 30675.400000 
avg_ept_walk_per_miss: 142.467153 
ept_cycles_per_execution_cycles: 0.063628 
rss_in_gb: 0.335991 
cycles: 30569.200000 
avg_ept_walk_per_miss: 141.814815 
ept_cycles_per_execution_cycles: 0.062628 
rss_in_gb: 0.335991 
cycles: 31925.000000 
avg_ept_walk_per_miss: 141.053846 
ept_cycles_per_execution_cycles: 0.057438 
rss_in_gb: 0.335991 
cycles: 30206.500000 
avg_ept_walk_per_miss: 141.629921 
ept_cycles_per_execution_cycles: 0.059547 
rss_in_gb: 0.335991 
cycles: 30282.700000 
avg_ept_walk_per_miss: 143.863248 
ept_cycles_per_execution_cycles: 0.055583 
rss_in_gb: 0.335991 
cycles: 29576.600000 
avg_ept_walk_per_miss: 144.401869 
ept_cycles_per_execution_cycles: 0.052241 
rss_in_gb: 0.335991 
cycles: 29384.600000 
avg_ept_walk_per_miss: 143.875000 
ept_cycles_per_execution_cycles: 0.050921 
rss_in_gb: 0.335991 
cycles: 30790.000000 
avg_ept_walk_per_miss: 150.882979 
ept_cycles_per_execution_cycles: 0.046064 
rss_in_gb: 0.335991 
cycles: 29268.800000 
avg_ept_walk_per_miss: 149.473118 
ept_cycles_per_execution_cycles: 0.047494 
rss_in_gb: 0.335991 
cycles: 29488.400000 
avg_ept_walk_per_miss: 169.302632 
ept_cycles_per_execution_cycles: 0.043634 
rss_in_gb: 0.335991 
cycles: 29403.100000 
avg_ept_walk_per_miss: 168.760000 
ept_cycles_per_execution_cycles: 0.043046 
rss_in_gb: 0.335991 
cycles: 29385.400000 
avg_ept_walk_per_miss: 168.600000 
ept_cycles_per_execution_cycles: 0.043032 
rss_in_gb: 0.335991 
cycles: 29143.200000 
avg_ept_walk_per_miss: 173.125000 
ept_cycles_per_execution_cycles: 0.042772 
rss_in_gb: 0.335991 
cycles: 29465.600000 
avg_ept_walk_per_miss: 181.402778 
ept_cycles_per_execution_cycles: 0.044326 
rss_in_gb: 0.335991 
cycles: 29740.700000 
avg_ept_walk_per_miss: 190.428571 
ept_cycles_per_execution_cycles: 0.044821 
rss_in_gb: 0.335991 
cycles: 30129.200000 
avg_ept_walk_per_miss: 198.666667 
ept_cycles_per_execution_cycles: 0.047476 
rss_in_gb: 0.335991 
cycles: 30415.600000 
avg_ept_walk_per_miss: 206.835616 
ept_cycles_per_execution_cycles: 0.049642 
rss_in_gb: 0.335991 
cycles: 30291.700000 
avg_ept_walk_per_miss: 208.360000 
ept_cycles_per_execution_cycles: 0.051588 
rss_in_gb: 0.335991 
cycles: 32065.200000 
avg_ept_walk_per_miss: 195.062500 
ept_cycles_per_execution_cycles: 0.048666 
rss_in_gb: 0.335991 
cycles: 30172.600000 
avg_ept_walk_per_miss: 208.291667 
ept_cycles_per_execution_cycles: 0.049704 
rss_in_gb: 0.335991 
cycles: 29947.900000 
avg_ept_walk_per_miss: 207.361111 
ept_cycles_per_execution_cycles: 0.049853 
rss_in_gb: 0.335991 
cycles: 30273.700000 
avg_ept_walk_per_miss: 207.513889 
ept_cycles_per_execution_cycles: 0.049353 
rss_in_gb: 0.335991 
cycles: 29885.900000 
avg_ept_walk_per_miss: 203.777778 
ept_cycles_per_execution_cycles: 0.049093 
rss_in_gb: 0.335991 
cycles: 32119.100000 
avg_ept_walk_per_miss: 192.717949 
ept_cycles_per_execution_cycles: 0.046801 
rss_in_gb: 0.335991 
cycles: 29938.800000 
avg_ept_walk_per_miss: 201.985507 
ept_cycles_per_execution_cycles: 0.046552 
rss_in_gb: 0.335991 
cycles: 29679.400000 
avg_ept_walk_per_miss: 191.971014 
ept_cycles_per_execution_cycles: 0.044630 
rss_in_gb: 0.335991 
cycles: 29712.200000 
avg_ept_walk_per_miss: 183.250000 
ept_cycles_per_execution_cycles: 0.041939 
rss_in_gb: 0.335991 
cycles: 29332.900000 
avg_ept_walk_per_miss: 183.953846 
ept_cycles_per_execution_cycles: 0.040763 
rss_in_gb: 0.335991 
cycles: 29299.700000 
avg_ept_walk_per_miss: 199.883333 
ept_cycles_per_execution_cycles: 0.040932 
rss_in_gb: 0.335991 
cycles: 29416.300000 
avg_ept_walk_per_miss: 210.677966 
ept_cycles_per_execution_cycles: 0.042255 
rss_in_gb: 0.335991 
cycles: 29519.500000 
avg_ept_walk_per_miss: 221.288136 
ept_cycles_per_execution_cycles: 0.044228 
rss_in_gb: 0.335991 
cycles: 29660.700000 
avg_ept_walk_per_miss: 228.983333 
ept_cycles_per_execution_cycles: 0.046321 
rss_in_gb: 0.335991 
cycles: 30306.300000 
avg_ept_walk_per_miss: 195.866667 
ept_cycles_per_execution_cycles: 0.058166 
rss_in_gb: 0.335991 
cycles: 30935.600000 
avg_ept_walk_per_miss: 152.975610 
ept_cycles_per_execution_cycles: 0.081098 
rss_in_gb: 0.335991 
cycles: 30968.100000 
avg_ept_walk_per_miss: 153.353293 
ept_cycles_per_execution_cycles: 0.082698 
rss_in_gb: 0.335991 
cycles: 31349.300000 
avg_ept_walk_per_miss: 156.239766 
ept_cycles_per_execution_cycles: 0.085224 
rss_in_gb: 0.335991 
cycles: 31614.200000 
avg_ept_walk_per_miss: 158.613636 
ept_cycles_per_execution_cycles: 0.088302 
rss_in_gb: 0.335991 
cycles: 31635.100000 
avg_ept_walk_per_miss: 155.788889 
ept_cycles_per_execution_cycles: 0.088642 
rss_in_gb: 0.335991 
cycles: 32658.500000 
avg_ept_walk_per_miss: 144.526316 
ept_cycles_per_execution_cycles: 0.092490 
rss_in_gb: 0.335991 
cycles: 32257.300000 
avg_ept_walk_per_miss: 141.052632 
ept_cycles_per_execution_cycles: 0.091390 
rss_in_gb: 0.335991 
cycles: 32152.900000 
avg_ept_walk_per_miss: 138.535885 
ept_cycles_per_execution_cycles: 0.090051 
rss_in_gb: 0.335991 
cycles: 32015.000000 
avg_ept_walk_per_miss: 136.464115 
ept_cycles_per_execution_cycles: 0.089086 
rss_in_gb: 0.335991 
cycles: 31333.000000 
avg_ept_walk_per_miss: 137.794444 
ept_cycles_per_execution_cycles: 0.079159 
rss_in_gb: 0.335991 
cycles: 30556.900000 
avg_ept_walk_per_miss: 157.008850 
ept_cycles_per_execution_cycles: 0.058062 
rss_in_gb: 0.335991 
cycles: 30232.800000 
avg_ept_walk_per_miss: 155.945455 
ept_cycles_per_execution_cycles: 0.056740 
rss_in_gb: 0.335991 
cycles: 29850.700000 
avg_ept_walk_per_miss: 153.094340 
ept_cycles_per_execution_cycles: 0.054364 
rss_in_gb: 0.335991 
cycles: 29607.500000 
avg_ept_walk_per_miss: 148.782178 
ept_cycles_per_execution_cycles: 0.050754 
rss_in_gb: 0.335991 
cycles: 30009.400000 
avg_ept_walk_per_miss: 154.550000 
ept_cycles_per_execution_cycles: 0.051501 
rss_in_gb: 0.335991 
cycles: 29558.100000 
avg_ept_walk_per_miss: 178.721519 
ept_cycles_per_execution_cycles: 0.047767 
rss_in_gb: 0.335991 
cycles: 29734.800000 
avg_ept_walk_per_miss: 151.517857 
ept_cycles_per_execution_cycles: 0.057071 
rss_in_gb: 0.335991 
cycles: 30042.200000 
avg_ept_walk_per_miss: 147.912698 
ept_cycles_per_execution_cycles: 0.062036 
rss_in_gb: 0.335991 
cycles: 30250.200000 
avg_ept_walk_per_miss: 149.473684 
ept_cycles_per_execution_cycles: 0.065719 
rss_in_gb: 0.335991 
cycles: 30649.100000 
avg_ept_walk_per_miss: 140.628205 
ept_cycles_per_execution_cycles: 0.071578 
rss_in_gb: 0.335991 
cycles: 31748.300000 
avg_ept_walk_per_miss: 129.042254 
ept_cycles_per_execution_cycles: 0.086575 
rss_in_gb: 0.335991 
cycles: 31825.800000 
avg_ept_walk_per_miss: 128.509174 
ept_cycles_per_execution_cycles: 0.088026 
rss_in_gb: 0.335991 
cycles: 32133.300000 
avg_ept_walk_per_miss: 129.272321 
ept_cycles_per_execution_cycles: 0.090115 
rss_in_gb: 0.335991 
cycles: 32355.800000 
avg_ept_walk_per_miss: 130.812227 
ept_cycles_per_execution_cycles: 0.092583 
rss_in_gb: 0.335991 
cycles: 31963.100000 
avg_ept_walk_per_miss: 128.935345 
ept_cycles_per_execution_cycles: 0.093586 
rss_in_gb: 0.335991 
cycles: 32382.300000 
avg_ept_walk_per_miss: 121.369048 
ept_cycles_per_execution_cycles: 0.094450 
rss_in_gb: 0.335991 
cycles: 31962.400000 
avg_ept_walk_per_miss: 126.529412 
ept_cycles_per_execution_cycles: 0.087487 
rss_in_gb: 0.335991 
cycles: 31566.200000 
avg_ept_walk_per_miss: 126.246377 
ept_cycles_per_execution_cycles: 0.082788 
rss_in_gb: 0.335991 
cycles: 31340.200000 
avg_ept_walk_per_miss: 124.348259 
ept_cycles_per_execution_cycles: 0.079751 
rss_in_gb: 0.335991 
cycles: 31988.600000 
avg_ept_walk_per_miss: 126.534653 
ept_cycles_per_execution_cycles: 0.079903 
rss_in_gb: 0.335991 
cycles: 32785.100000 
avg_ept_walk_per_miss: 108.740157 
ept_cycles_per_execution_cycles: 0.084246 
rss_in_gb: 0.335991 
cycles: 33210.500000 
avg_ept_walk_per_miss: 106.489209 
ept_cycles_per_execution_cycles: 0.089140 
rss_in_gb: 0.335991 
cycles: 33170.500000 
avg_ept_walk_per_miss: 105.534722 
ept_cycles_per_execution_cycles: 0.091630 
rss_in_gb: 0.335991 
cycles: 33136.000000 
avg_ept_walk_per_miss: 104.462585 
ept_cycles_per_execution_cycles: 0.092685 
rss_in_gb: 0.335991 
cycles: 33703.500000 
avg_ept_walk_per_miss: 104.671053 
ept_cycles_per_execution_cycles: 0.094412 
rss_in_gb: 0.335991 
cycles: 34000.600000 
avg_ept_walk_per_miss: 99.994169 
ept_cycles_per_execution_cycles: 0.100875 
rss_in_gb: 0.335991 
cycles: 33983.400000 
avg_ept_walk_per_miss: 100.014706 
ept_cycles_per_execution_cycles: 0.100064 
rss_in_gb: 0.335991 
cycles: 34145.000000 
avg_ept_walk_per_miss: 100.521866 
ept_cycles_per_execution_cycles: 0.100978 
rss_in_gb: 0.335991 
cycles: 34247.900000 
avg_ept_walk_per_miss: 100.593567 
ept_cycles_per_execution_cycles: 0.100453 
rss_in_gb: 0.335991 
cycles: 34111.300000 
avg_ept_walk_per_miss: 98.876437 
ept_cycles_per_execution_cycles: 0.100873 
rss_in_gb: 0.335991 
cycles: 32782.400000 
avg_ept_walk_per_miss: 100.415282 
ept_cycles_per_execution_cycles: 0.092199 
rss_in_gb: 0.335991 
cycles: 32248.100000 
avg_ept_walk_per_miss: 102.130435 
ept_cycles_per_execution_cycles: 0.087410 
rss_in_gb: 0.335991 
cycles: 32093.000000 
avg_ept_walk_per_miss: 101.609848 
ept_cycles_per_execution_cycles: 0.083585 
rss_in_gb: 0.335991 
cycles: 32049.200000 
avg_ept_walk_per_miss: 101.746154 
ept_cycles_per_execution_cycles: 0.082542 
rss_in_gb: 0.335991 
cycles: 31919.300000 
avg_ept_walk_per_miss: 101.721116 
ept_cycles_per_execution_cycles: 0.079989 
rss_in_gb: 0.335991 
cycles: 31580.400000 
avg_ept_walk_per_miss: 112.881188 
ept_cycles_per_execution_cycles: 0.072203 
rss_in_gb: 0.335991 
cycles: 31556.500000 
avg_ept_walk_per_miss: 111.779412 
ept_cycles_per_execution_cycles: 0.072261 
rss_in_gb: 0.335991 
cycles: 31435.900000 
avg_ept_walk_per_miss: 111.308458 
ept_cycles_per_execution_cycles: 0.071170 
rss_in_gb: 0.335991 
cycles: 31371.800000 
avg_ept_walk_per_miss: 111.301980 
ept_cycles_per_execution_cycles: 0.071666 
rss_in_gb: 0.335991 
cycles: 30932.700000 
avg_ept_walk_per_miss: 117.230337 
ept_cycles_per_execution_cycles: 0.067459 
rss_in_gb: 0.335991 
cycles: 31004.100000 
avg_ept_walk_per_miss: 142.970370 
ept_cycles_per_execution_cycles: 0.062253 
rss_in_gb: 0.335991 
cycles: 30784.400000 
avg_ept_walk_per_miss: 142.659091 
ept_cycles_per_execution_cycles: 0.061171 
rss_in_gb: 0.335991 
cycles: 30658.100000 
avg_ept_walk_per_miss: 144.817460 
ept_cycles_per_execution_cycles: 0.059518 
rss_in_gb: 0.335991 
cycles: 30593.700000 
avg_ept_walk_per_miss: 147.041667 
ept_cycles_per_execution_cycles: 0.057675 
rss_in_gb: 0.335991 
cycles: 30498.600000 
avg_ept_walk_per_miss: 148.017241 
ept_cycles_per_execution_cycles: 0.056298 
rss_in_gb: 0.335991 
cycles: 30313.000000 
avg_ept_walk_per_miss: 148.733871 
ept_cycles_per_execution_cycles: 0.060842 
rss_in_gb: 0.335991 
cycles: 30855.800000 
avg_ept_walk_per_miss: 138.614379 
ept_cycles_per_execution_cycles: 0.068733 
rss_in_gb: 0.335991 
cycles: 31587.700000 
avg_ept_walk_per_miss: 129.306122 
ept_cycles_per_execution_cycles: 0.080234 
rss_in_gb: 0.335991 
cycles: 32471.200000 
avg_ept_walk_per_miss: 120.729508 
ept_cycles_per_execution_cycles: 0.090720 
rss_in_gb: 0.335991 
cycles: 32788.600000 
avg_ept_walk_per_miss: 118.465116 
ept_cycles_per_execution_cycles: 0.093215 
rss_in_gb: 0.335991 
cycles: 33541.900000 
avg_ept_walk_per_miss: 106.127219 
ept_cycles_per_execution_cycles: 0.106944 
rss_in_gb: 0.335991 
cycles: 34510.900000 
avg_ept_walk_per_miss: 104.550914 
ept_cycles_per_execution_cycles: 0.116030 
rss_in_gb: 0.335991 
cycles: 35035.300000 
avg_ept_walk_per_miss: 102.880952 
ept_cycles_per_execution_cycles: 0.123333 
rss_in_gb: 0.335991 
cycles: 35865.600000 
avg_ept_walk_per_miss: 100.676660 
ept_cycles_per_execution_cycles: 0.131089 
rss_in_gb: 0.335991 
cycles: 36264.900000 
avg_ept_walk_per_miss: 101.406639 
ept_cycles_per_execution_cycles: 0.134780 
rss_in_gb: 0.335991 
cycles: 37640.800000 
avg_ept_walk_per_miss: 95.915825 
ept_cycles_per_execution_cycles: 0.151362 
rss_in_gb: 0.335991 
cycles: 37673.500000 
avg_ept_walk_per_miss: 95.897651 
ept_cycles_per_execution_cycles: 0.151711 
rss_in_gb: 0.335991 
cycles: 37561.500000 
avg_ept_walk_per_miss: 95.435811 
ept_cycles_per_execution_cycles: 0.150415 
rss_in_gb: 0.335991 
cycles: 37157.300000 
avg_ept_walk_per_miss: 95.238676 
ept_cycles_per_execution_cycles: 0.147123 
rss_in_gb: 0.335991 
cycles: 37474.900000 
avg_ept_walk_per_miss: 95.218644 
ept_cycles_per_execution_cycles: 0.149911 
rss_in_gb: 0.335991 
cycles: 37613.800000 
avg_ept_walk_per_miss: 96.235690 
ept_cycles_per_execution_cycles: 0.151976 
rss_in_gb: 0.335991 
cycles: 36853.600000 
avg_ept_walk_per_miss: 97.581395 
ept_cycles_per_execution_cycles: 0.148013 
rss_in_gb: 0.335991 
cycles: 36965.000000 
avg_ept_walk_per_miss: 97.699288 
ept_cycles_per_execution_cycles: 0.148538 
rss_in_gb: 0.335991 
cycles: 36587.200000 
avg_ept_walk_per_miss: 98.287273 
ept_cycles_per_execution_cycles: 0.147751 
rss_in_gb: 0.335991 
cycles: 37139.200000 
avg_ept_walk_per_miss: 94.668896 
ept_cycles_per_execution_cycles: 0.152432 
rss_in_gb: 0.335991 
cycles: 35781.000000 
avg_ept_walk_per_miss: 94.263352 
ept_cycles_per_execution_cycles: 0.143051 
rss_in_gb: 0.335991 
cycles: 35699.900000 
avg_ept_walk_per_miss: 94.464945 
ept_cycles_per_execution_cycles: 0.143418 
rss_in_gb: 0.335991 
cycles: 35694.000000 
avg_ept_walk_per_miss: 94.320442 
ept_cycles_per_execution_cycles: 0.143486 
rss_in_gb: 0.335991 
cycles: 35646.700000 
avg_ept_walk_per_miss: 94.624769 
ept_cycles_per_execution_cycles: 0.143609 
rss_in_gb: 0.335991 
cycles: 35699.400000 
avg_ept_walk_per_miss: 93.634191 
ept_cycles_per_execution_cycles: 0.142683 
rss_in_gb: 0.335991 
cycles: 35493.000000 
avg_ept_walk_per_miss: 92.094412 
ept_cycles_per_execution_cycles: 0.134666 
rss_in_gb: 0.335991 
cycles: 35550.200000 
avg_ept_walk_per_miss: 91.266667 
ept_cycles_per_execution_cycles: 0.130930 
rss_in_gb: 0.335991 
cycles: 35093.000000 
avg_ept_walk_per_miss: 91.893750 
ept_cycles_per_execution_cycles: 0.125692 
rss_in_gb: 0.335991 
cycles: 34796.700000 
avg_ept_walk_per_miss: 92.907489 
ept_cycles_per_execution_cycles: 0.121218 
rss_in_gb: 0.335991 
cycles: 33935.900000 
avg_ept_walk_per_miss: 96.522959 
ept_cycles_per_execution_cycles: 0.111495 
rss_in_gb: 0.335991 
cycles: 33964.100000 
avg_ept_walk_per_miss: 104.713415 
ept_cycles_per_execution_cycles: 0.101124 
rss_in_gb: 0.335991 
cycles: 33504.400000 
avg_ept_walk_per_miss: 105.922297 
ept_cycles_per_execution_cycles: 0.093579 
rss_in_gb: 0.335991 
cycles: 32962.500000 
avg_ept_walk_per_miss: 108.753906 
ept_cycles_per_execution_cycles: 0.084463 
rss_in_gb: 0.335991 
cycles: 32601.200000 
avg_ept_walk_per_miss: 112.307018 
ept_cycles_per_execution_cycles: 0.078543 
rss_in_gb: 0.335991 
cycles: 31866.000000 
avg_ept_walk_per_miss: 116.442708 
ept_cycles_per_execution_cycles: 0.070159 
rss_in_gb: 0.335991 
cycles: 31037.200000 
avg_ept_walk_per_miss: 156.017857 
ept_cycles_per_execution_cycles: 0.056300 
rss_in_gb: 0.335991 
cycles: 30691.100000 
avg_ept_walk_per_miss: 155.314815 
ept_cycles_per_execution_cycles: 0.054654 
rss_in_gb: 0.335991 
cycles: 30504.600000 
avg_ept_walk_per_miss: 157.908163 
ept_cycles_per_execution_cycles: 0.050730 
rss_in_gb: 0.335991 
cycles: 30232.800000 
avg_ept_walk_per_miss: 160.494382 
ept_cycles_per_execution_cycles: 0.047247 
rss_in_gb: 0.335991 
cycles: 30810.200000 
avg_ept_walk_per_miss: 148.495238 
ept_cycles_per_execution_cycles: 0.050607 
rss_in_gb: 0.335991 
cycles: 29335.800000 
avg_ept_walk_per_miss: 169.300000 
ept_cycles_per_execution_cycles: 0.040398 
rss_in_gb: 0.335991 
cycles: 29207.200000 
avg_ept_walk_per_miss: 169.028986 
ept_cycles_per_execution_cycles: 0.039932 
rss_in_gb: 0.335991 
cycles: 29163.400000 
avg_ept_walk_per_miss: 169.449275 
ept_cycles_per_execution_cycles: 0.040091 
rss_in_gb: 0.335991 
cycles: 29372.600000 
avg_ept_walk_per_miss: 153.827586 
ept_cycles_per_execution_cycles: 0.045563 
rss_in_gb: 0.335991 
cycles: 30613.600000 
avg_ept_walk_per_miss: 151.336207 
ept_cycles_per_execution_cycles: 0.057344 
rss_in_gb: 0.335991 
cycles: 29836.300000 
avg_ept_walk_per_miss: 129.934641 
ept_cycles_per_execution_cycles: 0.066630 
rss_in_gb: 0.335991 
cycles: 30218.400000 
avg_ept_walk_per_miss: 131.656250 
ept_cycles_per_execution_cycles: 0.069709 
rss_in_gb: 0.335991 
cycles: 30382.300000 
avg_ept_walk_per_miss: 133.204678 
ept_cycles_per_execution_cycles: 0.074971 
rss_in_gb: 0.335991 
cycles: 30660.300000 
avg_ept_walk_per_miss: 136.107955 
ept_cycles_per_execution_cycles: 0.078130 
rss_in_gb: 0.335991 
cycles: 31372.600000 
avg_ept_walk_per_miss: 139.989071 
ept_cycles_per_execution_cycles: 0.081657 
rss_in_gb: 0.335991 
cycles: 31976.800000 
avg_ept_walk_per_miss: 130.469484 
ept_cycles_per_execution_cycles: 0.086907 
rss_in_gb: 0.335991 
cycles: 31776.800000 
avg_ept_walk_per_miss: 130.691244 
ept_cycles_per_execution_cycles: 0.089248 
rss_in_gb: 0.335991 
cycles: 32185.900000 
avg_ept_walk_per_miss: 131.596413 
ept_cycles_per_execution_cycles: 0.091177 
rss_in_gb: 0.335991 
cycles: 31669.700000 
avg_ept_walk_per_miss: 133.140097 
ept_cycles_per_execution_cycles: 0.087023 
rss_in_gb: 0.335991 
cycles: 31593.900000 
avg_ept_walk_per_miss: 131.748744 
ept_cycles_per_execution_cycles: 0.082984 
rss_in_gb: 0.335991 
cycles: 31458.900000 
avg_ept_walk_per_miss: 140.512500 
ept_cycles_per_execution_cycles: 0.071465 
rss_in_gb: 0.335991 
cycles: 30731.500000 
avg_ept_walk_per_miss: 138.701299 
ept_cycles_per_execution_cycles: 0.069505 
rss_in_gb: 0.335991 
cycles: 30965.900000 
avg_ept_walk_per_miss: 138.157534 
ept_cycles_per_execution_cycles: 0.065139 
rss_in_gb: 0.335991 
cycles: 30404.300000 
avg_ept_walk_per_miss: 134.418440 
ept_cycles_per_execution_cycles: 0.062337 
rss_in_gb: 0.335991 
cycles: 30350.000000 
avg_ept_walk_per_miss: 131.664430 
ept_cycles_per_execution_cycles: 0.064639 
rss_in_gb: 0.335991 
cycles: 30531.700000 
avg_ept_walk_per_miss: 138.350746 
ept_cycles_per_execution_cycles: 0.060720 
rss_in_gb: 0.335991 
cycles: 30122.500000 
avg_ept_walk_per_miss: 136.473282 
ept_cycles_per_execution_cycles: 0.059351 
rss_in_gb: 0.335991 
cycles: 30068.400000 
avg_ept_walk_per_miss: 135.780303 
ept_cycles_per_execution_cycles: 0.059607 
rss_in_gb: 0.335991 
cycles: 30559.400000 
avg_ept_walk_per_miss: 135.070513 
ept_cycles_per_execution_cycles: 0.068951 
rss_in_gb: 0.335991 
cycles: 31200.000000 
avg_ept_walk_per_miss: 121.717703 
ept_cycles_per_execution_cycles: 0.081535 
rss_in_gb: 0.335991 
cycles: 31945.400000 
avg_ept_walk_per_miss: 115.394265 
ept_cycles_per_execution_cycles: 0.100781 
rss_in_gb: 0.335991 
cycles: 32089.000000 
avg_ept_walk_per_miss: 115.418440 
ept_cycles_per_execution_cycles: 0.101430 
rss_in_gb: 0.335991 
cycles: 32911.300000 
avg_ept_walk_per_miss: 111.151603 
ept_cycles_per_execution_cycles: 0.115842 
rss_in_gb: 0.335991 
cycles: 33348.300000 
avg_ept_walk_per_miss: 109.307278 
ept_cycles_per_execution_cycles: 0.121604 
rss_in_gb: 0.335991 
cycles: 33210.600000 
avg_ept_walk_per_miss: 110.532086 
ept_cycles_per_execution_cycles: 0.124475 
rss_in_gb: 0.335991 
cycles: 33894.600000 
avg_ept_walk_per_miss: 104.492308 
ept_cycles_per_execution_cycles: 0.140270 
rss_in_gb: 0.335991 
cycles: 34365.100000 
avg_ept_walk_per_miss: 103.862786 
ept_cycles_per_execution_cycles: 0.145374 
rss_in_gb: 0.335991 
cycles: 35562.200000 
avg_ept_walk_per_miss: 103.681992 
ept_cycles_per_execution_cycles: 0.152190 
rss_in_gb: 0.335991 
cycles: 35076.800000 
avg_ept_walk_per_miss: 102.430556 
ept_cycles_per_execution_cycles: 0.147177 
rss_in_gb: 0.335991 
cycles: 34391.900000 
avg_ept_walk_per_miss: 104.239915 
ept_cycles_per_execution_cycles: 0.142757 
rss_in_gb: 0.335991 
cycles: 34278.900000 
avg_ept_walk_per_miss: 102.725446 
ept_cycles_per_execution_cycles: 0.134255 
rss_in_gb: 0.335991 
cycles: 33930.600000 
avg_ept_walk_per_miss: 102.683146 
ept_cycles_per_execution_cycles: 0.134669 
rss_in_gb: 0.335991 
cycles: 33507.600000 
avg_ept_walk_per_miss: 105.598465 
ept_cycles_per_execution_cycles: 0.123223 
rss_in_gb: 0.335991 
cycles: 33132.900000 
avg_ept_walk_per_miss: 107.216438 
ept_cycles_per_execution_cycles: 0.118112 
rss_in_gb: 0.335991 
cycles: 32963.700000 
avg_ept_walk_per_miss: 104.683784 
ept_cycles_per_execution_cycles: 0.117502 
rss_in_gb: 0.335991 
cycles: 33015.600000 
avg_ept_walk_per_miss: 103.477807 
ept_cycles_per_execution_cycles: 0.120040 
rss_in_gb: 0.335991 
cycles: 33006.800000 
avg_ept_walk_per_miss: 103.164491 
ept_cycles_per_execution_cycles: 0.119709 
rss_in_gb: 0.335991 
cycles: 32676.000000 
avg_ept_walk_per_miss: 101.880637 
ept_cycles_per_execution_cycles: 0.117545 
rss_in_gb: 0.335991 
cycles: 32879.900000 
avg_ept_walk_per_miss: 101.282443 
ept_cycles_per_execution_cycles: 0.121059 
rss_in_gb: 0.335991 
cycles: 32930.200000 
avg_ept_walk_per_miss: 102.104592 
ept_cycles_per_execution_cycles: 0.121545 
rss_in_gb: 0.335991 
cycles: 33034.400000 
avg_ept_walk_per_miss: 101.648855 
ept_cycles_per_execution_cycles: 0.120928 
rss_in_gb: 0.335991 
cycles: 33046.100000 
avg_ept_walk_per_miss: 101.625316 
ept_cycles_per_execution_cycles: 0.121473 
rss_in_gb: 0.335991 
cycles: 33026.700000 
avg_ept_walk_per_miss: 101.124051 
ept_cycles_per_execution_cycles: 0.120945 
rss_in_gb: 0.335991 
cycles: 33019.300000 
avg_ept_walk_per_miss: 101.093909 
ept_cycles_per_execution_cycles: 0.120629 
rss_in_gb: 0.335991 
cycles: 32871.200000 
avg_ept_walk_per_miss: 101.386059 
ept_cycles_per_execution_cycles: 0.115046 
rss_in_gb: 0.335991 
cycles: 32075.900000 
avg_ept_walk_per_miss: 107.826855 
ept_cycles_per_execution_cycles: 0.095134 
rss_in_gb: 0.335991 
cycles: 31641.600000 
avg_ept_walk_per_miss: 109.800781 
ept_cycles_per_execution_cycles: 0.088836 
rss_in_gb: 0.335991 
cycles: 31105.500000 
avg_ept_walk_per_miss: 112.617512 
ept_cycles_per_execution_cycles: 0.078565 
rss_in_gb: 0.335991 
cycles: 30714.100000 
avg_ept_walk_per_miss: 115.282723 
ept_cycles_per_execution_cycles: 0.071690 
rss_in_gb: 0.335991 
cycles: 30331.100000 
avg_ept_walk_per_miss: 115.111765 
ept_cycles_per_execution_cycles: 0.064518 
rss_in_gb: 0.335991 
cycles: 29785.800000 
avg_ept_walk_per_miss: 145.702970 
ept_cycles_per_execution_cycles: 0.049406 
rss_in_gb: 0.335991 
cycles: 29710.100000 
avg_ept_walk_per_miss: 145.612245 
ept_cycles_per_execution_cycles: 0.048031 
rss_in_gb: 0.335991 
cycles: 29536.300000 
avg_ept_walk_per_miss: 146.147727 
ept_cycles_per_execution_cycles: 0.043543 
rss_in_gb: 0.335991 
cycles: 29498.400000 
avg_ept_walk_per_miss: 145.767442 
ept_cycles_per_execution_cycles: 0.042497 
rss_in_gb: 0.335991 
cycles: 29207.900000 
avg_ept_walk_per_miss: 131.766990 
ept_cycles_per_execution_cycles: 0.046467 
rss_in_gb: 0.335991 
cycles: 30076.500000 
avg_ept_walk_per_miss: 109.352332 
ept_cycles_per_execution_cycles: 0.070171 
rss_in_gb: 0.335991 
cycles: 30522.300000 
avg_ept_walk_per_miss: 106.844749 
ept_cycles_per_execution_cycles: 0.076662 
rss_in_gb: 0.335991 
cycles: 31519.300000 
avg_ept_walk_per_miss: 99.682759 
ept_cycles_per_execution_cycles: 0.091715 
rss_in_gb: 0.335991 
cycles: 31906.600000 
avg_ept_walk_per_miss: 102.788274 
ept_cycles_per_execution_cycles: 0.098901 
rss_in_gb: 0.335991 
cycles: 34749.200000 
avg_ept_walk_per_miss: 95.673317 
ept_cycles_per_execution_cycles: 0.110405 
rss_in_gb: 0.335991 
cycles: 33421.600000 
avg_ept_walk_per_miss: 97.062937 
ept_cycles_per_execution_cycles: 0.124590 
rss_in_gb: 0.335991 
cycles: 33850.300000 
avg_ept_walk_per_miss: 96.868709 
ept_cycles_per_execution_cycles: 0.130779 
rss_in_gb: 0.335991 
cycles: 34502.700000 
avg_ept_walk_per_miss: 97.172000 
ept_cycles_per_execution_cycles: 0.140818 
rss_in_gb: 0.335991 
cycles: 35298.200000 
avg_ept_walk_per_miss: 96.258182 
ept_cycles_per_execution_cycles: 0.149985 
rss_in_gb: 0.335991 
cycles: 38212.200000 
avg_ept_walk_per_miss: 93.419614 
ept_cycles_per_execution_cycles: 0.152064 
rss_in_gb: 0.335991 
cycles: 35207.600000 
avg_ept_walk_per_miss: 97.763672 
ept_cycles_per_execution_cycles: 0.142171 
rss_in_gb: 0.335991 
cycles: 34812.300000 
avg_ept_walk_per_miss: 98.577869 
ept_cycles_per_e