cycles: 2801931.000000 
avg_ept_walk_per_miss: 35.203490 
ept_cycles_per_execution_cycles: 0.046801 
rss_in_gb: 0.004162 
cycles: 1490115.000000 
avg_ept_walk_per_miss: 35.301745 
ept_cycles_per_execution_cycles: 0.044124 
rss_in_gb: 0.004162 
cycles: 1032916.000000 
avg_ept_walk_per_miss: 35.373691 
ept_cycles_per_execution_cycles: 0.042523 
rss_in_gb: 0.004162 
cycles: 789495.750000 
avg_ept_walk_per_miss: 35.409396 
ept_cycles_per_execution_cycles: 0.041767 
rss_in_gb: 0.004162 
cycles: 643452.200000 
avg_ept_walk_per_miss: 35.446174 
ept_cycles_per_execution_cycles: 0.041040 
rss_in_gb: 0.004162 
cycles: 560996.000000 
avg_ept_walk_per_miss: 36.172094 
ept_cycles_per_execution_cycles: 0.040589 
rss_in_gb: 0.004162 
cycles: 485108.142857 
avg_ept_walk_per_miss: 36.184803 
ept_cycles_per_execution_cycles: 0.040247 
rss_in_gb: 0.004162 
cycles: 428173.875000 
avg_ept_walk_per_miss: 36.200424 
ept_cycles_per_execution_cycles: 0.039916 
rss_in_gb: 0.004162 
cycles: 383890.000000 
avg_ept_walk_per_miss: 36.217898 
ept_cycles_per_execution_cycles: 0.039593 
rss_in_gb: 0.004162 
cycles: 348486.300000 
avg_ept_walk_per_miss: 36.250993 
ept_cycles_per_execution_cycles: 0.039290 
rss_in_gb: 0.004162 
cycles: 74487.300000 
avg_ept_walk_per_miss: 112.835616 
ept_cycles_per_execution_cycles: 0.011058 
rss_in_gb: 0.004162 
cycles: 59642.700000 
avg_ept_walk_per_miss: 108.575342 
ept_cycles_per_execution_cycles: 0.013289 
rss_in_gb: 0.004162 
cycles: 50913.100000 
avg_ept_walk_per_miss: 110.229730 
ept_cycles_per_execution_cycles: 0.016021 
rss_in_gb: 0.004162 
cycles: 44989.600000 
avg_ept_walk_per_miss: 108.432432 
ept_cycles_per_execution_cycles: 0.017835 
rss_in_gb: 0.004162 
cycles: 42041.700000 
avg_ept_walk_per_miss: 107.500000 
ept_cycles_per_execution_cycles: 0.018922 
rss_in_gb: 0.004162 
cycles: 28022.500000 
avg_ept_walk_per_miss: 131.024390 
ept_cycles_per_execution_cycles: 0.019170 
rss_in_gb: 0.004162 
cycles: 30360.400000 
avg_ept_walk_per_miss: 122.843137 
ept_cycles_per_execution_cycles: 0.020635 
rss_in_gb: 0.004162 
cycles: 27397.000000 
avg_ept_walk_per_miss: 121.686275 
ept_cycles_per_execution_cycles: 0.022652 
rss_in_gb: 0.004162 
cycles: 27473.300000 
avg_ept_walk_per_miss: 121.470588 
ept_cycles_per_execution_cycles: 0.022549 
rss_in_gb: 0.004162 
cycles: 24488.000000 
avg_ept_walk_per_miss: 119.019608 
ept_cycles_per_execution_cycles: 0.024788 
rss_in_gb: 0.004162 
cycles: 24324.800000 
avg_ept_walk_per_miss: 114.019231 
ept_cycles_per_execution_cycles: 0.024374 
rss_in_gb: 0.004162 
cycles: 21339.500000 
avg_ept_walk_per_miss: 112.961538 
ept_cycles_per_execution_cycles: 0.027526 
rss_in_gb: 0.004162 
cycles: 18217.300000 
avg_ept_walk_per_miss: 105.392157 
ept_cycles_per_execution_cycles: 0.029505 
rss_in_gb: 0.004162 
cycles: 21250.000000 
avg_ept_walk_per_miss: 107.764706 
ept_cycles_per_execution_cycles: 0.025864 
rss_in_gb: 0.004162 
cycles: 19056.400000 
avg_ept_walk_per_miss: 104.869565 
ept_cycles_per_execution_cycles: 0.037971 
rss_in_gb: 0.004162 
cycles: 23367.300000 
avg_ept_walk_per_miss: 106.566038 
ept_cycles_per_execution_cycles: 0.024171 
rss_in_gb: 0.004162 
cycles: 18051.300000 
avg_ept_walk_per_miss: 109.465116 
ept_cycles_per_execution_cycles: 0.026076 
rss_in_gb: 0.004162 
cycles: 18051.300000 
avg_ept_walk_per_miss: 109.465116 
ept_cycles_per_execution_cycles: 0.026076 
rss_in_gb: 0.004162 
cycles: 15013.100000 
avg_ept_walk_per_miss: 108.186047 
ept_cycles_per_execution_cycles: 0.030986 
rss_in_gb: 0.004162 
cycles: 18980.900000 
avg_ept_walk_per_miss: 107.692308 
ept_cycles_per_execution_cycles: 0.036879 
rss_in_gb: 0.004162 
cycles: 12950.000000 
avg_ept_walk_per_miss: 109.093023 
ept_cycles_per_execution_cycles: 0.036224 
rss_in_gb: 0.004162 
cycles: 12950.000000 
avg_ept_walk_per_miss: 109.093023 
ept_cycles_per_execution_cycles: 0.036224 
rss_in_gb: 0.004162 
cycles: 18154.100000 
avg_ept_walk_per_miss: 112.326087 
ept_cycles_per_execution_cycles: 0.028462 
rss_in_gb: 0.004162 
cycles: 15121.400000 
avg_ept_walk_per_miss: 109.695652 
ept_cycles_per_execution_cycles: 0.033370 
rss_in_gb: 0.004162 
cycles: 15110.600000 
avg_ept_walk_per_miss: 110.212766 
ept_cycles_per_execution_cycles: 0.034281 
rss_in_gb: 0.004162 
cycles: 9947.400000 
avg_ept_walk_per_miss: 108.318182 
ept_cycles_per_execution_cycles: 0.047912 
rss_in_gb: 0.004162 
cycles: 15332.600000 
avg_ept_walk_per_miss: 86.181818 
ept_cycles_per_execution_cycles: 0.043280 
rss_in_gb: 0.004162 
cycles: 15332.600000 
avg_ept_walk_per_miss: 86.181818 
ept_cycles_per_execution_cycles: 0.043280 
rss_in_gb: 0.004162 
cycles: 15332.600000 
avg_ept_walk_per_miss: 86.181818 
ept_cycles_per_execution_cycles: 0.043280 
rss_in_gb: 0.004162 
cycles: 12115.900000 
avg_ept_walk_per_miss: 83.716216 
ept_cycles_per_execution_cycles: 0.051131 
rss_in_gb: 0.004162 
cycles: 12115.900000 
avg_ept_walk_per_miss: 83.716216 
ept_cycles_per_execution_cycles: 0.051131 
rss_in_gb: 0.004162 
cycles: 17385.200000 
avg_ept_walk_per_miss: 82.964286 
ept_cycles_per_execution_cycles: 0.040086 
rss_in_gb: 0.004162 
cycles: 12181.100000 
avg_ept_walk_per_miss: 80.160494 
ept_cycles_per_execution_cycles: 0.053304 
rss_in_gb: 0.004162 
cycles: 12181.100000 
avg_ept_walk_per_miss: 80.160494 
ept_cycles_per_execution_cycles: 0.053304 
rss_in_gb: 0.004162 
cycles: 12172.900000 
avg_ept_walk_per_miss: 79.827160 
ept_cycles_per_execution_cycles: 0.053118 
rss_in_gb: 0.004162 
cycles: 12172.900000 
avg_ept_walk_per_miss: 79.827160 
ept_cycles_per_execution_cycles: 0.053118 
rss_in_gb: 0.004162 
cycles: 12116.800000 
avg_ept_walk_per_miss: 89.119403 
ept_cycles_per_execution_cycles: 0.049279 
rss_in_gb: 0.004162 
cycles: 12116.800000 
avg_ept_walk_per_miss: 89.119403 
ept_cycles_per_execution_cycles: 0.049279 
rss_in_gb: 0.004162 
cycles: 12116.800000 
avg_ept_walk_per_miss: 89.119403 
ept_cycles_per_execution_cycles: 0.049279 
rss_in_gb: 0.004162 
cycles: 12092.100000 
avg_ept_walk_per_miss: 88.000000 
ept_cycles_per_execution_cycles: 0.048759 
rss_in_gb: 0.004162 
cycles: 12092.100000 
avg_ept_walk_per_miss: 88.000000 
ept_cycles_per_execution_cycles: 0.048759 
rss_in_gb: 0.004162 
cycles: 12085.900000 
avg_ept_walk_per_miss: 91.000000 
ept_cycles_per_execution_cycles: 0.048941 
rss_in_gb: 0.004162 
cycles: 12085.900000 
avg_ept_walk_per_miss: 91.000000 
ept_cycles_per_execution_cycles: 0.048941 
rss_in_gb: 0.004162 
cycles: 12085.900000 
avg_ept_walk_per_miss: 91.000000 
ept_cycles_per_execution_cycles: 0.048941 
rss_in_gb: 0.004162 
cycles: 12069.200000 
avg_ept_walk_per_miss: 89.492308 
ept_cycles_per_execution_cycles: 0.048197 
rss_in_gb: 0.004162 
cycles: 12069.200000 
avg_ept_walk_per_miss: 89.492308 
ept_cycles_per_execution_cycles: 0.048197 
rss_in_gb: 0.004162 
cycles: 12077.600000 
avg_ept_walk_per_miss: 82.808219 
ept_cycles_per_execution_cycles: 0.050051 
rss_in_gb: 0.004162 
cycles: 12077.600000 
avg_ept_walk_per_miss: 82.808219 
ept_cycles_per_execution_cycles: 0.050051 
rss_in_gb: 0.004162 
cycles: 12077.600000 
avg_ept_walk_per_miss: 82.808219 
ept_cycles_per_execution_cycles: 0.050051 
rss_in_gb: 0.004162 
cycles: 12104.300000 
avg_ept_walk_per_miss: 82.821918 
ept_cycles_per_execution_cycles: 0.049949 
rss_in_gb: 0.004162 
cycles: 12104.300000 
avg_ept_walk_per_miss: 82.821918 
ept_cycles_per_execution_cycles: 0.049949 
rss_in_gb: 0.004162 
cycles: 12068.100000 
avg_ept_walk_per_miss: 82.534247 
ept_cycles_per_execution_cycles: 0.049925 
rss_in_gb: 0.004162 
cycles: 12068.100000 
avg_ept_walk_per_miss: 82.534247 
ept_cycles_per_execution_cycles: 0.049925 
rss_in_gb: 0.004162 
cycles: 12068.100000 
avg_ept_walk_per_miss: 82.534247 
ept_cycles_per_execution_cycles: 0.049925 
rss_in_gb: 0.004162 
cycles: 12053.800000 
avg_ept_walk_per_miss: 82.712329 
ept_cycles_per_execution_cycles: 0.050092 
rss_in_gb: 0.004162 
cycles: 12053.800000 
avg_ept_walk_per_miss: 82.712329 
ept_cycles_per_execution_cycles: 0.050092 
rss_in_gb: 0.004162 
cycles: 11965.700000 
avg_ept_walk_per_miss: 97.888889 
ept_cycles_per_execution_cycles: 0.044176 
rss_in_gb: 0.004162 
cycles: 11965.700000 
avg_ept_walk_per_miss: 97.888889 
ept_cycles_per_execution_cycles: 0.044176 
rss_in_gb: 0.004162 
cycles: 11965.700000 
avg_ept_walk_per_miss: 97.888889 
ept_cycles_per_execution_cycles: 0.044176 
rss_in_gb: 0.004162 
cycles: 11956.300000 
avg_ept_walk_per_miss: 96.592593 
ept_cycles_per_execution_cycles: 0.043626 
rss_in_gb: 0.004162 
cycles: 11956.300000 
avg_ept_walk_per_miss: 96.592593 
ept_cycles_per_execution_cycles: 0.043626 
rss_in_gb: 0.004162 
cycles: 11929.900000 
avg_ept_walk_per_miss: 98.450980 
ept_cycles_per_execution_cycles: 0.042088 
rss_in_gb: 0.004162 
cycles: 11929.900000 
avg_ept_walk_per_miss: 98.450980 
ept_cycles_per_execution_cycles: 0.042088 
rss_in_gb: 0.004162 
cycles: 11929.900000 
avg_ept_walk_per_miss: 98.450980 
ept_cycles_per_execution_cycles: 0.042088 
rss_in_gb: 0.004162 
cycles: 11907.900000 
avg_ept_walk_per_miss: 96.509804 
ept_cycles_per_execution_cycles: 0.041334 
rss_in_gb: 0.004162 
cycles: 11907.900000 
avg_ept_walk_per_miss: 96.509804 
ept_cycles_per_execution_cycles: 0.041334 
rss_in_gb: 0.004162 
cycles: 11995.800000 
avg_ept_walk_per_miss: 88.250000 
ept_cycles_per_execution_cycles: 0.047083 
rss_in_gb: 0.004162 
cycles: 11995.800000 
avg_ept_walk_per_miss: 88.250000 
ept_cycles_per_execution_cycles: 0.047083 
rss_in_gb: 0.004162 
cycles: 11995.800000 
avg_ept_walk_per_miss: 88.250000 
ept_cycles_per_execution_cycles: 0.047083 
rss_in_gb: 0.004162 
cycles: 12005.300000 
avg_ept_walk_per_miss: 90.921875 
ept_cycles_per_execution_cycles: 0.048470 
rss_in_gb: 0.004162 
cycles: 12005.300000 
avg_ept_walk_per_miss: 90.921875 
ept_cycles_per_execution_cycles: 0.048470 
rss_in_gb: 0.004162 
cycles: 12035.000000 
avg_ept_walk_per_miss: 87.869565 
ept_cycles_per_execution_cycles: 0.050378 
rss_in_gb: 0.004162 
cycles: 12035.000000 
avg_ept_walk_per_miss: 87.869565 
ept_cycles_per_execution_cycles: 0.050378 
rss_in_gb: 0.004162 
cycles: 12035.000000 
avg_ept_walk_per_miss: 87.869565 
ept_cycles_per_execution_cycles: 0.050378 
rss_in_gb: 0.004162 
cycles: 12776.800000 
avg_ept_walk_per_miss: 95.345679 
ept_cycles_per_execution_cycles: 0.060445 
rss_in_gb: 0.004162 
cycles: 12776.800000 
avg_ept_walk_per_miss: 95.345679 
ept_cycles_per_execution_cycles: 0.060445 
rss_in_gb: 0.004162 
cycles: 12625.700000 
avg_ept_walk_per_miss: 106.000000 
ept_cycles_per_execution_cycles: 0.052892 
rss_in_gb: 0.004162 
cycles: 12625.700000 
avg_ept_walk_per_miss: 106.000000 
ept_cycles_per_execution_cycles: 0.052892 
rss_in_gb: 0.004162 
cycles: 12625.700000 
avg_ept_walk_per_miss: 106.000000 
ept_cycles_per_execution_cycles: 0.052892 
rss_in_gb: 0.004162 
cycles: 12830.300000 
avg_ept_walk_per_miss: 108.396825 
ept_cycles_per_execution_cycles: 0.053226 
rss_in_gb: 0.004162 
cycles: 12830.300000 
avg_ept_walk_per_miss: 108.396825 
ept_cycles_per_execution_cycles: 0.053226 
rss_in_gb: 0.004162 
cycles: 12759.100000 
avg_ept_walk_per_miss: 117.581818 
ept_cycles_per_execution_cycles: 0.050685 
rss_in_gb: 0.004162 
cycles: 12759.100000 
avg_ept_walk_per_miss: 117.581818 
ept_cycles_per_execution_cycles: 0.050685 
rss_in_gb: 0.004162 
cycles: 12759.100000 
avg_ept_walk_per_miss: 117.581818 
ept_cycles_per_execution_cycles: 0.050685 
rss_in_gb: 0.004162 
cycles: 12202.200000 
avg_ept_walk_per_miss: 113.604651 
ept_cycles_per_execution_cycles: 0.040034 
rss_in_gb: 0.004162 
cycles: 12202.200000 
avg_ept_walk_per_miss: 113.604651 
ept_cycles_per_execution_cycles: 0.040034 
rss_in_gb: 0.004162 
cycles: 12466.700000 
avg_ept_walk_per_miss: 89.521739 
ept_cycles_per_execution_cycles: 0.049548 
rss_in_gb: 0.004162 
cycles: 12466.700000 
avg_ept_walk_per_miss: 89.521739 
ept_cycles_per_execution_cycles: 0.049548 
rss_in_gb: 0.004162 
cycles: 12466.700000 
avg_ept_walk_per_miss: 89.521739 
ept_cycles_per_execution_cycles: 0.049548 
rss_in_gb: 0.004162 
cycles: 12366.000000 
avg_ept_walk_per_miss: 87.391304 
ept_cycles_per_execution_cycles: 0.048763 
rss_in_gb: 0.004162 
cycles: 12366.000000 
avg_ept_walk_per_miss: 87.391304 
ept_cycles_per_execution_cycles: 0.048763 
rss_in_gb: 0.004162 
cycles: 12389.200000 
avg_ept_walk_per_miss: 82.540541 
ept_cycles_per_execution_cycles: 0.049301 
rss_in_gb: 0.004162 
cycles: 12389.200000 
avg_ept_walk_per_miss: 82.540541 
ept_cycles_per_execution_cycles: 0.049301 
rss_in_gb: 0.004162 
cycles: 12389.200000 
avg_ept_walk_per_miss: 82.540541 
ept_cycles_per_execution_cycles: 0.049301 
rss_in_gb: 0.004162 
cycles: 12317.000000 
avg_ept_walk_per_miss: 85.094595 
ept_cycles_per_execution_cycles: 0.051124 
rss_in_gb: 0.004162 
cycles: 12317.000000 
avg_ept_walk_per_miss: 85.094595 
ept_cycles_per_execution_cycles: 0.051124 
rss_in_gb: 0.004162 
cycles: 12002.300000 
avg_ept_walk_per_miss: 102.127660 
ept_cycles_per_execution_cycles: 0.039992 
rss_in_gb: 0.004162 
cycles: 12002.300000 
avg_ept_walk_per_miss: 102.127660 
ept_cycles_per_execution_cycles: 0.039992 
rss_in_gb: 0.004162 
cycles: 12002.300000 
avg_ept_walk_per_miss: 102.127660 
ept_cycles_per_execution_cycles: 0.039992 
rss_in_gb: 0.004162 
cycles: 11957.900000 
avg_ept_walk_per_miss: 102.510638 
ept_cycles_per_execution_cycles: 0.040291 
rss_in_gb: 0.004162 
cycles: 17251.600000 
avg_ept_walk_per_miss: 104.115385 
ept_cycles_per_execution_cycles: 0.031383 
rss_in_gb: 0.004162 
cycles: 12069.400000 
avg_ept_walk_per_miss: 108.377778 
ept_cycles_per_execution_cycles: 0.040408 
rss_in_gb: 0.004162 
cycles: 12069.400000 
avg_ept_walk_per_miss: 108.377778 
ept_cycles_per_execution_cycles: 0.040408 
rss_in_gb: 0.004162 
cycles: 12069.400000 
avg_ept_walk_per_miss: 108.377778 
ept_cycles_per_execution_cycles: 0.040408 
rss_in_gb: 0.004162 
cycles: 12141.300000 
avg_ept_walk_per_miss: 106.400000 
ept_cycles_per_execution_cycles: 0.039436 
rss_in_gb: 0.004162 
cycles: 17474.700000 
avg_ept_walk_per_miss: 92.275362 
ept_cycles_per_execution_cycles: 0.036436 
rss_in_gb: 0.004162 
cycles: 12338.700000 
avg_ept_walk_per_miss: 90.149254 
ept_cycles_per_execution_cycles: 0.048952 
rss_in_gb: 0.004162 
cycles: 12338.700000 
avg_ept_walk_per_miss: 90.149254 
ept_cycles_per_execution_cycles: 0.048952 
rss_in_gb: 0.004162 
cycles: 12338.700000 
avg_ept_walk_per_miss: 90.149254 
ept_cycles_per_execution_cycles: 0.048952 
rss_in_gb: 0.004162 
cycles: 12422.500000 
avg_ept_walk_per_miss: 91.194030 
ept_cycles_per_execution_cycles: 0.049185 
rss_in_gb: 0.004162 
cycles: 12399.800000 
avg_ept_walk_per_miss: 90.125000 
ept_cycles_per_execution_cycles: 0.052331 
rss_in_gb: 0.004162 
cycles: 12399.800000 
avg_ept_walk_per_miss: 90.125000 
ept_cycles_per_execution_cycles: 0.052331 
rss_in_gb: 0.004162 
cycles: 12399.800000 
avg_ept_walk_per_miss: 90.125000 
ept_cycles_per_execution_cycles: 0.052331 
rss_in_gb: 0.004162 
cycles: 12399.800000 
avg_ept_walk_per_miss: 90.125000 
ept_cycles_per_execution_cycles: 0.052331 
rss_in_gb: 0.004162 
cycles: 12335.100000 
avg_ept_walk_per_miss: 91.305556 
ept_cycles_per_execution_cycles: 0.053295 
rss_in_gb: 0.004162 
cycles: 12267.600000 
avg_ept_walk_per_miss: 104.379310 
ept_cycles_per_execution_cycles: 0.049350 
rss_in_gb: 0.004162 
cycles: 12267.600000 
avg_ept_walk_per_miss: 104.379310 
ept_cycles_per_execution_cycles: 0.049350 
rss_in_gb: 0.004162 
cycles: 12267.600000 
avg_ept_walk_per_miss: 104.379310 
ept_cycles_per_execution_cycles: 0.049350 
rss_in_gb: 0.004162 
cycles: 12267.600000 
avg_ept_walk_per_miss: 104.379310 
ept_cycles_per_execution_cycles: 0.049350 
rss_in_gb: 0.004162 
cycles: 12301.700000 
avg_ept_walk_per_miss: 103.655172 
ept_cycles_per_execution_cycles: 0.048871 
rss_in_gb: 0.004162 
cycles: 12263.900000 
avg_ept_walk_per_miss: 109.075472 
ept_cycles_per_execution_cycles: 0.047138 
rss_in_gb: 0.004162 
cycles: 12263.900000 
avg_ept_walk_per_miss: 109.075472 
ept_cycles_per_execution_cycles: 0.047138 
rss_in_gb: 0.004162 
cycles: 12263.900000 
avg_ept_walk_per_miss: 109.075472 
ept_cycles_per_execution_cycles: 0.047138 
rss_in_gb: 0.004162 
cycles: 12263.900000 
avg_ept_walk_per_miss: 109.075472 
ept_cycles_per_execution_cycles: 0.047138 
rss_in_gb: 0.004162 
cycles: 12333.600000 
avg_ept_walk_per_miss: 107.886792 
ept_cycles_per_execution_cycles: 0.046361 
rss_in_gb: 0.004162 
cycles: 12410.400000 
avg_ept_walk_per_miss: 93.250000 
ept_cycles_per_execution_cycles: 0.051094 
rss_in_gb: 0.004162 
cycles: 12410.400000 
avg_ept_walk_per_miss: 93.250000 
ept_cycles_per_execution_cycles: 0.051094 
rss_in_gb: 0.004162 
cycles: 12410.400000 
avg_ept_walk_per_miss: 93.250000 
ept_cycles_per_execution_cycles: 0.051094 
rss_in_gb: 0.004162 
cycles: 12410.400000 
avg_ept_walk_per_miss: 93.250000 
ept_cycles_per_execution_cycles: 0.051094 
rss_in_gb: 0.004162 
cycles: 12345.200000 
avg_ept_walk_per_miss: 94.397059 
ept_cycles_per_execution_cycles: 0.051996 
rss_in_gb: 0.004162 
cycles: 12502.400000 
avg_ept_walk_per_miss: 82.370370 
ept_cycles_per_execution_cycles: 0.053366 
rss_in_gb: 0.004162 
cycles: 12502.400000 
avg_ept_walk_per_miss: 82.370370 
ept_cycles_per_execution_cycles: 0.053366 
rss_in_gb: 0.004162 
cycles: 12502.400000 
avg_ept_walk_per_miss: 82.370370 
ept_cycles_per_execution_cycles: 0.053366 
rss_in_gb: 0.004162 
cycles: 12502.400000 
avg_ept_walk_per_miss: 82.370370 
ept_cycles_per_execution_cycles: 0.053366 
rss_in_gb: 0.004162 
cycles: 12446.100000 
avg_ept_walk_per_miss: 83.703704 
ept_cycles_per_execution_cycles: 0.054475 
rss_in_gb: 0.004162 
cycles: 12586.000000 
avg_ept_walk_per_miss: 91.596774 
ept_cycles_per_execution_cycles: 0.045122 
rss_in_gb: 0.004162 
cycles: 12586.000000 
avg_ept_walk_per_miss: 91.596774 
ept_cycles_per_execution_cycles: 0.045122 
rss_in_gb: 0.004162 
cycles: 12586.000000 
avg_ept_walk_per_miss: 91.596774 
ept_cycles_per_execution_cycles: 0.045122 
rss_in_gb: 0.004162 
cycles: 12586.000000 
avg_ept_walk_per_miss: 91.596774 
ept_cycles_per_execution_cycles: 0.045122 
rss_in_gb: 0.004162 
cycles: 12647.300000 
avg_ept_walk_per_miss: 90.387097 
ept_cycles_per_execution_cycles: 0.044310 
rss_in_gb: 0.004162 
cycles: 12724.100000 
avg_ept_walk_per_miss: 107.234043 
ept_cycles_per_execution_cycles: 0.039610 
rss_in_gb: 0.004162 
cycles: 12724.100000 
avg_ept_walk_per_miss: 107.234043 
ept_cycles_per_execution_cycles: 0.039610 
rss_in_gb: 0.004162 
cycles: 12724.100000 
avg_ept_walk_per_miss: 107.234043 
ept_cycles_per_execution_cycles: 0.039610 
rss_in_gb: 0.004162 
cycles: 12724.100000 
avg_ept_walk_per_miss: 107.234043 
ept_cycles_per_execution_cycles: 0.039610 
rss_in_gb: 0.004162 
cycles: 12770.500000 
avg_ept_walk_per_miss: 106.744681 
ept_cycles_per_execution_cycles: 0.039286 
rss_in_gb: 0.004162 
cycles: 12911.300000 
avg_ept_walk_per_miss: 91.984848 
ept_cycles_per_execution_cycles: 0.047021 
rss_in_gb: 0.004162 
cycles: 12911.300000 
avg_ept_walk_per_miss: 91.984848 
ept_cycles_per_execution_cycles: 0.047021 
rss_in_gb: 0.004162 
cycles: 12911.300000 
avg_ept_walk_per_miss: 91.984848 
ept_cycles_per_execution_cycles: 0.047021 
rss_in_gb: 0.004162 
cycles: 12911.300000 
avg_ept_walk_per_miss: 91.984848 
ept_cycles_per_execution_cycles: 0.047021 
rss_in_gb: 0.004162 
cycles: 12825.300000 
avg_ept_walk_per_miss: 91.954545 
ept_cycles_per_execution_cycles: 0.047321 
rss_in_gb: 0.004162 
cycles: 12791.200000 
avg_ept_walk_per_miss: 87.538462 
ept_cycles_per_execution_cycles: 0.053380 
rss_in_gb: 0.004162 
cycles: 12791.200000 
avg_ept_walk_per_miss: 87.538462 
ept_cycles_per_execution_cycles: 0.053380 
rss_in_gb: 0.004162 
cycles: 12791.200000 
avg_ept_walk_per_miss: 87.538462 
ept_cycles_per_execution_cycles: 0.053380 
rss_in_gb: 0.004162 
cycles: 12791.200000 
avg_ept_walk_per_miss: 87.538462 
ept_cycles_per_execution_cycles: 0.053380 
rss_in_gb: 0.004162 
cycles: 12752.400000 
avg_ept_walk_per_miss: 87.441558 
ept_cycles_per_execution_cycles: 0.052798 
rss_in_gb: 0.004162 
cycles: 12581.900000 
avg_ept_walk_per_miss: 99.210526 
ept_cycles_per_execution_cycles: 0.044946 
rss_in_gb: 0.004162 
cycles: 12581.900000 
avg_ept_walk_per_miss: 99.210526 
ept_cycles_per_execution_cycles: 0.044946 
rss_in_gb: 0.004162 
cycles: 12581.900000 
avg_ept_walk_per_miss: 99.210526 
ept_cycles_per_execution_cycles: 0.044946 
rss_in_gb: 0.004162 
cycles: 13419.900000 
avg_ept_walk_per_miss: 99.302632 
ept_cycles_per_execution_cycles: 0.056237 
rss_in_gb: 0.004162 
cycles: 12579.200000 
avg_ept_walk_per_miss: 97.578947 
ept_cycles_per_execution_cycles: 0.044216 
rss_in_gb: 0.004162 
cycles: 12347.000000 
avg_ept_walk_per_miss: 108.886364 
ept_cycles_per_execution_cycles: 0.038803 
rss_in_gb: 0.004162 
cycles: 12347.000000 
avg_ept_walk_per_miss: 108.886364 
ept_cycles_per_execution_cycles: 0.038803 
rss_in_gb: 0.004162 
cycles: 12347.000000 
avg_ept_walk_per_miss: 108.886364 
ept_cycles_per_execution_cycles: 0.038803 
rss_in_gb: 0.004162 
cycles: 13260.500000 
avg_ept_walk_per_miss: 109.634921 
ept_cycles_per_execution_cycles: 0.052087 
rss_in_gb: 0.004162 
cycles: 12405.300000 
avg_ept_walk_per_miss: 110.800000 
ept_cycles_per_execution_cycles: 0.040192 
rss_in_gb: 0.004162 
cycles: 12326.300000 
avg_ept_walk_per_miss: 95.393939 
ept_cycles_per_execution_cycles: 0.051078 
rss_in_gb: 0.004162 
cycles: 12326.300000 
avg_ept_walk_per_miss: 95.393939 
ept_cycles_per_execution_cycles: 0.051078 
rss_in_gb: 0.004162 
cycles: 12326.300000 
avg_ept_walk_per_miss: 95.393939 
ept_cycles_per_execution_cycles: 0.051078 
rss_in_gb: 0.004162 
cycles: 12398.100000 
avg_ept_walk_per_miss: 98.333333 
ept_cycles_per_execution_cycles: 0.052347 
rss_in_gb: 0.004162 
cycles: 12398.100000 
avg_ept_walk_per_miss: 98.333333 
ept_cycles_per_execution_cycles: 0.052347 
rss_in_gb: 0.004162 
cycles: 12531.000000 
avg_ept_walk_per_miss: 90.666667 
ept_cycles_per_execution_cycles: 0.060777 
rss_in_gb: 0.004162 
cycles: 12531.000000 
avg_ept_walk_per_miss: 90.666667 
ept_cycles_per_execution_cycles: 0.060777 
rss_in_gb: 0.004162 
cycles: 12531.000000 
avg_ept_walk_per_miss: 90.666667 
ept_cycles_per_execution_cycles: 0.060777 
rss_in_gb: 0.004162 
cycles: 12523.100000 
avg_ept_walk_per_miss: 88.202381 
ept_cycles_per_execution_cycles: 0.059163 
rss_in_gb: 0.004162 
cycles: 12523.100000 
avg_ept_walk_per_miss: 88.202381 
ept_cycles_per_execution_cycles: 0.059163 
rss_in_gb: 0.004162 
cycles: 12340.000000 
avg_ept_walk_per_miss: 96.238095 
ept_cycles_per_execution_cycles: 0.049133 
rss_in_gb: 0.004162 
cycles: 12340.000000 
avg_ept_walk_per_miss: 96.238095 
ept_cycles_per_execution_cycles: 0.049133 
rss_in_gb: 0.004162 
cycles: 12340.000000 
avg_ept_walk_per_miss: 96.238095 
ept_cycles_per_execution_cycles: 0.049133 
rss_in_gb: 0.004162 
cycles: 12311.100000 
avg_ept_walk_per_miss: 92.047619 
ept_cycles_per_execution_cycles: 0.047104 
rss_in_gb: 0.004162 
cycles: 12311.100000 
avg_ept_walk_per_miss: 92.047619 
ept_cycles_per_execution_cycles: 0.047104 
rss_in_gb: 0.004162 
cycles: 12153.700000 
avg_ept_walk_per_miss: 104.155556 
ept_cycles_per_execution_cycles: 0.038564 
rss_in_gb: 0.004162 
cycles: 12153.700000 
avg_ept_walk_per_miss: 104.155556 
ept_cycles_per_execution_cycles: 0.038564 
rss_in_gb: 0.004162 
cycles: 12153.700000 
avg_ept_walk_per_miss: 104.155556 
ept_cycles_per_execution_cycles: 0.038564 
rss_in_gb: 0.004162 
cycles: 12139.000000 
avg_ept_walk_per_miss: 103.666667 
ept_cycles_per_execution_cycles: 0.038430 
rss_in_gb: 0.004162 
cycles: 12139.000000 
avg_ept_walk_per_miss: 103.666667 
ept_cycles_per_execution_cycles: 0.038430 
rss_in_gb: 0.004162 
cycles: 12280.500000 
avg_ept_walk_per_miss: 90.734375 
ept_cycles_per_execution_cycles: 0.047286 
rss_in_gb: 0.004162 
cycles: 12280.500000 
avg_ept_walk_per_miss: 90.734375 
ept_cycles_per_execution_cycles: 0.047286 
rss_in_gb: 0.004162 
cycles: 12280.500000 
avg_ept_walk_per_miss: 90.734375 
ept_cycles_per_execution_cycles: 0.047286 
rss_in_gb: 0.004162 
cycles: 12302.500000 
avg_ept_walk_per_miss: 91.671875 
ept_cycles_per_execution_cycles: 0.047689 
rss_in_gb: 0.004162 
cycles: 12302.500000 
avg_ept_walk_per_miss: 91.671875 
ept_cycles_per_execution_cycles: 0.047689 
rss_in_gb: 0.004162 
cycles: 12673.300000 
avg_ept_walk_per_miss: 69.310606 
ept_cycles_per_execution_cycles: 0.072191 
rss_in_gb: 0.004162 
cycles: 12673.300000 
avg_ept_walk_per_miss: 69.310606 
ept_cycles_per_execution_cycles: 0.072191 
rss_in_gb: 0.004162 
cycles: 12673.300000 
avg_ept_walk_per_miss: 69.310606 
ept_cycles_per_execution_cycles: 0.072191 
rss_in_gb: 0.004162 
cycles: 12990.100000 
avg_ept_walk_per_miss: 73.257576 
ept_cycles_per_execution_cycles: 0.074441 
rss_in_gb: 0.004162 
cycles: 12990.100000 
avg_ept_walk_per_miss: 73.257576 
ept_cycles_per_execution_cycles: 0.074441 
rss_in_gb: 0.004162 
cycles: 13031.400000 
avg_ept_walk_per_miss: 71.737589 
ept_cycles_per_execution_cycles: 0.077620 
rss_in_gb: 0.004162 
cycles: 13031.400000 
avg_ept_walk_per_miss: 71.737589 
ept_cycles_per_execution_cycles: 0.077620 
rss_in_gb: 0.004162 
cycles: 13031.400000 
avg_ept_walk_per_miss: 71.737589 
ept_cycles_per_execution_cycles: 0.077620 
rss_in_gb: 0.004162 
cycles: 13060.700000 
avg_ept_walk_per_miss: 71.560284 
ept_cycles_per_execution_cycles: 0.077255 
rss_in_gb: 0.004162 
cycles: 13060.700000 
avg_ept_walk_per_miss: 71.560284 
ept_cycles_per_execution_cycles: 0.077255 
rss_in_gb: 0.004162 
cycles: 12730.300000 
avg_ept_walk_per_miss: 85.715909 
ept_cycles_per_execution_cycles: 0.059252 
rss_in_gb: 0.004162 
cycles: 12730.300000 
avg_ept_walk_per_miss: 85.715909 
ept_cycles_per_execution_cycles: 0.059252 
rss_in_gb: 0.004162 
cycles: 12730.300000 
avg_ept_walk_per_miss: 85.715909 
ept_cycles_per_execution_cycles: 0.059252 
rss_in_gb: 0.004162 
cycles: 12434.200000 
avg_ept_walk_per_miss: 81.000000 
ept_cycles_per_execution_cycles: 0.057326 
rss_in_gb: 0.004162 
cycles: 12434.200000 
avg_ept_walk_per_miss: 81.000000 
ept_cycles_per_execution_cycles: 0.057326 
rss_in_gb: 0.004162 
cycles: 12368.200000 
avg_ept_walk_per_miss: 79.304878 
ept_cycles_per_execution_cycles: 0.052578 
rss_in_gb: 0.004162 
cycles: 12368.200000 
avg_ept_walk_per_miss: 79.304878 
ept_cycles_per_execution_cycles: 0.052578 
rss_in_gb: 0.004162 
cycles: 12368.200000 
avg_ept_walk_per_miss: 79.304878 
ept_cycles_per_execution_cycles: 0.052578 
rss_in_gb: 0.004162 
cycles: 12378.700000 
avg_ept_walk_per_miss: 81.256098 
ept_cycles_per_execution_cycles: 0.053826 
rss_in_gb: 0.004162 
cycles: 12378.700000 
avg_ept_walk_per_miss: 81.256098 
ept_cycles_per_execution_cycles: 0.053826 
rss_in_gb: 0.004162 
cycles: 18099.700000 
avg_ept_walk_per_miss: 93.000000 
ept_cycles_per_execution_cycles: 0.076045 
rss_in_gb: 0.004162 
cycles: 18099.700000 
avg_ept_walk_per_miss: 93.000000 
ept_cycles_per_execution_cycles: 0.076045 
rss_in_gb: 0.004162 
cycles: 18099.700000 
avg_ept_walk_per_miss: 93.000000 
ept_cycles_per_execution_cycles: 0.076045 
rss_in_gb: 0.004162 
cycles: 18165.000000 
avg_ept_walk_per_miss: 93.547297 
ept_cycles_per_execution_cycles: 0.076218 
rss_in_gb: 0.004162 
cycles: 18165.000000 
avg_ept_walk_per_miss: 93.547297 
ept_cycles_per_execution_cycles: 0.076218 
rss_in_gb: 0.004162 
cycles: 18282.000000 
avg_ept_walk_per_miss: 81.609375 
ept_cycles_per_execution_cycles: 0.085707 
rss_in_gb: 0.004162 
cycles: 18282.000000 
avg_ept_walk_per_miss: 81.609375 
ept_cycles_per_execution_cycles: 0.085707 
rss_in_gb: 0.004162 
cycles: 18282.000000 
avg_ept_walk_per_miss: 81.609375 
ept_cycles_per_execution_cycles: 0.085707 
rss_in_gb: 0.004162 
cycles: 18256.100000 
avg_ept_walk_per_miss: 80.619792 
ept_cycles_per_execution_cycles: 0.084788 
rss_in_gb: 0.004162 
cycles: 18256.100000 
avg_ept_walk_per_miss: 80.619792 
ept_cycles_per_execution_cycles: 0.084788 
rss_in_gb: 0.004162 
cycles: 12502.600000 
avg_ept_walk_per_miss: 64.409449 
ept_cycles_per_execution_cycles: 0.065426 
rss_in_gb: 0.004162 
cycles: 12502.600000 
avg_ept_walk_per_miss: 64.409449 
ept_cycles_per_execution_cycles: 0.065426 
rss_in_gb: 0.004162 
cycles: 12502.600000 
avg_ept_walk_per_miss: 64.409449 
ept_cycles_per_execution_cycles: 0.065426 
rss_in_gb: 0.004162 
cycles: 12450.000000 
avg_ept_walk_per_miss: 63.606299 
ept_cycles_per_execution_cycles: 0.064884 
rss_in_gb: 0.004162 
cycles: 12450.000000 
avg_ept_walk_per_miss: 63.606299 
ept_cycles_per_execution_cycles: 0.064884 
rss_in_gb: 0.004162 
cycles: 12331.000000 
avg_ept_walk_per_miss: 82.826667 
ept_cycles_per_execution_cycles: 0.050377 
rss_in_gb: 0.004162 
cycles: 12331.000000 
avg_ept_walk_per_miss: 82.826667 
ept_cycles_per_execution_cycles: 0.050377 
rss_in_gb: 0.004162 
cycles: 12331.000000 
avg_ept_walk_per_miss: 82.826667 
ept_cycles_per_execution_cycles: 0.050377 
rss_in_gb: 0.004162 
cycles: 12366.600000 
avg_ept_walk_per_miss: 85.066667 
ept_cycles_per_execution_cycles: 0.051591 
rss_in_gb: 0.004162 
cycles: 12366.600000 
avg_ept_walk_per_miss: 85.066667 
ept_cycles_per_execution_cycles: 0.051591 
rss_in_gb: 0.004162 
cycles: 12415.400000 
avg_ept_walk_per_miss: 98.017241 
ept_cycles_per_execution_cycles: 0.045790 
rss_in_gb: 0.004162 
cycles: 12415.400000 
avg_ept_walk_per_miss: 98.017241 
ept_cycles_per_execution_cycles: 0.045790 
rss_in_gb: 0.004162 
cycles: 12415.400000 
avg_ept_walk_per_miss: 98.017241 
ept_cycles_per_execution_cycles: 0.045790 
rss_in_gb: 0.004162 
cycles: 12425.400000 
avg_ept_walk_per_miss: 97.068966 
ept_cycles_per_execution_cycles: 0.045310 
rss_in_gb: 0.004162 
cycles: 12425.400000 
avg_ept_walk_per_miss: 97.068966 
ept_cycles_per_execution_cycles: 0.045310 
rss_in_gb: 0.004162 
cycles: 12200.100000 
avg_ept_walk_per_miss: 110.230769 
ept_cycles_per_execution_cycles: 0.035237 
rss_in_gb: 0.004162 
cycles: 12200.100000 
avg_ept_walk_per_miss: 110.230769 
ept_cycles_per_execution_cycles: 0.035237 
rss_in_gb: 0.004162 
cycles: 12200.100000 
avg_ept_walk_per_miss: 110.230769 
ept_cycles_per_execution_cycles: 0.035237 
rss_in_gb: 0.004162 
cycles: 12734.900000 
avg_ept_walk_per_miss: 110.320755 
ept_cycles_per_execution_cycles: 0.045913 
rss_in_gb: 0.004162 
cycles: 12734.900000 
avg_ept_walk_per_miss: 110.320755 
ept_cycles_per_execution_cycles: 0.045913 
rss_in_gb: 0.004162 
cycles: 12506.900000 
avg_ept_walk_per_miss: 108.923077 
ept_cycles_per_execution_cycles: 0.045287 
rss_in_gb: 0.004162 
cycles: 12506.900000 
avg_ept_walk_per_miss: 108.923077 
ept_cycles_per_execution_cycles: 0.045287 
rss_in_gb: 0.004162 
cycles: 12506.900000 
avg_ept_walk_per_miss: 108.923077 
ept_cycles_per_execution_cycles: 0.045287 
rss_in_gb: 0.004162 
cycles: 12492.900000 
avg_ept_walk_per_miss: 110.307692 
ept_cycles_per_execution_cycles: 0.045914 
rss_in_gb: 0.004162 
cycles: 12492.900000 
avg_ept_walk_per_miss: 110.307692 
ept_cycles_per_execution_cycles: 0.045914 
rss_in_gb: 0.004162 
cycles: 14276.100000 
avg_ept_walk_per_miss: 99.742424 
ept_cycles_per_execution_cycles: 0.046112 
rss_in_gb: 0.004162 
cycles: 14276.100000 
avg_ept_walk_per_miss: 99.742424 
ept_cycles_per_execution_cycles: 0.046112 
rss_in_gb: 0.004162 
cycles: 14276.100000 
avg_ept_walk_per_miss: 99.742424 
ept_cycles_per_execution_cycles: 0.046112 
rss_in_gb: 0.004162 
cycles: 13664.700000 
avg_ept_walk_per_miss: 96.461538 
ept_cycles_per_execution_cycles: 0.036708 
rss_in_gb: 0.004162 
cycles: 18778.900000 
avg_ept_walk_per_miss: 93.736842 
ept_cycles_per_execution_cycles: 0.028452 
rss_in_gb: 0.004162 
cycles: 13773.800000 
avg_ept_walk_per_miss: 92.087719 
ept_cycles_per_execution_cycles: 0.038109 
rss_in_gb: 0.004162 
cycles: 13773.800000 
avg_ept_walk_per_miss: 92.087719 
ept_cycles_per_execution_cycles: 0.038109 
rss_in_gb: 0.004162 
cycles: 13773.800000 
avg_ept_walk_per_miss: 92.087719 
ept_cycles_per_execution_cycles: 0.038109 
rss_in_gb: 0.004162 
cycles: 13760.200000 
avg_ept_walk_per_miss: 93.508772 
ept_cycles_per_execution_cycles: 0.038735 
rss_in_gb: 0.004162 
cycles: 18775.000000 
avg_ept_walk_per_miss: 95.333333 
ept_cycles_per_execution_cycles: 0.028943 
rss_in_gb: 0.004162 
cycles: 11911.500000 
avg_ept_walk_per_miss: 104.116279 
ept_cycles_per_execution_cycles: 0.037586 
rss_in_gb: 0.004162 
cycles: 11911.500000 
avg_ept_walk_per_miss: 104.116279 
ept_cycles_per_execution_cycles: 0.037586 
rss_in_gb: 0.004162 
cycles: 11911.500000 
avg_ept_walk_per_miss: 104.116279 
ept_cycles_per_execution_cycles: 0.037586 
rss_in_gb: 0.004162 
cycles: 11957.500000 
avg_ept_walk_per_miss: 102.906977 
ept_cycles_per_execution_cycles: 0.037006 
rss_in_gb: 0.004162 
cycles: 11882.400000 
avg_ept_walk_per_miss: 110.184211 
ept_cycles_per_execution_cycles: 0.035237 
rss_in_gb: 0.004162 
cycles: 11882.400000 
avg_ept_walk_per_miss: 110.184211 
ept_cycles_per_execution_cycles: 0.035237 
rss_in_gb: 0.004162 
cycles: 11882.400000 
avg_ept_walk_per_miss: 110.184211 
ept_cycles_per_execution_cycles: 0.035237 
rss_in_gb: 0.004162 
cycles: 11882.400000 
avg_ept_walk_per_miss: 110.184211 
ept_cycles_per_execution_cycles: 0.035237 
rss_in_gb: 0.004162 
cycles: 11880.400000 
avg_ept_walk_per_miss: 105.131579 
ept_cycles_per_execution_cycles: 0.033627 
rss_in_gb: 0.004162 
cycles: 12075.200000 
avg_ept_walk_per_miss: 92.346154 
ept_cycles_per_execution_cycles: 0.039767 
rss_in_gb: 0.004162 
cycles: 12075.200000 
avg_ept_walk_per_miss: 92.346154 
ept_cycles_per_execution_cycles: 0.039767 
rss_in_gb: 0.004162 
cycles: 12075.200000 
avg_ept_walk_per_miss: 92.346154 
ept_cycles_per_execution_cycles: 0.039767 
rss_in_gb: 0.004162 
cycles: 12075.200000 
avg_ept_walk_per_miss: 92.346154 
ept_cycles_per_execution_cycles: 0.039767 
rss_in_gb: 0.004162 
cycles: 12027.800000 
avg_ept_walk_per_miss: 94.192308 
ept_cycles_per_execution_cycles: 0.040722 
rss_in_gb: 0.004162 
cycles: 12104.100000 
avg_ept_walk_per_miss: 92.481481 
ept_cycles_per_execution_cycles: 0.041259 
rss_in_gb: 0.004162 
cycles: 12104.100000 
avg_ept_walk_per_miss: 92.481481 
ept_cycles_per_execution_cycles: 0.041259 
rss_in_gb: 0.004162 
cycles: 12104.100000 
avg_ept_walk_per_miss: 92.481481 
ept_cycles_per_execution_cycles: 0.041259 
rss_in_gb: 0.004162 
cycles: 12104.100000 
avg_ept_walk_per_miss: 92.481481 
ept_cycles_per_execution_cycles: 0.041259 
rss_in_gb: 0.004162 
cycles: 12111.600000 
avg_ept_walk_per_miss: 95.055556 
ept_cycles_per_execution_cycles: 0.042381 
rss_in_gb: 0.004162 
cycles: 12261.600000 
avg_ept_walk_per_miss: 65.094017 
ept_cycles_per_execution_cycles: 0.062113 
rss_in_gb: 0.004162 
cycles: 12261.600000 
avg_ept_walk_per_miss: 65.094017 
ept_cycles_per_execution_cycles: 0.062113 
rss_in_gb: 0.004162 
cycles: 12261.600000 
avg_ept_walk_per_miss: 65.094017 
ept_cycles_per_execution_cycles: 0.062113 
rss_in_gb: 0.004162 
cycles: 12261.600000 
avg_ept_walk_per_miss: 65.094017 
ept_cycles_per_execution_cycles: 0.062113 
rss_in_gb: 0.004162 
cycles: 12317.100000 
avg_ept_walk_per_miss: 64.709402 
ept_cycles_per_execution_cycles: 0.061467 
rss_in_gb: 0.004162 
cycles: 12370.300000 
avg_ept_walk_per_miss: 64.796875 
ept_cycles_per_execution_cycles: 0.067048 
rss_in_gb: 0.004162 
cycles: 12370.300000 
avg_ept_walk_per_miss: 64.796875 
ept_cycles_per_execution_cycles: 0.067048 
rss_in_gb: 0.004162 
cycles: 12370.300000 
avg_ept_walk_per_miss: 64.796875 
ept_cycles_per_execution_cycles: 0.067048 
rss_in_gb: 0.004162 
cycles: 12370.300000 
avg_ept_walk_per_miss: 64.796875 
ept_cycles_per_execution_cycles: 0.067048 
rss_in_gb: 0.004162 
cycles: 12319.100000 
avg_ept_walk_per_miss: 63.296875 
ept_cycles_per_execution_cycles: 0.065768 
rss_in_gb: 0.004162 
cycles: 12585.100000 
avg_ept_walk_per_miss: 81.772152 
ept_cycles_per_execution_cycles: 0.051331 
rss_in_gb: 0.004162 
cycles: 12585.100000 
avg_ept_walk_per_miss: 81.772152 
ept_cycles_per_execution_cycles: 0.051331 
rss_in_gb: 0.004162 
cycles: 12585.100000 
avg_ept_walk_per_miss: 81.772152 
ept_cycles_per_execution_cycles: 0.051331 
rss_in_gb: 0.004162 
cycles: 12585.100000 
avg_ept_walk_per_miss: 81.772152 
ept_cycles_per_execution_cycles: 0.051331 
rss_in_gb: 0.004162 
cycles: 12740.600000 
avg_ept_walk_per_miss: 84.025000 
ept_cycles_per_execution_cycles: 0.052760 
rss_in_gb: 0.004162 
cycles: 13050.900000 
avg_ept_walk_per_miss: 84.702703 
ept_cycles_per_execution_cycles: 0.048027 
rss_in_gb: 0.004162 
cycles: 13050.900000 
avg_ept_walk_per_miss: 84.702703 
ept_cycles_per_execution_cycles: 0.048027 
rss_in_gb: 0.004162 
cycles: 13050.900000 
avg_ept_walk_per_miss: 84.702703 
ept_cycles_per_execution_cycles: 0.048027 
rss_in_gb: 0.004162 
cycles: 13050.900000 
avg_ept_walk_per_miss: 84.702703 
ept_cycles_per_execution_cycles: 0.048027 
rss_in_gb: 0.004162 
cycles: 12991.800000 
avg_ept_walk_per_miss: 86.040541 
ept_cycles_per_execution_cycles: 0.049008 
rss_in_gb: 0.004162 
cycles: 12727.700000 
avg_ept_walk_per_miss: 104.673913 
ept_cycles_per_execution_cycles: 0.037831 
rss_in_gb: 0.004162 
cycles: 12727.700000 
avg_ept_walk_per_miss: 104.673913 
ept_cycles_per_execution_cycles: 0.037831 
rss_in_gb: 0.004162 
cycles: 12727.700000 
avg_ept_walk_per_miss: 104.673913 
ept_cycles_per_execution_cycles: 0.037831 
rss_in_gb: 0.004162 
cycles: 12727.700000 
avg_ept_walk_per_miss: 104.673913 
ept_cycles_per_execution_cycles: 0.037831 
rss_in_gb: 0.004162 
cycles: 12486.700000 
avg_ept_walk_per_miss: 97.577778 
ept_cycles_per_execution_cycles: 0.035165 
rss_in_gb: 0.004162 
cycles: 12084.000000 
avg_ept_walk_per_miss: 105.868421 
ept_cycles_per_execution_cycles: 0.033292 
rss_in_gb: 0.004162 
cycles: 12084.000000 
avg_ept_walk_per_miss: 105.868421 
ept_cycles_per_execution_cycles: 0.033292 
rss_in_gb: 0.004162 
cycles: 12084.000000 
avg_ept_walk_per_miss: 105.868421 
ept_cycles_per_execution_cycles: 0.033292 
rss_in_gb: 0.004162 
cycles: 13021.100000 
avg_ept_walk_per_miss: 104.070175 
ept_cycles_per_execution_cycles: 0.045557 
rss_in_gb: 0.004162 
cycles: 12219.200000 
avg_ept_walk_per_miss: 105.473684 
ept_cycles_per_execution_cycles: 0.032801 
rss_in_gb: 0.004162 
cycles: 12367.700000 
avg_ept_walk_per_miss: 83.200000 
ept_cycles_per_execution_cycles: 0.043727 
rss_in_gb: 0.004162 
cycles: 12367.700000 
avg_ept_walk_per_miss: 83.200000 
ept_cycles_per_execution_cycles: 0.043727 
rss_in_gb: 0.004162 
cycles: 12367.700000 
avg_ept_walk_per_miss: 83.200000 
ept_cycles_per_execution_cycles: 0.043727 
rss_in_gb: 0.004162 
cycles: 13274.200000 
avg_ept_walk_per_miss: 85.797619 
ept_cycles_per_execution_cycles: 0.054293 
rss_in_gb: 0.004162 
cycles: 12429.800000 
avg_ept_walk_per_miss: 82.984615 
ept_cycles_per_execution_cycles: 0.043396 
rss_in_gb: 0.004162 
cycles: 12519.300000 
avg_ept_walk_per_miss: 83.074627 
ept_cycles_per_execution_cycles: 0.044459 
rss_in_gb: 0.004162 
cycles: 12519.300000 
avg_ept_walk_per_miss: 83.074627 
ept_cycles_per_execution_cycles: 0.044459 
rss_in_gb: 0.004162 
cycles: 12519.300000 
avg_ept_walk_per_miss: 83.074627 
ept_cycles_per_execution_cycles: 0.044459 
rss_in_gb: 0.004162 
cycles: 12487.900000 
avg_ept_walk_per_miss: 82.686567 
ept_cycles_per_execution_cycles: 0.044363 
rss_in_gb: 0.004162 
cycles: 12487.900000 
avg_ept_walk_per_miss: 82.686567 
ept_cycles_per_execution_cycles: 0.044363 
rss_in_gb: 0.004162 
cycles: 12043.500000 
avg_ept_walk_per_miss: 100.025000 
ept_cycles_per_execution_cycles: 0.033221 
rss_in_gb: 0.004162 
cycles: 12043.500000 
avg_ept_walk_per_miss: 100.025000 
ept_cycles_per_execution_cycles: 0.033221 
rss_in_gb: 0.004162 
cycles: 12043.500000 
avg_ept_walk_per_miss: 100.025000 
ept_cycles_per_execution_cycles: 0.033221 
rss_in_gb: 0.004162 
cycles: 12056.700000 
avg_ept_walk_per_miss: 99.350000 
ept_cycles_per_execution_cycles: 0.032961 
rss_in_gb: 0.004162 
cycles: 12056.700000 
avg_ept_walk_per_miss: 99.350000 
ept_cycles_per_execution_cycles: 0.032961 
rss_in_gb: 0.004162 
cycles: 11924.100000 
avg_ept_walk_per_miss: 99.578947 
ept_cycles_per_execution_cycles: 0.031734 
rss_in_gb: 0.004162 
cycles: 11924.100000 
avg_ept_walk_per_miss: 99.578947 
ept_cycles_per_execution_cycles: 0.031734 
rss_in_gb: 0.004162 
cycles: 11924.100000 
avg_ept_walk_per_miss: 99.578947 
ept_cycles_per_execution_cycles: 0.031734 
rss_in_gb: 0.004162 
cycles: 11906.000000 
avg_ept_walk_per_miss: 100.131579 
ept_cycles_per_execution_cycles: 0.031959 
rss_in_gb: 0.004162 
cycles: 11906.000000 
avg_ept_walk_per_miss: 100.131579 
ept_cycles_per_execution_cycles: 0.031959 
rss_in_gb: 0.004162 
cycles: 27873.300000 
avg_ept_walk_per_miss: 96.565891 
ept_cycles_per_execution_cycles: 0.044692 
rss_in_gb: 0.004162 
cycles: 27873.300000 
avg_ept_walk_per_miss: 96.565891 
ept_cycles_per_execution_cycles: 0.044692 
rss_in_gb: 0.004162 
cycles: 27873.300000 
avg_ept_walk_per_miss: 96.565891 
ept_cycles_per_execution_cycles: 0.044692 
rss_in_gb: 0.004162 
cycles: 27849.800000 
avg_ept_walk_per_miss: 98.736434 
ept_cycles_per_execution_cycles: 0.045735 
rss_in_gb: 0.004162 
cycles: 27849.800000 
avg_ept_walk_per_miss: 98.736434 
ept_cycles_per_execution_cycles: 0.045735 
rss_in_gb: 0.004162 
cycles: 33323.400000 
avg_ept_walk_per_miss: 99.351145 
ept_cycles_per_execution_cycles: 0.039057 
rss_in_gb: 0.004162 
cycles: 33323.400000 
avg_ept_walk_per_miss: 99.351145 
ept_cycles_per_execution_cycles: 0.039057 
rss_in_gb: 0.004162 
cycles: 33323.400000 
avg_ept_walk_per_miss: 99.351145 
ept_cycles_per_execution_cycles: 0.039057 
rss_in_gb: 0.004162 
cycles: 33354.600000 
avg_ept_walk_per_miss: 100.244275 
ept_cycles_per_execution_cycles: 0.039371 
rss_in_gb: 0.004162 
cycles: 33354.600000 
avg_ept_walk_per_miss: 100.244275 
ept_cycles_per_execution_cycles: 0.039371 
rss_in_gb: 0.004162 
cycles: 17716.800000 
avg_ept_walk_per_miss: 68.252174 
ept_cycles_per_execution_cycles: 0.044303 
rss_in_gb: 0.004162 
cycles: 17716.800000 
avg_ept_walk_per_miss: 68.252174 
ept_cycles_per_execution_cycles: 0.044303 
rss_in_gb: 0.004162 
cycles: 17716.800000 
avg_ept_walk_per_miss: 68.252174 
ept_cycles_per_execution_cycles: 0.044303 
rss_in_gb: 0.004162 
cycles: 17713.400000 
avg_ept_walk_per_miss: 66.860870 
ept_cycles_per_execution_cycles: 0.043408 
rss_in_gb: 0.004162 
cycles: 17713.400000 
avg_ept_walk_per_miss: 66.860870 
ept_cycles_per_execution_cycles: 0.043408 
rss_in_gb: 0.004162 
cycles: 12403.500000 
avg_ept_walk_per_miss: 64.023256 
ept_cycles_per_execution_cycles: 0.066586 
rss_in_gb: 0.004162 
cycles: 12403.500000 
avg_ept_walk_per_miss: 64.023256 
ept_cycles_per_execution_cycles: 0.066586 
rss_in_gb: 0.004162 
cycles: 30179.900000 
avg_ept_walk_per_miss: 113.208333 
ept_cycles_per_execution_cycles: 0.090027 
rss_in_gb: 0.004162 
cycles: 1505183.100000 
avg_ept_walk_per_miss: 33.609457 
ept_cycles_per_execution_cycles: 0.084904 
rss_in_gb: 0.016014 
cycles: 3446177.700000 
avg_ept_walk_per_miss: 30.465894 
ept_cycles_per_execution_cycles: 0.067873 
rss_in_gb: 0.031624 
cycles: 4968993.300000 
avg_ept_walk_per_miss: 30.174186 
ept_cycles_per_execution_cycles: 0.064837 
rss_in_gb: 0.043205 
cycles: 7579391.400000 
avg_ept_walk_per_miss: 30.129693 
ept_cycles_per_execution_cycles: 0.063196 
rss_in_gb: 0.064102 
cycles: 9385963.300000 
avg_ept_walk_per_miss: 30.538145 
ept_cycles_per_execution_cycles: 0.062974 
rss_in_gb: 0.077446 
cycles: 10937039.000000 
avg_ept_walk_per_miss: 30.698336 
ept_cycles_per_execution_cycles: 0.063109 
rss_in_gb: 0.089783 
cycles: 13799519.200000 
avg_ept_walk_per_miss: 30.952874 
ept_cycles_per_execution_cycles: 0.062994 
rss_in_gb: 0.110680 
cycles: 15962844.600000 
avg_ept_walk_per_miss: 31.407107 
ept_cycles_per_execution_cycles: 0.062701 
rss_in_gb: 0.123016 
cycles: 19650090.300000 
avg_ept_walk_per_miss: 32.344428 
ept_cycles_per_execution_cycles: 0.061209 
rss_in_gb: 0.135857 
cycles: 22183380.000000 
avg_ept_walk_per_miss: 32.763610 
ept_cycles_per_execution_cycles: 0.061896 
rss_in_gb: 0.151970 
cycles: 23388253.800000 
avg_ept_walk_per_miss: 33.427448 
ept_cycles_per_execution_cycles: 0.060920 
rss_in_gb: 0.165314 
cycles: 23041187.000000 
avg_ept_walk_per_miss: 34.273617 
ept_cycles_per_execution_cycles: 0.062013 
rss_in_gb: 0.175133 
cycles: 24167383.500000 
avg_ept_walk_per_miss: 35.186263 
ept_cycles_per_execution_cycles: 0.063895 
rss_in_gb: 0.194016 
cycles: 23682031.500000 
avg_ept_walk_per_miss: 36.228088 
ept_cycles_per_execution_cycles: 0.065454 
rss_in_gb: 0.208870 
cycles: 23316513.800000 
avg_ept_walk_per_miss: 36.722164 
ept_cycles_per_execution_cycles: 0.066330 
rss_in_gb: 0.217430 
cycles: 25227594.000000 
avg_ept_walk_per_miss: 37.377125 
ept_cycles_per_execution_cycles: 0.066156 
rss_in_gb: 0.233292 
cycles: 24577417.600000 
avg_ept_walk_per_miss: 38.361474 
ept_cycles_per_execution_cycles: 0.067899 
rss_in_gb: 0.249657 
cycles: 23246033.300000 
avg_ept_walk_per_miss: 38.748183 
ept_cycles_per_execution_cycles: 0.069109 
rss_in_gb: 0.255447 
cycles: 22048525.800000 
avg_ept_walk_per_miss: 39.505751 
ept_cycles_per_execution_cycles: 0.073429 
rss_in_gb: 0.272316 
cycles: 22327735.100000 
avg_ept_walk_per_miss: 40.480762 
ept_cycles_per_execution_cycles: 0.075534 
rss_in_gb: 0.291954 
cycles: 20997323.700000 
avg_ept_walk_per_miss: 40.825072 
ept_cycles_per_execution_cycles: 0.077073 
rss_in_gb: 0.299255 
cycles: 22537051.800000 
avg_ept_walk_per_miss: 41.792906 
ept_cycles_per_execution_cycles: 0.078557 
rss_in_gb: 0.317886 
cycles: 23287467.800000 
avg_ept_walk_per_miss: 42.730697 
ept_cycles_per_execution_cycles: 0.079382 
rss_in_gb: 0.338028 
cycles: 22207695.300000 
avg_ept_walk_per_miss: 43.191482 
ept_cycles_per_execution_cycles: 0.080064 
rss_in_gb: 0.344067 
cycles: 23675066.300000 
avg_ept_walk_per_miss: 43.971116 
ept_cycles_per_execution_cycles: 0.081263 
rss_in_gb: 0.361439 
cycles: 22950052.900000 
avg_ept_walk_per_miss: 44.835259 
ept_cycles_per_execution_cycles: 0.084364 
rss_in_gb: 0.378056 
cycles: 22291906.900000 
avg_ept_walk_per_miss: 45.746819 
ept_cycles_per_execution_cycles: 0.085182 
rss_in_gb: 0.386364 
cycles: 23824088.200000 
avg_ept_walk_per_miss: 46.442384 
ept_cycles_per_execution_cycles: 0.085900 
rss_in_gb: 0.399960 
cycles: 24195978.600000 
avg_ept_walk_per_miss: 47.155092 
ept_cycles_per_execution_cycles: 0.086836 
rss_in_gb: 0.416828 
cycles: 23335927.700000 
avg_ept_walk_per_miss: 47.712702 
ept_cycles_per_execution_cycles: 0.087684 
rss_in_gb: 0.428913 
cycles: 30459301.200000 
avg_ept_walk_per_miss: 48.251166 
ept_cycles_per_execution_cycles: 0.108346 
rss_in_gb: 0.440735 
cycles: 29706456.900000 
avg_ept_walk_per_miss: 47.927037 
ept_cycles_per_execution_cycles: 0.108979 
rss_in_gb: 0.458107 
cycles: 28471221.300000 
avg_ept_walk_per_miss: 47.796235 
ept_cycles_per_execution_cycles: 0.110153 
rss_in_gb: 0.471703 
cycles: 28850017.900000 
avg_ept_walk_per_miss: 47.653362 
ept_cycles_per_execution_cycles: 0.109587 
rss_in_gb: 0.480766 
cycles: 28426208.400000 
avg_ept_walk_per_miss: 47.339371 
ept_cycles_per_execution_cycles: 0.109495 
rss_in_gb: 0.496628 
cycles: 28909226.800000 
avg_ept_walk_per_miss: 47.139294 
ept_cycles_per_execution_cycles: 0.108485 
rss_in_gb: 0.514503 
cycles: 28339634.400000 
avg_ept_walk_per_miss: 46.909144 
ept_cycles_per_execution_cycles: 0.108786 
rss_in_gb: 0.521049 
cycles: 28538997.800000 
avg_ept_walk_per_miss: 46.727430 
ept_cycles_per_execution_cycles: 0.108649 
rss_in_gb: 0.538925 
cycles: 28651633.100000 
avg_ept_walk_per_miss: 46.341600 
ept_cycles_per_execution_cycles: 0.107756 
rss_in_gb: 0.557304 
cycles: 27510997.200000 
avg_ept_walk_per_miss: 46.098905 
ept_cycles_per_execution_cycles: 0.108246 
rss_in_gb: 0.562340 
cycles: 22813547.400000 
avg_ept_walk_per_miss: 44.568991 
ept_cycles_per_execution_cycles: 0.084019 
rss_in_gb: 0.580215 
cycles: 22306814.200000 
avg_ept_walk_per_miss: 45.308682 
ept_cycles_per_execution_cycles: 0.085050 
rss_in_gb: 0.592552 
cycles: 22076936.500000 
avg_ept_walk_per_miss: 45.682402 
ept_cycles_per_execution_cycles: 0.085967 
rss_in_gb: 0.606148 
cycles: 23209491.900000 
avg_ept_walk_per_miss: 46.275668 
ept_cycles_per_execution_cycles: 0.087235 
rss_in_gb: 0.623772 
cycles: 22836697.200000 
avg_ept_walk_per_miss: 47.066526 
ept_cycles_per_execution_cycles: 0.088570 
rss_in_gb: 0.636864 
cycles: 21571666.900000 
avg_ept_walk_per_miss: 47.444503 
ept_cycles_per_execution_cycles: 0.089961 
rss_in_gb: 0.648949 
cycles: 23999292.600000 
avg_ept_walk_per_miss: 48.227249 
ept_cycles_per_execution_cycles: 0.090795 
rss_in_gb: 0.669594 
cycles: 23730977.800000 
avg_ept_walk_per_miss: 48.519012 
ept_cycles_per_execution_cycles: 0.091163 
rss_in_gb: 0.683189 
cycles: 23253047.400000 
avg_ept_walk_per_miss: 49.228090 
ept_cycles_per_execution_cycles: 0.092555 
rss_in_gb: 0.697792 
cycles: 25722472.400000 
avg_ept_walk_per_miss: 49.888782 
ept_cycles_per_execution_cycles: 0.093328 
rss_in_gb: 0.717430 
cycles: 24402291.500000 
avg_ept_walk_per_miss: 50.640149 
ept_cycles_per_execution_cycles: 0.095961 
rss_in_gb: 0.731529 
cycles: 25375882.500000 
avg_ept_walk_per_miss: 50.931185 
ept_cycles_per_execution_cycles: 0.095718 
rss_in_gb: 0.747894 
cycles: 25804595.800000 
avg_ept_walk_per_miss: 51.355650 
ept_cycles_per_execution_cycles: 0.095956 
rss_in_gb: 0.760986 
cycles: 25031398.800000 
avg_ept_walk_per_miss: 51.286150 
ept_cycles_per_execution_cycles: 0.096040 
rss_in_gb: 0.771812 
cycles: 24884654.400000 
avg_ept_walk_per_miss: 51.015938 
ept_cycles_per_execution_cycles: 0.096007 
rss_in_gb: 0.784401 
cycles: 25139760.800000 
avg_ept_walk_per_miss: 51.391698 
ept_cycles_per_execution_cycles: 0.096453 
rss_in_gb: 0.796486 
cycles: 24020932.100000 
avg_ept_walk_per_miss: 51.475619 
ept_cycles_per_execution_cycles: 0.097267 
rss_in_gb: 0.811089 
cycles: 24072456.300000 
avg_ept_walk_per_miss: 51.536836 
ept_cycles_per_execution_cycles: 0.097660 
rss_in_gb: 0.824684 
cycles: 23916556.600000 
avg_ept_walk_per_miss: 51.666685 
ept_cycles_per_execution_cycles: 0.098036 
rss_in_gb: 0.838531 
cycles: 23200563.700000 
avg_ept_walk_per_miss: 51.734895 
ept_cycles_per_execution_cycles: 0.098761 
rss_in_gb: 0.854141 
cycles: 29994363.700000 
avg_ept_walk_per_miss: 56.395550 
ept_cycles_per_execution_cycles: 0.131982 
rss_in_gb: 0.864716 
cycles: 33404183.900000 
avg_ept_walk_per_miss: 53.309360 
ept_cycles_per_execution_cycles: 0.142593 
rss_in_gb: 0.872993 
cycles: 34118747.000000 
avg_ept_walk_per_miss: 52.994054 
ept_cycles_per_execution_cycles: 0.140607 
rss_in_gb: 0.892883 
cycles: 34304467.800000 
avg_ept_walk_per_miss: 52.967121 
ept_cycles_per_execution_cycles: 0.139829 
rss_in_gb: 0.905724 
cycles: 34746998.800000 
avg_ept_walk_per_miss: 52.863772 
ept_cycles_per_execution_cycles: 0.138165 
rss_in_gb: 0.919567 
cycles: 36464025.900000 
avg_ept_walk_per_miss: 52.303394 
ept_cycles_per_execution_cycles: 0.133649 
rss_in_gb: 0.937302 
cycles: 36033123.200000 
avg_ept_walk_per_miss: 52.211477 
ept_cycles_per_execution_cycles: 0.133538 
rss_in_gb: 0.949387 
cycles: 36072127.300000 
avg_ept_walk_per_miss: 52.149695 
ept_cycles_per_execution_cycles: 0.132989 
rss_in_gb: 0.964493 
cycles: 36533076.600000 
avg_ept_walk_per_miss: 52.247731 
ept_cycles_per_execution_cycles: 0.132303 
rss_in_gb: 0.981613 
cycles: 35792937.500000 
avg_ept_walk_per_miss: 51.906237 
ept_cycles_per_execution_cycles: 0.131922 
rss_in_gb: 0.992691 
cycles: 29997997.600000 
avg_ept_walk_per_miss: 46.638804 
ept_cycles_per_execution_cycles: 0.103557 
rss_in_gb: 1.012077 
cycles: 26911484.700000 
avg_ept_walk_per_miss: 48.456529 
ept_cycles_per_execution_cycles: 0.086069 
rss_in_gb: 1.029701 
cycles: 25695460.000000 
avg_ept_walk_per_miss: 48.830028 
ept_cycles_per_execution_cycles: 0.086465 
rss_in_gb: 1.039772 
cycles: 26905214.400000 
avg_ept_walk_per_miss: 48.841795 
ept_cycles_per_execution_cycles: 0.086146 
rss_in_gb: 1.057648 
cycles: 28059149.200000 
avg_ept_walk_per_miss: 49.466092 
ept_cycles_per_execution_cycles: 0.087216 
rss_in_gb: 1.076782 
cycles: 25307051.600000 
avg_ept_walk_per_miss: 50.525211 
ept_cycles_per_execution_cycles: 0.089813 
rss_in_gb: 1.082825 
cycles: 26600867.400000 
avg_ept_walk_per_miss: 50.627682 
ept_cycles_per_execution_cycles: 0.089449 
rss_in_gb: 1.100449 
cycles: 27730283.600000 
avg_ept_walk_per_miss: 50.992951 
ept_cycles_per_execution_cycles: 0.089926 
rss_in_gb: 1.120338 
cycles: 26940126.100000 
avg_ept_walk_per_miss: 51.022706 
ept_cycles_per_execution_cycles: 0.089601 
rss_in_gb: 1.130661 
cycles: 27502742.300000 
avg_ept_walk_per_miss: 51.258364 
ept_cycles_per_execution_cycles: 0.089841 
rss_in_gb: 1.144257 
cycles: 27383688.300000 
avg_ept_walk_per_miss: 51.756511 
ept_cycles_per_execution_cycles: 0.090886 
rss_in_gb: 1.163391 
cycles: 26939235.800000 
avg_ept_walk_per_miss: 52.294830 
ept_cycles_per_execution_cycles: 0.091575 
rss_in_gb: 1.177490 
cycles: 27101319.900000 
avg_ept_walk_per_miss: 52.546860 
ept_cycles_per_execution_cycles: 0.092117 
rss_in_gb: 1.189072 
cycles: 27834651.200000 
avg_ept_walk_per_miss: 53.675172 
ept_cycles_per_execution_cycles: 0.093561 
rss_in_gb: 1.209969 
cycles: 26985750.100000 
avg_ept_walk_per_miss: 54.199626 
ept_cycles_per_execution_cycles: 0.094800 
rss_in_gb: 1.225075 
cycles: 27842877.700000 
avg_ept_walk_per_miss: 54.592358 
ept_cycles_per_execution_cycles: 0.095157 
rss_in_gb: 1.235146 
cycles: 28283279.900000 
avg_ept_walk_per_miss: 55.288603 
ept_cycles_per_execution_cycles: 0.096281 
rss_in_gb: 1.255287 
cycles: 28158587.400000 
avg_ept_walk_per_miss: 56.052419 
ept_cycles_per_execution_cycles: 0.096817 
rss_in_gb: 1.273163 
cycles: 27429498.400000 
avg_ept_walk_per_miss: 56.043648 
ept_cycles_per_execution_cycles: 0.097175 
rss_in_gb: 1.280464 
cycles: 28880790.100000 
avg_ept_walk_per_miss: 56.339657 
ept_cycles_per_execution_cycles: 0.097214 
rss_in_gb: 1.299599 
cycles: 29205125.600000 
avg_ept_walk_per_miss: 56.986805 
ept_cycles_per_execution_cycles: 0.098441 
rss_in_gb: 1.319992 
cycles: 27208388.800000 
avg_ept_walk_per_miss: 56.935788 
ept_cycles_per_execution_cycles: 0.099082 
rss_in_gb: 1.324524 
cycles: 28596549.800000 
avg_ept_walk_per_miss: 57.363267 
ept_cycles_per_execution_cycles: 0.100483 
rss_in_gb: 1.345673 
cycles: 28397023.000000 
avg_ept_walk_per_miss: 57.714679 
ept_cycles_per_execution_cycles: 0.101586 
rss_in_gb: 1.366066 
cycles: 26780281.100000 
avg_ept_walk_per_miss: 57.932427 
ept_cycles_per_execution_cycles: 0.101796 
rss_in_gb: 1.371857 
cycles: 28298054.700000 
avg_ept_walk_per_miss: 58.074327 
ept_cycles_per_execution_cycles: 0.102512 
rss_in_gb: 1.391495 
cycles: 28463709.700000 
avg_ept_walk_per_miss: 58.491987 
ept_cycles_per_execution_cycles: 0.103521 
rss_in_gb: 1.411888 
cycles: 25987141.600000 
avg_ept_walk_per_miss: 58.467209 
ept_cycles_per_execution_cycles: 0.104431 
rss_in_gb: 1.416924 
cycles: 28319373.600000 
avg_ept_walk_per_miss: 58.914122 
ept_cycles_per_execution_cycles: 0.104845 
rss_in_gb: 1.436813 
cycles: 28004389.100000 
avg_ept_walk_per_miss: 60.112004 
ept_cycles_per_execution_cycles: 0.107154 
rss_in_gb: 1.455948 
cycles: 25329891.300000 
avg_ept_walk_per_miss: 60.485479 
ept_cycles_per_execution_cycles: 0.107843 
rss_in_gb: 1.461235 
cycles: 27960256.500000 
avg_ept_walk_per_miss: 61.085811 
ept_cycles_per_execution_cycles: 0.108195 
rss_in_gb: 1.479362 
cycles: 28440140.300000 
avg_ept_walk_per_miss: 62.264438 
ept_cycles_per_execution_cycles: 0.108906 
rss_in_gb: 1.500259 
cycles: 25725810.200000 
avg_ept_walk_per_miss: 62.730686 
ept_cycles_per_execution_cycles: 0.109890 
rss_in_gb: 1.505547 
cycles: 27596584.400000 
avg_ept_walk_per_miss: 63.457295 
ept_cycles_per_execution_cycles: 0.110301 
rss_in_gb: 1.519646 
cycles: 26959303.200000 
avg_ept_walk_per_miss: 64.132654 
ept_cycles_per_execution_cycles: 0.111611 
rss_in_gb: 1.536263 
cycles: 25836671.100000 
avg_ept_walk_per_miss: 64.977681 
ept_cycles_per_execution_cycles: 0.112965 
rss_in_gb: 1.549858 
cycles: 28103361.700000 
avg_ept_walk_per_miss: 65.723883 
ept_cycles_per_execution_cycles: 0.113490 
rss_in_gb: 1.566727 
cycles: 26951029.600000 
avg_ept_walk_per_miss: 66.417340 
ept_cycles_per_execution_cycles: 0.114626 
rss_in_gb: 1.579567 
cycles: 27069111.700000 
avg_ept_walk_per_miss: 66.654639 
ept_cycles_per_execution_cycles: 0.113927 
rss_in_gb: 1.596184 
cycles: 28211129.800000 
avg_ept_walk_per_miss: 66.945920 
ept_cycles_per_execution_cycles: 0.114619 
rss_in_gb: 1.608269 
cycles: 25442973.000000 
avg_ept_walk_per_miss: 67.132317 
ept_cycles_per_execution_cycles: 0.115327 
rss_in_gb: 1.612045 
cycles: 24822368.700000 
avg_ept_walk_per_miss: 67.345663 
ept_cycles_per_execution_cycles: 0.115870 
rss_in_gb: 1.629921 
cycles: 27904118.900000 
avg_ept_walk_per_miss: 67.781279 
ept_cycles_per_execution_cycles: 0.116021 
rss_in_gb: 1.651573 
cycles: 29681080.500000 
avg_ept_walk_per_miss: 67.949344 
ept_cycles_per_execution_cycles: 0.114944 
rss_in_gb: 1.671967 
cycles: 30458232.500000 
avg_ept_walk_per_miss: 68.732436 
ept_cycles_per_execution_cycles: 0.116165 
rss_in_gb: 1.693871 
cycles: 30831126.600000 
avg_ept_walk_per_miss: 69.003956 
ept_cycles_per_execution_cycles: 0.117008 
rss_in_gb: 1.710991 
cycles: 28253173.100000 
avg_ept_walk_per_miss: 68.827276 
ept_cycles_per_execution_cycles: 0.117121 
rss_in_gb: 1.714516 
cycles: 27178880.600000 
avg_ept_walk_per_miss: 68.972423 
ept_cycles_per_execution_cycles: 0.117172 
rss_in_gb: 1.721313 
cycles: 35260613.300000 
avg_ept_walk_per_miss: 72.484630 
ept_cycles_per_execution_cycles: 0.151177 
rss_in_gb: 1.744980 
cycles: 49839535.100000 
avg_ept_walk_per_miss: 68.854062 
ept_cycles_per_execution_cycles: 0.176934 
rss_in_gb: 1.761597 
cycles: 58281149.800000 
avg_ept_walk_per_miss: 67.656121 
ept_cycles_per_execution_cycles: 0.178272 
rss_in_gb: 1.780415 
cycles: 58891310.500000 
avg_ept_walk_per_miss: 66.984696 
ept_cycles_per_execution_cycles: 0.176215 
rss_in_gb: 1.802822 
cycles: 57267142.200000 
avg_ept_walk_per_miss: 66.476907 
ept_cycles_per_execution_cycles: 0.177032 
rss_in_gb: 1.817173 
cycles: 53240445.000000 
avg_ept_walk_per_miss: 66.192290 
ept_cycles_per_execution_cycles: 0.182164 
rss_in_gb: 1.820698 
cycles: 51534162.100000 
avg_ept_walk_per_miss: 65.531296 
ept_cycles_per_execution_cycles: 0.182686 
rss_in_gb: 1.832027 
cycles: 51197368.100000 
avg_ept_walk_per_miss: 64.834100 
ept_cycles_per_execution_cycles: 0.181241 
rss_in_gb: 1.847385 
cycles: 52905818.700000 
avg_ept_walk_per_miss: 64.344013 
ept_cycles_per_execution_cycles: 0.177914 
rss_in_gb: 1.861233 
cycles: 53861567.700000 
avg_ept_walk_per_miss: 63.851642 
ept_cycles_per_execution_cycles: 0.175686 
rss_in_gb: 1.875584 
cycles: 44993863.200000 
avg_ept_walk_per_miss: 59.823240 
ept_cycles_per_execution_cycles: 0.159804 
rss_in_gb: 1.892200 
cycles: 30521278.800000 
avg_ept_walk_per_miss: 55.163695 
ept_cycles_per_execution_cycles: 0.119446 
rss_in_gb: 1.906048 
cycles: 22673730.000000 
avg_ept_walk_per_miss: 50.839284 
ept_cycles_per_execution_cycles: 0.093051 
rss_in_gb: 1.912594 
cycles: 20872006.700000 
avg_ept_walk_per_miss: 50.477517 
ept_cycles_per_execution_cycles: 0.092685 
rss_in_gb: 1.924423 
cycles: 21800924.600000 
avg_ept_walk_per_miss: 50.970753 
ept_cycles_per_execution_cycles: 0.092923 
rss_in_gb: 1.943558 
cycles: 25011465.300000 
avg_ept_walk_per_miss: 51.685127 
ept_cycles_per_execution_cycles: 0.094873 
rss_in_gb: 1.962692 
cycles: 25831575.400000 
avg_ept_walk_per_miss: 51.633337 
ept_cycles_per_execution_cycles: 0.095267 
rss_in_gb: 1.981827 
cycles: 24309815.300000 
avg_ept_walk_per_miss: 51.759241 
ept_cycles_per_execution_cycles: 0.095935 
rss_in_gb: 1.989128 
cycles: 24396319.700000 
avg_ept_walk_per_miss: 51.536596 
ept_cycles_per_execution_cycles: 0.095943 
rss_in_gb: 2.004486 
cycles: 24315448.700000 
avg_ept_walk_per_miss: 51.241308 
ept_cycles_per_execution_cycles: 0.095697 
rss_in_gb: 2.017578 
cycles: 25002225.100000 
avg_ept_walk_per_miss: 51.067659 
ept_cycles_per_execution_cycles: 0.093814 
rss_in_gb: 2.032684 
cycles: 23936214.900000 
avg_ept_walk_per_miss: 51.455155 
ept_cycles_per_execution_cycles: 0.094552 
rss_in_gb: 2.040237 
cycles: 23649976.700000 
avg_ept_walk_per_miss: 51.457512 
ept_cycles_per_execution_cycles: 0.094955 
rss_in_gb: 2.046280 
cycles: 23509754.400000 
avg_ept_walk_per_miss: 50.840848 
ept_cycles_per_execution_cycles: 0.094890 
rss_in_gb: 2.059624 
cycles: 22203940.500000 
avg_ept_walk_per_miss: 49.622022 
ept_cycles_per_execution_cycles: 0.094317 
rss_in_gb: 2.074226 
cycles: 20861427.400000 
avg_ept_walk_per_miss: 48.132586 
ept_cycles_per_execution_cycles: 0.091971 
rss_in_gb: 2.091599 
cycles: 20469711.800000 
avg_ept_walk_per_miss: 47.797400 
ept_cycles_per_execution_cycles: 0.091072 
rss_in_gb: 2.105446 
cycles: 21443565.800000 
avg_ept_walk_per_miss: 47.545424 
ept_cycles_per_execution_cycles: 0.090613 
rss_in_gb: 2.118286 
cycles: 21257540.100000 
avg_ept_walk_per_miss: 47.914333 
ept_cycles_per_execution_cycles: 0.090826 
rss_in_gb: 2.131126 
cycles: 20977589.000000 
avg_ept_walk_per_miss: 47.938793 
ept_cycles_per_execution_cycles: 0.091018 
rss_in_gb: 2.143211 
cycles: 21157263.300000 
avg_ept_walk_per_miss: 48.697401 
ept_cycles_per_execution_cycles: 0.093725 
rss_in_gb: 2.164360 
cycles: 22083756.600000 
avg_ept_walk_per_miss: 48.873063 
ept_cycles_per_execution_cycles: 0.093785 
rss_in_gb: 2.176949 
cycles: 24083370.900000 
avg_ept_walk_per_miss: 49.210547 
ept_cycles_per_execution_cycles: 0.093570 
rss_in_gb: 2.193817 
cycles: 26223561.200000 
avg_ept_walk_per_miss: 50.268405 
ept_cycles_per_execution_cycles: 0.093949 
rss_in_gb: 2.216980 
cycles: 25544883.500000 
avg_ept_walk_per_miss: 50.831439 
ept_cycles_per_execution_cycles: 0.094454 
rss_in_gb: 2.224533 
cycles: 25167757.000000 
avg_ept_walk_per_miss: 51.192389 
ept_cycles_per_execution_cycles: 0.092825 
rss_in_gb: 2.232338 
cycles: 25853282.100000 
avg_ept_walk_per_miss: 51.438911 
ept_cycles_per_execution_cycles: 0.094090 
rss_in_gb: 2.253738 
cycles: 27159065.400000 
avg_ept_walk_per_miss: 51.959902 
ept_cycles_per_execution_cycles: 0.095263 
rss_in_gb: 2.276146 
cycles: 28771050.900000 
avg_ept_walk_per_miss: 52.078079 
ept_cycles_per_execution_cycles: 0.095209 
rss_in_gb: 2.298553 
cycles: 28805567.100000 
avg_ept_walk_per_miss: 52.620787 
ept_cycles_per_execution_cycles: 0.095658 
rss_in_gb: 2.309883 
cycles: 26574097.100000 
avg_ept_walk_per_miss: 52.795643 
ept_cycles_per_execution_cycles: 0.095067 
rss_in_gb: 2.313408 
cycles: 26150800.900000 
avg_ept_walk_per_miss: 53.235866 
ept_cycles_per_execution_cycles: 0.095784 
rss_in_gb: 2.323982 
cycles: 26562367.800000 
avg_ept_walk_per_miss: 54.194927 
ept_cycles_per_execution_cycles: 0.097705 
rss_in_gb: 2.345131 
cycles: 26169832.300000 
avg_ept_walk_per_miss: 55.144352 
ept_cycles_per_execution_cycles: 0.099357 
rss_in_gb: 2.366531 
cycles: 28620805.600000 
avg_ept_walk_per_miss: 56.199666 
ept_cycles_per_execution_cycles: 0.100318 
rss_in_gb: 2.387680 
cycles: 30826526.900000 
avg_ept_walk_per_miss: 57.651699 
ept_cycles_per_execution_cycles: 0.102576 
rss_in_gb: 2.408325 
cycles: 28256360.100000 
avg_ept_walk_per_miss: 58.490681 
ept_cycles_per_execution_cycles: 0.103002 
rss_in_gb: 2.411850 
cycles: 26670739.000000 
avg_ept_walk_per_miss: 59.581011 
ept_cycles_per_execution_cycles: 0.103880 
rss_in_gb: 2.422928 
cycles: 26436036.500000 
avg_ept_walk_per_miss: 61.597255 
ept_cycles_per_execution_cycles: 0.106815 
rss_in_gb: 2.444328 
cycles: 28165880.000000 
avg_ept_walk_per_miss: 62.130681 
ept_cycles_per_execution_cycles: 0.107761 
rss_in_gb: 2.465225 
cycles: 30530431.500000 
avg_ept_walk_per_miss: 62.582618 
ept_cycles_per_execution_cycles: 0.109437 
rss_in_gb: 2.486626 
cycles: 30183166.600000 
avg_ept_walk_per_miss: 62.832207 
ept_cycles_per_execution_cycles: 0.109331 
rss_in_gb: 2.493423 
cycles: 27754191.000000 
avg_ept_walk_per_miss: 62.807664 
ept_cycles_per_execution_cycles: 0.108994 
rss_in_gb: 2.498711 
cycles: 27883760.300000 
avg_ept_walk_per_miss: 63.046792 
ept_cycles_per_execution_cycles: 0.109207 
rss_in_gb: 2.519356 
cycles: 28014658.600000 
avg_ept_walk_per_miss: 63.342646 
ept_cycles_per_execution_cycles: 0.109657 
rss_in_gb: 2.541008 
cycles: 27774877.200000 
avg_ept_walk_per_miss: 63.773821 
ept_cycles_per_execution_cycles: 0.111027 
rss_in_gb: 2.563667 
cycles: 30301932.800000 
avg_ept_walk_per_miss: 63.669328 
ept_cycles_per_execution_cycles: 0.110658 
rss_in_gb: 2.580536 
cycles: 29207540.400000 
avg_ept_walk_per_miss: 63.739635 
ept_cycles_per_execution_cycles: 0.110515 
rss_in_gb: 2.584061 
cycles: 27461658.100000 
avg_ept_walk_per_miss: 63.361596 
ept_cycles_per_execution_cycles: 0.109869 
rss_in_gb: 2.594131 
cycles: 27378949.200000 
avg_ept_walk_per_miss: 63.203647 
ept_cycles_per_execution_cycles: 0.109451 
rss_in_gb: 2.614777 
cycles: 27523580.400000 
avg_ept_walk_per_miss: 63.619120 
ept_cycles_per_execution_cycles: 0.109989 
rss_in_gb: 2.636177 
cycles: 30169192.100000 
avg_ept_walk_per_miss: 63.889619 
ept_cycles_per_execution_cycles: 0.110255 
rss_in_gb: 2.657326 
cycles: 30982554.600000 
avg_ept_walk_per_miss: 64.066696 
ept_cycles_per_execution_cycles: 0.110393 
rss_in_gb: 2.666389 
cycles: 27917420.400000 
avg_ept_walk_per_miss: 64.009632 
ept_cycles_per_execution_cycles: 0.110361 
rss_in_gb: 2.670166 
cycles: 26452774.100000 
avg_ept_walk_per_miss: 63.605679 
ept_cycles_per_execution_cycles: 0.110121 
rss_in_gb: 2.684013 
cycles: 25869068.800000 
avg_ept_walk_per_miss: 62.404607 
ept_cycles_per_execution_cycles: 0.109343 
rss_in_gb: 2.703903 
cycles: 26947482.300000 
avg_ept_walk_per_miss: 63.378555 
ept_cycles_per_execution_cycles: 0.110059 
rss_in_gb: 2.725807 
cycles: 30507883.900000 
avg_ept_walk_per_miss: 64.189940 
ept_cycles_per_execution_cycles: 0.110925 
rss_in_gb: 2.748466 
cycles: 32236599.100000 
avg_ept_walk_per_miss: 64.874600 
ept_cycles_per_execution_cycles: 0.111615 
rss_in_gb: 2.767097 
cycles: 29324303.600000 
avg_ept_walk_per_miss: 65.490919 
ept_cycles_per_execution_cycles: 0.112389 
rss_in_gb: 2.770370 
cycles: 27985519.500000 
avg_ept_walk_per_miss: 65.422340 
ept_cycles_per_execution_cycles: 0.111919 
rss_in_gb: 2.784721 
cycles: 28117405.700000 
avg_ept_walk_per_miss: 65.614391 
ept_cycles_per_execution_cycles: 0.111786 
rss_in_gb: 2.805618 
cycles: 30580452.100000 
avg_ept_walk_per_miss: 66.171604 
ept_cycles_per_execution_cycles: 0.111949 
rss_in_gb: 2.827271 
cycles: 33528108.700000 
avg_ept_walk_per_miss: 65.831507 
ept_cycles_per_execution_cycles: 0.111516 
rss_in_gb: 2.846909 
cycles: 32203240.900000 
avg_ept_walk_per_miss: 66.208222 
ept_cycles_per_execution_cycles: 0.111882 
rss_in_gb: 2.853203 
cycles: 29586342.300000 
avg_ept_walk_per_miss: 67.348836 
ept_cycles_per_execution_cycles: 0.112735 
rss_in_gb: 2.857231 
cycles: 29516701.200000 
avg_ept_walk_per_miss: 67.634764 
ept_cycles_per_execution_cycles: 0.113016 
rss_in_gb: 2.878380 
cycles: 29316195.700000 
avg_ept_walk_per_miss: 67.565845 
ept_cycles_per_execution_cycles: 0.112438 
rss_in_gb: 2.899277 
cycles: 29358379.500000 
avg_ept_walk_per_miss: 68.068084 
ept_cycles_per_execution_cycles: 0.115835 
rss_in_gb: 2.916649 
cycles: 32390697.600000 
avg_ept_walk_per_miss: 68.045791 
ept_cycles_per_execution_cycles: 0.115707 
rss_in_gb: 2.936287 
cycles: 32238208.700000 
avg_ept_walk_per_miss: 68.267246 
ept_cycles_per_execution_cycles: 0.116207 
rss_in_gb: 2.949631 
cycles: 28940712.100000 
avg_ept_walk_per_miss: 68.519961 
ept_cycles_per_execution_cycles: 0.117029 
rss_in_gb: 2.953156 
cycles: 26332734.200000 
avg_ept_walk_per_miss: 68.149836 
ept_cycles_per_execution_cycles: 0.117338 
rss_in_gb: 2.961464 
cycles: 26947636.500000 
avg_ept_walk_per_miss: 69.551400 
ept_cycles_per_execution_cycles: 0.119219 
rss_in_gb: 2.983368 
cycles: 29779333.300000 
avg_ept_walk_per_miss: 69.954767 
ept_cycles_per_execution_cycles: 0.119271 
rss_in_gb: 3.004265 
cycles: 32843538.500000 
avg_ept_walk_per_miss: 69.871732 
ept_cycles_per_execution_cycles: 0.118949 
rss_in_gb: 3.025162 
cycles: 32541884.600000 
avg_ept_walk_per_miss: 69.563190 
ept_cycles_per_execution_cycles: 0.118550 
rss_in_gb: 3.044548 
cycles: 30252427.600000 
avg_ept_walk_per_miss: 69.194269 
ept_cycles_per_execution_cycles: 0.119053 
rss_in_gb: 3.054367 
cycles: 29718303.800000 
avg_ept_walk_per_miss: 68.405978 
ept_cycles_per_execution_cycles: 0.115924 
rss_in_gb: 3.070984 
cycles: 30168109.600000 
avg_ept_walk_per_miss: 68.935055 
ept_cycles_per_execution_cycles: 0.116696 
rss_in_gb: 3.092888 
cycles: 29333293.500000 
avg_ept_walk_per_miss: 68.950539 
ept_cycles_per_execution_cycles: 0.116880 
rss_in_gb: 3.101700 
cycles: 29342022.900000 
avg_ept_walk_per_miss: 68.935250 
ept_cycles_per_execution_cycles: 0.116976 
rss_in_gb: 3.105728 
cycles: 31704612.800000 
avg_ept_walk_per_miss: 69.340282 
ept_cycles_per_execution_cycles: 0.117818 
rss_in_gb: 3.126625 
cycles: 31465751.300000 
avg_ept_walk_per_miss: 69.360357 
ept_cycles_per_execution_cycles: 0.117924 
rss_in_gb: 3.148026 
cycles: 31326294.300000 
avg_ept_walk_per_miss: 68.800275 
ept_cycles_per_execution_cycles: 0.117420 
rss_in_gb: 3.167412 
cycles: 30618883.600000 
avg_ept_walk_per_miss: 69.132078 
ept_cycles_per_execution_cycles: 0.118627 
rss_in_gb: 3.185791 
cycles: 27494494.000000 
avg_ept_walk_per_miss: 69.267855 
ept_cycles_per_execution_cycles: 0.119752 
rss_in_gb: 3.189316 
cycles: 26980540.300000 
avg_ept_walk_per_miss: 69.674165 
ept_cycles_per_execution_cycles: 0.120236 
rss_in_gb: 3.196114 
cycles: 28145570.600000 
avg_ept_walk_per_miss: 70.507418 
ept_cycles_per_execution_cycles: 0.121118 
rss_in_gb: 3.217766 
cycles: 27985349.200000 
avg_ept_walk_per_miss: 70.717325 
ept_cycles_per_execution_cycles: 0.121888 
rss_in_gb: 3.239166 
cycles: 30158098.700000 
avg_ept_walk_per_miss: 70.509890 
ept_cycles_per_execution_cycles: 0.122139 
rss_in_gb: 3.259560 
cycles: 33409446.600000 
avg_ept_walk_per_miss: 70.793414 
ept_cycles_per_execution_cycles: 0.122459 
rss_in_gb: 3.280205 
cycles: 30308128.800000 
avg_ept_walk_per_miss: 71.073565 
ept_cycles_per_execution_cycles: 0.122848 
rss_in_gb: 3.284233 
cycles: 27035064.600000 
avg_ept_walk_per_miss: 70.837753 
ept_cycles_per_execution_cycles: 0.123087 
rss_in_gb: 3.288261 
cycles: 26829405.700000 
avg_ept_walk_per_miss: 71.864726 
ept_cycles_per_execution_cycles: 0.124727 
rss_in_gb: 3.307396 
cycles: 27403213.000000 
avg_ept_walk_per_miss: 71.925379 
ept_cycles_per_execution_cycles: 0.124272 
rss_in_gb: 3.327789 
cycles: 30735586.300000 
avg_ept_walk_per_miss: 72.310653 
ept_cycles_per_execution_cycles: 0.124491 
rss_in_gb: 3.348434 
cycles: 33534943.400000 
avg_ept_walk_per_miss: 72.993407 
ept_cycles_per_execution_cycles: 0.124660 
rss_in_gb: 3.369080 
cycles: 32550566.400000 
avg_ept_walk_per_miss: 73.357740 
ept_cycles_per_execution_cycles: 0.125203 
rss_in_gb: 3.385696 
cycles: 31995512.400000 
avg_ept_walk_per_miss: 83.159900 
ept_cycles_per_execution_cycles: 0.145047 
rss_in_gb: 3.389347 
cycles: 44196410.500000 
avg_ept_walk_per_miss: 113.058722 
ept_cycles_per_execution_cycles: 0.208780 
rss_in_gb: 3.395893 
cycles: 65282125.200000 
avg_ept_walk_per_miss: 127.844526 
ept_cycles_per_execution_cycles: 0.254344 
rss_in_gb: 3.411251 
cycles: 88088652.700000 
avg_ept_walk_per_miss: 133.262530 
ept_cycles_per_execution_cycles: 0.270078 
rss_in_gb: 3.426231 
cycles: 108104826.300000 
avg_ept_walk_per_miss: 135.292854 
ept_cycles_per_execution_cycles: 0.279386 
rss_in_gb: 3.441338 
cycles: 118248199.900000 
avg_ept_walk_per_miss: 137.171054 
ept_cycles_per_execution_cycles: 0.284650 
rss_in_gb: 3.455818 
cycles: 117548860.700000 
avg_ept_walk_per_miss: 136.923608 
ept_cycles_per_execution_cycles: 0.284928 
rss_in_gb: 3.475708 
cycles: 115779788.500000 
avg_ept_walk_per_miss: 137.349809 
ept_cycles_per_execution_cycles: 0.286802 
rss_in_gb: 3.488548 
cycles: 112212735.200000 
avg_ept_walk_per_miss: 138.625835 
ept_cycles_per_execution_cycles: 0.291801 
rss_in_gb: 3.492073 
cycles: 111995249.200000 
avg_ept_walk_per_miss: 138.296623 
ept_cycles_per_execution_cycles: 0.291306 
rss_in_gb: 3.509193 
cycles: 112545020.100000 
avg_ept_walk_per_miss: 135.615944 
ept_cycles_per_execution_cycles: 0.283583 
rss_in_gb: 3.529083 
cycles: 99853599.800000 
avg_ept_walk_per_miss: 130.398758 
ept_cycles_per_execution_cycles: 0.272640 
rss_in_gb: 3.550735 
cycles: 77991247.500000 
avg_ept_walk_per_miss: 123.441155 
ept_cycles_per_execution_cycles: 0.252375 
rss_in_gb: 3.571632 
cycles: 55115999.700000 
avg_ept_walk_per_miss: 112.554244 
ept_cycles_per_execution_cycles: 0.226224 
rss_in_gb: 3.575661 
cycles: 35673570.100000 
avg_ept_walk_per_miss: 90.894074 
ept_cycles_per_execution_cycles: 0.170851 
rss_in_gb: 3.583214 
cycles: 25508635.900000 
avg_ept_walk_per_miss: 56.420334 
ept_cycles_per_execution_cycles: 0.099175 
rss_in_gb: 3.604362 
cycles: 26303272.600000 
avg_ept_walk_per_miss: 57.505092 
ept_cycles_per_execution_cycles: 0.099742 
rss_in_gb: 3.627022 
cycles: 27773413.800000 
avg_ept_walk_per_miss: 58.024526 
ept_cycles_per_execution_cycles: 0.100329 
rss_in_gb: 3.648422 
cycles: 28594160.700000 
avg_ept_walk_per_miss: 58.235987 
ept_cycles_per_execution_cycles: 0.100427 
rss_in_gb: 3.655975 
cycles: 26240390.700000 
avg_ept_walk_per_miss: 58.206330 
ept_cycles_per_execution_cycles: 0.100548 
rss_in_gb: 3.659500 
cycles: 24400303.900000 
avg_ept_walk_per_miss: 58.670270 
ept_cycles_per_execution_cycles: 0.102396 
rss_in_gb: 3.672089 
cycles: 25092007.900000 
avg_ept_walk_per_miss: 58.700274 
ept_cycles_per_execution_cycles: 0.101752 
rss_in_gb: 3.695000 
cycles: 25617961.500000 
avg_ept_walk_per_miss: 58.889615 
ept_cycles_per_execution_cycles: 0.101532 
rss_in_gb: 3.716652 
cycles: 28816033.400000 
avg_ept_walk_per_miss: 59.330918 
ept_cycles_per_execution_cycles: 0.102019 
rss_in_gb: 3.739059 
cycles: 31074933.900000 
avg_ept_walk_per_miss: 59.546104 
ept_cycles_per_execution_cycles: 0.102320 
rss_in_gb: 3.759453 
cycles: 28139883.200000 
avg_ept_walk_per_miss: 59.570298 
ept_cycles_per_execution_cycles: 0.102961 
rss_in_gb: 3.763229 
cycles: 25073515.300000 
avg_ept_walk_per_miss: 58.983368 
ept_cycles_per_execution_cycles: 0.102985 
rss_in_gb: 3.768517 
cycles: 24930627.300000 
avg_ept_walk_per_miss: 58.989582 
ept_cycles_per_execution_cycles: 0.102792 
rss_in_gb: 3.788658 
cycles: 27136850.000000 
avg_ept_walk_per_miss: 59.097013 
ept_cycles_per_execution_cycles: 0.102890 
rss_in_gb: 3.809052 
cycles: 30033061.700000 
avg_ept_walk_per_miss: 59.422518 
ept_cycles_per_execution_cycles: 0.102958 
rss_in_gb: 3.829445 
cycles: 31694838.500000 
avg_ept_walk_per_miss: 59.488241 
ept_cycles_per_execution_cycles: 0.102546 
rss_in_gb: 3.850594 
cycles: 30965864.900000 
avg_ept_walk_per_miss: 60.059732 
ept_cycles_per_execution_cycles: 0.103044 
rss_in_gb: 3.870232 
cycles: 27883994.500000 
avg_ept_walk_per_miss: 60.127632 
ept_cycles_per_execution_cycles: 0.103163 
rss_in_gb: 3.874008 
cycles: 25881813.100000 
avg_ept_walk_per_miss: 59.920376 
ept_cycles_per_execution_cycles: 0.102984 
rss_in_gb: 3.884834 
cycles: 25858727.500000 
avg_ept_walk_per_miss: 60.131676 
ept_cycles_per_execution_cycles: 0.102976 
rss_in_gb: 3.905731 
cycles: 29546222.100000 
avg_ept_walk_per_miss: 60.828629 
ept_cycles_per_execution_cycles: 0.102369 
rss_in_gb: 3.927132 
cycles: 32011630.500000 
avg_ept_walk_per_miss: 61.451718 
ept_cycles_per_execution_cycles: 0.103604 
rss_in_gb: 3.948532 
cycles: 29432738.900000 
avg_ept_walk_per_miss: 61.482782 
ept_cycles_per_execution_cycles: 0.104021 
rss_in_gb: 3.954575 
cycles: 29697344.200000 
avg_ept_walk_per_miss: 62.320318 
ept_cycles_per_execution_cycles: 0.104804 
rss_in_gb: 3.976227 
cycles: 29779460.700000 
avg_ept_walk_per_miss: 62.695202 
ept_cycles_per_execution_cycles: 0.105464 
rss_in_gb: 3.996368 
cycles: 26476203.700000 
avg_ept_walk_per_miss: 62.931796 
ept_cycles_per_execution_cycles: 0.106551 
rss_in_gb: 3.999893 
cycles: 24494086.200000 
avg_ept_walk_per_miss: 62.312134 
ept_cycles_per_execution_cycles: 0.106213 
rss_in_gb: 4.007195 
cycles: 27791595.500000 
avg_ept_walk_per_miss: 62.691839 
ept_cycles_per_execution_cycles: 0.106356 
rss_in_gb: 4.029602 
cycles: 29873314.900000 
avg_ept_walk_per_miss: 63.173140 
ept_cycles_per_execution_cycles: 0.106546 
rss_in_gb: 4.052261 
cycles: 30105086.400000 
avg_ept_walk_per_miss: 63.108422 
ept_cycles_per_execution_cycles: 0.106686 
rss_in_gb: 4.074165 
cycles: 28524040.200000 
avg_ept_walk_per_miss: 63.047134 
ept_cycles_per_execution_cycles: 0.108125 
rss_in_gb: 4.089523 
cycles: 25885480.400000 
avg_ept_walk_per_miss: 62.753355 
ept_cycles_per_execution_cycles: 0.107502 
rss_in_gb: 4.093552 
cycles: 28808278.500000 
avg_ept_walk_per_miss: 63.126542 
ept_cycles_per_execution_cycles: 0.107837 
rss_in_gb: 4.114952 
cycles: 28838669.600000 
avg_ept_walk_per_miss: 62.826160 
ept_cycles_per_execution_cycles: 0.107789 
rss_in_gb: 4.136353 
cycles: 28217790.100000 
avg_ept_walk_per_miss: 62.770144 
ept_cycles_per_execution_cycles: 0.108261 
rss_in_gb: 4.152969 
cycles: 28383009.900000 
avg_ept_walk_per_miss: 62.936754 
ept_cycles_per_execution_cycles: 0.108231 
rss_in_gb: 4.156494 
cycles: 30325611.900000 
avg_ept_walk_per_miss: 63.478864 
ept_cycles_per_execution_cycles: 0.108337 
rss_in_gb: 4.174370 
cycles: 30155258.300000 
avg_ept_walk_per_miss: 63.240204 
ept_cycles_per_execution_cycles: 0.108125 
rss_in_gb: 4.195518 
cycles: 30295658.000000 
avg_ept_walk_per_miss: 63.116154 
ept_cycles_per_execution_cycles: 0.108395 
rss_in_gb: 4.218178 
cycles: 29563000.900000 
avg_ept_walk_per_miss: 63.691874 
ept_cycles_per_execution_cycles: 0.109022 
rss_in_gb: 4.235046 
cycles: 27497548.600000 
avg_ept_walk_per_miss: 63.746561 
ept_cycles_per_execution_cycles: 0.109258 
rss_in_gb: 4.238571 
cycles: 30295982.000000 
avg_ept_walk_per_miss: 63.581557 
ept_cycles_per_execution_cycles: 0.108898 
rss_in_gb: 4.258461 
cycles: 29952546.200000 
avg_ept_walk_per_miss: 63.186922 
ept_cycles_per_execution_cycles: 0.108405 
rss_in_gb: 4.278351 
cycles: 29716997.400000 
avg_ept_walk_per_miss: 62.815461 
ept_cycles_per_execution_cycles: 0.107934 
rss_in_gb: 4.298241 
cycles: 27609150.400000 
avg_ept_walk_per_miss: 62.577103 
ept_cycles_per_execution_cycles: 0.107518 
rss_in_gb: 4.303276 
cycles: 30577427.700000 
avg_ept_walk_per_miss: 62.657104 
ept_cycles_per_execution_cycles: 0.107432 
rss_in_gb: 4.323921 
cycles: 28016901.200000 
avg_ept_walk_per_miss: 62.312304 
ept_cycles_per_execution_cycles: 0.107438 
rss_in_gb: 4.327194 
cycles: 25915440.800000 
avg_ept_walk_per_miss: 62.357390 
ept_cycles_per_execution_cycles: 0.107929 
rss_in_gb: 4.337013 
cycles: 25679977.900000 
avg_ept_walk_per_miss: 62.657847 
ept_cycles_per_execution_cycles: 0.107950 
rss_in_gb: 4.358917 
cycles: 26683050.700000 
avg_ept_walk_per_miss: 62.676674 
ept_cycles_per_execution_cycles: 0.107819 
rss_in_gb: 4.381828 
cycles: 30034072.800000 
avg_ept_walk_per_miss: 63.150281 
ept_cycles_per_execution_cycles: 0.107741 
rss_in_gb: 4.404236 
cycles: 30351126.600000 
avg_ept_walk_per_miss: 63.778308 
ept_cycles_per_execution_cycles: 0.108125 
rss_in_gb: 4.424881 
cycles: 27447337.200000 
avg_ept_walk_per_miss: 64.005010 
ept_cycles_per_execution_cycles: 0.108537 
rss_in_gb: 4.428406 
cycles: 25239044.200000 
avg_ept_walk_per_miss: 64.318954 
ept_cycles_per_execution_cycles: 0.109044 
rss_in_gb: 4.436211 
cycles: 27972485.700000 
avg_ept_walk_per_miss: 64.258610 
ept_cycles_per_execution_cycles: 0.109169 
rss_in_gb: 4.456352 
cycles: 27994579.100000 
avg_ept_walk_per_miss: 64.393910 
ept_cycles_per_execution_cycles: 0.109373 
rss_in_gb: 4.477501 
cycles: 30718602.800000 
avg_ept_walk_per_miss: 63.935270 
ept_cycles_per_execution_cycles: 0.108854 
rss_in_gb: 4.496887 
cycles: 32714758.100000 
avg_ept_walk_per_miss: 63.840747 
ept_cycles_per_execution_cycles: 0.108814 
rss_in_gb: 4.517532 
cycles: 29713894.900000 
avg_ept_walk_per_miss: 63.554620 
ept_cycles_per_execution_cycles: 0.108915 
rss_in_gb: 4.522316 
cycles: 26526467.800000 
avg_ept_walk_per_miss: 63.327474 
ept_cycles_per_execution_cycles: 0.109039 
rss_in_gb: 4.526596 
cycles: 26033020.400000 
avg_ept_walk_per_miss: 62.698973 
ept_cycles_per_execution_cycles: 0.108801 
rss_in_gb: 4.546989 
cycles: 25760263.200000 
avg_ept_walk_per_miss: 62.046184 
ept_cycles_per_execution_cycles: 0.108304 
rss_in_gb: 4.566879 
cycles: 28851484.000000 
avg_ept_walk_per_miss: 62.094873 
ept_cycles_per_execution_cycles: 0.108091 
rss_in_gb: 4.587524 
cycles: 31183894.900000 
avg_ept_walk_per_miss: 62.179902 
ept_cycles_per_execution_cycles: 0.108039 
rss_in_gb: 4.608170 
cycles: 28951467.000000 
avg_ept_walk_per_miss: 62.194155 
ept_cycles_per_execution_cycles: 0.107924 
rss_in_gb: 4.615723 
cycles: 25831085.500000 
avg_ept_walk_per_miss: 62.034419 
ept_cycles_per_execution_cycles: 0.108004 
rss_in_gb: 4.618996 
cycles: 25306779.900000 
avg_ept_walk_per_miss: 62.599432 
ept_cycles_per_execution_cycles: 0.107828 
rss_in_gb: 4.633850 
cycles: 25437407.100000 
avg_ept_walk_per_miss: 62.659492 
ept_cycles_per_execution_cycles: 0.107023 
rss_in_gb: 4.654243 
cycles: 28009760.600000 
avg_ept_walk_per_miss: 61.901958 
ept_cycles_per_execution_cycles: 0.105734 
rss_in_gb: 4.673630 
cycles: 30958672.900000 
avg_ept_walk_per_miss: 61.793338 
ept_cycles_per_execution_cycles: 0.105387 
rss_in_gb: 4.693771 
cycles: 31349436.700000 
avg_ept_walk_per_miss: 62.244442 
ept_cycles_per_execution_cycles: 0.105939 
rss_in_gb: 4.715172 
cycles: 28375145.700000 
avg_ept_walk_per_miss: 62.290186 
ept_cycles_per_execution_cycles: 0.106019 
rss_in_gb: 4.718697 
cycles: 26496349.500000 
avg_ept_walk_per_miss: 62.613879 
ept_cycles_per_execution_cycles: 0.105944 
rss_in_gb: 4.728012 
cycles: 26989546.300000 
avg_ept_walk_per_miss: 63.559249 
ept_cycles_per_execution_cycles: 0.106636 
rss_in_gb: 4.750923 
cycles: 29741692.500000 
avg_ept_walk_per_miss: 64.365059 
ept_cycles_per_execution_cycles: 0.107489 
rss_in_gb: 4.774086 
cycles: 32866517.800000 
avg_ept_walk_per_miss: 64.626672 
ept_cycles_per_execution_cycles: 0.107777 
rss_in_gb: 4.794228 
cycles: 30509349.600000 
avg_ept_walk_per_miss: 64.549340 
ept_cycles_per_execution_cycles: 0.108448 
rss_in_gb: 4.797249 
cycles: 27367855.800000 
avg_ept_walk_per_miss: 64.399685 
ept_cycles_per_execution_cycles: 0.109036 
rss_in_gb: 4.801277 
cycles: 28002482.400000 
avg_ept_walk_per_miss: 65.881245 
ept_cycles_per_execution_cycles: 0.111237 
rss_in_gb: 4.823685 
cycles: 28055752.300000 
avg_ept_walk_per_miss: 66.448481 
ept_cycles_per_execution_cycles: 0.112542 
rss_in_gb: 4.845337 
cycles: 28154242.400000 
avg_ept_walk_per_miss: 67.014163 
ept_cycles_per_execution_cycles: 0.113172 
rss_in_gb: 4.867493 
cycles: 30650417.700000 
avg_ept_walk_per_miss: 67.374940 
ept_cycles_per_execution_cycles: 0.113515 
rss_in_gb: 4.884109 
cycles: 29419067.700000 
avg_ept_walk_per_miss: 67.266659 
ept_cycles_per_execution_cycles: 0.113859 
rss_in_gb: 4.887634 
cycles: 26964908.100000 
avg_ept_walk_per_miss: 67.319503 
ept_cycles_per_execution_cycles: 0.114479 
rss_in_gb: 4.896698 
cycles: 26704157.500000 
avg_ept_walk_per_miss: 66.921856 
ept_cycles_per_execution_cycles: 0.114607 
rss_in_gb: 4.918098 
cycles: 27084925.600000 
avg_ept_walk_per_miss: 66.964773 
ept_cycles_per_execution_cycles: 0.115145 
rss_in_gb: 4.940506 
cycles: 30481010.300000 
avg_ept_walk_per_miss: 66.991938 
ept_cycles_per_execution_cycles: 0.115066 
rss_in_gb: 4.961906 
cycles: 34103273.300000 
avg_ept_walk_per_miss: 67.162882 
ept_cycles_per_execution_cycles: 0.115305 
rss_in_gb: 4.985573 
cycles: 30734031.000000 
avg_ept_walk_per_miss: 67.004056 
ept_cycles_per_execution_cycles: 0.115392 
rss_in_gb: 4.989349 
cycles: 28313177.900000 
avg_ept_walk_per_miss: 66.791712 
ept_cycles_per_execution_cycles: 0.115560 
rss_in_gb: 4.997910 
cycles: 28280322.200000 
avg_ept_walk_per_miss: 66.359868 
ept_cycles_per_execution_cycles: 0.115517 
rss_in_gb: 5.020317 
cycles: 29129357.800000 
avg_ept_walk_per_miss: 66.139355 
ept_cycles_per_execution_cycles: 0.115195 
rss_in_gb: 5.041466 
cycles: 32691509.800000 
avg_ept_walk_per_miss: 66.602571 
ept_cycles_per_execution_cycles: 0.115142 
rss_in_gb: 5.063873 
cycles: 32208655.200000 
avg_ept_walk_per_miss: 66.392061 
ept_cycles_per_execution_cycles: 0.114993 
rss_in_gb: 5.070923 
cycles: 29492511.900000 
avg_ept_walk_per_miss: 65.824727 
ept_cycles_per_execution_cycles: 0.113925 
rss_in_gb: 5.075203 
cycles: 28489633.400000 
avg_ept_walk_per_miss: 66.086167 
ept_cycles_per_execution_cycles: 0.114372 
rss_in_gb: 5.093079 
cycles: 28891595.100000 
avg_ept_walk_per_miss: 67.012927 
ept_cycles_per_execution_cycles: 0.114167 
rss_in_gb: 5.115486 
cycles: 29098631.600000 
avg_ept_walk_per_miss: 67.856860 
ept_cycles_per_execution_cycles: 0.113532 
rss_in_gb: 5.138649 
cycles: 32448286.600000 
avg_ept_walk_per_miss: 68.432667 
ept_cycles_per_execution_cycles: 0.113635 
rss_in_gb: 5.160049 
cycles: 33967674.300000 
avg_ept_walk_per_miss: 68.910733 
ept_cycles_per_execution_cycles: 0.113577 
rss_in_gb: 5.175156 
cycles: 30515436.900000 
avg_ept_walk_per_miss: 69.090574 
ept_cycles_per_execution_cycles: 0.113511 
rss_in_gb: 5.178680 
cycles: 30063385.900000 
avg_ept_walk_per_miss: 69.558535 
ept_cycles_per_execution_cycles: 0.114102 
rss_in_gb: 5.197311 
cycles: 29819144.300000 
avg_ept_walk_per_miss: 69.748736 
ept_cycles_per_execution_cycles: 0.113714 
rss_in_gb: 5.216949 
cycles: 32510150.300000 
avg_ept_walk_per_miss: 69.698641 
ept_cycles_per_execution_cycles: 0.113271 
rss_in_gb: 5.238098 
cycles: 33032969.500000 
avg_ept_walk_per_miss: 70.163413 
ept_cycles_per_execution_cycles: 0.114087 
rss_in_gb: 5.246910 
cycles: 30690311.300000 
avg_ept_walk_per_miss: 70.242130 
ept_cycles_per_execution_cycles: 0.113721 
rss_in_gb: 5.250687 
cycles: 30210443.600000 
avg_ept_walk_per_miss: 69.660231 
ept_cycles_per_execution_cycles: 0.113329 
rss_in_gb: 5.270576 
cycles: 29231084.500000 
avg_ept_walk_per_miss: 68.998728 
ept_cycles_per_execution_cycles: 0.113372 
rss_in_gb: 5.289963 
cycles: 29130657.900000 
avg_ept_walk_per_miss: 69.124697 
ept_cycles_per_execution_cycles: 0.113684 
rss_in_gb: 5.310608 
cycles: 30120993.900000 
avg_ept_walk_per_miss: 69.026530 
ept_cycles_per_execution_cycles: 0.113536 
rss_in_gb: 5.331001 
cycles: 30330303.000000 
avg_ept_walk_per_miss: 69.020714 
ept_cycles_per_execution_cycles: 0.113453 
rss_in_gb: 5.335533 
cycles: 28309809.900000 
avg_ept_walk_per_miss: 68.796400 
ept_cycles_per_execution_cycles: 0.112834 
rss_in_gb: 5.343086 
cycles: 28668519.400000 
avg_ept_walk_per_miss: 68.734461 
ept_cycles_per_execution_cycles: 0.113547 
rss_in_gb: 5.365746 
cycles: 28476028.000000 
avg_ept_walk_per_miss: 68.822855 
ept_cycles_per_execution_cycles: 0.114558 
rss_in_gb: 5.386391 
cycles: 30757452.900000 
avg_ept_walk_per_miss: 69.177014 
ept_cycles_per_execution_cycles: 0.115312 
rss_in_gb: 5.407539 
cycles: 31974873.200000 
avg_ept_walk_per_miss: 68.784657 
ept_cycles_per_execution_cycles: 0.115094 
rss_in_gb: 5.418617 
cycles: 28838639.300000 
avg_ept_walk_per_miss: 68.883788 
ept_cycles_per_execution_cycles: 0.115938 
rss_in_gb: 5.422142 
cycles: 28062585.700000 
avg_ept_walk_per_miss: 69.330633 
ept_cycles_per_execution_cycles: 0.116956 
rss_in_gb: 5.437500 
cycles: 28239587.100000 
avg_ept_walk_per_miss: 69.690156 
ept_cycles_per_execution_cycles: 0.117509 
rss_in_gb: 5.459152 
cycles: 28486073.300000 
avg_ept_walk_per_miss: 70.611769 
ept_cycles_per_execution_cycles: 0.118963 
rss_in_gb: 5.481560 
cycles: 31495234.900000 
avg_ept_walk_per_miss: 70.908065 
ept_cycles_per_execution_cycles: 0.119129 
rss_in_gb: 5.502960 
cycles: 32164531.300000 
avg_ept_walk_per_miss: 70.996543 
ept_cycles_per_execution_cycles: 0.119280 
rss_in_gb: 5.514038 
cycles: 28668074.000000 
avg_ept_walk_per_miss: 70.991985 
ept_cycles_per_execution_cycles: 0.119569 
rss_in_gb: 5.518066 
cycles: 28365328.400000 
avg_ept_walk_per_miss: 71.670741 
ept_cycles_per_execution_cycles: 0.120302 
rss_in_gb: 5.537201 
cycles: 27903524.600000 
avg_ept_walk_per_miss: 71.324845 
ept_cycles_per_execution_cycles: 0.119903 
rss_in_gb: 5.556587 
cycles: 29902765.300000 
avg_ept_walk_per_miss: 71.987417 
ept_cycles_per_execution_cycles: 0.120343 
rss_in_gb: 5.577232 
cycles: 32168412.000000 
avg_ept_walk_per_miss: 72.309738 
ept_cycles_per_execution_cycles: 0.120658 
rss_in_gb: 5.593094 
cycles: 29966241.600000 
avg_ept_walk_per_miss: 72.322704 
ept_cycles_per_execution_cycles: 0.120775 
rss_in_gb: 5.596367 
cycles: 28623718.600000 
avg_ept_walk_per_miss: 71.935936 
ept_cycles_per_execution_cycles: 0.120916 
rss_in_gb: 5.611473 
cycles: 28510998.900000 
avg_ept_walk_per_miss: 71.219139 
ept_cycles_per_execution_cycles: 0.120669 
rss_in_gb: 5.633377 
cycles: 28787839.300000 
avg_ept_walk_per_miss: 71.383980 
ept_cycles_per_execution_cycles: 0.121232 
rss_in_gb: 5.655281 
cycles: 30039673.000000 
avg_ept_walk_per_miss: 71.183839 
ept_cycles_per_execution_cycles: 0.121525 
rss_in_gb: 5.673912 
cycles: 30038544.300000 
avg_ept_walk_per_miss: 71.617717 
ept_cycles_per_execution_cycles: 0.121897 
rss_in_gb: 5.677185 
cycles: 28742636.500000 
avg_ept_walk_per_miss: 71.075663 
ept_cycles_per_execution_cycles: 0.121545 
rss_in_gb: 5.689522 
cycles: 29436087.300000 
avg_ept_walk_per_miss: 72.070389 
ept_cycles_per_execution_cycles: 0.122538 
rss_in_gb: 5.711174 
cycles: 29741113.800000 
avg_ept_walk_per_miss: 72.469051 
ept_cycles_per_execution_cycles: 0.123061 
rss_in_gb: 5.733582 
cycles: 31053310.500000 
avg_ept_walk_per_miss: 72.728121 
ept_cycles_per_execution_cycles: 0.123114 
rss_in_gb: 5.756241 
cycles: 31169296.600000 
avg_ept_walk_per_miss: 72.503914 
ept_cycles_per_execution_cycles: 0.122890 
rss_in_gb: 5.760017 
cycles: 30043091.700000 
avg_ept_walk_per_miss: 72.622329 
ept_cycles_per_execution_cycles: 0.123139 
rss_in_gb: 5.768829 
cycles: 30145461.400000 
avg_ept_walk_per_miss: 73.322233 
ept_cycles_per_execution_cycles: 0.123686 
rss_in_gb: 5.790985 
cycles: 30012994.800000 
avg_ept_walk_per_miss: 73.233222 
ept_cycles_per_execution_cycles: 0.123395 
rss_in_gb: 5.812637 
cycles: 30563366.700000 
avg_ept_walk_per_miss: 73.502753 
ept_cycles_per_execution_cycles: 0.123183 
rss_in_gb: 5.833534 
cycles: 31275554.400000 
avg_ept_walk_per_miss: 73.344916 
ept_cycles_per_execution_cycles: 0.123078 
rss_in_gb: 5.841087 
cycles: 29691709.400000 
avg_ept_walk_per_miss: 73.572777 
ept_cycles_per_execution_cycles: 0.123264 
rss_in_gb: 5.844360 
cycles: 29662395.300000 
avg_ept_walk_per_miss: 73.625949 
ept_cycles_per_execution_cycles: 0.123176 
rss_in_gb: 5.866264 
cycles: 29097457.500000 
avg_ept_walk_per_miss: 72.776151 
ept_cycles_per_execution_cycles: 0.122441 
rss_in_gb: 5.886909 
cycles: 28855712.600000 
avg_ept_walk_per_miss: 72.418130 
ept_cycles_per_execution_cycles: 0.121972 
rss_in_gb: 5.908562 
cycles: 31095508.800000 
avg_ept_walk_per_miss: 72.619547 
ept_cycles_per_execution_cycles: 0.121964 
rss_in_gb: 5.924675 
cycles: 30188692.800000 
avg_ept_walk_per_miss: 72.654422 
ept_cycles_per_execution_cycles: 0.121897 
rss_in_gb: 5.928452 
cycles: 28929856.500000 
avg_ept_walk_per_miss: 72.399543 
ept_cycles_per_execution_cycles: 0.121543 
rss_in_gb: 5.944313 
cycles: 29450610.000000 
avg_ept_walk_per_miss: 73.529312 
ept_cycles_per_execution_cycles: 0.122205 
rss_in_gb: 5.967476 
cycles: 29736520.700000 
avg_ept_walk_per_miss: 73.941750 
ept_cycles_per_execution_cycles: 0.122641 
rss_in_gb: 5.989632 
cycles: 31433075.700000 
avg_ept_walk_per_miss: 73.903205 
ept_cycles_per_execution_cycles: 0.122605 
rss_in_gb: 6.006500 
cycles: 32541229.100000 
avg_ept_walk_per_miss: 74.020034 
ept_cycles_per_execution_cycles: 0.122500 
rss_in_gb: 6.015564 
cycles: 32595559.900000 
avg_ept_walk_per_miss: 73.896488 
ept_cycles_per_execution_cycles: 0.122234 
rss_in_gb: 6.037468 
cycles: 31866248.200000 
avg_ept_walk_per_miss: 74.366546 
ept_cycles_per_execution_cycles: 0.122666 
rss_in_gb: 6.053581 
cycles: 29865688.500000 
avg_ept_walk_per_miss: 74.153119 
ept_cycles_per_execution_cycles: 0.122830 
rss_in_gb: 6.064659 
cycles: 29718293.600000 
avg_ept_walk_per_miss: 74.980442 
ept_cycles_per_execution_cycles: 0.123495 
rss_in_gb: 6.079010 
cycles: 31861538.100000 
avg_ept_walk_per_miss: 74.444170 
ept_cycles_per_execution_cycles: 0.123051 
rss_in_gb: 6.094872 
cycles: 31672491.900000 
avg_ept_walk_per_miss: 74.836029 
ept_cycles_per_execution_cycles: 0.123300 
rss_in_gb: 6.108467 
cycles: 30177183.500000 
avg_ept_walk_per_miss: 73.806100 
ept_cycles_per_execution_cycles: 0.122863 
rss_in_gb: 6.124832 
cycles: 28714516.200000 
avg_ept_walk_per_miss: 73.816181 
ept_cycles_per_execution_cycles: 0.122844 
rss_in_gb: 6.138931 
cycles: 28728842.900000 
avg_ept_walk_per_miss: 73.815792 
ept_cycles_per_execution_cycles: 0.122846 
rss_in_gb: 6.156052 
cycles: 29834317.200000 
avg_ept_walk_per_miss: 74.239035 
ept_cycles_per_execution_cycles: 0.123230 
rss_in_gb: 6.170654 
cycles: 28417313.200000 
avg_ept_walk_per_miss: 74.617921 
ept_cycles_per_execution_cycles: 0.123876 
rss_in_gb: 6.185005 
cycles: 28304925.200000 
avg_ept_walk_per_miss: 75.217593 
ept_cycles_per_execution_cycles: 0.124338 
rss_in_gb: 6.199860 
cycles: 29723930.800000 
avg_ept_walk_per_miss: 75.526441 
ept_cycles_per_execution_cycles: 0.124501 
rss_in_gb: 6.218239 
cycles: 29499720.700000 
avg_ept_walk_per_miss: 74.934595 
ept_cycles_per_execution_cycles: 0.124261 
rss_in_gb: 6.231834 
cycles: 29919920.800000 
avg_ept_walk_per_miss: 75.511217 
ept_cycles_per_execution_cycles: 0.124821 
rss_in_gb: 6.249710 
cycles: 29783848.900000 
avg_ept_walk_per_miss: 75.532389 
ept_cycles_per_execution_cycles: 0.125036 
rss_in_gb: 6.263306 
cycles: 29400880.900000 
avg_ept_walk_per_miss: 75.612136 
ept_cycles_per_execution_cycles: 0.125314 
rss_in_gb: 6.277405 
cycles: 29682062.600000 
avg_ept_walk_per_miss: 75.688073 
ept_cycles_per_execution_cycles: 0.125579 
rss_in_gb: 6.293015 
cycles: 28853634.600000 
avg_ept_walk_per_miss: 75.566369 
ept_cycles_per_execution_cycles: 0.125675 
rss_in_gb: 6.305855 
cycles: 29987122.300000 
avg_ept_walk_per_miss: 75.998419 
ept_cycles_per_execution_cycles: 0.126191 
rss_in_gb: 6.325745 
cycles: 29574771.800000 
avg_ept_walk_per_miss: 75.307824 
ept_cycles_per_execution_cycles: 0.125894 
rss_in_gb: 6.338837 
cycles: 29562677.500000 
avg_ept_walk_per_miss: 75.622258 
ept_cycles_per_execution_cycles: 0.126426 
rss_in_gb: 6.352936 
cycles: 29661606.000000 
avg_ept_walk_per_miss: 75.438620 
ept_cycles_per_execution_cycles: 0.126547 
rss_in_gb: 6.372070 
cycles: 29907287.300000 
avg_ept_walk_per_miss: 76.128488 
ept_cycles_per_execution_cycles: 0.126993 
rss_in_gb: 6.386169 
cycles: 29139487.700000 
avg_ept_walk_per_miss: 75.691796 
ept_cycles_per_execution_cycles: 0.126743 
rss_in_gb: 6.400520 
cycles: 29078947.100000 
avg_ept_walk_per_miss: 75.373453 
ept_cycles_per_execution_cycles: 0.126531 
rss_in_gb: 6.413612 
cycles: 30149558.100000 
avg_ept_walk_per_miss: 75.680070 
ept_cycles_per_execution_cycles: 0.126504 
rss_in_gb: 6.432747 
cycles: 29731336.200000 
avg_ept_walk_per_miss: 76.066004 
ept_cycles_per_execution_cycles: 0.126904 
rss_in_gb: 6.446342 
cycles: 30257433.200000 
avg_ept_walk_per_miss: 76.402040 
ept_cycles_per_execution_cycles: 0.127016 
rss_in_gb: 6.461700 
cycles: 29280213.500000 
avg_ept_walk_per_miss: 75.431219 
ept_cycles_per_execution_cycles: 0.126384 
rss_in_gb: 6.477562 
cycles: 29357962.800000 
avg_ept_walk_per_miss: 75.686018 
ept_cycles_per_execution_cycles: 0.126339 
rss_in_gb: 6.490654 
cycles: 30106940.000000 
avg_ept_walk_per_miss: 75.540427 
ept_cycles_per_execution_cycles: 0.126148 
rss_in_gb: 6.509285 
cycles: 29110505.800000 
avg_ept_walk_per_miss: 75.774714 
ept_cycles_per_execution_cycles: 0.126217 
rss_in_gb: 6.522629 
cycles: 28962191.600000 
avg_ept_walk_per_miss: 75.169844 
ept_cycles_per_execution_cycles: 0.126062 
rss_in_gb: 6.536980 
cycles: 30075323.400000 
avg_ept_walk_per_miss: 75.822463 
ept_cycles_per_execution_cycles: 0.126523 
rss_in_gb: 6.556114 
cycles: 29969083.000000 
avg_ept_walk_per_miss: 75.972462 
ept_cycles_per_execution_cycles: 0.126752 
rss_in_gb: 6.568954 
cycles: 29536390.500000 
avg_ept_walk_per_miss: 76.864332 
ept_cycles_per_execution_cycles: 0.127393 
rss_in_gb: 6.585068 
cycles: 29411100.000000 
avg_ept_walk_per_miss: 76.432626 
ept_cycles_per_execution_cycles: 0.127229 
rss_in_gb: 6.598160 
cycles: 29328272.500000 
avg_ept_walk_per_miss: 76.402683 
ept_cycles_per_execution_cycles: 0.127396 
rss_in_gb: 6.613014 
cycles: 29222935.800000 
avg_ept_walk_per_miss: 77.132998 
ept_cycles_per_execution_cycles: 0.127205 
rss_in_gb: 6.626106 
cycles: 29195713.500000 
avg_ept_walk_per_miss: 77.401166 
ept_cycles_per_execution_cycles: 0.128093 
rss_in_gb: 6.639450 
cycles: 29100798.700000 
avg_ept_walk_per_miss: 77.650525 
ept_cycles_per_execution_cycles: 0.128628 
rss_in_gb: 6.658333 
cycles: 28967486.300000 
avg_ept_walk_per_miss: 77.463571 
ept_cycles_per_execution_cycles: 0.128500 
rss_in_gb: 6.671425 
cycles: 28755383.500000 
avg_ept_walk_per_miss: 77.618013 
ept_cycles_per_execution_cycles: 0.128443 
rss_in_gb: 6.684013 
cycles: 32646283.400000 
avg_ept_walk_per_miss: 93.482422 
ept_cycles_per_execution_cycles: 0.160022 
rss_in_gb: 6.701385 
cycles: 54207167.500000 
avg_ept_walk_per_miss: 131.189248 
ept_cycles_per_execution_cycles: 0.238023 
rss_in_gb: 6.713722 
cycles: 75334693.400000 
avg_ept_walk_per_miss: 144.162880 
ept_cycles_per_execution_cycles: 0.272473 
rss_in_gb: 6.726814 
cycles: 97991792.900000 
avg_ept_walk_per_miss: 152.844356 
ept_cycles_per_execution_cycles: 0.291313 
rss_in_gb: 6.740536 
cycles: 120016596.900000 
avg_ept_walk_per_miss: 158.946638 
ept_cycles_per_execution_cycles: 0.304127 
rss_in_gb: 6.751614 
cycles: 143490803.200000 
avg_ept_walk_per_miss: 162.168999 
ept_cycles_per_execution_cycles: 0.312758 
rss_in_gb: 6.765335 
cycles: 163535034.300000 
avg_ept_walk_per_miss: 164.126978 
ept_cycles_per_execution_cycles: 0.317825 
rss_in_gb: 6.777798 
cycles: 181888322.300000 
avg_ept_walk_per_miss: 165.700591 
ept_cycles_per_execution_cycles: 0.323143 
rss_in_gb: 6.789631 
cycles: 199782007.100000 
avg_ept_walk_per_miss: 165.669454 
ept_cycles_per_execution_cycles: 0.326037 
rss_in_gb: 6.802597 
cycles: 217149088.700000 
avg_ept_walk_per_miss: 165.900137 
ept_cycles_per_execution_cycles: 0.328670 
rss_in_gb: 6.813423 
cycles: 213234187.900000 
avg_ept_walk_per_miss: 165.156273 
ept_cycles_per_execution_cycles: 0.326853 
rss_in_gb: 6.824257 
cycles: 191237460.200000 
avg_ept_walk_per_miss: 163.090695 
ept_cycles_per_execution_cycles: 0.323740 
rss_in_gb: 6.838860 
cycles: 169240569.600000 
avg_ept_walk_per_miss: 161.468858 
ept_cycles_per_execution_cycles: 0.319604 
rss_in_gb: 6.853462 
cycles: 147142423.500000 
avg_ept_walk_per_miss: 157.722023 
ept_cycles_per_execution_cycles: 0.312940 
rss_in_gb: 6.871338 
cycles: 124786104.400000 
avg_ept_walk_per_miss: 152.727323 
ept_cycles_per_execution_cycles: 0.304330 
rss_in_gb: 6.885185 
cycles: 101970753.700000 
avg_ept_walk_per_miss: 145.712836 
ept_cycles_per_execution_cycles: 0.289775 
rss_in_gb: 6.901802 
cycles: 81310847.500000 
avg_ept_walk_per_miss: 137.639108 
ept_cycles_per_execution_cycles: 0.274394 
rss_in_gb: 6.914894 
cycles: 61574647.700000 
avg_ept_walk_per_miss: 124.735655 
ept_cycles_per_execution_cycles: 0.247789 
rss_in_gb: 6.929497 
cycles: 44140445.500000 
avg_ept_walk_per_miss: 104.193063 
ept_cycles_per_execution_cycles: 0.200961 
rss_in_gb: 6.947624 
cycles: 26973158.800000 
avg_ept_walk_per_miss: 52.663701 
ept_cycles_per_execution_cycles: 0.095253 
rss_in_gb: 6.963737 
cycles: 26978184.700000 
avg_ept_walk_per_miss: 52.492708 
ept_cycles_per_execution_cycles: 0.093934 
rss_in_gb: 6.979095 
cycles: 27096451.200000 
avg_ept_walk_per_miss: 52.843013 
ept_cycles_per_execution_cycles: 0.094055 
rss_in_gb: 6.993950 
cycles: 27256062.000000 
avg_ept_walk_per_miss: 52.899267 
ept_cycles_per_execution_cycles: 0.094528 
rss_in_gb: 7.011826 
cycles: 26176071.100000 
avg_ept_walk_per_miss: 52.750946 
ept_cycles_per_execution_cycles: 0.094856 
rss_in_gb: 7.025421 
cycles: 26392503.000000 
avg_ept_walk_per_miss: 52.379495 
ept_cycles_per_execution_cycles: 0.094591 
rss_in_gb: 7.041534 
cycles: 25415143.300000 
avg_ept_walk_per_miss: 52.119116 
ept_cycles_per_execution_cycles: 0.095730 
rss_in_gb: 7.056389 
cycles: 26343730.800000 
avg_ept_walk_per_miss: 51.909643 
ept_cycles_per_execution_cycles: 0.094987 
rss_in_gb: 7.073006 
cycles: 26361793.600000 
avg_ept_walk_per_miss: 51.829954 
ept_cycles_per_execution_cycles: 0.094350 
rss_in_gb: 7.085594 
cycles: 26362854.500000 
avg_ept_walk_per_miss: 51.873714 
ept_cycles_per_execution_cycles: 0.093936 
rss_in_gb: 7.103470 
cycles: 26001920.200000 
avg_ept_walk_per_miss: 52.116079 
ept_cycles_per_execution_cycles: 0.094070 
rss_in_gb: 7.116814 
cycles: 25084728.600000 
avg_ept_walk_per_miss: 52.212920 
ept_cycles_per_execution_cycles: 0.096197 
rss_in_gb: 7.133179 
cycles: 25260644.800000 
avg_ept_walk_per_miss: 51.999059 
ept_cycles_per_execution_cycles: 0.095373 
rss_in_gb: 7.147278 
cycles: 24831813.600000 
avg_ept_walk_per_miss: 52.024064 
ept_cycles_per_execution_cycles: 0.094687 
rss_in_gb: 7.159615 
cycles: 25934909.000000 
avg_ept_walk_per_miss: 51.965179 
ept_cycles_per_execution_cycles: 0.093743 
rss_in_gb: 7.178246 
cycles: 25407972.600000 
avg_ept_walk_per_miss: 52.149833 
ept_cycles_per_execution_cycles: 0.093806 
rss_in_gb: 7.191338 
cycles: 25790167.500000 
avg_ept_walk_per_miss: 52.244708 
ept_cycles_per_execution_cycles: 0.093337 
rss_in_gb: 7.207199 
cycles: 25518998.700000 
avg_ept_walk_per_miss: 52.264696 
ept_cycles_per_execution_cycles: 0.093893 
rss_in_gb: 7.224068 
cycles: 25641768.600000 
avg_ept_walk_per_miss: 52.290614 
ept_cycles_per_execution_cycles: 0.094046 
rss_in_gb: 7.237411 
cycles: 24925713.400000 
avg_ept_walk_per_miss: 52.399944 
ept_cycles_per_execution_cycles: 0.094500 
rss_in_gb: 7.250504 
cycles: 25996526.700000 
avg_ept_walk_per_miss: 52.598585 
ept_cycles_per_execution_cycles: 0.094883 
rss_in_gb: 7.270645 
cycles: 26274597.100000 
avg_ept_walk_per_miss: 52.933420 
ept_cycles_per_execution_cycles: 0.094042 
rss_in_gb: 7.284241 
cycles: 26237016.100000 
avg_ept_walk_per_miss: 53.120035 
ept_cycles_per_execution_cycles: 0.094731 
rss_in_gb: 7.300102 
cycles: 26260452.100000 
avg_ept_walk_per_miss: 53.266986 
ept_cycles_per_execution_cycles: 0.095433 
rss_in_gb: 7.314957 
cycles: 25504042.200000 
avg_ept_walk_per_miss: 53.630358 
ept_cycles_per_execution_cycles: 0.095972 
rss_in_gb: 7.328552 
cycles: 26511502.800000 
avg_ept_walk_per_miss: 53.808755 
ept_cycles_per_execution_cycles: 0.096247 
rss_in_gb: 7.346931 
cycles: 27312359.600000 
avg_ept_walk_per_miss: 53.761708 
ept_cycles_per_execution_cycles: 0.094846 
rss_in_gb: 7.362038 
cycles: 26633005.900000 
avg_ept_walk_per_miss: 53.816140 
ept_cycles_per_execution_cycles: 0.094833 
rss_in_gb: 7.374878 
cycles: 27082236.600000 
avg_ept_walk_per_miss: 54.246189 
ept_cycles_per_execution_cycles: 0.095978 
rss_in_gb: 7.393005 
cycles: 27232434.100000 
avg_ept_walk_per_miss: 54.082671 
ept_cycles_per_execution_cycles: 0.096222 
rss_in_gb: 7.409874 
cycles: 25967053.000000 
avg_ept_walk_per_miss: 53.870801 
ept_cycles_per_execution_cycles: 0.096341 
rss_in_gb: 7.423218 
cycles: 25874495.100000 
avg_ept_walk_per_miss: 53.811492 
ept_cycles_per_execution_cycles: 0.097879 
rss_in_gb: 7.440086 
cycles: 26071356.200000 
avg_ept_walk_per_miss: 53.797343 
ept_cycles_per_execution_cycles: 0.097359 
rss_in_gb: 7.454941 
cycles: 26931023.300000 
avg_ept_walk_per_miss: 53.973004 
ept_cycles_per_execution_cycles: 0.096931 
rss_in_gb: 7.472313 
cycles: 27079917.800000 
avg_ept_walk_per_miss: 53.723876 
ept_cycles_per_execution_cycles: 0.096748 
rss_in_gb: 7.486916 
cycles: 26061980.300000 
avg_ept_walk_per_miss: 53.409057 
ept_cycles_per_execution_cycles: 0.096713 
rss_in_gb: 7.500008 
cycles: 25718702.900000 
avg_ept_walk_per_miss: 53.418842 
ept_cycles_per_execution_cycles: 0.098510 
rss_in_gb: 7.518890 
cycles: 25846490.600000 
avg_ept_walk_per_miss: 53.490027 
ept_cycles_per_execution_cycles: 0.098638 
rss_in_gb: 7.531479 
cycles: 25305010.500000 
avg_ept_walk_per_miss: 53.284724 
ept_cycles_per_execution_cycles: 0.097791 
rss_in_gb: 7.544319 
cycles: 26359133.700000 
avg_ept_walk_per_miss: 53.590989 
ept_cycles_per_execution_cycles: 0.097375 
rss_in_gb: 7.564713 
cycles: 26441108.600000 
avg_ept_walk_per_miss: 53.425950 
ept_cycles_per_execution_cycles: 0.097115 
rss_in_gb: 7.578308 
cycles: 26490047.000000 
avg_ept_walk_per_miss: 53.215240 
ept_cycles_per_execution_cycles: 0.095427 
rss_in_gb: 7.590897 
cycles: 26558214.300000 
avg_ept_walk_per_miss: 53.282759 
ept_cycles_per_execution_cycles: 0.096102 
rss_in_gb: 7.608269 
cycles: 25977187.200000 
avg_ept_walk_per_miss: 53.160275 
ept_cycles_per_execution_cycles: 0.096750 
rss_in_gb: 7.624382 
cycles: 25625877.200000 
avg_ept_walk_per_miss: 53.262639 
ept_cycles_per_execution_cycles: 0.096795 
rss_in_gb: 7.637222 
cycles: 26112702.400000 
avg_ept_walk_per_miss: 53.371061 
ept_cycles_per_execution_cycles: 0.096670 
rss_in_gb: 7.652832 
cycles: 26616487.400000 
avg_ept_walk_per_miss: 53.380509 
ept_cycles_per_execution_cycles: 0.095311 
rss_in_gb: 7.670204 
cycles: 26544723.200000 
avg_ept_walk_per_miss: 53.312454 
ept_cycles_per_execution_cycles: 0.095424 
rss_in_gb: 7.683548 
cycles: 26702806.800000 
avg_ept_walk_per_miss: 53.136029 
ept_cycles_per_execution_cycles: 0.095913 
rss_in_gb: 7.699409 
cycles: 25394850.500000 
avg_ept_walk_per_miss: 53.106633 
ept_cycles_per_execution_cycles: 0.096681 
rss_in_gb: 7.714012 
cycles: 26067732.300000 
avg_ept_walk_per_miss: 53.486661 
ept_cycles_per_execution_cycles: 0.096750 
rss_in_gb: 7.731636 
cycles: 26947712.300000 
avg_ept_walk_per_miss: 53.753634 
ept_cycles_per_execution_cycles: 0.095324 
rss_in_gb: 7.744476 
cycles: 26944737.300000 
avg_ept_walk_per_miss: 53.719577 
ept_cycles_per_execution_cycles: 0.095306 
rss_in_gb: 7.762100 
cycles: 26794449.200000 
avg_ept_walk_per_miss: 53.985701 
ept_cycles_per_execution_cycles: 0.095607 
rss_in_gb: 7.777458 
cycles: 27034475.500000 
avg_ept_walk_per_miss: 54.151280 
ept_cycles_per_execution_cycles: 0.096416 
rss_in_gb: 7.793823 
cycles: 26407426.200000 
avg_ept_walk_per_miss: 54.495663 
ept_cycles_per_execution_cycles: 0.097182 
rss_in_gb: 7.806915 
cycles: 25191784.900000 
avg_ept_walk_per_miss: 54.718780 
ept_cycles_per_execution_cycles: 0.100001 
rss_in_gb: 7.824791 
cycles: 26009771.000000 
avg_ept_walk_per_miss: 54.771359 
ept_cycles_per_execution_cycles: 0.099304 
rss_in_gb: 7.840652 
cycles: 26014516.100000 
avg_ept_walk_per_miss: 55.061785 
ept_cycles_per_execution_cycles: 0.098811 
rss_in_gb: 7.854500 
cycles: 26148276.700000 
avg_ept_walk_per_miss: 55.253899 
ept_cycles_per_execution_cycles: 0.098377 
rss_in_gb: 7.867340 
cycles: 26132973.000000 
avg_ept_walk_per_miss: 56.430549 
ept_cycles_per_execution_cycles: 0.100232 
rss_in_gb: 7.883453 
cycles: 24917767.700000 
avg_ept_walk_per_miss: 57.240580 
ept_cycles_per_execution_cycles: 0.104444 
rss_in_gb: 7.896797 
cycles: 24352799.200000 
avg_ept_walk_per_miss: 57.973690 
ept_cycles_per_execution_cycles: 0.105211 
rss_in_gb: 7.909386 
cycles: 24181764.700000 
avg_ept_walk_per_miss: 58.655038 
ept_cycles_per_execution_cycles: 0.105501 
rss_in_gb: 7.921974 
cycles: 25087142.000000 
avg_ept_walk_per_miss: 60.138019 
ept_cycles_per_execution_cycles: 0.106355 
rss_in_gb: 7.939850 
cycles: 25499229.300000 
avg_ept_walk_per_miss: 60.916570 
ept_cycles_per_execution_cycles: 0.106806 
rss_in_gb: 7.953445 
cycles: 26381066.200000 
avg_ept_walk_per_miss: 61.955525 
ept_cycles_per_execution_cycles: 0.105946 
rss_in_gb: 7.969559 
cycles: 26289450.800000 
avg_ept_walk_per_miss: 63.561999 
ept_cycles_per_execution_cycles: 0.108384 
rss_in_gb: 7.985672 
cycles: 25991284.100000 
avg_ept_walk_per_miss: 64.196414 
ept_cycles_per_execution_cycles: 0.109935 
rss_in_gb: 7.999016 
cycles: 26893169.900000 
avg_ept_walk_per_miss: 65.006195 
ept_cycles_per_execution_cycles: 0.111051 
rss_in_gb: 8.017143 
cycles: 37166857.400000 
avg_ept_walk_per_miss: 77.640248 
ept_cycles_per_execution_cycles: 0.106726 
rss_in_gb: 8.023689 
cycles: 61547618.600000 
avg_ept_walk_per_miss: 97.672702 
ept_cycles_per_execution_cycles: 0.103060 
rss_in_gb: 8.023689 
cycles: 86735114.800000 
avg_ept_walk_per_miss: 110.101227 
ept_cycles_per_execution_cycles: 0.101168 
rss_in_gb: 8.023689 
cycles: 111966858.200000 
avg_ept_walk_per_miss: 118.941963 
ept_cycles_per_execution_cycles: 0.100802 
rss_in_gb: 8.023689 
cycles: 133171390.700000 
avg_ept_walk_per_miss: 125.559933 
ept_cycles_per_execution_cycles: 0.099684 
rss_in_gb: 8.023689 
cycles: 155007170.100000 
avg_ept_walk_per_miss: 130.183314 
ept_cycles_per_execution_cycles: 0.098690 
rss_in_gb: 8.023689 
cycles: 178390450.200000 
avg_ept_walk_per_miss: 135.442847 
ept_cycles_per_execution_cycles: 0.098972 
rss_in_gb: 8.023689 
cycles: 202889736.600000 
avg_ept_walk_per_miss: 138.995139 
ept_cycles_per_execution_cycles: 0.098824 
rss_in_gb: 8.023689 
cycles: 219633357.700000 
avg_ept_walk_per_miss: 142.183957 
ept_cycles_per_execution_cycles: 0.099025 
rss_in_gb: 8.023689 
cycles: 220221040.100000 
avg_ept_walk_per_miss: 146.522464 
ept_cycles_per_execution_cycles: 0.099365 
rss_in_gb: 8.023689 
cycles: 210560571.800000 
avg_ept_walk_per_miss: 148.817829 
ept_cycles_per_execution_cycles: 0.099701 
rss_in_gb: 8.023689 
cycles: 186955415.300000 
avg_ept_walk_per_miss: 150.377622 
ept_cycles_per_execution_cycles: 0.100187 
rss_in_gb: 8.023689 
cycles: 163051420.400000 
avg_ept_walk_per_miss: 152.375188 
ept_cycles_per_execution_cycles: 0.100867 
rss_in_gb: 8.023689 
cycles: 139106373.900000 
avg_ept_walk_per_miss: 154.820571 
ept_cycles_per_execution_cycles: 0.101285 
rss_in_gb: 8.023689 
cycles: 117923220.600000 
avg_ept_walk_per_miss: 158.114722 
ept_cycles_per_execution_cycles: 0.102698 
rss_in_gb: 8.023689 
cycles: 96922942.600000 
avg_ept_walk_per_miss: 163.035502 
ept_cycles_per_execution_cycles: 0.105151 
rss_in_gb: 8.023689 
cycles: 73313392.500000 
avg_ept_walk_per_miss: 171.252487 
ept_cycles_per_execution_cycles: 0.107241 
rss_in_gb: 8.023689 
cycles: 49512047.200000 
avg_ept_walk_per_miss: 189.263457 
ept_cycles_per_execution_cycles: 0.111639 
rss_in_gb: 8.023689 
cycles: 34065882.200000 
avg_ept_walk_per_miss: 213.906440 
ept_cycles_per_execution_cycles: 0.116484 
rss_in_gb: 8.023689 
cycles: 33709460.000000 
avg_ept_walk_per_miss: 207.707828 
ept_cycles_per_execution_cycles: 0.114677 
rss_in_gb: 8.023689 
cycles: 33670287.600000 
avg_ept_walk_per_miss: 205.350308 
ept_cycles_per_execution_cycles: 0.113774 
rss_in_gb: 8.023689 
cycles: 33584125.500000 
avg_ept_walk_per_miss: 204.333297 
ept_cycles_per_execution_cycles: 0.113142 
rss_in_gb: 8.023689 
cycles: 33613258.600000 
avg_ept_walk_per_miss: 203.756257 
ept_cycles_per_execution_cycles: 0.112846 
rss_in_gb: 8.023689 
cycles: 33609284.900000 
avg_ept_walk_per_miss: 203.286869 
ept_cycles_per_execution_cycles: 0.112272 
rss_in_gb: 8.023689 
cycles: 33636162.900000 
avg_ept_walk_per_miss: 202.976132 
ept_cycles_per_execution_cycles: 0.111747 
rss_in_gb: 8.023689 
cycles: 33706809.400000 
avg_ept_walk_per_miss: 202.493294 
ept_cycles_per_execution_cycles: 0.111391 
rss_in_gb: 8.023689 
cycles: 33711715.600000 
avg_ept_walk_per_miss: 202.335580 
ept_cycles_per_execution_cycles: 0.111055 
rss_in_gb: 8.023689 
cycles: 33719869.700000 
avg_ept_walk_per_miss: 202.057107 
ept_cycles_per_execution_cycles: 0.110712 
rss_in_gb: 8.023689 
cycles: 33746827.800000 
avg_ept_walk_per_miss: 202.034146 
ept_cycles_per_execution_cycles: 0.110335 
rss_in_gb: 8.023689 
cycles: 33730355.000000 
avg_ept_walk_per_miss: 201.229984 
ept_cycles_per_execution_cycles: 0.110051 
rss_in_gb: 8.023689 
cycles: 33639532.200000 
avg_ept_walk_per_miss: 200.756715 
ept_cycles_per_execution_cycles: 0.110041 
rss_in_gb: 8.023689 
cycles: 33697834.400000 
avg_ept_walk_per_miss: 200.509726 
ept_cycles_per_execution_cycles: 0.110179 
rss_in_gb: 8.023689 
cycles: 33697506.900000 
avg_ept_walk_per_miss: 200.482953 
ept_cycles_per_execution_cycles: 0.110095 
rss_in_gb: 8.023689 
cycles: 33700445.500000 
avg_ept_walk_per_miss: 200.739778 
ept_cycles_per_execution_cycles: 0.110304 
rss_in_gb: 8.023689 
cycles: 33753893.500000 
avg_ept_walk_per_miss: 200.550505 
ept_cycles_per_execution_cycles: 0.110501 
rss_in_gb: 8.023689 
cycles: 33772713.300000 
avg_ept_walk_per_miss: 200.603277 
ept_cycles_per_execution_cycles: 0.110472 
rss_in_gb: 8.023689 
cycles: 33841056.800000 
avg_ept_walk_per_miss: 200.754470 
ept_cycles_per_execution_cycles: 0.110588 
rss_in_gb: 8.023689 
cycles: 33886826.300000 
avg_ept_walk_per_miss: 200.753852 
ept_cycles_per_execution_cycles: 0.110548 
rss_in_gb: 8.023689 
cycles: 33846503.600000 
avg_ept_walk_per_miss: 200.801985 
ept_cycles_per_execution_cycles: 0.110646 
rss_in_gb: 8.023689 
cycles: 33784945.300000 
avg_ept_walk_per_miss: 200.811025 
ept_cycles_per_execution_cycles: 0.110563 
rss_in_gb: 8.023689 
cycles: 33849177.400000 
avg_ept_walk_per_miss: 200.835647 
ept_cycles_per_execution_cycles: 0.110652 
rss_in_gb: 8.023689 
cycles: 33806360.700000 
avg_ept_walk_per_miss: 200.939418 
ept_cycles_per_execution_cycles: 0.110563 
rss_in_gb: 8.023689 
cycles: 33845606.000000 
avg_ept_walk_per_miss: 200.962426 
ept_cycles_per_execution_cycles: 0.110492 
rss_in_gb: 8.023689 
cycles: 33811445.200000 
avg_ept_walk_per_miss: 200.925742 
ept_cycles_per_execution_cycles: 0.110419 
rss_in_gb: 8.023689 
cycles: 33807476.400000 
avg_ept_walk_per_miss: 201.105161 
ept_cycles_per_execution_cycles: 0.110389 
rss_in_gb: 8.023689 
cycles: 33783333.200000 
avg_ept_walk_per_miss: 201.165906 
ept_cycles_per_execution_cycles: 0.110327 
rss_in_gb: 8.023689 
cycles: 33729987.600000 
avg_ept_walk_per_miss: 201.036501 
ept_cycles_per_execution_cycles: 0.110187 
rss_in_gb: 8.023689 
cycles: 33738274.800000 
avg_ept_walk_per_miss: 200.926381 
ept_cycles_per_execution_cycles: 0.110252 
rss_in_gb: 8.023689 
cycles: 33728549.000000 
avg_ept_walk_per_miss: 200.961014 
ept_cycles_per_execution_cycles: 0.110356 
rss_in_gb: 8.023689 
cycles: 33831286.500000 
avg_ept_walk_per_miss: 200.972982 
ept_cycles_per_execution_cycles: 0.110552 
rss_in_gb: 8.023689 
cycles: 33813706.900000 
avg_ept_walk_per_miss: 200.901943 
ept_cycles_per_execution_cycles: 0.110416 
rss_in_gb: 8.023689 
cycles: 33761798.400000 
avg_ept_walk_per_miss: 200.850139 
ept_cycles_per_execution_cycles: 0.110377 
rss_in_gb: 8.023689 
cycles: 33729706.300000 
avg_ept_walk_per_miss: 200.767878 
ept_cycles_per_execution_cycles: 0.110320 
rss_in_gb: 8.023689 
cycles: 33707780.800000 
avg_ept_walk_per_miss: 200.684369 
ept_cycles_per_execution_cycles: 0.110222 
rss_in_gb: 8.023689 
cycles: 33664039.600000 
avg_ept_walk_per_miss: 200.648416 
ept_cycles_per_execution_cycles: 0.110078 
rss_in_gb: 8.023689 
cycles: 33659642.900000 
avg_ept_walk_per_miss: 200.548061 
ept_cycles_per_execution_cycles: 0.110123 
rss_in_gb: 8.023689 
cycles: 33709605.900000 
avg_ept_walk_per_miss: 200.584969 
ept_cycles_per_execution_cycles: 0.110252 
rss_in_gb: 8.023689 
cycles: 33691633.400000 
avg_ept_walk_per_miss: 200.604261 
ept_cycles_per_execution_cycles: 0.110319 
rss_in_gb: 8.023689 
cycles: 33744439.300000 
avg_ept_walk_per_miss: 200.362417 
ept_cycles_per_execution_cycles: 0.110039 
rss_in_gb: 8.023689 
cycles: 33733391.100000 
avg_ept_walk_per_miss: 200.186074 
ept_cycles_per_execution_cycles: 0.109803 
rss_in_gb: 8.023689 
cycles: 33724912.800000 
avg_ept_walk_per_miss: 200.258204 
ept_cycles_per_execution_cycles: 0.109711 
rss_in_gb: 8.023689 
cycles: 33822397.800000 
avg_ept_walk_per_miss: 200.347663 
ept_cycles_per_execution_cycles: 0.109778 
rss_in_gb: 8.023689 
cycles: 33795754.400000 
avg_ept_walk_per_miss: 200.438503 
ept_cycles_per_execution_cycles: 0.109779 
rss_in_gb: 8.023689 
cycles: 33782045.400000 
avg_ept_walk_per_miss: 200.406927 
ept_cycles_per_execution_cycles: 0.109729 
rss_in_gb: 8.023689 
cycles: 33853958.300000 
avg_ept_walk_per_miss: 199.838129 
ept_cycles_per_execution_cycles: 0.109689 
rss_in_gb: 8.023689 
cycles: 33884640.900000 
avg_ept_walk_per_miss: 199.837987 
ept_cycles_per_execution_cycles: 0.109738 
rss_in_gb: 8.023689 
cycles: 33844795.100000 
avg_ept_walk_per_miss: 199.827121 
ept_cycles_per_execution_cycles: 0.109680 
rss_in_gb: 8.023689 
cycles: 33875703.800000 
avg_ept_walk_per_miss: 199.433471 
ept_cycles_per_execution_cycles: 0.109530 
rss_in_gb: 8.023689 
cycles: 33874554.200000 
avg_ept_walk_per_miss: 198.952409 
ept_cycles_per_execution_cycles: 0.109526 
rss_in_gb: 8.023689 
cycles: 38228679.800000 
avg_ept_walk_per_miss: 170.565422 
ept_cycles_per_execution_cycles: 0.102339 
rss_in_gb: 8.023689 
cycles: 38213489.800000 
avg_ept_walk_per_miss: 170.883435 
ept_cycles_per_execution_cycles: 0.102545 
rss_in_gb: 8.023689 
cycles: 38137262.500000 
avg_ept_walk_per_miss: 171.033160 
ept_cycles_per_execution_cycles: 0.102489 
rss_in_gb: 8.023689 
cycles: 38205775.900000 
avg_ept_walk_per_miss: 171.183573 
ept_cycles_per_execution_cycles: 0.102695 
rss_in_gb: 8.023689 
cycles: 38222159.500000 
avg_ept_walk_per_miss: 171.275913 
ept_cycles_per_execution_cycles: 0.102749 
rss_in_gb: 8.023689 
cycles: 38135952.000000 
avg_ept_walk_per_miss: 171.746721 
ept_cycles_per_execution_cycles: 0.102817 
rss_in_gb: 8.023689 
cycles: 38132846.000000 
avg_ept_walk_per_miss: 171.810639 
ept_cycles_per_execution_cycles: 0.102781 
rss_in_gb: 8.023689 
cycles: 68427301.300000 
avg_ept_walk_per_miss: 95.511959 
ept_cycles_per_execution_cycles: 0.079136 
rss_in_gb: 8.023689 
cycles: 100143989.900000 
avg_ept_walk_per_miss: 75.454620 
ept_cycles_per_execution_cycles: 0.070347 
rss_in_gb: 8.023689 
cycles: 134766107.800000 
avg_ept_walk_per_miss: 67.688924 
ept_cycles_per_execution_cycles: 0.062202 
rss_in_gb: 8.023689 
cycles: 165040531.700000 
avg_ept_walk_per_miss: 63.302629 
ept_cycles_per_execution_cycles: 0.057576 
rss_in_gb: 8.023689 
cycles: 199583769.000000 
avg_ept_walk_per_miss: 60.020882 
ept_cycles_per_execution_cycles: 0.054336 
rss_in_gb: 8.023689 
cycles: 235661540.300000 
avg_ept_walk_per_miss: 57.934452 
ept_cycles_per_execution_cycles: 0.051963 
rss_in_gb: 8.023689 
cycles: 236978162.500000 
avg_ept_walk_per_miss: 57.861328 
ept_cycles_per_execution_cycles: 0.051888 
rss_in_gb: 8.023689 
cycles: 237018123.900000 
avg_ept_walk_per_miss: 57.881769 
ept_cycles_per_execution_cycles: 0.051905 
rss_in_gb: 8.023689 
cycles: 237095541.900000 
avg_ept_walk_per_miss: 57.906123 
ept_cycles_per_execution_cycles: 0.051924 
rss_in_gb: 8.023689 
cycles: 237059686.100000 
avg_ept_walk_per_miss: 57.889503 
ept_cycles_per_execution_cycles: 0.051913 
rss_in_gb: 8.023689 
cycles: 208420022.100000 
avg_ept_walk_per_miss: 60.243612 
ept_cycles_per_execution_cycles: 0.052202 
rss_in_gb: 8.023689 
cycles: 176647341.900000 
avg_ept_walk_per_miss: 64.277600 
ept_cycles_per_execution_cycles: 0.052349 
rss_in_gb: 8.023689 
cycles: 142046391.600000 
avg_ept_walk_per_miss: 69.824199 
ept_cycles_per_execution_cycles: 0.055733 
rss_in_gb: 8.023689 
cycles: 107382785.300000 
avg_ept_walk_per_miss: 79.617482 
ept_cycles_per_execution_cycles: 0.061393 
rss_in_gb: 8.023689 
cycles: 72848249.500000 
avg_ept_walk_per_miss: 100.357559 
ept_cycles_per_execution_cycles: 0.071982 
rss_in_gb: 8.023689 
cycles: 38529209.600000 
avg_ept_walk_per_miss: 166.623699 
ept_cycles_per_execution_cycles: 0.101739 
rss_in_gb: 8.023689 
cycles: 37182921.600000 
avg_ept_walk_per_miss: 172.673807 
ept_cycles_per_execution_cycles: 0.103909 
rss_in_gb: 8.023689 
cycles: 37200060.500000 
avg_ept_walk_per_miss: 172.502339 
ept_cycles_per_execution_cycles: 0.103863 
rss_in_gb: 8.023689 
cycles: 37174561.500000 
avg_ept_walk_per_miss: 172.320970 
ept_cycles_per_execution_cycles: 0.103929 
rss_in_gb: 8.023689 
cycles: 37189218.100000 
avg_ept_walk_per_miss: 172.261457 
ept_cycles_per_execution_cycles: 0.103951 
rss_in_gb: 8.023689 
cycles: 35516878.400000 
avg_ept_walk_per_miss: 184.597221 
ept_cycles_per_execution_cycles: 0.106824 
rss_in_gb: 8.023689 
cycles: 35501439.800000 
avg_ept_walk_per_miss: 184.450263 
ept_cycles_per_execution_cycles: 0.106754 
rss_in_gb: 8.023689 
cycles: 35427597.900000 
avg_ept_walk_per_miss: 184.463245 
ept_cycles_per_execution_cycles: 0.106769 
rss_in_gb: 8.023689 
cycles: 35432941.400000 
avg_ept_walk_per_miss: 184.565647 
ept_cycles_per_execution_cycles: 0.106840 
rss_in_gb: 8.023689 
cycles: 35412799.300000 
avg_ept_walk_per_miss: 184.713795 
ept_cycles_per_execution_cycles: 0.106832 
rss_in_gb: 8.023689 
cycles: 33655886.600000 
avg_ept_walk_per_miss: 199.359825 
ept_cycles_per_execution_cycles: 0.109972 
rss_in_gb: 8.023689 
cycles: 35148573.000000 
avg_ept_walk_per_miss: 185.374518 
ept_cycles_per_execution_cycles: 0.107051 
rss_in_gb: 8.023689 
cycles: 35131569.000000 
avg_ept_walk_per_miss: 185.485112 
ept_cycles_per_execution_cycles: 0.107084 
rss_in_gb: 8.023689 
cycles: 35119179.700000 
avg_ept_walk_per_miss: 185.681179 
ept_cycles_per_execution_cycles: 0.107048 
rss_in_gb: 8.023689 
cycles: 35153005.800000 
avg_ept_walk_per_miss: 185.844065 
ept_cycles_per_execution_cycles: 0.107142 
rss_in_gb: 8.023689 
cycles: 36736880.300000 
avg_ept_walk_per_miss: 173.878145 
ept_cycles_per_execution_cycles: 0.104380 
rss_in_gb: 8.023689 
cycles: 36736598.800000 
avg_ept_walk_per_miss: 174.018036 
ept_cycles_per_execution_cycles: 0.104398 
rss_in_gb: 8.023689 
cycles: 36825455.900000 
avg_ept_walk_per_miss: 174.124876 
ept_cycles_per_execution_cycles: 0.104461 
rss_in_gb: 8.023689 
cycles: 36787398.800000 
avg_ept_walk_per_miss: 174.003059 
ept_cycles_per_execution_cycles: 0.104382 
rss_in_gb: 8.023689 
cycles: 36898218.000000 
avg_ept_walk_per_miss: 173.654285 
ept_cycles_per_execution_cycles: 0.104389 
rss_in_gb: 8.023689 
cycles: 40544362.000000 
avg_ept_walk_per_miss: 157.009767 
ept_cycles_per_execution_cycles: 0.099399 
rss_in_gb: 8.023689 
cycles: 39042896.700000 
avg_ept_walk_per_miss: 166.028242 
ept_cycles_per_execution_cycles: 0.101713 
rss_in_gb: 8.023689 
cycles: 39022034.500000 
avg_ept_walk_per_miss: 166.080224 
ept_cycles_per_execution_cycles: 0.101706 
rss_in_gb: 8.023689 
cycles: 39007811.800000 
avg_ept_walk_per_miss: 166.085996 
ept_cycles_per_execution_cycles: 0.101730 
rss_in_gb: 8.023689 
cycles: 39039318.300000 
avg_ept_walk_per_miss: 165.691067 
ept_cycles_per_execution_cycles: 0.101551 
rss_in_gb: 8.023689 
cycles: 52235316.100000 
avg_ept_walk_per_miss: 130.354513 
ept_cycles_per_execution_cycles: 0.088288 
rss_in_gb: 8.023689 
cycles: 52426403.600000 
avg_ept_walk_per_miss: 131.509979 
ept_cycles_per_execution_cycles: 0.088799 
rss_in_gb: 8.023689 
cycles: 52430276.400000 
avg_ept_walk_per_miss: 131.886482 
ept_cycles_per_execution_cycles: 0.088903 
rss_in_gb: 8.023689 
cycles: 52548910.200000 
avg_ept_walk_per_miss: 132.223438 
ept_cycles_per_execution_cycles: 0.089033 
rss_in_gb: 8.023689 
cycles: 52420353.500000 
avg_ept_walk_per_miss: 132.442084 
ept_cycles_per_execution_cycles: 0.089116 
rss_in_gb: 8.023689 
cycles: 48707117.300000 
avg_ept_walk_per_miss: 141.539977 
ept_cycles_per_execution_cycles: 0.092197 
rss_in_gb: 8.023689 
cycles: 48713570.100000 
avg_ept_walk_per_miss: 141.445930 
ept_cycles_per_execution_cycles: 0.092113 
rss_in_gb: 8.023689 
cycles: 48730356.500000 
avg_ept_walk_per_miss: 141.503380 
ept_cycles_per_execution_cycles: 0.092173 
rss_in_gb: 8.023689 
cycles: 48722485.000000 
avg_ept_walk_per_miss: 141.601263 
ept_cycles_per_execution_cycles: 0.092332 
rss_in_gb: 8.023689 
cycles: 48631433.600000 
avg_ept_walk_per_miss: 141.941577 
ept_cycles_per_execution_cycles: 0.092553 
rss_in_gb: 8.023689 
cycles: 33915227.400000 
avg_ept_walk_per_miss: 204.878225 
ept_cycles_per_execution_cycles: 0.112052 
rss_in_gb: 8.023689 
cycles: 41105449.200000 
avg_ept_walk_per_miss: 161.617430 
ept_cycles_per_execution_cycles: 0.100230 
rss_in_gb: 8.023689 
cycles: 41027691.200000 
avg_ept_walk_per_miss: 161.162866 
ept_cycles_per_execution_cycles: 0.100296 
rss_in_gb: 8.023689 
cycles: 40898282.500000 
avg_ept_walk_per_miss: 161.019238 
ept_cycles_per_execution_cycles: 0.100444 
rss_in_gb: 8.023689 
cycles: 40847903.200000 
avg_ept_walk_per_miss: 160.953196 
ept_cycles_per_execution_cycles: 0.100561 
rss_in_gb: 8.023689 
cycles: 40926239.900000 
avg_ept_walk_per_miss: 161.126093 
ept_cycles_per_execution_cycles: 0.100840 
rss_in_gb: 8.023689 
cycles: 40842009.000000 
avg_ept_walk_per_miss: 161.121778 
ept_cycles_per_execution_cycles: 0.100978 
rss_in_gb: 8.023689 
cycles: 40822145.200000 
avg_ept_walk_per_miss: 161.229531 
ept_cycles_per_execution_cycles: 0.101200 
rss_in_gb: 8.023689 
cycles: 40769732.600000 
avg_ept_walk_per_miss: 161.192929 
ept_cycles_per_execution_cycles: 0.101210 
rss_in_gb: 8.023689 
cycles: 40791553.400000 
avg_ept_walk_per_miss: 161.138552 
ept_cycles_per_execution_cycles: 0.101283 
rss_in_gb: 8.023689 
cycles: 40667228.100000 
avg_ept_walk_per_miss: 161.363013 
ept_cycles_per_execution_cycles: 0.101373 
rss_in_gb: 8.023689 
cycles: 33274874.100000 
avg_ept_walk_per_miss: 202.249696 
ept_cycles_per_execution_cycles: 0.113437 
rss_in_gb: 8.023689 
cycles: 33196558.300000 
avg_ept_walk_per_miss: 202.167671 
ept_cycles_per_execution_cycles: 0.113322 
rss_in_gb: 8.023689 
cycles: 33201942.800000 
avg_ept_walk_per_miss: 202.091310 
ept_cycles_per_execution_cycles: 0.113449 
rss_in_gb: 8.023689 
cycles: 33213202.700000 
avg_ept_walk_per_miss: 201.982606 
ept_cycles_per_execution_cycles: 0.113591 
rss_in_gb: 8.023689 
cycles: 33131023.400000 
avg_ept_walk_per_miss: 202.028163 
ept_cycles_per_execution_cycles: 0.113629 
rss_in_gb: 8.023689 
cycles: 33131433.800000 
avg_ept_walk_per_miss: 202.091292 
ept_cycles_per_execution_cycles: 0.113732 
rss_in_gb: 8.023689 
cycles: 33106760.100000 
avg_ept_walk_per_miss: 202.059157 
ept_cycles_per_execution_cycles: 0.113746 
rss_in_gb: 8.023689 
cycles: 33059244.600000 
avg_ept_walk_per_miss: 202.232927 
ept_cycles_per_execution_cycles: 0.113707 
rss_in_gb: 8.023689 
cycles: 33048416.800000 
avg_ept_walk_per_miss: 202.216222 
ept_cycles_per_execution_cycles: 0.113775 
rss_in_gb: 8.023689 
cycles: 33061850.300000 
avg_ept_walk_per_miss: 202.181193 
ept_cycles_per_execution_cycles: 0.113744 
rss_in_gb: 8.023689 
cycles: 33060725.100000 
avg_ept_walk_per_miss: 202.275629 
ept_cycles_per_execution_cycles: 0.113752 
rss_in_gb: 8.023689 
cycles: 33090156.300000 
avg_ept_walk_per_miss: 202.360193 
ept_cycles_per_execution_cycles: 0.113910 
rss_in_gb: 8.023689 
cycles: 33098829.700000 
avg_ept_walk_per_miss: 202.506554 
ept_cycles_per_execution_cycles: 0.113928 
rss_in_gb: 8.023689 
cycles: 33147685.000000 
avg_ept_walk_per_miss: 202.601975 
ept_cycles_per_execution_cycles: 0.114060 
rss_in_gb: 8.023689 
cycles: 33152495.200000 
avg_ept_walk_per_miss: 202.801868 
ept_cycles_per_execution_cycles: 0.114057 
rss_in_gb: 8.023689 
cycles: 33195576.200000 
avg_ept_walk_per_miss: 202.987354 
ept_cycles_per_execution_cycles: 0.114169 
rss_in_gb: 8.023689 
cycles: 33131154.900000 
avg_ept_walk_per_miss: 203.090798 
ept_cycles_per_execution_cycles: 0.114196 
rss_in_gb: 8.023689 
cycles: 33145069.300000 
avg_ept_walk_per_miss: 202.598074 
ept_cycles_per_execution_cycles: 0.114307 
rss_in_gb: 8.023689 
cycles: 33234082.000000 
avg_ept_walk_per_miss: 202.500645 
ept_cycles_per_execution_cycles: 0.113910 
rss_in_gb: 8.023689 
cycles: 33297252.900000 
avg_ept_walk_per_miss: 202.287523 
ept_cycles_per_execution_cycles: 0.113546 
rss_in_gb: 8.023689 
cycles: 33377079.200000 
avg_ept_walk_per_miss: 202.216162 
ept_cycles_per_execution_cycles: 0.113274 
rss_in_gb: 8.023689 
cycles: 33407625.300000 
avg_ept_walk_per_miss: 202.105375 
ept_cycles_per_execution_cycles: 0.112934 
rss_in_gb: 8.023689 
cycles: 33489666.800000 
avg_ept_walk_per_miss: 201.941673 
ept_cycles_per_execution_cycles: 0.112563 
rss_in_gb: 8.023689 
cycles: 33534449.700000 
avg_ept_walk_per_miss: 201.811560 
ept_cycles_per_execution_cycles: 0.112032 
rss_in_gb: 8.023689 
cycles: 33587174.700000 
avg_ept_walk_per_miss: 201.527430 
ept_cycles_per_execution_cycles: 0.111734 
rss_in_gb: 8.023689 
cycles: 33630679.900000 
avg_ept_walk_per_miss: 201.210574 
ept_cycles_per_execution_cycles: 0.111405 
rss_in_gb: 8.023689 
cycles: 33777552.300000 
avg_ept_walk_per_miss: 201.144269 
ept_cycles_per_execution_cycles: 0.111076 
rss_in_gb: 8.023689 
cycles: 33864433.000000 
avg_ept_walk_per_miss: 200.980764 
ept_cycles_per_execution_cycles: 0.110826 
rss_in_gb: 8.023689 
cycles: 33774780.300000 
avg_ept_walk_per_miss: 201.148873 
ept_cycles_per_execution_cycles: 0.111169 
rss_in_gb: 8.023689 
cycles: 33695929.800000 
avg_ept_walk_per_miss: 201.390300 
ept_cycles_per_execution_cycles: 0.111553 
rss_in_gb: 8.023689 
cycles: 33590363.100000 
avg_ept_walk_per_miss: 201.704215 
ept_cycles_per_execution_cycles: 0.111771 
rss_in_gb: 8.023689 
cycles: 33621850.700000 
avg_ept_walk_per_miss: 201.866247 
ept_cycles_per_execution_cycles: 0.112231 
rss_in_gb: 8.023689 
cycles: 34227429.900000 
avg_ept_walk_per_miss: 201.180808 
ept_cycles_per_execution_cycles: 0.109566 
rss_in_gb: 8.023689 
cycles: 35127370.600000 
avg_ept_walk_per_miss: 201.206082 
ept_cycles_per_execution_cycles: 0.106324 
rss_in_gb: 8.023689 
cycles: 36118630.200000 
avg_ept_walk_per_miss: 201.319322 
ept_cycles_per_execution_cycles: 0.103445 
rss_in_gb: 8.023689 
cycles: 37129687.500000 
avg_ept_walk_per_miss: 201.240331 
ept_cycles_per_execution_cycles: 0.100451 
rss_in_gb: 8.023689 
cycles: 38100374.800000 
avg_ept_walk_per_miss: 201.022024 
ept_cycles_per_execution_cycles: 0.097646 
rss_in_gb: 8.023689 
cycles: 39065260.000000 
avg_ept_walk_per_miss: 201.184604 
ept_cycles_per_execution_cycles: 0.094859 
rss_in_gb: 8.023689 
cycles: 40111387.900000 
avg_ept_walk_per_miss: 201.050173 
ept_cycles_per_execution_cycles: 0.092179 
rss_in_gb: 8.023689 
cycles: 41147581.400000 
avg_ept_walk_per_miss: 200.624675 
ept_cycles_per_execution_cycles: 0.089581 
rss_in_gb: 8.023689 
cycles: 42145230.500000 
avg_ept_walk_per_miss: 200.304281 
ept_cycles_per_execution_cycles: 0.087057 
rss_in_gb: 8.023689 
cycles: 43125761.000000 
avg_ept_walk_per_miss: 200.067628 
ept_cycles_per_execution_cycles: 0.084712 
rss_in_gb: 8.023689 
cycles: 43417275.900000 
avg_ept_walk_per_miss: 200.592111 
ept_cycles_per_execution_cycles: 0.084288 
rss_in_gb: 8.023689 
cycles: 43521989.000000 
avg_ept_walk_per_miss: 200.392154 
ept_cycles_per_execution_cycles: 0.084204 
rss_in_gb: 8.023689 
cycles: 43593911.900000 
avg_ept_walk_per_miss: 200.107106 
ept_cycles_per_execution_cycles: 0.083927 
rss_in_gb: 8.023689 
cycles: 43650118.100000 
avg_ept_walk_per_miss: 200.094468 
ept_cycles_per_execution_cycles: 0.083895 
rss_in_gb: 8.023689 
cycles: 43627668.700000 
avg_ept_walk_per_miss: 200.146621 
ept_cycles_per_execution_cycles: 0.083942 
rss_in_gb: 8.023689 
cycles: 43679852.900000 
avg_ept_walk_per_miss: 200.286644 
ept_cycles_per_execution_cycles: 0.084054 
rss_in_gb: 8.023689 
cycles: 43608991.200000 
avg_ept_walk_per_miss: 200.222537 
ept_cycles_per_execution_cycles: 0.083876 
rss_in_gb: 8.023689 
cycles: 43589794.900000 
avg_ept_walk_per_miss: 200.399740 
ept_cycles_per_execution_cycles: 0.083843 
rss_in_gb: 8.023689 
cycles: 43681223.700000 
avg_ept_walk_per_miss: 200.170005 
ept_cycles_per_execution_cycles: 0.083763 
rss_in_gb: 8.023689 
cycles: 43629447.600000 
avg_ept_walk_per_miss: 200.076883 
ept_cycles_per_execution_cycles: 0.083523 
rss_in_gb: 8.023689 
cycles: 43694643.100000 
avg_ept_walk_per_miss: 200.043231 
ept_cycles_per_execution_cycles: 0.083471 
rss_in_gb: 8.023689 
cycles: 43652340.800000 
avg_ept_walk_per_miss: 200.062626 
ept_cycles_per_execution_cycles: 0.083471 
rss_in_gb: 8.023689 
cycles: 43632975.200000 
avg_ept_walk_per_miss: 200.172926 
ept_cycles_per_execution_cycles: 0.083512 
rss_in_gb: 8.023689 
cycles: 43579082.500000 
avg_ept_walk_per_miss: 200.111332 
ept_cycles_per_execution_cycles: 0.083439 
rss_in_gb: 8.023689 
cycles: 43610202.300000 
avg_ept_walk_per_miss: 199.997033 
ept_cycles_per_execution_cycles: 0.083313 
rss_in_gb: 8.023689 
cycles: 43613958.000000 
avg_ept_walk_per_miss: 200.002407 
ept_cycles_per_execution_cycles: 0.083251 
rss_in_gb: 8.023689 
cycles: 43689946.300000 
avg_ept_walk_per_miss: 199.878915 
ept_cycles_per_execution_cycles: 0.083326 
rss_in_gb: 8.023689 
cycles: 43733044.700000 
avg_ept_walk_per_miss: 199.896138 
ept_cycles_per_execution_cycles: 0.083207 
rss_in_gb: 8.023689 
cycles: 43658600.900000 
avg_ept_walk_per_miss: 199.986643 
ept_cycles_per_execution_cycles: 0.083268 
rss_in_gb: 8.023689 
cycles: 43699731.200000 
avg_ept_walk_per_miss: 200.066086 
ept_cycles_per_execution_cycles: 0.083215 
rss_in_gb: 8.023689 
cycles: 43711057.200000 
avg_ept_walk_per_miss: 199.994351 
ept_cycles_per_execution_cycles: 0.083178 
rss_in_gb: 8.023689 
cycles: 43742903.900000 
avg_ept_walk_per_miss: 199.952963 
ept_cycles_per_execution_cycles: 0.083216 
rss_in_gb: 8.023689 
cycles: 43748020.000000 
avg_ept_walk_per_miss: 199.829824 
ept_cycles_per_execution_cycles: 0.083254 
rss_in_gb: 8.023689 
cycles: 43770731.900000 
avg_ept_walk_per_miss: 199.962949 
ept_cycles_per_execution_cycles: 0.083327 
rss_in_gb: 8.023689 
cycles: 43800408.800000 
avg_ept_walk_per_miss: 199.987028 
ept_cycles_per_execution_cycles: 0.083312 
rss_in_gb: 8.023689 
cycles: 43799351.900000 
avg_ept_walk_per_miss: 199.978440 
ept_cycles_per_execution_cycles: 0.083310 
rss_in_gb: 8.023689 
cycles: 43713967.700000 
avg_ept_walk_per_miss: 200.027590 
ept_cycles_per_execution_cycles: 0.083273 
rss_in_gb: 8.023689 
cycles: 43673241.800000 
avg_ept_walk_per_miss: 200.060080 
ept_cycles_per_execution_cycles: 0.083321 
rss_in_gb: 8.023689 
cycles: 39348118.300000 
avg_ept_walk_per_miss: 200.059939 
ept_cycles_per_execution_cycles: 0.083299 
rss_in_gb: 8.023689 
cycles: 35007579.100000 
avg_ept_walk_per_miss: 199.930556 
ept_cycles_per_execution_cycles: 0.083367 
rss_in_gb: 8.023689 
cycles: 30609865.600000 
avg_ept_walk_per_miss: 199.972569 
ept_cycles_per_execution_cycles: 0.083378 
rss_in_gb: 8.023689 
cycles: 26217302.000000 
avg_ept_walk_per_miss: 200.026325 
ept_cycles_per_execution_cycles: 0.083380 
rss_in_gb: 8.023689 
cycles: 21826021.900000 
avg_ept_walk_per_miss: 199.979934 
ept_cycles_per_execution_cycles: 0.083333 
rss_in_gb: 8.023689 
cycles: 17431795.300000 
avg_ept_walk_per_miss: 199.811412 
ept_cycles_per_execution_cycles: 0.083287 
rss_in_gb: 8.023689 
cycles: 13006203.100000 
avg_ept_walk_per_miss: 199.710563 
ept_cycles_per_execution_cycles: 0.083370 
rss_in_gb: 8.023689 
cycles: 8626720.100000 
avg_ept_walk_per_miss: 199.565564 
ept_cycles_per_execution_cycles: 0.083287 
rss_in_gb: 8.023689 
cycles: 4332294.100000 
avg_ept_walk_per_miss: 199.668511 
ept_cycles_per_execution_cycles: 0.083282 
rss_in_gb: 8.023689 
cycles: 13919.100000 
avg_ept_walk_per_miss: 64.415179 
ept_cycles_per_execution_cycles: 0.103663 
rss_in_gb: 8.023689 
cycles: 13919.100000 
avg_ept_walk_per_miss: 64.415179 
ept_cycles_per_execution_cycles: 0.103663 
rss_in_gb: 8.023689 
cycles: 13998.800000 
avg_ept_walk_per_miss: 65.422222 
ept_cycles_per_execution_cycles: 0.105152 
rss_in_gb: 8.023689 
cycles: 13998.800000 
avg_ept_walk_per_miss: 65.422222 
ept_cycles_per_execution_cycles: 0.105152 
rss_in_gb: 8.023689 
cycles: 14019.200000 
avg_ept_walk_per_miss: 65.408889 
ept_cycles_per_execution_cycles: 0.104977 
rss_in_gb: 8.023689 
cycles: 14277.100000 
avg_ept_walk_per_miss: 67.266667 
ept_cycles_per_execution_cycles: 0.106009 
rss_in_gb: 8.023689 
cycles: 14277.100000 
avg_ept_walk_per_miss: 67.266667 
ept_cycles_per_execution_cycles: 0.106009 
rss_in_gb: 8.023689 
cycles: 14408.800000 
avg_ept_walk_per_miss: 67.480000 
ept_cycles_per_execution_cycles: 0.105373 
rss_in_gb: 8.023689 
cycles: 14408.800000 
avg_ept_walk_per_miss: 67.480000 
ept_cycles_per_execution_cycles: 0.105373 
rss_in_gb: 8.023689 
cycles: 14256.900000 
avg_ept_walk_per_miss: 65.275229 
ept_cycles_per_execution_cycles: 0.099811 
rss_in_gb: 8.023689 
cycles: 14375.500000 
avg_ept_walk_per_miss: 65.683486 
ept_cycles_per_execution_cycles: 0.099607 
rss_in_gb: 8.023689 
cycles: 14375.500000 
avg_ept_walk_per_miss: 65.683486 
ept_cycles_per_execution_cycles: 0.099607 
rss_in_gb: 8.023689 
cycles: 14401.500000 
avg_ept_walk_per_miss: 65.839450 
ept_cycles_per_execution_cycles: 0.099663 
rss_in_gb: 8.023689 
cycles: 14401.500000 
avg_ept_walk_per_miss: 65.839450 
ept_cycles_per_execution_cycles: 0.099663 
rss_in_gb: 8.023689 
cycles: 14460.600000 
avg_ept_walk_per_miss: 66.931193 
ept_cycles_per_execution_cycles: 0.100902 
rss_in_gb: 8.023689 
cycles: 14260.200000 
avg_ept_walk_per_miss: 66.000000 
ept_cycles_per_execution_cycles: 0.102285 
rss_in_gb: 8.023689 
cycles: 14260.200000 
avg_ept_walk_per_miss: 66.000000 
ept_cycles_per_execution_cycles: 0.102285 
rss_in_gb: 8.023689 
cycles: 14138.200000 
avg_ept_walk_per_miss: 66.336364 
ept_cycles_per_execution_cycles: 0.103224 
rss_in_gb: 8.023689 
cycles: 14138.200000 
avg_ept_walk_per_miss: 66.336364 
ept_cycles_per_execution_cycles: 0.103224 
rss_in_gb: 8.023689 
cycles: 13764.200000 
avg_ept_walk_per_miss: 65.495495 
ept_cycles_per_execution_cycles: 0.105636 
rss_in_gb: 8.023689 
cycles: 13648.900000 
avg_ept_walk_per_miss: 65.686364 
ept_cycles_per_execution_cycles: 0.105877 
rss_in_gb: 8.023689 
cycles: 13648.900000 
avg_ept_walk_per_miss: 65.686364 
ept_cycles_per_execution_cycles: 0.105877 
rss_in_gb: 8.023689 
cycles: 13601.600000 
avg_ept_walk_per_miss: 65.639269 
ept_cycles_per_execution_cycles: 0.105686 
rss_in_gb: 8.023689 
cycles: 13601.600000 
avg_ept_walk_per_miss: 65.639269 
ept_cycles_per_execution_cycles: 0.105686 
rss_in_gb: 8.023689 
cycles: 14171.200000 
avg_ept_walk_per_miss: 68.599138 
ept_cycles_per_execution_cycles: 0.112305 
rss_in_gb: 8.023689 
cycles: 14369.400000 
avg_ept_walk_per_miss: 69.696970 
ept_cycles_per_execution_cycles: 0.112044 
rss_in_gb: 8.023689 
cycles: 14369.400000 
avg_ept_walk_per_miss: 69.696970 
ept_cycles_per_execution_cycles: 0.112044 
rss_in_gb: 8.023689 
cycles: 14487.200000 
avg_ept_walk_per_miss: 68.786325 
ept_cycles_per_execution_cycles: 0.111105 
rss_in_gb: 8.023689 
cycles: 14487.200000 
avg_ept_walk_per_miss: 68.786325 
ept_cycles_per_execution_cycles: 0.111105 
rss_in_gb: 8.023689 
cycles: 14717.700000 
avg_ept_walk_per_miss: 70.050633 
ept_cycles_per_execution_cycles: 0.112803 
rss_in_gb: 8.023689 
cycles: 14776.300000 
avg_ept_walk_per_miss: 70.677966 
ept_cycles_per_execution_cycles: 0.112883 
rss_in_gb: 8.023689 
cycles: 14776.300000 
avg_ept_walk_per_miss: 70.677966 
ept_cycles_per_execution_cycles: 0.112883 
rss_in_gb: 8.023689 
cycles: 14796.700000 
avg_ept_walk_per_miss: 70.742616 
ept_cycles_per_execution_cycles: 0.113309 
rss_in_gb: 8.023689 
cycles: 14796.700000 
avg_ept_walk_per_miss: 70.742616 
ept_cycles_per_execution_cycles: 0.113309 
rss_in_gb: 8.023689 
cycles: 14665.600000 
avg_ept_walk_per_miss: 70.008929 
ept_cycles_per_execution_cycles: 0.106931 
rss_in_gb: 8.023689 
cycles: 14515.700000 
avg_ept_walk_per_miss: 71.252294 
ept_cycles_per_execution_cycles: 0.107008 
rss_in_gb: 8.023689 
cycles: 14515.700000 
avg_ept_walk_per_miss: 71.252294 
ept_cycles_per_execution_cycles: 0.107008 
rss_in_gb: 8.023689 
cycles: 14413.300000 
avg_ept_walk_per_miss: 71.777778 
ept_cycles_per_execution_cycles: 0.107567 
rss_in_gb: 8.023689 
cycles: 14413.300000 
avg_ept_walk_per_miss: 71.777778 
ept_cycles_per_execution_cycles: 0.107567 
rss_in_gb: 8.023689 
cycles: 14397.900000 
avg_ept_walk_per_miss: 71.490566 
ept_cycles_per_execution_cycles: 0.105265 
rss_in_gb: 8.023689 
cycles: 14396.800000 
avg_ept_walk_per_miss: 71.028169 
ept_cycles_per_execution_cycles: 0.105086 
rss_in_gb: 8.023689 
cycles: 14396.800000 
avg_ept_walk_per_miss: 71.028169 
ept_cycles_per_execution_cycles: 0.105086 
rss_in_gb: 8.023689 
cycles: 14398.000000 
avg_ept_walk_per_miss: 70.901408 
ept_cycles_per_execution_cycles: 0.104890 
rss_in_gb: 8.023689 
cycles: 14398.000000 
avg_ept_walk_per_miss: 70.901408 
ept_cycles_per_execution_cycles: 0.104890 
rss_in_gb: 8.023689 
cycles: 19654.400000 
avg_ept_walk_per_miss: 66.559441 
ept_cycles_per_execution_cycles: 0.096854 
rss_in_gb: 8.023689 
cycles: 14244.400000 
avg_ept_walk_per_miss: 70.842593 
ept_cycles_per_execution_cycles: 0.107425 
rss_in_gb: 8.023689 
cycles: 14244.400000 
avg_ept_walk_per_miss: 70.842593 
ept_cycles_per_execution_cycles: 0.107425 
rss_in_gb: 8.023689 
cycles: 14328.700000 
avg_ept_walk_per_miss: 71.230415 
ept_cycles_per_execution_cycles: 0.107874 
rss_in_gb: 8.023689 
cycles: 14839.300000 
avg_ept_walk_per_miss: 73.362445 
ept_cycles_per_execution_cycles: 0.113213 
rss_in_gb: 8.023689 
cycles: 19671.000000 
avg_ept_walk_per_miss: 64.189655 
ept_cycles_per_execution_cycles: 0.094632 
rss_in_gb: 8.023689 
cycles: 14320.600000 
avg_ept_walk_per_miss: 69.624434 
ept_cycles_per_execution_cycles: 0.107447 
rss_in_gb: 8.023689 
cycles: 14320.600000 
avg_ept_walk_per_miss: 69.624434 
ept_cycles_per_execution_cycles: 0.107447 
rss_in_gb: 8.023689 
cycles: 14272.200000 
avg_ept_walk_per_miss: 69.913636 
ept_cycles_per_execution_cycles: 0.107769 
rss_in_gb: 8.023689 
cycles: 15388.600000 
avg_ept_walk_per_miss: 74.487500 
ept_cycles_per_execution_cycles: 0.116170 
rss_in_gb: 8.023689 
cycles: 14226.400000 
avg_ept_walk_per_miss: 69.389908 
ept_cycles_per_execution_cycles: 0.106330 
rss_in_gb: 8.023689 
cycles: 14226.400000 
avg_ept_walk_per_miss: 69.389908 
ept_cycles_per_execution_cycles: 0.106330 
rss_in_gb: 8.023689 
cycles: 14226.400000 
avg_ept_walk_per_miss: 69.389908 
ept_cycles_per_execution_cycles: 0.106330 
rss_in_gb: 8.023689 
cycles: 14123.700000 
avg_ept_walk_per_miss: 69.648148 
ept_cycles_per_execution_cycles: 0.106516 
rss_in_gb: 8.023689 
cycles: 14930.000000 
avg_ept_walk_per_miss: 71.835556 
ept_cycles_per_execution_cycles: 0.108259 
rss_in_gb: 8.023689 
cycles: 14134.400000 
avg_ept_walk_per_miss: 70.102326 
ept_cycles_per_execution_cycles: 0.106633 
rss_in_gb: 8.023689 
cycles: 14134.400000 
avg_ept_walk_per_miss: 70.102326 
ept_cycles_per_execution_cycles: 0.106633 
rss_in_gb: 8.023689 
cycles: 14134.400000 
avg_ept_walk_per_miss: 70.102326 
ept_cycles_per_execution_cycles: 0.106633 
rss_in_gb: 8.023689 
cycles: 14130.500000 
avg_ept_walk_per_miss: 69.995349 
ept_cycles_per_execution_cycles: 0.106500 
rss_in_gb: 8.023689 
cycles: 14212.700000 
avg_ept_walk_per_miss: 71.622120 
ept_cycles_per_execution_cycles: 0.109353 
rss_in_gb: 8.023689 
cycles: 14232.800000 
avg_ept_walk_per_miss: 70.903670 
ept_cycles_per_execution_cycles: 0.108601 
rss_in_gb: 8.023689 
cycles: 14232.800000 
avg_ept_walk_per_miss: 70.903670 
ept_cycles_per_execution_cycles: 0.108601 
rss_in_gb: 8.023689 
cycles: 14232.800000 
avg_ept_walk_per_miss: 70.903670 
ept_cycles_per_execution_cycles: 0.108601 
rss_in_gb: 8.023689 
cycles: 14351.800000 
avg_ept_walk_per_miss: 70.246575 
ept_cycles_per_execution_cycles: 0.107192 
rss_in_gb: 8.023689 
cycles: 14243.400000 
avg_ept_walk_per_miss: 70.711009 
ept_cycles_per_execution_cycles: 0.108226 
rss_in_gb: 8.023689 
cycles: 14336.300000 
avg_ept_walk_per_miss: 72.641860 
ept_cycles_per_execution_cycles: 0.108940 
rss_in_gb: 8.023689 
cycles: 14336.300000 
avg_ept_walk_per_miss: 72.641860 
ept_cycles_per_execution_cycles: 0.108940 
rss_in_gb: 8.023689 
cycles: 14336.300000 
avg_ept_walk_per_miss: 72.641860 
ept_cycles_per_execution_cycles: 0.108940 
rss_in_gb: 8.023689 
cycles: 14358.800000 
avg_ept_walk_per_miss: 72.855814 
ept_cycles_per_execution_cycles: 0.109090 
rss_in_gb: 8.023689 
cycles: 13915.900000 
avg_ept_walk_per_miss: 67.971831 
ept_cycles_per_execution_cycles: 0.104039 
rss_in_gb: 8.023689 
cycles: 13953.600000 
avg_ept_walk_per_miss: 68.075117 
ept_cycles_per_execution_cycles: 0.103916 
rss_in_gb: 8.023689 
cycles: 13953.600000 
avg_ept_walk_per_miss: 68.075117 
ept_cycles_per_execution_cycles: 0.103916 
rss_in_gb: 8.023689 
cycles: 13953.600000 
avg_ept_walk_per_miss: 68.075117 
ept_cycles_per_execution_cycles: 0.103916 
rss_in_gb: 8.023689 
cycles: 13840.700000 
avg_ept_walk_per_miss: 68.126761 
ept_cycles_per_execution_cycles: 0.104843 
rss_in_gb: 8.023689 
cycles: 13610.400000 
avg_ept_walk_per_miss: 67.558685 
ept_cycles_per_execution_cycles: 0.105728 
rss_in_gb: 8.023689 
cycles: 13523.500000 
avg_ept_walk_per_miss: 66.886792 
ept_cycles_per_execution_cycles: 0.104855 
rss_in_gb: 8.023689 
cycles: 13523.500000 
avg_ept_walk_per_miss: 66.886792 
ept_cycles_per_execution_cycles: 0.104855 
rss_in_gb: 8.023689 
cycles: 13523.500000 
avg_ept_walk_per_miss: 66.886792 
ept_cycles_per_execution_cycles: 0.104855 
rss_in_gb: 8.023689 
cycles: 13548.800000 
avg_ept_walk_per_miss: 66.535211 
ept_cycles_per_execution_cycles: 0.104600 
rss_in_gb: 8.023689 
cycles: 14047.800000 
avg_ept_walk_per_miss: 70.827907 
ept_cycles_per_execution_cycles: 0.108401 
rss_in_gb: 8.023689 
cycles: 14017.300000 
avg_ept_walk_per_miss: 71.591549 
ept_cycles_per_execution_cycles: 0.108787 
rss_in_gb: 8.023689 
cycles: 14017.300000 
avg_ept_walk_per_miss: 71.591549 
ept_cycles_per_execution_cycles: 0.108787 
rss_in_gb: 8.023689 
cycles: 14017.300000 
avg_ept_walk_per_miss: 71.591549 
ept_cycles_per_execution_cycles: 0.108787 
rss_in_gb: 8.023689 
cycles: 14124.300000 
avg_ept_walk_per_miss: 71.877934 
ept_cycles_per_execution_cycles: 0.108395 
rss_in_gb: 8.023689 
cycles: 13943.600000 
avg_ept_walk_per_miss: 70.316038 
ept_cycles_per_execution_cycles: 0.106909 
rss_in_gb: 8.023689 
cycles: 14249.700000 
avg_ept_walk_per_miss: 68.926267 
ept_cycles_per_execution_cycles: 0.104964 
rss_in_gb: 8.023689 
cycles: 14249.700000 
avg_ept_walk_per_miss: 68.926267 
ept_cycles_per_execution_cycles: 0.104964 
rss_in_gb: 8.023689 
cycles: 14249.700000 
avg_ept_walk_per_miss: 68.926267 
ept_cycles_per_execution_cycles: 0.104964 
rss_in_gb: 8.023689 
cycles: 14256.500000 
avg_ept_walk_per_miss: 68.755760 
ept_cycles_per_execution_cycles: 0.104654 
rss_in_gb: 8.023689 
cycles: 14393.500000 
avg_ept_walk_per_miss: 68.013953 
ept_cycles_per_execution_cycles: 0.101594 
rss_in_gb: 8.023689 
cycles: 14682.900000 
avg_ept_walk_per_miss: 65.589286 
ept_cycles_per_execution_cycles: 0.100062 
rss_in_gb: 8.023689 
cycles: 14682.900000 
avg_ept_walk_per_miss: 65.589286 
ept_cycles_per_execution_cycles: 0.100062 
rss_in_gb: 8.023689 
cycles: 14682.900000 
avg_ept_walk_per_miss: 65.589286 
ept_cycles_per_execution_cycles: 0.100062 
rss_in_gb: 8.023689 
cycles: 14597.300000 
avg_ept_walk_per_miss: 65.360000 
ept_cycles_per_execution_cycles: 0.100745 
rss_in_gb: 8.023689 
cycles: 14542.500000 
avg_ept_walk_per_miss: 65.062222 
ept_cycles_per_execution_cycles: 0.100664 
rss_in_gb: 8.023689 
cycles: 14527.000000 
avg_ept_walk_per_miss: 64.526549 
ept_cycles_per_execution_cycles: 0.100385 
rss_in_gb: 8.023689 
cycles: 14527.000000 
avg_ept_walk_per_miss: 64.526549 
ept_cycles_per_execution_cycles: 0.100385 
rss_in_gb: 8.023689 
cycles: 14527.000000 
avg_ept_walk_per_miss: 64.526549 
ept_cycles_per_execution_cycles: 0.100385 
rss_in_gb: 8.023689 
cycles: 14514.900000 
avg_ept_walk_per_miss: 64.648889 
ept_cycles_per_execution_cycles: 0.100214 
rss_in_gb: 8.023689 
cycles: 14520.300000 
avg_ept_walk_per_miss: 64.866667 
ept_cycles_per_execution_cycles: 0.100514 
rss_in_gb: 8.023689 
cycles: 14278.800000 
avg_ept_walk_per_miss: 65.336323 
ept_cycles_per_execution_cycles: 0.102039 
rss_in_gb: 8.023689 
cycles: 14278.800000 
avg_ept_walk_per_miss: 65.336323 
ept_cycles_per_execution_cycles: 0.102039 
rss_in_gb: 8.023689 
cycles: 14278.800000 
avg_ept_walk_per_miss: 65.336323 
ept_cycles_per_execution_cycles: 0.102039 
rss_in_gb: 8.023689 
cycles: 14365.800000 
avg_ept_walk_per_miss: 65.418919 
ept_cycles_per_execution_cycles: 0.101094 
rss_in_gb: 8.023689 
cycles: 14391.000000 
avg_ept_walk_per_miss: 65.554054 
ept_cycles_per_execution_cycles: 0.101126 
rss_in_gb: 8.023689 
cycles: 14369.000000 
avg_ept_walk_per_miss: 64.595652 
ept_cycles_per_execution_cycles: 0.103396 
rss_in_gb: 8.023689 
cycles: 14369.000000 
avg_ept_walk_per_miss: 64.595652 
ept_cycles_per_execution_cycles: 0.103396 
rss_in_gb: 8.023689 
cycles: 14369.000000 
avg_ept_walk_per_miss: 64.595652 
ept_cycles_per_execution_cycles: 0.103396 
rss_in_gb: 8.023689 
cycles: 14429.500000 
avg_ept_walk_per_miss: 64.834783 
ept_cycles_per_execution_cycles: 0.103344 
rss_in_gb: 8.023689 
cycles: 14495.600000 
avg_ept_walk_per_miss: 65.960870 
ept_cycles_per_execution_cycles: 0.104659 
rss_in_gb: 8.023689 
cycles: 14517.400000 
avg_ept_walk_per_miss: 66.486726 
ept_cycles_per_execution_cycles: 0.103503 
rss_in_gb: 8.023689 
cycles: 14517.400000 
avg_ept_walk_per_miss: 66.486726 
ept_cycles_per_execution_cycles: 0.103503 
rss_in_gb: 8.023689 
cycles: 14517.400000 
avg_ept_walk_per_miss: 66.486726 
ept_cycles_per_execution_cycles: 0.103503 
rss_in_gb: 8.023689 
cycles: 14438.800000 
avg_ept_walk_per_miss: 66.615044 
ept_cycles_per_execution_cycles: 0.104268 
rss_in_gb: 8.023689 
cycles: 14441.400000 
avg_ept_walk_per_miss: 66.641593 
ept_cycles_per_execution_cycles: 0.104290 
rss_in_gb: 8.023689 
cycles: 14232.200000 
avg_ept_walk_per_miss: 68.981651 
ept_cycles_per_execution_cycles: 0.105662 
rss_in_gb: 8.023689 
cycles: 14232.200000 
avg_ept_walk_per_miss: 68.981651 
ept_cycles_per_execution_cycles: 0.105662 
rss_in_gb: 8.023689 
cycles: 14232.200000 
avg_ept_walk_per_miss: 68.981651 
ept_cycles_per_execution_cycles: 0.105662 
rss_in_gb: 8.023689 
cycles: 14149.700000 
avg_ept_walk_per_miss: 69.032110 
ept_cycles_per_execution_cycles: 0.106356 
rss_in_gb: 8.023689 
cycles: 13661.600000 
avg_ept_walk_per_miss: 66.331797 
ept_cycles_per_execution_cycles: 0.105361 
rss_in_gb: 8.023689 
cycles: 13553.600000 
avg_ept_walk_per_miss: 66.538813 
ept_cycles_per_execution_cycles: 0.107514 
rss_in_gb: 8.023689 
cycles: 13553.600000 
avg_ept_walk_per_miss: 66.538813 
ept_cycles_per_execution_cycles: 0.107514 
rss_in_gb: 8.023689 
cycles: 13553.600000 
avg_ept_walk_per_miss: 66.538813 
ept_cycles_per_execution_cycles: 0.107514 
rss_in_gb: 8.023689 
cycles: 13630.400000 
avg_ept_walk_per_miss: 66.397260 
ept_cycles_per_execution_cycles: 0.106681 
rss_in_gb: 8.023689 
cycles: 14118.100000 
avg_ept_walk_per_miss: 69.821918 
ept_cycles_per_execution_cycles: 0.108308 
rss_in_gb: 8.023689 
cycles: 14102.900000 
avg_ept_walk_per_miss: 69.009132 
ept_cycles_per_execution_cycles: 0.107162 
rss_in_gb: 8.023689 
cycles: 14102.900000 
avg_ept_walk_per_miss: 69.009132 
ept_cycles_per_execution_cycles: 0.107162 
rss_in_gb: 8.023689 
cycles: 14102.900000 
avg_ept_walk_per_miss: 69.009132 
ept_cycles_per_execution_cycles: 0.107162 
rss_in_gb: 8.023689 
cycles: 14125.900000 
avg_ept_walk_per_miss: 68.640909 
ept_cycles_per_execution_cycles: 0.106903 
rss_in_gb: 8.023689 
cycles: 13897.000000 
avg_ept_walk_per_miss: 67.557078 
ept_cycles_per_execution_cycles: 0.106462 
rss_in_gb: 8.023689 
cycles: 13988.800000 
avg_ept_walk_per_miss: 66.529412 
ept_cycles_per_execution_cycles: 0.105106 
rss_in_gb: 8.023689 
cycles: 13988.800000 
avg_ept_walk_per_miss: 66.529412 
ept_cycles_per_execution_cycles: 0.105106 
rss_in_gb: 8.023689 
cycles: 13988.800000 
avg_ept_walk_per_miss: 66.529412 
ept_cycles_per_execution_cycles: 0.105106 
rss_in_gb: 8.023689 
cycles: 13895.000000 
avg_ept_walk_per_miss: 66.622727 
ept_cycles_per_execution_cycles: 0.105484 
rss_in_gb: 8.023689 
cycles: 14149.200000 
avg_ept_walk_per_miss: 68.650224 
ept_cycles_per_execution_cycles: 0.108197 
rss_in_gb: 8.023689 
cycles: 14109.500000 
avg_ept_walk_per_miss: 68.873874 
ept_cycles_per_execution_cycles: 0.108367 
rss_in_gb: 8.023689 
cycles: 14109.500000 
avg_ept_walk_per_miss: 68.873874 
ept_cycles_per_execution_cycles: 0.108367 
rss_in_gb: 8.023689 
cycles: 14109.500000 
avg_ept_walk_per_miss: 77.062780 
ept_cycles_per_execution_cycles: 0.121797 
rss_in_gb: 8.023689 
cycles: 14531.700000 
avg_ept_walk_per_miss: 66.760684 
ept_cycles_per_execution_cycles: 0.107503 
rss_in_gb: 8.023689 
cycles: 14537.000000 
avg_ept_walk_per_miss: 66.025532 
ept_cycles_per_execution_cycles: 0.106735 
rss_in_gb: 8.023689 
cycles: 14466.000000 
avg_ept_walk_per_miss: 68.376106 
ept_cycles_per_execution_cycles: 0.106823 
rss_in_gb: 8.023689 
cycles: 14466.000000 
avg_ept_walk_per_miss: 68.376106 
ept_cycles_per_execution_cycles: 0.106823 
rss_in_gb: 8.023689 
cycles: 15056.300000 
avg_ept_walk_per_miss: 68.979508 
ept_cycles_per_execution_cycles: 0.111787 
rss_in_gb: 8.023689 
cycles: 14550.600000 
avg_ept_walk_per_miss: 68.030837 
ept_cycles_per_execution_cycles: 0.106133 
rss_in_gb: 8.023689 
cycles: 14520.300000 
avg_ept_walk_per_miss: 65.557522 
ept_cycles_per_execution_cycles: 0.102036 
rss_in_gb: 8.023689 
cycles: 14606.200000 
avg_ept_walk_per_miss: 66.377778 
ept_cycles_per_execution_cycles: 0.102251 
rss_in_gb: 8.023689 
cycles: 14606.200000 
avg_ept_walk_per_miss: 66.377778 
ept_cycles_per_execution_cycles: 0.102251 
rss_in_gb: 8.023689 
cycles: 15150.900000 
avg_ept_walk_per_miss: 61.510373 
ept_cycles_per_execution_cycles: 0.097842 
rss_in_gb: 8.023689 
cycles: 14147.400000 
avg_ept_walk_per_miss: 69.000000 
ept_cycles_per_execution_cycles: 0.103397 
rss_in_gb: 8.023689 
cycles: 14126.700000 
avg_ept_walk_per_miss: 69.372642 
ept_cycles_per_execution_cycles: 0.104108 
rss_in_gb: 8.023689 
cycles: 14131.900000 
avg_ept_walk_per_miss: 68.708333 
ept_cycles_per_execution_cycles: 0.105018 
rss_in_gb: 8.023689 
cycles: 14131.900000 
avg_ept_walk_per_miss: 68.708333 
ept_cycles_per_execution_cycles: 0.105018 
rss_in_gb: 8.023689 
cycles: 14043.800000 
avg_ept_walk_per_miss: 69.600000 
ept_cycles_per_execution_cycles: 0.106552 
rss_in_gb: 8.023689 
cycles: 14043.800000 
avg_ept_walk_per_miss: 69.600000 
ept_cycles_per_execution_cycles: 0.106552 
rss_in_gb: 8.023689 
cycles: 13997.500000 
avg_ept_walk_per_miss: 69.098131 
ept_cycles_per_execution_cycles: 0.105640 
rss_in_gb: 8.023689 
cycles: 13895.100000 
avg_ept_walk_per_miss: 68.260465 
ept_cycles_per_execution_cycles: 0.105620 
rss_in_gb: 8.023689 
cycles: 13895.100000 
avg_ept_walk_per_miss: 68.260465 
ept_cycles_per_execution_cycles: 0.105620 
rss_in_gb: 8.023689 
cycles: 13978.300000 
avg_ept_walk_per_miss: 67.712963 
ept_cycles_per_execution_cycles: 0.104634 
rss_in_gb: 8.023689 
cycles: 13978.300000 
avg_ept_walk_per_miss: 67.712963 
ept_cycles_per_execution_cycles: 0.104634 
rss_in_gb: 8.023689 
cycles: 14037.400000 
avg_ept_walk_per_miss: 68.078704 
ept_cycles_per_execution_cycles: 0.104756 
rss_in_gb: 8.023689 
cycles: 14106.700000 
avg_ept_walk_per_miss: 67.175926 
ept_cycles_per_execution_cycles: 0.102859 
rss_in_gb: 8.023689 
cycles: 14106.700000 
avg_ept_walk_per_miss: 67.175926 
ept_cycles_per_execution_cycles: 0.102859 
rss_in_gb: 8.023689 
cycles: 14205.600000 
avg_ept_walk_per_miss: 66.497696 
ept_cycles_per_execution_cycles: 0.101580 
rss_in_gb: 8.023689 
cycles: 14205.600000 
avg_ept_walk_per_miss: 66.497696 
ept_cycles_per_execution_cycles: 0.101580 
rss_in_gb: 8.023689 
cycles: 14235.000000 
avg_ept_walk_per_miss: 67.737327 
ept_cycles_per_execution_cycles: 0.103260 
rss_in_gb: 8.023689 
cycles: 14357.300000 
avg_ept_walk_per_miss: 68.516432 
ept_cycles_per_execution_cycles: 0.101649 
rss_in_gb: 8.023689 
cycles: 14357.300000 
avg_ept_walk_per_miss: 68.516432 
ept_cycles_per_execution_cycles: 0.101649 
rss_in_gb: 8.023689 
cycles: 14365.800000 
avg_ept_walk_per_miss: 69.023474 
ept_cycles_per_execution_cycles: 0.102340 
rss_in_gb: 8.023689 
cycles: 14365.800000 
avg_ept_walk_per_miss: 69.023474 
ept_cycles_per_execution_cycles: 0.102340 
rss_in_gb: 8.023689 
cycles: 14333.100000 
avg_ept_walk_per_miss: 68.877358 
ept_cycles_per_execution_cycles: 0.101876 
rss_in_gb: 8.023689 
cycles: 14264.200000 
avg_ept_walk_per_miss: 69.313084 
ept_cycles_per_execution_cycles: 0.103988 
rss_in_gb: 8.023689 
cycles: 14264.200000 
avg_ept_walk_per_miss: 69.313084 
ept_cycles_per_execution_cycles: 0.103988 
rss_in_gb: 8.023689 
cycles: 14173.000000 
avg_ept_walk_per_miss: 68.726852 
ept_cycles_per_execution_cycles: 0.104741 
rss_in_gb: 8.023689 
cycles: 14173.000000 
avg_ept_walk_per_miss: 68.726852 
ept_cycles_per_execution_cycles: 0.104741 
rss_in_gb: 8.023689 
cycles: 14193.200000 
avg_ept_walk_per_miss: 68.945701 
ept_cycles_per_execution_cycles: 0.107354 
rss_in_gb: 8.023689 
cycles: 14096.900000 
avg_ept_walk_per_miss: 66.964912 
ept_cycles_per_execution_cycles: 0.108308 
rss_in_gb: 8.023689 
cycles: 14096.900000 
avg_ept_walk_per_miss: 66.964912 
ept_cycles_per_execution_cycles: 0.108308 
rss_in_gb: 8.023689 
cycles: 14089.100000 
avg_ept_walk_per_miss: 68.000000 
ept_cycles_per_execution_cycles: 0.110043 
rss_in_gb: 8.023689 
cycles: 14089.100000 
avg_ept_walk_per_miss: 68.000000 
ept_cycles_per_execution_cycles: 0.110043 
rss_in_gb: 8.023689 
cycles: 14612.100000 
avg_ept_walk_per_miss: 72.316239 
ept_cycles_per_execution_cycles: 0.115808 
rss_in_gb: 8.023689 
cycles: 14577.600000 
avg_ept_walk_per_miss: 72.593074 
ept_cycles_per_execution_cycles: 0.115033 
rss_in_gb: 8.023689 
cycles: 14577.600000 
avg_ept_walk_per_miss: 72.593074 
ept_cycles_per_execution_cycles: 0.115033 
rss_in_gb: 8.023689 
cycles: 14685.200000 
avg_ept_walk_per_miss: 73.208696 
ept_cycles_per_execution_cycles: 0.114660 
rss_in_gb: 8.023689 
cycles: 14685.200000 
avg_ept_walk_per_miss: 73.208696 
ept_cycles_per_execution_cycles: 0.114660 
rss_in_gb: 8.023689 
cycles: 13954.600000 
avg_ept_walk_per_miss: 69.437500 
ept_cycles_per_execution_cycles: 0.111461 
rss_in_gb: 8.023689 
cycles: 13988.900000 
avg_ept_walk_per_miss: 72.156682 
ept_cycles_per_execution_cycles: 0.111932 
rss_in_gb: 8.023689 
cycles: 13988.900000 
avg_ept_walk_per_miss: 72.156682 
ept_cycles_per_execution_cycles: 0.111932 
rss_in_gb: 8.023689 
cycles: 13948.000000 
avg_ept_walk_per_miss: 70.888889 
ept_cycles_per_execution_cycles: 0.109779 
rss_in_gb: 8.023689 
cycles: 13948.000000 
avg_ept_walk_per_miss: 70.888889 
ept_cycles_per_execution_cycles: 0.109779 
rss_in_gb: 8.023689 
cycles: 13650.700000 
avg_ept_walk_per_miss: 68.363208 
ept_cycles_per_execution_cycles: 0.106170 
rss_in_gb: 8.023689 
cycles: 13630.200000 
avg_ept_walk_per_miss: 69.342857 
ept_cycles_per_execution_cycles: 0.106836 
rss_in_gb: 8.023689 
cycles: 13630.200000 
avg_ept_walk_per_miss: 69.342857 
ept_cycles_per_execution_cycles: 0.106836 
rss_in_gb: 8.023689 
cycles: 13519.200000 
avg_ept_walk_per_miss: 69.403846 
ept_cycles_per_execution_cycles: 0.106781 
rss_in_gb: 8.023689 
cycles: 13519.200000 
avg_ept_walk_per_miss: 69.403846 
ept_cycles_per_execution_cycles: 0.106781 
rss_in_gb: 8.023689 
cycles: 13561.700000 
avg_ept_walk_per_miss: 69.245192 
ept_cycles_per_execution_cycles: 0.106203 
rss_in_gb: 8.023689 
cycles: 13528.500000 
avg_ept_walk_per_miss: 69.282297 
ept_cycles_per_execution_cycles: 0.107033 
rss_in_gb: 8.023689 
cycles: 13528.500000 
avg_ept_walk_per_miss: 69.282297 
ept_cycles_per_execution_cycles: 0.107033 
rss_in_gb: 8.023689 
cycles: 13530.000000 
avg_ept_walk_per_miss: 69.521531 
ept_cycles_per_execution_cycles: 0.107391 
rss_in_gb: 8.023689 
cycles: 13530.000000 
avg_ept_walk_per_miss: 69.521531 
ept_cycles_per_execution_cycles: 0.107391 
rss_in_gb: 8.023689 
cycles: 13582.200000 
avg_ept_walk_per_miss: 70.096154 
ept_cycles_per_execution_cycles: 0.107346 
rss_in_gb: 8.023689 
cycles: 13635.600000 
avg_ept_walk_per_miss: 68.313084 
ept_cycles_per_execution_cycles: 0.107212 
rss_in_gb: 8.023689 
cycles: 13635.600000 
avg_ept_walk_per_miss: 68.313084 
ept_cycles_per_execution_cycles: 0.107212 
rss_in_gb: 8.023689 
cycles: 13742.800000 
avg_ept_walk_per_miss: 68.302326 
ept_cycles_per_execution_cycles: 0.106856 
rss_in_gb: 8.023689 
cycles: 13742.800000 
avg_ept_walk_per_miss: 68.302326 
ept_cycles_per_execution_cycles: 0.106856 
rss_in_gb: 8.023689 
cycles: 14263.200000 
avg_ept_walk_per_miss: 71.449074 
ept_cycles_per_execution_cycles: 0.108202 
rss_in_gb: 8.023689 
cycles: 14326.100000 
avg_ept_walk_per_miss: 69.837104 
ept_cycles_per_execution_cycles: 0.107733 
rss_in_gb: 8.023689 
cycles: 14326.100000 
avg_ept_walk_per_miss: 69.837104 
ept_cycles_per_execution_cycles: 0.107733 
rss_in_gb: 8.023689 
cycles: 14311.000000 
avg_ept_walk_per_miss: 69.782805 
ept_cycles_per_execution_cycles: 0.107763 
rss_in_gb: 8.023689 
cycles: 14311.000000 
avg_ept_walk_per_miss: 69.782805 
ept_cycles_per_execution_cycles: 0.107763 
rss_in_gb: 8.023689 
cycles: 14064.300000 
avg_ept_walk_per_miss: 67.022523 
ept_cycles_per_execution_cycles: 0.105793 
rss_in_gb: 8.023689 
cycles: 14074.800000 
avg_ept_walk_per_miss: 68.040909 
ept_cycles_per_execution_cycles: 0.106353 
rss_in_gb: 8.023689 
cycles: 14074.800000 
avg_ept_walk_per_miss: 68.040909 
ept_cycles_per_execution_cycles: 0.106353 
rss_in_gb: 8.023689 
cycles: 13982.500000 
avg_ept_walk_per_miss: 68.709091 
ept_cycles_per_execution_cycles: 0.108107 
rss_in_gb: 8.023689 
cycles: 13982.500000 
avg_ept_walk_per_miss: 68.709091 
ept_cycles_per_execution_cycles: 0.108107 
rss_in_gb: 8.023689 
cycles: 14095.900000 
avg_ept_walk_per_miss: 69.278539 
ept_cycles_per_execution_cycles: 0.107634 
rss_in_gb: 8.023689 
cycles: 14023.900000 
avg_ept_walk_per_miss: 69.262673 
ept_cycles_per_execution_cycles: 0.107174 
rss_in_gb: 8.023689 
cycles: 14023.900000 
avg_ept_walk_per_miss: 69.262673 
ept_cycles_per_execution_cycles: 0.107174 
rss_in_gb: 8.023689 
cycles: 14036.900000 
avg_ept_walk_per_miss: 69.637615 
ept_cycles_per_execution_cycles: 0.108151 
rss_in_gb: 8.023689 
cycles: 14036.900000 
avg_ept_walk_per_miss: 69.637615 
ept_cycles_per_execution_cycles: 0.108151 
rss_in_gb: 8.023689 
cycles: 15107.700000 
avg_ept_walk_per_miss: 72.981567 
ept_cycles_per_execution_cycles: 0.104827 
rss_in_gb: 8.023689 
cycles: 15147.500000 
avg_ept_walk_per_miss: 71.963303 
ept_cycles_per_execution_cycles: 0.103568 
rss_in_gb: 8.023689 
cycles: 15147.500000 
avg_ept_walk_per_miss: 71.963303 
ept_cycles_per_execution_cycles: 0.103568 
rss_in_gb: 8.023689 
cycles: 15231.600000 
avg_ept_walk_per_miss: 71.399083 
ept_cycles_per_execution_cycles: 0.102189 
rss_in_gb: 8.023689 
cycles: 15231.600000 
avg_ept_walk_per_miss: 71.399083 
ept_cycles_per_execution_cycles: 0.102189 
rss_in_gb: 8.023689 
cycles: 14562.100000 
avg_ept_walk_per_miss: 67.775229 
ept_cycles_per_execution_cycles: 0.101462 
rss_in_gb: 8.023689 
cycles: 14640.200000 
avg_ept_walk_per_miss: 69.129032 
ept_cycles_per_execution_cycles: 0.102464 
rss_in_gb: 8.023689 
cycles: 14640.200000 
avg_ept_walk_per_miss: 69.129032 
ept_cycles_per_execution_cycles: 0.102464 
rss_in_gb: 8.023689 
cycles: 14611.400000 
avg_ept_walk_per_miss: 68.990741 
ept_cycles_per_execution_cycles: 0.101989 
rss_in_gb: 8.023689 
cycles: 14611.400000 
avg_ept_walk_per_miss: 68.990741 
ept_cycles_per_execution_cycles: 0.101989 
rss_in_gb: 8.023689 
cycles: 19646.900000 
avg_ept_walk_per_miss: 65.175439 
ept_cycles_per_execution_cycles: 0.094544 
rss_in_gb: 8.023689 
cycles: 14226.600000 
avg_ept_walk_per_miss: 70.570755 
ept_cycles_per_execution_cycles: 0.105162 
rss_in_gb: 8.023689 
cycles: 14226.600000 
avg_ept_walk_per_miss: 70.570755 
ept_cycles_per_execution_cycles: 0.105162 
rss_in_gb: 8.023689 
cycles: 14144.100000 
avg_ept_walk_per_miss: 70.377358 
ept_cycles_per_execution_cycles: 0.105486 
rss_in_gb: 8.023689 
cycles: 14144.100000 
avg_ept_walk_per_miss: 70.377358 
ept_cycles_per_execution_cycles: 0.105486 
rss_in_gb: 8.023689 
cycles: 19830.400000 
avg_ept_walk_per_miss: 63.090909 
ept_cycles_per_execution_cycles: 0.090992 
rss_in_gb: 8.023689 
cycles: 14423.900000 
avg_ept_walk_per_miss: 67.412037 
ept_cycles_per_execution_cycles: 0.100951 
rss_in_gb: 8.023689 
cycles: 14423.900000 
avg_ept_walk_per_miss: 67.412037 
ept_cycles_per_execution_cycles: 0.100951 
rss_in_gb: 8.023689 
cycles: 14451.200000 
avg_ept_walk_per_miss: 67.142857 
ept_cycles_per_execution_cycles: 0.100822 
rss_in_gb: 8.023689 
cycles: 14451.200000 
avg_ept_walk_per_miss: 67.142857 
ept_cycles_per_execution_cycles: 0.100822 
rss_in_gb: 8.023689 
cycles: 14683.300000 
avg_ept_walk_per_miss: 65.810811 
ept_cycles_per_execution_cycles: 0.099501 
rss_in_gb: 8.023689 
cycles: 14683.300000 
avg_ept_walk_per_miss: 65.810811 
ept_cycles_per_execution_cycles: 0.099501 
rss_in_gb: 8.023689 
cycles: 14683.300000 
avg_ept_walk_per_miss: 65.810811 
ept_cycles_per_execution_cycles: 0.099501 
rss_in_gb: 8.023689 
cycles: 14756.200000 
avg_ept_walk_per_miss: 65.797297 
ept_cycles_per_execution_cycles: 0.098989 
rss_in_gb: 8.023689 
cycles: 14756.200000 
avg_ept_walk_per_miss: 65.797297 
ept_cycles_per_execution_cycles: 0.098989 
rss_in_gb: 8.023689 
cycles: 15105.800000 
avg_ept_walk_per_miss: 70.049774 
ept_cycles_per_execution_cycles: 0.102484 
rss_in_gb: 8.023689 
cycles: 15105.800000 
avg_ept_walk_per_miss: 70.049774 
ept_cycles_per_execution_cycles: 0.102484 
rss_in_gb: 8.023689 
cycles: 15105.800000 
avg_ept_walk_per_miss: 70.049774 
ept_cycles_per_execution_cycles: 0.102484 
rss_in_gb: 8.023689 
cycles: 15134.900000 
avg_ept_walk_per_miss: 70.263636 
ept_cycles_per_execution_cycles: 0.102135 
rss_in_gb: 8.023689 
cycles: 15134.900000 
avg_ept_walk_per_miss: 70.263636 
ept_cycles_per_execution_cycles: 0.102135 
rss_in_gb: 8.023689 
cycles: 14201.500000 
avg_ept_walk_per_miss: 67.953488 
ept_cycles_per_execution_cycles: 0.102876 
rss_in_gb: 8.023689 
cycles: 14201.500000 
avg_ept_walk_per_miss: 67.953488 
ept_cycles_per_execution_cycles: 0.102876 
rss_in_gb: 8.023689 
cycles: 14201.500000 
avg_ept_walk_per_miss: 67.953488 
ept_cycles_per_execution_cycles: 0.102876 
rss_in_gb: 8.023689 
cycles: 14133.300000 
avg_ept_walk_per_miss: 68.383178 
ept_cycles_per_execution_cycles: 0.103543 
rss_in_gb: 8.023689 
cycles: 14133.300000 
avg_ept_walk_per_miss: 68.383178 
ept_cycles_per_execution_cycles: 0.103543 
rss_in_gb: 8.023689 
cycles: 13915.000000 
avg_ept_walk_per_miss: 67.574766 
ept_cycles_per_execution_cycles: 0.103924 
rss_in_gb: 8.023689 
cycles: 13915.000000 
avg_ept_walk_per_miss: 67.574766 
ept_cycles_per_execution_cycles: 0.103924 
rss_in_gb: 8.023689 
cycles: 13915.000000 
avg_ept_walk_per_miss: 67.574766 
ept_cycles_per_execution_cycles: 0.103924 
rss_in_gb: 8.023689 
cycles: 13914.700000 
avg_ept_walk_per_miss: 67.761682 
ept_cycles_per_execution_cycles: 0.104214 
rss_in_gb: 8.023689 
cycles: 13914.700000 
avg_ept_walk_per_miss: 67.761682 
ept_cycles_per_execution_cycles: 0.104214 
rss_in_gb: 8.023689 
cycles: 13919.600000 
avg_ept_walk_per_miss: 66.963801 
ept_cycles_per_execution_cycles: 0.106318 
rss_in_gb: 8.023689 
cycles: 13919.600000 
avg_ept_walk_per_miss: 66.963801 
ept_cycles_per_execution_cycles: 0.106318 
rss_in_gb: 8.023689 
cycles: 13919.600000 
avg_ept_walk_per_miss: 66.963801 
ept_cycles_per_execution_cycles: 0.106318 
rss_in_gb: 8.023689 
cycles: 13983.900000 
avg_ept_walk_per_miss: 66.315315 
ept_cycles_per_execution_cycles: 0.105278 
rss_in_gb: 8.023689 
cycles: 13983.900000 
avg_ept_walk_per_miss: 66.315315 
ept_cycles_per_execution_cycles: 0.105278 
rss_in_gb: 8.023689 
cycles: 13946.500000 
avg_ept_walk_per_miss: 67.391892 
ept_cycles_per_execution_cycles: 0.107274 
rss_in_gb: 8.023689 
cycles: 13946.500000 
avg_ept_walk_per_miss: 67.391892 
ept_cycles_per_execution_cycles: 0.107274 
rss_in_gb: 8.023689 
cycles: 13946.500000 
avg_ept_walk_per_miss: 67.391892 
ept_cycles_per_execution_cycles: 0.107274 
rss_in_gb: 8.023689 
cycles: 13931.000000 
avg_ept_walk_per_miss: 67.704036 
ept_cycles_per_execution_cycles: 0.108377 
rss_in_gb: 8.023689 
cycles: 13931.000000 
avg_ept_walk_per_miss: 67.704036 
ept_cycles_per_execution_cycles: 0.108377 
rss_in_gb: 8.023689 
cycles: 14398.800000 
avg_ept_walk_per_miss: 73.264574 
ept_cycles_per_execution_cycles: 0.113468 
rss_in_gb: 8.023689 
cycles: 14398.800000 
avg_ept_walk_per_miss: 73.264574 
ept_cycles_per_execution_cycles: 0.113468 
rss_in_gb: 8.023689 
cycles: 14398.800000 
avg_ept_walk_per_miss: 73.264574 
ept_cycles_per_execution_cycles: 0.113468 
rss_in_gb: 8.023689 
cycles: 14317.700000 
avg_ept_walk_per_miss: 74.009009 
ept_cycles_per_execution_cycles: 0.114753 
rss_in_gb: 8.023689 
cycles: 15067.400000 
avg_ept_walk_per_miss: 75.933610 
ept_cycles_per_execution_cycles: 0.121454 
rss_in_gb: 8.023689 
cycles: 13884.900000 
avg_ept_walk_per_miss: 72.197248 
ept_cycles_per_execution_cycles: 0.113353 
rss_in_gb: 8.023689 
cycles: 13884.900000 
avg_ept_walk_per_miss: 72.197248 
ept_cycles_per_execution_cycles: 0.113353 
rss_in_gb: 8.023689 
cycles: 13884.900000 
avg_ept_walk_per_miss: 72.197248 
ept_cycles_per_execution_cycles: 0.113353 
rss_in_gb: 8.023689 
cycles: 13914.000000 
avg_ept_walk_per_miss: 71.247706 
ept_cycles_per_execution_cycles: 0.111629 
rss_in_gb: 8.023689 
cycles: 15700.200000 
avg_ept_walk_per_miss: 79.104418 
ept_cycles_per_execution_cycles: 0.125457 
rss_in_gb: 8.023689 
cycles: 14468.400000 
avg_ept_walk_per_miss: 72.213333 
ept_cycles_per_execution_cycles: 0.112300 
rss_in_gb: 8.023689 
cycles: 14468.400000 
avg_ept_walk_per_miss: 72.213333 
ept_cycles_per_execution_cycles: 0.112300 
rss_in_gb: 8.023689 
cycles: 14468.400000 
avg_ept_walk_per_miss: 72.213333 
ept_cycles_per_execution_cycles: 0.112300 
rss_in_gb: 8.023689 
cycles: 14465.500000 
avg_ept_walk_per_miss: 71.720000 
ept_cycles_per_execution_cycles: 0.111555 
rss_in_gb: 8.023689 
cycles: 14861.300000 
avg_ept_walk_per_miss: 74.093333 
ept_cycles_per_execution_cycles: 0.112177 
rss_in_gb: 8.023689 
cycles: 14970.700000 
avg_ept_walk_per_miss: 75.021834 
ept_cycles_per_execution_cycles: 0.114757 
rss_in_gb: 8.023689 
cycles: 14970.700000 
avg_ept_walk_per_miss: 75.021834 
ept_cycles_per_execution_cycles: 0.114757 
rss_in_gb: 8.023689 
cycles: 14970.700000 
avg_ept_walk_per_miss: 75.021834 
ept_cycles_per_execution_cycles: 0.114757 
rss_in_gb: 8.023689 
cycles: 14987.300000 
avg_ept_walk_per_miss: 74.821739 
ept_cycles_per_execution_cycles: 0.114824 
rss_in_gb: 8.023689 
cycles: 14427.400000 
avg_ept_walk_per_miss: 71.322727 
ept_cycles_per_execution_cycles: 0.108758 
rss_in_gb: 8.023689 
cycles: 14351.000000 
avg_ept_walk_per_miss: 71.767123 
ept_cycles_per_execution_cycles: 0.109519 
rss_in_gb: 8.023689 
cycles: 14351.000000 
avg_ept_walk_per_miss: 71.767123 
ept_cycles_per_execution_cycles: 0.109519 
rss_in_gb: 8.023689 
cycles: 14351.000000 
avg_ept_walk_per_miss: 71.767123 
ept_cycles_per_execution_cycles: 0.109519 
rss_in_gb: 8.023689 
cycles: 14410.500000 
avg_ept_walk_per_miss: 72.254545 
ept_cycles_per_execution_cycles: 0.110308 
rss_in_gb: 8.023689 
cycles: 14080.900000 
avg_ept_walk_per_miss: 70.459091 
ept_cycles_per_execution_cycles: 0.110085 
rss_in_gb: 8.023689 
cycles: 14071.700000 
avg_ept_walk_per_miss: 68.390909 
ept_cycles_per_execution_cycles: 0.106924 
rss_in_gb: 8.023689 
cycles: 14071.700000 
avg_ept_walk_per_miss: 68.390909 
ept_cycles_per_execution_cycles: 0.106924 
rss_in_gb: 8.023689 
cycles: 14071.700000 
avg_ept_walk_per_miss: 68.390909 
ept_cycles_per_execution_cycles: 0.106924 
rss_in_gb: 8.023689 
cycles: 14115.600000 
avg_ept_walk_per_miss: 69.461187 
ept_cycles_per_execution_cycles: 0.107767 
rss_in_gb: 8.023689 
cycles: 13860.600000 
avg_ept_walk_per_miss: 68.198157 
ept_cycles_per_execution_cycles: 0.106770 
rss_in_gb: 8.023689 
cycles: 13940.900000 
avg_ept_walk_per_miss: 68.018605 
ept_cycles_per_execution_cycles: 0.104900 
rss_in_gb: 8.023689 
cycles: 13940.900000 
avg_ept_walk_per_miss: 68.018605 
ept_cycles_per_execution_cycles: 0.104900 
rss_in_gb: 8.023689 
cycles: 13940.900000 
avg_ept_walk_per_miss: 68.018605 
ept_cycles_per_execution_cycles: 0.104900 
rss_in_gb: 8.023689 
cycles: 13973.400000 
avg_ept_walk_per_miss: 67.432558 
ept_cycles_per_execution_cycles: 0.103754 
rss_in_gb: 8.023689 
cycles: 14433.000000 
avg_ept_walk_per_miss: 70.092593 
ept_cycles_per_execution_cycles: 0.104898 
rss_in_gb: 8.023689 
cycles: 14426.600000 
avg_ept_walk_per_miss: 70.869159 
ept_cycles_per_execution_cycles: 0.105125 
rss_in_gb: 8.023689 
cycles: 14426.600000 
avg_ept_walk_per_miss: 70.869159 
ept_cycles_per_execution_cycles: 0.105125 
rss_in_gb: 8.023689 
cycles: 14426.600000 
avg_ept_walk_per_miss: 70.869159 
ept_cycles_per_execution_cycles: 0.105125 
rss_in_gb: 8.023689 
cycles: 14360.100000 
avg_ept_walk_per_miss: 70.342723 
ept_cycles_per_execution_cycles: 0.104338 
rss_in_gb: 8.023689 
cycles: 14548.400000 
avg_ept_walk_per_miss: 71.855814 
ept_cycles_per_execution_cycles: 0.106190 
rss_in_gb: 8.023689 
cycles: 14472.500000 
avg_ept_walk_per_miss: 71.086364 
ept_cycles_per_execution_cycles: 0.108060 
rss_in_gb: 8.023689 
cycles: 14472.500000 
avg_ept_walk_per_miss: 71.086364 
ept_cycles_per_execution_cycles: 0.108060 
rss_in_gb: 8.023689 
cycles: 14472.500000 
avg_ept_walk_per_miss: 71.086364 
ept_cycles_per_execution_cycles: 0.108060 
rss_in_gb: 8.023689 
cycles: 14380.200000 
avg_ept_walk_per_miss: 71.250000 
ept_cycles_per_execution_cycles: 0.109004 
rss_in_gb: 8.023689 
cycles: 14345.500000 
avg_ept_walk_per_miss: 70.392694 
ept_cycles_per_execution_cycles: 0.107462 
rss_in_gb: 8.023689 
cycles: 14350.700000 
avg_ept_walk_per_miss: 72.344340 
ept_cycles_per_execution_cycles: 0.106873 
rss_in_gb: 8.023689 
cycles: 14350.700000 
avg_ept_walk_per_miss: 72.344340 
ept_cycles_per_execution_cycles: 0.106873 
rss_in_gb: 8.023689 
cycles: 14350.700000 
avg_ept_walk_per_miss: 72.344340 
ept_cycles_per_execution_cycles: 0.106873 
rss_in_gb: 8.023689 
cycles: 14377.400000 
avg_ept_walk_per_miss: 71.938967 
ept_cycles_per_execution_cycles: 0.106577 
rss_in_gb: 8.023689 
cycles: 13969.300000 
avg_ept_walk_per_miss: 67.990521 
ept_cycles_per_execution_cycles: 0.102697 
rss_in_gb: 8.023689 
cycles: 13999.700000 
avg_ept_walk_per_miss: 69.129808 
ept_cycles_per_execution_cycles: 0.102709 
rss_in_gb: 8.023689 
cycles: 13999.700000 
avg_ept_walk_per_miss: 69.129808 
ept_cycles_per_execution_cycles: 0.102709 
rss_in_gb: 8.023689 
cycles: 13999.700000 
avg_ept_walk_per_miss: 69.129808 
ept_cycles_per_execution_cycles: 0.102709 
rss_in_gb: 8.023689 
cycles: 13986.500000 
avg_ept_walk_per_miss: 69.260870 
ept_cycles_per_execution_cycles: 0.102506 
rss_in_gb: 8.023689 
cycles: 13869.200000 
avg_ept_walk_per_miss: 69.463768 
ept_cycles_per_execution_cycles: 0.103676 
rss_in_gb: 8.023689 
cycles: 13868.500000 
avg_ept_walk_per_miss: 67.439252 
ept_cycles_per_execution_cycles: 0.104063 
rss_in_gb: 8.023689 
cycles: 13868.500000 
avg_ept_walk_per_miss: 67.439252 
ept_cycles_per_execution_cycles: 0.104063 
rss_in_gb: 8.023689 
cycles: 13868.500000 
avg_ept_walk_per_miss: 67.439252 
ept_cycles_per_execution_cycles: 0.104063 
rss_in_gb: 8.023689 
cycles: 13847.100000 
avg_ept_walk_per_miss: 67.434579 
ept_cycles_per_execution_cycles: 0.104217 
rss_in_gb: 8.023689 
cycles: 14411.600000 
avg_ept_walk_per_miss: 70.873239 
ept_cycles_per_execution_cycles: 0.104749 
rss_in_gb: 8.023689 
cycles: 14371.600000 
avg_ept_walk_per_miss: 69.509259 
ept_cycles_per_execution_cycles: 0.104470 
rss_in_gb: 8.023689 
cycles: 14371.600000 
avg_ept_walk_per_miss: 69.509259 
ept_cycles_per_execution_cycles: 0.104470 
rss_in_gb: 8.023689 
cycles: 14371.600000 
avg_ept_walk_per_miss: 69.509259 
ept_cycles_per_execution_cycles: 0.104470 
rss_in_gb: 8.023689 
cycles: 14376.900000 
avg_ept_walk_per_miss: 69.472222 
ept_cycles_per_execution_cycles: 0.104376 
rss_in_gb: 8.023689 
cycles: 14029.900000 
avg_ept_walk_per_miss: 66.893023 
ept_cycles_per_execution_cycles: 0.102510 
rss_in_gb: 8.023689 
cycles: 14031.900000 
avg_ept_walk_per_miss: 66.176744 
ept_cycles_per_execution_cycles: 0.101398 
rss_in_gb: 8.023689 
cycles: 14031.900000 
avg_ept_walk_per_miss: 66.176744 
ept_cycles_per_execution_cycles: 0.101398 
rss_in_gb: 8.023689 
cycles: 14031.900000 
avg_ept_walk_per_miss: 72.837963 
ept_cycles_per_execution_cycles: 0.112123 
rss_in_gb: 8.023689 
cycles: 14446.200000 
avg_ept_walk_per_miss: 63.853982 
ept_cycles_per_execution_cycles: 0.099895 
rss_in_gb: 8.023689 
cycles: 14372.400000 
avg_ept_walk_per_miss: 63.885965 
ept_cycles_per_execution_cycles: 0.101347 
rss_in_gb: 8.023689 
cycles: 14408.000000 
avg_ept_walk_per_miss: 64.888889 
ept_cycles_per_execution_cycles: 0.101333 
rss_in_gb: 8.023689 
cycles: 14408.000000 
avg_ept_walk_per_miss: 64.888889 
ept_cycles_per_execution_cycles: 0.101333 
rss_in_gb: 8.023689 
cycles: 14929.400000 
avg_ept_walk_per_miss: 65.725410 
ept_cycles_per_execution_cycles: 0.107419 
rss_in_gb: 8.023689 
cycles: 14429.600000 
avg_ept_walk_per_miss: 64.528634 
ept_cycles_per_execution_cycles: 0.101514 
rss_in_gb: 8.023689 
cycles: 14845.700000 
avg_ept_walk_per_miss: 66.207048 
ept_cycles_per_execution_cycles: 0.101235 
rss_in_gb: 8.023689 
cycles: 14813.900000 
avg_ept_walk_per_miss: 67.829596 
ept_cycles_per_execution_cycles: 0.102107 
rss_in_gb: 8.023689 
cycles: 14813.900000 
avg_ept_walk_per_miss: 67.829596 
ept_cycles_per_execution_cycles: 0.102107 
rss_in_gb: 8.023689 
cycles: 15418.600000 
avg_ept_walk_per_miss: 64.300000 
ept_cycles_per_execution_cycles: 0.100087 
rss_in_gb: 8.023689 
cycles: 14377.000000 
avg_ept_walk_per_miss: 70.561321 
ept_cycles_per_execution_cycles: 0.104048 
rss_in_gb: 8.023689 
cycles: 13946.100000 
avg_ept_walk_per_miss: 68.019048 
ept_cycles_per_execution_cycles: 0.102423 
rss_in_gb: 8.023689 
cycles: 13936.500000 
avg_ept_walk_per_miss: 65.963636 
ept_cycles_per_execution_cycles: 0.104129 
rss_in_gb: 8.023689 
cycles: 13936.500000 
avg_ept_walk_per_miss: 65.963636 
ept_cycles_per_execution_cycles: 0.104129 
rss_in_gb: 8.023689 
cycles: 14108.500000 
avg_ept_walk_per_miss: 67.497717 
ept_cycles_per_execution_cycles: 0.104774 
rss_in_gb: 8.023689 
cycles: 14108.500000 
avg_ept_walk_per_miss: 67.497717 
ept_cycles_per_execution_cycles: 0.104774 
rss_in_gb: 8.023689 
cycles: 14167.300000 
avg_ept_walk_per_miss: 68.619910 
ept_cycles_per_execution_cycles: 0.107042 
rss_in_gb: 8.023689 
cycles: 14633.100000 
avg_ept_walk_per_miss: 70.603687 
ept_cycles_per_execution_cycles: 0.104701 
rss_in_gb: 8.023689 
cycles: 14633.100000 
avg_ept_walk_per_miss: 70.603687 
ept_cycles_per_execution_cycles: 0.104701 
rss_in_gb: 8.023689 
cycles: 14703.600000 
avg_ept_walk_per_miss: 70.294931 
ept_cycles_per_execution_cycles: 0.103743 
rss_in_gb: 8.023689 
cycles: 14703.600000 
avg_ept_walk_per_miss: 70.294931 
ept_cycles_per_execution_cycles: 0.103743 
rss_in_gb: 8.023689 
cycles: 15090.300000 
avg_ept_walk_per_miss: 73.261468 
ept_cycles_per_execution_cycles: 0.105836 
rss_in_gb: 8.023689 
cycles: 15040.100000 
avg_ept_walk_per_miss: 77.206186 
ept_cycles_per_execution_cycles: 0.099587 
rss_in_gb: 8.023689 
cycles: 15040.100000 
avg_ept_walk_per_miss: 77.206186 
ept_cycles_per_execution_cycles: 0.099587 
rss_in_gb: 8.023689 
cycles: 14714.000000 
avg_ept_walk_per_miss: 76.288136 
ept_cycles_per_execution_cycles: 0.091770 
rss_in_gb: 8.023689 
cycles: 14714.000000 
avg_ept_walk_per_miss: 76.288136 
ept_cycles_per_execution_cycles: 0.091770 
rss_in_gb: 8.023689 
cycles: 14227.300000 
avg_ept_walk_per_miss: 73.068571 
ept_cycles_per_execution_cycles: 0.089877 
rss_in_gb: 8.023689 
cycles: 13598.800000 
avg_ept_walk_per_miss: 76.350000 
ept_cycles_per_execution_cycles: 0.078603 
rss_in_gb: 8.023689 
cycles: 13598.800000 
avg_ept_walk_per_miss: 76.350000 
ept_cycles_per_execution_cycles: 0.078603 
rss_in_gb: 8.023689 
cycles: 13514.100000 
avg_ept_walk_per_miss: 76.820896 
ept_cycles_per_execution_cycles: 0.076172 
rss_in_gb: 8.023689 
cycles: 13514.100000 
avg_ept_walk_per_miss: 76.820896 
ept_cycles_per_execution_cycles: 0.076172 
rss_in_gb: 8.023689 
cycles: 13391.100000 
avg_ept_walk_per_miss: 76.268657 
ept_cycles_per_execution_cycles: 0.076319 
rss_in_gb: 8.023689 
cycles: 13314.300000 
avg_ept_walk_per_miss: 81.880342 
ept_cycles_per_execution_cycles: 0.071953 
rss_in_gb: 8.023689 
cycles: 13314.300000 
avg_ept_walk_per_miss: 81.880342 
ept_cycles_per_execution_cycles: 0.071953 
rss_in_gb: 8.023689 
cycles: 13286.200000 
avg_ept_walk_per_miss: 81.224138 
ept_cycles_per_execution_cycles: 0.070916 
rss_in_gb: 8.023689 
cycles: 13286.200000 
avg_ept_walk_per_miss: 81.224138 
ept_cycles_per_execution_cycles: 0.070916 
rss_in_gb: 8.023689 
cycles: 13616.000000 
avg_ept_walk_per_miss: 85.250000 
ept_cycles_per_execution_cycles: 0.072628 
rss_in_gb: 8.023689 
cycles: 13653.300000 
avg_ept_walk_per_miss: 78.881481 
ept_cycles_per_execution_cycles: 0.077996 
rss_in_gb: 8.023689 
cycles: 13653.300000 
avg_ept_walk_per_miss: 78.881481 
ept_cycles_per_execution_cycles: 0.077996 
rss_in_gb: 8.023689 
cycles: 13590.300000 
avg_ept_walk_per_miss: 79.719697 
ept_cycles_per_execution_cycles: 0.077430 
rss_in_gb: 8.023689 
cycles: 13590.300000 
avg_ept_walk_per_miss: 79.719697 
ept_cycles_per_execution_cycles: 0.077430 
rss_in_gb: 8.023689 
cycles: 13339.300000 
avg_ept_walk_per_miss: 76.061069 
ept_cycles_per_execution_cycles: 0.074697 
rss_in_gb: 8.023689 
cycles: 13312.100000 
avg_ept_walk_per_miss: 73.165414 
ept_cycles_per_execution_cycles: 0.073099 
rss_in_gb: 8.023689 
cycles: 13312.100000 
avg_ept_walk_per_miss: 73.165414 
ept_cycles_per_execution_cycles: 0.073099 
rss_in_gb: 8.023689 
cycles: 13296.300000 
avg_ept_walk_per_miss: 73.694030 
ept_cycles_per_execution_cycles: 0.074269 
rss_in_gb: 8.023689 
cycles: 13296.300000 
avg_ept_walk_per_miss: 73.694030 
ept_cycles_per_execution_cycles: 0.074269 
rss_in_gb: 8.023689 
cycles: 13655.900000 
avg_ept_walk_per_miss: 75.170370 
ept_cycles_per_execution_cycles: 0.074312 
rss_in_gb: 8.023689 
cycles: 13787.600000 
avg_ept_walk_per_miss: 86.780000 
ept_cycles_per_execution_cycles: 0.062941 
rss_in_gb: 8.023689 
cycles: 13787.600000 
avg_ept_walk_per_miss: 86.780000 
ept_cycles_per_execution_cycles: 0.062941 
rss_in_gb: 8.023689 
cycles: 13786.700000 
avg_ept_walk_per_miss: 86.990196 
ept_cycles_per_execution_cycles: 0.064359 
rss_in_gb: 8.023689 
cycles: 13786.700000 
avg_ept_walk_per_miss: 86.990196 
ept_cycles_per_execution_cycles: 0.064359 
rss_in_gb: 8.023689 
cycles: 13717.700000 
avg_ept_walk_per_miss: 86.754902 
ept_cycles_per_execution_cycles: 0.064508 
rss_in_gb: 8.023689 
cycles: 14184.800000 
avg_ept_walk_per_miss: 94.850000 
ept_cycles_per_execution_cycles: 0.066867 
rss_in_gb: 8.023689 
cycles: 14184.800000 
avg_ept_walk_per_miss: 94.850000 
ept_cycles_per_execution_cycles: 0.066867 
rss_in_gb: 8.023689 
cycles: 14186.400000 
avg_ept_walk_per_miss: 95.191919 
ept_cycles_per_execution_cycles: 0.066430 
rss_in_gb: 8.023689 
cycles: 14186.400000 
avg_ept_walk_per_miss: 95.191919 
ept_cycles_per_execution_cycles: 0.066430 
rss_in_gb: 8.023689 
cycles: 14113.700000 
avg_ept_walk_per_miss: 95.346939 
ept_cycles_per_execution_cycles: 0.066205 
rss_in_gb: 8.023689 
cycles: 14247.100000 
avg_ept_walk_per_miss: 82.500000 
ept_cycles_per_execution_cycles: 0.075278 
rss_in_gb: 8.023689 
cycles: 14247.100000 
avg_ept_walk_per_miss: 82.500000 
ept_cycles_per_execution_cycles: 0.075278 
rss_in_gb: 8.023689 
cycles: 14227.900000 
avg_ept_walk_per_miss: 80.435115 
ept_cycles_per_execution_cycles: 0.074059 
rss_in_gb: 8.023689 
cycles: 14227.900000 
avg_ept_walk_per_miss: 80.435115 
ept_cycles_per_execution_cycles: 0.074059 
rss_in_gb: 8.023689 
cycles: 14292.600000 
avg_ept_walk_per_miss: 80.969466 
ept_cycles_per_execution_cycles: 0.074213 
rss_in_gb: 8.023689 
cycles: 13927.900000 
avg_ept_walk_per_miss: 76.933333 
ept_cycles_per_execution_cycles: 0.074570 
rss_in_gb: 8.023689 
cycles: 13927.900000 
avg_ept_walk_per_miss: 76.933333 
ept_cycles_per_execution_cycles: 0.074570 
rss_in_gb: 8.023689 
cycles: 13961.700000 
avg_ept_walk_per_miss: 76.392593 
ept_cycles_per_execution_cycles: 0.073866 
rss_in_gb: 8.023689 
cycles: 13961.700000 
avg_ept_walk_per_miss: 76.392593 
ept_cycles_per_execution_cycles: 0.073866 
rss_in_gb: 8.023689 
cycles: 13976.000000 
avg_ept_walk_per_miss: 75.925926 
ept_cycles_per_execution_cycles: 0.073340 
rss_in_gb: 8.023689 
cycles: 13960.600000 
avg_ept_walk_per_miss: 79.833333 
ept_cycles_per_execution_cycles: 0.075484 
rss_in_gb: 8.023689 
cycles: 13960.600000 
avg_ept_walk_per_miss: 79.833333 
ept_cycles_per_execution_cycles: 0.075484 
rss_in_gb: 8.023689 
cycles: 14020.300000 
avg_ept_walk_per_miss: 81.985075 
ept_cycles_per_execution_cycles: 0.078358 
rss_in_gb: 8.023689 
cycles: 14020.300000 
avg_ept_walk_per_miss: 81.985075 
ept_cycles_per_execution_cycles: 0.078358 
rss_in_gb: 8.023689 
cycles: 13949.700000 
avg_ept_walk_per_miss: 81.783582 
ept_cycles_per_execution_cycles: 0.078561 
rss_in_gb: 8.023689 
cycles: 13877.400000 
avg_ept_walk_per_miss: 86.983871 
ept_cycles_per_execution_cycles: 0.077723 
rss_in_gb: 8.023689 
cycles: 13877.400000 
avg_ept_walk_per_miss: 86.983871 
ept_cycles_per_execution_cycles: 0.077723 
rss_in_gb: 8.023689 
cycles: 13878.100000 
avg_ept_walk_per_miss: 87.483871 
ept_cycles_per_execution_cycles: 0.078166 
rss_in_gb: 8.023689 
cycles: 13878.100000 
avg_ept_walk_per_miss: 87.483871 
ept_cycles_per_execution_cycles: 0.078166 
rss_in_gb: 8.023689 
cycles: 13895.400000 
avg_ept_walk_per_miss: 89.056000 
ept_cycles_per_execution_cycles: 0.080113 
rss_in_gb: 8.023689 
cycles: 13612.700000 
avg_ept_walk_per_miss: 90.773109 
ept_cycles_per_execution_cycles: 0.079352 
rss_in_gb: 8.023689 
cycles: 13612.700000 
avg_ept_walk_per_miss: 90.773109 
ept_cycles_per_execution_cycles: 0.079352 
rss_in_gb: 8.023689 
cycles: 13590.800000 
avg_ept_walk_per_miss: 89.252101 
ept_cycles_per_execution_cycles: 0.078148 
rss_in_gb: 8.023689 
cycles: 13590.800000 
avg_ept_walk_per_miss: 89.252101 
ept_cycles_per_execution_cycles: 0.078148 
rss_in_gb: 8.023689 
cycles: 13665.900000 
avg_ept_walk_per_miss: 90.092437 
ept_cycles_per_execution_cycles: 0.078451 
rss_in_gb: 8.023689 
cycles: 13621.300000 
avg_ept_walk_per_miss: 86.754098 
ept_cycles_per_execution_cycles: 0.077702 
rss_in_gb: 8.023689 
cycles: 13621.300000 
avg_ept_walk_per_miss: 86.754098 
ept_cycles_per_execution_cycles: 0.077702 
rss_in_gb: 8.023689 
cycles: 13643.800000 
avg_ept_walk_per_miss: 86.829268 
ept_cycles_per_execution_cycles: 0.078277 
rss_in_gb: 8.023689 
cycles: 13643.800000 
avg_ept_walk_per_miss: 86.829268 
ept_cycles_per_execution_cycles: 0.078277 
rss_in_gb: 8.023689 
cycles: 13130.000000 
avg_ept_walk_per_miss: 83.008130 
ept_cycles_per_execution_cycles: 0.077761 
rss_in_gb: 8.023689 
cycles: 12962.700000 
avg_ept_walk_per_miss: 89.750000 
ept_cycles_per_execution_cycles: 0.069237 
rss_in_gb: 8.023689 
cycles: 12962.700000 
avg_ept_walk_per_miss: 89.750000 
ept_cycles_per_execution_cycles: 0.069237 
rss_in_gb: 8.023689 
cycles: 12933.000000 
avg_ept_walk_per_miss: 89.656566 
ept_cycles_per_execution_cycles: 0.068631 
rss_in_gb: 8.023689 
cycles: 12933.000000 
avg_ept_walk_per_miss: 89.656566 
ept_cycles_per_execution_cycles: 0.068631 
rss_in_gb: 8.023689 
cycles: 12823.900000 
avg_ept_walk_per_miss: 87.989899 
ept_cycles_per_execution_cycles: 0.067928 
rss_in_gb: 8.023689 
cycles: 13018.200000 
avg_ept_walk_per_miss: 80.232000 
ept_cycles_per_execution_cycles: 0.077038 
rss_in_gb: 8.023689 
cycles: 13018.200000 
avg_ept_walk_per_miss: 80.232000 
ept_cycles_per_execution_cycles: 0.077038 
rss_in_gb: 8.023689 
cycles: 13066.800000 
avg_ept_walk_per_miss: 80.379845 
ept_cycles_per_execution_cycles: 0.079354 
rss_in_gb: 8.023689 
cycles: 13066.800000 
avg_ept_walk_per_miss: 80.379845 
ept_cycles_per_execution_cycles: 0.079354 
rss_in_gb: 8.023689 
cycles: 12906.700000 
avg_ept_walk_per_miss: 77.960938 
ept_cycles_per_execution_cycles: 0.077316 
rss_in_gb: 8.023689 
cycles: 13167.200000 
avg_ept_walk_per_miss: 74.452830 
ept_cycles_per_execution_cycles: 0.089905 
rss_in_gb: 8.023689 
cycles: 13167.200000 
avg_ept_walk_per_miss: 74.452830 
ept_cycles_per_execution_cycles: 0.089905 
rss_in_gb: 8.023689 
cycles: 13198.000000 
avg_ept_walk_per_miss: 75.126582 
ept_cycles_per_execution_cycles: 0.089938 
rss_in_gb: 8.023689 
cycles: 13198.000000 
avg_ept_walk_per_miss: 75.126582 
ept_cycles_per_execution_cycles: 0.089938 
rss_in_gb: 8.023689 
cycles: 13299.100000 
avg_ept_walk_per_miss: 74.379747 
ept_cycles_per_execution_cycles: 0.088367 
rss_in_gb: 8.023689 
cycles: 13094.100000 
avg_ept_walk_per_miss: 77.183824 
ept_cycles_per_execution_cycles: 0.080166 
rss_in_gb: 8.023689 
cycles: 13094.100000 
avg_ept_walk_per_miss: 77.183824 
ept_cycles_per_execution_cycles: 0.080166 
rss_in_gb: 8.023689 
cycles: 13014.500000 
avg_ept_walk_per_miss: 76.409091 
ept_cycles_per_execution_cycles: 0.077498 
rss_in_gb: 8.023689 
cycles: 13014.500000 
avg_ept_walk_per_miss: 76.409091 
ept_cycles_per_execution_cycles: 0.077498 
rss_in_gb: 8.023689 
cycles: 13663.100000 
avg_ept_walk_per_miss: 81.444444 
ept_cycles_per_execution_cycles: 0.080472 
rss_in_gb: 8.023689 
cycles: 13426.300000 
avg_ept_walk_per_miss: 86.798165 
ept_cycles_per_execution_cycles: 0.070466 
rss_in_gb: 8.023689 
cycles: 13426.300000 
avg_ept_walk_per_miss: 86.798165 
ept_cycles_per_execution_cycles: 0.070466 
rss_in_gb: 8.023689 
cycles: 13418.700000 
avg_ept_walk_per_miss: 88.990566 
ept_cycles_per_execution_cycles: 0.070297 
rss_in_gb: 8.023689 
cycles: 13418.700000 
avg_ept_walk_per_miss: 88.990566 
ept_cycles_per_execution_cycles: 0.070297 
rss_in_gb: 8.023689 
cycles: 13346.300000 
avg_ept_walk_per_miss: 90.405660 
ept_cycles_per_execution_cycles: 0.071803 
rss_in_gb: 8.023689 
cycles: 13372.700000 
avg_ept_walk_per_miss: 92.440367 
ept_cycles_per_execution_cycles: 0.075348 
rss_in_gb: 8.023689 
cycles: 13372.700000 
avg_ept_walk_per_miss: 92.440367 
ept_cycles_per_execution_cycles: 0.075348 
rss_in_gb: 8.023689 
cycles: 13373.900000 
avg_ept_walk_per_miss: 92.605505 
ept_cycles_per_execution_cycles: 0.075475 
rss_in_gb: 8.023689 
cycles: 13373.900000 
avg_ept_walk_per_miss: 92.605505 
ept_cycles_per_execution_cycles: 0.075475 
rss_in_gb: 8.023689 
cycles: 12944.600000 
avg_ept_walk_per_miss: 89.962617 
ept_cycles_per_execution_cycles: 0.074363 
rss_in_gb: 8.023689 
cycles: 13132.200000 
avg_ept_walk_per_miss: 82.015038 
ept_cycles_per_execution_cycles: 0.083063 
rss_in_gb: 8.023689 
cycles: 13132.200000 
avg_ept_walk_per_miss: 82.015038 
ept_cycles_per_execution_cycles: 0.083063 
rss_in_gb: 8.023689 
cycles: 13109.100000 
avg_ept_walk_per_miss: 81.060606 
ept_cycles_per_execution_cycles: 0.081623 
rss_in_gb: 8.023689 
cycles: 13109.100000 
avg_ept_walk_per_miss: 81.060606 
ept_cycles_per_execution_cycles: 0.081623 
rss_in_gb: 8.023689 
cycles: 13194.000000 
avg_ept_walk_per_miss: 80.834586 
ept_cycles_per_execution_cycles: 0.081484 
rss_in_gb: 8.023689 
cycles: 13317.600000 
avg_ept_walk_per_miss: 82.496183 
ept_cycles_per_execution_cycles: 0.081148 
rss_in_gb: 8.023689 
cycles: 13317.600000 
avg_ept_walk_per_miss: 82.496183 
ept_cycles_per_execution_cycles: 0.081148 
rss_in_gb: 8.023689 
cycles: 13384.000000 
avg_ept_walk_per_miss: 82.719697 
ept_cycles_per_execution_cycles: 0.081582 
rss_in_gb: 8.023689 
cycles: 14174.800000 
avg_ept_walk_per_miss: 85.622517 
ept_cycles_per_execution_cycles: 0.091211 
rss_in_gb: 8.023689 
cycles: 18341.300000 
avg_ept_walk_per_miss: 78.918919 
ept_cycles_per_execution_cycles: 0.063681 
rss_in_gb: 8.023689 
cycles: 13027.900000 
avg_ept_walk_per_miss: 87.876190 
ept_cycles_per_execution_cycles: 0.070825 
rss_in_gb: 8.023689 
cycles: 13027.900000 
avg_ept_walk_per_miss: 87.876190 
ept_cycles_per_execution_cycles: 0.070825 
rss_in_gb: 8.023689 
cycles: 13049.600000 
avg_ept_walk_per_miss: 87.568807 
ept_cycles_per_execution_cycles: 0.073144 
rss_in_gb: 8.023689 
cycles: 14342.100000 
avg_ept_walk_per_miss: 94.960938 
ept_cycles_per_execution_cycles: 0.084750 
rss_in_gb: 8.023689 
cycles: 18787.800000 
avg_ept_walk_per_miss: 85.912162 
ept_cycles_per_execution_cycles: 0.067677 
rss_in_gb: 8.023689 
cycles: 13438.500000 
avg_ept_walk_per_miss: 93.766355 
ept_cycles_per_execution_cycles: 0.074659 
rss_in_gb: 8.023689 
cycles: 13438.500000 
avg_ept_walk_per_miss: 93.766355 
ept_cycles_per_execution_cycles: 0.074659 
rss_in_gb: 8.023689 
cycles: 13344.400000 
avg_ept_walk_per_miss: 93.405660 
ept_cycles_per_execution_cycles: 0.074196 
rss_in_gb: 8.023689 
cycles: 13298.000000 
avg_ept_walk_per_miss: 92.600000 
ept_cycles_per_execution_cycles: 0.073116 
rss_in_gb: 8.023689 
cycles: 13532.700000 
avg_ept_walk_per_miss: 84.200000 
ept_cycles_per_execution_cycles: 0.083997 
rss_in_gb: 8.023689 
cycles: 13532.700000 
avg_ept_walk_per_miss: 84.200000 
ept_cycles_per_execution_cycles: 0.083997 
rss_in_gb: 8.023689 
cycles: 13532.700000 
avg_ept_walk_per_miss: 84.200000 
ept_cycles_per_execution_cycles: 0.083997 
rss_in_gb: 8.023689 
cycles: 13547.800000 
avg_ept_walk_per_miss: 84.345588 
ept_cycles_per_execution_cycles: 0.084671 
rss_in_gb: 8.023689 
cycles: 13065.800000 
avg_ept_walk_per_miss: 80.111111 
ept_cycles_per_execution_cycles: 0.082773 
rss_in_gb: 8.023689 
cycles: 13000.300000 
avg_ept_walk_per_miss: 74.579710 
ept_cycles_per_execution_cycles: 0.079167 
rss_in_gb: 8.023689 
cycles: 13000.300000 
avg_ept_walk_per_miss: 74.579710 
ept_cycles_per_execution_cycles: 0.079167 
rss_in_gb: 8.023689 
cycles: 13000.300000 
avg_ept_walk_per_miss: 74.579710 
ept_cycles_per_execution_cycles: 0.079167 
rss_in_gb: 8.023689 
cycles: 13312.600000 
avg_ept_walk_per_miss: 76.161290 
ept_cycles_per_execution_cycles: 0.088675 
rss_in_gb: 8.023689 
cycles: 13523.900000 
avg_ept_walk_per_miss: 78.722581 
ept_cycles_per_execution_cycles: 0.090225 
rss_in_gb: 8.023689 
cycles: 13680.300000 
avg_ept_walk_per_miss: 74.229050 
ept_cycles_per_execution_cycles: 0.097125 
rss_in_gb: 8.023689 
cycles: 13680.300000 
avg_ept_walk_per_miss: 74.229050 
ept_cycles_per_execution_cycles: 0.097125 
rss_in_gb: 8.023689 
cycles: 13680.300000 
avg_ept_walk_per_miss: 74.229050 
ept_cycles_per_execution_cycles: 0.097125 
rss_in_gb: 8.023689 
cycles: 13766.300000 
avg_ept_walk_per_miss: 73.136612 
ept_cycles_per_execution_cycles: 0.097223 
rss_in_gb: 8.023689 
cycles: 13690.000000 
avg_ept_walk_per_miss: 72.775956 
ept_cycles_per_execution_cycles: 0.097283 
rss_in_gb: 8.023689 
cycles: 13961.500000 
avg_ept_walk_per_miss: 70.106481 
ept_cycles_per_execution_cycles: 0.108463 
rss_in_gb: 8.023689 
cycles: 13961.500000 
avg_ept_walk_per_miss: 70.106481 
ept_cycles_per_execution_cycles: 0.108463 
rss_in_gb: 8.023689 
cycles: 13961.500000 
avg_ept_walk_per_miss: 70.106481 
ept_cycles_per_execution_cycles: 0.108463 
rss_in_gb: 8.023689 
cycles: 13957.200000 
avg_ept_walk_per_miss: 69.972222 
ept_cycles_per_execution_cycles: 0.108288 
rss_in_gb: 8.023689 
cycles: 13815.000000 
avg_ept_walk_per_miss: 68.823256 
ept_cycles_per_execution_cycles: 0.107108 
rss_in_gb: 8.023689 
cycles: 13772.500000 
avg_ept_walk_per_miss: 68.462264 
ept_cycles_per_execution_cycles: 0.105384 
rss_in_gb: 8.023689 
cycles: 13772.500000 
avg_ept_walk_per_miss: 68.462264 
ept_cycles_per_execution_cycles: 0.105384 
rss_in_gb: 8.023689 
cycles: 13772.500000 
avg_ept_walk_per_miss: 68.462264 
ept_cycles_per_execution_cycles: 0.105384 
rss_in_gb: 8.023689 
cycles: 13719.200000 
avg_ept_walk_per_miss: 69.684466 
ept_cycles_per_execution_cycles: 0.104634 
rss_in_gb: 8.023689 
cycles: 13733.500000 
avg_ept_walk_per_miss: 69.577670 
ept_cycles_per_execution_cycles: 0.104365 
rss_in_gb: 8.023689 
cycles: 13590.700000 
avg_ept_walk_per_miss: 75.046243 
ept_cycles_per_execution_cycles: 0.095529 
rss_in_gb: 8.023689 
cycles: 13590.700000 
avg_ept_walk_per_miss: 75.046243 
ept_cycles_per_execution_cycles: 0.095529 
rss_in_gb: 8.023689 
cycles: 13590.700000 
avg_ept_walk_per_miss: 75.046243 
ept_cycles_per_execution_cycles: 0.095529 
rss_in_gb: 8.023689 
cycles: 13376.100000 
avg_ept_walk_per_miss: 74.885350 
ept_cycles_per_execution_cycles: 0.087896 
rss_in_gb: 8.023689 
cycles: 13319.300000 
avg_ept_walk_per_miss: 73.367089 
ept_cycles_per_execution_cycles: 0.087032 
rss_in_gb: 8.023689 
cycles: 12977.900000 
avg_ept_walk_per_miss: 84.375000 
ept_cycles_per_execution_cycles: 0.072816 
rss_in_gb: 8.023689 
cycles: 12977.900000 
avg_ept_walk_per_miss: 84.375000 
ept_cycles_per_execution_cycles: 0.072816 
rss_in_gb: 8.023689 
cycles: 12977.900000 
avg_ept_walk_per_miss: 84.375000 
ept_cycles_per_execution_cycles: 0.072816 
rss_in_gb: 8.023689 
cycles: 12945.200000 
avg_ept_walk_per_miss: 83.116071 
ept_cycles_per_execution_cycles: 0.071911 
rss_in_gb: 8.023689 
cycles: 13378.300000 
avg_ept_walk_per_miss: 86.973684 
ept_cycles_per_execution_cycles: 0.074113 
rss_in_gb: 8.023689 
cycles: 13257.700000 
avg_ept_walk_per_miss: 83.956522 
ept_cycles_per_execution_cycles: 0.072826 
rss_in_gb: 8.023689 
cycles: 13257.700000 
avg_ept_walk_per_miss: 83.956522 
ept_cycles_per_execution_cycles: 0.072826 
rss_in_gb: 8.023689 
cycles: 13257.700000 
avg_ept_walk_per_miss: 83.956522 
ept_cycles_per_execution_cycles: 0.072826 
rss_in_gb: 8.023689 
cycles: 13269.100000 
avg_ept_walk_per_miss: 81.161290 
ept_cycles_per_execution_cycles: 0.075845 
rss_in_gb: 8.023689 
cycles: 13306.200000 
avg_ept_walk_per_miss: 81.800000 
ept_cycles_per_execution_cycles: 0.076844 
rss_in_gb: 8.023689 
cycles: 13492.200000 
avg_ept_walk_per_miss: 74.203947 
ept_cycles_per_execution_cycles: 0.083596 
rss_in_gb: 8.023689 
cycles: 13492.200000 
avg_ept_walk_per_miss: 74.203947 
ept_cycles_per_execution_cycles: 0.083596 
rss_in_gb: 8.023689 
cycles: 13492.200000 
avg_ept_walk_per_miss: 74.203947 
ept_cycles_per_execution_cycles: 0.083596 
rss_in_gb: 8.023689 
cycles: 13496.200000 
avg_ept_walk_per_miss: 73.675325 
ept_cycles_per_execution_cycles: 0.084068 
rss_in_gb: 8.023689 
cycles: 13058.900000 
avg_ept_walk_per_miss: 70.915033 
ept_cycles_per_execution_cycles: 0.083085 
rss_in_gb: 8.023689 
cycles: 13063.600000 
avg_ept_walk_per_miss: 72.000000 
ept_cycles_per_execution_cycles: 0.082121 
rss_in_gb: 8.023689 
cycles: 13063.600000 
avg_ept_walk_per_miss: 72.000000 
ept_cycles_per_execution_cycles: 0.082121 
rss_in_gb: 8.023689 
cycles: 13063.600000 
avg_ept_walk_per_miss: 72.000000 
ept_cycles_per_execution_cycles: 0.082121 
rss_in_gb: 8.023689 
cycles: 12984.200000 
avg_ept_walk_per_miss: 72.586957 
ept_cycles_per_execution_cycles: 0.077148 
rss_in_gb: 8.023689 
cycles: 13549.000000 
avg_ept_walk_per_miss: 79.391304 
ept_cycles_per_execution_cycles: 0.080862 
rss_in_gb: 8.023689 
cycles: 13354.400000 
avg_ept_walk_per_miss: 92.313131 
ept_cycles_per_execution_cycles: 0.068434 
rss_in_gb: 8.023689 
cycles: 13354.400000 
avg_ept_walk_per_miss: 92.313131 
ept_cycles_per_execution_cycles: 0.068434 
rss_in_gb: 8.023689 
cycles: 13354.400000 
avg_ept_walk_per_miss: 92.313131 
ept_cycles_per_execution_cycles: 0.068434 
rss_in_gb: 8.023689 
cycles: 13324.100000 
avg_ept_walk_per_miss: 95.166667 
ept_cycles_per_execution_cycles: 0.068567 
rss_in_gb: 8.023689 
cycles: 13295.300000 
avg_ept_walk_per_miss: 95.063158 
ept_cycles_per_execution_cycles: 0.067926 
rss_in_gb: 8.023689 
cycles: 13384.300000 
avg_ept_walk_per_miss: 95.040404 
ept_cycles_per_execution_cycles: 0.070299 
rss_in_gb: 8.023689 
cycles: 13384.300000 
avg_ept_walk_per_miss: 95.040404 
ept_cycles_per_execution_cycles: 0.070299 
rss_in_gb: 8.023689 
cycles: 13384.300000 
avg_ept_walk_per_miss: 95.040404 
ept_cycles_per_execution_cycles: 0.070299 
rss_in_gb: 8.023689 
cycles: 13396.100000 
avg_ept_walk_per_miss: 95.353535 
ept_cycles_per_execution_cycles: 0.070468 
rss_in_gb: 8.023689 
cycles: 12851.000000 
avg_ept_walk_per_miss: 85.408163 
ept_cycles_per_execution_cycles: 0.065131 
rss_in_gb: 8.023689 
cycles: 13354.900000 
avg_ept_walk_per_miss: 77.511450 
ept_cycles_per_execution_cycles: 0.076032 
rss_in_gb: 8.023689 
cycles: 13354.900000 
avg_ept_walk_per_miss: 77.511450 
ept_cycles_per_execution_cycles: 0.076032 
rss_in_gb: 8.023689 
cycles: 13354.900000 
avg_ept_walk_per_miss: 77.511450 
ept_cycles_per_execution_cycles: 0.076032 
rss_in_gb: 8.023689 
cycles: 13440.400000 
avg_ept_walk_per_miss: 77.200000 
ept_cycles_per_execution_cycles: 0.077542 
rss_in_gb: 8.023689 
cycles: 13459.400000 
avg_ept_walk_per_miss: 76.844444 
ept_cycles_per_execution_cycles: 0.077076 
rss_in_gb: 8.023689 
cycles: 13708.000000 
avg_ept_walk_per_miss: 77.817518 
ept_cycles_per_execution_cycles: 0.077772 
rss_in_gb: 8.023689 
cycles: 13708.000000 
avg_ept_walk_per_miss: 77.817518 
ept_cycles_per_execution_cycles: 0.077772 
rss_in_gb: 8.023689 
cycles: 13708.000000 
avg_ept_walk_per_miss: 77.817518 
ept_cycles_per_execution_cycles: 0.077772 
rss_in_gb: 8.023689 
cycles: 13757.600000 
avg_ept_walk_per_miss: 78.611511 
ept_cycles_per_execution_cycles: 0.079425 
rss_in_gb: 8.023689 
cycles: 14163.100000 
avg_ept_walk_per_miss: 83.585714 
ept_cycles_per_execution_cycles: 0.082623 
rss_in_gb: 8.023689 
cycles: 13989.400000 
avg_ept_walk_per_miss: 91.053097 
ept_cycles_per_execution_cycles: 0.073549 
rss_in_gb: 8.023689 
cycles: 13989.400000 
avg_ept_walk_per_miss: 91.053097 
ept_cycles_per_execution_cycles: 0.073549 
rss_in_gb: 8.023689 
cycles: 13989.400000 
avg_ept_walk_per_miss: 91.053097 
ept_cycles_per_execution_cycles: 0.073549 
rss_in_gb: 8.023689 
cycles: 13898.100000 
avg_ept_walk_per_miss: 90.706422 
ept_cycles_per_execution_cycles: 0.071139 
rss_in_gb: 8.023689 
cycles: 13922.200000 
avg_ept_walk_per_miss: 93.055046 
ept_cycles_per_execution_cycles: 0.072855 
rss_in_gb: 8.023689 
cycles: 13657.500000 
avg_ept_walk_per_miss: 90.838095 
ept_cycles_per_execution_cycles: 0.069837 
rss_in_gb: 8.023689 
cycles: 13657.500000 
avg_ept_walk_per_miss: 90.838095 
ept_cycles_per_execution_cycles: 0.069837 
rss_in_gb: 8.023689 
cycles: 13657.500000 
avg_ept_walk_per_miss: 90.838095 
ept_cycles_per_execution_cycles: 0.069837 
rss_in_gb: 8.023689 
cycles: 13909.300000 
avg_ept_walk_per_miss: 89.314050 
ept_cycles_per_execution_cycles: 0.077696 
rss_in_gb: 8.023689 
cycles: 13498.200000 
avg_ept_walk_per_miss: 83.933884 
ept_cycles_per_execution_cycles: 0.075240 
rss_in_gb: 8.023689 
cycles: 13759.900000 
avg_ept_walk_per_miss: 70.502762 
ept_cycles_per_execution_cycles: 0.092740 
rss_in_gb: 8.023689 
cycles: 13759.900000 
avg_ept_walk_per_miss: 70.502762 
ept_cycles_per_execution_cycles: 0.092740 
rss_in_gb: 8.023689 
cycles: 13759.900000 
avg_ept_walk_per_miss: 70.502762 
ept_cycles_per_execution_cycles: 0.092740 
rss_in_gb: 8.023689 
cycles: 13861.100000 
avg_ept_walk_per_miss: 70.508197 
ept_cycles_per_execution_cycles: 0.093088 
rss_in_gb: 8.023689 
cycles: 13929.000000 
avg_ept_walk_per_miss: 69.967213 
ept_cycles_per_execution_cycles: 0.091923 
rss_in_gb: 8.023689 
cycles: 14054.300000 
avg_ept_walk_per_miss: 70.968085 
ept_cycles_per_execution_cycles: 0.094932 
rss_in_gb: 8.023689 
cycles: 14054.300000 
avg_ept_walk_per_miss: 70.968085 
ept_cycles_per_execution_cycles: 0.094932 
rss_in_gb: 8.023689 
cycles: 14054.300000 
avg_ept_walk_per_miss: 70.968085 
ept_cycles_per_execution_cycles: 0.094932 
rss_in_gb: 8.023689 
cycles: 13915.500000 
avg_ept_walk_per_miss: 69.916667 
ept_cycles_per_execution_cycles: 0.090439 
rss_in_gb: 8.023689 
cycles: 14000.600000 
avg_ept_walk_per_miss: 70.150000 
ept_cycles_per_execution_cycles: 0.090189 
rss_in_gb: 8.023689 
cycles: 13546.700000 
avg_ept_walk_per_miss: 76.310345 
ept_cycles_per_execution_cycles: 0.081680 
rss_in_gb: 8.023689 
cycles: 13546.700000 
avg_ept_walk_per_miss: 76.310345 
ept_cycles_per_execution_cycles: 0.081680 
rss_in_gb: 8.023689 
cycles: 13546.700000 
avg_ept_walk_per_miss: 76.310345 
ept_cycles_per_execution_cycles: 0.081680 
rss_in_gb: 8.023689 
cycles: 13471.900000 
avg_ept_walk_per_miss: 75.152778 
ept_cycles_per_execution_cycles: 0.080330 
rss_in_gb: 8.023689 
cycles: 13434.500000 
avg_ept_walk_per_miss: 73.379310 
ept_cycles_per_execution_cycles: 0.079199 
rss_in_gb: 8.023689 
cycles: 13242.700000 
avg_ept_walk_per_miss: 72.178571 
ept_cycles_per_execution_cycles: 0.076306 
rss_in_gb: 8.023689 
cycles: 13242.700000 
avg_ept_walk_per_miss: 72.178571 
ept_cycles_per_execution_cycles: 0.076306 
rss_in_gb: 8.023689 
cycles: 13242.700000 
avg_ept_walk_per_miss: 72.178571 
ept_cycles_per_execution_cycles: 0.076306 
rss_in_gb: 8.023689 
cycles: 13082.700000 
avg_ept_walk_per_miss: 72.045802 
ept_cycles_per_execution_cycles: 0.072141 
rss_in_gb: 8.023689 
cycles: 12996.700000 
avg_ept_walk_per_miss: 71.290076 
ept_cycles_per_execution_cycles: 0.071857 
rss_in_gb: 8.023689 
cycles: 13050.200000 
avg_ept_walk_per_miss: 74.528000 
ept_cycles_per_execution_cycles: 0.071386 
rss_in_gb: 8.023689 
cycles: 13050.200000 
avg_ept_walk_per_miss: 74.528000 
ept_cycles_per_execution_cycles: 0.071386 
rss_in_gb: 8.023689 
cycles: 13050.200000 
avg_ept_walk_per_miss: 74.528000 
ept_cycles_per_execution_cycles: 0.071386 
rss_in_gb: 8.023689 
cycles: 13055.700000 
avg_ept_walk_per_miss: 75.016000 
ept_cycles_per_execution_cycles: 0.071823 
rss_in_gb: 8.023689 
cycles: 13001.100000 
avg_ept_walk_per_miss: 76.250000 
ept_cycles_per_execution_cycles: 0.072725 
rss_in_gb: 8.023689 
cycles: 13020.700000 
avg_ept_walk_per_miss: 75.093023 
ept_cycles_per_execution_cycles: 0.074397 
rss_in_gb: 8.023689 
cycles: 13020.700000 
avg_ept_walk_per_miss: 75.093023 
ept_cycles_per_execution_cycles: 0.074397 
rss_in_gb: 8.023689 
cycles: 13020.700000 
avg_ept_walk_per_miss: 75.093023 
ept_cycles_per_execution_cycles: 0.074397 
rss_in_gb: 8.023689 
cycles: 13043.500000 
avg_ept_walk_per_miss: 74.937984 
ept_cycles_per_execution_cycles: 0.074114 
rss_in_gb: 8.023689 
cycles: 12984.300000 
avg_ept_walk_per_miss: 74.976744 
ept_cycles_per_execution_cycles: 0.074490 
rss_in_gb: 8.023689 
cycles: 12807.500000 
avg_ept_walk_per_miss: 80.361111 
ept_cycles_per_execution_cycles: 0.067765 
rss_in_gb: 8.023689 
cycles: 12807.500000 
avg_ept_walk_per_miss: 80.361111 
ept_cycles_per_execution_cycles: 0.067765 
rss_in_gb: 8.023689 
cycles: 12807.500000 
avg_ept_walk_per_miss: 80.361111 
ept_cycles_per_execution_cycles: 0.067765 
rss_in_gb: 8.023689 
cycles: 12787.000000 
avg_ept_walk_per_miss: 81.904762 
ept_cycles_per_execution_cycles: 0.067256 
rss_in_gb: 8.023689 
cycles: 12784.700000 
avg_ept_walk_per_miss: 81.066038 
ept_cycles_per_execution_cycles: 0.067213 
rss_in_gb: 8.023689 
cycles: 12899.800000 
avg_ept_walk_per_miss: 90.320388 
ept_cycles_per_execution_cycles: 0.072117 
rss_in_gb: 8.023689 
cycles: 12899.800000 
avg_ept_walk_per_miss: 90.320388 
ept_cycles_per_execution_cycles: 0.072117 
rss_in_gb: 8.023689 
cycles: 12899.800000 
avg_ept_walk_per_miss: 90.320388 
ept_cycles_per_execution_cycles: 0.072117 
rss_in_gb: 8.023689 
cycles: 12900.100000 
avg_ept_walk_per_miss: 89.551402 
ept_cycles_per_execution_cycles: 0.074278 
rss_in_gb: 8.023689 
cycles: 13485.000000 
avg_ept_walk_per_miss: 94.357798 
ept_cycles_per_execution_cycles: 0.076270 
rss_in_gb: 8.023689 
cycles: 13663.800000 
avg_ept_walk_per_miss: 88.457364 
ept_cycles_per_execution_cycles: 0.083513 
rss_in_gb: 8.023689 
cycles: 13663.800000 
avg_ept_walk_per_miss: 88.457364 
ept_cycles_per_execution_cycles: 0.083513 
rss_in_gb: 8.023689 
cycles: 13663.800000 
avg_ept_walk_per_miss: 88.457364 
ept_cycles_per_execution_cycles: 0.083513 
rss_in_gb: 8.023689 
cycles: 13675.500000 
avg_ept_walk_per_miss: 88.776923 
ept_cycles_per_execution_cycles: 0.084392 
rss_in_gb: 8.023689 
cycles: 13739.300000 
avg_ept_walk_per_miss: 88.800000 
ept_cycles_per_execution_cycles: 0.084022 
rss_in_gb: 8.023689 
cycles: 14147.800000 
avg_ept_walk_per_miss: 76.823171 
ept_cycles_per_execution_cycles: 0.089053 
rss_in_gb: 8.023689 
cycles: 14147.800000 
avg_ept_walk_per_miss: 76.823171 
ept_cycles_per_execution_cycles: 0.089053 
rss_in_gb: 8.023689 
cycles: 14147.800000 
avg_ept_walk_per_miss: 76.823171 
ept_cycles_per_execution_cycles: 0.089053 
rss_in_gb: 8.023689 
cycles: 14383.500000 
avg_ept_walk_per_miss: 78.207101 
ept_cycles_per_execution_cycles: 0.091890 
rss_in_gb: 8.023689 
cycles: 13811.600000 
avg_ept_walk_per_miss: 74.778443 
ept_cycles_per_execution_cycles: 0.090417 
rss_in_gb: 8.023689 
cycles: 13906.800000 
avg_ept_walk_per_miss: 73.941520 
ept_cycles_per_execution_cycles: 0.090920 
rss_in_gb: 8.023689 
cycles: 13906.800000 
avg_ept_walk_per_miss: 73.941520 
ept_cycles_per_execution_cycles: 0.090920 
rss_in_gb: 8.023689 
cycles: 13906.800000 
avg_ept_walk_per_miss: 73.941520 
ept_cycles_per_execution_cycles: 0.090920 
rss_in_gb: 8.023689 
cycles: 14029.200000 
avg_ept_walk_per_miss: 72.866667 
ept_cycles_per_execution_cycles: 0.093491 
rss_in_gb: 8.023689 
cycles: 14019.400000 
avg_ept_walk_per_miss: 73.307263 
ept_cycles_per_execution_cycles: 0.093599 
rss_in_gb: 8.023689 
cycles: 13527.500000 
avg_ept_walk_per_miss: 73.197452 
ept_cycles_per_execution_cycles: 0.084953 
rss_in_gb: 8.023689 
cycles: 13527.500000 
avg_ept_walk_per_miss: 73.197452 
ept_cycles_per_execution_cycles: 0.084953 
rss_in_gb: 8.023689 
cycles: 13527.500000 
avg_ept_walk_per_miss: 73.197452 
ept_cycles_per_execution_cycles: 0.084953 
rss_in_gb: 8.023689 
cycles: 13251.800000 
avg_ept_walk_per_miss: 71.439189 
ept_cycles_per_execution_cycles: 0.079785 
rss_in_gb: 8.023689 
cycles: 13272.700000 
avg_ept_walk_per_miss: 71.641892 
ept_cycles_per_execution_cycles: 0.079886 
rss_in_gb: 8.023689 
cycles: 15000.500000 
avg_ept_walk_per_miss: 67.891720 
ept_cycles_per_execution_cycles: 0.071058 
rss_in_gb: 8.023689 
cycles: 15000.500000 
avg_ept_walk_per_miss: 67.891720 
ept_cycles_per_execution_cycles: 0.071058 
rss_in_gb: 8.023689 
cycles: 15000.500000 
avg_ept_walk_per_miss: 67.891720 
ept_cycles_per_execution_cycles: 0.071058 
rss_in_gb: 8.023689 
cycles: 15670.300000 
avg_ept_walk_per_miss: 71.792899 
ept_cycles_per_execution_cycles: 0.077427 
rss_in_gb: 8.023689 
cycles: 14884.100000 
avg_ept_walk_per_miss: 67.913907 
ept_cycles_per_execution_cycles: 0.068899 
rss_in_gb: 8.023689 
cycles: 14844.100000 
avg_ept_walk_per_miss: 72.116788 
ept_cycles_per_execution_cycles: 0.066558 
rss_in_gb: 8.023689 
cycles: 14844.100000 
avg_ept_walk_per_miss: 72.116788 
ept_cycles_per_execution_cycles: 0.066558 
rss_in_gb: 8.023689 
cycles: 14844.100000 
avg_ept_walk_per_miss: 72.116788 
ept_cycles_per_execution_cycles: 0.066558 
rss_in_gb: 8.023689 
cycles: 15636.400000 
avg_ept_walk_per_miss: 75.303226 
ept_cycles_per_execution_cycles: 0.074646 
rss_in_gb: 8.023689 
cycles: 14854.700000 
avg_ept_walk_per_miss: 72.198529 
ept_cycles_per_execution_cycles: 0.066100 
rss_in_gb: 8.023689 
cycles: 12831.900000 
avg_ept_walk_per_miss: 80.107843 
ept_cycles_per_execution_cycles: 0.063677 
rss_in_gb: 8.023689 
cycles: 12831.900000 
avg_ept_walk_per_miss: 80.107843 
ept_cycles_per_execution_cycles: 0.063677 
rss_in_gb: 8.023689 
cycles: 13144.800000 
avg_ept_walk_per_miss: 80.833333 
ept_cycles_per_execution_cycles: 0.062724 
rss_in_gb: 8.023689 
cycles: 12581.300000 
avg_ept_walk_per_miss: 74.417582 
ept_cycles_per_execution_cycles: 0.053826 
rss_in_gb: 8.023689 
cycles: 12581.300000 
avg_ept_walk_per_miss: 74.417582 
ept_cycles_per_execution_cycles: 0.053826 
rss_in_gb: 8.023689 
cycles: 12672.100000 
avg_ept_walk_per_miss: 80.704545 
ept_cycles_per_execution_cycles: 0.056044 
rss_in_gb: 8.023689 
cycles: 12672.100000 
avg_ept_walk_per_miss: 80.704545 
ept_cycles_per_execution_cycles: 0.056044 
rss_in_gb: 8.023689 
cycles: 13122.000000 
avg_ept_walk_per_miss: 84.377778 
ept_cycles_per_execution_cycles: 0.057872 
rss_in_gb: 8.023689 
cycles: 12742.100000 
avg_ept_walk_per_miss: 84.505618 
ept_cycles_per_execution_cycles: 0.059025 
rss_in_gb: 8.023689 
cycles: 12742.100000 
avg_ept_walk_per_miss: 84.505618 
ept_cycles_per_execution_cycles: 0.059025 
rss_in_gb: 8.023689 
cycles: 12916.500000 
avg_ept_walk_per_miss: 81.768519 
ept_cycles_per_execution_cycles: 0.068370 
rss_in_gb: 8.023689 
cycles: 12916.500000 
avg_ept_walk_per_miss: 81.768519 
ept_cycles_per_execution_cycles: 0.068370 
rss_in_gb: 8.023689 
cycles: 13082.200000 
avg_ept_walk_per_miss: 83.401786 
ept_cycles_per_execution_cycles: 0.071402 
rss_in_gb: 8.023689 
cycles: 13819.500000 
avg_ept_walk_per_miss: 91.651786 
ept_cycles_per_execution_cycles: 0.074279 
rss_in_gb: 8.023689 
cycles: 13819.500000 
avg_ept_walk_per_miss: 91.651786 
ept_cycles_per_execution_cycles: 0.074279 
rss_in_gb: 8.023689 
cycles: 13820.100000 
avg_ept_walk_per_miss: 92.236842 
ept_cycles_per_execution_cycles: 0.076085 
rss_in_gb: 8.023689 
cycles: 13820.100000 
avg_ept_walk_per_miss: 92.236842 
ept_cycles_per_execution_cycles: 0.076085 
rss_in_gb: 8.023689 
cycles: 13924.300000 
avg_ept_walk_per_miss: 91.487603 
ept_cycles_per_execution_cycles: 0.079501 
rss_in_gb: 8.023689 
cycles: 13953.400000 
avg_ept_walk_per_miss: 90.606557 
ept_cycles_per_execution_cycles: 0.079221 
rss_in_gb: 8.023689 
cycles: 13953.400000 
avg_ept_walk_per_miss: 90.606557 
ept_cycles_per_execution_cycles: 0.079221 
rss_in_gb: 8.023689 
cycles: 13821.200000 
avg_ept_walk_per_miss: 89.583333 
ept_cycles_per_execution_cycles: 0.077779 
rss_in_gb: 8.023689 
cycles: 13821.200000 
avg_ept_walk_per_miss: 89.583333 
ept_cycles_per_execution_cycles: 0.077779 
rss_in_gb: 8.023689 
cycles: 13684.800000 
avg_ept_walk_per_miss: 88.258621 
ept_cycles_per_execution_cycles: 0.074813 
rss_in_gb: 8.023689 
cycles: 12950.100000 
avg_ept_walk_per_miss: 81.422414 
ept_cycles_per_execution_cycles: 0.072934 
rss_in_gb: 8.023689 
cycles: 12950.100000 
avg_ept_walk_per_miss: 81.422414 
ept_cycles_per_execution_cycles: 0.072934 
rss_in_gb: 8.023689 
cycles: 12974.700000 
avg_ept_walk_per_miss: 85.490909 
ept_cycles_per_execution_cycles: 0.072480 
rss_in_gb: 8.023689 
cycles: 12974.700000 
avg_ept_walk_per_miss: 85.490909 
ept_cycles_per_execution_cycles: 0.072480 
rss_in_gb: 8.023689 
cycles: 12807.600000 
avg_ept_walk_per_miss: 83.872549 
ept_cycles_per_execution_cycles: 0.066796 
rss_in_gb: 8.023689 
cycles: 12807.700000 
avg_ept_walk_per_miss: 83.029412 
ept_cycles_per_execution_cycles: 0.066124 
rss_in_gb: 8.023689 
cycles: 12807.700000 
avg_ept_walk_per_miss: 83.029412 
ept_cycles_per_execution_cycles: 0.066124 
rss_in_gb: 8.023689 
cycles: 12915.400000 
avg_ept_walk_per_miss: 90.262626 
ept_cycles_per_execution_cycles: 0.069189 
rss_in_gb: 8.023689 
cycles: 12915.400000 
avg_ept_walk_per_miss: 90.262626 
ept_cycles_per_execution_cycles: 0.069189 
rss_in_gb: 8.023689 
cycles: 12953.800000 
avg_ept_walk_per_miss: 91.267327 
ept_cycles_per_execution_cycles: 0.071161 
rss_in_gb: 8.023689 
cycles: 12994.300000 
avg_ept_walk_per_miss: 91.683168 
ept_cycles_per_execution_cycles: 0.071262 
rss_in_gb: 8.023689 
cycles: 12994.300000 
avg_ept_walk_per_miss: 91.683168 
ept_cycles_per_execution_cycles: 0.071262 
rss_in_gb: 8.023689 
cycles: 13000.700000 
avg_ept_walk_per_miss: 92.420000 
ept_cycles_per_execution_cycles: 0.071088 
rss_in_gb: 8.023689 
cycles: 13000.700000 
avg_ept_walk_per_miss: 92.420000 
ept_cycles_per_execution_cycles: 0.071088 
rss_in_gb: 8.023689 
cycles: 13010.300000 
avg_ept_walk_per_miss: 93.544554 
ept_cycles_per_execution_cycles: 0.072619 
rss_in_gb: 8.023689 
cycles: 12990.900000 
avg_ept_walk_per_miss: 94.663366 
ept_cycles_per_execution_cycles: 0.073598 
rss_in_gb: 8.023689 
cycles: 12990.900000 
avg_ept_walk_per_miss: 94.663366 
ept_cycles_per_execution_cycles: 0.073598 
rss_in_gb: 8.023689 
cycles: 12857.700000 
avg_ept_walk_per_miss: 97.238095 
ept_cycles_per_execution_cycles: 0.063526 
rss_in_gb: 8.023689 
cycles: 12857.700000 
avg_ept_walk_per_miss: 97.238095 
ept_cycles_per_execution_cycles: 0.063526 
rss_in_gb: 8.023689 
cycles: 12831.300000 
avg_ept_walk_per_miss: 96.268293 
ept_cycles_per_execution_cycles: 0.061521 
rss_in_gb: 8.023689 
cycles: 13019.400000 
avg_ept_walk_per_miss: 99.072289 
ept_cycles_per_execution_cycles: 0.063160 
rss_in_gb: 8.023689 
cycles: 13019.400000 
avg_ept_walk_per_miss: 99.072289 
ept_cycles_per_execution_cycles: 0.063160 
rss_in_gb: 8.023689 
cycles: 13024.000000 
avg_ept_walk_per_miss: 105.469136 
ept_cycles_per_execution_cycles: 0.065594 
rss_in_gb: 8.023689 
cycles: 13024.000000 
avg_ept_walk_per_miss: 105.469136 
ept_cycles_per_execution_cycles: 0.065594 
rss_in_gb: 8.023689 
cycles: 13184.600000 
avg_ept_walk_per_miss: 103.303371 
ept_cycles_per_execution_cycles: 0.069733 
rss_in_gb: 8.023689 
cycles: 13196.900000 
avg_ept_walk_per_miss: 102.561798 
ept_cycles_per_execution_cycles: 0.069168 
rss_in_gb: 8.023689 
cycles: 13196.900000 
avg_ept_walk_per_miss: 102.561798 
ept_cycles_per_execution_cycles: 0.069168 
rss_in_gb: 8.023689 
cycles: 13439.100000 
avg_ept_walk_per_miss: 90.909836 
ept_cycles_per_execution_cycles: 0.082528 
rss_in_gb: 8.023689 
cycles: 13439.100000 
avg_ept_walk_per_miss: 90.909836 
ept_cycles_per_execution_cycles: 0.082528 
rss_in_gb: 8.023689 
cycles: 13534.800000 
avg_ept_walk_per_miss: 92.804878 
ept_cycles_per_execution_cycles: 0.084338 
rss_in_gb: 8.023689 
cycles: 13324.600000 
avg_ept_walk_per_miss: 90.860656 
ept_cycles_per_execution_cycles: 0.083192 
rss_in_gb: 8.023689 
cycles: 13324.600000 
avg_ept_walk_per_miss: 90.860656 
ept_cycles_per_execution_cycles: 0.083192 
rss_in_gb: 8.023689 
cycles: 13375.000000 
avg_ept_walk_per_miss: 84.007519 
ept_cycles_per_execution_cycles: 0.083536 
rss_in_gb: 8.023689 
cycles: 13375.000000 
avg_ept_walk_per_miss: 84.007519 
ept_cycles_per_execution_cycles: 0.083536 
rss_in_gb: 8.023689 
cycles: 13193.900000 
avg_ept_walk_per_miss: 83.936000 
ept_cycles_per_execution_cycles: 0.079522 
rss_in_gb: 8.023689 
cycles: 13237.900000 
avg_ept_walk_per_miss: 84.248000 
ept_cycles_per_execution_cycles: 0.079552 
rss_in_gb: 8.023689 
cycles: 13237.900000 
avg_ept_walk_per_miss: 84.248000 
ept_cycles_per_execution_cycles: 0.079552 
rss_in_gb: 8.023689 
cycles: 13324.400000 
avg_ept_walk_per_miss: 89.402062 
ept_cycles_per_execution_cycles: 0.065084 
rss_in_gb: 8.023689 
cycles: 13324.400000 
avg_ept_walk_per_miss: 89.402062 
ept_cycles_per_execution_cycles: 0.065084 
rss_in_gb: 8.023689 
cycles: 13506.20000
