cycles,instructions,load_misses,store_misses,ept_walk_cycles
6015664,7798004,1721010,800685,513215
38127292,54661342,11981067,6774861,1204715
47382335,60949125,14454948,6715698,3940966
17759730,15002243,3478929,2014674,2065031
888491,622698,161951,55454,151304
15235102,24437903,1626066,4096345,1220360
44012904,82443720,64863,16482304,1970751
45151278,84559109,66491,16905060,2053851
45192114,84671790,66484,16927388,2040310
45693074,85724361,67374,17138688,2033940
45340598,84982216,66725,16989696,2047669
45441395,85286573,66906,17050624,2002833
45800439,85946478,67462,17182513,2026561
45892014,86136682,67593,17220815,2017134
45861296,86123878,67607,17218048,2006513
46123739,86554126,67959,17304064,2033027
45561050,85506678,67082,17094656,2013147
46141916,86700101,68041,17333248,1996949
46440883,87117546,68335,17416704,2057299
46387990,87176447,68359,17428480,2008874
46002417,86382537,67748,17269760,2014486
46278531,86874252,68194,17368064,2037007
46236628,86733060,68046,17339432,2064643
45993377,86244750,67645,17242624,2080637
46299779,86881931,68161,17369089,2046862
46193996,86677053,68001,17329151,2055873
45730423,85821676,67302,17157632,2031527
46169479,86651447,68011,17323520,2052382
46234475,86828155,68146,17358848,2036166
46150917,86659126,67961,17325056,2028970
45856783,86095706,67588,17212416,2013947
46170666,86689855,68012,17331200,2037085
46418681,87268643,68479,17446912,1992512
46149865,86684736,68012,17330176,2009308
46076386,86538760,67891,17300831,1996649
46253863,86966449,68203,17386542,1977756
45510346,85598871,67151,17113715,1939426
46124149,86746197,67993,17341936,1969694
46177273,86784613,68135,17350160,1996668
46202291,86843515,68074,17361920,1989228
46162466,86725706,67992,17338368,2012032
46000727,86505463,67843,17294336,1959733
46312859,86976871,68314,17388584,2018555
46022184,86515707,67830,17295872,1972241
46284168,87027908,68248,17399296,1983603
46268619,86974127,68247,17388032,1992121
45910860,86313992,67660,17256448,1963480
46265109,86994016,68247,17391616,1978963
46105480,86702998,68032,17334272,1969680
46286383,86861112,68130,17365504,1992609
45950763,86385096,67731,17270272,1975272
45853185,86187906,67625,17230745,1971484
46305481,87022788,68264,17397863,1990571
46191176,86830710,68048,17358848,1990845
46466198,87319861,68411,17457152,2005835
46210936,86925469,68162,17378304,1965646
45671745,85770456,67223,17147392,2005643
46176357,86689862,68003,17331712,1996181
46265285,86961324,68220,17385472,1989211
46161857,86805103,68064,17354240,1976105
46164777,86797420,68140,17352192,1972872
45912129,86315954,67703,17256960,1967874
46240527,86930771,68213,17378856,1985172
45750089,85972774,67419,17187840,1982414
46277190,87058640,68258,17404928,1966994
46190553,86743639,68004,17341952,1984112
45694237,85857536,67352,17165312,1955625
55503409,84049800,273965,16637361,11949076
238889863,24920307,3839960,1917839,199136385
219960669,23541255,3629124,1812948,182508072
238976836,24150884,3722277,1859746,199890203
238525831,23407888,3608593,1802698,198826304
238801908,23647275,3645331,1821096,199449709
240503213,23542656,3629676,1813146,200931012
240289240,23379237,3603630,1800368,200426295
241142563,23273457,3587641,1792284,200676292
236917241,23111847,3562332,1779758,197691380
240828832,23777130,3664631,1830954,200748409
241232919,23384237,3605553,1800999,201036171
240282257,23219284,3579030,1788065,199988472
239392704,22976264,3540978,1769218,198997969
238757643,22955277,3538861,1767848,199397344
240533664,23194010,3575501,1786222,200698266
238025923,22899855,3529886,1763484,198446137
238803137,22899769,3529951,1763491,198485495
240387946,23411976,3610119,1803682,200461744
236774162,23486313,3620300,1808186,196814699
239293529,23327295,3595923,1797139,198984611
239704021,23245294,3583019,1789358,199656083
240305037,23220300,3579414,1788188,200002429
239653099,23135450,3565306,1781432,199120273
239683574,23195088,3575881,1786342,199475143
240324088,23102948,3561301,1779408,200038711
240130277,23040601,3550945,1773924,199872923
239003051,23010171,3547735,1772152,199035167
240055110,23197200,3577622,1787588,199900645
238150805,23056889,3552539,1774462,198061554
240693168,23143299,3569159,1783399,200316496
240065043,23136962,3564879,1780613,200580383
241239508,23325207,3595209,1796193,202352473
240503481,23089532,3559892,1778256,200348063
239592181,22898567,3529429,1763337,198931165
240543913,23215678,3577717,1787651,201133730
237695345,22827014,3520245,1758214,197200509
240313109,23431275,3611508,1804373,199905693
240513328,23941012,3690696,1843727,200933673
238488489,23434163,3612522,1804676,198546162
239292268,23266929,3585181,1791479,199656671
240653615,23166061,3570841,1783968,200396103
240193223,23089412,3559782,1778228,199400183
240049691,23087813,3559213,1778041,199977012
239045961,22900879,3530324,1763625,199178114
239419833,22979792,3542252,1769650,199401517
239842811,23084116,3557768,1777559,200058377
238909294,22986376,3545660,1771471,198387453
240380197,23266137,3583894,1790379,200099586
236831031,22720482,3504916,1751025,197068953
238902304,22896055,3527515,1762031,198684640
238985998,22901391,3530478,1763661,198618142
240540205,23061841,3555363,1776089,200192555
240491181,23080060,3556269,1777065,200487519
238304623,22822198,3518495,1757630,198789726
239808973,22955448,3538962,1767897,199351735
240097358,23035398,3551340,1774046,199708334
237050291,23274489,3587991,1792411,197541995
238992863,23109447,3561384,1779458,199758047
238324156,22845617,3521418,1759277,198510530
240090179,23063241,3555840,1776244,200063298
238843049,23002091,3544725,1771164,199199916
240190258,23112871,3562697,1779870,200092105
240791052,23166485,3570998,1784024,200672401
240339624,23066362,3557061,1776634,200332729
240508920,23140874,3567338,1782121,200648092
239572822,23186920,3572810,1785306,199539001
239141257,23090860,3560350,1778403,199369360
238316495,22766177,3509214,1753191,197872447
236885315,22820966,3517997,1757466,197912751
239177221,22950325,3537108,1767252,199040951
240829298,23226259,3582606,1789930,200176319
240772817,23267929,3584546,1790570,200530105
240355626,23411473,3609951,1803163,201248836
240202630,23216907,3578165,1787757,199691868
238797688,23756537,3662775,1830436,198472372
239900701,24710707,3808573,1902096,199865033
237296261,23854835,3676086,1836814,197588902
240098004,23650467,3646528,1821491,199436451
237574948,23191016,3574352,1785826,198253410
240372924,23384245,3605584,1801014,200376287
241114345,23259295,3585137,1791454,200676343
239956154,23257705,3584744,1790641,199550178
239291825,23032254,3550125,1773656,199087893
239671145,22981392,3542843,1769852,199293216
238567687,23036982,3551912,1774248,198568106
238534272,23032014,3550034,1773608,198722087
240858923,23115383,3563697,1780200,200510595
239869135,23166133,3570874,1783976,199864866
237979219,22873756,3526023,1761519,198545300
239910773,23057185,3553623,1775508,199930151
239340442,22978360,3541685,1769462,199281504
239846439,23007276,3546673,1771800,199515076
239705491,23117951,3564605,1781446,199829082
239506863,23033726,3551635,1773906,199149979
240323947,23399082,3604290,1800612,200032223
239932337,23168717,3571848,1784307,199438721
238978907,23007139,3546611,1771796,198800490
239592250,22980560,3542522,1769746,198987285
237663449,22716994,3502573,1749588,197298294
240477493,23086021,3558537,1777808,200429761
240405857,23166981,3571190,1784078,200811063
240220710,23134906,3565115,1781370,200405656
240370178,23088508,3559456,1778129,200143705
240323002,23195968,3576209,1786433,201377529
239813501,23059401,3554462,1775764,200019476
238980622,23060745,3554874,1775920,199823189
240133933,23163822,3570124,1783730,200913781
239459328,23009035,3547268,1771988,199555340
237655601,22952501,3537936,1767538,198865217
239749316,22898279,3529294,1763276,198773609
240124007,23037022,3551912,1774255,199743174
240042143,23160917,3568960,1783332,200175433
239942896,23199768,3577643,1786915,199280052
239621415,23191064,3574338,1785820,199559663
239273626,23223405,3580574,1788599,199962822
240236011,23217764,3578534,1787878,200873755
237527957,22898631,3529450,1763358,198829124
239205666,23089188,3559767,1778232,200047014
237026410,22842800,3520216,1758875,197917468
239770898,23090053,3560107,1778323,199926706
239662844,23108751,3561164,1779394,200005299
240228527,23168501,3571752,1784266,201090229
239958160,23060425,3554873,1775933,200050420
239639046,23057945,3553891,1775567,200168123
239101438,23066969,3557221,1777680,200012604
239992970,23192312,3574835,1784995,201121003
239248765,23109455,3561390,1779437,200286543
239282654,23032959,3550444,1773751,199753723
237951903,22877179,3527311,1761934,198603004
241052841,23136587,3565711,1781577,200640011
241244644,23358026,3601652,1799012,202204805
239522644,23377781,3603185,1800214,200541557
238817693,23138439,3566384,1781790,199923115
239021520,22927893,3534588,1765723,199385109
239420275,23060803,3554897,1775959,199760415
238802617,22820286,3517760,1757363,198163174
238022424,22795635,3514347,1755599,197898400
238900027,23003979,3545473,1771403,199804458
236863745,22628809,3487171,1742416,196739448
239723811,23118447,3564809,1780598,200565525
239677170,23006459,3546384,1771708,199468668
238619442,23006323,3546338,1771679,198935364
240515103,23166206,3570927,1783989,200839833
238933519,22871316,3525081,1761182,198741969
238767416,22932962,3537451,1767361,199005154
240782929,23244750,3581758,1788980,201241401
238730638,23138810,3566544,1781859,199259086
238765187,23034990,3551198,1773994,199048694
237095872,23163845,3570039,1783676,198410710
240594914,23645683,3644729,1820920,200646994
240777767,24397231,3761670,1879013,200766921
239543381,24120833,3717007,1857294,199971925
238852315,23272921,3587358,1792204,198656293
238398615,23406128,3607861,1802445,198651784
240228450,23303687,3593068,1794820,200368788
241054033,23355994,3600812,1798741,201201880
238068166,23029926,3549353,1773389,198567970
239516006,23112879,3562712,1779876,199722421
238165518,22900975,3530358,1763636,198325294
239817610,23037054,3551916,1774251,199645413
238905930,23026414,3547919,1772902,199137102
239461677,22959541,3540567,1768401,199279491
241075327,23114808,3563446,1781048,200326506
239464392,23032886,3550385,1772822,199934094
240137824,23112079,3562363,1779774,200208629
239678766,23113927,3563105,1780017,200252365
239012011,22951725,3537615,1767421,199335078
241147692,23270113,3586343,1791871,201398394
236578595,22713442,3501236,1749136,196742962
239537341,23113223,3562880,1779950,199063176
239456620,23118759,3564896,1780613,199598796
239758730,22951109,3537352,1767343,199275996
239448128,23029622,3549189,1773335,199583462
238369979,22959758,3540619,1768416,199096412
240565188,23028336,3548672,1773191,200228206
238963730,23007579,3546737,1771798,199613267
237819085,22798539,3515542,1756564,198111757
238792822,22946005,3535418,1766123,198836305
238720611,22907431,3532772,1764421,198625262
240705222,23109327,3561348,1779449,200267099
238948085,22925642,3533746,1765452,198785553
240021865,23033022,3550423,1773740,199725054
241043872,23140770,3567275,1782089,200558044
238728765,22902127,3530794,1763791,199211390
237513982,22739021,3505247,1751158,198658122
238894506,23005436,3545661,1771468,199475448
241070638,23246638,3583485,1790228,201884905
238736157,22879116,3528019,1763179,198963825
239928134,23404024,3607160,1801232,200508682
240939286,23407832,3608439,1802650,201621700
240576181,23354882,3601531,1799654,201685657
239470575,23079356,3555011,1775945,199759766
239992756,23196297,3576374,1786503,200740448
239670304,23064273,3556289,1777377,199951635
238608395,22925097,3533460,1764391,199247803
239666312,22896362,3528619,1763039,199208608
238341349,22931026,3535709,1766113,199047100
237806614,22740085,3505370,1751203,197449120
240370186,23056513,3553341,1775398,200050158
240247861,23005635,3546055,1771606,199959213
239726086,22981248,3542770,1769819,199488861
239526816,22953373,3538190,1767621,199545769
239307322,23058634,3554184,1775672,199527005
239262809,22984152,3543898,1770197,199121440
238190119,22768272,3510063,1753441,198369855
239623562,23033654,3550640,1773824,200078334
240663403,23113703,3563048,1780000,200232180
237537319,23080684,3556473,1777127,198504867
240574566,22983072,3543486,1770061,199492084
240295012,23141234,3567466,1782161,200842019
239824155,23058601,3554103,1775662,199947169
239083908,22899247,3529729,1763410,198895059
239850838,23032903,3550353,1773732,199639087
238703203,22901711,3530649,1763740,198523033
239084406,22900321,3530107,1763572,199660890
238933630,22977688,3541432,1769378,199439113
237654782,22744597,3507060,1751765,197550556
237452128,22737333,3504281,1750857,197256066
239069245,23009211,3547392,1772047,199311284
239951614,23060593,3554862,1775898,199547028
239484022,22899791,3529956,1763487,199116700
240477104,23139762,3566927,1781997,199912592
240835070,23241110,3581248,1789480,200889242
239906741,23146322,3569416,1782803,200203731
237980863,22868524,3524089,1760854,197703426
239525345,23274650,3588013,1792431,199001689
241073175,24076067,3711947,1854215,200636412
236553651,23220187,3579445,1788215,196936228
239279233,23378869,3603522,1800339,199271868
239132708,22982784,3543328,1770310,198493507
239921835,23295732,3590126,1793506,200094455
239156434,22984144,3543848,1770177,198727229
240063233,23027014,3548211,1773013,199782800
241223317,23168381,3571687,1784247,200798135
238956057,22904697,3531737,1764126,199151190
239226431,22980992,3543642,1770797,199649712
237279676,22845857,3520506,1758306,197866545
237132896,22843201,3520474,1758981,198066231
239293824,22956229,3539293,1767983,199583158
239661774,23006635,3546418,1771725,200210658
238933456,22901399,3530493,1763650,198826073
238825523,22925995,3533863,1765512,199158061
240250498,23140802,3567294,1782092,200429310
241042551,23162149,3569401,1783488,200460198
238380580,22815099,3516567,1757004,198549652
239812501,23092759,3560288,1778382,199479251
239236620,23061593,3555261,1776046,199569787
236884468,22843209,3520521,1758988,197885686
238838069,22863780,3525091,1761205,198636629
239748205,23121695,3563205,1780040,200187705
239036907,23038430,3552439,1774416,198769686
239432015,23003587,3545257,1771328,199444163
239887753,22979560,3542179,1769636,199384231
239111743,22991586,3545657,1771476,199362152
238533057,22916267,3531227,1763943,199202741
239228040,22957133,3539610,1768090,199405399
237148073,22788099,3511524,1754610,197904607
238848452,22849473,3522857,1759787,198439189
239171735,22979776,3542241,1769629,199211257
238992800,22955549,3539027,1767906,198913659
239308715,23005379,3545967,1771554,199603351
239552976,22978928,3541887,1769563,199670480
240612317,23088876,3559612,1778174,200480661
239579732,23062481,3555621,1776123,199921265
239285397,22973240,3539753,1768848,199307835
239781971,23013267,3548886,1772539,200008069
239973399,23056906,3553539,1775473,199971852
238221775,22777656,3512007,1754767,197954590
240007034,23106151,3561727,1779894,200093752
240087962,23079452,3556078,1775991,199623312
239513249,23089100,3559686,1778190,200080113
240488318,23111999,3562298,1779761,200943845
239659553,22986664,3545850,1771528,199318651
240691606,23081004,3555665,1776182,200508969
238818082,22873519,3525998,1761525,199364207
240980776,23065209,3556595,1776480,201214670
237757058,22843449,3520503,1758957,198159628
237129681,22664108,3494734,1746559,197014010
240193990,23086300,3558408,1776853,199984319
240363776,23134818,3565079,1781352,200553041
240451698,23197336,3576721,1786617,201150132
240438387,23086092,3558552,1777797,200470644
239164442,22979416,3542111,1769630,199291341
240123244,23221820,3579985,1788374,200432282
237829951,22788547,3511784,1754718,198076434
239177188,22952205,3537785,1767478,199131538
240351013,23034774,3551120,1773968,199971265
237843215,22957005,3539515,1768057,198767919
238984888,22976960,3541242,1769316,198827292
239238468,22980072,3542328,1769675,199226626
240752288,23143938,3568434,1782456,200758549
239195612,23083052,3557440,1777470,199983374
238747480,22903967,3531436,1763990,198852578
239643360,22978008,3541546,1769419,199576556
239171129,22928308,3534719,1765808,199439745
239723705,23139714,3566942,1781957,200443295
240958328,23273946,3587707,1792331,201280967
233520214,22656244,3491621,1744583,194857909
239967716,23247758,3583828,1790348,200477955
239324378,23085316,3558281,1777706,199799278
239323270,23198216,3577069,1786751,199057374
239738136,23453398,3613842,1805807,199460849
239208078,24037218,3706617,1851752,198475787
240436974,23659665,3646630,1821536,199651894
239478846,23244446,3582581,1789943,199236088
239600202,23118199,3564724,1780552,199069010
241208650,23187305,3572969,1785348,200462178
236917576,23038654,3552548,1774467,196776200
239421847,23084916,3558044,1777649,199351944
240681113,23250910,3586019,1791746,200677521
239574338,23032278,3549219,1772652,199403717
240226248,23135578,3565361,1781473,200263838
240816055,23088868,3559586,1778127,200491854
239889334,23167583,3571423,1784215,200715429
238490036,22819559,3517418,1757262,198485909
241053259,23136450,3565766,1781597,200616611
239487175,23039230,3552738,1774497,199491258
236458575,22599846,3482218,1740086,196561869
240198266,23034486,3550931,1773920,199937027
240173813,23093676,3562361,1779771,200148180
240822225,23159330,3567414,1782127,200466966
239759173,23118378,3564781,1780578,199736502
239327843,23081708,3556913,1777273,199539834
239073104,22956390,3539360,1768019,199047068
238066787,22820246,3517732,1757340,198528104
239443831,23058129,3554003,1775648,199142290
240386619,23198064,3576910,1786673,200288571
238309191,23002195,3544696,1771159,198547618
240430074,23059241,3554421,1775746,200322017
239796948,23005763,3546138,1771627,199547924
239015642,23012483,3548594,1772453,199526868
239759410,23005091,3545835,1771519,199726538
240157290,23008435,3547095,1771945,199957649
239072622,22900321,3530073,1763592,199046102
239088951,22901528,3530549,1763700,199184897
239728245,23056449,3553334,1775397,199907336
239741470,23032854,3550333,1773706,199736748
236280393,22635777,3489817,1743296,196811549
239704783,23109439,3561357,1779434,200243413
240718371,23173077,3574545,1785878,200296730
238920117,23135770,3564421,1780458,199387156
238756678,23009827,3547631,1772134,198989054
239494626,23026878,3548104,1772967,199590791
239701941,22983056,3543480,1770063,199744741
239682364,22950550,3537184,1767279,199410060
239883204,23088180,3559368,1778084,199127374
239925651,23035902,3551507,1774116,199450179
237217142,22765488,3508984,1753061,197733520
239629854,22984152,3543829,1770200,199520418
239298227,23016558,3547919,1772910,199401096
240033630,23018747,3547319,1772026,199839210
240250192,23034526,3550931,1773911,199956785
240020885,23090188,3560159,1778364,200151740
240110545,23080326,3556344,1777102,200135297
239022674,22854553,3525921,1761470,198972505
241124973,23059954,3553856,1775757,200271404
239191298,23032214,3549733,1772639,199471804
236299525,22653668,3490589,1744223,196767868
239577822,23092124,3560824,1778591,199772174
239635579,23104684,3560819,1779229,199816970
240396033,23201179,3576989,1786703,201202283
240311345,23063121,3555811,1776220,200402048
239905637,23112767,3562645,1779902,200124109
239953430,23057010,3553602,1775469,199962084
238845543,22845481,3521272,1759237,198625888
239488693,22981544,3542922,1769885,199489069
239401335,23084468,3557954,1777623,200140991
237805098,22714354,3501586,1749248,197931126
239653829,22988376,3545354,1771377,199590822
239353659,23000211,3544100,1770272,199849068
238927425,22899039,3529613,1763383,198662665
240024232,23063681,3556064,1776300,199972507
240160558,23161157,3569009,1783362,200377921
239203447,23009237,3547379,1772066,199030550
239397216,23034174,3550894,1773883,200011375
240257477,23116400,3564024,1780632,200360768
240963381,23197419,3576420,1786900,201010539
236277378,22865945,3523403,1759953,196610865
238729936,23559119,3631143,1814300,198673534
239111307,23332847,3596901,1796780,199401568
240052705,23299799,3591576,1794278,200134993
240288454,23114007,3563141,1780040,200217524
240961794,23191992,3574723,1785940,201173073
239743399,23149588,3570343,1783789,200002280
239868220,23078971,3556097,1776310,199312661
239584851,23009915,3547669,1772165,199726889
239620629,22954213,3538575,1768417,199337861
238667301,22976984,3541198,1768613,199105291
240486257,23143002,3568116,1782353,200730659
240526867,23084820,3558086,1777699,200705657
239311640,23005739,3546081,1771589,199134952
238931977,22897991,3529218,1763258,199210648
240289280,23052119,3553726,1775521,200081572
239564147,22939887,3537040,1766576,199045121
239660183,23060233,3554741,1775845,200053352
238363645,22813958,3515405,1756624,198433619
240061997,23166165,3570928,1783994,200659157
236258686,22686271,3496934,1747028,196658908
240678864,23082349,3558596,1777834,200040785
241132225,23092859,3559534,1778144,200688503
239148219,23009891,3547705,1772128,199907728
239584234,23006996,3546558,1771781,199541727
240755821,23136890,3565812,1781629,200859598
238940479,22877900,3527603,1762025,198925457
239792123,23031302,3549728,1773520,199989023
239733941,22876620,3527085,1761839,199392931
239312569,22945997,3535545,1766752,199148190
236811441,22819870,3517548,1757320,197904458
240254945,23089252,3559815,1778234,200204101
240420684,23007275,3546660,1771808,199916528
240121810,23006236,3546219,1771650,199826406
240163044,23032238,3550181,1773667,199748055
239239989,23010499,3547873,1772213,199648882
239704731,22949847,3536856,1767187,199437293
240613477,23061425,3555230,1776028,200351931
239083377,22928506,3534792,1765794,199631258
241074261,23142546,3567974,1782326,200765826
235343184,22576371,3479311,1738421,196182162
239824439,22970573,3541011,1769246,199399188
239766558,23149245,3568113,1782370,200696886
238865130,22957254,3539722,1768104,199115374
240112961,23087836,3559189,1779039,200012404
240448801,23164221,3570229,1782769,200509407
240111847,23029430,3549101,1773304,199850213
240406487,23036590,3551764,1774197,200123228
239905886,23035606,3551363,1774049,200381464
239961594,23034335,3551996,1774924,199846186
237454041,22736636,3502981,1749745,197201433
240124123,23035271,3551319,1774043,200150132
241017137,23138962,3566569,1781859,200695516
234223017,22740709,3505619,1751286,194916913
240165453,23142402,3568712,1783281,200434818
241240135,23213595,3576064,1786365,200897006
239239338,23059563,3554453,1775795,199459873
239844457,23088932,3559626,1778193,199660551
238484330,22878597,3528773,1763090,198523499
238104863,22866971,3522520,1759673,198447065
237534817,22820663,3517922,1757437,197734572
240218162,23140786,3567318,1782113,200262107
239082572,23057177,3553551,1775457,199191088
238973920,22853969,3524485,1760318,198543347
239124254,23084396,3557935,1777621,199517323
239346063,23009811,3548585,1773120,198939403
238665112,22979032,3540963,1768540,198907950
238905401,23054433,3552597,1775157,199140030
238997455,22872572,3525597,1761366,198879002
237268617,22905039,3531836,1764130,198348776
241214431,23325503,3595361,1796242,201594676
240966660,23142786,3568019,1782342,200548435
239972487,23194512,3576615,1787260,200517948
239452376,23025671,3546705,1771813,199458603
239375853,23147714,3570885,1783956,199509031
238972952,23106935,3559568,1778185,199156550
239194213,23144724,3568723,1782589,199109773
239219795,23634371,3642730,1820237,198978153
238079184,23067745,3555353,1776066,198487232
238801547,23089908,3559938,1778281,199055254
237283274,22899423,3529781,1763439,198065463
238940629,23059625,3554499,1775799,199037234
239853550,23116223,3563951,1780295,199842105
240239037,23168029,3571729,1785228,200220270
239448213,23162861,3569568,1782575,200054179
238735916,23004275,3545562,1771436,198849017
239859398,23088388,3559380,1778096,199297117
238875347,23032798,3550354,1773720,199271992
238866304,22901079,3530374,1763643,199232444
237169608,22711706,3500626,1748949,196909264
238797378,22899951,3529954,1763501,199039078
239682626,23115463,3563696,1780198,200258950
239813691,23111543,3562195,1779712,199991998
239005353,22983784,3543773,1770179,198987199
240696155,23168718,3571878,1784289,200644943
239416635,23000803,3544211,1770999,199043684
239448344,23142164,3567784,1782281,200017371
241210479,23223011,3580470,1788546,200946833
240473244,22976816,3541145,1769290,200488342
236756263,22716946,3502547,1749583,197386656
237951397,22923138,3532784,1765132,198496901
240690624,23116615,3564109,1780348,200476028
239392393,23088300,3559329,1779068,199812605
239842420,23134747,3565072,1780376,200150520
240438741,23170437,3572519,1784499,200678836
222859374,22261919,3432886,1715465,185460465
239877154,23082196,3556219,1776342,200516147
239950801,23058769,3554211,1775681,200174956
239691691,22878961,3527958,1762255,199646816
236662555,22708133,3499275,1748400,196990391
239436462,22983832,3543727,1770134,199433169
241007398,23110007,3561584,1779509,200831338
239241479,22956718,3539488,1768054,199164029
240699846,23030006,3549329,1773366,200249609
238809427,23006923,3546568,1771776,199428032
239472134,22900511,3530177,1763581,198188615
239993160,22981090,3542695,1769821,199462820
240077576,23083932,3557710,1777542,200238802
238823248,22952957,3538120,1767597,199564630
237369167,22746653,3507836,1752022,197572655
238416188,22872084,3525378,1761282,198412228
240414922,23085084,3558175,1777709,200115357
239443337,23056689,3553409,1775537,200005874
240810075,23091933,3560777,1778438,200754441
238774663,22948477,3536353,1766998,198838100
239394011,22952869,3538057,1767568,199529686
240502997,23065790,3556854,1776573,200388015
240800718,23168640,3572757,1785295,200992626
238748171,22923314,3531898,1764141,199256605
237264371,22714922,3501814,1749346,197354329
241058522,23190736,3574210,1785763,201455097
239807499,23003988,3545470,1771415,199976276
239627178,23009083,3547349,1772000,199837007
239115607,22849417,3522777,1759771,199358144
239331440,23035126,3551227,1774012,199763588
241186117,23191736,3574613,1785906,201209417
240487502,23088326,3559387,1778126,200445911
239360534,23033374,3550536,1773769,199530912
238950228,22951565,3537566,1767404,199521819
236471694,22635457,3489642,1743235,196896077
238005081,22895455,3528273,1762943,198726088
241205423,23139195,3566675,1781880,200946457
240144884,23010459,3547856,1772193,199307544
238791762,23002043,3544725,1771187,198729654
239014173,23010907,3548007,1772246,199360023
240380042,23190464,3574157,1785761,201457570
239383397,22953397,3538263,1767613,199519117
239533569,23038006,3552276,1774376,199948528
239465690,23033334,3550445,1773766,199992788
236753617,22712506,3500919,1749038,197035427
240085619,23164021,3570161,1783724,200312005
239398621,23064569,3556378,1776430,199483359
240088484,23165118,3570534,1783874,199875607
238325202,23374325,3601856,1799754,198166295
239808684,23141514,3567569,1782187,199514938
239531290,23170389,3572483,1784519,200134439
239693278,23110129,3561689,1779575,200484564
239664278,22903951,3531435,1763996,199124010
238785418,22871820,3525319,1761274,198554663
237339403,22689887,3498314,1747492,197230867
240550614,23113703,3563031,1779976,200469509
218757384,22046511,3398317,1697769,182590371
240664411,23294540,3589646,1793638,200097012
239549279,23063369,3555919,1776264,199789686
240646264,23115336,3563616,1780187,200847744
241043534,23192608,3574982,1786026,201277046
223154905,22441428,3458043,1727911,186632277
238759068,22929666,3535300,1765973,198961043
239407996,22902735,3531018,1763850,199130366
237338309,22792675,3513273,1755204,197905174
239464308,23031846,3550017,1773607,199958235
239318865,23010507,3547827,1772199,199651690
239737772,23160341,3568770,1783264,199607169
240529125,23061570,3555267,1776056,200303816
239559875,23064097,3556169,1776341,199753451
239593971,23002651,3544886,1771200,199713820
239462623,23065155,3556590,1776513,200050906
220735996,22340616,3443836,1720773,184859695
238871802,22947797,3536175,1766606,199534489
237094974,22690655,3498571,1747576,197348510
240715520,23188384,3573351,1785481,200737208
239229991,22953965,3538448,1767704,199528363
239110890,22979760,3542219,1769659,199348499
239776327,23011499,3548262,1772330,200259971
238947922,22976816,3541134,1769275,199382696
239088130,22928963,3535006,1765871,199450800
238888891,22949653,3536736,1767113,198907700
239268518,23066225,3557086,1776633,199903211
238588910,22897151,3528907,1763155,198861687
237080026,22789762,3512193,1754871,198279724
239201006,23118712,3564922,1780634,199809089
239598067,23030990,3549632,1773472,199386752
239075700,23035182,3551289,1774029,199436505
239734219,23058465,3554066,1775616,200220454
240666049,23098407,3561453,1779487,200416043
239978851,23020867,3547535,1772107,200130116
239425190,22927356,3534338,1765670,199096471
240027236,23060633,3554916,1775919,200282513
238208988,22978552,3541731,1769481,199609704
237302343,22765792,3509152,1753148,198002893
238965435,23159314,3570664,1783905,199347303
237292317,22854236,3522291,1759578,198024011
240631960,23131355,3566509,1781848,200800650
239387344,22890298,3529956,1763499,199169549
239677341,23029872,3548738,1772493,199978127
240690618,23135162,3565215,1781409,200864644
239263891,22905919,3532214,1764253,199144129
240039271,23082068,3556993,1777313,200372628
239139255,23058817,3554272,1775678,199917170
237133901,22794963,3514108,1755492,197864480
220394247,22151651,3414260,1705821,183302457
239199456,22956301,3539299,1767988,199347696
239980869,23037878,3552164,1774697,199693477
238901695,22844409,3520891,1758780,198555251
239811577,23084524,3557935,1777622,200039957
239053423,22954182,3538496,1767731,199353629
239371065,22982674,3543277,1770003,199286308
240784328,23240702,3581182,1789488,201327803
240483702,23063649,3556019,1776295,200250874
236496656,22873756,3526006,1761529,197204736
240497566,23074988,3557120,1777344,200138510
238881769,22961149,3538390,1767678,198958198
239628785,23067961,3558497,1777809,200226640
240131640,23082597,3556312,1776407,199949652
239370013,23088476,3559391,1778073,199577132
239228124,23161885,3569327,1783482,200369282
240018595,23167517,3571310,1784153,200290555
240537631,23301444,3592186,1794505,200154631
240907206,23300252,3591766,1794362,200122160
235815617,23434859,3612705,1804771,195531675
239399728,23275601,3588456,1792570,199314610
239310319,23214163,3577083,1787410,199147501
240006726,23013387,3549893,1773570,199545646
239027594,23159102,3567286,1782118,199660616
241053014,23147290,3569712,1783907,200874064
241008233,23213267,3576713,1786321,200842776
238770397,23035656,3551376,1774091,199839271
239851905,23274337,3587862,1792372,200224438
240274826,23803629,3668637,1832999,199722457
236466804,22825486,3519649,1758026,196605524
239486212,23059569,3554500,1775793,199576909
238951099,22926763,3534092,1765584,199043946
240771063,23296988,3590458,1793935,201523000
240952393,23223275,3580492,1788572,200961176
239705273,23029966,3549287,1773362,199648679
239593019,23033278,3550517,1773773,199880748
240051983,23142938,3568028,1782360,200551872
239589058,23162790,3569656,1783572,200214561
238871584,23118735,3564869,1780630,199259226
236129385,22869331,3524324,1760951,198084595
232467861,22686743,3497131,1747081,193740345
241037660,23110712,3561934,1779627,200385474
240932768,23116839,3564213,1780393,200895144
240248835,23058753,3554168,1775680,199620836
240045740,23117887,3564563,1780490,200154457
240728629,23194264,3575569,1786500,200824599
239996957,23135581,3565272,1781184,200102645
239736950,23194272,3575586,1786237,199392559
239510624,23033558,3550677,1773825,199754335
237828056,22716194,3502271,1749495,197412351
240426577,23029934,3549276,1773357,199827639
238934187,22952957,3538033,1767574,199435320
221733194,22397534,3453445,1725003,185274446
239337506,22974088,3540030,1768894,198978732
240553732,23065234,3556737,1776528,200444920
239097241,23028078,3548491,1773120,199341729
239469703,23010531,3547927,1772223,198565227
239328972,23137722,3566145,1781712,199692805
241220531,23138090,3566271,1781766,201031833
235540905,22502562,3469238,1733009,195852670
240150782,22978872,3541953,1769563,199626216
239802755,22981032,3542667,1769787,199302611
239014977,22904671,3531765,1764099,199280997
239802100,23107479,3560698,1779218,200395336
240286908,23007084,3546571,1771772,199907499
240300281,23116857,3564143,1780387,200105221
240541413,23298316,3591076,1794131,200431589
239916407,23166365,3570997,1784017,200270921
239217037,23089452,3559791,1778220,200091579
236214386,22634673,3489301,1743143,197100578
240533411,23085956,3558596,1777829,200820235
238988177,23002779,3544951,1771232,199395483
239238276,22933202,3537502,1767355,199465080
241035816,23166614,3570493,1784056,200854210
239514905,22926258,3533557,1764526,199153910
239287497,22977136,3541326,1769345,199387316
240532645,23084532,3557874,1777600,200278707
239165358,22929202,3534983,1765839,199309222
240521052,23062539,3555665,1776182,200307012
235388003,22453336,3461580,1729781,196235133
239166072,22998279,3544361,1770358,199457088
239625091,23004611,3545659,1771461,199847253
240261293,23032838,3550352,1773711,199875691
240916991,23004516,3545546,1771419,199762532
239441950,23060425,3554835,1775922,199805067
239435166,23090799,3560327,1778434,199909491
240001905,23057217,3553647,1775509,200385935
240170418,22982960,3543425,1770029,199865523
240445309,22875732,3526758,1761765,199759311
236945651,22685535,3496687,1746929,197315434
239327551,23088884,3559550,1778163,199919080
238974873,22952590,3537984,1767558,199521106
240922025,23136050,3565507,1781473,200616071
240871553,23164093,3570148,1783755,200358159
240342017,23328959,3596599,1796647,199593173
239405525,23140730,3567234,1782090,199465516
240624029,23270242,3586434,1791879,200612111
240007401,23193520,3575274,1786134,199991259
239949408,23139882,3566989,1782007,200043332
239077781,22874636,3526340,1761608,198925013
239874467,22985400,3544335,1770355,199514310
240713998,23058129,3553961,1775593,200105920
238783769,22975736,3540742,1769160,198854125
239956306,23062250,3555492,1776110,199640790
239748197,23462686,3617372,1806984,199371156
240514566,23142676,3567956,1782674,200033780
240184888,23106847,3560491,1778827,200129378
240400122,23185896,3574727,1785929,200918544
237003384,22749261,3506491,1751598,196975999
239874009,22953053,3538035,1767553,199473601
239002379,22792859,3513408,1755246,198235935
237823768,22851025,3523391,1759954,198972063
240290016,23088925,3560529,1779150,200410883
239543851,23030382,3548536,1772409,199747263
239387986,22976008,3540805,1769194,198746403
239583341,23034214,3550885,1773871,199383452
240037661,23039702,3553876,1775602,200246146
241134983,23082796,3556377,1776409,200555719
237876770,22816974,3516480,1756937,197999393
238447909,22901431,3530579,1763738,198775951
239643390,23058465,3554060,1775624,199661535
239879370,22926426,3533933,1765531,199445007
240187527,23065642,3556830,1776556,199881648
240928940,23221491,3579887,1788339,200696729
240768055,23135098,3565141,1781397,200392888
240858182,23114617,3563342,1780130,200689917
239315670,22953317,3538180,1767600,199097628
239204979,22953997,3538503,1767718,199292380
238687948,22979936,3542268,1769665,199168232
240020462,22949870,3536951,1767169,200164799
240428557,22928706,3534841,1765843,199790307
239632270,22903503,3531346,1763962,199279903
240555719,23033934,3550726,1773848,199673717
239239017,23005059,3545817,1771497,199732740
239440855,23004795,3545730,1771525,199954512
238811698,22900872,3530328,1763618,198650041
240231384,23114943,3563517,1780159,200452531
239367453,23031758,3549948,1773560,199617766
236494493,22619227,3487642,1742579,196586495
239893260,22991446,3542516,1769725,200014265
239174008,22934122,3536908,1766888,199224351
238815451,22975512,3540623,1768747,199009389
238617519,22984192,3543817,1770171,198805830
239955427,23086116,3558651,1777851,200003884
240044718,23084556,3557970,1777623,200159760
238780948,22806486,3516040,1756848,198322965
240120367,23098550,3559747,1778212,200684591
239087987,22925722,3533762,1765470,199035369
236689143,22660364,3493128,1745076,197155431
239253749,22928498,3534749,1765788,199716767
239353585,22902895,3531086,1763853,199511691
237612912,22847721,3522160,1759558,198200489
239598617,23003980,3545421,1771388,199897808
239056844,23142410,3567919,1782317,200496608
239535969,23107967,3560874,1779255,200676766
238704529,22983520,3543612,1770114,199272656
239572851,22902823,3531029,1763862,198989711
240198720,23027670,3548455,1773075,199871105
237373718,22826438,3520615,1759147,198185084
238940363,22892412,3526579,1761586,198798361
239918488,23060420,3554813,1775874,200089299
239109412,23012427,3548555,1772425,199392142
240583656,23027302,3548313,1773055,200209827
239119881,22957341,3539686,1768112,199169120
238793245,22926642,3534103,1765567,198694007
239039276,22817720,3516788,1757090,198224962
239781121,23007212,3546602,1771789,199858744
238881411,22902079,3530806,1763788,198617281
237750286,22953420,3538214,1767624,198718243
238825670,22875317,3526646,1761703,198639365
240441282,23295764,3590040,1793795,200273261
237396427,22822806,3518732,1757722,197563950
238529312,23008539,3547137,1771964,198938515
239553113,23113879,3563048,1779996,199776246
240852165,23214611,3577302,1787495,201204866
238233918,22901095,3530417,1763645,198831337
239475111,23089972,3559975,1778287,200224346
239026037,22980344,3542481,1769735,199581674
237123235,22791427,3512852,1755077,198026625
237922025,22846585,3521649,1759361,198197790
238917114,23170965,3572726,1784593,198523440
239078814,23001827,3544632,1771130,199149647
239751710,23032662,3550293,1773695,199623789
239609172,23011067,3548067,1772283,199960451
239787897,23085460,3558372,1777745,199913690
239023837,23030113,3549349,1773423,199757041
239730575,22927346,3534324,1765607,199705381
240397796,22926834,3534166,1765587,200041536
237951114,22871692,3525258,1761268,198351754
240014055,23039510,3552825,1774556,200487130
239939078,23007411,3546726,1771802,199922825
238673690,22975568,3540634,1769135,199180873
239235551,22932426,3537205,1767290,199583760
239856657,23055673,3552095,1774306,200291580
239824974,23031199,3549813,1773525,200057213
239658761,22902383,3530866,1763803,198914931
239816934,23063689,3555977,1776295,199717996
239890634,22921618,3532260,1764944,199661053
238692157,22851217,3523435,1759967,198730485
240025498,23028926,3548919,1773224,200066241
240746157,23140082,3567004,1782017,201092432
239854331,23058698,3554232,1775670,200171896
239636315,23039454,3552790,1774552,200276660
240572309,23034430,3550879,1774891,200453718
240291094,23082308,3557218,1776366,200162139
239823184,22847671,3522062,1759544,199373374
240184129,23166673,3571174,1784040,201107158
240385561,23060258,3554660,1775878,200642852
237489463,22740524,3505629,1751284,198135072
240308514,23008020,3546928,1771880,200549824
239901475,22896767,3528786,1763124,199634786
239957829,22982584,3543249,1769970,200042970
235675802,22523533,3471251,1734390,195974409
224212628,22265303,3433352,1714879,187569055
238485713,22921106,3531977,1764877,199595968
240721811,23246542,3583356,1790180,202069277
238748443,22820846,3518022,1757472,198522970
239500986,23006987,3546546,1771777,199920556
238017855,22982376,3543142,1769945,198989019
239613496,23113847,3563123,1780019,200693623
238552265,22848049,3522280,1759585,199401812
240499378,23060458,3554810,1775869,200934575
239675187,23005523,3546107,1771629,200297087
239940249,23073788,3556749,1777228,200547632
239305671,23046294,3552513,1774436,199950011
239553749,23005893,3546132,1771653,200306872
240983362,23137226,3565999,1781669,201157355
240831298,23062913,3555727,1776186,200842204
238409664,23033302,3550508,1773759,199886942
239535059,23110399,3561796,1779594,200807596
239601570,23089581,3559872,1778257,200852853
239899889,23137274,3566022,1781661,200755915
238077271,22872868,3525659,1761403,198776625
240519764,23221563,3579917,1788362,201765267
240534606,23089012,3559674,1778183,200800524
240586538,23142458,3567895,1782300,200833817
240538242,23129244,3564435,1781147,200849057
239734626,23013954,3547724,1772152,199545430
238146315,22877612,3527478,1761989,198848113
240884713,23165269,3570570,1783885,201112614
240222550,23000731,3544247,1770997,200293798
239071146,23034758,3551035,1773934,199967291
239884947,23012251,3548578,1772438,200478458
240814048,23054561,3552612,1775166,200110543
240189163,23119912,3565680,1781752,200420926
240930421,23240344,3580679,1788450,201052694
240453161,23196176,3576324,1786474,200350216
240370826,23089732,3559926,1778250,200191960
237384649,22867084,3523542,1760712,198432175
239344659,22904215,3531491,1763973,199118937
238628368,22818558,3517128,1757206,199058121
240035422,22980808,3542646,1769778,199799886
238393562,22843017,3520414,1758960,198692763
239666067,23030419,3550988,1773936,200197918
239725685,22935486,3535784,1766120,199523291
239985499,23034374,3551016,1773932,199787680
240752395,23242430,3581844,1789685,200200978
240887243,23171389,3572878,1784644,201166844
237944608,22766808,3509465,1753258,197896061
239697035,22919578,3531465,1764699,199324504
238115323,22794307,3513908,1755407,198533902
239538243,22958373,3540117,1768241,199386756
239953681,23032726,3550259,1773713,200495856
239627554,22926451,3534029,1765539,199211158
240252938,23162509,3569583,1783544,200799284
239964275,22907217,3532710,1765439,199381094
241016049,23081332,3556707,1776199,200474026
239529430,23063305,3555931,1776270,200160842
238913619,22928626,3534811,1765793,199015345
239919070,23107679,3560698,1779228,200356726
238730179,22798523,3515534,1755955,198572661
239768422,22898320,3529307,1763295,199113683
239079127,22873124,3525855,1761455,198976248
239466151,23057465,3553723,1775517,200142298
239091791,22879500,3529162,1763221,199469276
240909747,23106239,3559275,1778078,200666121
240688957,23142498,3567957,1782318,201187048
239340702,22982232,3543115,1769941,199335740
236538880,22687887,3497560,1747221,197384128
239064534,22923426,3532902,1765194,199200706
238107812,22818390,3517013,1757111,198642822
240743811,23145770,3569133,1782725,200817624
240991856,23193337,3575260,1786113,201039701
240463771,23112375,3562498,1779828,200568073
239547931,23003691,3545275,1771344,199445408
239315018,22955807,3539212,1767962,199427770
239482970,23004987,3545725,1771511,199778260
240335202,23034846,3551158,1773981,200046009
238239097,22870820,3524948,1761156,198041977
239053236,22927730,3534509,1765666,198953257
239837473,23036454,3551664,1774188,200210692
240429160,23110592,3561888,1779605,200803972
237482343,22794083,3513814,1755399,198341516
240512464,23008483,3547152,1771963,199918593
241003920,23160845,3568880,1783304,200946591
240354521,23115711,3563783,1780258,200866257
238955726,22979048,3541993,1769555,199436152
240542325,23066953,3558144,1777696,200333698
236448393,22734357,3502252,1749472,196798870
238745817,22897871,3529246,1763274,198841346
239512356,22981528,3542882,1769857,200093724
239909077,22956894,3539565,1768063,199693642
240709215,23109047,3561318,1779419,200662728
240793883,23062217,3555418,1776095,200304135
239473366,23034246,3550994,1773939,199503142
240127626,23090086,3559949,1778311,200760295
241205137,23217547,3578381,1787832,201215455
240551926,23140859,3567335,1782113,200758169
237792840,22954876,3538819,1767817,198549909
240099507,23083805,3557733,1777558,200298274
239993502,23003115,3545079,1771273,200275920
239089850,22901927,3530665,1763743,199210583
238244703,22792651,3513339,1755230,198620330
238976124,22933402,3536581,1767386,198850960
239272128,22924794,3533379,1764334,199181432
238962713,22979632,3542203,1769639,199511108
240438525,23216867,3578146,1787763,200908541
238874955,23007907,3546916,1771896,199252921
236435597,22715962,3502164,1749440,196967975
238888078,22901983,3530756,1764779,198921604
238752861,23007115,3547542,1771781,199836239
238737438,23059273,3553385,1774734,199342960
239966862,23240470,3581198,1789465,199312051
239027160,23093604,3562116,1779753,199386900
240791675,23216428,3577141,1786691,200565343
240364638,23110137,3561732,1779573,200198569
239911732,23065265,3556664,1776499,199970713
239097838,23008691,3548141,1772971,199342181
238813257,22923978,3532167,1764248,198960983
241219504,23169221,3572664,1785378,201412923
238650355,22867396,3523049,1759714,199056627
240505943,23060817,3554963,1775946,200376764
238229854,23008364,3547056,1771941,198549733
240798677,23140842,3567321,1782071,201018921
238871907,23055521,3552994,1775304,199608826
240378303,23012867,3548739,1772482,199804830
240270434,23164933,3570429,1783852,200556242
240756889,23193672,3575398,1786156,200905184
238388344,22900791,3530200,1763587,198936280
239943303,23006971,3546607,1771782,199774892
239216895,22843322,3520532,1759008,199227084
240307431,22953717,3538380,1767677,199861041
240677599,23088916,3559510,1778132,200229012
239176212,22982152,3543148,1769942,199643984
241007754,23189256,3573669,1785586,200949478
240959377,23223117,3580521,1788598,201416920
239770433,23058514,3554079,1775647,200193447
238843770,22927874,3534592,1765711,199540209
240763629,23054849,3552676,1775190,200407216
239220357,22914262,3534026,1765548,199250360
238523477,22839122,3520268,1758228,198934985
238792819,22870964,3524976,1761149,198846589
237341841,22636721,3490159,1743416,197223040
238854762,22976256,3540859,1769195,199341674
238847744,23034390,3550999,1773891,199730741
241182698,23169069,3572002,1784380,201168795
240768709,23217899,3578543,1787891,201023592
237776639,22874460,3526280,1761598,198259547
239203179,23002843,3545013,1771255,199188777
240763803,23118256,3564752,1780580,200723398
239668606,23032438,3550216,1773654,199962341
240194957,23060481,3554804,1775878,200314683
238750145,22948685,3536519,1767057,199053874
238988917,23012491,3548614,1772453,199769970
240942052,23217787,3578494,1787896,201360772
240687005,23114553,3563299,1780111,200449343
241097115,23168950,3572932,1785314,200679127
236517282,22761399,3506486,1751602,197429707
240776183,23145475,3569973,1783671,200816801
241123752,23265177,3583584,1790261,201652497
238290995,22905087,3531912,1764141,199401727
239316795,23003779,3545279,1771360,199536263
237332055,22741181,3505720,1751338,198022985
240758729,23114095,3563261,1780063,200420401
239268386,22977856,3541486,1769403,199466497
240987910,23142019,3567781,1782249,200842736
239228537,23031822,3550023,1773599,199628121
238124320,22826046,3519974,1759097,198333490
240244420,23005347,3545857,1770570,199874094
240184856,23113999,3563144,1780039,200493023
240309947,22914303,3531423,1764673,199520284
239328153,22856364,3523399,1759948,198489401
239684682,23025390,3548995,1773260,199846521
240751212,23205160,3579219,1788102,200933723
240978046,23164384,3569253,1782808,201244716
240792878,23165165,3570542,1783868,201129600
238968112,22794011,3513796,1755383,198322047
236340778,22764248,3508517,1752936,197282293
239705054,23091900,3560707,1778534,200196339
238961674,22896775,3528738,1763097,198635511
238450731,22873532,3526004,1761508,199067840
239241609,22923730,3533021,1765203,199170237
237658870,22795347,3514285,1755552,198270634
240687540,23113903,3563096,1780011,200604325
240917823,23111431,3562166,1779704,200934549
239321043,22953973,3538446,1767697,199174545
239584285,23032503,3550242,1773675,199849186
237362823,22847920,3522266,1759584,198073240
240208884,23143659,3568371,1782501,199612173
238990598,23006347,3546254,1771616,199085682
240019376,23031614,3549928,1773576,200178582
238713883,22955853,3539191,1767958,198996043
238712478,22898383,3529383,1763286,198905070
238913299,22923818,3533007,1765220,198553321
241286068,23144724,3568742,1782603,201198225
240872447,23137298,3565982,1781658,200641449
238808694,22876940,3527225,1761915,198782200
238812742,23110863,3561970,1779640,199977375
240702844,23297309,3590660,1793991,200895520
239053251,22979984,3542321,1769665,199592128
238951449,22885783,3529547,1763363,199226991
239748529,23021171,3546986,1771914,200468773
238480269,22878772,3527915,1762135,198810519
240222264,23033142,3550454,1773763,199650001
239739187,23087476,3559109,1778005,200202035
239555162,23034566,3551909,1774924,199802370
238824933,22975128,3539574,1768061,199253692
238897417,23011587,3549240,1773341,198830595
240481210,23084917,3557092,1776672,199868365
238868871,22978824,3541963,1769537,199283989
238343094,22899751,3529913,1763489,198862891
239186002,22983512,3544576,1771106,199572804
240718601,23165085,3569555,1782847,200498229
239341910,22923482,3532903,1765184,199085426
241190607,23112681,3562619,1779877,200750807
240756704,23088436,3559422,1778110,200806469
239131210,22950485,3537145,1767264,199227655
237339459,22821430,3518196,1757533,198185154
240387623,23117416,3564451,1780474,200613483
239071355,23001563,3544489,1771069,199555335
238587890,22880524,3529497,1763350,198853261
239440116,23052225,3550780,1773867,199826354
239189098,22960093,3540781,1768475,199436248
240044372,23031862,3549988,1773600,200290565
240602617,23138794,3566552,1781844,200527020
239426169,22982688,3543350,1770021,199628621
240602790,23114480,3564289,1781070,200469449
237147944,22787442,3510333,1753572,197704775
240430697,23039703,3553847,1775563,200209966
239395617,22973384,3538982,1767876,199053982
238584265,22929362,3535083,1765894,199006480
239213604,22956277,3539327,1767979,199836097
239939487,23086780,3558825,1777918,200154078
240341125,23057705,3553758,1775542,199902558
239642298,22902769,3531052,1763891,198884384
239022758,23033502,3550560,1773784,199373343
238723844,22920290,3531706,1764780,198583944
237231546,22851849,3523742,1760041,197903083
238955734,22950109,3536971,1767230,199186425
239786718,23034950,3551179,1773992,199725652
239638948,22982472,3543183,1769967,199839460
238429372,22794491,3514060,1755443,198894840
238066006,22894359,3527794,1762795,198669266
240041804,23088725,3559495,1778143,200246223
239669529,23169749,3572337,1784452,200650397
239196812,22946861,3535802,1766834,198744314
239537383,23060825,3554948,1775924,199901660
237462485,22714634,3501685,1749270,197128432
240348474,23166165,3570949,1784017,200804586
239499198,22959269,3540425,1768372,199081381
239513009,22900063,3530002,1763519,198604381
240156299,22975216,3540509,1769076,200290125
240526223,23085996,3558502,1777798,200533690
240859611,23141515,3567601,1782207,200774977
239948310,23031032,3549728,1773532,199879883
240577085,23199088,3577318,1786791,201340531
238795820,23001835,3544602,1771119,198822561
238309717,22877788,3527599,1762029,198667656
240805215,23163245,3569794,1783633,200634517
239606276,23087052,3558894,1777922,200248988
240892206,23111975,3562379,1779779,200878515
238895278,22822239,3518521,1757649,198970301
239492559,23088108,3559284,1778038,200227901
236849687,22765296,3508896,1753084,197382530
239612757,23299812,3591620,1794297,199874569
240731145,23217403,3578338,1787847,201087065
239356078,23012195,3548464,1772408,199807659
237760290,22767896,3509950,1753409,198318646
240926018,23033134,3550504,1773771,200755168
240994851,23163741,3569978,1783677,200844382
240576067,23060738,3554947,1775917,200629546
238994345,22847097,3521872,1759462,199394622
241177153,23140786,3567321,1782099,201172872
239415740,22982232,3543203,1769944,199600434
239257891,23028088,3548506,1773168,199437112
239639247,22954205,3538504,1767705,199568541
240754460,23142714,3568037,1782348,200827033
237098558,22714570,3501703,1749294,197292538
239995456,22973536,3539871,1768873,199903234
239197393,22928922,3534966,1765832,199438466
239586010,22958230,3540071,1768261,199464019
238808986,22791843,3512981,1755094,198657096
240856935,23113543,3562963,1779978,200464211
239429645,23057545,3553757,1775540,199051143
241265735,23165453,3570600,1783883,200499811
241257976,23199705,3578584,1787893,201201925
239190816,23054809,3551814,1774205,199433333
238845226,22955757,3539086,1767922,199464170
240567516,23082388,3557169,1777372,200401481
239071191,22956261,3539288,1767963,199497535
241012490,23086564,3558758,1777890,200211372
237744081,22714994,3501820,1749346,198341044
239187571,23003995,3545431,1771378,199734037
241149495,23170037,3572370,1784489,201484993
241171281,23169472,3573079,1785419,201538924
239603631,23005971,3545265,1770644,199444249
239002115,22924922,3533429,1765348,199070636
237098306,22788659,3511784,1754712,197680525
239281041,23011491,3548210,1772319,199875615
240806013,22980512,3542494,1769733,199965790
239598119,23005491,3546056,1771593,199808493
238350975,22923730,3533012,1765213,199341765
240311909,23037238,3551983,1774267,199805725
239406701,23001395,3544448,1771061,200288441
239920533,22932851,3536401,1766323,199451212
240372293,23086636,3558700,1777886,200251241
240698427,23163117,3569771,1783607,200655727
238679338,22977840,3541602,1769431,199143784
238930819,23038358,3552426,1774398,199636255
240571585,23061753,3555300,1776049,200067718
240003041,23058977,3554199,1775715,199779587
238089918,22660356,3493193,1745081,199284655
241152991,23165838,3570697,1783938,200668862
241174224,23215451,3577728,1787598,200807850
239036716,23013061,3548791,1772558,199833031
239527903,23055953,3553160,1775322,199980398
238831528,22903103,3531153,1763909,198878974
236554291,22708754,3499475,1748564,196643170
239360359,22985600,3544418,1770368,199802588
239776004,22922266,3532459,1765028,199348340
239783221,23090796,3560328,1778406,200106450
238539585,22822038,3518937,1758598,198243686
240100222,23109735,3560954,1778483,200799478
237649692,22689327,3498155,1747442,197496091
238950515,22920450,3531710,1764773,198519649
240826247,23166470,3571053,1784024,200875616
240442704,23088852,3559652,1778176,200495905
238137648,22904103,3531504,1764029,198695587
240672231,23081588,3556845,1777247,200264976
239183878,23013299,3548907,1772836,199416423
239487529,23026846,3548129,1772698,199478268
238886910,22773416,3511941,1754334,198596459
240623169,23188056,3573212,1785191,200892870
238797893,22980640,3542556,1769746,199295401
240459360,23062610,3555493,1776223,200460189
239840930,23058441,3554116,1775633,199418296
240549510,23141450,3567510,1782190,200983033
238532198,23006595,3546426,1771713,199221278
241269766,23221968,3579965,1788386,201150453
241235384,23301951,3592457,1794579,200557129
240171118,23430860,3611318,1804298,198961584
238564740,23037574,3553030,1775282,199339826
240422080,23137730,3565258,1780755,199920592
238320247,22921850,3532245,1764949,198769198
239115088,23010387,3547817,1772190,199182018
238858088,22980328,3542463,1769717,198766959
241114676,23191280,3574459,1785864,201105444
238300820,22870820,3524934,1761143,198373551
241316566,23174541,3575013,1786013,200940703
239321773,23057945,3552961,1774625,199557393
240658504,23246935,3583461,1790203,201137285
238199720,22954733,3538797,1767816,199592599
240706280,23113895,3563708,1781003,200471570
240928359,23188096,3572623,1784451,200835616
240267755,23115985,3563859,1780314,200704558
238850459,22928874,3534957,1765839,198626903
240205550,23164822,3570362,1783820,200574882
238799706,22950485,3537206,1767276,198687157
240329321,23299988,3591639,1794308,200429895
238711414,23198304,3577073,1786724,198130309
239840548,23271649,3586861,1792048,200106591
240455277,23062313,3556031,1777136,200130504
240811245,23162189,3568985,1782492,200472499
237547971,22795939,3514547,1755642,197971034
240318694,23113615,3562937,1779961,200260810
238904797,22974953,3540457,1769054,198941554
239698958,23035126,3551191,1773991,199444569
237750464,22873684,3526021,1761509,198206414
240697299,23138234,3566323,1781776,200869514
238756196,22903551,3531353,1763953,198827090
240554817,23063593,3556932,1777291,200289590
237996847,22791515,3511892,1754064,198174898
238820917,22951125,3537313,1767333,199102882
239095730,23059905,3554700,1775843,199655815
239143267,23006917,3546480,1771773,199632140
238904974,22924082,3533144,1765256,199435079
238032811,22931602,3535954,1766164,198413586
238774052,22924370,3533230,1765295,198069301
239502161,23037262,3551978,1774261,199343103
239737143,23031246,3549796,1773536,199151864
240169011,23083228,3557526,1777478,200374225
240034610,23005444,3545936,1771542,199885204
239490413,22875348,3526665,1761745,199146252
237656438,22818678,3517079,1757156,198289756
240692032,23173341,3573686,1784890,201030902
239026412,22921018,3531970,1764877,198931018
238919376,22983544,3543633,1770112,199013714
239600225,23007219,3546639,1771786,199382972
241033306,23139322,3566743,1781928,200720547
240797414,23109199,3561322,1779421,200175175
240417294,23119976,3565374,1780767,200687248
239598890,22973008,3539734,1768817,199464490
238832206,22928666,3534841,1765821,199182951
241162378,23140330,3567131,1782041,200773272
239966004,22979946,3542216,1769663,199711352
239938787,22954549,3538698,1767791,199191433
238684391,22982000,3543077,1769939,198982295
241285405,23428748,3610548,1804013,200896669
240789915,23200664,3577943,1788013,200876328
239061808,23027134,3548222,1772020,199459580
238533238,22930978,3535679,1766063,198763384
240038903,22979232,3542013,1769608,199641220
240397419,23055905,3553160,1775311,199961789
239608621,23034527,3550970,1773943,199795523
240393222,23067626,3558049,1777650,200397197
238854500,23024605,3546692,1771789,199448627
238074888,22905975,3532304,1764314,198393569
240340656,23111951,3562299,1779738,200355203
238802842,22871284,3525160,1761215,198447380
239701972,23031582,3549884,1773579,200205771
239243242,22981200,3542800,1769842,199416518
240054583,23064825,3556436,1776415,200142455
238947166,22975992,3540810,1769176,199093084
241132942,23164317,3570268,1783780,200479338
240681542,23300463,3591811,1794387,200714306
240710813,23623800,3642409,1819436,200443737
236393627,23642715,3643647,1820542,196616773
240956896,23466302,3618652,1807420,200605649
238776932,23215667,3577697,1787599,199525126
239004240,23084172,3557806,1777588,199462525
239745844,23093052,3561269,1778726,200271973
240323039,23057097,3553545,1775457,199686784
239078103,22901351,3530470,1763673,198813864
237696087,22817718,3516795,1757071,198269151
241102729,23166310,3570971,1783985,200838333
240600720,23145938,3569229,1783747,200527208
238924773,23053897,3552373,1774092,199502632
238885275,22980384,3542513,1769740,199226614
238949155,23011907,3548377,1772371,199512315
239054322,22974192,3540122,1768940,199152442
240367822,23033022,3550394,1773717,199773751
238257894,22854009,3525493,1761357,198770261
240902018,23083716,3556733,1776524,200037812
241119043,23219876,3579290,1788148,200295339
240676658,23536129,3627210,1812345,200011441
238913912,23729756,3658598,1827567,198300941
236689638,23087108,3558935,1777942,196442213
240998991,23379397,3603748,1800396,200884347
239105794,23033446,3550612,1773817,199132546
238984361,23036262,3551628,1774135,199119130
240861197,23085980,3558521,1777805,199856176
239327412,22924650,3533296,1765304,199314224
240877726,23063794,3556130,1777205,200690130
237636801,22896079,3528520,1762149,198576448
240154381,23083996,3557739,1777537,200128334
240126264,23012651,3548707,1772475,199705410
236771444,22763192,3508088,1752813,197281032
239005040,22953197,3538161,1767610,198957095
240135291,23034174,3550868,1773890,199972310
239129558,22983440,3543640,1770127,199181865
241053406,23191016,3574314,1785777,201057055
239133403,22871868,3525334,1761285,198931312
240269253,23010188,3547720,1772167,200083120
239035536,23060033,3554717,1775862,199248868
240849675,23114305,3563230,1780090,199492443
239983190,23111639,3562267,1779729,199933503
238289369,22982624,3544227,1770988,199384925
239959106,23085940,3557569,1776800,200388994
239084210,23056065,3553174,1775361,199490592
240416354,23084004,3557775,1777552,200237835
239014610,23007219,3546651,1771813,199777812
239781924,23086524,3558701,1777867,200121151
239366821,22954622,3538694,1767766,199717342
237932198,22851217,3523465,1759998,198082258
240271005,23167701,3571485,1784154,200815380
237212565,22765831,3508964,1753057,197364312
235881031,22467061,3461983,1729964,196912131
239303560,22982008,3543076,1769927,199648136
238871492,22903551,3531332,1763968,198732714
241295602,23110423,3561744,1779556,200567788
239109888,22954605,3538745,1767803,199253951
238967788,22979792,3542239,1769637,198940107
238892944,23010379,3547812,1772194,199473130
239406032,23162285,3569459,1783500,200244219
239818570,23138908,3566555,1781881,200013450
239107946,22980168,3542373,1769690,199027520
236622590,22735042,3504869,1751039,196975311
239406880,22907314,3531293,1763945,198728382
239923440,23114559,3563393,1780127,200311723
239300483,22871197,3525071,1761178,198803145
238943195,23005259,3545919,1771552,199487270
239412723,23060257,3554756,1775877,199592415
237943518,22768400,3510053,1753448,198030322
238291584,22794403,3513947,1755449,198504732
238805109,22848433,3522451,1759630,198764003
239566829,22977048,3541151,1769288,199601986
218288837,21837823,3367256,1681928,181158661
238888734,22950453,3537107,1767262,199403729
240533944,23086156,3558527,1777805,199935531
239590888,22981584,3542949,1769893,198921164
238629270,23008003,3546921,1771885,199087392
238930037,23218507,3578810,1787989,198604595
238420070,23220675,3579493,1788230,198610849
239851106,23162509,3569561,1783508,199710289
240202818,23226333,3581708,1788994,200484112
239917192,23111416,3562178,1779713,200349463
236550810,22738580,3504829,1751024,197408568
239780691,23112807,3562643,1779872,200518599
240547430,23145411,3569029,1783670,200685117
239143688,23080348,3556340,1776070,199870637
240227486,23169581,3572227,1784445,200947929
240531434,23137826,3566186,1781734,200402827
238220762,22764832,3508725,1753012,198675848
237915880,22956533,3539385,1768004,199316948
240032877,23041848,3553443,1775442,200192560
239083442,23050783,3551454,1774054,199549493
237017604,22743717,3506783,1751700,197381903
239898054,23167469,3571418,1784140,200678993
239924626,23085821,3558446,1777797,200561887
239481732,23056241,3553249,1775363,199600078
238526242,23138442,3566410,1781810,198992484
239433466,23353378,3599875,1798428,199324382
238438725,23092452,3560921,1778616,198709101
239503924,23051217,3552388,1775076,199344592
238801797,22962935,3540818,1768510,199104901
239110756,23056105,3553166,1775360,199387380
237098199,22792227,3513095,1755141,197560343
239118273,22880232,3529412,1763311,198603378
239192325,23081368,3555886,1776263,199523942
239097060,22953429,3538260,1767625,198943492
240333041,23032510,3550203,1773670,200041772
239161393,22953165,3538120,1767594,199379539
238092544,22766816,3509471,1753260,198577811
238803388,22799891,3516997,1757132,198553161
237646069,22895095,3527207,1761904,198839814
239966803,23059577,3554470,1775776,200042197
236292437,22612414,3487841,1742627,196425993
240410617,23058737,3553263,1774687,200117954
240559978,23137771,3566146,1781714,200714335
239228816,23030598,3549516,1773445,199441077
238460471,22769024,3510324,1753535,198157249
241144308,23190096,3574007,1785714,200886175
239749990,22959533,3540553,1768400,199933964
239650227,22925084,3533383,1765355,199297933
240813565,23108855,3561294,1779421,200631762
240514183,23065458,3556755,1776529,200338879
238652355,22874532,3526307,1761601,198757772
240957844,23080604,3556446,1777115,200058824
240495665,23140402,3567147,1782052,201036723
241067017,23039542,3552847,1774552,200497239
240279290,23001363,3544472,1771081,200202672
240421881,23058434,3554088,1775637,200188878
238108938,22794643,3514017,1755456,199035829
240124395,23009971,3547707,1772156,200338616
239108960,22981424,3542798,1769834,199726534
240600902,23164453,3570311,1783775,201012609
238043678,22821870,3518351,1757606,198513833
240472317,23084956,3558110,1777669,200538188
241129585,23273138,3587475,1792232,201557707
240685163,23141474,3567496,1782170,200652334
240327158,23087988,3559316,1778058,200616740
240629161,23055009,3552805,1775214,200338414
238690914,22851441,3523469,1760009,199374793
240486282,22981459,3542919,1769884,200075040
241065681,23191600,3574570,1785886,201486547
238883841,22872636,3525597,1761375,198643975
238189015,22842633,3520275,1758910,198850493
240607022,23064913,3556487,1776445,200507252
240693704,23164909,3570471,1783841,200747466
239455281,22951045,3537329,1767328,199169552
239348496,22927511,3534388,1765651,198909732
240250586,22901698,3530637,1763738,199788351
238794381,22793900,3513732,1755367,198891646
238928844,22847993,3522236,1759572,199076228
238015680,22896959,3528878,1763127,198880145
239599506,23088836,3559571,1778164,200129737
237336666,22896631,3528739,1763096,197844395
240497266,23276553,3588719,1792663,200897033
240842621,23221539,3579908,1788346,200712775
239126910,23162213,3569450,1783511,199738246
239593472,23143066,3568190,1782394,200355879
240744563,23222788,3580338,1788501,201010124
240078767,23107895,3560885,1779279,200520260
239321139,23060883,3554925,1775951,199997027
239010002,22952589,3537907,1767515,199213281
240592359,23006195,3546293,1771693,200010309
237897345,22714658,3501714,1749306,197916758
240543583,23008347,3547053,1771929,200040137
240561768,23090676,3560270,1778407,200230220
239447068,22923010,3532610,1765070,199431377
239833561,22980673,3542684,1769779,199605327
240904046,23164461,3570299,1783796,200740186
238064171,22793467,3513587,1755306,198581084
241020351,23063145,3555834,1776207,200737487
238981253,22795867,3514483,1755625,198523262
239521546,23056977,3553510,1775449,199276968
237667931,23057497,3553760,1775543,198273738
239472721,23196456,3576360,1786500,198405493
240330409,23275922,3588512,1792573,199918183
238493567,23032070,3550017,1773613,198787987
239114284,22952805,3538053,1767583,198949931
239531768,23115799,3563813,1780239,200248260
239371713,23085356,3558279,1777727,200203127
240461937,23033840,3550721,1773872,199881411
239684629,23004427,3545602,1771465,199931204
219512944,22017004,3393159,1695340,182500156
236915834,22746557,3507798,1752031,197791638
240302443,23083604,3557606,1777481,200418247
240650018,23112727,3562671,1779887,200504698
238759234,22984984,3545127,1771287,199435654
240789003,23058578,3553158,1774658,200416597
240750242,23085068,3558206,1777700,200599177
240050404,22925714,3533753,1765447,199753922
240815843,23137626,3566085,1781703,201503696
237273927,22765952,3509159,1753120,197584258
238782694,22902095,3530707,1763777,198775862
237913892,22900071,3530066,1763552,198705020
241283313,23171582,3573011,1784729,201218530
240317069,23193872,3576141,1787104,200843918
240081647,23028822,3548063,1772211,200086295
238866581,23009491,3547569,1772118,199454125
238948273,23005467,3545991,1771568,199074043
240135045,23007627,3546750,1771825,199999565
240768614,23134892,3565104,1781417,200679266
241023224,23174318,3573862,1785949,201044739
240866400,23214787,3577384,1786515,201270692
238901828,22931610,3535996,1766194,199050653
240714385,23217411,3578358,1787852,201107715
240806131,23089204,3559684,1778209,200664288
238785809,22900607,3531245,1764578,198710815
241320604,23138499,3565469,1780825,200936757
239576673,23000395,3544095,1770953,199561969
240038038,22905863,3532127,1764227,199652701
240414425,22982168,3544189,1770962,199617226
239619847,23058681,3553145,1774668,199993229
238114988,22924770,3533417,1765331,198623811
240733587,23166941,3571180,1784069,200455500
239262771,22978896,3541912,1769540,199437563
239610553,23061178,3555108,1776002,199924781
240660464,23108927,3561228,1779382,200401951
240864913,23060353,3554779,1775879,200342790
240969620,23143610,3568411,1782477,200736095
239956308,23138498,3566386,1781768,200946657
240845925,23059948,3554647,1775870,200611468
240921993,23220779,3579600,1788250,201200190
236434187,22689391,3498111,1747419,196828411
239098657,22871652,3525243,1761259,198715946
241176541,23111071,3562009,1779645,200728232
239558717,22986496,3545580,1771505,199331875
240574652,22951701,3536850,1766430,199922630
240207424,23194696,3575659,1786256,200593568
240599141,23163742,3570074,1783687,200347736
238364828,22972288,3540629,1769130,198592433
239288200,22935178,3536104,1766239,198740117
238337170,22955525,3538998,1767874,197973531
237041505,22792163,3513113,1755153,197516720
239744204,23059049,3554354,1775748,199807551
239545468,22948749,3536504,1767033,199225825
239637764,23014699,3550338,1773701,199793762
239657787,23082276,3556202,1776355,199937085
240179261,23089836,3559929,1778297,200342472
239620713,23027262,3548224,1773007,199437504
239540474,23036742,3551912,1774232,200335962
239149818,23009965,3547651,1772162,199461049
241001366,23188329,3573295,1785458,200849073
237024149,22792235,3513148,1755162,197624894
239508110,22981752,3543000,1769909,199365760
240716848,23168533,3571778,1784282,201195623
240119992,23116007,3563872,1780265,200335878
240047542,23003539,3545265,1771352,199543715
239617729,23010515,3547858,1772190,199196050
240599121,23085420,3558353,1777753,200532690
238523219,22922058,3532344,1764993,198687306
239664651,23223012,3580531,1788548,199820284
238876120,22926130,3533827,1765473,198995265
238133957,22848817,3522597,1759692,198885889
240793503,23087452,3559121,1778004,200784558
240243718,23027446,3548344,1773048,200035273
240009531,22930762,3535657,1766081,199643322
240212871,23138738,3566458,1781821,200609874
239743219,23036454,3551667,1774131,200023873
239673586,22977905,3541597,1769453,199699130
238576718,22952525,3537909,1767536,199496568
239731447,23006477,3546362,1771716,199904109
239897210,23023359,3549461,1773403,199864805
238042646,22910734,3531332,1763974,198926093
240433983,23056897,3553499,1775449,200149913
240088381,23065407,3556691,1776506,200354611
238810302,22925228,3533550,1765387,199139977
239197120,22976672,3541067,1769274,199345756
239498240,23009691,3547590,1772100,199998997
239518027,23010011,3547684,1772145,199783448
238421901,22736637,3504038,1750763,197989437
239479951,22982289,3543187,1769976,200306751
239398788,22896647,3528726,1763074,199103202
236869275,22664460,3494659,1745592,197645707
239438820,22981496,3542787,1769843,199681363
239321046,22953437,3538351,1768663,199460986
240636468,23085436,3558311,1776723,200392125
240608441,23115207,3564516,1781185,200804872
239630745,23085492,3557397,1776742,200129616
223284819,22471695,3463522,1730442,187279215
239775468,23162093,3569428,1783499,200695323
238502694,22874191,3526178,1761587,199118980
240735841,23119751,3565281,1780738,201060153
238511648,22893375,3527440,1762675,199072182
239845764,23011571,3548294,1772345,199929689
240254772,23165389,3570629,1783915,201101513
240562225,23063137,3555757,1776186,200304518
240448209,23085100,3558156,1777703,200606991
239886801,23113408,3562931,1779986,200590091
238899600,22815214,3515882,1756763,198644276
239722945,22958213,3540024,1768222,199871981
238701183,22682439,3495465,1746524,197900197
238774378,22904719,3531765,1764117,199351434
238215779,22844081,3520794,1759081,198369171
238934368,22846489,3521692,1759390,198905086
239420544,22953701,3538356,1767658,199337048
240463977,23060521,3554839,1775906,200412494
239283743,22952285,3537839,1767508,199508915
239796085,23005299,3545873,1771528,199779959
240961656,23119224,3565139,1780688,200964262
239050635,22899103,3529639,1763407,198806304
238039499,22768396,3509991,1753476,198987355
240492007,23055169,3552926,1775232,200252575
236962457,22712810,3501003,1749072,197228015
238788338,22930242,3535448,1766010,198755237
240267667,23087580,3559084,1778013,200525204
239231188,23032686,3550247,1773701,199497517
238898721,22951725,3537557,1767420,198981073
239481170,23219243,3579023,1788055,199972088
240331427,23059129,3554279,1775739,199836710
238921212,22931634,3535978,1766192,199106909
238965126,22901504,3531523,1764691,199254396
237900947,22814494,3514588,1755667,198185151
236628657,22772063,3511404,1754614,197897646
240739874,23133931,3564602,1780516,200837992
240944225,23037502,3552055,1774325,200038041
240961277,23113479,3562914,1779971,200675075
239642514,23085716,3558367,1777762,200248399
240459644,23008396,3547067,1771964,200341411
240081279,23140442,3567122,1782043,200528823
239922862,22973568,3539928,1768880,199806081
239917771,22960671,3540846,1768531,200412925
240895177,23165501,3570662,1783925,201053656
238149661,22840857,3519571,1758674,198188256
239890761,23089668,3559903,1778280,200265533
241094785,23144947,3569825,1783598,200650267
239934332,23190352,3573146,1784754,199968958
239711649,23191944,3574639,1785918,199275687
240464040,23114319,3563275,1780067,200316981
239223767,23035462,3551332,1774040,199547038
239679355,23080820,3556500,1777184,200291167
239095520,22931826,3536025,1766193,199748957
238658159,22898672,3529323,1763343,198789485
236694718,22742692,3506338,1751532,197284527
240505457,23109856,3561551,1779527,200491017
240109286,23069807,3557440,1777454,200648901
239054343,22975130,3542272,1769657,199537911
238948284,22873188,3524848,1761447,198948428
240452030,23112503,3562492,1778821,200666923
241174624,23164749,3570361,1783808,201112865
239435018,23006939,3546538,1771789,199855001
238838318,22845532,3521295,1759276,199332739
239587906,22917458,3532726,1765107,199077851
237083803,22776039,3510856,1753725,197795226
239224679,22954398,3538611,1767765,199375305
238604919,23006019,3546140,1771628,199360410
239610444,23047181,3553253,1775375,200261143
240400066,23099472,3560203,1778364,200660078
240821941,23168989,3571989,1784343,201046603
239924464,23111567,3562193,1779719,200627682
238370510,22951845,3537694,1767426,199098144
238446784,22850185,3523090,1759866,198884336
238886215,22874612,3526309,1761619,199122534
238537489,22789451,3512073,1754803,198558699
239977486,23057786,3553868,1775566,200168701
239423350,23090188,3560031,1778322,200172897
240406107,23163445,3569877,1783649,200955471
240661388,23088900,3559585,1778183,200790117
240516937,23116687,3564070,1780360,200435114
239068772,22952381,3537883,1767508,198813989
239230109,22979864,3542140,1769610,199300054
239236592,22900482,3530262,1763648,199533619
238752297,22901471,3530489,1763670,198946295
236394563,22709985,3499887,1748722,196982109
239537206,23034774,3551058,1773948,199410717
240984066,23111008,3561932,1779637,200403167
239657994,23065081,3556521,1776463,199803678
240896244,23164653,3570423,1783854,201014407
239655244,22949485,3536737,1767144,199217699
240573721,23011875,3548370,1772377,200380396
239069843,22874844,3526360,1762623,198995075
238899952,22868797,3524186,1759919,199284403
239242820,22980808,3542584,1769756,199526117
238158365,22768304,3509938,1753433,198248505
239783856,23058177,3554023,1775633,200383106
240618899,23085164,3558193,1777708,200185643
239598480,22957933,3539894,1768177,199470993
240249144,23133850,3564615,1781227,200822209
239761743,23008724,3547271,1772003,199640336
239552503,22983440,3543548,1770099,199512292
241079292,23218547,3578756,1787994,201217301
238997077,22928732,3534796,1765832,199772118
238898046,22868593,3524070,1760874,198584454
236998698,22795614,3514325,1755578,197567730
239948983,23061633,3555212,1776041,199844591
240324010,23272961,3587347,1792219,201431315
239160929,23109327,3561287,1779435,200432664
239476649,22985800,3544568,1770406,200003566
239389962,23056993,3553923,1775604,200218824
239189271,22985353,3544798,1771203,199519328
240386105,23083908,3556755,1776555,200497611
238207704,22848441,3522380,1759633,199018294
239576720,23002139,3544720,1771158,199817231
233926350,22369483,3448752,1722768,194877150
239367795,23009059,3547338,1772039,199790813
239986458,23087420,3559971,1778979,200486395
239958092,23029358,3548058,1772302,200098975
239920359,22951789,3537596,1767412,199859230
238603906,22797299,3514988,1755790,198691629
239587054,22980496,3542540,1769752,199530898
240706969,23109386,3561330,1779454,200553085
239694247,22955061,3538918,1767854,199749919
240233859,23085588,3558355,1777759,199917723
238151403,22925122,3533509,1765377,198354683
240515237,23033118,3550446,1773730,199839965
239724511,23064617,3556430,1776447,199947793
239504129,22980344,3542426,1769699,199820761
240455573,22981529,3542870,1769856,199800208
239750124,23030334,3549446,1773410,199835610
238952254,22897423,3529017,1763190,199036765
239665476,22953285,3538219,1767608,199618033
239628828,22903343,3531194,1763942,200192313
238619828,22870972,3524979,1761176,198718587
236520321,22633985,3489093,1743049,197009553
240323915,23008699,3547160,1771971,199714102
239551805,23060465,3554859,1775930,200120380
240321104,23137306,3565873,1781648,200526498
238665425,22875076,3526521,1761663,198492405
239845581,23004980,3545767,1771528,199270011
241052639,23066033,3557862,1777577,200750210
240695323,23161903,3568256,1782479,200776502
239153587,22849401,3522748,1759741,198993696
240548049,23134530,3564872,1781318,200594361
236862504,22824830,3519501,1757970,198135948
240386518,23143090,3568042,1783367,200654644
239265780,22978112,3541524,1768407,199504837
240508466,23075170,3556596,1777193,200177517
239148637,22988683,3543421,1770018,199380165
240103982,23058345,3554005,1775667,200115796
240009741,23066097,3556918,1776600,200138797
240393471,23028326,3548625,1773162,199896410
238395416,22851929,3523668,1760056,199263947
237154753,22736653,3504056,1750778,197581538
239210532,22850738,3523274,1760919,199109361
241104824,23107871,3560816,1778261,201034968
239323494,22979288,3542040,1769575,199323385
238620964,22779404,3513014,1755127,198372373
238931365,22944249,3535985,1766192,199264986
240359711,23056105,3553174,1775341,200420530
241006373,23038934,3552621,1774519,200286029
239622912,22926564,3533942,1765542,198980395
239858294,23003124,3545112,1771291,200150871
238174515,22875900,3526750,1761783,198128978
240746717,23083244,3557468,1777453,200719893
240190661,23009051,3547283,1772047,200050053
240591014,23033822,3550621,1773811,200082289
239165275,22926674,3534185,1765584,198948811
240885697,23113040,3562778,1779927,200810191
239047892,23004643,3545632,1771455,199326502
239171643,23066009,3556908,1776580,200164358
240952320,23186976,3572791,1785322,201239014
237866456,22745690,3507408,1751916,198176452
238153944,22872159,3525396,1761300,198659236
238482967,22927978,3534535,1765714,199454118
240392550,23114223,3563225,1780069,200408172
239465106,23135354,3565211,1781424,200300747
240186381,23118087,3565924,1781656,200539004
239598951,23003236,3543804,1770195,199610970
240896999,23111191,3562033,1779667,200360455
240983714,23141618,3567594,1782209,200680277
238880058,23008269,3547015,1771952,198962648
238708804,22842609,3520171,1758892,198720774
237198332,22794211,3513855,1755397,197812270
240517521,23113903,3563024,1780029,200670716
239706786,22981632,3542954,1769883,199396626
240552618,23117232,3564321,1780437,200126003
239046262,22974000,3539959,1768903,199104480
240501918,23196760,3576522,1786533,201209130
241115977,23216171,3577822,1787688,201201938
239776404,23141114,3567470,1782147,200487691
239877861,22902047,3530754,1763775,200217146
239171581,23033703,3550684,1773815,200496622
238725570,22927762,3534506,1765705,199321125
238064964,22975392,3540569,1769099,198923033
241235347,23196792,3576546,1786562,201224292
240170948,23009771,3547553,1772099,199890469
240302183,22979264,3542015,1769589,199788271
239398968,23009211,3548279,1773035,199799318
240102503,23001044,3543304,1770023,199165378
239191826,22984416,3544002,1770251,198833989
240763417,23166671,3571014,1784052,200623228
239878547,23109975,3561602,1779528,200533948
237390724,22824174,3519119,1757852,198232703
239502817,23001523,3544489,1771099,199582769
239727091,23059889,3554582,1775822,200218373
240387793,23093076,3562073,1779692,200424102
238629112,22898591,3528463,1762336,198464535
239343775,23005699,3546064,1771615,199463432
238581006,22874436,3526243,1761591,198492214
239358110,22897648,3529111,1763213,199156773
240812167,23089108,3559643,1778212,200320446
238232841,22923626,3532925,1765188,199209231
237687651,22764224,3508461,1752935,198304129
237309581,22825806,3519781,1758064,197912666
238975432,23110911,3561923,1779634,199908199
239029641,22977016,3541182,1769318,199683682
240244980,23009331,3547442,1772071,200135823
238534107,22925682,3533654,1765437,198975458
240209698,22978784,3541877,1769533,199199674
239395529,22957053,3539494,1768058,199422914
240078238,23035024,3551115,1774029,200230254
239435573,22868893,3524223,1760924,198789086
237044434,22689726,3498144,1747439,197426643
239406031,22949558,3536811,1767162,199494399
239571663,22983864,3543728,1770149,199956447
239656447,22952525,3537854,1767508,199273645
239431248,23011467,3549166,1773318,199891425
240534410,23272881,3586456,1792244,201688889
239940371,23082268,3557050,1776326,200103651
238840472,22899743,3529899,1763493,198796658
239628065,22926034,3533859,1765473,198891497
238846067,22850129,3523017,1759847,198544143
236897342,22741789,3505943,1751407,198006646
237358199,22813574,3515217,1756551,197904483
239456049,22952917,3538000,1767577,199697421
239744501,23090485,3560234,1778384,199955443
239444362,22949637,3536799,1767128,199299370
239978998,23064913,3556438,1776429,200291713
240594218,23138082,3566254,1781784,200765141
239428920,23004403,3545564,1771425,199662059
240209775,23111150,3562713,1779949,200726846
239945134,23015942,3549184,1772649,200054530
237096963,22735789,3503772,1750689,197772028
240235816,23113712,3562992,1779970,201056330
239678135,23115519,3563657,1780223,200329456
230738162,22582219,3481480,1739142,192561558
240942550,23299260,3591359,1794223,201766986
240250008,23167549,3571459,1784702,200716647
240044865,23188120,3573264,1784936,200636935
239813123,23037070,3551906,1774236,199980065
240012676,23195137,3576072,1787340,200462091
239655371,23081068,3556425,1776171,199481821
236228205,22765479,3509081,1753130,197613456
238330033,22851330,3523484,1759972,198504044
239682733,23032542,3550252,1773662,199161355
239493050,22978992,3541968,1769583,199214013
240433614,23196104,3576217,1786427,200530630
240582662,23187640,3573091,1785408,200268239
239820206,23197728,3576847,1786636,200590774
239960074,23086188,3558571,1777823,199926538
240035892,23082775,3557303,1777444,200177181
239500537,23040446,3553199,1774670,199698318
236235839,22660067,3493015,1745046,196785541
239709489,23002852,3544968,1771238,199228268
239697763,23090604,3560286,1778394,199758299
239529436,23060081,3554688,1775844,199342056
239384527,22939650,3535539,1766741,198748642
240237250,23045305,3552554,1774444,199763270
240406315,23082692,3557284,1777414,200141066
239723497,23172957,3573449,1784820,200460391
239783934,23082332,3557097,1777324,199958783
239312315,22982912,3543409,1770064,199359698
236418961,22576203,3479262,1738388,196977275
238435768,22984192,3543927,1770220,199114876
239348285,23136850,3565784,1781589,200291032
239640798,23032479,3550220,1773676,199379482
239402539,23143810,3568445,1782473,200316778
239818322,23004403,3545613,1771453,199498663
239834885,23034854,3551122,1773979,199606934
238678721,22821911,3518277,1757574,198463029
240875560,23241584,3581560,1789605,201063848
240068301,23112631,3562621,1779870,200293458
236973219,22796691,3514800,1755696,197874794
240004398,23032790,3550328,1773728,199249171
240029360,23195832,3576153,1786422,200239428
239393815,23032871,3550372,1773713,199285021
239673683,23082804,3557321,1777408,199445070
239807884,23172077,3573149,1784741,200862204
239943314,23107087,3560539,1779159,200409667
240771808,23041382,3554527,1775779,199942673
240394519,23135466,3564337,1780411,200239450
240082285,23085876,3558517,1777825,199520621
236373162,22584947,3482465,1739471,196946577
238329560,22845145,3521160,1759209,198325856
239903949,23109056,3561358,1779443,200070016
239559265,22980800,3542548,1769741,199181756
239429315,23005547,3546041,1771603,199655402
239571004,22987352,3545995,1771592,199678987
240690530,23158965,3567278,1782094,200646086
240272937,23140682,3567261,1782082,200250186
239701181,22984834,3544092,1770294,199732417
239882105,23164333,3570223,1783767,200224793
236294179,22633385,3488884,1742975,196783888
239832621,23034934,3551138,1773977,199823192
239827445,23005435,3545960,1771570,199174403
239208923,22980384,3542477,1769731,199105147
239546679,23144467,3569629,1783553,200453660
239790047,23135218,3564220,1780391,200027928
239448782,23088444,3559436,1778122,199446721
240629423,23221019,3579713,1788296,200454777
238729491,22952293,3537828,1767500,198840020
240208712,23058129,3553938,1775577,199549846
235911769,22607430,3484991,1741018,196717114
237410525,22765024,3508873,1753061,197714393
240706849,23138978,3566602,1781862,200611297
239558351,23007219,3546637,1771790,199817932
239495879,23089732,3559855,1778256,200006009
239795857,23057249,3553698,1775531,199756436
241186200,23170446,3572521,1784515,200715572
239800094,22981496,3542884,1769850,199027366
240940775,23134700,3565037,1781390,200813244
240239576,23141138,3567350,1782114,200100805
236349091,22819494,3517469,1757283,196782321
239537727,23140938,3567274,1782101,200527250
240841627,23166597,3571124,1784061,200544678
240789011,23192697,3574952,1786019,200960112
239767664,22985688,3544492,1770387,199465177
239684398,23108559,3561069,1779362,199897777
240678719,23111687,3562291,1779751,200252265
240732479,23223251,3580553,1788557,201330373
239896014,23114351,3563246,1780068,199648504
239140185,23192552,3574935,1786015,199190026
235750663,22767840,3509824,1753379,197311673
239143925,23162781,3569652,1783559,200202684
238912629,23063897,3556143,1776340,199165777
239411519,22982784,3543378,1770001,198728119
240743800,23192177,3574782,1785995,200494867
239693075,23219131,3579020,1788059,200898092
239716635,23109423,3561363,1779441,200162432
240643565,23197992,3576961,1786684,200520910
240069438,23215437,3577601,1787602,200052993
239906465,23168789,3571906,1784330,199421289
236182363,22630617,3487738,1742590,196663102
239779680,23035870,3551551,1774137,199739657
240391739,23113527,3563005,1779979,200101471
239288961,22980905,3542646,1769784,199251911
241018170,23276665,3588800,1792648,201409670
239250264,23111407,3562157,1779719,199465860
239172238,23003803,3545345,1771383,199253321
240973261,23249702,3584606,1790597,201069241
240709757,23188112,3573252,1785459,200437229
239619810,23141706,3567651,1782211,199348796
236253884,22631937,3488339,1742806,196767995
238279184,22907751,3533841,1765472,198175481
240384987,23164086,3569166,1782737,200597376
239509212,23062769,3556643,1777191,199475194
240116221,23082612,3556297,1776375,199799351
239942635,23113471,3562938,1779961,199824430
240703650,23217019,3578207,1787787,200825742
239195978,23037462,3552030,1774267,199006872
239950410,23324337,3594952,1796126,199759668
240818766,23152655,3570028,1783721,200366765
236217130,22702357,3498746,1747619,197128559
240287693,23087420,3559046,1778004,200377669
239768054,23057002,3553567,1775472,199642622
240849467,23194376,3575619,1786234,200688396
240832777,23297964,3590882,1794056,201231825
238892652,22985312,3544283,1770324,199165611
239735895,23081860,3556919,1777268,200013051
239533625,23033102,3550526,1773785,199463062
239986089,23116511,3564142,1780365,200121599
239891566,23061474,3555181,1776006,199790207
237584660,22762831,3507979,1752882,197897926
238807448,22933273,3536380,1766175,199041886
239558816,23107684,3560943,1779355,200271377
239631732,23059545,3554431,1775737,199514420
240887430,23143314,3568248,1782445,200898494
241176562,23218531,3578749,1787954,200773847
239655523,23057427,3553658,1775517,199707992
240942005,23166077,3571010,1784016,200767449
239749631,23087606,3559033,1777993,199744010
239702509,22984904,3544146,1770291,199544640
239495204,23030022,3549345,1773391,199511211
240840760,23142338,3567825,1782266,200936906
239639913,22926106,3533858,1765489,199485921
239157732,23057794,3553854,1775571,199481795
239430522,23089084,3559617,1778182,200088786
239621824,23090068,3560114,1778342,200012087
240337038,23191392,3574467,1785854,200751785
240343033,23111695,3562303,1779755,200169428
240669756,23190312,3574029,1785711,200687368
236837565,22746277,3507704,1751967,197320730
239668251,22954741,3539685,1768787,199463097
239697625,23107183,3559608,1778202,199939375
237016584,22792659,3513243,1755195,197825466
239465994,23140179,3567081,1782038,200131575
239921884,23116111,3563938,1780286,200101525
239655583,23058097,3553895,1775572,199601912
240708854,23273625,3587691,1792337,200885010
238892674,23037310,3552007,1774267,199199041
240511465,23136092,3565502,1781518,200409968
237976274,22958661,3540148,1768297,198612561
238773982,22925594,3533756,1765422,198870972
241136485,23274921,3588154,1792470,201019302
239835344,23113336,3562882,1779948,199839402
239372441,22980440,3543204,1770735,199099607
240390507,23214723,3576645,1786512,200309531
239328783,23143674,3568377,1782457,199692666
240313326,23241574,3581490,1789574,200690774
240653125,23250206,3584801,1790653,200561036
239975138,23271961,3587048,1792119,200694727
237310952,22874476,3526310,1761593,198031553
238602093,22980048,3542307,1769680,199129048
239488023,23007739,3546838,1771836,199395985
239240320,22950718,3537253,1767308,199001073
239835078,23113455,3562872,1779953,199737924
239608775,23171349,3572926,1784646,199818064
239123715,23165365,3570584,1783893,199565995
240548068,23108255,3561002,1779317,200100452
240354770,23113399,3562870,1779934,200016729
240402229,23090342,3560107,1778382,200090734
236485507,22871300,3525149,1761212,197647895
238203242,22899535,3529771,1763440,198210659
240542372,23168765,3571895,1784325,200360834
239375352,23114031,3563150,1780047,199706651
239040988,23007275,3546578,1771771,199118789
239554542,23138219,3566374,1781797,199658255
240627151,23141210,3567469,1782151,199903985
219454270,22073474,3402511,1699829,183002426
240192753,23088852,3559537,1778159,200035557
239657721,23031078,3549708,1773525,199864478
236349309,22688295,3497683,1747284,196882918
239367908,23111759,3562308,1779758,200434206
240702408,23030134,3549223,1773339,200081657
238829795,22932658,3536350,1766362,199577261
238897575,22924410,3533215,1765375,199035752
239776196,23114128,3563198,1779953,200129633
239679884,23083036,3557384,1777432,200056115
240473467,23090876,3560290,1778422,200397136
240021037,23059883,3554598,1775851,199852768
239543844,22977696,3541347,1769361,199732805
236703545,22745029,3507204,1751834,197040217
239339157,23006859,3546385,1771732,199582003
239518122,22952349,3537897,1767514,199592758
241198247,23267802,3585430,1791589,201936519
238870237,22873612,3525994,1761491,198130456
239342731,23033838,3550712,1773837,199620857
240064749,23062473,3555609,1776164,200030193
240175555,23168765,3571849,1784297,200582687
240156275,23035006,3551161,1774001,199639417
239331980,23053345,3552130,1774992,199686021
237166135,22795211,3514218,1755522,197944337
238807000,23037510,3552050,1774332,199969751
239684671,22979456,3542123,1769602,199938030
239163132,23002620,3544873,1771227,199786976
239399347,22985296,3544268,1770339,199786106
239509586,23033622,3550628,1773837,199629444
239510185,23086124,3558521,1777791,200151290
240586644,23080956,3556608,1777191,200713784
240605626,23120609,3565536,1781868,200746751
239829049,22979112,3541936,1768542,199743781
237014192,22842017,3520024,1758847,197850163
239880531,22980824,3542639,1769785,199823345
238879322,22849289,3522645,1759702,199146149
239706904,22925379,3533665,1765422,199174927
239397837,22927194,3534214,1765623,200041427
239522501,22982592,3543268,1770009,199930207
239709344,23033046,3550436,1773744,199711731
238266259,22868684,3524120,1760883,198453998
240131945,23060585,3554861,1775910,200204839
239876938,23138722,3566489,1781849,200763779
237305121,22796347,3514602,1755660,198414851
239971120,22980392,3542451,1769733,199413427
238850533,22742397,3506147,1751479,198329907
238179444,22923986,3533083,1765228,199038542
239313779,22851418,3524462,1760991,198954103
239796381,23027470,3547373,1772068,200111944
240310509,23064345,3556283,1776383,200350608
240861722,23108711,3561086,1779342,200157673
240007463,22956919,3539540,1768095,199377717
239209866,23006067,3546222,1771681,199597113
237346879,22739149,3504925,1751047,197312699
240125467,23086228,3558587,1777852,199867878
238526036,22902719,3530967,1763855,198959976
239366043,23115215,3563567,1780180,200191619
239103888,23034143,3551742,1774862,199846647
239258088,22973184,3538794,1767848,199261198
239706762,23005595,3545964,1771563,199759929
239680483,23035862,3551490,1774122,199791026
240591111,23139674,3566823,1781955,200740360
239354670,23142026,3567698,1782259,200359292
236796727,22820542,3517861,1757431,197691118
239905330,23006619,3546382,1771720,200367161
239853558,22981560,3542849,1769855,199938365
238343544,22921402,3532093,1764910,199308625
239023659,22954366,3538597,1767761,199004310
239392187,22984184,3543889,1770194,199657001
239563436,23035270,3551214,1774028,199848964
239914245,23107103,3560537,1779161,199958927
240891971,23139828,3566892,1782005,200595511
239588393,22901935,3530672,1763758,199416603
237442856,22819926,3517575,1757303,197896815
240368811,23088940,3559630,1778179,200240703
239384801,22953045,3538083,1767609,199728222
240121716,23086413,3558631,1777850,200229286
239440973,23137746,3566060,1781709,200325256
239852642,23038534,3552505,1774438,200257000
240318870,23085260,3558264,1777730,200294050
240044947,23061270,3555083,1775970,200108751
240311397,23055948,3553128,1775363,200385635
240153000,23008636,3547127,1771952,200304059
237492088,22794970,3514174,1755533,198224781
239536393,22980529,3542454,1769692,199988452
238785336,22872916,3525694,1761452,199509738
238154880,22762768,3507974,1752754,198332102
239199420,22902631,3530961,1763835,199624665
240420076,23003195,3545060,1771285,200249014
241026370,23113111,3562780,1779915,201430302
239477318,22983504,3543633,1770142,200090100
239256932,22926628,3533989,1765542,199413108
239843445,23064450,3556296,1777350,200483290
236837941,22708833,3499473,1747617,197235353
239636375,22953654,3538358,1767680,199827687
238557397,22953853,3538328,1767681,199429391
239450592,23010491,3547808,1772195,199834956
239389209,23030806,3549629,1773495,199721352
240463786,23089444,3559790,1778252,200675079
240284492,23053033,3552002,1774947,200236480
240013454,22986496,3544725,1770462,199933931
240043255,23083348,3557542,1777485,200477075
239370495,22953086,3538124,1767601,199411873
237121693,22717769,3502868,1749680,197499150
239490046,23003267,3545154,1771311,199663918
238893438,22898560,3529367,1763311,199799155
237839635,22766376,3509403,1753234,198078240
239274437,22979304,3542140,1769620,199767823
239690642,22986832,3545760,1771494,199849818
240422598,23086724,3558789,1777884,200431915
240384926,23053745,3551321,1774060,200370934
239594000,22985146,3544230,1770340,200071553
239896708,23058873,3554220,1775694,200260368
237293398,22794507,3513961,1755459,197835810
239405594,22950389,3537056,1767248,199609293
238378576,22742789,3506340,1751527,198508466
239554880,23028759,3548870,1773223,199939503
239534116,22931530,3535817,1766146,199343999
240088410,23084860,3558166,1777675,200598042
240872833,23165989,3570839,1783972,201560507
239662883,23049638,3553271,1775391,199949476
239524131,23018742,3548407,1772396,200047528
239564054,22953637,3538166,1767658,199905071
237082309,22790979,3512597,1755000,198148615
239643307,22953029,3538045,1767566,199510389
238906506,22846169,3521612,1759374,199417330
237492602,22745430,3507276,1751853,197889397
239590497,22924490,3533306,1765319,199590979
239641350,22956693,3539831,1768999,199880161
240643341,23057369,3553245,1774524,200310400
238976880,22975968,3540763,1769177,199635944
240239597,23144660,3568664,1782590,200859643
239986246,23084076,3557823,1777574,200082889
236656390,22660076,3492943,1745037,197252118
239516212,22956901,3539526,1768066,199646739
239202038,23087596,3559111,1778023,200550376
239320303,22925075,3533463,1765345,199447163
239292369,22901015,3530389,1763659,199139820
239646644,23001947,3544610,1771138,199826967
239322757,22979792,3542309,1769656,199562422
240832186,23141202,3567425,1782141,201169447
239498233,23138850,3566524,1781851,200349348
239967384,23064521,3556317,1776403,200693027
237694897,22740301,3505375,1751228,197823796
239378312,22869740,3524503,1761017,198918550
238595065,22874804,3526334,1761628,199548947
238254147,22816179,3516342,1757041,198472046
239720513,22982996,3543300,1769874,199592112
239793693,23062865,3555745,1776214,200375000
239836960,23034582,3551013,1773934,200056849
240619003,23084444,3557898,1777592,200347444
239906224,23083782,3557606,1777547,200245844
239597364,23032910,3550445,1773752,200069089
237139989,22823318,3518893,1757757,198221758
239749898,22876300,3527016,1761855,199100600
238926793,22866913,3523444,1760623,199220539
239456554,22984747,3544086,1770263,199402510
239942179,22981937,3543058,1769928,199631775
239642287,23031046,3549724,1773509,200197426
239336574,22927202,3534253,1765628,199227181
240497804,23089996,3561016,1779324,200682260
240313281,23106767,3559423,1778099,200609330
240164405,23063337,3555906,1776263,200483032
236945090,22789867,3512185,1754846,197976914
239387385,22932378,3536309,1766293,199584007
239078121,22895319,3528245,1762952,199680178
238297593,22878732,3527831,1762118,199172979
240148053,22975897,3540853,1769155,200194196
239930923,22956029,3539202,1767963,199501456
239958533,22874460,3526358,1761618,199135356
240630558,23085116,3558127,1777682,200588499
240168596,22924164,3533139,1765266,199553830
238948920,22849113,3522647,1759711,198434202
238214545,22793595,3513600,1755297,198064665
239372595,22980176,3542438,1769738,199750260
239313732,22871924,3525379,1761295,199001759
239150680,22872845,3525678,1761379,198941431
239468838,22951365,3537486,1767368,198946645
240532573,23064361,3556279,1776400,200240153
238689237,22819662,3517498,1757297,198374531
240219757,23136554,3565664,1781556,200465829
240460666,23166237,3570974,1783997,200768063
240530098,23138639,3566898,1781991,200714651
236156544,22694202,3499460,1747864,197029132
239186769,22874732,3526408,1761815,199122610
239043698,22846193,3521566,1759194,199418810
238778188,22979585,3542119,1769611,199981684
239550388,23027750,3548410,1773085,200190318
240141338,23010387,3547746,1772200,200267825
239327607,22875828,3526797,1761766,198999863
239558840,22948471,3536247,1766985,199733848
240291198,23064107,3556193,1776379,200728676
239968364,22981096,3542700,1769836,199602463
236685306,22760136,3506950,1752418,197880994
239515470,23040414,3553033,1774655,199666958
238376409,22739677,3505292,1751167,198240232
239978264,23005763,3546041,1771609,199895201
238817028,22976513,3541016,1769237,199137350
239101541,22906279,3533238,1765294,199828647
238760230,22838418,3517751,1757403,199111251
239646773,22960140,3540715,1768451,199680140
240580220,23140314,3567035,1782033,200876530
238095706,22949629,3536768,1767147,199064362
240400697,23112151,3562491,1779819,201190298
239869574,23033518,3550532,1773801,200087521
238696816,22846217,3521536,1759351,199161164
239529314,22933282,3536600,1767389,199994123
237374215,22765009,3508804,1752045,197805281
239120567,23059137,3554262,1775758,199860896
240774053,23217915,3578526,1787865,201686575
238618007,22823478,3518892,1757810,198462273
238852933,22821456,3518073,1757508,198750078
236904944,22632361,3488519,1742877,197376736
240670619,23240654,3581119,1789442,201598614
239579153,23065025,3556516,1776459,199798487
239952138,23000076,3544459,1771083,199773493
239308077,22851872,3523106,1759896,199020161
239740501,22979233,3542101,1769596,199604794
240356244,22952885,3537961,1767551,199753479
240190128,23086068,3558488,1777776,200672907
239893818,23032278,3550111,1773697,200087942
240076110,22956805,3539489,1768060,200486734
237016933,22634801,3489384,1743139,197458626
239903259,23113911,3563083,1780028,200494716
240316103,23060537,3554801,1775914,200467477
238793240,22897680,3529076,1763214,199415311
240710631,23060353,3554695,1775877,200555337
236770813,22658700,3492481,1744874,197248295
240345823,23087116,3558869,1777927,200162890
239264338,22875756,3526647,1761760,198890441
241009360,23085101,3558195,1777717,200515148
239615877,22982130,3543025,1769942,199911749
237130669,22871699,3525232,1761242,198674359
238854357,22900080,3530027,1763534,198882195
238808697,22823534,3518929,1757794,198516188
240579274,23086700,3558694,1777893,200483015
238003297,22815294,3515822,1756767,198235745
240431231,23011635,3548296,1772363,200047706
240098772,23081740,3556880,1777281,200637497
238594856,22819726,3517553,1757316,198348955
239653324,23010443,3547780,1772167,200177300
239620047,23002939,3545046,1771287,199889181
236463501,22685519,3496579,1746936,197439464
239488831,22982264,3543131,1769936,199765366
239318845,22980256,3542394,1769736,199475958
240422962,23118632,3565203,1781597,200751076
237946619,22760864,3506924,1751544,198394046
238836124,22899247,3529645,1763401,199096063
240718935,23066113,3556871,1776602,200808613
240384247,23057881,3553791,1775553,200372138
240506851,23089668,3559851,1779270,200750914
240490647,23057668,3553723,1774554,200297748
226360985,22366235,3447640,1722409,189114001
239972603,23139282,3566694,1781907,200447003
240626742,23141770,3567580,1782186,200560803
240464328,23109567,3561541,1779511,200262069
239775430,22825902,3519871,1758077,199005383
240241772,23214419,3577255,1787471,200833813
239920771,23062250,3555506,1776125,199959340
241262775,23248390,3584067,1790414,201322993
239139615,23061441,3555208,1776027,199931362
240831058,23086812,3558780,1777896,200369377
236593851,22816246,3516284,1756889,197675799
240680893,23085580,3558340,1777753,200421903
240481480,23060025,3554649,1775826,200072487
239339030,22925418,3533607,1765414,199098100
238170647,22823894,3519129,1757848,198860697
239232593,23110232,3561733,1779565,200281775
239850300,23086100,3558523,1777801,199925745
239616285,22983176,3543522,1770062,199716987
239932168,23058833,3554253,1775724,199984487
240435303,23219773,3579146,1788124,200735890
237524475,22924810,3533409,1765334,197809043
240251700,23144882,3568776,1782594,200258584
239587787,23216403,3578045,1787728,200439441
239623633,23170373,3572462,1784510,199964201
238512990,22891768,3528068,1762887,198538482
239881225,23175285,3573141,1784715,200194289
239605669,23191304,3574508,1785881,200076048
239542689,23116231,3563936,1780299,199847012
239917097,23168085,3571602,1784213,200017647
240674622,23217923,3578613,1787930,200398955
236407565,22820326,3517753,1757380,197359605
240634621,23301548,3592240,1794513,200264444
239856585,23086748,3558786,1777893,199120905
239673948,23136666,3565737,1781585,199995363
238135468,22819110,3517307,1757227,198311543
239476797,23169318,3572074,1784391,200490903
239820347,23139866,3566986,1781989,199839946
240372606,23167741,3571515,1784192,200664106
240680628,23219883,3579273,1788153,200462166
239636383,23218389,3578701,1787979,200144749
237625304,23006435,3546365,1771698,198632703
239679837,23062041,3555377,1776083,199195672
239702456,23162325,3569488,1783515,199865483
240992093,23299853,3591567,1794289,201282553
238977090,23010251,3547790,1772178,199328859
240314622,23116063,3563887,1780275,199955808
239328610,23002643,3544951,1771248,199330889
240661760,23274433,3587953,1792379,201260836
240301375,23242230,3581775,1789684,200322557
240663218,23170182,3572453,1784493,200390058
237217048,22874363,3526231,1761585,197347389
240379510,23269290,3586046,1791769,200914654
239733782,23117351,3564373,1780446,199853912
239736050,23141218,3567386,1782133,199971316
238864158,22928194,3534750,1765779,199241164
237166573,22898199,3529283,1763275,197842932
241102120,23215923,3577799,1787655,200399314
239442123,23065457,3556699,1776518,199557516
240599566,23167613,3571493,1784173,200317079
240965081,23245753,3583056,1790131,200703003
237061502,22873676,3525948,1761483,197300007
240753372,23245894,3583227,1790148,200597906
240425711,23165309,3570522,1783855,199894932
238891450,23057841,3553877,1775579,199065756
240070964,23145274,3568905,1782632,200520153
240095968,23137746,3566199,1781746,200045985
239826255,23114543,3563306,1780082,199996247
240052209,23136739,3565808,1781598,200059370
240098883,23117751,3564448,1780461,199613296
240471825,23191864,3574675,1785943,199919938
238469266,23003163,3545223,1771323,197897136
240490748,23116095,3563891,1780279,200073651
238806275,23031078,3549688,1773501,199075058
240005447,23192800,3575011,1786040,200241340
238034324,22846913,3521844,1759613,198473585
238197527,23004987,3545816,1771336,198855616
239454251,23062986,3555783,1776209,199432639
240115550,23141946,3567719,1782234,200214375
240097539,23217269,3578301,1787837,200661635
240765763,23299300,3591389,1794248,201251604
237876659,23005179,3545847,1771528,198480430
240705998,23168589,3571844,1784303,200203936
240194244,23164869,3570391,1783820,200126850
239752032,23169069,3571985,1784349,199873852
239106685,23010828,3548016,1772261,199519315
238779191,23111279,3562070,1779682,199568209
240041175,23056489,3553414,1775422,200333414
240368862,23118295,3564747,1780557,200521700
241073747,23188992,3573592,1785583,200806464
239946390,23171541,3572908,1784654,200489888
236777730,22739173,3505006,1751059,197079941
240708086,23192872,3575074,1786077,201193895
239930239,23085852,3558449,1777790,200243180
240843455,23063538,3555897,1776259,200339466
238577783,22787955,3511594,1754642,198615654
239342087,23009371,3547458,1772058,199656183
240198617,23083172,3557462,1777456,199941821
240309321,23039862,3552994,1774595,200295854
240422692,23241880,3581627,1789657,201296794
239383004,22957325,3539638,1768095,198987233
238300288,22871716,3525343,1761256,198510754
239810233,23008788,3547168,1771996,199467518
241070249,23241238,3581449,1789540,201091079
240576297,23064497,3556345,1776405,200257460
239408386,23009155,3548305,1773034,200266604
240190089,23133938,3563784,1780260,200004860
239417756,23165829,3570771,1783927,200021849
240871594,23488490,3621164,1808928,200812963
239967859,23087204,3558899,1777958,199680649
240002630,23110807,3561987,1779634,199958566
238276899,22958909,3540279,1768323,198565416
240537027,23080796,3556552,1777150,200248479
239535066,23062705,3555714,1776191,199954132
239476244,22982920,3543382,1770025,199327421
239126331,22868692,3524145,1760891,199217683
238624887,22984824,3544406,1770363,199704468
240104322,23108912,3560919,1779296,200051280
240724098,23166245,3571004,1784009,200494277
240596794,23144692,3568706,1782598,200963119
238976919,22950173,3537008,1767217,198873228
238464400,22982384,3543201,1769969,199276436
241277029,23170397,3573460,1785521,201132034
241057509,23216652,3577142,1786730,201182114
239900654,23110911,3561933,1779652,200313134
240109380,23113039,3562825,1779928,200788890
240622391,23145810,3569114,1782965,200465311
239915940,23060001,3554626,1775564,199723585
240901673,23136338,3565683,1781567,200390706
240117259,23140387,3567092,1782044,200312065
240747859,23115423,3563720,1780197,200636602
238353181,22921458,3532156,1764932,198650989
239893731,23034846,3551089,1773964,199954518
240191941,23112855,3562672,1779890,200231692
239043986,23006395,3546338,1771680,199012982
239642622,22953133,3538207,1767630,199871888
238425964,22932066,3536096,1766230,199040667
239848050,23084325,3557881,1777586,199895876
241262129,23192744,3574949,1786015,201137991
240652632,23246016,3583227,1790178,201226327
240618295,23197056,3576581,1786565,200595616
238239056,22871380,3525208,1761229,198432702
239927391,23033110,3550397,1773739,199975872
240241721,23138450,3566459,1781810,200516356
239639997,22984009,3543764,1770169,199128704
240139953,23163189,3569852,1783625,200568894
239776708,23165365,3570588,1783878,199514888
239875952,23144034,3568522,1782511,200070570
238842029,23031630,3549905,1773574,199471335
239364953,22984048,3543845,1771053,199277627
240067555,23138610,3566425,1780938,200515853
238600539,22897327,3529008,1763188,198759725
239675174,22981432,3542875,1769870,199372726
239946033,23085588,3558375,1777751,200183310
238643282,22899711,3529858,1763473,199087774
239455740,22875013,3526526,1761679,199467057
238700021,22903423,3532166,1764921,199072800
239864414,23056313,3552330,1774364,199984122
241000926,23195120,3575898,1786345,200713186
241291783,23244136,3582450,1789915,201117471
236810295,22769304,3510436,1753579,197667964
239626587,23054377,3552539,1775130,199975209
240614608,23223035,3580452,1788543,201117147
240829097,23193449,3575274,1786114,201013566
239444619,23090508,3560229,1778386,199882526
238841539,22872700,3525648,1761368,198723042
224891338,22575555,3478933,1738280,188167261
237069714,22798587,3515431,1755968,197697146
239945357,23003435,3545257,1771330,199907487
238984303,22870892,3524954,1761163,198958443
237094450,22689167,3497992,1747390,197267424
239343053,22955733,3539097,1767945,199794001
239668898,23001635,3544430,1771069,199836650
240508289,23062602,3555662,1776189,200597253
239753776,22953541,3538250,1767644,199803109
239233571,22900151,3529962,1763508,199665467
239302589,22982440,3543287,1770003,200127561
239775016,23007707,3546755,1771854,200084717
240236420,23032390,3550208,1773678,200527241
240100352,23002110,3544655,1771152,199942384
237316534,22822653,3518568,1757682,197852816
239886021,23007980,3546927,1771906,199688598
241097184,23140186,3567071,1782029,200530876
240861062,23217827,3578476,1787883,200416175
240281046,23543839,3629970,1813271,200258304
238746248,23005003,3545781,1771528,199236978
240649888,23139491,3566797,1781934,200660062
238997868,22984240,3544799,1771193,199076799
239866779,23110855,3561051,1778663,200443727
240893752,23108039,3560830,1779277,200813267
237010282,22690999,3498668,1747610,197576127
240309953,23041198,3552861,1775277,200685917
239540118,23079196,3556492,1776468,200583621
240260126,23061025,3555056,1775965,199794072
239198156,22897295,3528928,1763147,199126579
239931626,22904048,3531465,1764034,200167044
237088154,22709682,3499826,1748702,197496858
240791753,23089316,3559674,1778189,200881433
240907693,23114815,3563426,1780136,200951907
239850610,22981218,3543759,1770848,199969354
237904467,22946973,3534790,1765829,198931208
239429086,23059361,3554357,1775742,200069606
240836836,23200289,3577890,1787996,201349648
239184513,23057009,3553456,1774445,199056716
240680310,22983136,3543506,1770654,199804025
239663171,23025822,3547753,1772267,199747833
239378561,22960973,3541086,1769030,199806498
239523855,22893375,3527438,1762211,199022923
239749602,23034974,3551196,1774019,200000325
240482922,23090733,3560289,1778402,200631629
236812241,22736436,3503957,1750735,197249549
240527633,23111984,3562272,1779781,200625243
238743295,22929114,3535007,1765876,199264078
240107082,23057409,3553681,1775503,200178643
239044229,22903439,3531225,1763941,199276931
239689222,22926978,3534228,1765599,199886843
237842601,22636673,3490126,1744398,197514541
240272063,23080180,3556319,1776084,200508083
239270303,22932594,3536352,1766339,199236441
240736476,23135357,3565097,1781404,200759815
236892426,22844984,3521104,1759198,197630788
238685293,23195264,3575961,1786360,199205732
239652218,23305364,3593626,1795859,199400793
240570261,23309354,3592795,1794519,200691535
240140795,23077903,3558731,1777902,200310679
239721255,23054737,3551698,1774160,199666221
240406406,22981248,3542737,1769822,200283909
239682998,22894924,3528505,1763051,199255705
240256688,23091840,3560205,1778377,200483584
239944408,23061025,3554960,1775957,200278148
237196647,22737245,3504278,1750855,197646105
239536731,23064201,3556220,1776363,200120050
240031332,23057553,3553751,1775545,200065336
240749934,23063257,3555807,1776236,200626081
240170939,23108423,3560915,1779307,200464798
239279968,22876196,3526949,1761828,199475550
237753831,22769512,3510487,1753597,198203990
239728581,23080637,3556539,1777149,200577126
240454951,23060537,3554763,1775870,200090300
240623030,23063155,3555867,1776291,200229951
237143018,22842521,3520093,1758873,197767992
240644468,23120151,3565443,1780791,200751722
240819058,23111911,3562301,1779784,200737891
238504429,22871940,3525275,1761250,198676803
239845711,23004499,3545575,1771468,199620368
239732185,22955534,3539087,1767913,199667989
239143386,22951333,3537431,1767372,199468800
240823905,23165885,3570791,1783952,201282855
240108732,23009443,3547436,1772079,200012927
240085544,23086124,3558521,1777813,200763194
237413255,22874692,3526377,1761634,198238957
239479454,23111031,3562026,1779668,199968298
239668768,23033934,3550728,1773844,199857192
240208757,23006244,3546236,1771667,200004986
240361000,22956661,3539402,1768032,199899243
239629063,23006411,3546301,1771701,200000130
238779595,22949661,3536828,1767179,199232728
239645987,23020660,3550039,1773610,199256728
239604035,23149193,3567098,1782035,198689784
239625877,23276918,3587940,1792429,199514019
236534493,23517868,3626259,1811325,197202871
238963471,23139098,3566669,1781886,198766038
239725614,23189392,3573734,1785615,200067233
240288475,23039895,3552939,1774607,200100533
238902731,23003755,3545340,1771366,199520076
240581900,23090124,3559947,1778305,200431602
238241935,22841241,3519729,1758733,198930824
240002655,23037086,3551951,1774282,199944372
238696826,22953933,3538344,1767666,199063314
240005616,23242278,3581851,1789678,200297961
236970627,22770248,3510731,1753695,197664066
238750086,23055825,3553040,1775319,200073599
239121578,22877860,3527541,1762009,198797412
240571426,23028926,3548808,1773188,200057128
239627346,23009891,3547679,1772179,199790688
239953165,22999661,3544961,1771247,200080067
238981341,22881715,3527844,1762127,199092498
236136516,22737389,3504284,1750830,197232840
240696936,23249670,3584577,1790587,200867408
240340972,23188922,3573534,1785590,199992717
237130842,22740397,3505471,1751262,197257363
238841086,22874948,3526427,1761659,198780481
239767969,22952621,3537891,1767507,199563088
239583729,22957261,3539696,1768092,199213776
239602841,22977497,3541380,1769397,199544792
239870919,23062801,3555699,1776186,200233537
238886423,22821942,3518337,1757747,198871401
239486143,22972928,3539606,1768627,199239134
240781762,23147546,3570793,1783946,200968832
240015862,23082380,3556069,1776336,200197112
238146269,22843289,3520550,1759001,198884923
239509837,23012827,3548706,1772495,199961840
239677446,23188552,3573309,1785504,200945841
239381439,23059321,3554498,1775785,199853176
239286776,23086509,3558543,1777821,200271464
239416540,23092420,3560972,1778649,200013166
239947142,23216947,3578157,1787769,200380538
237726868,23221428,3579833,1788325,197985979
239981620,23514732,3625081,1810919,199417597
239346954,23300158,3591649,1794382,199360828
237076859,22847001,3521869,1759425,197276023
239951864,23135930,3565448,1781517,200220091
239503364,23112303,3562449,1779783,200453380
239508523,23146354,3569357,1782821,199808596
239949028,22980473,3542499,1769935,199598043
239207065,22980240,3542395,1770474,199100770
238528461,22866796,3523387,1759676,199067766
239187064,23038654,3552509,1774439,199734031
240450056,23216147,3577860,1787678,200612386
240827923,23247318,3583701,1790284,201526271
237120230,22738205,3504610,1750972,197538530
240332443,23039982,3553007,1775608,200534084
231052211,22548405,3474662,1735206,192510848
240666773,23164809,3570401,1783816,200940870
239186635,22876492,3527052,1761858,198709745
240780920,23140882,3567325,1782110,200673113
239999246,23088788,3559527,1778143,200610529
238283106,22845801,3521469,1759327,198303293
240071187,23110639,3561839,1779587,200401606
240528373,23090503,3560235,1778405,200380299
238891643,22953741,3538404,1767686,198735734
241266309,23138442,3566376,1781793,200586638
240610300,23111391,3562133,1779702,200050342
239936015,23089116,3559610,1778137,200029362
239806707,23112999,3562815,1779953,200426854
239884456,23056833,3553468,1775434,199824144
238867292,22818982,3517305,1757242,198511358
239792174,23062746,3555665,1776174,199855633
239566000,23062209,3555399,1776091,199771280
239694641,23035062,3551252,1774023,199575155
237020575,22736797,3504111,1750776,197385878
239710624,23088028,3559279,1778059,200120926
239391151,22896703,3528738,1763120,198218844
240980859,23245198,3582922,1790026,201072882
239552097,23067425,3557423,1777657,199348628
239863446,23321751,3593925,1794867,199903160
238786250,23010139,3547689,1772142,198609884
238462584,23031278,3549690,1773506,198940042
239825134,23111274,3562136,1779738,199968568
239727308,23011675,3548348,1772348,199955474
236978211,22736372,3503956,1750734,197073176
239902181,23137675,3566105,1781722,200628930
239659982,23093065,3561107,1778670,200026734
239760524,23084279,3557946,1777619,199873491
240660309,23136946,3565838,1781610,200484080
240086767,23219475,3579133,1788095,200486577
238502762,22823406,3518975,1757796,198813846
240340835,23039517,3553032,1775300,199798919
239965854,23011917,3546466,1771737,199517722
239954790,23077604,3557078,1776629,200172706
236606562,22666536,3494723,1746311,196559353
239541925,23028474,3549419,1773004,199699168
239416269,23026630,3548045,1772676,199057919
239385610,22954901,3538750,1767808,198981043
239745480,23168557,3571859,1784291,200508598
239994665,23161890,3569546,1783534,200457012
239793621,23008318,3546833,1771882,200008410
238697224,22905631,3532040,1764173,199083767
240066288,23107769,3560811,1779288,200428956
239381572,22933866,3536929,1767462,199241130
237284405,22787723,3511270,1753591,197480966
239877915,23036422,3551682,1774178,199978793
239802640,23110552,3561855,1779572,199849091
239314002,22899159,3529649,1763421,198729537
240386034,23063713,3556054,1776300,200109913
240903058,23165005,3570523,1783832,200656622
239127568,22848161,3522289,1759619,198970667
239900993,23005315,3545918,1771537,199249799
239737318,23063321,3555931,1776279,200102769
239534510,23057881,3553826,1775564,199724858
237594270,22845185,3521196,1759234,197875592
239941014,23198048,3576951,1786651,200552594
239856393,23112760,3562663,1779895,200101951
239237177,23267649,3585449,1791569,199673878
239544620,23275081,3588206,1792483,199875591
239871597,23112175,3562458,1779812,199547242
239984517,22903575,3531335,1763961,199726001
238198541,22767696,3509750,1753356,198384416
239906154,23111409,3562207,1779744,200138194
239641536,23138794,3566488,1781837,200328968
237084180,22791931,3512995,1755120,197598814
239750392,23088436,3559446,1778100,200101776
239386065,23037382,3552005,1774287,199809082
239320768,23003852,3545426,1771389,199388334
239560020,22981728,3542972,1769882,199393235
239604888,23082516,3557202,1777384,200283251
238408930,22794571,3514036,1755467,198742042
239943929,23038286,3552274,1774365,200051024
240529706,23164989,3570558,1783840,200545899
239233140,23056585,3553362,1775419,199759721
239726133,23113311,3562863,1779947,200279098
239484732,22958901,3540290,1768315,199424590
239790731,22952685,3537994,1767540,198931817
239495862,23054642,3552665,1775193,199802578
239630520,22958877,3540228,1768290,199412396
239664382,23060489,3554851,1775915,199652503
240033678,23000499,3544099,1770956,200171403
239397106,22929442,3535160,1765891,199501701
240090955,23058523,3554098,1775697,199597697
220993270,22024924,3396075,1696332,184189130
239851989,23082060,3557096,1777318,200505529
239889008,23010923,3548013,1772262,200176682
239455838,23001763,3544605,1771114,199627542
239512588,22979873,3542293,1769661,199568552
239801177,23066537,3557085,1776654,200296806
239693771,23084460,3557966,1777626,200153760
240031807,22976544,3541046,1769234,200147781
239975750,22959045,3540275,1768301,199870311
240038996,23080244,3556397,1777119,200040806
237504571,22793664,3513668,1755345,197626001
239879523,23036753,3551828,1774203,199640145
239987025,23141114,3567432,1782154,199884563
240188898,23062290,3555431,1776093,199511628
239362779,22980640,3542638,1770761,199192633
239744013,23027918,3548536,1772137,199596951
239609392,23035598,3551288,1774012,199854683
239837218,22901063,3530472,1763677,200020084
237570148,22687191,3497282,1747139,197819881
239738482,23028384,3548594,1773155,200026739
237225292,22874364,3526312,1761616,198494339
239781314,23032102,3550063,1773625,199744830
239830921,23060417,3554894,1775917,200384750
239937870,23007267,3546616,1771783,200032478
239606045,23062058,3555421,1776093,200185474
239461607,23036662,3551817,1774209,200276629
239929808,23061369,3555196,1777009,200727104
238082425,22872380,3525482,1760329,198907122
240615369,23031822,3549898,1773576,200134762
239914694,23062345,3555636,1776162,200496809
237487264,22845481,3521308,1759243,198402055
239002480,23054513,3552604,1775160,199838677
238825573,22853313,3524256,1760237,198695956
239978233,23086180,3558610,1777832,200620906
239465441,23061513,3555174,1777002,200082141
240027940,22840353,3519403,1757613,200424868
239921900,22979105,3541993,1769576,199776939
239163242,22875412,3526679,1761725,199241466
238046972,22764832,3508753,1753015,198314838
240584511,23066851,3557138,1776702,200133064
237757853,22793099,3513521,1755286,197946646
240838379,23136010,3565481,1781499,200784277
239789045,23118631,3565103,1781595,200920141
239873450,23029686,3548893,1772323,199795905
239576377,22953798,3538450,1767693,199777074
239889941,23061065,3555059,1775954,200209635
239875699,23086636,3558741,1777892,200360822
238584285,22869268,3524337,1760955,199240115
240838174,23059505,3554476,1775772,200632903
239939134,23091324,3560508,1778469,200422065
237987675,23003443,3545256,1771332,198569161
239791645,23170581,3572557,1784560,199724144
239863923,22978640,3541820,1769499,199237588
239563672,23035630,3551424,1774073,199081393
239620308,22954542,3538607,1768614,199344356
239775372,22979136,3542049,1768712,199432907
239702497,23135450,3565259,1781450,200492289
239903557,22984592,3543959,1770191,199895790
238907772,22819750,3517608,1757356,198972856
239794245,23060179,3554705,1775873,200251044
237239562,22792131,3513101,1755155,197767357
239624629,23109007,3561288,1779423,200856425
239612953,23035774,3551446,1774071,200142639
239692336,23114311,3563247,1780069,200718765
239698187,23007868,3546862,1771871,200043029
239635064,23005619,3546034,1771593,200198702
239889846,23032486,3550249,1773693,200024737
239162883,23038174,3552372,1774859,200142676
240332758,23163677,3569941,1783182,201375231
240066190,23086892,3558867,1777921,200262722
237536144,22869196,3524342,1760974,198505380
239828273,23006739,3546477,1771736,200366479
239888637,23093300,3561230,1778718,200620184
239781225,23113408,3562923,1779945,200479793
239689760,23111591,3562229,1779726,200567443
239503702,22925322,3533596,1765408,199456571
240371528,23004571,3545629,1771433,199918849
220602204,22158299,3416673,1706624,184059566
237329463,22655924,3491474,1744540,197862772
239860329,23009165,3547283,1772044,200167782
236997506,22716514,3502410,1749522,197416168
239474868,23106647,3560358,1779124,200343578
239816325,22986376,3544732,1770492,199795603
239316875,23000163,3543971,1770907,199492801
239351194,23008428,3547059,1771941,199439585
238720414,22931450,3535882,1766185,199008480
239355395,23027046,3548153,1772976,199725495
239363837,23090164,3560070,1778337,199993764
238783300,23004507,3545617,1771469,199161902
240661532,23139458,3566698,1781912,200420167
237354451,22719642,3503498,1749913,197789586
240563288,23058105,3553988,1775623,200402778
240432122,23140066,3566959,1782011,200734238
239492599,23009403,3547384,1773051,200053679
239459616,22949877,3536977,1766215,199306823
240253570,23035287,3551200,1774016,199773623
239321656,22975728,3540707,1769137,199664009
239453613,22959373,3540453,1769199,199711934
237209040,22789675,3512104,1754009,198476595
240553735,22982690,3543315,1770027,200174920
237733026,22869492,3524473,1761001,198438394
240691328,22979832,3542227,1769644,199643033
239621830,22952525,3537843,1767514,199550212
240027625,23199376,3577522,1786863,201409486
239146505,22952749,3537951,1767549,199318237
239810489,23187369,3572968,1785369,200942165
239731735,23035902,3551481,1774094,200315636
239611443,23009507,3547511,1772084,200265187
238896340,22977168,3541228,1769333,200080779
240514452,23064465,3556304,1776399,200740895
238572030,22977896,3541503,1769383,199621870
239636680,23112903,3562718,1779914,200423309
240093040,23166861,3571211,1784073,201011650
239844114,23084628,3557986,1777606,200355876
239708016,23116344,3563946,1780329,200964816
225599883,22632425,3488565,1742866,189531189
239990621,23083180,3557440,1777439,200117309
240950572,23199056,3577410,1786850,201623920
236765884,22739533,3505077,1751118,197857496
240032158,23061323,3555245,1776058,200417089
237418501,22712698,3500965,1749047,197125234
239841951,23007795,3546814,1771824,199366348
239824262,23111279,3562110,1779693,200036014
239860394,23083236,3557520,1777504,199950979
239710054,22955454,3538997,1767857,199668904
239816198,23110551,3561826,1779604,199838769
239388145,22932018,3536109,1766237,198612243
238969312,23001227,3544338,1771051,198976576
240136408,22926394,3534034,1765538,199794850
239983690,23113711,3563056,1780012,200143486
237081154,22771840,3511295,1753864,198117161
240374688,23085708,3558453,1777781,200558383
239353279,23033830,3550742,1773842,199476856
239689960,23008459,3547092,1771949,199731096
239485285,22924250,3533172,1765255,199109918
240340686,23087189,3558938,1777952,200022105
239918869,23114143,3563194,1780057,200287946
239442403,23001563,3544580,1771085,199425028
237771090,22719468,3503478,1749911,198080462
238033935,22871582,3525198,1761256,198502776
236396218,22636065,3489863,1743308,196492693
240666789,23106743,3560448,1779132,200410950
239146815,22874404,3526212,1761576,199169332
238863370,22926618,3534146,1765582,198755534
239288588,22957917,3539932,1768195,199467770
239537607,22982704,3544276,1771014,199264728
239358058,23001163,3543405,1770033,199682276
239295288,22904655,3531727,1764091,199167032
238776310,22999788,3543892,1770867,199717222
239740402,23038214,3552349,1774393,199849331
236798042,22789066,3511932,1754773,197267232
239562841,23010804,3548019,1772233,199836580
239622018,22927810,3534508,1765730,198968923
239677085,22921394,3532106,1764906,199213495
239421370,22954917,3538797,1767815,199440708
240878620,23091604,3560650,1778510,200759231
240278306,23140626,3567240,1782079,200653439
239756768,23006763,3546476,1771747,199801384
239264163,22927658,3535404,1766673,199771164
238269548,22896850,3527826,1762138,198739013
236872673,22823165,3518829,1757730,197540140
239626752,23086005,3558548,1777829,200052001
239573220,23033422,3550579,1773795,199227033
239632065,22954685,3539628,1768779,198776246
239769084,23085660,3557485,1776784,199168467
240748586,23213403,3576857,1787332,200641965
240281513,23037278,3552001,1774267,200185376
239589810,23083564,3557641,1777483,200253145
239086680,23059905,3554593,1775847,200510794
239711992,23112968,3562747,1779886,200021231
237378980,22849312,3522777,1759760,197992332
239967481,23138931,3566563,1781856,200137575
239822849,23039318,3553794,1775531,200122054
239611373,23080588,3555510,1776120,199897736
239518072,23087644,3559111,1778014,200239561
240735675,23114239,3563236,1780073,200605165
239904413,23085652,3558403,1777764,200088415
239689060,22900367,3530111,1763553,199142483
238635304,22904095,3531541,1764025,199184543
237973617,22789382,3512040,1754826,198186054
237044263,22766375,3509264,1753200,197639613
239626878,23010835,3548030,1772245,199526298
239475528,23027543,3548385,1773072,199194817
239669637,23064657,3556370,1776402,200124155
239287924,23004123,3545487,1771419,199093758
239023910,22930362,3535505,1766037,199150638
239360548,22953541,3538264,1767647,199315881
239966595,23003435,3545261,1771324,199462002
238140092,22851433,3523549,1760003,198792414
240139567,22973720,3539941,1768878,200041601
237014613,22715818,3502125,1749452,197463485
238790628,22951941,3537728,1767444,198939357
239180062,22957957,3539930,1768202,199252275
239441527,23031430,3549854,1773558,199791441
239935625,23036542,3551762,1774176,199664824
239791139,22949509,3536742,1767136,199025218
239994820,23033503,3550628,1773814,199803331
239605100,23004507,3545588,1771447,199506304
239044313,22824750,3519437,1757944,198916799
238426906,22795229,3514211,1755546,198402818
238278302,22842361,3520155,1758876,198101695
240432112,23091524,3561493,1779493,200101292
239951642,23159461,3567498,1782164,199774273
239966851,23217419,3579124,1788087,199877062
240048669,23065641,3556015,1776286,199226655
239905717,23167334,3571349,1784135,200284080
239330999,23063313,3555944,1776412,200167895
240030734,23138058,3566269,1781597,200406314
240013312,23187928,3573227,1785448,200900061
239826405,23062449,3555514,1776115,199726897
237230014,22794035,3513824,1755394,197804055
240325946,23166357,3570951,1784013,201077425
240469026,23249550,3584613,1790591,201303626
239651547,23062026,3555366,1776067,200165674
239704602,23085196,3558242,1777722,200363479
239844106,23246942,3583544,1790242,201416348
239630881,23035190,3552181,1775012,199834921
240762486,23131994,3563066,1780013,200572771
239411724,22875012,3526484,1761664,199566842
238326327,22825528,3519670,1758060,199013529
237526793,22759985,3506939,1752399,197496533
239989178,23040269,3553139,1774651,199791776
240280523,23085917,3558489,1777798,200422651
239685824,22980656,3542547,1769743,199624602
240019680,23026990,3548186,1773002,199807332
240764949,23060017,3554683,1775843,199893839
239519321,22954437,3538628,1767767,198983180
239950899,23060361,3554799,1775885,200096459
238986743,22878556,3527829,1762089,199325622
239757415,22950038,3536965,1767212,199625737
237053685,22580850,3480966,1738959,197678912
239709381,22981008,3542686,1769818,199714678
239633308,22951782,3537641,1767426,199560555
239311441,22901727,3530617,1763718,199349087
239564239,22983136,3543509,1771013,199704428
240036808,23031790,3549975,1772671,199838324
239927183,23059905,3554558,1775814,200064914
239671954,22981904,3543095,1770907,199802750
239037576,22817838,3516830,1756084,199095174
238294012,22682481,3495475,1746577,197521673
237253193,22867412,3525532,1761327,198411750
239919885,22987312,3543213,1769984,199295368
240032799,22928954,3534888,1765839,199608688
239802604,22924411,3533251,1765276,199512613
239435314,22825374,3519712,1758043,198958488
239705185,23029454,3549105,1773296,199502029
240496217,23167813,3571535,1784199,201309164
240637210,23085684,3558416,1777770,200476999
239202733,22901687,3530649,1763730,199116036
237520153,22793219,3513467,1755278,197713998
239594609,22977488,3541394,1769366,199143804
239694041,23033878,3550703,1773852,199900308
239760988,23038927,3553635,1775474,200076169
239730952,22974408,3539191,1767951,199514834
239855192,23036118,3551609,1774147,199498158
240528174,23035174,3551284,1774021,200381681
239055254,23032598,3550293,1773704,199564060
239231930,23007411,3546678,1771800,199253842
239013049,22901183,3530418,1764579,199319231
235583796,22604112,3483791,1739734,196778341
240117771,23114415,3563279,1780064,200318358
239658857,23005787,3546069,1771611,199710236
239669143,22953861,3538465,1767714,199430776
239747601,22953214,3538070,1767559,199404133
239596154,23004611,3545747,1771498,199571247
239805796,23008435,3547102,1771963,199690935
239040677,23007867,3546824,1771855,199437818
240601075,23035038,3551206,1774010,199914665
239441261,23112159,3562442,1779786,200661577
237684021,22683887,3495971,1746700,197860381
239281511,22953141,3538221,1767642,199263893
239677710,23004403,3545567,1771445,199784381
239824453,22930058,3535337,1765981,199595174
240069864,23055187,3553264,1775362,200144145
239766777,22985855,3544164,1770295,199654562
239916329,23063417,3556870,1777256,200029251
240545633,23033382,3550571,1773786,200219182
240873043,23111535,3561309,1778736,200816167
239982601,22981424,3542819,1770584,199342301
235420694,22548114,3474532,1735425,195991244
239541617,23078033,3558016,1777619,199737735
239713305,23018807,3548524,1772449,199859582
239800981,23113935,3563125,1780028,200393032
240412814,23054545,3552631,1775158,200194208
241049737,23113023,3562728,1779885,200701760
240524402,23065961,3556890,1776583,200481144
239397169,23054537,3552645,1775173,199944800
238816540,22928578,3534841,1765808,199360538
239283829,23139370,3566690,1781900,200357749
237814238,22660468,3493147,1745088,197579854
239940100,22901504,3530583,1763713,199353986
239900994,23084937,3558084,1777648,200169212
239634549,23006630,3546463,1771746,199719537
240472562,23128467,3566441,1781814,200444241
239815133,23075776,3556753,1776548,200063308
240307335,23087604,3559176,1778004,200449964
239186956,23081092,3556639,1777187,199529744
239862524,22926339,3533946,1765530,199370748
239506967,22824936,3519526,1758008,198953740
235315389,22552440,3476196,1736672,196553260
238986512,22901071,3530402,1763658,198703897
239513723,23003691,3545301,1771367,199511285
240330055,23064953,3556512,1776450,200196410
239098748,22871684,3525266,1761254,198787464
224678386,22232340,3426819,1712032,187674604
239329812,22151339,3414132,1705762,200845371
239416353,22742189,3506118,1751448,200196865
240372535,23030286,3549328,1773389,200340681
239610794,22960333,3540899,1768519,199807985
237462375,22761184,3507373,1752563,198036830
239508002,22958541,3540130,1768241,199247316
239668428,23030023,3549343,1773395,199691626
241030387,23115807,3563709,1780210,200765493
240492480,23139458,3566905,1781982,200797375
240152531,23009979,3548587,1773137,200303503
239772336,23056793,3552532,1774442,199728448
240228569,23088924,3559605,1778162,200234473
238902860,22925826,3533827,1765463,198692913
239943692,23007382,3546640,1771849,200384789
235037474,22473102,3464098,1730599,195976028
239533120,23004748,3545724,1771498,200183131
241318545,23245950,3583198,1790121,201592895
241156481,23192360,3574785,1785958,201175425
240651783,23114111,3563264,1780088,200647209
239842519,23004539,3545609,1771449,199673730
240938374,23166094,3570847,1783981,200983860
240139348,23063009,3555835,1776213,200080735
238845385,22951893,3537643,1767440,199156391
239891865,23010283,3547800,1772161,199681069
237349464,22683823,3496020,1746753,197581185
240556964,23060217,3554749,1775848,199676493
240725616,23138058,3566302,1781764,200773269
239746779,22987528,3545670,1771625,199735320
239594417,23030606,3548952,1772435,199838113
239494815,23142866,3569089,1783356,200486857
238748275,22895655,3527582,1762061,198755264
239790862,23063546,3555749,1776198,199750921
239929968,23029534,3549159,1773323,199813349
240988476,23118049,3564606,1780523,201198208
235862201,22660452,3493153,1746092,197051827
240923040,23161421,3569149,1782397,200923464
240983170,23114727,3563444,1780136,200725739
240364073,22980841,3542592,1769769,199652923
238568813,23009379,3547469,1772059,199814652
239728223,23053073,3552018,1774953,200127086
240826415,22986704,3544854,1770524,200234464
240836703,23054841,3552742,1775211,200339077
240049625,23035166,3551234,1773999,199987377
240684985,23112719,3562619,1779848,200565342
236349514,22686999,3497230,1747143,197309757
240620622,23089436,3559843,1778252,200703697
239715984,23004820,3545739,1771486,199674024
239518337,22876036,3526896,1761786,198615358
239342127,22981400,3542866,1769845,199475927
240293753,23160237,3568625,1783250,200394921
241055299,23142626,3567996,1782339,200588842
239359517,23058385,3554061,1775632,199754377
239657133,23034542,3551014,1773941,199691299
239814146,23008477,3547066,1771954,200004956
235896888,22602670,3483242,1740427,196922423
239552680,23008371,3547127,1771960,200036099
239994101,22981705,3542936,1769872,199711266
239492962,23006547,3546450,1771745,200100739
240258255,23056833,3553427,1775419,200607417
239426263,23010139,3547735,1772167,199449234
240456537,23035654,3551477,1774089,200224697
240613067,23135466,3565246,1781400,200774530
239513054,22953485,3538297,1767642,199349842
239292094,23032358,3550169,1773684,199826071
236085897,22553888,3476729,1736869,196424832
239914532,23034454,3550952,1773925,199733400
239332866,22906279,3533322,1765287,199198048
240329212,23079973,3555276,1776059,200367185
239319900,23012931,3548703,1772490,199579073
240687051,23083524,3557667,1777528,200471866
238852805,22873668,3525926,1761483,198973750
240573581,23006371,3546420,1771717,199825893
240129046,23002851,3544998,1771236,199559374
240664445,23010661,3547873,1772244,200119840
236065440,22633281,3488807,1742955,197379683
236278420,22663740,3494354,1745487,196756631
239935437,23026886,3548183,1772993,199743013
239944218,22984665,3544100,1770279,199973309
239311584,22974944,3540443,1769041,199340267
240675346,23067849,3557800,1777793,200433559
239053370,22869252,3524144,1759968,198436458
239820019,23036358,3551694,1774172,200215832
240983635,23165229,3570490,1783852,200988280
240310612,23055313,3552992,1775271,200588660
237135312,22639025,3490983,1743679,197826075
239640622,22896999,3528851,1763132,198945423
238898510,22981984,3543059,1769930,199598919
239069957,22871948,3525378,1761281,198700393
239645974,23032983,3550435,1773753,199711651
240035086,23091540,3560581,1778558,200281049
240378793,22976856,3541150,1769216,199570216
240304924,23089140,3559717,1778205,200435421
240584949,23006859,3546510,1771759,200264995
239930053,23054963,3552726,1775214,200317702
237402813,22850529,3523185,1759875,198627376
238241827,22842729,3520300,1758919,198535075
239943649,23089661,3559864,1778244,200351217
240740514,23032038,3550075,1773630,199992404
240286979,23038254,3552425,1775410,199708674
239052625,22894463,3527832,1761803,198585211
240268036,23032270,3550290,1773706,200169921
239628606,23008187,3546949,1771886,199586234
240201311,23085948,3558462,1777790,200371096
240056460,23060881,3554961,1775927,200087717
237892015,22742477,3506298,1751523,198226988
239638315,23006036,3546162,1771631,199484367
241224261,23141986,3567774,1782267,201120995
240378086,23031390,3549830,1773553,199843372
240492947,23032934,3550403,1773712,200202524
240761472,23116663,3564054,1780316,200373718
240081049,23112368,3562608,1779876,200561659
241062892,23094082,3560660,1779203,200985506
240615796,23100665,3559004,1777980,200444293
240353873,23087030,3558913,1777951,200390568
237547322,22742261,3506140,1751474,198660965
238618281,22900023,3530008,1763533,199384398
239801109,22931282,3535777,1766128,199597521
239008643,22953909,3538473,1767799,199212325
239221013,23026750,3548089,1772845,199733298
241278964,23090533,3560203,1778357,200404270
241048333,23273209,3587509,1792271,201696722
240454874,23083588,3557649,1777518,200515332
240726725,23009595,3547548,1772098,200111643
240067791,23059058,3554271,1775689,200249441
237657585,22738629,3504801,1751038,198235256
239681245,23092948,3562128,1779679,200039608
240313437,23193376,3575229,1786107,200558645
240379542,23111391,3561186,1778702,200388873
241244828,23109127,3561313,1779451,200743108
239601338,22951957,3537731,1767436,199248808
239992866,23035294,3551235,1774034,200055201
238307587,22898849,3529578,1763361,198812271
240230885,23089525,3559863,1778227,200136395
240671235,23062875,3555621,1776215,200324279
237076234,22708922,3499613,1748593,197836247
238227947,22822422,3518550,1757652,198084343
240801059,23090836,3561306,1779409,200213558
240451034,23083716,3556721,1776523,200181280
239846106,23031822,3550006,1773609,199971833
240902635,23167262,3571261,1784108,200966189
238973533,22977192,3541308,1769328,199455190
239337116,22960181,3541569,1769469,199584836
239839318,23001739,3543822,1770133,199546122
240476916,23061745,3555302,1776046,200804761
237520790,22769040,3510359,1753571,198104654
240332413,23082572,3557213,1777349,200170675
240586698,23058737,3554178,1775680,199945587
239336463,23090460,3560152,1778349,199938533
219863306,22124392,3409909,1703672,183324537
239912615,23064122,3556192,1776353,200179279
241067361,23221115,3579807,1789105,201181643
240386570,23086732,3558779,1777668,200351478
239942661,23133898,3564711,1780677,200425901
239694309,23011181,3548130,1772314,199819332
236257832,22580963,3480961,1738966,196541788
238515843,22821590,3519220,1758556,198696934
239580968,22974320,3539232,1767975,199363428
239316501,22905231,3531902,1764164,199083019
239710226,23083317,3557520,1777449,199962558
239558249,23008675,3547226,1772000,199476052
239012102,22928602,3534792,1766062,199424981
239724154,23030470,3549463,1773169,199730030
240626180,23193712,3575399,1786160,201127155
239081499,23028366,3548662,1773151,199201321
239735601,23144794,3568840,1782623,200672052
239883727,23035086,3551169,1773997,200427734
239867596,22976312,3540944,1769205,199918644
239424655,23005484,3545990,1771586,199537378
239989936,23033758,3550686,1773823,200121667
239944060,23092236,3560831,1778571,200077919
240835009,23081556,3556942,1777264,200389713
240128877,22957821,3539831,1768173,199705431
239648112,22977808,3541550,1769431,199604966
237427194,22874766,3526357,1761639,197707820
239136247,22875500,3526695,1761735,199268882
238496442,22761496,3507410,1752574,198243674
239667012,23058234,3554071,1775646,199872496
240150439,23094028,3561557,1778957,200924540
239702464,22893191,3527372,1762481,198792738
239219506,22932362,3536272,1766292,199502491
240617791,23216155,3577903,1787690,201458095
240048066,23010435,3547869,1772209,199894354
239877497,22980728,3542563,1769759,199463756
238023496,22820382,3517796,1757411,198114824
239263412,22894559,3527941,1762825,199596481
240343575,22957966,3539939,1768182,200030646
239987570,22953165,3538193,1767639,199463911
239666254,23029478,3549065,1773278,200247133
240796704,23034462,3550929,1773896,200535624
239411754,22925010,3533512,1765394,198919520
239022826,22876549,3527084,1761857,198852676
239748512,23008891,3547306,1772015,199727806
239529444,23031559,3549873,1773557,199854317
237284917,22769377,3510382,1753578,197907994
239033460,22979896,3542227,1769668,199723817
238222076,22842186,3520125,1758845,198838433
239557334,23197064,3576631,1786580,200801922
239125630,22929026,3535962,1766862,199314472
239279234,22920922,3530953,1763827,198770323
240360165,23035902,3551445,1774091,199590478
239921634,23142210,3567900,1782308,200606076
240435951,23165733,3570754,1783943,199926602
239480854,23140578,3567238,1782070,199230882
238604552,22954893,3538781,1768804,198144829
238537468,22813135,3515110,1755509,199141891
239916754,22954437,3538604,1767752,199934381
239147486,22929146,3534996,1765882,198858142
238868777,22821942,3518397,1757595,198020488
239671043,23028790,3548894,1773218,199680849
240495954,23086708,3558770,1777894,200737745
239065599,22846249,3521575,1759349,198689209
239577640,23089188,3559688,1778177,199620091
240611753,23190944,3574395,1785837,200941081
237263444,22798525,3515406,1755969,197866720
240453686,22976096,3540880,1769194,199936966
237208325,22712834,3501017,1749061,198205677
239907506,22851202,3523443,1759962,198931358
240524377,23087564,3559119,1777995,200638126
240693063,23033158,3550509,1773791,200147591
239946566,23084236,3557818,1777570,200678978
239606334,23059657,3554500,1775780,199991315
240025028,23035238,3551346,1774051,199705136
240004507,23056042,3553143,1775333,200368621
236954521,22720673,3504902,1751054,197154785
239926810,23052354,3550797,1773857,200069974
238856901,22821502,3518200,1757541,198943215
239433237,22983624,3543661,1770120,199486167
239300448,23031110,3549773,1773523,199768804
239434595,22984504,3544028,1770236,199531620
240592932,23086820,3558802,1778248,200386120
239213591,23000427,3544116,1770609,199268834
239765696,23010259,3547798,1772198,199716630
239753673,23005835,3546108,1771618,199648038
237081870,22743135,3506476,1751608,197618273
239485094,22947021,3535787,1766808,199357630
237486461,22668076,3496979,1747031,198017768
239756520,22892271,3526153,1761565,199107431
239662500,22853002,3524155,1760205,199038646
240186421,23058537,3554106,1775652,199885275
239258400,22955869,3539159,1767931,199472273
240002368,22973896,3540039,1768913,199746592
240029721,23088660,3559449,1778136,199988843
239628656,22955853,3539178,1767938,199204141
237122779,22792611,3513262,1755199,197958539
238989073,22925202,3533529,1765391,199156540
238944228,22849857,3522944,1759790,199030492
239752542,22975632,3540735,1769145,199438801
239428772,23009531,3547503,1772089,199906743
239872966,22980305,3542440,1769727,199570262
240074530,23109351,3561362,1779427,200467246
239960093,23010747,3548003,1772233,199897553
238943345,22821358,3518157,1757543,198926365
238689068,22976864,3541106,1769260,199268132
237837312,22824584,3519293,1757939,198312575
239862156,22976488,3541065,1769249,200002796
238524256,22778877,3512228,1754850,199100535
239866939,22999382,3546418,1771734,199772035
239739159,22975528,3539708,1768132,199640642
239907545,23064225,3556239,1777074,200120290
239805366,23081245,3556796,1776508,200521966
239694792,23089996,3559955,1778292,200705103
239745120,23083308,3557514,1777467,200187030
240808349,23193752,3575389,1786147,201295591
238312746,22875028,3526499,1761695,199091226
240675128,23088732,3559608,1778145,200870169
239330158,22791331,3512768,1755019,199535072
240329170,23085837,3558440,1777824,200316225
239700685,23011395,3548327,1773324,199800863
240072976,23108951,3561147,1778378,200457021
240868576,23032222,3550040,1773608,200365636
240644243,23038486,3552527,1774464,200454945
240423708,23033958,3550732,1773932,200158274
240095361,23135931,3565541,1781399,200640736
237249457,22711787,3500594,1748996,197178172
239945598,22984121,3543868,1770179,199841987
237610328,22658652,3492486,1744856,197961113
239842377,23059345,3554434,1775776,199906382
240690765,23115607,3563713,1780207,200509914
239631794,23061497,3555193,1776023,199712642
239441016,23082620,3557252,1777374,199474944
239379474,23037966,3552315,1774904,199933258
239773481,23059442,3554455,1775249,200171866
239633788,23085852,3558429,1777764,200262395
236916439,22737500,3504377,1750880,197342566
239736330,23005500,3546022,1771596,200117123
238365990,22770280,3510702,1753678,199048415
239602814,22975368,3540625,1769098,199670499
239793174,23010947,3548044,1772273,199665556
241133251,23142234,3567833,1782280,200580285
240343786,22976312,3540950,1769213,199686528
239919925,23003867,3545393,1771374,200357220
239846981,22953950,3538460,1767718,200035665
240099517,23067051,3558206,1777713,200358693
237917760,22787131,3510236,1753524,198240437
239874809,23009395,3547501,1772080,200273191
237793896,22682559,3495519,1746557,198007192
240485052,23066785,3557227,1776700,200598971
239770400,23057337,3553628,1775483,200057645
231966461,22176478,3417666,1707625,194712496
240024429,22527973,3472873,1734914,201138308
240110011,22905416,3532121,1764221,199895115
239740022,23031406,3549709,1773503,199900121
239978773,22956213,3539379,1768012,199444312
238138311,22871684,3525216,1761243,198818595
235643309,22793251,3513451,1755248,196244922
225773573,22392118,3451491,1724375,188338570
240518425,23060769,3554864,1775891,200756861
240272841,23116319,3564074,1780483,200713159
240938353,23134155,3564800,1781136,200685477
239588842,22984072,3543834,1770190,199907621
241108866,23083708,3557706,1777544,200374572
240659018,23060737,3554911,1775915,200783353
240326352,23083886,3557712,1777569,200542047
236694241,22742973,3506375,1751547,197490067
239921812,23010547,3547915,1772208,200298772
237520893,22685519,3496607,1746931,197860485
239596686,22874845,3526501,1761643,199437306
239189816,22920954,3531957,1764862,199748330
239813215,23061713,3555311,1776077,200014008
238892483,22821038,3518028,1757460,198628995
240146684,23064393,3557263,1777382,200447078
240236794,23084260,3556851,1776577,200560433
239495080,22922434,3532503,1765031,199114214
236879033,22769016,3510368,1753564,197698877
239970825,22950597,3537174,1767260,199614357
239040184,22877724,3527525,1762005,199319438
239440707,23003619,3545324,1771371,199792822
239593736,22906535,3533347,1765321,199551140
239587316,22976241,3539963,1768203,199438758
239476918,23061905,3555370,1776084,199917491
239367105,22920978,3531978,1764855,199221075
239595785,22961213,3542099,1769595,199566474
240504136,23057995,3552944,1774615,200558400
236416872,22681879,3495334,1746496,197185397
240763951,23039075,3552681,1774494,200468170
237265829,22630276,3487694,1742580,197371108
239464161,22935719,3536945,1767205,199571940
239575695,22922109,3532988,1765503,198979203
240612406,23160742,3568833,1782272,200951424
240670316,23028323,3549946,1773603,200979968
239634072,22934221,3535693,1766104,199685147
240629849,23085812,3558470,1777783,200597961
240193799,23032942,3550397,1773723,199974999
236398137,22685767,3496695,1746958,196929843
240702241,23005251,3545932,1771555,200374273
240111932,22928674,3534886,1765846,200012694
239521540,22957526,3539763,1768129,199671570
238249225,22815030,3515789,1756736,198394256
239714188,22983128,3543541,1770090,199582470
239436801,22981448,3542831,1769828,199694737
240511704,23054673,3552637,1775174,200328487
239960907,22960773,3540998,1768527,199611391
240347435,23085278,3558207,1777743,200402419
237245110,22794203,3513923,1755436,197767729
240269015,23034470,3550967,1774210,200203477
238956983,22895799,3528394,1762692,199312865
235805218,22684279,3496190,1746780,196972393
239958423,22985401,3544325,1770344,199645234
239543083,23029406,3549100,1773301,199576801
239616245,23008379,3547076,1771918,199645866
239238289,22978880,3541893,1769540,199676557
240489859,23037230,3552032,1774290,200144102
240046029,23058353,3554022,1775642,200232017
237125643,22817790,3516746,1757047,197971780
241004573,23111487,3562248,1779723,200812940
239045413,22770752,3510970,1753768,198229545
239281802,22823998,3520085,1758838,198911030
239942785,22978201,3540705,1768448,199539507
239015305,22981488,3542897,1770112,199447909
239756394,22978528,3541721,1769235,199396745
239868737,23085812,3558444,1777783,200573107
238805652,22830528,3519844,1758757,198460197
241001810,23130042,3565058,1780701,201050667
237073408,22739461,3505096,1751123,197555271
240830712,23110895,3561948,1779618,200789979
239159958,22793651,3513658,1755349,198936550
238288585,22739605,3505171,1751141,197635463
239662210,23038359,3552454,1774417,200039067
240001654,23034126,3550874,1773878,199991488
239661082,23031654,3549899,1773571,200094756
239329299,22982416,3544157,1770955,199608982
239425171,23028502,3547755,1772194,199800130
239927747,23011183,3548217,1772892,200227936
237295727,22735325,3503537,1750014,197736431
240287148,23036766,3551841,1774223,200091505
239253173,22927722,3534430,1765682,199754125
239343283,22926938,3534214,1765605,199351686
239937204,23133099,3564366,1781115,200645929
240079538,23038334,3552401,1774416,200133953
239338908,23086124,3558656,1777845,200227929
239804595,23031014,3549645,1773473,200071694
240883975,23143898,3568488,1782498,200876574
239758247,23086870,3558796,1777945,200365367
237445250,22737589,3504420,1750888,197500366
239817423,22982200,3543137,1769935,199717127
239061986,22978664,3541799,1769518,200163600
238092828,22765728,3509122,1753131,198494917
239785603,22929019,3534965,1765847,199857106
240205095,22894847,3528052,1762859,199289493
239381997,22852873,3524075,1760176,198945543
241216165,23085932,3558490,1777802,200306579
240240128,23060993,3555087,1775997,200614801
237594960,22844193,3520817,1759066,197910920
240266370,23008499,3547081,1771938,200007492
240644134,23111960,3562354,1779795,200724825
238591325,22873084,3525814,1761442,198772432
239509011,22955213,3538923,1767828,199617123
239982539,23051201,3552618,1775184,200134535
240599085,23063593,3554727,1775858,200657438
239846309,23092100,3560828,1778582,200502321
240251757,22949645,3536835,1767165,199683084
240117988,23035231,3551162,1773985,199805541
237577060,22873773,3526113,1761579,198998854
239991419,22981673,3542939,1769860,199925743
240228326,23007627,3546772,1771850,200126095
239355212,22899815,3529883,1763472,199134268
237307480,22578811,3480243,1738745,197324339
240797900,23109655,3561494,1779468,200788429
239068639,22986808,3544861,1770534,199380520
239318207,22951725,3537650,1767431,199452680
239884361,22924858,3533381,1765328,199472354
239690677,23060457,3554813,1775884,200012332
237501550,22842614,3520243,1758899,197824798
239602011,23060236,3554779,1775880,200034697
239966881,23092909,3561097,1778659,200731740
239723907,23137026,3565885,1781639,200777569
238744189,22950277,3537035,1767241,199682796
240696387,23166965,3571254,1784098,201214465
240549680,23116247,3563952,1780297,200791242
239884832,23087084,3558930,1777937,200504968
240653950,23167494,3571356,1784149,200937421
239759627,23217555,3578443,1787865,201648720
237053813,22824743,3519380,1757936,198120198
239926731,23034319,3550991,1773929,200254542
239786822,23060481,3554818,1776904,200085201
239964439,23112575,3562596,1778857,200640600
236306688,22548672,3474771,1736225,197140187
240720978,23088676,3559531,1778143,200528724
239518137,23030878,3549624,1773473,200160964
239046594,22928098,3534535,1765719,199695857
239662109,22982288,3543277,1769987,200023475
239279682,22953493,3538223,1767633,199338049
236868044,22764424,3508551,1752958,197659737
239767042,23011523,3548314,1772343,200145196
239678210,23057657,3553799,1775561,200197334
239633380,23162982,3569625,1783564,200586591
238701173,22850089,3523114,1759858,199219321
240067001,23082940,3557319,1777392,200504708
240737132,23040470,3553582,1775690,200844319
239733698,23079388,3555707,1775975,200391029
239722540,23116135,3563938,1780312,200508034
239277162,22951997,3537700,1767446,199507134
236945631,22737356,3504688,1751011,197453098
239459387,23007651,3546459,1771730,199814600
239539159,23037809,3552128,1774321,200153287
239818924,22956741,3539515,1768020,199735386
236351500,22655812,3491410,1744548,197548756
239629865,23035079,3551145,1773974,199699245
239578634,23008195,3547053,1771941,200214773
239305667,22926186,3533904,1765496,199310596
239472171,22928338,3534756,1765792,199306400
239271410,22919882,3531538,1764709,199369977
238126829,22851217,3523459,1759971,198524287
240637784,23088684,3559554,1778158,200535496
240083939,23026782,3548043,1772939,199848249
239278508,22985216,3544315,1770355,199779281
238428680,22815910,3516024,1756809,198292504
239616668,23033998,3550827,1773879,199668979
239780836,22955878,3539222,1767960,198955150
239223727,22910394,3532506,1765022,198982234
239712620,23078009,3556877,1776584,199924960
239669991,22902575,3531875,1764825,199292377
238176612,22899561,3528801,1762472,198757258
239107107,23000507,3544166,1770966,199681628
239379459,23036654,3551809,1774200,199984202
239535672,23004211,3545489,1771431,199646279
237751578,22634769,3489432,1743142,197568294
239985590,23086476,3558710,1777881,200415950
239741236,22952381,3537852,1767501,199526281
240058872,22982145,3543145,1769949,199930974
239742085,22924066,3533106,1765234,199030593
239963629,23036742,3551779,1774206,200053384
238074176,22870556,3524849,1761108,198781755
239632523,22978600,3541830,1769503,199635582
240447372,22929514,3535154,1765932,199511884
240207097,22895776,3528963,1763165,199345667
238402855,22770591,3510359,1753563,198147105
239736593,22952565,3537904,1767516,199786400
239601081,22959397,3540436,1768350,199700063
239939821,23112616,3562652,1779865,200556446
239542141,23032038,3550110,1773646,199803022
239915061,22976792,3541068,1769245,199805282
238010310,22846187,3521578,1759399,198276967
239826831,23087252,3558951,1777942,200346341
240659067,23088964,3559653,1778187,200429415
239542335,23035270,3551274,1774024,200044270
237822787,22681695,3495232,1746464,198000139
239949496,23088796,3559551,1778140,200328457
240193129,23085533,3558403,1777776,200178050
239947979,22982552,3543236,1769974,199612402
240748439,23064089,3557128,1777347,200524080
240342141,23085532,3557377,1776741,200678996
237423651,22738653,3504828,1751034,197296678
238947897,23028438,3548715,1773174,199492741
239709226,22878548,3527830,1762099,199059256
239467533,23030862,3549604,1773474,199435646
238482331,22902175,3530820,1763799,198940411
239946805,22982176,3543068,1769928,199761619
239982156,23137435,3566133,1781707,200390705
240029953,22954469,3538631,1767762,199027799
239688763,23033286,3550502,1773769,199779332
240711882,23112503,3562522,1779806,200219517
237312135,22795941,3514540,1755674,197963348
240499671,23136506,3565671,1781552,200832766
239873937,23034510,3551026,1773948,200101047
240295796,23032670,3550267,1773685,199931086
237328872,22631658,3488261,1742783,197721503
240132431,23058361,3554021,1775612,199845104
240052732,23040406,3553190,1774665,199904665
240358266,23112359,3562559,1779833,200322495
239894953,23137674,3566073,1781707,200439195
239903809,23034502,3550989,1773930,199605199
237288990,22817398,3516678,1757015,197985297
239944142,23010547,3547834,1772206,199721360
239804277,22955109,3538958,1768395,199463495
239764628,23001236,3544298,1770503,199708554
239207810,22921095,3533382,1765313,199547874
239584998,22990203,3544852,1770528,199689008
240891794,23164685,3570334,1783791,200841131
240370669,23163565,3569905,1783639,200741786
240318907,23064425,3556317,1776389,200110863
239980391,22979286,3542096,1769622,199550415
237249744,22716494,3502351,1750519,197113081
239978312,23079572,3556099,1776005,199560922
239851094,23062586,3555670,1776181,199988717
239997390,23062489,3555580,1776158,200446116
238276822,22868044,3523892,1760784,199193176
240452796,23066305,3557001,1776618,200412635
240113539,23134098,3564793,1781272,200571191
239521017,22983032,3543496,1770045,199434529
240039018,23031431,3549791,1773538,199995027
239967277,23086740,3558811,1777911,200280399
237376612,22800051,3517028,1757132,197899608
239611816,23026422,3546918,1771912,199762602
239656032,23089772,3560001,1778297,200265944
239884564,23056889,3553454,1775439,199718190
239642365,22955901,3539205,1767948,199768079
239882757,23037694,3552187,1774315,199727547
239956490,23031462,3549772,1773543,199818762
240898223,23155678,3569042,1783342,201075920
238902396,22992440,3544965,1770571,199353640
239652801,23110799,3561986,1779644,200300487
237199829,22794565,3513928,1755479,197481699
240010416,23056505,3553346,1775382,199869182
239652217,23006971,3546601,1771774,199720791
239768916,23062105,3555417,1776100,200112005
237954634,22637169,3490283,1743431,197652307
240061921,23006595,3546435,1771740,199576717
239511836,23004699,3545736,1771504,199612324
239485836,22949669,3536726,1767119,199202061
240506056,23063514,3556041,1776303,199986954
239800601,23141954,3567753,1782244,200688823
238333908,22954389,3539554,1768760,199034457
239679197,23052513,3550899,1773899,199269036
240727171,23174277,3574901,1785991,201237021
240175832,23053689,3551355,1774056,200039701
238413920,22824838,3519449,1757956,198641191
239964234,23085132,3558142,1777688,200354301
239845687,23005220,3545952,1771562,199642162
239814594,22977832,3541476,1769389,198927136
240393949,23139626,3566912,1781970,200375748
240727124,23144914,3568736,1782591,200895747
237604647,22765458,3509006,1753123,197750674
240807132,23086124,3558568,1777819,200602074
239964420,23036182,3551601,1774141,200027977
239872885,23032078,3550033,1773627,200155572
237488450,22630106,3487710,1742551,197843771
239831990,22955933,3539183,1767953,199657378
239548915,23006923,3546527,1771759,199489446
239584520,23057081,3553598,1775482,200068036
240891664,23140922,3567304,1782113,200737074
239875726,23060561,3554883,1775914,199933590
236716175,22873252,3525877,1761452,198475294
240022935,23039110,3552641,1775480,200135680
239739827,23031950,3550047,1772625,200051392
239706916,22922178,3532441,1765012,198929335
238713050,22768368,3510095,1753477,198725222
239787218,23086853,3558769,1777888,200461670
239856171,22951797,3537670,1767441,199755818
239580880,22957789,3539880,1768182,199383058
240586842,23108887,3561197,1779384,200597962
239044829,22797139,3514955,1755767,198265966
237439634,22790253,3512366,1754935,197429196
240589221,23084940,3558141,1777668,200473478
239697655,22933962,3536803,1766477,199530494
239772831,23006683,3546374,1771708,199915422
237281094,22712018,3500718,1748984,197790538
239575430,23006772,3546463,1771738,199688896
239657699,23038975,3552471,1775103,200081492
239281833,22972439,3539669,1768112,199456230
239760630,22983120,3543581,1770070,199666315
240889780,23107135,3560580,1779202,200592116
237125793,22852937,3524069,1760168,198480752
240557190,23118982,3564390,1781140,200504613
239631062,22944182,3535396,1765980,199293283
239655106,22953053,3538071,1767602,199248113
239258906,22901048,3530390,1763649,199539334
241007610,23136978,3565873,1781604,201126749
239902856,22983416,3543602,1770111,199083407
240961247,23138346,3566420,1781808,200681920
240015574,22978592,3541688,1769445,199858181
240249919,22905529,3532122,1764275,199235012
237839591,22895879,3528365,1762986,198754709
239991436,23010091,3547796,1772166,199979526
239959164,22953574,3538241,1767630,199447797
239700700,23032942,3550415,1773726,199976584
237583510,22656500,3491682,1744602,197112437
240855897,23062641,3555667,1776172,200515483
239493818,23008715,3547198,1771985,199872384
240233990,23163109,3569768,1783599,200874180
239641003,23167797,3571497,1784186,200698569
240073212,23033991,3550866,1773888,199781382
237098484,22872859,3525632,1761393,198377025
239843979,23140875,3567336,1782097,200784872
239937561,23061913,3555335,1776067,200292843
240687398,23085964,3558571,1777835,201163076
239718211,23055049,3552790,1775219,200497863
238840443,23007179,3546638,1771791,199997358
239883841,22984248,3543907,1770200,199697452
241216382,23195073,3575857,1786323,201587986
238875230,22900431,3530175,1763575,199144134
239793485,23006477,3546345,1771725,199921090
238086943,22820758,3517919,1757430,198274175
240002170,23007555,3546778,1772823,200226282
241188001,23140034,3566964,1781001,201028672
240241970,22948061,3536183,1766964,199940881
238764124,22905887,3533220,1765264,199345340
235593691,22526669,3471961,1734764,196094453
238929186,22815686,3515547,1755818,198611277
240353138,23094929,3561534,1779499,200543882
239167887,23025994,3548106,1772255,199683159
236849907,22686662,3497138,1747118,196933361
239320712,23004531,3545633,1771454,199997069
240664586,23058346,3554002,1775629,200545164
239605451,22988224,3546311,1771685,200219868
239045341,22923466,3532013,1764181,199538671
238728413,22975680,3540660,1769124,199214980
240255272,22904455,3531682,1764080,199272620
239190192,22874956,3526387,1761633,198753242
240575877,23111855,3562423,1779791,200834755
239733350,22928482,3534794,1765811,199535457
237399720,22708476,3499307,1748517,197419586
240148525,22984632,3544062,1770255,200055550
240978644,23115736,3564765,1781257,200925845
240179662,22974672,3539368,1768010,199842205
240920741,23009635,3547576,1772106,200448319
240100873,23033982,3550771,1773861,200257500
237794760,22790739,3512586,1754971,198514038
238811123,23003923,3545389,1771388,199466602
240212592,23116200,3563944,1780289,200282345
240044615,23138586,3566523,1781850,200658669
236780499,22847313,3521981,1759481,198194004
241156074,23168621,3571810,1784286,201253095
240797628,23221371,3579839,1788307,201241302
240717349,23084796,3558094,1777690,200322499
239392387,22982048,3543109,1769935,199623753
240517042,23193377,3575246,1786117,201166888
238623017,22924106,3533139,1765240,199517949
239657362,23083652,3557592,1777501,200307163
239852692,22986976,3544960,1770544,199984696
240966758,23113519,3562921,1779951,200836349
237270384,22738023,3504545,1750967,197278791
240823682,23162165,3569377,1783492,200983527
239663326,22980304,3542509,1769735,199647586
239999688,23144754,3568766,1782580,200502323
239145138,22951101,3537349,1767342,199603336
239532974,22953590,3538344,1767664,199472032
237557271,22686703,3497078,1747084,197921455
239093237,22898063,3529315,1763280,199081747
239784983,23063881,3556066,1776312,200065289
241076891,23216795,3578133,1787759,201314703
237277258,22767832,3509820,1753383,197950251
240783982,23084356,3557951,1777620,200732807
239747086,23060513,3554761,1775871,200206223
239827516,23033678,3550741,1773844,200109127
239324259,22980057,3542382,1769688,199832716
240948377,23147122,3570591,1783872,200996323
240458859,23003211,3544224,1770322,200289937
238934686,22927930,3534568,1765731,199277782
239723901,22951053,3537360,1767320,199379653
239852484,22958101,3539939,1769193,199574058
238050661,22839451,3519068,1757549,197787003
239702213,23065513,3556714,1776525,200055494
239694609,23008939,3548255,1773000,200115490
241038345,23163390,3568897,1782646,200930295
239047016,22926210,3533918,1765511,198981060
240258964,23111911,3562361,1779769,200154877
237759978,22714738,3501673,1749277,198141550
239204779,23084700,3558090,1777683,200141369
239351684,23077161,3558035,1777631,200235919
241183120,23206572,3577346,1786805,201299145
238785452,22955693,3539178,1768941,199154070
238717162,22976704,3541014,1768262,199279029
239449184,23005043,3545823,1771537,200013668
239496201,23086452,3558684,1777849,200426434
239263265,22850649,3523230,1759886,198753003
240778475,23193816,3575426,1786184,201532126
238325476,22844457,3520935,1759128,199005699
240082969,23192968,3575082,1786063,200894904
240667454,23218875,3578902,1788015,201631292
239621383,23090853,3560304,1778424,200191555
236856752,22737102,3504218,1750847,197106339
239261651,22956757,3539503,1768035,199213347
240260122,23114168,3563591,1781057,200444928
239592805,22975440,3540211,1768113,199393802
239446276,23059673,3554541,1775797,200153442
240041343,22950997,3537350,1767324,199638738
238114503,22743061,3506440,1751568,198304668
240385671,23007827,3546890,1771877,200084439
239533249,22929490,3535154,1765924,199611191
239893430,23000956,3544267,1770992,200031185
237492157,22819469,3517432,1757289,197820430
240516176,23039327,3552834,1774558,200021607
239755581,23030982,3549619,1773433,199721159
239420502,23030766,3549564,1773481,199962841
239378762,22930818,3535679,1766107,199420691
240978947,23222307,3580229,1789448,201511287
238698509,22895463,3528275,1761924,199136145
239389510,22875268,3526617,1761727,199518150
240594226,23056545,3553382,1775415,200463312
239972872,22959078,3540372,1768343,200003141
237208972,22651962,3490382,1744188,196974113
239964012,23014375,3548809,1772507,199852747
240177531,23030150,3549328,1773381,200265518
239663935,23004403,3545633,1771462,199771695
240774680,23117503,3564489,1780493,200468200
240445923,23088204,3559279,1778065,200608353
237432409,22707346,3498982,1748382,197740619
239660349,23061729,3555488,1776119,199621114
240172413,23039375,3552930,1775475,199917800
239868796,23057313,3553362,1774494,200328888
237173524,22796075,3514623,1756665,197669406
239778021,23053585,3552213,1774029,199756262
239795513,23085868,3558442,1777776,200366120
240911069,23144362,3568571,1782540,201019775
240029139,22928810,3534954,1765832,199577274
240105280,23061121,3555103,1776951,199912532
239297376,22979697,3542226,1768689,199705615
240081755,23059041,3554333,1775717,200111267
239682013,23002979,3545000,1771256,199766270
239889302,23088100,3559289,1778067,200084153
237755957,22925444,3533644,1765450,198210128
240909815,23353770,3600021,1798446,201234362
239911745,23164941,3570447,1783857,199999576
240101758,23036654,3551822,1774198,199432601
239738951,23003091,3545103,1771279,199213491
240101923,22959862,3540658,1768438,199599288
237240559,22762512,3507809,1752693,198210259
239653260,23004275,3545591,1771473,199522724
240903073,23014003,3549085,1772619,199959761
240045193,23135978,3565557,1781516,200507321
237494127,22882684,3528630,1763063,198719508
239893048,22997963,3543965,1770217,199400209
239658783,23008803,3547187,1771977,200258012
239862347,23005259,3545898,1771552,199728729
239540271,23008252,3547081,1771945,199672415
240016355,23002723,3544939,1771230,199398338
239095858,22957525,3539722,1768140,199607791
240533554,23134386,3564861,1781251,200709935
240109798,22987696,3546196,1771666,199942286
240042098,23057161,3552671,1774494,199754064
237240229,22869926,3524570,1761071,197794253
239738372,23171549,3572959,1784660,199553625
239404829,22978008,3541546,1769414,199173817
239626675,23065656,3557091,1777346,199884426
239621612,23001069,3544018,1770221,199547874
239670199,22955917,3539176,1767963,199301838
237208254,22738901,3504903,1751043,198169552
239585041,23060465,3554859,1775899,199590293
240934874,23134458,3564884,1781300,200910111
239580448,22958749,3540226,1768288,199432153
237247798,22767168,3509642,1753314,197815444
240136728,23113703,3563011,1780001,200075917
239655193,23028307,3548662,1773142,200056046
239655809,22957600,3539807,1768163,199568580
239509225,22952182,3537783,1767468,199626252
240262452,23085220,3558244,1777725,200318083
239066897,22905375,3532037,1765171,199572704
240675831,23085172,3558103,1776713,200373203
240514501,23006539,3546455,1771715,199993524
239632934,22895703,3528400,1762997,198931626
237611170,22799965,3516942,1757108,197530963
241213002,23133482,3563610,1780213,200769294
239746708,22927419,3534353,1765644,199795433
240174757,22984792,3544126,1770272,199873620
239636447,22845361,3521219,1759239,199171811
240499723,23029870,3549270,1773349,200473033
238533732,22686007,3496859,1747002,198373039
239553794,22958581,3540198,1768283,199973401
239346350,22976920,3541144,1769301,199703897
238851206,22958558,3541120,1769245,199483142
237184951,22766207,3508320,1752200,197747820
240294794,22979705,3542222,1769648,199925333
238971937,22927346,3534371,1766651,198975972
239627314,23030078,3549291,1772353,199867560
240165284,22969101,3540708,1769150,200018303
241191906,23021254,3549859,1773732,200492415
239261997,22868892,3523813,1759910,199475004
240466370,23003955,3545397,1771395,200274228
239369031,23033510,3550614,1773790,199990625
239733030,22932027,3536056,1766220,199214688
238400041,22868766,3524193,1760926,198626168
239724881,22979152,3541953,1769563,199213899
239711981,23060145,3554752,1775863,199944535
240748511,22986744,3544844,1770499,200290186
239824081,23032406,3550161,1773686,199845197
240743706,23007099,3546661,1771794,200404957
237203992,22735725,3503721,1750645,198125564
240144812,23012756,3548717,1773491,200284969
240494571,23032246,3550127,1772634,200112933
241279635,23189392,3573665,1785612,201173633
238727701,22890440,3529063,1763202,198666635
240210954,23084703,3558793,1777885,200222613
238967364,22834610,3519797,1758073,198316801
240247526,23110655,3561866,1779601,200223967
239328190,22978513,3541763,1769481,199515196
240430184,23061153,3555073,1775974,200494897
239534529,23084652,3558027,1777665,200206798
238846125,23117311,3564278,1780404,199538952
241014122,23296876,3590575,1793956,201071118
240281210,23087252,3558958,1777961,199690468
238112464,22927540,3534402,1765690,198377619
240555187,23142090,3567804,1782265,200447042
238991321,23010323,3547832,1773198,199451037
240052866,23083941,3557676,1776532,200207373
239174709,22951421,3537537,1767403,199118133
240352956,23109900,3561840,1779584,200805495
237652856,22769203,3510081,1753454,198473919
240447060,23087980,3559355,1778103,200827620
240066117,23117167,3564277,1780405,200660617
240386042,23082885,3557380,1777419,200409998
237023826,22691358,3498807,1747651,196682044
239932192,23052705,3551926,1774960,199696855
241176529,23033391,3550580,1773768,200307191
239055924,22928034,3534625,1765750,199528066
241180508,23167117,3571191,1784073,200879587
239994460,23005811,3546154,1771628,200157376
239964439,23061161,3555111,1775976,200575931
240600990,23117288,3564341,1780462,200119604
239130712,22894759,3528068,1762863,198284199
239664155,23034798,3551105,1773965,199848972
235130071,22505844,3470480,1733457,195360822
239754255,22978432,3541690,1769479,199936351
240799741,23034342,3550903,1773891,201266680
240374865,23029998,3549268,1773376,200863292
239877889,22952301,3537773,1767465,199809997
239982688,22985368,3544369,1770383,200391277
237321242,22759825,3506866,1752397,198402379
241121438,23195808,3576015,1786384,201572283
239626964,22984256,3543970,1770233,199839684
238675484,22948837,3536496,1767051,199155481
240833281,23091836,3560591,1778522,200857502
240802197,23190640,3574133,1785763,201109820
239525139,23006371,3546306,1771707,199400512
239523292,22981145,3542764,1769816,199777937
241103320,23110695,3561834,1779589,200928620
239444369,23091092,3560390,1778471,200555720
239217995,22978072,3541575,1769449,199976848
239692228,22976384,3540978,1769218,199755546
240697842,23196736,3576400,1786527,201205578
237096751,22716442,3502318,1750521,197733152
240108065,22975914,3540753,1768184,200229762
239989920,22980144,3542311,1769664,200067772
240056112,23058818,3554245,1775683,200412116
239940609,23058569,3554108,1775678,200505186
238905553,22826438,3520027,1758162,198696340
239546796,23060161,3554646,1775860,199962303
237660378,22684447,3496260,1746776,198076624
239335117,22977544,3541412,1769389,199762303
239505686,22927658,3534462,1765694,199300228
238440398,22843985,3520742,1759049,198784024
240055445,22934482,3538066,1767566,200098229
240411857,23005051,3544750,1770503,200092174
240723082,23107560,3560769,1779255,201049215
240554437,23066057,3556941,1776587,200505664
240292595,23057329,3553662,1775504,200381762
239311809,23088332,3559377,1778091,200501419
238503156,22925090,3533521,1765379,199240146
240443920,23031214,3549799,1773533,200765406
240841815,23142171,3567774,1782253,200983777
238469028,22927620,3534399,1765691,199310632
240725546,23088196,3559380,1778103,200762271
239543347,22924530,3533357,1765322,199401415
239880959,22978600,3541724,1769468,199820413
238963477,22932722,3536627,1767320,199470340
241062536,23159077,3567982,1782114,201507192
238618774,22823062,3518790,1757727,198901672
237615962,22790595,3512463,1754957,198624708
238922783,22878380,3527755,1762095,199611142
241118461,23161814,3569248,1783453,201135917
238378954,22825134,3519567,1757973,198558995
240901894,23134738,3565016,1781377,201227588
239155859,22926898,3534134,1765584,199484293
238889568,22877692,3527507,1762004,198947243
238864450,23036822,3551818,1775199,199532727
241085798,23212219,3576388,1786197,201276424
240796465,23115615,3563786,1780251,200461238
241144288,23168166,3571602,1784205,201429556
239753181,22897247,3528996,1763191,199351885
240998903,22986264,3544683,1770473,200481841
237487340,22816968,3516458,1756967,198502550
239780396,23036734,3551829,1774211,200468778
239873311,22999771,3543831,1770865,199907325
240098553,23145626,3569184,1782727,200796092
239678388,22979449,3542049,1769577,199581623
239743903,23110191,3561662,1779555,200766962
239951367,23087108,3558942,1777970,200852750
239293671,22979680,3542150,1769610,199720511
239123721,22932386,3536216,1766289,199778051
239742297,23000907,3544277,1771012,199495326
237440953,22819198,3517304,1757242,198047341
239907650,22900975,3530339,1763634,199326695
239950183,22953493,3538233,1767632,199677773
239458065,23012107,3548501,1772423,200139039
240361244,23059274,3554359,1775752,200800922
240397536,23139234,3566665,1781898,200520964
240754022,23035870,3551428,1774820,200657836
239941846,23005331,3545986,1770870,199958724
238959942,22840745,3519467,1758629,199123225
240063858,23067193,3557337,1776744,200292820
237424714,22788741,3511733,1754741,198092838
239979715,23059289,3554363,1775749,200577155
239766984,23033943,3550732,1773854,200354208
239970033,23091948,3560763,1778851,200680471
239752630,23027694,3548326,1772779,199726945
240791030,23168421,3571747,1784276,200999447
239841409,23033486,3550578,1773778,200234557
239986173,23086732,3558776,1777917,200449775
235434458,22557592,3478145,1738145,196772246
239828369,23086365,3558640,1777064,200113669
237289697,22739036,3504846,1751042,197543011
240010496,23108416,3561124,1779370,200363762
224961893,22393302,3451753,1724454,187391702
240127454,23086580,3558785,1777901,200777955
238495403,22825158,3519558,1757985,198855779
240978577,23082364,3557160,1777338,200673984
240180475,22953741,3538350,1767672,200373370
239981241,22929546,3535166,1765945,199604278
239166628,22819646,3517531,1757287,199173666
239513216,23029415,3548969,1773252,199960183
237197857,22745070,3507189,1751850,198013279
239687702,23006148,3546339,1771712,200017181
239406643,22956389,3539274,1767982,199678413
239689428,22974288,3540257,1768972,199440898
239331571,22930610,3535558,1766051,199661017
239797275,23060289,3554760,1775887,200225466
240670708,22980360,3542462,1769717,200323032
239218502,22869844,3524566,1761020,199065486
237096059,22686647,3497026,1747050,198238686
239836024,22876092,3526964,1761848,199197817
237127594,22722100,3503601,1750616,197397230
239395100,22947803,3537022,1766535,199595761
238826123,22843705,3520663,1759060,198781590
240011247,22978992,3541945,1769530,200045837
239366914,22982609,3543258,1769997,199566421
240025552,23029046,3548990,1773253,199625174
239872710,23011435,3548183,1772330,199938366
240863950,23057421,3553665,1775506,200481109
239595058,22970356,3541025,1769257,199788752
239716073,22933290,3534292,1765603,199404887
237562763,22771570,3511181,1753851,198151000
239752383,23004091,3545499,1771414,199841719
240023646,22981840,3543010,1769916,199951957
239946065,22953806,3538431,1767709,199763910
239752188,23005715,3546077,1771605,199410156
239983338,23064905,3557410,1777427,200199568
240932264,23132706,3563345,1780102,201014241
240027803,22846009,3521507,1759318,199487679
237555342,22616085,3488819,1742958,197571431
239767173,23080887,3556057,1776284,200424253
237446353,22714330,3501590,1749288,197868261
240119242,23138555,3566449,1781818,200366605
240082576,22979544,3542131,1769602,199341422
240085863,23012491,3549618,1773457,199778392
240585978,23080332,3555408,1776110,200020480
239852377,22980336,3542467,1769721,199464947
239783425,23007171,3546615,1771785,199622906
239977970,23009307,3547422,1772069,199822097
238971846,22924843,3533446,1765323,199544998
239899330,22979120,3541974,1769571,200040968
237345099,22771626,3511239,1753884,197818164
240577967,23060305,3554812,1775889,200830919
239937503,23057849,3553760,1775532,199993543
240089654,23035910,3551608,1774129,200084849
239750828,22977920,3541491,1769410,199615103
240285353,23032182,3550178,1773660,200249806
239758333,23088644,3559382,1778089,200077216
239821079,22951118,3537404,1767347,199414198
237620518,22794867,3514185,1755517,198020135
240059352,23007555,3546751,1771846,199966887
238186623,22896415,3528644,1763064,198415462
240634958,23058521,3554098,1775645,200061713
239975155,23036883,3551857,1774221,199784833
239841635,23036241,3551648,1774144,200112636
239565811,22981128,3542767,1770161,199597055
240224786,22974017,3540104,1768598,199690310
240048038,23086428,3558649,1777856,200226278
239779649,23037774,3552213,1774337,200242758
239435998,22977168,3541302,1769334,199826326
239670988,23058721,3554129,1775661,199934401
237223404,22798757,3515556,1755986,197775876
240774601,23138178,3566301,1781781,200886660
240027203,23140786,3567329,1782099,200353392
239781141,23088220,3559307,1778061,200091482
239859194,23084037,3557816,1777589,200135535
239922529,22983432,3543604,1770096,199224524
239705339,23029622,3549111,1773321,199601465
240455902,23064441,3557301,1777390,200873394
237697394,22792107,3512131,1754149,198359655
239899531,23033750,3550701,1773807,199631341
237486902,22897335,3529007,1763194,198012602
240138447,23162501,3569549,1783562,200768438
239969033,23012755,3548680,1772454,199835668
239805310,23034119,3550839,1773900,199869024
239616391,23031782,3549974,1773571,199795217
239919256,23084532,3557958,1777630,200007384
240824296,23064665,3556421,1776416,200313946
239498385,23001315,3544422,1771067,199687162
239520864,22900111,3530070,1763551,199207092
239484490,23034686,3551008,1773940,199611057
237395882,22769634,3510523,1753620,197802830
239953474,23030918,3549666,1773485,199641159
239733846,23085292,3558188,1777713,200063263
239808428,23063106,3555893,1776220,200020043
240152123,23059337,3554389,1775757,200131490
239714430,23004979,3545774,1771529,199951353
239767154,23113551,3562970,1779971,200305028
239789528,22979160,3541913,1769533,199546592
237286010,22688783,3498001,1747361,197885541
240076230,23031110,3549736,1773539,200185144
237392475,22744501,3506965,1751739,197712586
239655066,23057849,3553855,1775556,199716870
239599818,22928154,3534645,1765760,198841821
239251594,22977785,3541502,1769404,199100371
239646996,23035166,3551236,1774013,199620358
239715831,23083372,3557539,1777469,200062697
239387360,22931026,3535744,1766132,198943899
240403844,23029622,3549141,1773300,199599044
239212987,22872372,3525517,1761345,198853020
239472779,23013883,3549130,1773465,199655182
237103161,22737415,3504326,1750030,197208071
239502775,23030470,3549473,1773456,199177212
239867810,23091836,3560721,1778533,200033716
239754615,23002347,3544841,1771192,199467760
239547506,23059738,3554543,1775819,200280662
239887143,23034894,3551060,1773942,199752986
239229648,22900271,3530142,1763559,198760155
239365574,23009899,3547654,1772147,199816212
238499349,22846313,3521601,1759356,198693900
240066506,23058545,3554122,1775643,200568771
236954874,22708754,3499504,1748567,197025784
240348342,23040670,3553311,1774691,199959306
239787093,23086036,3558507,1777813,199886709
239024430,22978024,3541603,1769436,198873948
239602839,23034126,3550850,1773888,199700802
239648186,23061938,3555364,1776063,199828467
239582571,22973784,3540032,1768919,199091614
239609393,23033846,3550715,1773843,199767705
238723872,22845417,3521208,1759225,198610293
240912084,23142050,3567783,1782258,200506408
237387672,22743367,3506618,1751657,198022809
240589816,23165893,3570711,1783905,200912905
239440153,22955925,3539269,1767981,199456611
239211876,22868492,3524059,1760828,198508487
239566628,23033918,3550761,1773878,199760094
239664997,22890976,3529074,1763219,199016011
238997248,22987576,3542693,1769796,198999961
239459750,22980968,3542713,1769810,199414455
237104672,22713874,3501396,1749197,197378329
239838107,22953237,3538186,1767613,199322824
238146807,22880236,3529192,1763236,198903554
240726121,23133458,3563781,1780247,200676564
240302552,23087076,3558980,1777959,200416209
239635786,22926178,3533790,1765473,199391551
239859511,23005971,3546239,1771660,199686343
239846310,22956302,3539322,1767993,199513464
239641484,23094653,3561355,1779442,200374117
239672605,23050464,3551515,1774097,199729451
239063869,22979736,3542193,1769633,199619869
237152110,22697176,3500478,1748902,197263850
240164060,23052394,3552311,1774393,200083354
240710862,23110839,3561961,1779642,200435926
240126876,23089260,3559667,1778191,200362355
239703769,22975257,3540774,1769165,199368190
239842928,22988735,3546364,1771688,199472048
239757307,23106288,3559320,1778086,200179451
239367607,22929330,3535091,1765882,198997586
239815986,22983896,3543771,1770178,199907199
238366433,22680927,3494984,1746376,198093688
237656379,22738709,3504798,1750993,197969955
240684322,23089508,3559858,1778273,200712830
239601489,23058729,3554136,1775648,200313661
239534562,22953421,3538247,1767633,199607040
239462861,23011003,3548076,1772300,199992996
239598646,22899072,3529644,1763391,199295961
239576311,22950901,3537282,1767311,199501445
239729361,22824222,3519227,1757884,198726830
239423242,23027982,3548576,1773120,200008061
239877550,22980400,3542476,1769714,199438078
237508290,22714394,3501557,1749274,197831109
239696587,23032288,3550182,1773690,200194077
240527287,23114175,3563138,1780020,200958738
239240560,22926122,3533900,1765514,199246643
239450953,22904215,3531540,1764033,199124043
239690884,22846249,3521615,1759359,198701988
239465647,23027044,3548891,1773228,199721150
238742900,22855564,3524401,1760278,199005942
239619338,22923770,3532960,1765192,199196876
238049508,22819278,3517413,1757275,198187043
236326103,22556216,3477655,1737186,196680359
239607931,23002451,3544830,1771188,199837157
239339254,22957157,3539646,1768107,199698028
240868757,23084116,3557762,1777553,200713879
238950408,23037182,3552024,1774273,199570629
240154148,23002299,3544764,1771169,199884537
239965453,23012923,3549775,1773529,199456934
239828261,23079596,3555142,1776009,199987242
239722307,22959486,3540578,1768402,199057711
239870165,23162229,3569368,1783479,200415578
236428547,22635481,3489689,1743225,197268175
239468904,22954759,3538717,1767841,199334892
239589716,23007955,3546922,1771892,199672181
239513862,22923690,3532993,1765195,199083254
240296390,23111087,3562030,1779654,200214021
239906957,23035318,3551245,1774029,199815984
239365257,22958109,3541004,1769223,199734275
239382931,23054273,3551565,1774114,199917219
239424558,23062113,3555424,1776102,200052251
238150799,22924635,3533377,1765343,198893422
236170270,22759480,3508630,1752966,197358992
239252544,22963028,3539886,1768183,199300505
239907154,23138851,3566622,1781848,200728563
239600743,23030606,3549492,1773444,200021254
239359216,22933370,3536636,1766416,199370131
239638022,23113167,3562861,1779943,200266410
239747328,23136002,3565428,1781480,200051314
239827488,23115847,3563846,1780274,200185995
239613948,23061665,3555266,1776039,200025779
239680115,22978376,3541705,1769477,199378845
236331219,22580331,3480761,1738890,196550859
239755625,22948679,3536444,1767070,199288555
240067891,22934082,3536867,1767018,199747757
239842205,23030750,3549589,1772940,199904838
239480697,23009668,3548574,1773092,199942807
239682911,23057617,3552770,1774544,199726783
239498438,23113735,3562996,1779978,200156172
239187777,23004539,3545651,1771474,199257626
240494515,23034126,3550848,1773882,200348729
237750266,22818262,3516963,1757129,197884014
236073985,22505946,3471503,1734449,196484899
240678765,23108247,3559996,1778300,200687146
240101685,23011323,3548234,1772973,200156879
239380701,22924394,3533218,1764620,198953029
239204921,22901799,3530647,1763746,199142293
239869867,22975233,3540598,1769108,199434961
239919982,23086548,3558708,1777867,200278074
239976242,23091332,3560490,1778457,200191779
239000724,22872572,3525586,1761364,198741948
240712391,23062481,3556553,1777142,200297520
236441227,22599798,3481184,1739037,196952556
240633168,23092598,3560998,1778672,200480931
239705392,23056577,3553305,1775376,199710272
239686370,23057689,3553842,1775591,199645872
239656965,23061457,3555234,1776013,200064077
239882392,23008324,3547053,1771947,199848649
239468394,23007579,3546762,1771826,199860921
239468789,22950485,3537207,1767281,198868217
239353952,22879132,3528019,1762194,198993808
240769671,23246406,3583310,1790169,200890279
232606810,22207377,3423348,1710196,193776362
240544684,23160933,3568999,1783331,200674220
239876955,22978736,3541814,1769530,199125678
239898450,23035182,3551219,1773996,199606895
239497335,23008955,3547283,1772030,199619886
239903174,23060866,3554997,1775926,199802620
239653762,23033974,3550786,1773874,199818538
239896372,23055289,3552897,1775236,200033865
241018557,23167365,3571412,1784175,200761123
240316668,23117271,3564357,1780440,200848047
236701193,22657004,3491816,1744642,197185729
239111833,22956919,3539445,1768054,199478006
239620492,22953077,3538207,1767614,199509038
239470462,22952125,3537741,1767469,199457098
239329427,22956957,3539546,1768066,199113718
239416224,23000723,3544231,1770998,199282813
239245806,23006540,3546366,1771712,199446452
240259048,23087620,3559131,1778015,200185731
238926465,22900423,3530140,1763552,198824804
240876723,23139162,3566681,1781897,200769551
234697976,22451092,3461731,1729146,195732352
240378082,23005699,3546100,1771621,199865021
238966406,22923074,3532657,1765076,198860775
240100871,22983096,3543573,1770108,199611953
239440597,22901591,3530591,1763714,199050462
240063154,23028134,3548571,1773126,199993486
239919370,23087701,3559153,1778016,200266297
239809721,22986296,3544713,1770467,199663852
239794111,23107311,3560553,1779183,200477692
239684247,23064457,3556362,1776402,200080364
237470442,22796902,3515441,1756612,198230792
241027587,23106486,3559699,1778228,200597946
240171997,23064265,3556186,1776351,200521262
239857698,22978032,3541601,1769429,199115682
239802649,22930259,3535482,1766276,199459992
239855358,23031870,3550036,1773340,199716602
239953658,23027718,3548403,1773087,199429404
239663163,23007867,3546938,1771909,199600580
240907978,23112415,3562505,1779800,200337896
239624895,23140706,3567254,1782091,200633167
234953589,22318245,3441370,1718952,195490344
239724944,22981872,3543021,1770553,199486919
239885827,23054041,3552406,1774429,199722310
239863695,22956493,3539427,1768027,199239922
239606464,22765905,3509149,1753157,199963460
240018821,23058865,3554249,1775709,199817435
240007814,23113119,3562755,1779897,200304091
240538747,23062969,3555761,1776201,200240486
240128774,23059281,3554382,1775735,199923442
239995954,23031230,3549811,1773524,199768630
236228143,22611632,3486557,1741590,196931549
239670273,23001483,3544506,1771078,199659685
239706476,22905959,3532228,1764246,199304940
239433343,22953093,3538121,1767593,199243230
239345888,23007396,3546672,1772809,199707352
239654324,23058281,3554027,1774641,199925315
239411005,23007723,3546846,1771857,199381416
239350083,23083180,3557465,1777453,200113046
240424544,23064529,3557343,1777399,200132210
239945967,23001747,3543595,1770125,199929028
235682631,22552296,3476163,1736676,196592014
239910211,22986408,3545671,1771465,199974264
239807640,23053001,3551146,1773994,199924776
239552019,23007227,3546555,1771752,199608308
239278388,23006395,3546366,1771842,199993445
239856210,23111513,3562471,1779691,200425774
239891044,22985607,3544121,1770267,199927022
240259604,22979784,3542232,1769661,200099002
240897695,23189120,3573582,1785561,200970369
239910210,23035366,3551391,1774065,200277548
236233792,22612608,3486942,1742205,196992855
240354713,22927250,3535232,1766095,199977583
240014026,23080164,3555404,1776085,200593480
239849732,22953990,3538438,1767697,199611800
239853232,22903495,3531329,1763977,199245235
239965160,23009043,3547431,1772999,200068583
239664899,22923842,3532931,1764215,199705496
240531358,23190896,3574299,1785800,201332732
239989386,23008475,3547132,1771970,199899655
240056403,23029862,3549175,1773323,200484668
234944955,22400310,3454479,1725321,195754371
239774124,22953109,3538179,1767637,199453016
239838831,23058906,3554233,1775707,200452997
239799982,23027582,3548411,1773072,199933310
240295481,23063473,3555959,1776273,200466571
240672235,23091404,3561483,1779482,200859137
240392090,23107223,3559655,1778181,200712581
239926125,22983496,3543632,1770105,199987355
239918033,22955941,3540191,1768956,199426966
239969448,23107232,3559618,1778173,200619634
236965461,22687249,3497278,1747195,197587260
240103158,23063889,3556108,1776312,200523986
240446322,23002699,3544988,1771257,200057862
239680722,22980312,3542409,1769705,199488435
240565016,23060025,3554629,1775826,200383706
239847117,23012803,3549424,1773471,200006554
240412477,23110712,3561236,1778628,200434164
239627986,23007179,3546521,1771770,199604280
240138219,23004107,3545591,1771461,200044545
239364302,22957341,3539661,1768095,199713518
235399766,22524693,3471701,1734514,196748003
239049653,23007187,3546646,1771811,199606043
240323568,23008979,3547251,1771982,200046864
240553982,23057593,3553768,1775560,200462809
239800333,23055161,3552874,1775227,200309638
239741910,22959325,3540437,1768381,199548615
240505534,23082997,3557443,1777444,199835593
239466313,23009931,3547637,1772117,199379639
239909591,23001291,3544370,1771047,200034880
239759470,23010619,3547915,1772217,199853933
237085648,22796469,3514715,1755732,198397476
240568221,23139290,3566702,1781893,200787740
239514727,22948917,3536597,1767087,199409261
240582357,23116903,3564196,1780388,200592375
239845800,22952013,3537743,1767460,199566125
239921340,22958038,3540877,1769192,199921598
238962124,22999379,3542779,1769816,199783723
240043123,23061905,3555373,1776082,200051805
240934209,23166013,3570860,1783971,200999818
240498890,22978272,3541699,1769464,200047938
236126483,22529397,3473427,1735100,196499959
240793961,23168517,3571823,1784280,200957144
239450272,22900416,3530057,1763541,199185969
238457603,22795883,3515911,1756766,198113437
239756015,22974592,3538964,1767857,199876376
239653778,22979088,3542020,1769605,199387014
241179278,23197288,3576706,1786596,201437169
240779739,23030694,3549526,1773443,200106891
240810852,23077841,3558010,1777630,200613180
239716582,23014935,3546988,1771909,199812089
237811163,22825192,3519586,1758035,198336756
239632010,23000939,3544260,1770994,199987482
239641268,23088596,3559484,1778115,200276684
240204379,23064417,3556340,1776411,200386342
240696223,23107135,3560554,1779163,200541416
240857304,23037926,3552250,1774339,200210101
240022200,23058426,3554109,1775667,200283836
239584634,22851593,3524580,1761019,199165920
240651934,23057689,3552809,1774541,200116842
239198091,22974992,3540459,1769068,199511778
236147170,22638625,3490841,1743623,197090329
239535585,22951669,3537584,1767421,199426984
240542597,23057802,3553820,1775548,200455859
240258670,23064912,3556505,1776458,200540218
240025781,23110999,3562044,1779638,200353201
239988173,22983185,3543497,1770080,199553554
241038801,23243422,3582199,1789815,201244041
240846719,23110903,3561928,1779613,200522661
241035946,23059857,3554634,1775828,200420435
236766451,22716946,3502594,1749597,197224823
239796968,23003701,3545191,1771365,199841508
238929087,22847937,3522302,1759560,198875398
239116981,23031742,3549976,1773594,199763759
239155049,23039902,3553001,1774620,199726786
240992308,23161478,3569193,1783408,200864885
239217815,22985120,3544201,1770278,199192861
239471861,23028966,3548910,1773273,199646821
241007911,23138826,3566570,1781850,200805379
239413846,22953189,3538153,1767593,199396160
238477645,22768304,3509984,1753445,198611604
237567666,22846025,3521543,1759322,198577906
239685671,22981704,3542997,1769907,200290795
240338113,23139643,3566856,1781951,200747883
238975604,22950757,3537221,1767286,199204887
240218762,23089932,3560031,1778304,200443230
239508155,23037006,3551910,1774250,200026522
240365722,23000899,3544261,1771003,199882939
238879070,22850297,3523125,1759845,198553795
239897415,23109143,3561309,1779436,200071355
237731436,22872996,3525691,1761407,198236042
239430444,22982130,3543165,1769951,199442771
238687449,22741373,3505747,1751369,198254014
239466797,22978416,3541800,1769467,199584087
239256050,22903319,3531229,1763948,198986357
239411448,23089309,3559736,1778185,199909212
239188338,23029606,3549191,1773358,199684742
238830115,23003915,3545387,1771352,199080652
239608433,23011251,3548159,1772305,200045929
239609248,23059641,3554554,1775820,199818081
237738036,22819382,3517403,1757278,198345099
239282239,22899743,3529874,1763454,199110126
239724590,23034710,3550992,1773970,200408332
240464816,23114559,3563359,1780088,200470002
239341283,23055649,3553088,1775311,199608162
238900968,22979880,3542219,1769619,199186470
239927383,23007884,3546944,1771899,199658373
239869745,22874956,3526492,1761698,199089860
240048536,23089372,3559768,1778195,200307999
240671451,23114519,3564275,1781115,200872981
237014532,22787939,3510530,1753609,197651253
241214900,23087742,3559213,1778059,200811652
239328918,22924426,3533226,1765276,199276400
240710593,23168925,3571972,1784350,200920266
239240122,22901752,3530631,1763723,199267618
239820755,23060241,3554741,1775864,199887227
240239211,23008411,3547130,1771953,200378216
240410378,23060393,3554805,1775888,200222183
240572072,23083068,3557396,1777428,200335983
240389503,23011259,3548812,1773296,200557667
237512874,22761424,3506941,1751642,198258216
238660836,22797011,3514780,1755717,199110920
239004365,22925523,3533678,1765425,198291161
239626336,23113655,3562971,1779980,199722553
239104152,23005507,3545984,1771555,199462955
239799490,23088284,3559402,1778122,200382658
240582168,22978752,3541863,1769536,199929773
240878537,23139707,3566882,1781948,200980859
240057447,23037102,3551989,1774252,200272838
239974789,22952310,3537782,1767486,199467211
237372774,22763591,3508333,1752880,197773369
239800236,22924357,3533168,1765285,199353234
238894550,22880484,3528578,1762927,198955483
240248947,23057953,3553853,1775000,200381695
240272888,23032478,3550246,1773682,200488246
240288263,23008731,3547161,1771978,200026876
239851311,23028142,3548643,1773147,199782401
239405616,22980224,3542392,1769682,199912249
240021048,23092789,3561081,1778674,200365260
239881979,23032022,3550035,1773610,200027939
237455091,22841137,3519708,1758724,198651873
238471956,22825566,3519711,1758044,198799125
239189540,22896983,3528805,1763131,199517090
240905313,23084284,3557940,1777598,200502461
239452534,23014171,3549220,1773571,200352879
239977054,23086268,3558503,1776892,200570458
239689125,23080372,3556581,1777152,200253837
239911828,23006820,3546495,1771754,199986652
239891971,23091684,3560615,1778498,200742354
240112705,22847777,3522119,1759529,199924710
238311064,22869084,3524340,1760962,198417869
239607991,23062819,3555711,1776209,199928809
240477624,23088556,3559464,1778124,201304941
240126347,22924178,3533170,1765259,199825972
239926052,22926354,3534002,1765536,199412940
240100895,23006474,3546357,1771675,199996059
239628744,22981826,3542974,1769907,199710341
239084902,22955061,3538893,1767860,199246425
239806236,23134602,3564938,1781308,200358290
240965592,23165869,3570812,1783954,200967531
237524805,22769688,3510549,1753618,197799561
237672457,22900175,3530049,1763533,198868095
239621840,22980080,3542341,1769690,200204840
239870765,23061433,3555266,1776034,200403961
239862442,23030095,3549243,1773347,200058446
239974324,23086428,3558750,1777884,200675996
240336971,23037526,3552143,1774319,200447416
241100881,23191968,3574665,1785916,201577519
239123066,23030430,3549504,1773453,200087934
239804083,23141629,3567521,1782164,200655290
237646363,22820043,3517674,1757358,198398759
239769775,22931268,3535798,1766165,199876092
239767081,22896759,3528782,1763115,199805014
239979187,23163702,3570040,1783691,200644486
239591453,22928354,3534664,1765754,199508911
240023767,23115751,3563813,1780257,200634895
240984601,23113047,3562741,1779887,200593280
239732233,23164997,3570505,1783863,200694112
239640207,22928210,3534679,1765751,199074885
239687252,23084708,3558049,1777660,200062370
237063826,22661836,3493637,1745228,197165127
238223583,22899783,3529955,1763530,198907677
238823362,22848633,3522501,1759644,199091817
239843278,23035807,3551382,1774033,199895557
239377677,23004123,3545591,1771465,199804979
239791596,23080609,3556870,1777272,199656820
240582948,23013278,3548476,1772395,199987970
240557684,23087076,3558930,1777947,200894555
239897703,23112447,3562558,1779856,200135487
240025248,23108887,3561221,1779366,200303101
238459354,22852521,3523983,1760159,198560550
240010268,22841244,3519727,1758747,199631913
239424411,22928154,3534649,1765752,199603973
240788756,23170141,3572350,1784463,200975446
240269204,23089060,3559676,1778202,200338162
240582375,23107423,3560702,1779221,200937830
239922660,23140154,3567023,1781998,200710831
239153729,23010764,3548013,1772255,200109065
238998175,23111711,3562258,1779730,199082260
240079883,23221067,3579608,1788260,200511692
236921703,22922306,3532496,1765043,198538815
238426986,22955589,3539126,1767918,198977420
238832813,22926906,3534192,1765602,199667184
239714077,23164733,3570360,1783796,200687523
239407432,23013387,3548931,1772573,199653127
240348887,23138530,3566485,1781817,200604340
239799908,23085508,3558315,1777742,200262524
239754586,23035382,3551329,1774044,199902444
239958325,23190321,3574078,1785724,200579810
239763615,23168661,3571849,1784311,200449751
237088625,22847968,3522246,1759568,198163131
239566187,23001534,3544497,1771096,199911686
238900016,22877868,3527587,1762042,199119188
239519794,22951973,3537739,1767451,199124318
239309910,23032646,3550253,1773694,199570146
240252078,23142978,3568092,1782351,200870230
240320625,23057009,3553547,1775483,200090161
240114594,23113239,3562827,1779921,200254921
238909608,22929578,3535173,1765927,199168645
239751397,22980625,3542631,1769779,199400809
238092428,22847448,3522026,1759489,198857495
239922219,23000700,3544198,1770958,199987651
238148703,22769576,3510493,1753599,198193985
239080519,22899671,3529810,1763475,198919023
240327026,23037814,3553227,1775367,199993182
239358144,23004179,3544605,1770456,199561171
240226823,23022643,3548439,1773070,199981391
240205370,23072084,3557255,1776698,200338304
240222231,23005484,3546004,1771585,199926704
239678452,23029990,3549300,1773366,199674947
237201379,22849993,3522989,1759784,198179076
240059226,22977506,3541361,1769413,199667556
238460207,22769296,3510407,1753570,198301249
239929150,23111015,3561997,1779639,200108899
240956017,23137690,3566148,1781728,200763029
239676511,22982880,3543385,1770037,199898094
239972930,23011091,3548102,1772273,200107487
240528487,23129512,3564214,1781074,200525242
238872803,22990291,3545064,1770571,199795177
240320064,23048414,3551938,1774949,200165806
238213111,22858700,3524625,1760367,198943609
240106584,23059089,3554299,1775713,200159222
238344161,22842881,3520293,1758900,198722510
239763462,23026622,3549656,1773494,199857747
240254794,22988240,3543858,1770184,199729520
239888930,23168166,3571636,1784235,200575621
239055656,22843817,3520731,1759057,198193793
239933515,23010843,3547974,1772248,199920639
239688623,23002747,3544988,1771236,199603410
240988217,23115487,3563726,1780217,200753579
238128747,22898007,3529170,1763268,198389288
239084069,22978458,3541712,1769502,199202064
238378803,22846686,3521768,1759398,198895765
240222928,23062596,3555657,1776168,200064255
239577527,23059017,3554240,1775700,199912459
239602355,22983792,3543770,1770173,199102995
240063068,23004804,3545760,1771485,199936584
239267577,22899879,3529933,1763499,198966650
240504566,22980712,3542577,1769769,199693689
240452019,23111551,3562234,1779739,200339964
237476831,22794947,3514091,1755468,197931476
239164538,22954605,3538695,1767779,199583415
237891843,22715098,3501872,1749357,198310936
240232368,23034030,3550812,1773881,200067194
239476980,22948813,3536525,1767060,198732427
239911592,23059386,3554452,1775757,199950627
240497501,23145066,3568871,1782625,200808210
239057219,23086820,3558842,1777912,200042784
239695461,23029334,3549027,1773281,199704352
240177478,23064113,3556204,1776355,200160450
237436911,22791013,3512575,1755005,198005848
238858313,23006635,3546509,1771770,199909846
239909217,23083556,3557505,1777460,200745503
240395724,23127930,3566613,1781865,201115186
239708532,23105732,3562835,1779911,199586894
239655428,23212516,3575515,1786222,200316168
239363022,23008667,3547140,1771964,199268177
240659649,23037726,3552241,1774346,200161930
239980416,23134066,3564800,1781269,200662815
239544249,22985136,3544233,1770325,199815757
238380754,22900135,3530012,1763508,198772817
239479608,22974416,3540176,1768945,199757589
237408013,22719114,3503344,1749885,198034347
240005674,23113143,3562891,1779933,200451623
239880686,23061314,3555146,1776001,200026852
239440244,23005075,3545827,1771521,199407271
240603267,23109983,3561620,1779522,200454383
240403255,23092700,3561046,1779139,200107340
240540517,23134610,3564980,1780841,200469081
237334909,22717170,3502637,1749615,197249814
240363174,23061667,3555250,1776065,200299700
239517515,23004475,3545578,1771451,199843029
240400840,23008260,3547052,1771920,199696778
239092311,22949789,3536876,1767193,199221732
240464196,22958597,3541151,1769260,199671621
240493757,23161333,3568073,1782377,200759157
238391937,22822422,3518662,1757681,198301633
239871755,23088956,3559606,1778179,200343939
239672893,23029782,3549196,1773337,199999525
237147524,22765624,3509050,1753111,197769759
238940359,22926714,3534125,1765576,199229988
239541411,23011651,3548289,1772350,200230809
238132959,22683783,3496007,1746712,197802268
239504926,22876909,3527234,1762160,199474340
239832869,22976464,3540958,1768975,199824116
239616587,22926618,3534100,1765571,199405898
240899627,22981192,3542761,1769812,200434205
240422976,23059585,3554515,1775791,200085936
239822562,23026011,3548847,1773239,200111295
237282116,22748272,3507350,1751853,197617754
240760122,23057987,3553873,1775624,200312472
239481667,22821838,3518342,1757573,199056918
239746913,23006524,3546387,1771709,199711062
239479488,22875796,3526785,1761761,199632644
240992844,23194440,3576112,1787243,201044955
239934644,23031758,3549437,1772585,200139464
239163974,22949125,3536665,1767104,199231397
239796556,23006683,3546460,1771717,199676491
240498221,22986353,3545644,1771478,199913239
236853723,22680536,3493844,1745318,197660699
240439708,22874261,3526269,1761583,199536825
239720733,23010195,3547669,1772146,199913736
238985192,22897711,3529197,1763248,199317143
239630441,22900567,3530099,1763561,199657537
240506440,23085564,3558435,1777763,200571318
239459025,22876420,3527028,1761852,199132423
240602593,23061146,3555037,1775940,200690423
239776968,22973400,3539847,1768847,199319041
240131894,23008539,3547182,1772018,199793619
238030321,22955373,3538997,1767862,198716687
240743385,23167431,3571307,1784159,201081900
240295828,23060049,3554738,1775850,200210178
239725315,23112807,3562610,1779879,200217815
239635926,22955877,3539206,1767930,199895129
239568356,23114184,3563218,1780044,200258953
239375665,23056049,3553210,1775376,199608332
239966263,23058569,3554114,1775648,200213926
240443881,23225155,3581229,1788798,201517088
240318537,23137410,3565986,1781674,200872605
237355096,22874516,3526373,1761611,198606602
241012260,23242086,3581722,1789637,201271590
239712229,23146410,3569388,1782814,200750943
238031742,22791452,3512833,1755046,198172268
238106945,22873436,3525885,1761470,199285645
239660680,23004179,3545527,1771431,199749576
240245143,23091196,3560498,1778461,200626955
239448413,23034478,3551912,1774906,199663360
240833227,23133098,3563382,1780123,200911594
239779543,23167205,3571367,1784123,200377264
236976472,22798331,3515405,1755921,197844715
239529317,23134692,3564980,1781384,199746403
239593475,22980760,3542603,1769764,199026764
239454062,23010427,3547866,1772218,199607104
238599179,22894095,3528053,1762863,199085423
239515970,22958198,3539745,1768140,199300667
241028953,23167485,3571431,1784154,201068358
239475030,23060681,3554901,1775909,200289217
240887492,23193992,3575474,1786194,201677643
241027556,23085700,3558404,1777764,200522699
236587000,22710154,3500002,1748738,197122466
239434737,22953957,3538462,1767706,199470050
239569087,22951613,3537514,1767393,199720355
237723576,22713178,3501173,1749118,197160882
238268312,22747645,3508194,1752286,198737714
239400631,22926467,3534030,1765401,199377053
239364422,22925906,3533758,1765468,199176490
239398944,22954621,3538694,1767769,199419053
238878796,22898977,3529655,1763397,198975535
239402986,23002395,3544840,1771220,199460992
236637948,22716210,3502270,1749477,197233277
239379747,22901225,3530409,1763680,199465372
239775942,23005059,3545795,1771504,199493811
239533352,22984048,3544839,1771206,199552969
239198958,22926298,3532982,1764510,199750921
239439169,23000571,3544140,1770981,199581251
239096647,22952245,3537814,1767487,199443039
238879803,23012811,3548728,1772495,199716467
239317693,23007259,3546661,1771819,199459133
239470255,22961446,3539739,1768793,199427037
237119796,22784762,3511833,1754046,197536982
240066077,22952309,3537836,1767505,199946786
239705883,22897103,3528896,1763139,199514453
237828596,22846298,3521605,1759357,198982374
238542625,22799515,3515855,1756069,198919750
239744240,23004059,3545491,1771416,200095722
239538184,23032310,3550153,1773643,199835135
240443702,23037526,3552096,1775311,200326415
240556001,23033694,3551624,1773831,200242432
239424292,23005939,3545194,1770624,200189418
237201012,22767696,3510770,1754363,197589068
239632190,22980170,3541795,1769701,199754473
239766499,22977984,3541180,1768452,199878627
239629228,23066346,3556452,1777091,200445282
238599876,22867436,3524277,1760272,199194408
239762892,23055785,3553096,1775311,200285806
239664740,22824606,3519329,1757917,199150866
239433913,22950333,3537120,1767253,199563640
240674975,23034182,3550854,1773885,200269599
240235043,23057041,3553553,1775457,200475517
237510201,22692663,3499348,1747836,197502551
239215245,22923074,3532742,1765128,199178308
239507421,22903503,3531359,1763971,199361420
238232062,22793019,3513379,1755245,198435977
238619534,22816974,3516492,1756954,199114210
239602596,22929555,3535189,1765941,199515950
239739905,23054697,3552693,1775180,200104149
239690300,22986088,3544606,1770418,199859430
240216906,23029070,3548922,1773246,200012365
240760906,23062279,3555536,1776135,200372943
237266099,22861531,3524254,1760926,198072143
240494304,23124308,3564130,1780383,200588376
239650451,22926834,3534084,1765568,199329230
239838150,22929570,3535288,1765960,199354842
238942360,22870525,3524835,1761098,199613936
239508686,22954037,3538467,1767711,199531989
240659105,23163549,3569943,1783665,201029112
240345220,23065617,3556750,1776528,200193155
240346556,23083964,3557764,1777549,200383405
240273282,22979208,3542080,1769618,199847583
237242966,22765888,3509084,1753104,197903228
239552137,22980032,3542308,1769689,199647813
239544720,23037358,3552065,1774297,199571927
237947332,22868140,3523907,1760798,198380547
238415440,22721315,3504854,1751135,198194996
239852319,23026766,3547416,1771971,199464684
239731306,22965814,3541836,1769503,199498525
239586881,23234709,3579970,1788364,199921389
238866154,23036198,3551683,1774181,198795450
238677654,22949885,3536956,1767191,198609281
238147438,22901735,3530624,1763716,198266984
240430642,23084166,3557842,1777623,200655698
240156435,22980752,3542546,1769741,199659039
239634662,23036606,3551758,1774197,199892128
238729464,22869828,3524568,1761014,199067731
239690356,23012451,3548652,1772459,200110354
239583406,23035879,3552409,1775090,199988221
239262868,22948589,3535464,1766022,198999939
239642537,23061257,3555112,1776022,200110625
239298550,22956325,3539390,1767981,199260342
238233924,22895439,3528216,1762935,198837913
240471272,23011499,3548305,1772604,200164631
240187955,23004299,3545549,1771180,200204693
237758099,22842433,3520124,1758865,198323474
238294120,22773672,3512061,1754106,198735933
239692556,23079308,3556016,1776987,199808437
239322233,22957917,3539914,1768185,199269329
239489005,23005556,3546052,1771588,199554295
239633617,22957365,3539700,1768113,199574268
239333796,22926234,3533930,1765524,199109094
236921334,22740085,3505316,1751208,197570767
239500418,23027888,3548496,1773116,199639278
239597243,22980256,3542420,1769704,199875165
239467445,22984960,3544206,1770288,199563156
238256911,22870172,3524683,1761079,199057354
240685811,23144010,3568556,1782523,200489895
239437869,22893232,3527416,1762651,198938336
239034601,22908278,3533998,1765539,199496780
239380423,23002707,3544036,1770244,199673068
239823280,22980080,3542324,1769674,199875382
237567564,22845465,3521299,1759262,198099544
240573135,23091356,3560551,1778460,200731942
239786971,22948902,3536544,1767082,199815936
240683485,23059929,3554654,1775840,200605847
236316462,22583443,3481939,1739282,197328503
240015318,22954301,3538553,1767723,199722483
239610840,22958158,3539752,1768841,199462984
239669001,23082371,3557415,1776745,200506961
239915328,23032047,3550079,1773638,200068825
240765313,23163477,3569869,1783652,200773961
237091524,22770424,3510878,1753685,198021364
240967942,23134524,3564920,1781347,200550632
240452261,23092492,3560934,1778630,200370911
240213985,23007763,3546839,1771840,199962408
238727810,22866284,3523261,1760611,199178363
240089651,22932898,3536440,1766357,199374796
240664268,23027775,3548416,1773065,200010322
239074502,22904311,3531649,1764063,198900961
239563117,23088804,3559556,1778150,200038588
239358753,22979728,3542219,1769653,199351144
237499099,22867828,3523804,1760762,198555270
239398952,22960397,3541862,1769505,199456767
238721381,22869740,3523477,1759990,198922019
240693009,23189712,3573940,1785679,201228997
237257159,22662356,3493835,1745318,197353867
239554780,22924898,3533399,1765339,199354807
239317152,22985256,3544271,1770299,199522862
239532697,22979080,3541994,1769595,199704958
239540088,23032934,3550383,1773733,199978687
239293944,22926227,3533956,1765521,199444735
236973262,22792554,3513251,1755186,197736608
239338428,22982666,3543227,1770005,200003893
239421457,23056986,3553568,1775486,200161641
239197135,22930882,3535705,1766091,199107905
238312127,22814614,3515594,1756670,198327343
239360047,22981608,3542989,1769906,199725616
239134290,22947430,3537238,1767285,199078074
238924136,22990575,3545006,1770571,199327043
240150409,23135050,3565171,1781400,200275953
239046872,23009155,3547301,1772024,199466653
237262136,22897007,3528909,1763144,198474301
240887397,23168909,3571971,1784349,201032898
239352000,22927690,3534448,1765684,199182733
239090450,23164717,3570373,1783806,199251580
236898129,22771952,3511411,1754125,197224420
239837734,23105967,3560130,1778810,200054610
239822055,22986641,3544822,1770504,199470666
239512979,23007659,3546829,1772854,199623155
239511415,23058121,3553940,1774602,199740047
239668535,23114903,3563390,1780114,200148231
237057075,22765384,3508989,1753084,197564078
239204844,22924396,3533262,1765319,199048800
239509557,23063993,3556152,1776330,200154780
239114724,23137114,3565887,1781654,200030425
240216483,23138594,3566457,1781808,200715936
238959375,22955229,3538928,1767837,199740658
240085973,23112503,3562591,1779881,200262954
239443341,23056569,3553357,1775393,200034184
239734943,23146651,3569479,1782794,200590529
239446919,23028662,3548806,1773230,199502720
236923555,22716361,3502257,1749476,197464574
239411501,22978744,3541919,1769559,199024746
239644980,23034959,3551212,1774006,199428038
238976920,22976464,3540981,1769234,199135474
238184010,22845665,3521344,1759249,198314823
238550054,22825174,3519621,1758017,198577520
239464175,22980080,3542338,1769677,199436754
240586704,23060841,3554936,1775938,200150374
239255869,23030518,3549513,1773438,199826800
239516124,23030910,3549619,1773461,199249457
236604668,22614086,3488502,1742864,196145002
240097373,23113209,3561897,1779953,200210926
239469436,23057225,3553567,1774485,199784088
239056532,23029718,3549164,1773330,199368645
239103865,23031587,3550131,1773619,199637742
238672551,22852580,3523737,1760083,198933920
239199865,23003916,3545437,1771388,199213191
239045398,22925322,3533507,1765389,199005134
239661993,22982544,3543386,1770016,199592615
239276856,23030638,3549504,1773425,199718842
236883607,22875644,3526764,1761768,198207657
239899097,23059801,3554556,1775811,200379823
239668698,23063073,3555803,1776211,200089508
239095235,22980648,3542517,1769757,199549764
239107608,22874868,3526466,1761637,198980785
238980961,22973976,3540028,1768925,199405503
239712960,22953149,3538189,1767603,199381206
239772249,22980160,3542399,1769709,199563983
239330039,22931474,3535819,1766114,199034877
239804512,23028951,3548987,1773279,199704368
237172344,22851592,3523591,1760028,198410029
239596898,23006725,3546419,1771749,199789962
239663183,22981281,3542839,1769840,199585230
239370694,22920058,3531602,1764742,198954493
239608604,22934370,3537937,1767516,199235477
238829443,22892287,3526082,1761550,198803720
240159352,23038670,3552610,1774460,200344784
239757521,23035902,3552475,1775104,199912995
239849751,23031958,3549036,1772602,200053318
239476184,22979864,3542258,1769647,199057719
237065742,22765896,3509168,1753169,197655792
239694436,23008387,3547021,1771941,199678442
239499158,23082324,3557197,1777352,200243871
239293920,22952405,3537839,1767494,199419359
238073352,22822127,3518498,1757621,198575299
238745277,22823830,3519060,1757836,198353585
239318140,22926050,3533868,1765481,199059960
239391401,23032478,3550164,1773637,199955134
239489934,23027894,3548487,1773128,199531916
240267350,22959773,3540701,1768441,199518407
239722280,23086676,3558707,1777890,200128875
239176372,22979778,3542309,1769691,199463304
239489263,22977056,3541175,1769286,199595475
238971515,22952845,3538031,1767556,199028931
239392112,23167629,3571444,1784165,200501783
238584482,22874148,3526219,1761583,198797336
238920640,22872157,3525432,1761317,198839779
239200736,23062353,3555457,1776116,198843276
239701349,23296620,3590426,1793894,200090013
236846763,23063625,3556091,1776320,197551644
239719933,23242350,3581746,1789641,199842590
239683790,23064537,3556362,1776367,199387114
239449210,23007427,3546759,1771876,199777285
239070952,22953629,3538336,1767665,199263920
239319692,22952677,3537944,1767529,199267080
239051656,23003435,3545195,1771314,199853998
239625090,22978304,3541723,1769478,199490747
239581015,23006475,3546384,1771708,199729248
239801863,23062186,3555419,1776072,199813452
237074022,22712185,3500824,1749003,196841056
239683319,23011963,3548404,1772419,199720639
239912135,23083895,3557716,1777563,199894718
239494352,23005467,3545973,1771566,199552573
239167271,22984392,3543902,1770202,199594087
239761018,23054553,3552621,1775169,199772922
239777232,22958917,3540356,1768328,199751934
238504691,22871052,3525029,1761178,198549507
239993841,22877684,3527729,1762994,198805128
240188216,23186008,3572259,1784206,199665620
237236258,22822054,3518433,1757614,197493810
241129755,23301932,3592368,1794568,201695352
239863908,23036151,3551587,1774111,199923411
239329176,22948109,3536275,1766985,199146804
239384926,22903519,3531294,1763939,199180212
237816232,22819870,3517614,1757346,198345680
238719910,22766032,3509219,1753153,198263058
240302423,23063073,3555814,1776234,200193743
239648617,23087756,3560050,1779007,200000785
239567894,23026606,3547110,1771960,199265206
236927106,22846665,3521685,1759386,197628535
239724608,23011043,3548146,1772267,199724573
239411545,22980978,3542687,1769838,199116413
239476661,23083484,3557509,1777479,199859301
239017443,22982424,3543255,1769989,199434423
239359618,23038755,3552574,1775136,199975984
238667639,22897506,3530004,1763567,199123139
238654271,22816447,3515368,1755852,198405381
239201281,22897311,3529033,1763197,199026528
239607582,22953069,3538043,1767566,199377163
237106708,22685591,3496740,1746968,197389650
239378305,22905495,3532038,1764185,199456969
239572526,22950557,3537164,1767284,199377333
239466209,22978208,3541679,1769466,199748023
238900455,22901647,3530609,1763712,198967685
237941891,22741333,3505796,1751366,198197513
239912933,23034742,3551051,1773946,200491535
240225215,23033838,3550753,1773844,200484656
240011700,23029774,3549212,1773343,200162851
239870223,22983064,3543384,1770024,199775004
236726205,22634721,3489449,1743153,196807881
239947268,23035486,3551358,1775070,200281422
240118656,22973195,3539733,1767813,199731568
240259859,23038974,3552715,1774540,200440290
239145236,22868020,3523831,1760763,198819534
239800233,22982560,3543314,1770017,199524577
237802475,22744973,3508098,1752805,198087368
239905112,23058913,3553294,1774689,200292105
240369286,23113319,3562893,1779959,200555539
239688410,23086924,3558852,1777920,199919111
237037810,22767680,3510784,1754355,197937394
239504184,23133978,3563758,1780266,200534042
239823266,23007947,3546903,1771873,199928425
239595717,23110871,3561960,1779637,200470854
239599391,23037007,3551909,1774238,200404857
237924365,22903007,3531088,1763891,198879828
238730439,22842441,3520191,1758875,199173818
239365533,23057505,3553673,1775547,200061578
239431723,23061273,3555021,1775965,199908148
240519804,23093500,3562292,1779757,201113588
236563536,22812966,3514088,1755491,197948944
241049049,23167117,3571222,1784112,200731898
240162069,22982722,3543258,1770020,199830004
240344604,23113607,3562926,1779986,200499162
239459150,23113392,3562862,1779944,199624220
239691782,23303380,3592820,1794731,200057460
238647316,23352482,3599564,1798342,198602646
239015574,23193208,3575091,1786085,199325298
240323762,23087852,3559135,1778921,199956870
240309690,23027918,3548479,1772209,199682886
237316242,22769472,3510367,1753604,197848407
240487432,23193040,3575038,1786077,200971382
239774562,23074381,3556995,1777337,200248920
240770352,23016154,3547008,1771939,200512208
240448164,22953622,3538266,1767655,199926449
238267838,22847297,3521879,1759477,198188706
240289645,23039270,3553629,1775536,200376844
239017594,22973720,3538871,1767868,198796664
240182491,23119783,3566086,1781741,200191993
240380697,23113199,3562585,1779935,200344746
237736134,22815766,3515056,1755813,197881563
239829652,22956832,3539377,1768096,199164724
240270172,23058153,3553735,1775590,199567939
239827752,23087292,3558822,1777960,199731482
240695081,23193160,3575075,1786107,200543067
240145125,23162549,3569449,1783533,199339910
239259972,23011091,3547979,1772280,199280547
239782793,22955398,3538821,1767861,199080662
239949613,23054225,3552444,1775134,199395131
240106528,23115895,3563795,1780273,199937840
238797162,22953693,3538314,1767657,198726104
238898023,22924226,3533117,1765261,198243844
240848920,23118039,3564598,1780521,200718074
240086244,22979304,3542088,1769619,199355935
239708550,22978928,3541878,1769531,199271831
240158031,23085485,3558307,1777738,200002150
235930434,22684023,3496061,1746739,196817088
240219089,23115367,3563641,1780214,200657398
240396908,23112767,3562653,1779872,200166978
232960894,22847737,3522204,1759553,194070098
238358172,22958789,3541159,1769284,198698836
239950298,23159903,3567594,1782237,199929225
238952152,22979216,3542039,1769561,198777089
220046461,22212890,3425408,1710894,182924723
240502043,23221731,3580029,1789366,199930472
239381999,23112335,3562376,1778822,199190058
238745776,22923810,3533050,1765201,198572975
239791282,23030782,3549592,1773485,199923752
239531715,23060025,3554667,1775833,199587806
239660324,22981408,3542849,1769853,199223347
237192710,22742377,3506189,1751493,197183043
239866205,23084752,3558051,1777646,200104265
239684606,23091100,3560420,1778446,200071976
240094921,23031695,3549930,1773571,199861382
239172717,23019887,3548473,1773104,199296606
239367972,22967300,3540471,1768373,199359900
238166263,22947717,3536050,1766907,198411592
238896557,22824430,3519328,1757913,198731950
240188139,23033158,3550518,1773772,199424251
239696519,23111695,3562249,1779732,200193313
237076938,22792395,3513160,1755177,197609366
240553053,23144356,3568668,1782590,200318576
240490072,23062033,3555394,1776076,199826873
239484392,23245134,3582831,1790015,199306365
238918840,23056106,3553196,1775348,199262306
238894517,23064425,3556310,1776382,199744159
239119807,22948453,3536400,1767031,198683726
238312810,22745301,3507310,1751848,198116314
240182405,23114847,3563354,1780992,200078576
240105024,23053793,3552356,1774183,199727899
236803845,22741181,3505827,1751360,197224426
238887215,22981832,3542992,1769887,199256732
240414763,23137874,3566188,1781745,199837771
240798698,23275769,3588456,1792560,201152275
239121914,22981120,3542760,1769830,199092478
239791622,23081092,3556620,1777175,199763835
237628963,22847514,3522099,1759520,197989523
238769236,22852953,3524125,1760182,198066895
239275020,23214371,3577211,1787452,199773845
239551786,23114828,3563408,1780137,198780816
236930686,23059076,3554369,1775743,197431096
239509653,23539313,3628317,1812701,199460594
84845724,8419393,1301488,649901,70132496
0,0,0,0,0
0,0,0,0,0
0,0,0,0,0
