cycles,instructions,load_misses,store_misses,ept_walk_cycles
26027230,43040533,9745504,5073809,1121442
18524497,15722182,3688573,1820518,1413403
30091290,28714282,6640829,3395088,2103279
30267438,38814784,8421211,4050322,1593517
47427831,71879219,16203527,8075555,2019555
41129124,54883653,12178847,5845245,2153852
61801424,89291498,23546710,12471781,1604758
72188020,93983480,24517955,11001607,1861830
134901188,181243936,48638078,23102485,2187470
448179965,793501299,210744126,106897177,8289539
396204039,608713660,165463702,83150476,6447135
482644566,674437852,181189005,93479620,9628536
555492389,710117380,187652482,90207737,12049501
751660665,990780258,270209291,128934936,13123124
1189122840,1637754881,452089483,215418578,16512775
1191296698,1763120680,489478156,235023317,13643830
698583204,958075456,266490062,125681762,41389318
520742331,582346369,162250495,74830081,95068417
371093732,597891947,162005984,76398949,4834995
50685595,59961933,14833093,6680989,1995775
79312148,119788978,28792551,13580398,2160840
52214777,85156793,19891144,9393994,1809227
93877636,155345582,34530658,20660014,5881176
76856732,135266457,31849200,13214767,3204555
59242294,101694104,22715441,10174647,2327206
78696011,200507217,46685102,14520597,1630638
61893902,111280544,25058588,10614339,2177782
40371523,58433770,13166794,6324318,1745724
44591523,62010873,13977599,6527185,2011579
12079560,17202028,4154710,1933037,413994
11979045,15449560,3727499,1730766,615523
11424155,14006561,3379939,1550746,734301
13727879,15148805,3652003,1633496,1096019
15012330,19788883,4767274,2139992,1021513
22738123,34047852,8170029,3802084,1222050
4413510,3905842,932709,410967,585457
10880267,9229554,2204981,907010,1392964
18034012,21449987,5128046,2331579,1673305
17930450,22265860,5313702,2403127,1611852
20667136,22789954,5476710,2325119,2213613
18412005,15141619,3630239,1370045,2698056
18786948,19634648,4681182,2032728,2336208
24060474,23291023,5570551,2267626,3329832
54493979,140371206,32791776,8465476,2734913
117879558,365087882,85203724,23143785,1018361
47529185,152009417,36472588,9238646,912171
47763323,67717820,15242788,7275738,2662065
49953441,75263046,17144117,8476353,2044604
52418547,83496285,18862860,9366959,2038729
85400026,231513161,53646445,16271494,1277116
119468894,357496553,84698586,23543793,1546489
102200476,299966722,69969728,19786612,1413603
123754852,288303897,72089096,40987467,1641995
149802864,147352912,41501076,24608833,8973421
28782537,36763826,9474496,4216781,3515289
46972982,66708564,14824883,7270617,2118994
47128080,70521242,15630128,7604520,1993373
50485198,72547249,15987726,7903988,1930276
31428578,39520529,9257786,4485144,1779762
99585539,167027297,39615021,17997956,2372953
124649988,201453787,46771273,26411787,8044744
76566902,139647703,31201749,13622798,2718440
78639579,182719184,41758819,14347221,1909139
78763725,169659596,38973766,14129135,2209885
51725301,77858230,17546258,8544718,2164656
45108490,64397421,14496528,6781512,1994842
145046953,226477952,54334745,24194314,3588513
155014339,438632248,102697942,27347779,3126046
100946484,273595657,64520997,19099277,1969374
49909985,74353566,16831045,8204404,2192669
45950334,70131629,15860295,7755670,1924371
83069691,202485828,46989442,15681494,1920230
131084309,405981295,95756763,26288572,1078270
98920722,288305064,67187954,19635161,1259361
84758309,173684238,41870022,21484828,2201486
169469597,307025915,81417927,44172466,6974558
28013771,33753341,7619803,3824421,1514592
56451207,85081110,18906439,9298202,2392034
56833331,85852451,18885510,9033985,2331727
65492563,142844564,32304344,11390829,1679193
35695730,42246833,8798034,3226044,1610860
51782246,80660991,17876472,8645967,2182519
49925745,73687771,16330523,7638727,2118003
151754202,219786827,57537815,28208826,2529492
130273862,179047367,46832430,22189843,2481227
1587388284,2489898571,666481672,328563468,20223319
838868453,1211553467,331035355,161120188,12578049
265957603,334640113,92846767,45585464,6111899
1139006312,1699874244,471040610,227146080,12929152
1061115236,1524236752,417008066,199784789,12046841
789334012,1221492524,340181424,159480621,7537343
353787461,610406275,170650680,79455674,2746804
151086043,232082322,60936130,29367574,2023186
39166182,50533700,11873986,5967098,2155480
73230606,102597982,24531387,11264624,4908280
68060411,99893778,23732583,11900620,3296209
124368981,223920893,51072044,26614507,8646146
70941881,130615040,29125994,12487526,2591132
82192112,208227468,48238438,15232828,1792588
66647537,119738820,27109102,11527198,2453835
50938997,73587779,16539492,7790236,2171338
90662881,143284403,33771850,15608954,2328895
164560480,295897794,70037719,24878262,6716103
112410488,346682089,80735452,22074385,1011158
91100957,232417093,55079818,16663840,2345906
46231377,69930888,15786233,7657486,2097880
47813169,75330325,16854218,8279965,2076579
86955968,218203121,50626212,16536338,1835745
123812239,382309398,90546728,24656094,1068358
107503323,309909183,72249234,20976765,1498525
123671446,295065394,73544761,41646345,1862236
136751941,172007070,49191074,25694675,9139849
40995869,57285537,13055063,5735203,4018052
56109754,88013426,19566272,9731938,2430563
51338252,78820435,17381637,8484486,2276340
55227141,87738541,19115504,9381882,2192763
83050669,200817030,45922653,14574989,1923265
73382898,158829773,35808651,13206963,1990585
56215916,87790032,19142507,8898507,2349717
59888993,94461295,19998084,10102751,2101050
88309775,123866897,25588454,12582247,3665417
381164861,605369624,153543714,78051569,9539519
1057804905,1533768890,405256590,201756653,18078772
1294834600,1940657561,521993472,251416358,17728422
984569931,1525086715,409817882,194452528,10736916
768133765,1176656278,300404517,153414185,12355102
1805557656,2628117492,693297069,348626565,36510204
532207945,688309440,182808555,90898136,16285537
582347910,796620990,205023112,99805710,17880151
1470190337,2001431297,535454230,263451531,34045278
1265714072,1880754784,509000022,245075620,21928686
607180455,832495324,227201972,109504516,10719682
579159093,802422344,218001505,104914311,10382136
442332208,589738549,164254354,77719223,7516204
449782057,586546712,161450696,78992346,8126228
465523548,690621086,187612126,90982328,6930402
466669759,685960518,191384377,93075426,6602262
286486631,434567517,120259130,54719356,4572271
470285307,759140689,206051327,102747906,6356475
315558669,576930266,158279748,72557521,4478531
561360849,892792227,239202862,121957610,8651653
923424413,1367491186,371942680,177016735,11068395
750439871,1114835142,304256896,144994579,8198808
693194649,977268643,267829177,128485498,7971685
704271037,1091431090,299332464,143168939,6440632
698061703,1060969521,292552667,140639293,7232840
515247058,763741848,207809925,100047573,6231692
350046337,545170880,150077110,72600329,7171175
344904590,554230286,152236841,69893226,6460719
300159796,466260028,127756907,61698848,5188604
324975044,543004655,139909814,72721249,8389581
271012496,469518917,127327903,64784000,10053340
200459877,295804318,75592985,39009312,7152921
126419576,191668442,52449959,29587661,5420748
113799892,157645671,42216061,22709770,6107815
89303408,145093520,37582487,17893247,3575654
742808923,1263510436,298307845,149350134,18461147
1341867869,1805103210,472786177,245394617,42412658
383196554,442333934,117610362,60958032,18634733
428974646,499616216,136389205,73308279,19561159
405225889,469306337,128673736,68514835,19128575
462682045,529534327,142908713,73836535,20380158
460146007,538089055,145605506,78521801,22802562
381054565,419890407,114625998,60375958,19308958
431597874,496742254,134907330,74055086,22749606
219118264,235071255,63675332,34849359,12554111
377251874,401246870,108759648,59429472,20800123
306958994,311258690,84557466,45930198,18249579
336782916,359715661,97677104,52649134,19777376
368726402,416788575,112517656,61393269,20742001
500773069,582151425,156410853,84355148,26091532
408319784,476577307,129562842,70470829,24399174
432320007,489485461,125856445,64802468,21315034
931153611,1100586203,297192638,159865169,43405139
305344498,328183706,88342104,47072193,19200292
541610059,652284628,176121095,96081470,29239588
398922314,449882685,120565663,65258860,24449213
509904227,612527871,165691182,92113701,28339585
386066577,444046828,119890387,65293588,23981005
550412952,625202768,168951368,93069369,32409789
917983144,1097909604,297476541,164846367,51656209
718521706,840787072,226528993,124208226,43489695
524580932,602934357,163622363,88401355,32106263
539107403,618036118,167462077,86914969,28457764
1038443308,1240465699,332790636,174761386,51227614
486515566,544540343,148675093,78039544,27898693
1579222197,1936171077,517048640,266487953,73661029
2423216471,2961987285,786463762,401166074,98331110
2447287797,3002756566,801417393,416854983,97322955
2898781516,3786176073,1025694459,541506132,95327321
1581913018,1891602135,515795468,271121591,64590328
2190368157,2869991040,772838645,410399329,80928385
668484259,780953708,214106503,111244091,34857567
475840073,528999896,144572924,75544664,25700812
2252934772,2699037103,730940585,391338536,104983592
1891495054,2141150382,576184511,299535752,86122991
1579538476,1907585270,512309523,267894961,60330949
1299139823,1562341183,422782614,216346907,52001709
1395437959,1593708470,433377139,218470948,60957913
2482251539,2923045407,789966019,404667794,102281096
2642876813,3199631835,866821549,448055435,104945092
2890243776,3709779440,999337095,513509487,99295225
2952688156,3785342501,1024239162,534401586,102347014
3202044279,4239815991,1146596348,608966198,112061833
3088055026,4038918127,1090980484,580451480,117197093
1193860314,1322092600,360921198,184737030,56980125
611447895,686668954,184333301,90377474,28653365
2151898700,2430535416,658693659,336547722,99843139
2787561140,3382489131,917842752,456335319,90696801
2380497349,2898289954,782770082,395130972,85863186
2757092450,3618502264,977211665,508543069,97150705
3145552254,4256870788,1158985480,612012918,106369851
3219279877,4321834817,1174866647,624936302,118568291
3202532804,4318180635,1166585240,607970921,116220531
3271730473,4240008156,1153649824,591720221,114009086
2815727243,3625889837,977721153,494360870,96471996
2736739546,3654552398,985039871,510564637,92412043
3006638722,3906793182,1057893582,548641390,106495155
3003932231,3997695656,1082360195,567852312,111526943
3047801024,3961000902,1069247297,565707984,119783500
3367399771,4365191426,1190043198,624579183,121823871
3025424721,3803202866,1026187571,513301114,103725402
2667615073,3521134769,944147997,485271637,91587328
2753181892,3614113111,972112755,504931612,103190170
2845486454,3891756810,1052917899,549246563,102269445
3041964512,4354693813,1154677676,590345104,101645842
2641791398,3531319355,945234112,492204876,109651098
3002563240,4065664955,1095761330,576406851,110376469
3236787741,4338929059,1176472151,624217789,117403178
2812585999,3601211012,966348800,503238029,116923613
2887267387,3917177986,1049475603,552399422,109287011
2943508640,4014754981,1070512122,566543544,112544771
3270418194,4350382447,1176149644,623756297,119117420
3078368260,4168924315,1116564145,580713224,116292079
2942427331,3749233986,1007733591,527374713,120817877
2933727921,3711019530,997455999,516610458,109794460
3091027374,4021640828,1084755666,558810140,106527284
2880005068,3837200582,1036336919,535108932,100415917
3051614670,4070647537,1102971597,579727892,115308586
3162276761,4312303994,1163107727,611539678,116955019
3140613817,4167867810,1129770288,592009286,121263850
3008878242,3907741139,1051348009,556014660,127544562
2900269932,3707930565,1001580259,519416796,109298222
2907625095,3742606851,1007243354,526079962,121058148
3069176763,3994773725,1079211153,559618938,110995187
3150856569,4166763403,1129968067,587645747,110912309
2936386528,3842298843,1034918604,542406577,118387055
3019621790,3913838541,1057341736,554538273,125862725
2791577692,3655387480,982380376,520224725,117814178
2718527845,3526303327,944065973,496169173,117079661
3131034645,4214479206,1140789005,605452247,124083512
3177510050,4194656179,1137147288,607331174,132703225
3290818724,4290758490,1164174997,603189511,120017263
3007833670,3875321026,1046502668,530871736,106285862
3206106630,4377974973,1191416762,615555192,112666862
2762073119,3447875903,925931132,487945345,124671249
2976694841,3960353700,1056536041,555329808,116055207
3181950539,4204158310,1137837298,602964434,125002650
3092427981,4141110582,1125534634,584915392,111232905
2846654087,3646989807,979723929,505541194,110708210
2793097886,3602516716,965779656,504978895,111864437
3055126021,4032612145,1085043923,572508018,118382319
3173481415,4177645969,1136663005,608048997,122496057
2873675236,3784829460,1020521950,536264114,122541266
2999822537,3962794876,1068054726,569903515,130979586
3283524691,4259173775,1155536001,615044755,133392043
3300915520,4218053338,1144351350,597367586,125608061
2943032292,3787807206,1022359284,530725433,109712953
3065261803,3988133323,1079226063,564259656,117507906
3288356471,4347202383,1178405495,614025006,113565584
2542757232,3229142516,872679163,451436718,96894132
3162426510,4155636516,1117818031,582016521,115315125
3056069074,3971752039,1067016402,558210331,113033121
3083609702,3978033222,1079321090,564479726,115394088
2974114416,3919629292,1050057576,564104223,129540498
3283314903,4216404868,1140092442,598088064,133667170
3038113766,3896237115,1053001370,545121560,117437746
3355259759,4412096599,1203266147,629845047,121957733
3232219763,4259722058,1158549320,603002844,113610543
2750922865,3484044364,945052942,482735126,97454033
2907587587,3860842818,1045291045,533812058,100615533
2867235669,3793002564,1022004249,530804383,113216062
3118706664,4172121886,1132052895,599732992,118835713
3375910236,4383135717,1189026924,618732822,126908934
3135389862,4032625948,1090647068,560978968,110244637
3319547449,4507115082,1222697753,634232898,117723351
3004294673,3933407723,1065344283,550839968,115345633
3062681418,4034347862,1087568029,558492773,106796437
3349824061,4421135491,1203592299,625319042,114744352
3233632563,4187908380,1136852120,585081101,113061314
2914162519,3845513094,1046646770,539422887,107149944
3122836885,4215067510,1127952178,576181793,101255807
2939110332,3779395855,1016285261,526440084,115148011
3189950062,4197007011,1137686252,605167291,127806261
1813240591,2330747044,630468722,333117322,74768128
491758989,521111970,142649599,73043716,26151409
663437316,762532053,207639902,103717010,33487427
737512223,829192769,227187940,111915689,36106211
747200947,865565756,237685234,118080223,34388366
2946041843,3774382043,1023926929,513583051,95225852
3038600420,3951287868,1068724077,544029441,101373620
3274532772,4467814454,1213221438,629237823,106193972
3278394646,4435095515,1211129408,629109013,111315616
3095673262,4275656842,1164860090,608795548,112152632
2819914108,3797573652,1022328874,531903802,110379045
3111752942,4141175223,1118535088,579006566,111641938
3046564354,3955470480,1070194610,565762534,122383285
3320160271,4304593067,1163760494,611792950,129820084
3193999998,4136478658,1122023531,586401187,123324693
3181535222,4220291848,1144562325,602768467,126565111
3299578891,4328734022,1168581543,608254737,132670545
2898081623,3783196741,1029189984,526946545,105022956
3099394791,4074651653,1101285154,574504716,114749694
3366461344,4520334341,1229903382,635577348,115483398
2973763814,3981980468,1074516674,552072755,100716065
2841463492,3828193767,1026966939,532357597,112352124
3385122274,4577948937,1242083106,657544390,121377583
3234332091,4188545948,1136243227,598717296,130079732
3221963349,4239101575,1149000623,598319668,126537270
2891845778,3775524083,1010805637,526706263,120636698
3012282016,3809234030,1027472980,535390728,121437941
2962751564,3962844557,1062017361,555698586,115923562
3267529383,4297494050,1169315476,617299932,122062307
3235244480,4297376448,1165184810,612203260,126614448
3114218471,3962937213,1075061428,568788915,133250107
3254618081,4263326295,1157082827,588098961,122369932
2728659637,3446990765,921331624,468540432,106687081
3006471808,3993765061,1080818017,572164119,115470050
3300658693,4461948587,1212202696,647122263,120262408
3222847565,4232711932,1144619620,607603417,136553141
2958917516,3880251784,1045447428,552756230,130102279
3119013956,4109517607,1113882808,588800766,130431479
3121026398,4057691926,1094856840,570578302,127336966
3177190861,4218030588,1145380021,585849941,111827433
3084858306,4206190808,1142179942,594446289,108616024
3010360829,4129553726,1110261855,591104305,121590674
3354269351,4407012649,1198835282,637034413,136188384
3090770373,4042093733,1090900590,558740756,115830553
2905295109,3655740177,983003470,501579628,103769594
2907599813,3916291659,1051937595,550078610,109415102
3366568764,4364441881,1188767666,625474983,123237556
3307352653,4367262508,1184537458,621130584,119858099
3266912153,4279114090,1162533580,608242248,121343985
3117219519,4112049530,1112920940,572768765,118337972
2952300611,3912667426,1054256547,541066677,104931616
2788713639,3736559408,1003784989,521050345,108552208
2941627457,3937978956,1063263154,561917947,117858101
3075308747,4103677105,1107201480,591013230,123698593
3071283190,4082491671,1103376725,593284767,132671842
3155111672,4178299843,1128151624,609404352,140760716
3317631190,4288562306,1160442135,611023359,137825682
2858633343,3624119135,969585732,491401505,106647155
2852498289,3797272596,1026241808,534481387,103771814
3153616742,4261167041,1154335240,613819005,122077404
3119448083,4177638304,1132506651,606265695,131339714
3240972471,4314768521,1167002060,618317283,131385189
2765406451,3565967107,954667359,496645072,122254263
2836572916,3688694731,990852245,523510913,123286052
3218286200,4294563039,1164887930,624565163,130291623
3270152627,4369999496,1176594349,631004654,123776357
3194072882,4331456276,1154479022,605219666,120339175
3043953498,3864241407,1038299465,537109295,123261512
2976155696,3872298846,1044846390,543236934,112803348
3079426871,3874973980,1047432031,542522404,114690181
3131982124,4060781825,1101184215,575211367,114860564
3285515083,4279522274,1161790565,612307438,127566959
3109313272,4020055516,1085793376,569461496,125545144
3058898751,4028769414,1081120145,564563722,123160527
2816569527,3598282831,968142820,502441913,117214646
3096124974,4078239745,1101102796,574580017,103562310
3016533416,3971182020,1066756592,561918024,118399142
2802749153,3694668537,986433641,506144812,106682182
2971914145,3891069245,1044835480,541138504,111960840
3109696675,4112078513,1115237763,592714046,121373456
3252853379,4124716590,1121956142,592183717,124483241
3025239291,3962956492,1079064453,557597022,108348736
3134165320,4067732425,1104542873,568158506,114598073
3023055816,3808269881,1034453457,519142851,109969511
3216471845,4266644089,1160478511,592190880,103694369
3128754628,4169575582,1127604553,585561456,106722912
3165721488,4113246874,1113189589,583001028,122088662
3053183219,3998410638,1082280746,572143583,119344631
3281309938,4384929892,1189181198,631579585,129925515
1172047845,1527320872,411393562,210400156,53250535
425110670,371336082,102300762,52816362,20371180
2643853019,3264656232,892316965,454456271,100863474
1397995469,1651013664,450933906,226232452,52091106
2888861978,3732276145,1021331806,515712812,94579984
3306939859,4424598522,1210306347,615348751,94582578
3028495966,3747092930,1012107526,510592780,97790379
3098196595,4068771686,1099853690,561525217,98956288
3239129658,4250974360,1155919677,606208821,109622384
2998778054,3934505681,1060799188,553789875,119576391
2944008599,3909010892,1054346500,547986771,112202330
2968274675,3849077703,1037786708,551505654,125448000
3027281419,3981996235,1071867306,571737053,131519535
3065777003,4284405194,1157684126,605707167,119124346
3104237097,4287488244,1154169237,594975216,112506469
3031741291,4192105212,1130735126,583231395,102394026
2777204804,3725060335,1000288710,538045481,122080328
3318339523,4438857486,1205119311,647427120,142167905
3265671649,4199436722,1136377699,596376469,127258956
2660418872,3485438107,934527691,489748284,112182433
2901112599,3863534929,1035361718,554722513,130233414
3175997953,4095234284,1107912850,593207543,136912768
3121247664,4079232220,1102005563,581933418,123631646
3020436566,3925186666,1058397183,561165205,129693985
3218282365,4196495494,1135542207,596026092,129146363
3067275992,3980862618,1071544862,554631372,110146818
2796753558,3661108306,982566831,499142890,104680469
2900403782,3833069754,1030939767,532885940,102424577
2736275011,3669066060,987870367,529697951,115206385
3287651830,4531807221,1229440106,666116560,130552130
3126960651,4221054093,1139983732,602522058,131125050
3114739108,4182634824,1126331488,605931268,134837981
3289411928,4029664895,1087978238,576685762,154482771
3193015641,3933947159,1062713132,548401224,130022843
2934898191,3817806315,1028925642,513504878,92853034
2722982996,3656503844,984908048,505886514,92968072
3266359268,4402457255,1198982055,636774286,117376548
3347650095,4549876410,1235037427,658470218,127661081
3012099656,3979572369,1075130166,573815128,134095632
3024578771,3919092970,1051314708,562462580,145002303
3154547564,4013465069,1075402443,566487516,142976392
2998050612,3798343991,1022050981,531900241,122183707
3192816287,4091603119,1107281653,576447761,121618795
3248642722,4244394795,1150284011,598286767,115204005
3331337624,4388367235,1186847597,603201291,111277937
2746978053,3479852216,938942142,475266256,99026586
3134428613,4150061006,1131168341,589208454,109597964
3025708610,4045213739,1092005233,575575555,120191874
3031552934,4012339387,1086523757,562679482,118223770
3137949409,4225153056,1144450145,597496759,125577982
2936701713,3843178343,1039866839,538233583,116567327
3131591026,4070929624,1105191532,581315418,127752461
3026800950,4075254175,1100281391,576067194,120957327
3018070755,3996843354,1077071934,570973650,125637956
3049007681,4138623977,1120564521,601079217,135336724
3294693592,4453990774,1206318205,637551791,138606059
3072829097,3847857835,1044310589,543076501,127211605
3315577709,4369512901,1185515591,620296141,120833182
3180827122,4156365357,1118265928,578798753,116834886
3335841681,4348254653,1182288929,612676059,114265861
3151107441,3943113545,1068422602,540807918,111001453
3171470499,4131171227,1121500918,570676766,105500655
3061300026,3946492995,1068285153,547352057,114950041
2868672676,3711993005,999007831,507935172,106703735
3264320954,4469816640,1218310125,629863420,112503010
3046628890,4089752206,1107243453,567646240,108620517
2843020848,3788547169,1017519489,522138359,115957105
2723643214,3646269003,971168058,500924407,111314528
2740557602,3629026118,969923083,510468045,115991959
2856793718,3831900053,1029663295,544736815,118451740
3053539770,3947594236,1060187937,567155954,135700948
2973821565,3776138004,1010246080,519319064,122661097
3162204116,4136324464,1119340502,578896398,114358931
2989573485,3913037864,1055981774,550148385,119427638
2764710882,3659173970,975415102,513900301,115324653
3003678672,4017829356,1069384961,547971464,115913455
2792330379,3593452728,967076046,502989456,118562071
3115914851,4032730300,1093852678,579311160,128968273
3097578078,4137644783,1116912758,594614676,124273325
3101274115,4215163738,1124762850,599579089,131296735
3067229185,4032071743,1078736837,568096781,128105078
3041777903,3981287414,1067846578,563665175,126026044
3214291154,4070782674,1103536264,576901554,131976138
3396544489,4459927469,1212571512,641560281,123854229
3132167327,3919321822,1066945390,549341603,123338226
2997205851,3779433358,1015712123,519655340,110950968
2730510001,3555278485,954376340,492476727,109158015
3108043930,4087992819,1102263225,576948318,120528094
3391925725,4532591644,1237119272,655607739,118417942
3129620819,4244275424,1151060179,602782431,124691116
3115406123,4146972035,1121777959,577179746,119998402
3110472587,4105391662,1115761852,574033084,106488053
3056619057,4101155390,1107500968,567829905,107667436
2901098900,3824672176,1028400567,538340571,118094566
3228251792,4355857970,1182085964,620399651,120807454
3138409371,4132532033,1120024113,585262537,122273070
3027559334,3935947567,1063138946,554083359,118169580
3177420169,4207263725,1139902653,596907754,120728065
2821066162,3724505037,1004947488,517203450,111275679
3019563177,4003423252,1082135517,572374468,120615478
3264806161,4308389152,1167928638,625918902,133022608
3284753883,4321984057,1175746955,615878021,123872575
2857001268,3722409461,1000302551,519089595,115295309
3164229369,4182365553,1136798827,594494988,126667159
3345097814,4467330904,1214896828,644377303,124009007
3092185123,3919277927,1057451059,549070204,125991874
3200315292,4249179523,1152585707,599364308,121463793
3279130723,4255295789,1154285140,589728102,122728153
2686639536,3347955470,897323759,456957534,104161317
2724012777,3631971540,974129140,502038742,104600364
3326752079,4457685474,1210990363,636647592,117797289
2735323756,3521106129,947294466,495339644,111343127
3116031801,4223615850,1138515424,606799474,129402900
3212773940,4327762290,1174005473,613032716,124462041
3164531439,4052652578,1100772590,571405335,108387031
2533768836,2995284812,810740973,416953766,113385353
3006124524,3863055541,1051900200,545573790,117945580
2947540198,3750839398,1012025911,532610394,125797823
3048636530,3882321191,1051875649,558614282,127326146
3373712466,4381618841,1186772192,619679268,123599388
2725492444,3390514542,909506360,467800007,109234101
3030454502,3968520231,1073080301,564655220,114708740
3118867595,4099556840,1107221970,583057407,121558300
3218576335,4332210740,1182408287,630102805,124746836
3228197373,4196478954,1133203401,594439696,133081373
3032102547,3887301707,1045865734,547638748,121997219
2919770911,3771894504,1019096114,536554118,125890506
3114772670,4012877263,1084879814,568923374,127173576
3276930834,4328759455,1177802906,603115296,113606864
2800807517,3713256849,1002989255,520915561,104403199
2811512811,3590019225,961654982,505425498,122703858
3129965622,4107418386,1112451756,591342732,128613745
3138374158,4142927890,1118163338,593198344,128940411
3072820739,4088764653,1105333044,589646517,126295561
3210728865,4212026568,1135938923,607323162,140681365
3167641155,4066966029,1100439429,573652237,136536436
3158866599,4192378153,1134538491,578581706,107929944
2355563349,3118448022,829326675,428295893,99391345
3000392045,3982751371,1069215890,568643630,120643380
3085925612,4135020276,1119360723,598951917,121898248
3166130160,4253911269,1151311473,621641300,130301376
3157777772,4212063209,1134250593,608445332,136457805
2910761876,3787283631,1017496331,539765194,136658856
2953337265,3799613809,1020057315,540918393,134475250
3163328677,4024449385,1085483215,568224149,130862583
3063637720,4067171954,1099213726,580482580,120748028
3041129883,4163184610,1117149081,602715622,124845979
3205473539,4215042514,1142072863,607506202,138090199
3341054928,4317889063,1167978079,613208880,122895845
3372710210,4194349209,1138327507,580111681,114124505
3094805838,3906834924,1058500041,538088264,108599969
2950131714,3811252778,1027632464,524394693,105560148
3165382185,4187571989,1132612843,580051903,104501960
2834613598,3722973140,1006501694,517372117,101447178
3270071499,4394996086,1195826103,625008054,114072780
3015792416,3986564580,1083568613,566730043,116848203
3092165214,4004244180,1079303502,564965818,121498785
3236817974,4367282057,1183274627,627502291,125081929
3377857438,4533653991,1231351124,659154870,133895451
2176227219,2687253550,733939180,379582974,90079505
1229806607,1425974119,388945655,193386593,55003324
2525755429,3065246411,831051835,429950682,108714779
3165641240,4104558487,1112351197,570233339,112985406
3174630969,4095441970,1114979567,568409471,106354677
3232992575,4264958109,1166264674,602897711,106997360
3117366964,4066825802,1102342554,562156068,109233054
3033598937,3956147738,1069001273,559460503,119599477
3164605494,4103578673,1113982225,582898735,124334578
3087271073,4105186858,1110956802,573101691,113640400
2857743827,3811438980,1029266874,533204806,109928310
2978680543,4018317723,1083708726,557413854,108192930
3076316396,4095166920,1105105858,585698688,121884604
3278823799,4312141299,1172278707,617115908,126992297
3115295706,4068542344,1099327806,582971744,135503097
3223241571,4303903809,1167121132,622251730,137626883
3071575016,3933722547,1057652280,553805983,135166026
2908546545,3806913188,1021754658,534462054,125675332
2681681169,3464048239,936525775,491434042,112056119
2591251632,3368029402,899269558,451506376,98956299
2683374226,3458995251,927136695,487165712,111529554
3048071400,4062577641,1100919972,583840426,123160898
2967832299,3960672419,1074832490,572545245,127159056
3068743377,4133226185,1120257096,581747836,126235553
2715193825,3663570446,972594023,499637637,115203469
3018734107,3974859638,1067184534,548353645,123239161
2994815858,3816090608,1027953079,534140686,121780737
3149109944,4089318248,1108243594,574232993,115789022
2623867739,3396146424,912467613,474283490,111957600
3083055861,4086846852,1106836922,585740654,120229681
2997935911,3853405353,1042930075,541377387,112182897
2655650878,3541900464,946738110,498678452,109089001
3120382867,4159401819,1131531105,600491695,125996017
3083904992,3945540327,1067972861,569936932,125840938
3235972814,4417125708,1177013267,629980871,120694326
2855110470,3632031867,958295561,503564463,125015852
3158687180,4158871457,1110905398,584346502,108826050
3181837652,3909072380,1053819675,532210733,117324729
2721950960,3448210177,930192549,457505050,87523353
2772784569,3542616813,959801643,494622254,99374961
2965746739,3864314760,1045887273,552732083,115784662
3107693301,3930416433,1069048013,569807385,127550168
3220555852,4099397350,1112748421,575273079,126426600
2853803057,3676063668,985820869,510938734,117651469
3102756644,4033381601,1095162617,572615750,126282721
3133481624,3996683778,1093352835,568892102,122705697
3045476097,3890816807,1051219924,542305442,115367029
3073434924,3923814517,1067009940,550117782,113480949
2848405566,3727959381,999060704,507256350,103494634
2856473231,3761042488,1023692156,527248571,102517576
3076288814,4291270462,1163876436,599784924,104927604
2403060750,2814485703,758284064,394739850,115518031
2814384855,3539815503,958338971,496993346,122241687
2994754303,3874492335,1048552919,542287664,110237868
2788412530,3654801361,977590228,500476821,105832541
3256588528,4271380019,1168328841,612838903,111985339
3048692204,3985158126,1080607877,562689247,117236707
2932004774,3780773066,1022811276,534214609,122047396
2868650360,3813213382,1035873179,537163027,106333323
2056205924,2591563213,703085700,363563763,82411033
3157654520,4095426444,1111847246,571696102,113375378
2920914770,3801692253,1028336127,524305473,108280108
3106756251,4035321510,1098345781,562994750,114948067
2865737537,3663691185,990734103,509908599,111971589
3194406114,4191392911,1141512590,596578749,120500986
2967132820,3916081645,1057795448,543306933,114131433
3041765257,4059556552,1097221287,573988241,116613388
3107921440,4106433801,1115264174,583945608,127063783
3060768131,4076386059,1101384488,581028852,122467656
2730877164,3412586781,923486076,488716393,128605946
2754088136,3357813178,911315997,479617939,139713071
3025494551,3835737754,1038996041,548385681,141783870
3315767235,4439160572,1201789456,639633544,137539280
3150405488,4021976291,1091862529,565432073,142285577
2971207381,3739611613,1005109817,514036369,125079895
3138872850,3994326575,1079406839,557055241,119921869
2725429518,3530799425,952252092,498456728,106556390
3069243048,4192610260,1141920428,611755369,122782250
3070400390,3982615086,1079077979,572961940,131836249
2699233237,3352087875,896002097,460997621,128355016
2958003689,3904349532,1050331378,553400721,121204274
3350445047,4520435879,1229893994,662206943,134955203
3331410996,4323383128,1172561330,625614606,145376020
2958758751,3744573021,1016646695,524766353,116766987
2536625427,3153784193,843923163,428890702,109131765
3006167346,3938723007,1064769364,542377515,111309637
2982445543,3875979115,1051614666,548054483,113432477
3038343516,4082332494,1107176715,584042436,117168619
3097656433,4204254022,1136966677,612326813,133972621
3175740038,4238771458,1146292090,613330303,142855297
3274014571,4283681640,1156169871,612619270,140586836
3130670167,4081314865,1097061712,585272229,140019842
2854072281,3580861339,959936095,500643252,148249800
2703797472,3455444979,922533794,480362559,116661628
2997410231,3983977274,1074536939,579622422,129636188
3102706371,3980990082,1077800828,580113637,144582195
2925535274,3731630923,999859815,522398731,134328614
2940284275,3871177191,1042973268,553695254,129965662
3299651996,4343926752,1176574421,628846680,135065758
3036136630,3920374731,1054322719,558909251,137275930
3159999467,4062171087,1103989034,583461429,138925213
3003827680,3880181618,1042152759,535358034,124057811
2965649642,3801788576,1028399845,528728537,116729975
3117934310,4094094968,1111840085,577084034,112699939
2832177408,3680894558,992205107,524039057,120410783
3104951624,4226486979,1139532474,610726833,124956161
3380808565,4564125528,1242295814,665427980,139027126
3130279236,4094602596,1106637660,581427072,137117578
2950944964,3677922772,989911533,509317223,135115723
2926431783,3810148549,1029627338,529057103,111104636
3098005005,4165802377,1133443512,595175894,122434108
2939994007,3811765543,1023925717,546014049,132346556
3250365333,4326289920,1166891440,627348831,144378757
3263983285,4190098917,1132231798,607284159,147239024
3265969632,4229324448,1139903631,599999030,143956077
3212909276,4123259691,1117317881,577110893,129897636
3063778371,3851444692,1041897384,530460827,127150154
3111417395,4155838108,1126488244,579541466,106067572
2991095132,3949115508,1068113704,554908235,111157167
2960432767,3994224512,1075926710,573363128,122616937
3058322710,4117775195,1112987126,599753008,134137142
3122479260,4101657912,1109672434,586871792,131997157
3161438030,4160731371,1119552913,596883148,135818616
2977870166,3769494159,1017671635,531085380,127755650
2994329224,3869578668,1044234510,548984185,131721672
3046095350,3852059376,1039475302,543634081,127755016
3171627570,4162872362,1125721849,593342227,131964059
3305027480,4425522878,1201887492,633870202,127295072
3265772007,4278166975,1161661454,609840647,134975651
2896185689,3797648067,1018484075,526987225,124922668
3153956095,3996604783,1080019187,550291444,121542322
2990162967,3877151544,1049492344,545090570,109577935
3058634083,4038329808,1092120840,577158481,127039950
2951813350,3901665472,1053192208,557547777,127977892
2975257642,3909359255,1052222979,547216021,125960420
3200276954,4349097174,1177676918,627949299,127429808
3206833394,4236331819,1145735123,612603159,141936607
3184439821,4258465850,1147292361,612141426,140376623
3393561162,4454619058,1212023051,646076371,134833498
3297571004,4065699600,1102136670,571807565,143915950
3175384561,4016644230,1088733890,551572379,120211470
2954663839,3738754540,1005592203,504973670,106801799
3277000839,4343648898,1184672264,609772390,103397898
3195826308,4306313770,1161512601,596461617,109033492
2945371117,3877773689,1046880218,537587000,109615266
3110760264,4270190875,1157298991,605412576,123268824
3283555692,4428797014,1197776640,639683190,134463809
3339625456,4357481218,1182809039,624016369,138095950
3225690414,4187231597,1135113609,597344885,133048947
3181638873,3937825033,1063068554,553773476,142146402
3168479677,4014170991,1082028546,547092027,112725492
2886192819,3706496181,1002461642,512509602,103007640
3006841714,3935333510,1060077937,554379818,116819050
3336102946,4494843547,1219572824,638613341,129057040
3230883833,4250565979,1158744032,600490562,123330095
3131265353,4053574601,1099439809,568454445,125200448
3157942055,4185883925,1136640867,595000865,129549375
3271219256,4244780653,1152766125,593389107,129115032
3184619206,4043700773,1097312686,561525223,121811234
3150087156,4150566084,1130138695,580111433,115556366
3113554499,4159595179,1125867503,584197283,118833170
2909551018,3799055477,1019544821,535260513,126984636
3010057726,3979246826,1074560787,565751194,120337704
2989007874,3947965551,1064414314,572826616,132318175
3269510190,4306175549,1165219215,623164463,140220577
3007121662,4060017050,1082946951,574727498,132797757
3261489687,4175549216,1129397610,594429065,146807134
3228287989,4125395441,1115241642,585668145,132086217
811969324,890847727,238939606,120017002,43503426
573723260,656683764,175308495,88150094,34134493
664690905,752973723,208056453,103706386,35223494
1925927621,2353186881,646110040,331110632,83028437
532129930,666166022,176685319,84734429,24634149
1667648321,1991343475,542465618,276104017,73598852
2564732512,3039958122,821335359,422113843,116005810
3083181794,3965675106,1078711609,554080907,108739671
3299203054,4335632467,1179106185,607019782,115522263
3283764574,4239102815,1155738691,587061350,114174193
3019846942,3967848750,1074669111,554732285,115434099
3183648843,4245644098,1155195461,597533473,123324394
3190674029,4338021332,1174864886,605613261,113072218
3063575056,4079365035,1101396100,581390123,130921408
3031696490,3949387543,1069816246,562675551,137914705
3209900964,4200886313,1136700135,592426518,132074726
3062382761,4120778774,1120269609,581274444,116568080
3165441652,4256347831,1151837448,603604326,127204461
3086060895,4032764849,1089617116,571987562,138320358
2986769760,3860666849,1040323971,542867444,125684076
2989186728,3991172369,1080311123,569810023,126988247
3081490640,3982660867,1078142949,565376585,131439607
3176016214,4189666013,1132524003,595446780,124478948
3090487935,4004304087,1078239672,568568578,132486863
3227271132,4201511695,1140586745,604516157,142737902
3150102618,4132666743,1118743923,579870890,131922956
2656546355,3503939050,941393568,482820371,106801433
2883648588,3875470895,1040877430,554301676,119335796
3169144172,4218480370,1142406186,615535652,142691415
3149240797,4231101546,1138549293,610636407,138353985
3010182424,3904545303,1054425755,569930864,153217856
3324046468,4290075954,1158273471,622890947,156980827
3155411727,3902260879,1051822702,555393783,148514619
3319219018,4225509545,1140305212,585903450,129250845
2857721109,3714199557,1001164979,512180585,107667523
3225600037,4269236504,1163901600,608107078,128831034
3333571359,4406700205,1198975870,626650498,127704919
3073426595,3959723596,1072830585,542699098,120458048
2697492969,3558616047,953591188,490289710,114716122
3026145241,4082476143,1098940522,576640093,117081909
3141721843,4153727920,1125832766,599336495,131816134
2965539277,3820680452,1029698856,547030581,139310020
3004988711,3938045844,1060025192,565330620,140696638
3303247038,4349221190,1173939129,618209240,137469843
3114526990,4069626387,1096307700,572644452,132891260
3097730124,4016325776,1089480125,562045896,124695334
3088253620,4135609577,1118049672,585407313,117017841
3156024410,4135879166,1120564646,587677270,133197538
3082289249,4125226308,1117469454,592137103,128851576
3089507235,4165900469,1127780754,600203820,144714857
3097798873,3979437173,1076819003,569725559,141476053
2930831847,3781044812,1015239706,529155503,130547167
3084527649,4020101645,1087043174,573387094,131497526
3242989904,4276032062,1160952150,612026708,141070216
3260973503,4250259920,1148331711,601473803,145815943
3044622956,3881797525,1046076619,535379551,119104194
2937266587,3810945772,1028180488,527318423,113873934
2957518887,3841426260,1040390714,548199665,124505424
3288191427,4261301546,1152580199,604926908,138657337
3115477168,4030017212,1089263460,570989653,127180401
3029618517,3927326737,1063024652,558073519,134833094
3185828576,4197136042,1135027567,599976686,135172868
3151206517,4170700524,1131974680,591595074,132266648
3164630094,4187776889,1132673228,594878577,129926564
3006231309,3795458834,1023069383,530453934,134246297
2960113730,3695656796,998276952,511503577,119247338
2950188927,3893251033,1049242670,548632844,114159972
3379702012,4491018090,1221010788,647047789,130925713
3414243046,4580797118,1245096710,648976234,130849576
3134831736,4221808509,1144682792,596635792,123575136
2983980973,3801655359,1022658105,523866497,128177770
3183594204,4152228635,1124887814,587102551,125208121
3308009835,4318942247,1175898431,618762273,128352908
3232800201,4257872641,1150153858,600478421,134714814
3297434403,4412270258,1195047932,617977724,127534834
3405790565,4558077207,1245437049,637516785,117286378
2682555721,3405307771,914668291,471460616,116002227
3087907490,4113355304,1109873301,587397645,132838872
3221589836,4208613514,1138818726,604131846,137148106
3221045568,4158916854,1123440562,591757785,136383140
3296178106,4307229992,1171068675,618710029,132576135
3302291836,4176433272,1133336308,586295086,136668861
3166184172,3982284212,1080188973,547829574,120953578
3069771553,3976269908,1077575620,547754482,104875966
2881112055,3765945584,1019117880,522730831,104265165
3082739709,4180068025,1132348141,593426248,119397695
3257798046,4345003910,1178033638,627041510,134096726
3417024105,4575213513,1242215855,652229325,133331319
3247722675,4283075609,1160856853,609196772,133407471
3272819192,4143642042,1126360144,580427308,137034235
2918555308,3723391794,1009780314,521192526,113717807
3048586418,4004671605,1076871309,554519943,120292336
3322835729,4265304806,1159576702,605439354,138975759
3251297171,4275816157,1164999823,588804820,108244350
2961192165,3941603034,1065473610,549742765,110820605
2984507119,4060127400,1096314678,571942991,122385766
3235226948,4513619719,1225475011,643936221,129609297
3203254877,4263981760,1152781805,616501206,138545834
3230981392,4177002282,1126806159,602012373,152547375
3092659092,3963870554,1067981070,570029695,149596707
3248525014,4066559441,1099800667,586077982,156054254
3210567627,4061429003,1102250326,568829631,138904018
3171160321,4152365332,1126127614,584125775,122267586
3168791996,4110654805,1101500099,572883484,122578329
3079673875,3959344952,1070866082,558063761,126062560
2992576412,3884938254,1049336278,540285168,124968822
2929551803,3804333247,1027947230,541760310,122562712
2956308436,3810111142,1030123993,543058451,127654856
3084322232,4048479787,1092498770,576436582,132426672
3282431420,4282225958,1163977356,621326800,145968285
3130318648,4052501413,1088163673,576256322,148055424
3190054811,4048476392,1092355986,578246369,148252258
2328121036,2837371288,771937926,403867503,112253859
392942699,404348742,110150814,55589834,21921380
2073318542,2451198219,667761984,345359438,101895559
3184378056,4012816781,1083848723,555984284,122641415
2771309636,3472376698,930425870,473043624,111644717
2859694948,3751920008,1008972341,527475867,119050970
3045563255,4095464515,1106678397,588951215,124112154
3097811441,4099409366,1103923083,589701525,133386474
3264605016,4206204933,1140547554,603641953,139103548
3222715985,4159756857,1124421260,590614755,140879417
2962440377,3857920031,1041649504,538129321,126080823
2878876428,3732146233,1002312109,524221011,125849430
3150981398,4120394573,1116539586,594451981,132164238
3243117332,4314003340,1170379655,622063258,137720337
3010313683,3903967328,1055584309,553384507,131089121
3141170768,4131335128,1117574524,586445767,128685296
3125207856,4066244538,1100609021,582254895,142519933
3165750662,4093190390,1109817033,582006898,132531640
3076139961,4112320718,1100963892,581017582,129696401
2980723670,3805638391,1026701923,536130866,133131097
3262183934,4187942387,1136511279,595739318,131615817
3294981043,4381901694,1189440157,629519288,137032397
3140069365,4057790824,1097214986,572045039,131028681
3171383257,4054484787,1098485718,567317200,129647015
2801447174,3459543994,932551501,471940131,110834666
3014916892,4085410457,1106732382,575283685,108448170
3284230728,4476985243,1220334757,650593345,126371333
3261661077,4265960447,1161032300,617774811,142671010
3269097834,4408448633,1196893874,633357742,137366855
3255812970,4227697502,1146296241,589482117,135470155
2857832950,3727044566,996317355,517613620,133514907
2867903318,3684616116,989880637,520451695,135020963
2796426483,3650530985,979203218,511739456,124367042
3089633270,4153173704,1120589966,599001973,127878261
3194143870,4204495362,1138791597,610675156,139452665
3120354784,4127050217,1110176349,597625570,146823384
3421362873,4365925160,1186485196,629950671,156066064
3232407189,4040095383,1091461521,556672975,124583612
3067089457,3891192001,1060047533,547859726,121394085
3079779773,3935516851,1059849520,551636746,131940982
3014046400,3950323768,1067341666,553750176,128104183
3242702172,4222718747,1146979965,594334779,129068708
3025037639,4051635216,1096664793,576444288,127868151
3180230580,4190989349,1134015382,580369851,121169424
3028059802,3898445263,1056749771,546740893,114573485
3186045912,4271781959,1159445881,610716160,129078679
3013899409,4025099147,1091282347,580166804,133485997
2979191059,3905204670,1047716240,550648451,142025058
2582535782,3495229284,929946967,496169187,120928670
3071725797,4119244319,1111863217,604124754,134880514
3189126582,4231471849,1139825795,618465084,147294847
3263031989,4093146698,1108163889,591770903,156097724
3348430251,4296207935,1160469601,615616676,141594888
3064143303,3776062020,1011573257,524435602,143793556
2900560957,3628640442,979048315,498990759,117812301
3098166963,3999234573,1085579240,562639662,113157156
3237417926,4284997813,1161557349,614267025,127039584
3211108553,4225492671,1145013405,604480318,133292086
3134843630,4147919225,1126694191,594688266,132741422
3271785184,4272197575,1160691944,605911257,135071659
2991924772,3929704585,1065389638,553642868,125803462
3096888886,4125734540,1114178691,589081785,128878571
3326588168,4379048912,1191485738,625947730,137958577
3114531134,3993295795,1078455161,554104819,120042192
2953392492,3900654843,1044518924,546296358,121413907
3094584198,3928010655,1060531533,557256082,131871961
3440142007,4473394184,1220270683,639902691,129845616
2944189384,3773144174,1033054459,534124527,111707768
3123260649,4097460873,1103423041,569988968,126124784
3000156664,3851797482,1040324233,538782426,126578447
3167945950,4108554533,1118389098,583546260,129778690
3378235719,4412612553,1201436444,627068789,130628300
3128947381,4062923828,1100589132,571175366,127583413
3170219296,4227048763,1145096234,602078526,130464530
3176559447,4147610977,1126452622,589983772,137641602
3371163070,4363353455,1184580865,616859242,135672521
3035536903,3773757924,1023345059,528393079,129362306
3069270366,4025670422,1092921821,560545685,114003462
2848898877,3618554683,974306713,504045291,119426247
3076371168,4073960710,1107448343,582320928,124627490
3204336598,4317868365,1165596993,617341546,137218378
3229742252,4234604007,1153564585,604944506,143680224
3024084285,3948507554,1063502935,559454856,137133895
2352644392,2738644102,735900431,383881961,126916432
2760809244,3520623159,949258865,498716706,135905415
3259181379,4372300943,1186106601,634419470,142284494
3110757154,4036298235,1093596823,585747637,156695182
3212320759,4140552411,1119617318,583204793,145727147
2761483388,3503505234,942175524,485778263,117721999
2962777533,3936925757,1060804567,556317734,128907565
3127706492,4177102002,1137488267,604944769,131087875
3348071405,4439664905,1207753435,644325338,147490746
3065774089,3987298341,1073610476,571082742,144266977
3168681023,4151093932,1125286136,591771256,140526798
3244928890,4141680780,1124080527,587610930,147379761
3181216846,4154438053,1126094170,583478415,130646401
3241736764,4218497563,1150257195,588790730,129992273
2818688885,3677001038,994271152,507857365,108211599
2997203611,3923090573,1058897368,551309732,121617716
3167625833,4268638335,1156840223,614180372,128771519
3408364442,4480155184,1220627337,646638664,140851421
3292619235,4220588315,1148373427,598921165,136761261
2438282528,3024337879,823306198,417996616,99807613
3057042638,3868881987,1046943298,533234633,122110769
3033127732,3936905544,1064479330,544357963,114903315
2988276041,3934671591,1063604035,545002100,110181639
2832378258,3776113967,1019212794,536328847,117960491
2893577976,3853948648,1040889251,547055771,119438326
3059939661,4079326607,1097328579,581348261,134688256
2893579010,3839066444,1036965428,559188078,136441339
3065822654,4169095674,1124279838,611266892,147795716
3262437956,4277592827,1156566458,627481284,168208345
3148068581,4004014814,1079077544,576714663,158593258
3129072668,3968647313,1075472705,571758658,153545423
3306407325,4280627989,1157161814,601208508,138171202
3128711344,4042072320,1096405199,566237182,117759454
3061743181,4021997991,1088160891,574905850,128472063
3078318438,3852349685,1042474764,551129799,154122338
3300495451,4094685115,1111628656,582302037,137910070
3144505043,4069068866,1099138174,570062287,130327767
3266147430,4343597270,1185791760,617100377,128275481
3255868606,4184586044,1141673734,593942028,127267118
3330548201,4338809510,1181198321,602303623,128338592
3131695939,3996872611,1090514962,547286145,105271022
2831128864,3646827355,982152759,491661994,96686296
2887465500,3903757562,1053865799,547069712,106754725
3033601808,4085404166,1106233505,584960319,123828388
2897865644,3882424383,1047410459,555607288,128174512
3031961399,3979505259,1076041877,573940319,131609585
3195102728,4332239565,1176077962,629365015,139548955
3043969390,3996184196,1075217448,580589796,151102901
3234603010,4240648504,1140877609,608179720,157029756
3148940147,4088639099,1100910675,586634106,150849302
3245840431,4136549130,1121985520,599486054,151963733
3209371496,4023567180,1090743805,574480917,155556951
2972888827,3691049385,995568347,517739940,136290316
3352107651,4346258965,1180037099,612446425,132197434
3321170343,4400781282,1197945222,620990149,113673019
3066396591,3935033156,1067215635,554218502,124311304
3127455500,4141799455,1123628982,593210126,129396725
3144897855,3956480328,1068586417,548183685,131692603
3161879291,4150572298,1127269595,583787298,113730655
2888356390,3771328725,1017283755,531504415,124681077
2884879867,3873761647,1039214984,555345212,128425503
3325973115,4511848740,1223821342,665245173,149147882
3214921496,4092557051,1109393025,598970780,164319875
3217728249,4227415001,1137174645,606457129,153566233
3066053854,3915613625,1056740348,554202657,152718336
2724985450,3251723030,886667183,456529858,126001968
2460753579,2904652324,779971203,399575643,117169599
2754263543,3699559516,994086360,520964001,108341265
3220596860,4293301430,1165863630,627778290,140467225
3275921101,4320142718,1172604808,624673839,138665770
3231673140,4360144169,1179177581,626681623,140030701
3149572392,4181032858,1127202589,593255411,143591973
3013111987,3966298565,1073584915,565647083,138268548
3036901069,3826856824,1032398700,545551372,146752425
3361528597,4415701527,1200614695,629486364,129305879
2819948551,3624218887,973871697,509011726,128619375
2977724783,3938784022,1064024261,566415530,128875628
3026957443,3980528630,1077463127,575432033,135375281
3374909292,4486243635,1212967626,645908150,141759433
3395853734,4407798262,1202825890,629454527,134020598
3155886566,4133719292,1118493377,578641538,135927648
3116341399,4028941059,1094138205,561669612,127537044
2833853552,3637682268,979358973,509813346,125489367
3344366484,4376333597,1193061341,634095768,133534125
3260779247,4328288358,1172325876,616715262,135793397
2888137640,3729450719,1004990891,532327218,136604113
3031773620,3908084807,1053329288,555943981,137661542
3242634014,4161108581,1132424321,598134708,130231618
3401829753,4536627945,1235266143,644104633,127606305
3086131441,3897275335,1060525995,546947091,134679481
2914181811,3750490824,1006452694,521764204,118199625
3295539802,4485463247,1222283245,646177582,130234316
3197813496,4048189251,1096969803,576406700,142782536
2939217691,3806913659,1024635488,543578766,142100994
3138965036,3969737127,1071086319,562620591,146243720
2822067285,3582878025,962374744,505160928,128268941
3124656230,4134419066,1114745753,598598650,139565540
3338024392,4317988734,1174062003,627423873,153999983
3152805942,4131758920,1118081956,588861238,135430520
3311417092,4239001548,1145775501,602615572,146357890
3053962223,3908446509,1056744960,534325688,116613564
3015339222,4035629628,1092436304,561743427,109118547
3055721463,4037416520,1095047578,576908625,124863501
3038631402,3942900678,1068325284,561048352,130608311
3300668864,4416550809,1195430825,627503135,133334753
3010008590,3884820738,1048499806,549420864,124875417
2959209570,4030876478,1083856775,577743193,128752789
3172612170,4275038842,1151488885,624453947,143774351
3380150037,4322453484,1173741881,627269554,159754950
2386177867,2869848334,778606058,407791888,113965066
1889859156,2281603215,619156738,318208938,92909191
287243379,313221702,84701033,43218029,16417762
919115869,1145366100,312640178,156286770,45479485
2591478867,3220799584,867492090,443844239,111630767
2608000435,3412114254,912626978,474038376,115941857
3150102029,4117535774,1115950545,583725106,121085307
2740251974,3574906024,964619703,504213835,118478564
2979861964,4023560666,1082864270,582474567,129161001
3363134854,4433775251,1205458636,651397702,147765392
3239301618,4155392574,1119523512,596871706,155500486
3135050193,4052981508,1089446179,585454588,149280779
3279894610,4151977176,1122382483,595792692,160586346
3182059987,4097943282,1108940460,581212819,138648257
3307486020,4224609144,1153072783,601083268,134546181
3114671272,4001654227,1085049268,556565120,111119700
3109379910,4047145212,1096541675,567844537,117655004
3275022926,4324008893,1171139305,613231807,126536619
3024516636,3906288125,1056935972,555478462,134057262
2850614568,3727787809,1000601147,526047915,132820742
3200866724,4180936890,1132219631,606933441,148832024
3416921231,4556025303,1236414521,662809530,150602348
3192325381,4114606836,1114997816,593962276,150487590
3283648471,4224739964,1143027253,606080973,157867482
3411520502,4344946684,1179414086,599859373,132239147
2593654641,3291432191,877187209,448882625,109211793
3122265329,4165780906,1129975729,595956547,125387534
3202978272,4216320495,1143687940,603187233,134692877
3039022214,4041177037,1090834342,582025043,136065313
3230221805,4243451120,1145380506,615026233,153471770
3244077567,4217490434,1141138650,607046289,151289239
3270885834,4352001218,1180842483,629061037,147396426
3007126466,3757281370,1010176663,539078160,163410852
3141126363,3904910870,1049848542,551913706,155295070
3154640976,4004064940,1084210462,564516615,136953686
2959412011,3745282764,1010054455,527839935,136848219
3408029590,4603352819,1248607565,652757174,123403183
3285477583,4460906690,1216476069,632401398,131238018
3350158582,4459702919,1213005036,634228014,139784994
3200153987,4150120476,1126055378,587148719,131900637
3104724669,3906294032,1053414367,547345983,135366257
3067311113,3994393037,1074409859,562293321,133906581
3223919809,4270795634,1159194060,611613452,134887600
3029301119,3936467371,1059500628,567014395,145244443
3270615710,4243914867,1148520545,617869869,151749357
3245132338,4237331862,1144641586,615063194,153595821
3361331389,4373376278,1184720222,631077724,151947359
2099210877,2587411727,705141974,363965064,95670807
3113304461,3944962635,1067296895,553738178,144896777
3154589910,4109933311,1109016028,584040690,140417792
3329649421,4268815092,1159693633,610450936,140652257
3074087996,3737159508,1012917453,527360769,145485167
2774658479,3628380344,973734454,504410167,112992347
3086987644,4195413521,1131352726,600007268,129003369
3237665327,4286836666,1160640786,621886560,138417167
3330043249,4376691743,1186032682,634955743,151963364
3135173333,4025960435,1084340606,576693871,154065770
3133443029,4105231931,1102101756,590607796,146882543
3254630390,4155260886,1126350776,595551426,156716627
3255920525,4169287517,1132648463,583991048,136630821
3010763256,4029262847,1091229285,564434868,120377678
2925661636,3854082321,1038327821,545856794,129487193
3044566431,4061234360,1095664037,587303431,143878277
3095627874,3936491598,1060638842,571528045,150863319
3288394046,4384231507,1189022374,632444208,144364592
3383699146,4388324604,1189122512,629106966,141706026
3124166056,3913570280,1062036021,556667460,144922810
3116670156,3996172761,1078121807,559496970,138419669
3217987198,4136971399,1121483247,580812863,124156364
2853765398,3682582953,990906163,513140674,120461652
3091247392,4126508809,1118719767,593019387,131280651
3226803420,4325471033,1172025032,628587776,140033832
3141417639,4106520004,1109102250,592569449,151561866
3073418846,4055127418,1092851413,583092133,149026500
3068644599,4026843163,1081884332,575173142,145184576
3079629947,4055888354,1094987543,582152099,143743143
3116576011,3973946999,1074492462,571802449,148810327
3206611860,4253583034,1148860161,607315679,142055526
3242867611,4304513380,1165186868,624608140,149539561
3300108978,4306030402,1167829044,626212983,154472696
3299685708,4129106885,1115324371,591050721,161695366
2561450540,2919644667,788362676,409510606,140905798
2722458840,3350221759,899810867,467290753,131848400
3200743922,4235625761,1149686053,599369197,125252316
3241400863,4156128402,1133242344,592183779,136543785
3182315031,4070162250,1106144341,572143801,127019974
2894387702,3700848802,1003186113,521653063,122721269
2917598246,3838331839,1031304129,538967622,125997426
3153573430,4153838246,1121985030,595697334,140850164
3044581299,3979762344,1071974856,571835654,146555986
2965187147,3861058647,1038213984,559089512,147626976
3203751751,4286515969,1158308561,618255412,142370134
3116470782,4134856743,1112496073,602836359,153916552
3291199418,4236017801,1145553663,617866521,164528521
3213104213,4078523954,1098836617,590790070,158040904
3292048871,4164314416,1127837460,590574253,144376407
2912988561,3611276086,970663881,495278250,119880946
2875481137,3664758980,987870256,518536189,122559559
3236276015,4334476511,1174674299,625968541,125985154
3435407262,4483331850,1220176412,649810893,145086361
2971173686,3806286665,1025246454,537889576,128574145
2806483369,3635245632,971373087,511077116,138521888
3162450417,4179639463,1126831306,594368098,131305885
3094826601,4123548968,1115315081,588735516,129679868
3136061893,4182294156,1129143411,602183321,136143302
3210105299,4228907735,1138750884,605825388,143779654
3262846056,4293463784,1161706700,621944338,150193772
2990927726,3856385097,1041485961,547591415,139605283
3193195639,4003891461,1081762472,565885184,146385754
3252775145,4205575791,1145383363,599101773,125145502
2797630071,3570157746,968110990,503399648,113063756
3250112533,4080448873,1102501751,575285940,147727433
3355688032,4400878879,1195951087,620105951,129953774
3127202333,4251581045,1137351859,591194490,120836339
3316926575,4585122004,1234898591,652925358,123057038
3001525820,4063792591,1081409200,580138831,135727433
3203941560,4358512644,1161673159,620296081,137787673
3361091651,4510594982,1207641373,647946108,144030007
3075380071,3946168482,1064446624,560719801,141872586
3295236248,4284440961,1162650256,621102806,142478375
2209546028,2711988748,732521341,385424798,104071293
245120601,257981020,69534781,35561804,14132131
1686522540,2087113570,564197997,295445140,75934225
2574141467,3148102379,851642283,438378912,115520519
1454114004,1685969796,462564909,236617209,61079873
2093973800,2644551256,722772463,372404755,84765292
2504801495,3231604110,873147234,454558851,106717447
1647556216,1971797026,533054334,276209317,72311740
3351917892,4599892023,1234492484,654240512,131553407
2969117696,3880952579,1033679343,545265390,127608449
2044558102,2670278481,709352596,374448567,85061551
2664391346,3415952165,909867437,479265021,120755071
2570834323,3047067923,806329893,418912415,137286553
2710603695,3436040149,913284492,477839064,122339258
3198255426,4347172302,1172461046,625838391,124804501
3368918340,4499710093,1204720953,642837909,141916734
3385938881,4431953685,1194117389,630281437,145388451
3246351867,4203065853,1136182308,584057756,130470188
3090020050,4021312491,1087720321,555187161,127979319
2933386593,3783565295,1013129516,518966959,130697410
2899625800,3807236074,1029333224,525871339,117461216
3076343944,4124241664,1110638865,577360149,117712249
3086884516,4244229191,1147690504,609735760,129117878
3236647939,4403061516,1188735182,635805196,141373415
3327973970,4430791903,1195757242,631721964,144370785
3233703284,4452603055,1199235031,639193308,147705925
3355144245,4331488668,1174808891,620187474,157074002
3227860775,4252435209,1149335566,594142975,142003873
3078905487,3976024728,1078070332,555981200,124990249
2928017702,3719962751,1002621136,518060814,127105214
3205263441,4185606484,1132065158,593131372,132853260
3443959355,4611830530,1259131297,658821678,132842032
3273002872,4204491135,1139475081,589366753,135410238
3233971551,4262476221,1161402736,597560860,119638090
3044639234,4000938859,1091503968,555112389,109411314
2939611901,3868739127,1049923955,539059645,112512305
3105274085,4121596734,1122782183,578714862,118721020
3095067836,4090778289,1109497466,576346807,125973924
3270265114,4272955857,1156451234,599412024,137698409
3214822939,4178234950,1133209572,586666594,124066820
3378406877,4386356894,1196018687,620503499,135270361
3297389957,4385042877,1189842373,611191852,122123898
3217004689,4298827538,1171874985,599954889,122155071
3099767753,4102593965,1116025696,581264025,120216539
3244397020,4352166185,1179971242,620059121,129215308
3309972887,4415001013,1197806936,632444222,140275040
3367518519,4607557468,1246829376,659453079,143823972
3278751085,4163522512,1127187493,585559402,150686426
3126026577,3922717265,1056770001,535565821,132879602
2944302921,3841918270,1037172302,530852931,114097207
3157375839,4289446025,1163584449,611498748,125731177
3230676423,4331135473,1178715248,625622061,137674916
3203498734,4199313461,1139298782,601214673,143616507
3388439138,4435366509,1206605545,635869127,146030050
3082674768,3874908265,1045121244,547701827,153437034
3294795228,4286128547,1157605754,603711989,142580421
3197139895,4193929640,1128521810,589211477,136017819
3289486216,4387428201,1187596103,619590089,132969215
3201828497,4224747025,1144002700,599207217,137396387
3384764755,4535901809,1231983608,643070407,136396768
3282669337,4371321666,1191497164,623894899,133816420
2108613716,2697850570,736869938,382269146,92795862
1619156318,2033484023,557572681,285868121,73244174
1457461314,1798131680,490262347,251683677,69374098
957220302,1113663694,306196006,154464343,49457838
403826454,454638438,122184617,61124987,24342280
889417718,1085806226,297737549,149859017,55046268
1797566945,2216652501,598450498,302666552,79606559
2709397629,3358205907,908764726,464320872,123758030
3176459578,4166412247,1129373272,586888464,125905638
3480339397,4535103358,1237872413,637309667,127928737
3088887210,4111515370,1116056134,577101456,117755005
2970924539,4001561419,1081413859,569596726,130724671
3273425041,4359828760,1178723418,630575754,152310446
3231607577,4121279330,1115173305,583964924,152039621
3298688508,4361540819,1180046205,618254699,138710090
3193725088,4171733519,1124666935,584633890,134540379
3334081660,4361758894,1183625092,617022164,136340419
3117176892,4015148883,1084122887,563996229,138108251
3356760100,4433317044,1205848959,626182807,130902009
3278353526,4288564008,1162951714,602620994,140731179
3187679487,4288912630,1161988256,602688198,131518657
3202712047,4240729908,1147834131,593357513,127616459
2878818392,3675512406,990435437,511483927,130969535
2792505667,3673828545,990297731,519372354,123365768
2900215804,3919314754,1059424182,565553323,128525348
3152817761,4256347170,1150234671,621360062,142044347
3117075001,4001338288,1078941526,575656622,161861088
3050424833,3987800010,1071126798,562611785,138839235
3346700457,4580208680,1243050732,657619223,138908402
3290476530,4296325337,1165387319,619161271,152245276
3337123936,4220187048,1145811615,598182924,155523184
3259645406,4338273608,1178751837,611638323,132657518
3050162512,3934496421,1060978497,559007232,137941239
3016290090,3949850737,1061857422,553754830,132433989
3269758454,4386847219,1188282076,625729927,138023362
3012451904,3992341238,1066474146,562090250,135991902
2971023537,3998016854,1067314173,560764275,131291268
3266167454,4261905612,1160394333,613453964,150012197
3268946952,4214782850,1142274695,605948377,145138240
3154999704,3946575985,1063154619,560274146,156063794
3182095578,4182325995,1127837803,583278099,129995109
3222868200,4319405079,1171462105,608186349,124005815
3237673375,4295540491,1168635475,606664509,124841060
3197015469,4273086222,1160617443,612276046,132097405
3245288310,4297018977,1162453058,618331948,138626421
3270781489,4306110997,1162754021,622726183,146011729
3352850674,4125731082,1112237853,582920665,157285236
3019539854,3765977271,1017682535,519480980,127294312
3049599073,3910881173,1047546424,541094967,123527040
3451148983,4474995757,1219674633,629286990,131856852
3113873784,4069936954,1105415794,574344812,126337193
3387150854,4499419316,1222592466,633478309,132130828
3329892406,4553923407,1242574724,640745960,122572262
3039395029,4127647245,1116399021,580197799,126236746
3325965564,4403304948,1197406879,630962111,141358873
3417270997,4494328392,1227689153,645124658,146547964
3340025312,4382300057,1189266642,629435684,145356747
2734199188,3559919380,971230036,507104588,113087263
3034446150,3896753966,1054571267,543646448,137520993
3182711489,4053215629,1091258432,569327628,144607148
3295680529,4334362754,1163757857,604348399,137172617
3449966769,4516469847,1237021970,643398637,130317064
3005103806,3940384327,1065171749,560131889,132951455
3003459843,3928942172,1053719322,557784390,152823652
3314359923,4320442877,1168714938,624379311,162371301
3286804027,4170074795,1129129985,590025102,152552197
3237496731,4325076280,1162827468,612560846,134173301
3328128239,4238661313,1148222111,607267316,146323431
3410382720,4349277124,1176063856,615592909,136007320
3177054190,4035872849,1097818759,564683569,130536154
3189843557,4054459681,1100989841,563716064,130272946
3404431933,4596815156,1253189066,643570034,129604897
3194193611,4159890489,1129646799,579801681,113480395
3219841993,4123466229,1115161768,577858920,130951551
3350673617,4377187058,1190932033,618705462,131353315
3428927349,4522669071,1230175225,630226206,122382686
2950394403,3705271295,1002909606,513967473,125111528
3032690002,3997489458,1077994553,558767165,120511871
3120898232,4176709902,1127619122,589114049,121528831
3000456394,4006239285,1087157426,575255958,128362872
3236963606,4269832760,1157014665,617830848,143131809
3399941399,4553537561,1238278799,661247902,153230625
3393524349,4398250354,1198916204,635743999,160932936
3303345693,4257654523,1151232424,590508951,138080443
3369474697,4480592867,1207591587,631855405,130315113
3125642157,4116578362,1113334453,579706175,138582743
3307773686,4294135613,1166079952,613258572,140799117
3233674939,4152621191,1141831864,600228457,142967961
2076236763,2586954467,706645532,363713464,102875767
1729186294,1931218758,526929961,270300936,83307369
1674962001,1982007843,543613231,283053218,76520717
1554647214,1871708684,514223800,264465069,73633976
1967577647,2534900503,696973520,357361966,86326723
1617628703,2069683575,561544202,284859214,73293053
1961316522,2554331188,701875847,356384941,81595312
3187919679,4268617920,1169599233,599904548,116206832
3154786799,4182063976,1137782053,583507633,118491776
3087316592,3994274404,1082928297,567412644,126524900
3140137539,4040733054,1093135181,568686676,136146638
3317242675,4360051204,1182737260,617740135,133873267
3373589205,4476092506,1220052672,638716965,129444102
3289398951,4183207320,1138591253,593581942,145253489
3119381962,4048183630,1099938534,563863778,123079513
3288862687,4399126712,1192568182,613508479,119786772
3083028225,3948713068,1064674916,553949429,132225824
2968378440,3908562735,1052567662,544119548,125002588
2823675869,3701902135,994533465,515305789,121981827
2965262573,4095977982,1107619500,573109878,114700329
3106937252,4212391886,1135438618,596529117,128080205
3055359105,4174644704,1125394211,594867709,130911152
2992634683,3924593581,1054172035,551048902,143713916
3176514436,4147946110,1114257701,577965030,141570581
3153331150,4130246471,1113470740,568690650,125613681
2699451949,3433450949,917243689,469284699,112990976
2757128396,3512332511,937931222,484213509,116976393
2904923256,3839601570,1031961983,544628292,124918677
3040461104,4034194637,1089222129,583457391,134965975
3193028816,4154381526,1118636987,594649485,148574484
3221886814,4244009773,1145426768,602968069,149757736
3104862303,4026556261,1082218087,564694445,146590224
2982398748,3915352922,1042286040,533250532,127973439
2918908084,3791224209,1022950952,528741262,120967566
2880904409,3787506850,1020789543,543293916,130911970
3238098174,4249355959,1148866511,612922331,148299947
3284655007,4375167627,1186363059,635620548,156650157
3180181542,4146975745,1119309415,606198173,159771808
3441104255,4454930038,1204277531,635758880,154308511
3037495156,3901540051,1055721253,547677877,142570622
3195890643,4151683288,1121242886,579566752,146454413
3094677912,3948113241,1067177143,544791172,110216063
2829045678,3636275855,976988627,492021935,106543954
2846736478,3789401055,1015712059,529522626,108820254
3165733881,4261588919,1158601055,617730226,128528427
3400532521,4581936327,1250139600,665678278,142983129
3431684751,4523515802,1232596825,654173130,156794992
3234722539,4198848019,1137477055,581275422,138859810
3089356712,3984911026,1080101784,557270322,127348012
3270789554,4350847810,1169400532,606795954,129288035
3364599945,4423001571,1192851603,617255028,128771384
3233636569,4181558072,1129489717,581737554,123812922
3491073425,4676163278,1276816273,647001249,119440018
3083325918,3953316605,1069151331,542228124,110758029
3100523334,4066662394,1107978775,565899224,110316831
3339385137,4405650569,1204354282,619961317,123806821
3241270416,4256180881,1158630048,594223698,129531069
2720359762,3457261443,924436831,480781237,130619211
3251001638,4405516278,1194290353,634526022,137018213
3287408926,4343432900,1177651011,627929468,150398303
3304765075,4238044687,1149552650,596407248,145931376
2686900584,3397432221,910739233,466401570,129166785
2801418667,3729085742,1000048224,520633950,121200494
3098510382,4040449675,1095420562,575134373,131378870
2904230994,3881343690,1049826069,550637988,125930247
3104359199,4056201359,1098583607,575945057,140462238
3046776400,3981751159,1073367516,564418184,134987249
3015699368,3964510119,1067096593,566608551,138425922
3202064869,4227206849,1139231632,607649775,153040342
3201356158,4396640944,1176415933,602528380,138561823
3016244989,3789733248,1024836848,528484140,141985875
3070340962,3926829353,1066314714,546403766,120114731
2393210584,2841702013,769929820,397637218,115963542
2826109745,3652221246,987547258,526254949,128825285
3310137589,4485285700,1216896983,657752343,147362088
3433671992,4604622365,1254195667,666921534,151960943
3433707170,4469504572,1219346859,633882079,149928357
3055093073,3840189182,1040617637,541325354,140250571
3134047637,4045448619,1094144972,555265244,130100414
3024741019,3989000592,1082570947,549976351,117409299
3231352611,4178764542,1135032674,593807305,129551590
3280441100,4342551474,1177692028,617454660,130513760
3337604643,4369248427,1193207332,621517536,138451062
2989443328,3821497326,1032974620,531209124,132444562
3002688265,4043857097,1093047856,566986742,118975961
2832124427,3720916192,1002518943,523801159,116713998
3074491707,3899974488,1053901304,557256147,140070309
3283317694,4263278528,1155394576,609962206,138943760
3436486307,4566426988,1244711745,651436559,130385185
3237188398,4287913824,1164446978,609497829,135388278
3021348371,3913674862,1057639171,537999269,126030073
2683798921,3473673263,927710530,477452938,118547332
3044869073,3997374432,1081322950,568902769,122141658
3404999048,4557219459,1242519307,659722088,134764602
3365469285,4515853006,1232995054,649135016,138504517
2941410568,3755688341,1009894210,523568256,141368931
2687351598,3518951998,945110465,492916292,124152734
3054249891,4165998356,1126606899,590918170,124023571
3302302403,4339379367,1182105270,628825180,137608241
3049026065,4026368813,1087913709,571953990,142259014
2823049251,3764390921,1011293714,544980714,146943136
3081873559,3894000745,1050212953,552930250,148157808
3167659041,4047149041,1091375785,570335439,140027716
3261943075,4307453133,1165799431,609444271,129188080
3008528940,3868472710,1043548968,530661741,120443543
3052251878,3940280529,1061347290,537816713,101593681
3096749975,4149092506,1126235293,576935031,107270279
3198065968,4285748495,1167295148,604079158,117118482
3028537235,3926975859,1066546493,542707518,118245990
2814232738,3751543240,1011814496,524785825,119062465
3185888096,4268986717,1157439858,593402502,127688131
3037923239,4131307810,1112525242,579117198,121747482
2888014289,3946354848,1059747632,556966481,125977728
3245293001,4487650504,1209139024,643824452,145497130
2968123332,3937852451,1063403888,565302465,137262145
2938134280,3962432996,1066185145,573385435,138137042
3225060324,4285707999,1160196188,624571348,154138747
3251908476,4137087798,1121238184,592454099,150885660
3289247896,4383218192,1186344682,622066792,128360941
3409699506,4488566703,1224355915,622815850,130731274
3067734000,4064767921,1100782266,548561646,107693471
2887403390,3756552571,1009871788,515721823,104472350
2841105319,3785398942,1027356730,533091333,112858604
2793828553,3560356716,965557034,512203815,116695576
3065857471,4137716822,1117375649,594281381,136846717
3233088604,4255410610,1151746080,613870233,144117328
3338929732,4624309654,1234594808,631930295,126944024
3101993763,4149279616,1123029490,572041201,123296163
2778762861,3578049217,961586711,502205279,128846994
3180908197,4073432507,1105053533,574860237,132541579
3147096753,4084829725,1110373215,579041133,124567444
3361667325,4449181341,1211858958,632471547,126513750
3436659314,4563880899,1245633459,642611285,124265763
3077142347,4074968513,1111023941,558690693,109921310
2856992139,3738799209,1008138172,512271317,110346941
2966826264,3864467808,1046961157,545477899,121191198
3148563457,4200347220,1137029176,599120394,126080021
3078661271,4151668962,1121637803,596814473,134741120
2979776441,3971852730,1069932788,571195842,146956028
3251278545,4312587419,1158971618,614972508,138898617
2907940474,3591197506,966683172,498162234,140872308
2992941135,3871705337,1045039238,548627938,124733180
3264886803,4282599954,1158522429,610040071,136991929
3180142347,4127086347,1117792722,583705451,137900149
2760348119,3681465791,989607576,512524412,115377843
3155520260,4216430020,1143730332,606850124,135213582
3100552402,4047346981,1093297290,571595659,131281479
3165920654,4305658752,1165434348,615645771,128379951
3234613193,4335997044,1175251628,617054145,137531073
3343166211,4436318967,1209163623,630059908,135068625
3095646778,4025724211,1093789900,570643170,136491159
3383872134,4441735417,1204559313,623842906,133732762
3009307740,3847104368,1041133879,535130625,113234489
2971986961,3923043608,1056093877,553150122,127868450
3172973696,4278573761,1162663747,618778126,136635543
3329137107,4391438966,1196710135,631307270,140401525
3218264495,4158337310,1123525153,580852083,141281435
3250401588,4219970498,1150862285,587826361,112413805
2891319676,3761396174,1016447960,514912583,107202987
3158957547,4168851612,1132092365,590520004,125053821
3018939575,4013365125,1084104213,566706106,129470569
2860462494,3840020386,1031916229,549004246,123463528
3184770691,4221611049,1141494976,606175901,141420892
2944068149,3782971298,1020455534,540494628,136877421
3002095672,4016765964,1082760986,580242695,145497176
3011743495,3997534650,1076711820,578442401,142917786
3300460440,4372093590,1188892786,634303751,157799889
2914497314,3737440096,1006825131,528420454,141346547
3052317283,4045605278,1092387278,581599633,145569692
3176870170,4214935889,1145269281,615104750,148415520
3079330246,3933267330,1061958216,564054096,162051700
3128049177,4006063175,1085126349,575499590,149942072
3200918456,4111092048,1114818690,583761644,136588349
3149207026,4185359200,1132503958,592286643,135765223
3176667361,4159108047,1135654490,603769301,142931190
3216032643,4131332182,1121525841,588646196,153447546
3200509341,4132091782,1124624655,588896367,140597701
3273965040,4288050230,1163439330,611771612,150058902
3461625648,4467439229,1226438963,631837834,136945083
2715936532,3202980616,871073805,445043174,126548033
2843716540,3721367089,1009939854,519886929,116135769
3186449551,4110102206,1121761977,581119114,133422837
3334014345,4256988461,1160494940,595534085,128212216
3240764735,4248407297,1151800345,597246886,123933795
3263835518,4242563105,1154647262,599332478,134791941
3379676639,4474720858,1219063669,624209094,122565695
3258981152,4326988360,1177086362,600260606,118494932
3320124716,4468002717,1221734006,630725376,125011366
3223393244,4371821982,1189648424,615199235,130162769
3370217411,4497872949,1224552848,634065859,140073952
2838290156,3788514681,1022383722,531982052,130083791
2959343556,3951977748,1065979347,559191450,138448715
3175963315,4276204265,1161299646,618245623,147129906
3152364174,4290370394,1167806546,621062428,145364700
3242318386,4377734569,1177452296,631581549,148551263
3192300373,4208339837,1135348360,613106886,160019479
3363032732,4473367906,1219330298,643028074,156066404
3401269958,4451844310,1217572820,644370847,153056246
3288286906,4134921407,1124142473,584844757,170783738
3154946419,4001236928,1086909263,551913470,142424188
3048359421,4026461566,1087791051,559448854,126955826
3007535250,3954244128,1072929302,555501704,126167206
3420497472,4537126605,1236670170,644811257,139988720
3386335595,4459612397,1214271422,629920089,139769787
3268278051,4375299098,1188985412,615521958,130859906
3193915403,4302565820,1168084885,607911801,143140210
3099644844,3959435215,1079380204,563407509,152408756
3181594121,4255707353,1158541726,605622346,143545930
3267341639,4328487155,1172703544,618138664,155883491
3195720094,4189542586,1137684742,591811372,153338737
3376592913,4546482071,1240862387,644799641,139883756
3133702550,4324719996,1179904448,613163167,142369072
3092563180,4259237970,1153034058,590498470,144295355
3077830418,4151408376,1128320592,593292999,140694497
3228334584,4298148442,1174262856,618497642,153080627
3277903601,4449768549,1216523288,643906249,139126648
3341854606,4569312540,1244789234,655511364,154847675
3353455442,4483041913,1223060914,642526625,157153653
3365197378,4621533598,1266791441,661863806,144859389
3309141292,4510275047,1235033834,634059522,151540692
3048536993,4177658009,1141257943,573438048,112035798
2783154285,3706352566,992482291,502116644,115068484
2779781664,3712671572,996008805,524309967,120347418
3273941212,4513879807,1228289933,654009828,142243164
3226113480,4414746973,1201517390,644465829,153077243
3314267816,4530804388,1230812018,661117153,163800102
3382705371,4548383211,1243872155,665692919,179285795
3207352001,4174234808,1134705735,598069095,177540605
3402917461,4493167037,1226471925,647580327,181850383
3239505145,4056626122,1105511196,565024959,151141754
3219971853,4114645077,1114061139,563994984,146125996
3142883548,3962204349,1063591717,545732534,120651167
3356765899,4477364948,1219390548,624511493,122457099
3110900325,4063778830,1103533425,571106822,130148086
3322750544,4527771605,1233576587,647240297,137705908
3256498555,4362418934,1183079671,623171746,160798883
3188444259,4196318621,1136612650,597949056,161646856
3137731944,4096340631,1113508298,579201357,152451119
3132552639,4129282150,1120874573,592580352,159998324
3406332108,4405527951,1198666795,622908361,158426511
3291866824,4382654331,1194509804,620847507,129984841
3243015460,4327977236,1180136894,611585909,155832737
3320407058,4527693250,1237385074,643837227,133611382
3007966723,3936990068,1067067072,553660208,142661629
2764464762,3765017001,1027476916,540439272,130552224
2650898201,3663827959,1001808743,519403050,118261810
2620375225,3717291422,1025033775,527993607,99821600
2296337534,3290070067,899489913,459449889,86278917
1723216891,2311643111,629100563,317073220,83237943
1547829189,2215639394,614160007,305438897,40738999
1161965965,1644642534,451487884,221723757,34365770
946752380,1416207556,394133325,197419687,20436045
904888278,1474438286,412892501,205462112,15332363
804769337,1271949724,354820092,180960088,15479583
710062240,1066827658,298421719,149251045,17148393
510806245,832047638,234152803,122944033,13171792
454109698,745570535,210701581,106305968,13729209
331681301,459258446,122376159,58492818,9475338
83968059,122358732,30946732,13878477,3486746
70635832,52294633,12155951,18696683,2034362
76537661,33394034,7932661,24479843,1436476
82431855,35362031,8354033,25150367,3337439
121872724,38519465,9529094,42064873,2401605
49638385,30788008,6892500,13015745,2397985
117577944,37840956,9354388,41044259,1622614
85107891,37988828,8750001,27112440,2285513
44647767,36936523,8358846,4865343,2679203
60581023,54358182,12687086,6168177,4145430
89659198,71444067,19337292,9173581,17493962
119579843,94513498,27108454,12931144,25157965
118843349,91940079,26416518,12549408,25425180
119310601,88290703,25275343,11849385,26340366
118607497,84939762,24269814,11267038,26875021
118679622,89994645,25741927,12154571,25952883
117559183,86396037,24724966,11610367,25873062
119576005,91938178,26398768,12539408,25702402
121338418,94294616,27040317,12886781,25666201
120183769,90690767,26032920,12311652,26041172
77842905,96959311,24809641,14144639,5637677
93996376,105644533,28132881,16703861,6308499
100061994,107202052,28554510,16741411,7837068
160436439,123490083,29970700,16291153,26450252
123223398,96176882,29215548,14699332,16378596
144343511,101388226,29485037,14064356,24212293
206548792,121626746,27073354,13031354,35516081
139487075,87965136,22966857,11716325,27297393
106398304,137691947,43250328,16984281,7285873
103299561,126477614,39555323,15634798,8012646
110510358,133676155,42028272,16558727,8244405
111528721,133613670,41835203,16478429,8415473
129245401,115122661,34281201,13573856,20588269
223889842,202293229,58057213,12407772,20639584
209851677,300053547,88212886,47415796,7657701
41274423,44915779,13254826,6002885,3994166
181093068,410759236,93365833,51196423,4671081
146664902,355685031,76859241,45756735,3690175
239241824,803866570,182402143,124022826,158275
239216218,799451416,181402971,123340961,219518
239542877,814674000,184514047,125047288,214961
239670611,819879636,188086775,131017844,162757
239809361,820397949,188206176,131102106,114520
240020084,821229918,188397113,131234714,120319
239213327,814577714,186970376,130343665,134731
236660000,781378845,181647053,123554877,641836
107822181,297734881,67861916,46200584,1408190
125806834,223026266,51230415,26367075,3365098
201544900,291295996,79560171,43491583,7550812
64434932,77850810,19897341,9343420,3916114
92369261,113176338,29842360,17284993,5315090
91718317,99476652,26480291,15877597,6748904
103775878,114483790,30576307,17782176,8257478
217562198,254698041,55540258,32223844,35550494
238487405,140541649,31675133,13896684,47962316
109723672,104772251,35314464,13005837,8220742
155366597,235866165,58274915,31770585,14086271
237189608,157504900,35502420,15005476,41809620
175554636,89092402,22198482,9481349,34513295
137366694,161480027,43962449,19211915,6414501
102900151,145150200,47429854,25833930,6448908
140277439,128996883,42511011,20740862,33207132
120694324,126899096,37699675,15209762,16441789
139375636,226798133,67049166,25761193,7527511
125543226,182060414,53593166,20925283,7945525
137612493,207871260,60596090,23461229,7907279
136604135,207798332,61098319,23683426,7804832
129368957,220821775,60510226,25905639,10721607
226861314,179769366,48806105,9729107,22417701
109713592,180597354,51152611,21802551,9418476
230899086,788552796,109021548,33076149,1177519
128887906,374480902,56615035,19892495,3467969
205626546,437585169,134797588,57006864,6201999
195104072,463061037,103634269,47871306,2431012
228556104,485166521,122984217,41812500,1497163
237303562,407719459,94172208,17330892,1945449
238794124,379035116,82891008,12983366,2276798
237230520,359319400,75761501,10398726,2563651
236620519,351809273,72895551,9514047,2770074
236812406,343203211,70536687,8938887,2794719
237003773,338469558,69335311,8762356,2881170
230389875,393884892,81787305,26930375,2545177
222459994,661264829,146881988,103175255,230593
183942510,523817419,129122308,80523976,732911
225533480,661310522,186727135,102463795,330155
229193293,675743412,191721622,105141738,366428
228898243,674816037,191444482,104987056,364877
103850180,290304818,82570019,45049550,634229
80034903,211552350,51317616,22992803,268038
222534197,727186345,174967717,82320543,149346
171877687,520091708,125455976,59703789,1056593
104468908,124195701,33123889,19429885,6688304
103593558,112980782,30012101,17727527,8172258
152987252,224531053,52144522,31184382,17836795
237367200,200717013,44047377,21445317,53371566
140250987,125369528,38866941,14890892,19844675
142894601,223439693,57775521,29582562,12593370
236649842,204485145,46081310,20915433,48681998
153820342,111224160,25211868,10660415,28537964
123877590,170274723,52432902,25129401,5195310
97764646,150556545,49039074,26758992,5673733
137835500,112267911,36219363,16043136,41972064
129953475,234441732,69276865,26707817,7136503
128272942,222954457,65677067,25467439,7786253
128814152,216954199,63337553,24582952,8026974
132490738,231693141,68046671,26372373,7989060
123565501,228835187,62988095,26844074,12412589
226887351,201195564,56724815,13016187,23767736
131739495,332808565,66488336,24948940,3747806
231612906,788635985,110098381,34929529,892693
114161405,287223732,53870643,20009692,3899031
187595704,386084908,117558353,49754837,6280970
191294243,454336548,101755638,47141178,1765926
229984975,490452486,124048339,42463991,1460849
234677437,404078713,93337094,17199808,1918435
237219368,376058053,82366390,12922149,2259200
237099876,360297034,76030126,10487141,2530666
236639653,351345455,72799192,9475067,2775370
237261823,344133131,70778102,8995921,2817969
237943297,340461322,69738398,8827623,2919201
231846041,389606652,80725874,25283690,2652468
221154182,657130163,145961329,102523800,237222
179524238,511698019,124891928,78741677,715198
224336190,656757366,185240651,101662314,340829
224354880,661499357,187683471,102926873,341658
228597221,673612223,191103219,104803194,369546
190319074,527975606,142210880,73071464,840067
233686917,771809860,185715801,87325535,64313
156869721,487905542,117430070,55451145,791438
98420478,117585519,31314705,18330038,6106354
93065680,100648317,26736551,15941255,7085641
104091895,114571813,30533851,17795513,8057366
238151081,259245270,55626727,31633171,40884383
221777541,134818242,32701000,13744062,42729120
107125909,107789524,36161127,13502671,6908909
177855364,241770712,57216551,31928650,20435429
237010477,154298405,35626121,14544236,41878912
151054771,86014571,20018327,8607835,26782119
140007045,175042074,51290389,23794958,6107422
102266927,142123394,46329324,25269827,6432733
150701479,104915783,34741359,16094984,42884665
115339051,162596450,47987997,19287882,7153847
139068685,231703499,68584530,26298588,7498121
124154915,172608556,50511958,19835804,7906764
137942406,215220135,62968778,24296235,7620193
133723675,199788940,58737050,22830667,7727144
140582174,198837463,53301933,23269185,15434861
215051880,201081960,57233091,13691901,20765596
126671584,298272454,60076581,22115644,4116492
228539918,776889967,108243792,34035070,1022014
105869301,278901007,44809258,16676547,3479230
264248882,594027847,171059022,76950636,5506766
104156702,276931607,75507166,25263639,1689847
9944975,11199594,3018735,1862600,463725
3503936,2194329,553554,376799,455196
5073618,3177383,803676,543902,525139
17379044,17113552,3808623,1783666,1174414
54761404,82228133,18263208,9028868,2653664
49755414,78019827,17306102,8523430,2287408
46790515,70328735,15349902,7160503,2153313
55563710,122276983,27322883,8301155,1354822
41438192,57119713,12681649,5925207,2074821
16367055,24096652,5334959,2569123,768853
56315581,85940502,19012641,9035285,2686450
110679302,163308439,42053031,20471088,2591802
156517366,214154321,57543554,27307832,2628478
1187389527,1849633736,494685552,248149936,19650018
1565805611,2365081098,644390911,309596593,19811031
1530695820,2260545492,622353257,299723358,20408215
991591652,1443690806,399165815,192877875,12446723
590925611,978391744,272963358,126985382,6037318
226599812,402797057,109927615,49977819,2857032
60383395,74403210,18222301,8896854,2193589
81889391,123401964,29518443,14012349,2550489
95617428,155961599,35874795,18996745,4985030
108205453,190969559,43991459,22100766,9255377
66499195,121733514,27194475,11298173,2616577
82479071,208878899,48485471,15409099,1976348
72417119,130380522,29372520,12738393,2933330
47836809,69159126,15533131,7329930,2251931
92206994,149311628,35484661,16252441,2189004
161615804,308755752,73015327,24476856,7247775
121193473,381435971,89190975,24001534,1011455
77088894,169222803,39711267,13286978,3142753
53634903,83632569,19010875,9318898,2541233
53333853,84712127,19192386,9578787,2491377
120618227,358865507,84187776,23807844,1427340
117485802,345231783,81042048,23115058,1728325
80761921,204316125,47471066,14720082,2045995
175009016,352352922,89159266,51601353,6434128
118816073,109647818,33008123,14814167,12619057
47938410,72747696,15922374,7839257,2230109
54588228,83640388,18552718,9236276,2705224
56516523,90839973,19727897,9695494,2465779
71794562,167185307,37992989,12562168,1938883
78772839,183954169,42053593,14593125,2105751
56326690,87554889,19134016,9029575,2572100
52126138,81392772,17523202,8045105,2356451
70972153,115771222,23163799,12434080,2129783
170351672,263844619,61549599,29712971,6433283
613966688,880293680,230097190,113112462,14234912
1485097247,2244772908,599831307,296289424,25851599
1233948806,1898412564,509357184,245254123,18066463
1081808712,1688089140,433264541,216633673,21711935
2945316300,4367435526,1156713986,574537980,64879727
2222335299,3313984658,887137307,433767897,43181465
1657240639,2420195944,657717920,322307556,25831905
1665554501,2348171980,640912093,307201472,23614023
1317601189,2002056216,550575824,267407989,17288665
1138910439,1701484533,461972851,222419100,16476497
772208905,1283397568,354326232,170036127,10158659
701319262,1140461247,311824351,146497726,8099996
466521178,692904299,187588284,89131926,6395054
361243809,582792681,154660139,72899351,6320283
435330011,633683650,173172710,87950530,9965587
442012589,671352234,184620541,93344858,11343538
441383503,633603917,174313550,88694759,13161818
445262362,642663864,176087047,91148888,14929610
304759937,476312204,131289086,64220811,8530012
235488862,385966755,107482825,46645547,3925860
235217598,396617413,110602529,51145231,4108062
189698691,313148723,80588273,40003073,3576266
176954594,364144472,95478128,46255657,7281382
120858435,213245980,48657721,22804441,2279151
2466636459,3718729012,965851950,504801469,74932083
3298953564,4503082611,1227238599,666427120,122361461
3182121189,4283627807,1161080179,633566497,138538639
3242348639,4442626245,1197604298,657453860,150123098
3080081548,4005820789,1079165914,564280545,144872884
2733396676,3394873279,899852600,460897125,122197930
2651111651,3212631804,858591610,443340015,120207741
3172889758,4113824261,1112283611,580968667,112777605
3241038813,4249936743,1152499592,606875566,121442876
3121528598,4120693779,1112861340,586987026,125666497
3085102446,4034046932,1080491634,568232701,121392575
3216315140,4347144545,1187088105,614447930,120722688
3186561608,4169804249,1130574184,587354007,115220517
2867647851,3482503330,935695089,474273326,114129979
2979116807,3762315517,1018619569,522732029,113444402
3169230196,4098708349,1109222774,573205121,111766418
3184233278,4151870938,1127870447,589834420,114814961
3259328021,4275642666,1158785872,603628013,122522264
3172439978,4036776526,1093508467,572168254,122695944
3189793016,4064062614,1100158945,564323140,113932063
3330393541,4366776720,1191259719,618480903,112448161
3150929179,4220395326,1150265903,596712936,116962231
2801175016,3704513278,989971284,506055238,110774638
3013311635,3936684678,1066652950,554507786,110540722
3272676296,4452571005,1209107115,632391517,120025729
2960783597,3950715782,1066473755,558815156,119208773
3034563939,3932128262,1064152426,549336504,122384205
2792318669,3655068645,985893747,513149258,115461103
3083681255,4092697730,1105344932,583541396,128997537
3339612893,4388507769,1193729013,632744609,130922517
2992870846,3768022184,1017330815,525882386,127772957
3388390300,4440152103,1208961898,625326464,117241566
2870355941,3696571268,998460650,506640398,107114218
2817873112,3711770545,997467972,514991591,108362599
3045586409,3979794139,1080182470,565830697,119803640
3087022096,4273505728,1166162178,619594784,115610039
2904679930,3758582659,1010761796,530980823,125274787
2914919820,3795123867,1022887859,539154419,121980941
3160464353,4202407416,1137883820,600954591,118596951
3155767351,4270300377,1158419920,615124804,127664986
3175256850,4163107401,1127516248,602724739,140960077
3282787077,4216380588,1142449509,605523038,137519118
2931667645,3872865041,1027854664,531654365,120921172
3006386936,3923740850,1055012052,552872541,117787799
3011278908,3877176268,1048677163,555475483,127542187
3041717656,3901073537,1050557580,546880030,124982294
3073605499,4051400332,1099313382,573854814,122224157
3156617999,4168451836,1125536632,593674102,133479457
3090532899,3930928407,1064027272,559574674,137418103
3073840796,4069865691,1102221565,577715445,127404571
3282407391,4411675236,1198207033,629365726,122636664
3150723021,4149219933,1118535578,582041124,124530889
3287969600,4171435933,1134769835,587690945,125079537
3120004550,3851069835,1047034469,542723723,117358334
3102705337,4057567713,1092813836,568430158,119278467
3330402566,4415423509,1199670715,632218375,127223792
3355125536,4396415371,1194475445,623082111,126486514
3047594610,3949871631,1069710556,555703888,121335105
2964209165,3704793317,1003528002,513599698,113463988
3068148704,4011786525,1084211213,554460136,111624480
3088147525,3983611151,1084157661,560589019,108658892
3071517187,4075606060,1101279369,580893790,117980827
3114896735,4096755881,1107690558,585632841,128909743
3206241937,4205551886,1137556678,601412851,136375750
2911456767,3765341257,1013957516,530543579,121073648
2830614002,3790655186,1013698602,533234246,127934266
2805869615,3646223616,982040432,525141919,126270410
3243689850,4337564381,1170160045,628479894,139413668
3152187978,4148450496,1119553226,603479553,149586801
3369545238,4419296103,1196153324,641923024,152241197
3160886507,3935228945,1065401106,559301750,142398202
3210878284,4044919136,1088508520,559741535,132684928
3206192568,4103854231,1110257423,567464997,109453767
2920505031,3746018007,1008964089,522445727,113141671
3171149776,4174039938,1129749842,591458285,123216949
3282414536,4365989670,1183536750,629438544,133642939
3464205671,4524200096,1223917312,644716896,133264165
3263244231,4112410762,1116479715,576263651,125539557
3319087832,4276144918,1160238918,590268284,111378629
2990305439,3833632611,1034927416,530105198,109280333
3030303709,4034321039,1090957441,563161105,108901303
2990164309,3755427466,1012643904,527408876,120349748
3231443972,4199740978,1138801421,599299314,132900454
3242742241,4224274442,1145729551,601396417,123660222
3124546214,4008994165,1079650140,560224330,127683426
3030969300,3953542442,1064662252,542295683,113992196
3124631231,4192278007,1135969775,589063844,111056854
3214768352,4294077455,1168907021,606237546,124396614
3116797486,4164694757,1130251410,583894426,116143914
3232287312,4326722489,1176170640,616886162,126394322
3181336267,4179019087,1133977199,599794932,134097073
2876598153,3713882179,996946735,523316489,135646763
2829878846,3795444750,1020439150,545111755,129657835
3203081741,4243164908,1145050302,612268779,137650378
3251508191,4264748690,1149891612,619375856,144523077
3250495870,4206767076,1131397642,600432145,150085744
3207976694,4102812300,1103331639,577396553,141812241
3064644020,3825490950,1035380560,540156601,128134725
3238385068,4290351428,1156125505,608200417,128185593
3120162230,3959543017,1071685956,561365231,137507710
3071231932,3916486200,1058397102,551183228,129815711
3241534821,4134150060,1123087114,586060705,123502486
3186583745,4132719346,1119720636,586608276,132912212
3349900185,4357040334,1186418508,617328228,125192386
3001499079,3923573725,1061022347,545345428,115339614
3158623214,4244427822,1157134387,591809782,116792817
3170450954,4313594747,1165292332,603268990,120462567
3266852859,4210359004,1145965465,600204139,135903037
2996761479,4060795107,1097159968,577427225,122337546
2974688416,3871978985,1045686725,553496598,131613979
3269700859,4318641785,1170631640,614858087,136553216
3391179485,4627753720,1268292368,664804388,122294121
3282901623,4462687726,1211422752,632194587,125607842
3306894597,4328131514,1172136064,600699183,124147596
3184171893,4166471680,1121116729,563278688,113580038
3184987176,4075355712,1108707622,576284648,122197974
3342975474,4437259848,1211438917,623574370,125000400
2920575879,3702556436,997838541,500395949,105128088
3004050721,3934449157,1058066501,539310586,104528468
2888222154,3805190279,1027203810,539674446,111434541
3013046995,4006013926,1082899414,571679936,125060091
3101259284,4119723613,1112794146,598449083,131971354
3158717523,4144547106,1121231236,598322468,150205480
3069133568,4041893098,1089955294,576669367,136723667
2808918434,3704767321,995165846,520176422,123238391
2830387448,3694120515,997882261,528800806,123146120
2832121596,3667319308,989659269,522106207,125717433
2601184233,3266950521,880446178,457630745,111231411
2826002959,3584784898,971299795,500614058,121447464
2688421384,3630359966,965475840,490959370,120447547
2961292345,4051160876,1091109874,582272427,131518493
3053973941,3776612724,1025052335,533498230,127481676
2905171870,3737404222,1002800809,528570966,124214640
3001276411,3821719681,1033769650,547994127,128195244
3133658099,4040487687,1088134976,574325422,126134790
3134028223,4054756325,1092313332,573193400,132276296
3112280873,4011616714,1087272571,550543364,114093385
2978958850,3722782379,1010281933,511505067,105930575
2831042094,3605268666,976585469,495949043,101504842
2824673753,3648666164,984396317,514251260,109622395
3184063832,4193644334,1137535188,596221412,125621866
3054768855,3850391425,1044339050,542228791,124092311
3265876090,4160247557,1133914278,572618167,108651762
2953871214,3777251186,1020867788,517002404,98044429
3166551362,4157874998,1130828701,582151804,105711206
3051656416,3991838876,1089167477,557081577,106414623
3066077414,3967447394,1075578777,546873474,107008018
2642094294,3420653364,917511093,464290264,97559955
3160830426,4174649668,1138585254,590805283,108551322
3021562020,3905525363,1061675948,549580318,110111385
2910910413,3785917427,1021912569,538417790,123389197
3257152668,4323302435,1178475849,618185322,132733545
3161160088,4013422623,1096361052,563140681,123119104
2810080949,3507392549,945639478,469869924,109141255
2920729850,3872783357,1048533095,537474652,100618967
2914984095,3852128512,1041003636,545015901,112948643
2793613011,3688440840,992786503,524664295,121041453
3140465096,4297437778,1163653938,615640251,127340164
2807079431,3614081247,978469980,511315565,128631053
2859070702,4035327529,1088030104,570877957,114033518
3122211829,4154047412,1123823707,583766729,117902296
2924346169,3855570740,1040630567,539785919,116653206
2985052652,3937499918,1063633460,562078971,122211176
3118174418,4057342835,1100834276,574978380,123455206
3049362914,4051336461,1091710649,576196835,120857526
2945838498,3694501142,999406753,514399363,126768078
2837299482,3554858607,959943070,498117888,117427989
2957787594,3814821176,1032629261,535949960,116671901
2952668709,3857484580,1040703206,544667258,124805103
2913500453,3820739537,1029544556,549175130,126856666
3194789167,4254460638,1148215654,620262425,150332612
3250061283,4228069397,1145463283,606784563,144816151
3322712385,4272158022,1161510111,606002169,132144400
3043117290,4010299550,1083325723,564371180,130429508
2989506990,3819416279,1031574744,532391793,121638532
2750647893,3545995150,952079570,490945756,113812186
3136847690,4202946086,1137025223,601940055,121358164
3346636815,4391769500,1195663155,635514095,136206619
3195330997,4255250410,1154770066,614882595,137665700
3225877814,4216627544,1140475665,598353779,145036295
2964190035,3786020135,1018897541,519712850,120381877
2911766750,3834218021,1041105746,535941063,107892484
3002100139,3917521844,1059630166,550460300,115990375
3237597598,4187161145,1137513115,596224464,123602403
3100191179,4050195666,1097696361,566171763,108338020
3066250873,4052171094,1095739734,572747253,125174764
3012274636,3964539040,1067557598,562153602,124159037
3178290337,4202109701,1139157344,608141537,133238285
3152237031,4027628889,1086232664,578275112,144471712
3091817412,3935563571,1063304838,552805720,125147142
3094696539,3974646883,1076354597,559988641,126074271
2953403065,3753015155,1013739283,528647168,128518117
3208522042,4206984590,1137789936,600394197,128064737
3258832482,4282625719,1160749758,608651929,129702924
2768196015,3520255804,941565672,490278719,122121864
2928666637,3754599013,1011830123,529684298,124005827
3127770841,4042262603,1090115417,568492612,121860835
3333425660,4387517417,1191019471,626048466,119971420
3041157394,3990678065,1077489186,566641155,127544230
3177621622,4157844081,1122868738,587004422,134000330
3253036944,4049161710,1097660150,562738411,124178871
3084140392,4052118900,1100394792,563402059,103339791
2963333954,3933244342,1063377299,556410729,118608425
3133432416,4128184645,1119144991,583356284,130356853
3037313564,4012779626,1087594324,578681059,128525092
3198292628,4226248099,1143923625,612711769,143621509
3357794384,4442866301,1202073030,647560901,142802813
3285564222,4125548726,1121254192,584151335,145079122
3067966536,3926899513,1048658832,549019371,119806466
3288508026,4060110289,1104531261,573853359,132392463
3183865866,3935036193,1066112220,549504357,129996747
3347722362,4492122247,1224140915,631893901,112578179
3005210862,4007980474,1079376379,557858329,109506962
3358822273,4378308260,1193946678,616539122,113865548
3329380938,4278203468,1168171470,598048612,112743434
2960332467,3774142352,1024316965,526051653,108363109
3232672072,4235689623,1146170504,594626462,122119183
3379045486,4327558662,1178942194,609381587,120800011
3219403192,4221878980,1148813009,587127041,111562556
3128320463,4204683113,1145741362,598040643,126888828
3146555116,4304947636,1170523371,603085719,115276576
2927385708,3801651585,1025429015,527853790,115632340
3098071762,4231149006,1142743407,594900422,117265673
3106473863,4112064262,1113787102,582010833,126011489
2920053663,3730944741,1001755209,520385779,130869768
2885633262,3735506869,1001541455,514935066,127791489
2931610604,3863758012,1045031025,541811764,108478749
3008271022,3997651850,1082180548,571791727,127060993
2959358458,3774641058,1016459785,539181271,133579148
2939001930,3812132812,1025092899,532316881,127753367
2921416366,3758092687,1010155760,517297330,115803472
2952931119,3878805724,1049285357,542947990,106381062
3152520348,4257273771,1152695337,599043147,116274741
2952791827,4001690371,1078257964,558516386,115481660
2984283449,4008821194,1079723949,559864934,119487925
2860727429,3717702684,1002076947,525074798,127687753
2789386487,3778523383,1010572333,529983848,116012716
3036979894,4023857169,1085607310,563018129,122721943
2837184714,3888920061,1050372332,542892065,103994229
3010871736,4170927467,1124469288,599409002,121762091
2976651954,3974609836,1070723608,579407359,142323985
3262334275,4505540228,1218962133,639940742,133292207
2775736820,3839687393,1015406607,511435879,112507282
2985740570,4103556214,1092342734,569798249,115706056
3112050542,4125309199,1117844047,587259551,121724930
3047379308,4145365827,1121362731,600153315,130101423
2972784252,3873946242,1043749046,552169858,136527952
2680797176,3374107100,903324156,468312859,127382253
2704883376,3623323043,971773598,517665644,113976538
3290495515,4564465817,1241726980,667021073,128400847
3211803986,4305971408,1169064805,626260648,142663672
3023362244,3955973197,1056749916,542498144,130040574
2882024388,3760500866,1008511902,516699749,110287535
3217455787,4344258579,1178329589,621763592,117102165
3230734646,4373438075,1186980416,629058546,128404487
3036583483,3920771346,1060294165,564724353,144938681
2998238242,3833057497,1024808801,527935682,130802015
2998053856,3786745147,1019470846,519680491,118669703
2691463281,3391283949,907220935,464874949,106405576
3106960143,4114095478,1116442287,584592463,118146982
3261139827,4396473006,1198326169,628948338,117644578
3041097513,4034117282,1095330892,577453946,122038693
3214613742,4222075617,1136537316,590511631,136765114
2833435668,3717469280,999230056,511044143,110007283
3102084710,4229965200,1143595901,599701733,110673541
3183025989,4281224487,1160492215,615311836,127245333
3379398142,4426137557,1203301652,631103404,133498777
3062475483,4050951845,1088965751,565834876,127452960
3304940264,4371354679,1188176920,623419322,130956232
3078869678,3966287057,1073854863,556997989,120868934
3032655321,3888315996,1048815836,543043850,124832938
3277306934,4411239857,1186944922,620380027,116076172
3290328648,4243589471,1152694175,591845844,126686186
2932112142,3684676455,992903155,520885759,128242474
3169664562,4144921127,1122002947,587724838,122202586
3066586771,3923618088,1057552453,558359182,134744803
3403702927,4452973936,1209671091,636060787,138116613
3323248074,4338025631,1174809544,607810157,121665390
3285808819,4329138031,1175882552,611756749,126718464
2922150573,3795477620,1022974094,517237424,118046406
2698259100,3519685733,945399457,479369624,102833846
3144831170,4193207026,1139623538,597343026,107916598
3134111480,4308528041,1167287254,618020045,122165740
3121867927,4023013725,1086057203,566132189,132182695
2972772761,3860918231,1044387743,542722681,119060868
2857127779,3774256589,1014770202,531979439,123320570
3073631414,4102873740,1110469185,584215973,129908060
3138197893,4167220337,1121878951,589429131,132282982
3150081080,4120669915,1113787292,586853894,134900123
3049924457,3952088586,1067058212,553664051,130315281
3033811952,3973994703,1072353286,556902304,123183412
2894755539,3806817906,1018198392,515931323,108918911
3241278459,4385583628,1188043476,623886598,117686167
3206805721,4319260644,1172567779,621322942,133691274
3257504134,4437374117,1200364942,638650693,139143807
3068705978,3923100670,1056329097,555623148,144930330
3333014579,4256737728,1151219166,600344485,136839730
3009497112,3706930131,1004337317,522661706,123613956
2925804058,3793440363,1019641401,529120706,121100296
2928006639,3728275864,1003690621,526764961,127254985
3157160362,4274384886,1159174426,606930919,115747457
3210071739,4344132861,1180825017,628030301,132129549
3197117794,4284253891,1161455465,617063118,140823467
3106146731,4142642186,1120610396,589581705,138487588
2986651322,3771031009,1015908147,526033542,140762636
2903167386,3835712847,1034095329,542189264,113326635
3119815723,4162736570,1124504297,603487567,134964131
3261117720,4261346239,1158162461,617962329,149382799
3056483171,4009404007,1083172122,573790810,139649790
2999027463,3863792597,1040664151,553464410,142879540
3248420399,4111086217,1110448073,582781193,140878314
3008170283,3915130610,1060398949,553423141,120727912
2966080200,3946935228,1059817014,561869697,124607976
3222363298,4247394903,1145305427,609031157,139640072
3168431781,4114116923,1112875042,586029845,131117249
3344472522,4417997923,1200091546,625681076,133835865
3035844301,4065287827,1099788668,561347070,117182470
2939231234,3934083009,1057568158,553845483,119526478
3256260456,4313813426,1171871277,624684665,132506446
3397967949,4398105506,1196700549,629076375,139861869
3171297624,4115580403,1112418401,584510713,128117159
3395904717,4461360339,1212596217,627463590,130092777
3222218204,4147325798,1124410380,580733393,122820369
3093074454,4019925018,1089647226,563472864,122923868
3203769595,4217733751,1137935557,599645863,129928799
3105730832,3946784266,1064162059,555575868,136575776
3132460246,4040312673,1094157991,563462800,126901839
2653774899,3429703457,920744552,475862053,108910205
3185650260,4300345371,1166068692,619911679,126736413
3068003159,3977265607,1075370387,568679521,138344871
3326126928,4342644714,1179501149,620979125,134567533
3388324262,4436159942,1209637903,620874452,118448633
2568901719,3369792141,897463043,453983878,101010887
2799162465,3730720691,994404742,524507178,116452049
3031059974,3961657876,1070537202,568691246,127035015
3119150559,4051425252,1090027262,576818822,131142479
2962934215,3824120251,1026997150,535348924,124452124
2962432917,3903513427,1051347618,548292098,121737006
3266810413,4299815278,1166313396,617301040,126642294
3118043743,4032800971,1090093598,571920189,136895796
2746424557,3541694725,950638505,498899151,125972247
3154996209,4167602509,1129888764,596795287,125654895
2997397261,3964260611,1066462016,566400113,130781504
3210472941,4202579279,1141340744,613290182,145464044
3319447271,4244479131,1150549464,610095380,143375394
3416431645,4539549616,1236071076,644275217,131110091
2995345250,3752400679,1006207764,520092012,127573788
3109084269,4004705450,1077959489,556519267,116515508
2968111001,3766856588,1021596326,525820434,115238530
3229947082,4242478236,1149921731,598465334,115627504
3346213195,4296251717,1169015111,613250179,130001984
3365896639,4533153217,1236456483,640263522,120226005
3146087896,4149730851,1125491566,580362274,123419802
3134005201,4155126256,1125709506,584967748,124414767
2920825948,3729478519,1004445314,523114266,130249002
3059486011,3987620764,1078427406,573730708,138029235
3205464697,4241881340,1148635531,610526410,135868666
2898716278,3761892137,1014212263,537117086,130296066
2776228205,3598883892,961046794,508229229,130716805
3063288859,4098798331,1105647132,590500119,129119047
3194200027,4236947726,1146821868,615937380,139950350
3110108227,4073498618,1102003579,592023298,147079239
3052292346,4121553255,1100381407,595375928,144814143
3065015608,3869288173,1043806848,545981101,144541865
3109988926,3990399652,1082306932,559962933,120621694
2804486287,3625005708,972688038,509464317,124109441
3294091850,4388410884,1190612864,634920155,135350100
3136742606,4026487205,1089309652,573027322,136326260
2977882016,3889421651,1049528340,550488667,129439497
3316936950,4454157824,1207893029,634705969,126175179
3063397253,3951340032,1065568740,546523375,116469547
3244637441,4295517295,1164425238,606656059,115678879
3374259551,4447144440,1207859577,630473775,129763651
3057158184,3999090387,1082306267,563044926,125281728
2972898414,3917670282,1057209167,564139792,131912836
3308815239,4320426268,1172867308,626623394,150648475
3250297731,4129543548,1117836892,583345445,136825128
3291307937,4204458118,1140215722,596183304,141817431
2599426591,3411068874,912883042,470952025,115289765
2976141976,3903223399,1050211464,554898020,136272130
3341853582,4314685696,1175489723,622358539,135521340
3292841013,4409841069,1195400965,631598178,129509593
3113768605,4052041888,1091463321,584261870,145678712
3298064413,4243182511,1150458147,604203527,148257253
3081476975,3960791385,1067975476,550903137,129528024
3192346712,4143611651,1123310184,576011427,118333694
3156653481,4100369218,1113829802,572505779,118974875
3225319381,4166190615,1134819704,582803933,114180761
3147504549,4082533563,1106945330,563123299,113524685
3262456864,4246350630,1157473125,590233149,115371527
2623714427,3445483218,922181165,483805941,113147124
3023241507,4075053313,1096872719,588133990,135145826
3314338697,4280533162,1159440085,617264099,143092595
3107277507,4078024640,1100873286,576365931,131078531
2881378021,3765781654,1009769000,526195080,129238922
3287852545,4377268881,1188579965,629885508,139864537
3271138145,4223173791,1143741652,600671553,128883511
2931330778,3607859601,960252728,497555075,137748223
3195058375,4158510591,1127274327,568623158,105937652
3039733738,3954889086,1070000680,546309140,107324077
2777226047,3751707739,1007890753,522576581,111093722
3119959739,4283836171,1161465742,617537660,125670406
3059470514,4022169257,1085328220,570228303,133677862
3006395380,3984669164,1074425813,572269660,137368085
3048341565,3987819988,1070838143,566389310,137052125
3047345277,3979908916,1074914655,571478197,135756628
2945883791,3862778771,1034215275,536160132,122505148
2707651328,3570782973,949307079,501904777,125663295
2939098125,3918871743,1049395956,559413693,140059810
3260481141,4196376991,1136059207,612236043,141778598
3436300205,4548630051,1225736171,659116948,140242316
3165185966,4097523158,1093186443,583457828,140876473
2943500201,3710239098,994322948,518062620,147060177
3098401132,3995399143,1082038702,565238775,135456646
3148669245,3914280562,1059364708,554032221,128684469
3265049930,4166320336,1123389736,587306891,123273283
2968993998,3661613793,985353829,504665046,124306533
3114489373,3962221345,1071387702,556354879,130743979
3252960935,4120121418,1117985952,577347641,122195516
3202658945,4081474457,1105847347,572215082,119468699
3036304079,3846336834,1040823076,539013321,120347569
3303438052,4197624963,1144333520,598018392,130820187
3438920031,4433877134,1204038917,630919490,130747940
3288136586,4102223784,1117856944,561649657,124832847
3133721718,3920619609,1063151098,535710406,104734988
3101267191,4011852949,1089673880,563327716,112530535
3139735475,4096057383,1104136620,578321947,119781122
3035179400,3889496870,1050965096,544832265,126355460
3014504104,3984827682,1075293638,565761311,126281966
3288103106,4384077711,1189376639,633845100,135295353
3333751235,4263201675,1155697730,594579424,126544218
3188747544,4057605755,1102693614,557235152,107920014
2959657083,3791496459,1023580275,524220320,115175796
3269053046,4417747545,1205813415,634356679,124118719
3379328486,4560976591,1246493466,653812757,128868091
3017062554,3939964083,1060795266,561614603,133217108
3202334288,4165140601,1122764719,596570847,144757160
3364733208,4295573481,1159300292,608516709,141630359
3092000218,3860797119,1034848324,532473034,132339345
3407197276,4365424737,1191495194,613587061,122763519
3381615348,4395538001,1194119191,618305141,121533334
3082761735,4061484027,1089255736,564094609,124221034
2857589949,3701021864,991785686,505862844,118794101
3214181020,4110593182,1119826136,580433548,122281846
2883214298,3706407272,997713426,521652748,120409277
3308976239,4481865417,1215869175,650829065,134887678
3318252112,4402312594,1191832430,633823916,149542118
3203851853,4179944663,1125803647,595344042,151888302
3265992466,4206322699,1141573820,600682787,142580370
3149081257,3863490095,1043212133,530472130,136390984
3096201846,4057790336,1095652832,563085877,116590600
3023114111,3950455605,1063828320,555813060,129998060
3436149416,4525994664,1239745130,647402336,132645553
3188136739,4140545406,1128641405,577710307,118497425
3001593403,4088594925,1096173905,574857347,125134287
3164864304,4231910410,1139596315,600467020,137646865
3044219595,3931951670,1064848792,557625296,136660540
3247627333,4229880305,1134723175,594176598,142714282
3199050438,4055550445,1104026269,565356652,120702694
3128964829,4037688368,1093443691,569223361,124618505
3310882161,4350647270,1176952932,615598730,138808596
3122045060,3976481138,1076867563,555672653,124608501
3266361117,4326326587,1175675594,617203226,130594096
3209463223,4201371475,1134199035,592559641,134872761
3323880924,4318263029,1173785281,610933841,140305076
3280109899,4280146228,1164379939,593699791,120144514
3262630260,4344541902,1186218084,607943560,117837333
3299374034,4390779550,1197367580,614699226,119568926
3052529598,4026451492,1094403277,555637489,110814963
3019691872,4051333027,1098107984,567706586,111575022
3161581158,4344033966,1177343913,625901724,127602034
3384218144,4560213296,1241304822,657375376,149380984
3327334985,4515265894,1223978953,650170087,146846652
3265801054,4211708544,1137694553,599347896,151635706
2937657174,3706067472,995590069,522159232,143908381
2994177746,3773557552,1011626364,527523540,142074110
3219923164,4329415539,1162639312,613155041,125821311
3213579407,4315803952,1158694986,614297702,130468825
3053407711,4107764265,1104786570,588157816,137424322
3361805470,4445335274,1207466221,643246347,155136751
3324659649,4225805627,1143959903,597795828,153931376
3125741755,3950677897,1065976505,553643377,137905895
3281652432,4047560676,1101575312,569008678,138432596
2563401437,3246552946,863832688,436328469,110572308
3056467009,4084342597,1098134896,574198621,128924065
2974710683,3874014315,1045333056,556547227,130072423
3178225080,4335718053,1173103000,625382422,137997402
3298010328,4596048225,1245845239,671586477,148189709
3186964131,4200964200,1135824326,600051475,144191016
2947284180,3859651501,1033891474,536202479,140073167
3159201971,4108710795,1111805210,580530226,135587989
2830667898,3723136356,999962537,526213969,124135318
3085004956,4054483046,1093934941,582594365,138153951
3115675449,4055129125,1092248522,579392080,141587597
3265497183,4243004156,1147098990,608312825,145021470
3021549596,3844173185,1039655424,539345931,134751777
3080211411,3968306667,1065132782,555282844,135651031
3122063709,4066882080,1102741235,575872027,130852825
3103369001,4059176595,1099831830,576486270,133571816
2989947023,3891886336,1052829381,547895527,122693897
3353792966,4434564836,1207416750,635710180,132111838
3047002093,3977205701,1076703914,566022075,130335635
3166970316,4222004562,1140869903,588477069,129785066
2885580817,3809674383,1024164085,524746845,117077697
3138846973,4338987022,1174681593,607286160,118498748
2909522623,3889019571,1046547337,550629148,125136671
3240924564,4430386395,1200592015,639053499,136098015
3206876063,4295391855,1167022437,621674549,140603549
3158368587,4294394432,1144678570,608644711,131397636
2997039454,3961802820,1054295578,554269697,134555100
3012686865,3829108328,1029742689,540974857,146640527
3127274961,3906496916,1058295466,567991165,150446734
3233473737,4155828045,1121207262,595525164,149615780
2954439212,3693767340,991906634,524279215,148002157
3226818730,4122800430,1115617101,588538756,142171833
3180624634,4147051289,1115767523,594501761,146996766
3370834034,4376668852,1187596355,625302219,144309003
3134397080,4051286155,1099224644,572596791,139387233
3231988056,4405235639,1185749181,614219971,123034728
3284773753,4306549626,1167288325,604879413,140453706
3071277683,4109986865,1112180720,576340252,128200377
3277154927,4412732241,1191187435,622048990,131930100
3414000954,4415483611,1207304295,630321612,132873969
3249058343,4248519226,1147780240,591622196,128256134
3117488198,4070049905,1101751401,568830685,122066682
3090047960,4145093759,1121738025,575902248,116734218
3178683507,4200708853,1143716935,598896752,131770856
3153646953,4192586377,1134320154,601888746,139270685
3007755729,3887656289,1043383794,549904235,149269128
3080122435,4105038527,1111509527,592093319,142882044
3052327188,4007286607,1079433652,575593499,146394537
3170755674,4188044156,1129391223,607008648,159666243
3171817345,4002418060,1082245314,572198880,155326852
3280559515,4254738073,1153275419,611188089,148157313
3223952970,4116484115,1111695537,578973480,144172527
3167405217,4055946031,1097849502,570530648,131931657
2885611328,3706801217,995114878,519552306,131537853
3008995056,3866123270,1042730357,552246011,142412018
3015230595,4031533894,1086516543,579355622,133291847
3238873716,4339611211,1176659444,631935550,147118463
3170095126,4186060595,1129276183,608324440,148880626
3177992301,4071674890,1100858949,589481181,164635173
3144214349,4059797013,1092122928,569868130,149071303
2930367104,3761148065,1013571886,527034272,129088882
2897169115,3724189934,1000640835,526392757,137321898
3024816349,3948618466,1066268775,570260399,137871165
3022325068,4054855569,1092832014,585481477,148622088
2968226867,3992911204,1073481067,579643275,151969342
3303175539,4259647382,1151810478,616897922,162834338
3096261209,3878922600,1042208778,555986592,147453085
3186362935,3970321156,1069414667,561024767,147763269
3141113826,3956643149,1066768302,555747308,132160820
3426045099,4392360036,1191307364,623290793,135418476
3373949417,4304463082,1173533750,608651036,129832205
3248289215,4068178795,1101957900,558903940,125928211
3177455300,4099123807,1110589739,565745934,112669114
2805868509,3622548907,974012619,495941164,112475696
2714649480,3667926815,981678381,503653536,98157062
2985082529,4073169701,1106424246,588407026,114181903
2964544244,3987036551,1076013443,577405720,132088522
3240301493,4503204194,1218496610,660101592,149713075
3083499472,4029638877,1079430610,580214363,154685698
3207220909,4155793135,1114111773,597438441,156412642
3369160430,4079924411,1104313900,579170502,149216298
3525917578,4514399327,1229249023,628711658,123824326
3174373667,4101523090,1114247497,568330061,114218154
2894995153,3738554870,1008544275,526198804,124958462
3199307593,4104998889,1111199622,581183268,134000192
3407193533,4336747803,1178609055,613220553,131995927
3450558648,4387233114,1197047824,615760329,124939026
3490485500,4435903566,1207877205,617277042,117820984
3329726668,4295338535,1168740851,591071245,113963512
3166031910,4156612574,1132170345,573412411,107368238
3217653203,4138949406,1125612812,564668213,110691967
2890496640,3738526137,1008688996,518722555,112503489
3220455273,4369734098,1180428375,608793028,113451904
3093480461,4132056208,1117168774,585114615,121569428
3287253827,4372493512,1189951901,632847564,142852966
3043392430,3972225894,1069669280,562810660,136227134
2827494798,3634333935,972431065,498614674,122506486
2980804224,3896388988,1053888340,556854368,125237320
3116592498,4145145319,1121224253,596744731,132065687
3229906623,4315507198,1167521728,626902150,142863294
3087428622,4020854591,1079068818,573606348,149978510
3159918428,4234116056,1136283561,613842785,153531337
3027892138,3764560051,1015952231,538317850,161853260
3101279470,4058409565,1100801423,567969168,123359797
2604438097,3283023413,873142086,453858220,125102187
3056178118,4056959805,1091305766,577703110,123765392
3250205184,4328107722,1172429083,622674057,133018729
3113287198,4169963184,1125575579,600891563,135958456
3069252283,3999746550,1075847036,580317667,149197437
3225384355,4185413893,1129581096,603766038,159791625
3383821206,4404732020,1188912562,632434345,156172578
3040367503,3863916316,1045219601,543267646,135950179
3397982938,4577126536,1233042352,647154925,132907403
3280923668,4264877414,1146477201,595414303,126942518
2912178634,3817782316,1008004282,524543763,117660659
3340533166,4369462470,1180225058,623260968,139782004
3405813021,4366221688,1189859022,621882823,142066863
3312983787,4235164901,1153978864,595971763,146569366
3082276252,3931928617,1064349702,539338534,121016410
2992984876,3746088060,1007063456,515330085,124627180
3174093772,4097872920,1110484324,584108960,132667087
3257148899,4243791145,1151487581,599219908,131969729
3103212832,4142216680,1124084515,590854902,127970906
3172419582,4141401962,1119450460,592725535,142749314
3241800163,4234752616,1143709077,610258393,146785143
2930863761,3723848299,998566938,524907911,147552219
3079670313,4012861048,1087866930,578732043,147410960
3286076314,4154289678,1128226586,589309243,150655215
3099310437,4078704144,1105134125,574367776,127508815
3267118380,4268708595,1151282355,604655885,142743949
3452347299,4529579175,1232283547,649456647,144219130
3499199335,4563210090,1245351978,647597176,133967651
3003656293,3920432497,1049198434,532336555,120865946
2911074252,3771637097,1015264311,531198437,124429146
3063317327,3997613823,1083535179,574330563,138439305
3202662250,4176354055,1135548479,600475958,147911635
3337182222,4301829554,1165564161,607652725,145282655
2859966036,3695613753,995664594,515858940,119004331
2941961324,3929786860,1054246922,562872313,136674160
3380091466,4382520200,1191583832,641375502,161073599
3298010335,4345578458,1173512302,623105120,149060516
3342486383,4463217593,1202279560,646009279,160192365
3460492723,4342856307,1178006484,614566831,153336219
3215820545,3931048902,1061655720,538460890,132222818
3148575010,3879169375,1052777538,534270544,121088620
3276349916,4193178428,1138047069,576716101,121070539
2989045211,3875001825,1047283214,532529784,105474637
3270370186,4331112917,1178880993,614447367,118895205
2996177696,3924233605,1058846410,545821023,120808240
2885383723,3855313328,1038112267,548284852,129862820
3289582654,4505083215,1222772575,654530753,138091414
3255465966,4261757498,1155434564,614133758,144877139
3411437295,4535718249,1230887058,657967643,149255167
3439226966,4461183078,1214631249,637076219,148889503
3084761690,3968900961,1071798745,557048568,132279269
3033362650,3959511855,1056225271,549184789,120344694
3056046948,3779411630,1019977897,527480283,139280536
3195803904,4176793806,1136630928,597809355,129730984
3415800900,4410943433,1198399234,623042103,143467981
3186251064,4072801489,1097263747,564191153,126370840
3192284377,4166527431,1131945227,570641085,104751485
2896056125,3803434702,1025298418,527562467,105629390
3294452936,4450120514,1210369859,631473447,117415160
3236263505,4317528580,1172124598,619165123,128317746
3090854843,4092295194,1107300064,583304083,134688366
3226934016,4387146456,1183628432,630720251,142164322
3347513948,4320662912,1173447776,617595288,150278429
3381414715,4279079970,1163786529,598512805,132302350
3117160279,3944541247,1070591897,547400681,128781146
3312796508,4231198011,1151415183,584562246,125178674
3026101883,3861573684,1042405210,532203340,117472887
2961962165,3902035349,1054024210,550096971,125318873
3379851256,4456234128,1214864775,644923919,137644745
3290993951,4336502283,1174794527,622319050,143449873
3206722897,4260178973,1151841325,611077002,144843312
3419939796,4385670256,1191881560,630841529,159470644
3320984183,4218059095,1137643743,587836882,135164888
3314509892,4163530676,1139757772,586681454,132281531
3061538571,3806622443,1028827860,521206219,128385313
3163069423,4135048989,1120283915,573387374,121898723
3313488479,4237022036,1158441042,599612247,135198045
3134774867,3978532004,1079212350,553099609,117394114
2855331312,3742328094,1008540841,508580413,111321002
2880302890,3858107395,1039009384,540756264,112834676
3018381004,4085099725,1105544547,591383372,125698766
3299494607,4439362563,1202220195,647311841,145974406
3141828888,4143508922,1120082788,595602257,147431179
3235490988,4203919124,1135875664,591929482,153563180
3085894857,3944069124,1065831362,547654961,124754599
2868380849,3683573513,991209310,519896637,128070418
3100930524,4087093051,1101875617,588970176,140343629
2986093463,3931159033,1057374801,566149937,141518657
3328513490,4474031390,1209046301,652350117,155160888
3305593941,4329493163,1170507611,626476399,147968595
3131167538,4086747182,1106593948,590225993,157123352
3274556831,4135389156,1109925619,584284574,159845648
3153624814,3859261098,1045189472,540958486,139713576
2982435704,3809376771,1027819001,538638729,132079032
3031543579,3839084518,1036049279,541285841,135541884
3297524862,4253729686,1157795498,607174177,128757393
3191206900,4225030239,1147846422,595987575,121711998
3044257662,4023750247,1090213871,574531801,133389746
3146919353,4255681826,1139072130,602225510,130242883
3292609475,4494844424,1202187093,644963716,137107576
3081360036,4157111991,1110368979,587037895,136878269
3059248187,4159377068,1103796948,591064175,131696665
3321270536,4628097870,1237232714,670168367,138363357
3434343895,4504232892,1206096700,648600957,161972617
3410584129,4276659629,1151008385,603911377,133492254
3376033833,4517322565,1202146631,619401547,121994941
3398772708,4354171608,1182858864,608043753,137399986
2974324667,3627788343,978238947,499412640,136927346
3265395840,4050889221,1102462557,566932421,128721796
3311979137,4096810607,1116224756,582625712,129855574
3307073543,4262628768,1154771517,606860405,141487653
3100282718,3838230792,1034836016,537547717,140906358
3420477957,4378201343,1192579173,625253299,133819945
3415542121,4250342702,1162492703,606520140,141945277
3260472174,4173086344,1128140207,580932526,135980050
3155070295,4000011111,1076614927,556917785,134811462
3264366101,4058178795,1104310160,566233883,130373157
3096755107,4130252138,1122139892,569336652,115848362
3370681051,4504864642,1231423772,635105657,119235881
3174481683,4234268368,1148689700,591046988,122954615
2965681231,3945155147,1062818098,554000213,126426274
3246145565,4323785130,1173291024,615137477,130184914
3327630795,4267571524,1157589210,606592775,128524922
3276623475,4154340549,1127573150,588988690,136822750
3139485583,3979869934,1075578645,562377265,137460766
3260722891,4257313224,1153409251,605136407,135799622
3178113334,3971087344,1074976409,555464867,141488994
2961721026,3778068760,1022876317,521033822,120082163
2858885749,3742696339,1004011860,518480776,119319635
3202506364,4266371908,1159151308,618975233,133810364
3270494774,4308771364,1168246414,622293378,146492289
2944776735,3912243843,1047532742,558612361,148293829
3218073920,4192303675,1130552057,601533872,157905550
3295572991,4281611553,1160666624,612126487,149906879
3236105621,4240278393,1144447843,593800552,137254925
3057528845,3801008545,1031684188,536656085,140106637
3315369769,4374431273,1188741454,616164288,126405277
3099796758,3993300884,1078795339,559410325,133698764
3132115018,4016306718,1084934717,569634150,140070473
3352123984,4399744030,1195355948,629734097,140171863
3323833295,4314398782,1174568679,620021493,144966101
3249730950,4201900322,1139374534,597330305,146000866
3125496605,4053474293,1092019016,566722353,135011184
2915328195,3791277489,1021999821,542541264,134203228
3192056333,4014272313,1088855593,577419042,162744161
3231489196,4190147519,1134262400,597259941,143921109
3296257127,4099809091,1110792231,583051016,162070670
3187192778,4090670750,1109564736,582482137,139702396
3313645149,4280645560,1163078953,600417620,142123198
3020573087,4094268515,1105755218,568619131,119304617
3041650890,4005749178,1085372427,574843936,135487475
3212988330,4187938923,1133103853,602654699,151201270
3347490079,4430976024,1203664104,639538700,146497028
3364818221,4405141502,1200377292,638915341,149506758
3280370002,4387622016,1184480089,614852790,140807980
3197609536,4172429020,1127249105,584777352,138106834
3246810032,4214573173,1146514606,593574661,134402220
3104170878,3956726966,1067306592,557076577,139461911
3423149520,4542142653,1236888845,641592247,130361810
3252084812,4177003349,1132663417,586589849,134215137
3243344232,4219275383,1142756394,588599274,125909799
2991612181,3742031540,1007794443,521761727,137112932
3057836557,4059241169,1088501660,563428628,120898457
2810773159,3648496776,985098590,515636010,119763205
3278716295,4392534379,1193901928,643555854,142076588
3235237652,4057750404,1097025309,582451281,164208217
3235014292,4143703128,1121675274,586358379,139075082
3423575709,4453931330,1208732899,638835349,149962866
3124411152,3988751647,1076884288,560962596,146433998
3074120257,3802253347,1027219705,531261577,144505212
2669537797,3240138110,869632562,448789383,121225962
3112028022,4169923123,1126535366,600403480,131894405
3292713159,4433344869,1206465220,643905371,143644817
3138618571,4119723967,1112052105,588098829,143974300
2908942026,3794639067,1017458247,538270653,143111354
2976603748,3711428709,1002051713,528612744,139373413
2931444798,3770851309,1012803296,527798440,132353757
2912287552,3765131761,1016853844,530551820,130978859
3040178800,3976199708,1077977143,562494062,128978354
2870588477,3853330970,1034038604,546119920,126492066
3032361044,4069581364,1100950441,588569184,132811827
3198349090,4375321239,1178642178,631806249,148068104
3052879500,3932082829,1061660779,567096341,151622499
3295673282,4351736882,1177010757,623260315,142656595
3275030747,4298555167,1161644119,619663802,152766388
3352585015,4448964873,1207845105,639524890,141354034
3224762401,4187544647,1128146292,593939737,142500630
2946702865,3766925061,1014834119,534451113,136307990
3109104497,4051409401,1096156919,582539540,140348142
3049704819,3945778280,1061791680,569732159,147573287
3206413064,4068302533,1103962845,590492494,149742929
3382112143,4384320240,1190586216,620769822,135027799
3012418863,3867696542,1041367506,539404569,132442604
3065302474,4049191966,1096129729,574175373,128998446
3279012378,4311938648,1173244980,614618757,136993481
3017498760,3982742260,1076411258,564964328,131539864
2886705365,3666151900,988897947,517100007,133592061
3182231124,4247140058,1142998941,609879477,144923546
3076091172,3906500384,1052672695,563880673,154655797
3275905297,4288435027,1159559020,611372050,143632687
3223007191,4138493197,1124696604,585457132,140269149
3403458778,4477984832,1216829730,629991232,131306579
3186492694,4228210940,1148827047,594929950,132824200
3084182822,4137505737,1120772171,580459245,125595309
3031274525,3937896209,1060107911,556954805,137470121
3351348064,4364856012,1186587465,624929316,138785500
3050548307,3997646533,1078949309,568786118,124299214
2851556295,3769093744,1007000150,535909257,133853984
3168118926,4085785059,1107173222,584828734,154069692
3100379758,4120546582,1112690026,589760227,135640042
3283666989,4397101333,1192928481,640120683,143797006
3103456649,3986841944,1074146646,571794992,160523831
3335627730,4426444774,1191179026,641616413,154358760
3093188590,3896384814,1054478411,567672212,169835186
3107920152,3930798249,1057589145,556381958,154331836
3142041375,4103925203,1104938010,583698454,142678001
3411406162,4390855750,1194037744,627707608,132653536
3423084565,4449675465,1211635958,637302171,141460949
3073384772,3806029257,1030513933,529919339,130734295
3128222902,4105070058,1112902363,579547109,127041002
3302145683,4345446339,1181002534,622172268,136201835
2865622368,3525753398,948484143,495536264,144443905
2858102348,3727965812,1005192626,522583200,125419868
3047062433,4254643072,1151659342,612996577,127420638
3010935953,4074284223,1099469742,590511439,138524973
3277053185,4282094675,1156670391,613146589,149284890
3131435808,4042375170,1096035091,580702241,150797215
2849714940,3585436629,956254715,507165652,155942660
3149090547,4104006942,1108525809,593245669,152256442
3370432162,4348888152,1181311341,632426928,151437020
3138577649,3885929199,1052872998,558290579,150133012
2984113044,3781224477,1018674737,531087833,140191498
3106556549,3924160643,1062787886,554682997,130007118
3281735241,4208803610,1136881685,593424013,130145471
3162965160,4082955080,1105918951,567581557,128494417
3369163657,4519172860,1233536204,639472820,121254283
3165717523,4157229310,1128373680,580294001,119583379
3065952298,4008245909,1084246662,557861553,121909152
2909061279,3742923135,1007019400,537068403,130091706
3270209252,4225666800,1150267401,612911034,144858516
3060840799,3978837805,1072746207,567234460,140317265
2912135079,3894628739,1039029617,556691996,140300270
3034608469,4020713121,1076723060,578803546,148865511
3137114656,4014020469,1077424671,573436567,161095241
3111132822,3861066865,1035652420,544566749,148843519
3304963841,4147578168,1121875392,582564598,141486268
3122012137,4043812357,1095349232,562434544,117275520
2886973705,3816327782,1028056589,536182630,118124828
3087816189,4109894263,1108797248,583631797,132961515
2998981789,3903081759,1053724916,564316837,140438955
3292869609,4323573049,1171613096,633946718,156621581
3336194859,4372701536,1180473802,630567911,153989200
3224165250,4242463893,1146241108,609872217,151521080
3270172022,4289319243,1162187251,608275323,149599634
3092677068,3822416117,1031915476,543177129,153479513
3307581979,4166322254,1129934724,589731875,147289935
3235410247,4098012507,1109406938,577817503,139780633
3194143045,4114471966,1116989562,584513270,136005674
3159643466,4188100300,1121938954,586915974,136277139
3230719397,4198881268,1142594351,601304033,140147695
3223297139,4167203379,1126684434,593821157,146047896
3293174348,4423771846,1196870008,633311772,136347373
3156261064,4102284405,1106709227,584778510,142110094
3403908095,4385004534,1192381337,635472475,152029066
3341012029,4234549509,1148424262,603609129,158803641
3262843760,4207464418,1132969851,585103924,126876133
2955784346,3722618744,1002969831,512580372,132737351
3184226091,4100051897,1111582120,575068610,129336169
2943610238,3920491814,1055721655,549166660,121133124
3331836338,4492190830,1224460088,644663825,131680555
3041957770,4037187117,1090079474,575036453,135692333
3068388731,4126507123,1110551969,586130978,140362178
3171515973,4236614466,1136964577,601538881,143472681
2985135451,3781755690,1018108989,533034912,151551601
2927351913,3882497279,1052659176,555745696,137692372
3179562285,4131930005,1115851999,585457668,151811679
3236206689,4331041535,1167204008,622758409,143990255
3212765302,4317523795,1177412707,625544277,143031823
3381694392,4516141853,1227427393,650402830,148337081
3149473651,4023858566,1089377437,558138690,138642754
2507056475,3223686806,855139838,438886703,108502162
3180758784,4307511907,1169190707,629563066,131149617
3262917949,4385819801,1181709502,641831819,155719690
3259889199,4208847953,1133766787,601473678,166027517
3248637765,4159599462,1125765540,587162535,137947600
3034098254,3878657948,1043353920,545901616,134476048
3162619845,4130324911,1108423778,590361215,151495161
3254761557,4355039859,1188652267,623097019,140437414
3308109750,4334827663,1180709311,617687495,140779433
3264793053,4171173805,1131057753,586866999,130430442
3476255207,4637451106,1268225604,654479921,118944124
3064936693,3979610469,1078546369,557964836,120068533
3030283271,4045941670,1088026528,566604284,128088750
3292614345,4411495712,1191935329,622126589,128524555
3238639363,4314697433,1176788925,612928640,121853643
3287471334,4347851801,1181655092,622220843,142686787
3310314499,4159217714,1130412850,583404967,148101544
3171280497,4123547916,1110162579,566136020,113786267
3265125551,4279570259,1168132856,605103443,121769181
3058402576,4188494249,1143754718,598335669,121871719
3176609656,4421173882,1205544737,641238448,133350732
3269889538,4556819526,1238388225,662413250,139184921
2872120328,3895872612,1062489629,556700014,126095085
3203784986,4379197398,1188460237,633427895,140062788
3301851687,4358870719,1179216564,625901120,148618960
3123439071,4119701457,1120253760,589811397,141741270
3268346057,4270799011,1156191198,608374330,139927049
3218419469,4292720379,1166812784,606489422,135160653
3209516487,4193735893,1133210674,600542399,140195951
3091816611,4038912960,1091521606,577579749,141657385
3090294024,4185789198,1134282743,602439810,143937239
3255635508,4244550222,1153881297,613345091,163913370
3277854977,4152540440,1125293375,575074645,132038084
2837615372,3686597792,992708185,509645603,110962546
3107770993,4121079826,1115424476,579106566,120067517
3183303749,4211403329,1140177027,586370918,117290074
3134885829,4182624425,1133601544,588026933,114642600
2832025623,3752577910,1006948648,527899173,121740438
3021415402,3900307941,1048189910,555269418,140767472
3217309059,4144392848,1123279483,592026449,135569863
3361580822,4402270675,1193627088,622544781,131063931
3027430621,3872251983,1039441539,544868118,137561956
3439258001,4340058163,1185127519,610247743,118475489
3149127742,4073820028,1101508398,562181114,120592544
3068474076,3935275882,1061771338,544233507,112688713
3486374015,4533982701,1238646352,644269761,124016275
3550059267,4611402022,1264371963,638374774,116712293
3211148924,4326790901,1182027742,588848483,101588050
3128783595,4200469293,1143666821,582922914,118934509
2839763111,3747310190,1006121916,511273634,108119917
2743366055,3631274807,975670906,506072868,113442941
2945054650,3936433394,1061783927,580431478,130613726
3203538569,4215609977,1141679338,603006486,139421711
2997340634,3952051916,1059035278,569523015,141387541
3331976726,4365628856,1182945376,629480811,154114492
3173217948,4107633969,1109113224,571991867,125397533
2845247000,3749318082,1001363824,519180492,118961737
3123724375,4125889806,1112648986,578832772,125978199
3081413443,3991875725,1081071101,566333092,134562308
3243990272,4373758744,1188371199,629723456,129305873
3340790029,4480766766,1215847810,642551182,142314177
3194469944,4213952530,1138135279,599204312,147786226
3354333022,4253457525,1149013545,588010058,128784848
3010460271,3825063131,1036047309,527168621,111347234
3042098185,3955024407,1069435019,551292322,113480444
3232146610,4273719591,1160428017,603428872,124508062
3267495009,4232506320,1147472669,583182676,121259353
2850974537,3783611682,1023104851,527687064,108975050
2888925167,3851538871,1034862101,538567578,124009551
3090324831,4177658458,1132235541,602816579,128110533
3254899422,4265917374,1151714797,609441066,137655220
3369111636,4303601922,1171262551,612776900,133022247
3127931635,4024002259,1088514361,563222212,134191153
3141954308,4068024931,1095620667,563494589,122625316
3223581186,4128981412,1119766312,579102407,126120921
3240682984,4152006100,1128312479,584130996,127630354
3166040237,4119895812,1118288654,580659912,121087965
3056255134,3969171148,1074454920,559347210,129831559
3303863562,4274613785,1164395254,604772250,132258444
3108568435,3957158495,1075092247,541791470,113822648
3175092529,4237975333,1156642784,590508313,108406116
2996039272,4002991366,1086395723,562486508,121699019
2899305436,3777335517,1017657930,534883478,124722528
2840616425,3709680466,996489078,526532877,130296149
3101775747,4107544549,1110896809,589888700,135347110
3119091011,4030207028,1091778660,579033862,147098781
2853445614,3866078490,1040815933,560207601,141681190
3213335580,4238966291,1146068863,605202044,145523624
2693280637,3439951721,920071052,476211360,126890260
2951196820,3887946169,1052186195,553644400,115774092
3031054089,3940797180,1062474786,561448787,128817632
3292857730,4293779331,1167850569,618306382,134174909
2856832391,3742495812,1007544771,532972392,132513621
2962033172,3900186455,1049702743,555502305,139191943
3060143496,4051623000,1092514430,577289775,133396042
2808510317,3715208258,1001230843,530905113,135933079
3107101653,4274227578,1151260476,611939537,134294064
3233713072,4276593992,1159374807,612937237,136798269
3008719279,3982481039,1074273187,565882260,135837161
3128593679,4156601301,1124512602,596737192,137285749
3052241828,3873056489,1047814833,540562292,135581064
3164040634,4150448436,1127457953,585690123,127315935
3292443533,4426842013,1207269144,635195631,133014379
2995346301,3923447820,1059867195,560863343,140532985
3029324014,3920767501,1052232369,555950397,144069603
2968080307,3934979474,1058938305,562601872,141753334
3278330236,4337864179,1172748681,612962808,143151857
2861409184,3631210702,976213129,513705972,131669212
3183653918,4234771042,1145591531,610861263,145095784
3204273330,4191137974,1133833738,598234757,143950499
3026082053,4012620629,1084572388,571905910,129610556
3368583202,4465854335,1212192257,638494113,148285332
3086418883,4194853528,1134440069,600503417,134067862
2983375012,3890100681,1048153397,547570637,134935722
2915733014,3881861136,1044445273,546413632,129268566
3216972659,4249767189,1151508750,610593251,142833306
3087013214,4132284399,1118782146,596245460,137689975
3119906570,4072295894,1099041345,579418558,147744891
2980957730,3943637769,1065334930,563294271,140849422
3102497628,4099417612,1110232610,577548749,137985558
2835579827,3782104551,1017521092,530131549,123762030
3024254073,4119049210,1113600855,596220486,133004284
3211698750,4328851183,1167958228,623987291,144648699
3059100953,3966001732,1063656944,561110926,149442248
3215509148,4377657496,1184200468,618188173,130041654
2952427670,3722003558,996328713,512491662,138960939
3059628373,3960117448,1067685254,546267109,120933035
2839935316,3838428549,1034300774,534383446,107767773
2915917993,3937358407,1063622710,563532087,125404680
3291876844,4493777024,1218806313,651197310,138775271
3195961740,4169000152,1131128541,594899839,142621444
2980340577,3966513640,1067225329,571339818,144053912
3358153087,4521627580,1231990873,652270405,152435828
3249917042,4241480761,1146887398,596372388,143778694
2929732744,3929955088,1050886589,548139076,122167425
3069703591,4105975355,1095107573,573020954,124284050
3112295944,4244037816,1136949762,597466994,119382991
3220290816,4500555767,1205114721,633565350,123416269
3134186754,4241934749,1138869398,608775717,140842395
3213539180,4134946638,1119060256,595166971,150473259
3253396354,4179395270,1128971332,590422563,139014238
3456113676,4460183859,1209841454,632129141,137942980
3401111822,4333558992,1177608769,604078266,118754179
3332687493,4322672033,1176586189,599241872,120054057
3386031575,4384945090,1195107590,610369274,123175553
3370381116,4468356192,1211486609,617471626,121033623
3111262164,4206684074,1140925051,584842818,115580430
3202590220,4223624644,1142265071,582404572,116008705
3271254060,4341556259,1180227003,607812994,114696940
3029932499,4052995480,1094324750,566217860,110755442
3247070379,4229529790,1151695793,600219831,133404219
3171988886,4208425542,1142915306,585261387,110556279
3100186265,4095280193,1111783116,562211810,121825048
3004102497,3995816575,1088515961,553186950,110424302
3136760785,4285318335,1160883867,602184857,119929572
2724775950,3590985595,961781731,507863001,127610593
3236515372,4364067663,1181036240,616918624,124010407
3033361204,4014613638,1084210029,566915383,120415870
3038857475,3987819347,1073777407,563770192,129324617
3389039434,4586120527,1247255430,656010251,131631812
3169127968,4194350736,1139266202,590520400,141171508
3222139298,4242753375,1144520456,587121587,124893414
3028592674,3937487383,1066441795,543974706,110507752
3189755227,4208031016,1138297043,586985319,122633758
3288893947,4408640806,1200114212,628019162,123190661
3359977341,4516604981,1229412692,640040471,130225439
3181938283,4309778294,1169779469,615703874,133149922
3110845054,4135946455,1117860238,576202968,133990919
3292889167,4303769310,1169265199,605391980,132539797
3239702031,4367716915,1188390227,613168370,116157901
3402869482,4636734787,1264080761,644412953,121441522
2831007383,3697530907,997150565,510914437,109814649
3291180736,4310304538,1168451600,598487966,123257071
3364777890,4506877605,1232652251,635037491,117538115
3338326063,4408313425,1201828240,621399028,123014346
3095452934,4145597639,1127624237,579384225,116019535
2716069327,3721024640,992119690,500237615,115430387
3021612336,3987898071,1071661329,559576854,127534771
3190049808,4322352681,1172196701,619541179,129084655
3238838084,4266721821,1157032071,612149257,150182882
2904933865,3787196583,1021791227,527231040,128181027
3200340846,4262264031,1154957461,605587603,131026838
3117891500,4116713729,1113258537,577478512,125240293
3280220756,4499579033,1221482866,631777605,128176103
3069482434,4203141881,1135743229,583271959,105797730
2701276392,3602902159,960493217,504738543,121542174
3167691411,4270650861,1152965157,615967353,139403693
3190962448,4203344016,1137231980,598986605,143477733
3056993212,3834249346,1034531040,541028690,140511459
3006526501,3947897244,1065620301,566890636,136215248
3303291542,4438717378,1199332443,637405253,151235389
3102114132,3943525600,1070028017,560129616,142395746
3014562935,4025635712,1079878122,567318967,131026012
3207319460,4303554467,1159387071,615128405,147995355
3204231519,4035649042,1092056675,573932767,138885056
3468858842,4579931894,1244206337,655328442,138439885
3348663088,4358794148,1179313997,606226683,127661021
2996258267,3914783950,1048684224,537002552,122625522
3120448326,4134679603,1122885502,574387099,111746992
3295794184,4475851964,1221893580,622184968,105919611
3101630028,4219792085,1151280323,598056735,118645920
3174354391,4367602146,1188768152,622304127,133631987
3166036211,4198214763,1136105070,587818009,131112319
2996720638,3966399118,1073500056,553002166,124133675
2906423020,3901837668,1050736392,550778002,124547107
3149780584,4151668908,1117567029,583755510,129259711
2921674419,3953085287,1062757383,554187140,125381761
2690987388,3653501894,970760230,517581588,130216804
3057369923,4072586479,1091782706,583255855,144213224
3164264720,4082205945,1094437060,574518553,142584864
2745805456,3554701574,941071417,489994090,120676370
2975378299,3926362183,1054453625,548542764,120790233
3256459724,4241525296,1140013289,593731698,132696642
3220586708,4244496419,1143189043,591125099,117207591
2945328514,3839313817,1029263485,537397182,128332431
3231642392,4328939273,1172457987,614083843,135431861
3269154187,4313187998,1165624546,613640173,138917095
3402947474,4424226257,1203178998,630168917,134133942
3411452007,4577882560,1244818679,637838941,114946166
3190651077,4150669684,1122423918,564267243,112805120
3035467061,4003233861,1084772199,546421104,101774976
2995177793,3983871617,1077887353,547150898,107249147
3043006276,4057792621,1093110784,572835569,117492356
3097211912,4224937426,1142953463,611467805,133912377
3347903725,4481151162,1215429070,653402671,149536293
3285728862,4385289761,1184804314,632466766,155663051
3287703203,4238102768,1148408940,599480709,143268275
3313613045,4209239215,1145111298,584240496,128669662
3310118811,4390029837,1191945682,603329644,108035910
3047108679,4093968302,1100320083,570212454,107092468
2989874786,4105600630,1096816272,566812550,112714582
3403073194,4498100510,1216378394,640221183,133768607
3115009259,3916158176,1060781908,550696429,133792983
3206036376,4213410115,1144503970,593062539,125957855
3139586739,4138491594,1116751867,581863896,129016097
3326772528,4428728155,1202438206,623111867,128409420
3199453181,4272683891,1157390651,600136401,126698435
3233753212,4119555236,1117115458,572066447,134122464
2992979226,3872625954,1040340510,525874481,111306788
3005898993,4035117705,1084763371,534474200,104266422
2754572701,3617518035,973843600,496446242,106917517
3278488277,4378652036,1190804165,623866750,124140727
3300580376,4407356621,1199747436,634734315,133479159
3285079881,4468316818,1217805797,645657809,141820714
3267445117,4190502915,1139817703,596893914,151954502
3281646256,4149445643,1126765769,571924723,140023249
2895684450,3719441303,1012392919,508277254,102561434
2727379099,3693150765,990467821,514200150,115898239
2996650157,3931002471,1066600473,565861971,127461785
3237810480,4282682051,1162175718,620999480,137446462
3319789653,4351993735,1182262613,632905069,153514964
3411289372,4592833508,1252394652,661884952,145067356
3087639719,3971337448,1075693472,556694746,146352208
2823622567,3550866762,952320517,482096112,126954179
3391349637,4458299197,1218109640,626451553,112295665
3312478325,4352502689,1187353041,605360760,114634619
2709943589,3520921437,945289743,477641873,106442011
3026840991,4087960947,1108780419,581063408,119749789
2945531418,3960931023,1065124955,566040658,124761458
3202972818,4263366131,1152268584,612776944,145746807
3121896989,4255558804,1150088256,619494678,142420200
3125967783,4150657507,1117602146,598145402,156051481
3216874768,3909045173,1057979761,540577290,150618325
2768449487,3630271785,974116070,501522656,107005791
3174765784,4254928317,1157295386,614926116,128801139
3192287700,4262938955,1152422992,608907180,134647142
3040621110,3911812464,1058716018,560013588,136609130
3410608455,4647869391,1262726775,664610491,133880761
3260922359,4121117758,1123629688,582416544,142336681
3122706708,4008530844,1084696716,549797143,122590782
3093152701,4172317994,1130663383,577776146,107582628
3071605151,4030060233,1092459707,561092721,117390868
3101057019,4167277810,1134268633,594735909,121823455
2852827986,3829652295,1028087577,552810946,138374621
3354292799,4532753921,1230760368,657771597,149105068
3310945819,4475128567,1218234500,648169670,146985956
3297532353,4465656087,1218546651,628252310,140306556
3116225757,4029155320,1092465710,562607625,138982624
2920672718,3856190049,1042850638,523312838,115348494
3030509366,4048986805,1098534671,576147972,123043657
3282641996,4461058516,1211655755,633677208,135165934
3224333255,4464898434,1198556580,628759782,136545573
3307674888,4391907984,1186018070,626812009,148159856
3217524437,4018323340,1084748632,555522652,143721405
2928312970,3730328184,1004242906,507677962,115334330
2848261609,3771832605,1016915310,521453712,113142432
3007719108,4099496519,1109078952,586674542,116996814
3093898662,4151825602,1121531097,604424226,140746247
3325218185,4518615227,1227193732,655141936,148401267
3004249408,3958571680,1068471479,559205024,137908434
2946803910,3827494589,1031453400,530160721,125095051
2787649726,3685938432,989765697,511536872,119081850
3312896066,4406628301,1202916422,634271903,133392969
3128954716,4126042869,1120704528,588627728,129820956
3056716881,3993416533,1079747865,565055865,138894985
3009385027,4155474524,1097465429,569124466,133533356
3043941453,4197890850,1135000627,593392392,128917135
3069496359,4037024348,1094568003,574779746,135801988
3107831079,4202779271,1138798163,602913437,132901712
3277502839,4402240508,1196438176,634999936,142261694
3179235592,4142784265,1122274096,587465872,143129050
2853609431,3690132798,995685919,505714886,118705188
2668386614,3639873173,970857731,510221500,113544029
2990278250,3937569558,1067189284,569018486,130541140
3156091839,4300992949,1164137138,620373848,135216663
3067825228,4120346463,1110498914,594603098,153032060
2934753640,3968465881,1070536153,570137295,152733901
3106244273,3996578850,1080636103,569214936,145792940
3024162127,3995791025,1080804037,568166906,132169087
3174774913,4147147682,1119967972,585876240,135576888
3208951163,4351087918,1180296790,607867832,116079805
2937240950,3834152029,1033527248,533382214,118867887
3141156793,4202713837,1138217913,597403350,126789853
3057664964,4053345315,1096352441,579220799,136311511
3124381354,4168406608,1130047010,598187104,140343580
3048179566,3990203904,1079066737,574009617,151092907
3236821480,4336198477,1178334491,617892095,149570190
3279367654,4382938647,1191274766,623956605,137284287
2992692350,3885502723,1051571431,545950198,135342107
3057691501,3944609282,1064732332,549536810,131550209
3307018496,4383021093,1194229579,618726566,126206687
3375250783,4488139250,1227131270,634735249,124637383
2865739346,3724272963,998314595,508415793,129004801
2887958916,3920931246,1054808702,540746343,113985687
2869493517,3792736235,1024710887,540858471,126805542
3195749569,4364184438,1185288533,632134722,131212015
3363275917,4591189700,1245585647,666242432,148003653
3213423776,4211704570,1140261508,591166640,147450971
2542402507,3234928597,857318627,439072972,134105154
2814638150,3682922466,984653169,505261621,108919033
2880703615,3896218744,1046234940,554244341,120085132
3365790990,4579454277,1245121018,672653468,144831345
3263186376,4314704857,1168718450,615705600,144478689
2891566868,3889854044,1046066397,542122567,125574298
3150763106,4228775107,1140797430,595342264,137414821
3219758815,4478141239,1220878422,636551514,135137672
2986906803,4020695803,1087487992,574977034,131455475
3138885555,4214637935,1139927568,607978633,147559928
3249541803,4326341607,1176844286,630046281,159102501
3373515699,4303721797,1174533350,621543946,166956756
3225442279,4088048052,1110585615,574645755,144965629
3000713554,3802213448,1029843571,531541454,132494131
3257269590,4119178398,1124231238,581439403,150713510
3292322026,4391159434,1197237009,609908019,121315259
2739524698,3449666793,930044987,481707356,121585954
3103864523,4255167944,1151028523,609806608,125309999
3239958823,4303866271,1173067349,625073480,148640746
3246262766,4219513852,1146773788,615293536,164948449
3311805839,4334826332,1181599856,627582951,154463548
3090928497,3967402915,1074761459,555458249,141263553
3109476822,3921572184,1068824554,549907705,154747764
2909781494,3716571438,1003595758,520690311,134486379
2969397397,3876608349,1049705138,545622851,123005279
2973155499,3963465954,1070692506,568280217,134005608
3024910518,4075888387,1101966042,595482545,148436176
3275555228,4408152198,1199236459,654178058,165822453
3377572795,4404277162,1200432353,643178120,168737126
3131578846,3992518733,1079478266,571884294,162491171
3193086676,3869625533,1049481332,544561399,162503428
3206549950,4102566074,1118737413,571383904,130075910
3152946041,3989745068,1087298621,558802195,123825987
3410439897,4575749232,1250153375,642544485,112557041
2956892203,3929785090,1061731463,547485927,115690195
2977608768,4019970236,1090635261,570297542,125705505
2852829147,3782416961,1018784325,541936286,134965516
3069715340,4045861732,1095044821,583738304,148293696
3226665009,4326978034,1172811432,630905111,160329467
3088197882,4107617221,1117308353,602161476,159075492
3160392822,4139610821,1118477688,594637592,170774736
2902110319,3742865836,1008673882,532727664,153887133
3206693928,4272749195,1162220615,627154925,162127150
3342194519,4334215426,1177233847,630229262,176130021
3244595440,4126644866,1119484204,591621568,156099400
3343373169,4553793010,1239958673,653367570,148967331
3341402256,4379289973,1200157513,625127540,147603280
3297308807,4169394668,1134972228,587419108,149483181
3256016272,4205389016,1141041771,583461685,132477704
3375078506,4518876184,1239086683,637459783,126616487
3117669724,4164815194,1133391415,577768060,120829499
3327654505,4604906991,1255280398,641502612,115224635
3240123465,4516124925,1218662136,635365776,125603431
3004968286,3840165112,1037485280,543073475,149573577
3373005301,4546605486,1235093271,647910452,139503450
3173872421,4205487937,1143250527,606619151,151268952
3204324051,4114052267,1116597120,586447819,165350047
3408078105,4544538063,1240560597,653412369,159621203
3404597916,4509962475,1226148820,639588796,153322393
2959340294,3703439288,1000116532,512610181,144636339
3138286953,4245257376,1152390609,601080267,131438398
3175243918,4136110070,1120559348,586695797,156552164
3423813519,4441758585,1212638872,632083566,146600677
3349313621,4475894407,1217937542,630586216,133153077
3268563153,4393578909,1195994094,617078280,133752554
3033515817,4021877075,1089706623,570520941,149482582
3315437239,4340161655,1185745785,617229796,150268558
3290602213,4375338259,1190751500,617720339,145479215
3126173856,4188586243,1139346180,593946147,142463084
3297446040,4461368375,1211051122,625372243,146682470
3209771455,4434540999,1212818384,625276758,137460220
3183202063,4395462812,1194529320,618772976,142725087
2975512384,3841437277,1036196219,547932883,157521846
3180632782,4198329818,1142657788,606693433,155870700
3265972871,4380720293,1197145245,629744466,145902207
3394284223,4571410876,1254983577,661763381,156514090
3296368067,4447788367,1207436394,645486131,163387240
3291223700,4443727151,1213578316,633291527,149782305
3325912972,4682757172,1292465337,657453798,131699796
3168522730,4238749117,1153070971,585940392,134026556
2532533460,3309706773,879441635,442790805,103367262
2772945827,3839398671,1032722903,536669021,105574177
3076574865,4134345103,1124220403,598636533,133355909
3359927756,4652177589,1267230063,684518008,152333661
3392044783,4584547129,1250140073,671559739,174410994
3404580122,4655704872,1269788625,671558942,168162563
3343692648,4435144405,1213391087,640826103,176194173
3259559302,4186196728,1137666273,593989031,172270338
2978203061,3636582389,985818290,506030314,161047198
3253549517,4390109694,1183859396,610091353,133630613
3179417347,3903388915,1058944020,537271828,129841869
3323558360,4386276184,1195558384,613268549,115624467
3049665853,4073515666,1101183450,572580036,129723165
3316311416,4520215588,1228137780,645967269,145697650
3310176903,4399713896,1199363216,635385783,156368271
3227151932,4275988966,1159310147,612036582,174419785
3086213593,3998860356,1081716226,563013967,155236093
3232053168,4327712187,1179791761,610925752,143032911
3101860988,4051364502,1099913483,575922549,148312561
3324912249,4436964177,1208649574,631993492,151814518
3441715439,4672982291,1279318557,657038372,136427535
3214072205,4246147535,1160249783,600455669,133414969
2901778150,3912104763,1054781361,548816105,134463683
2671162247,3576003201,974763957,512144465,127880515
2596788828,3529701669,967533727,506949266,117279703
2573396413,3618796799,994754831,517897558,103616762
2313341304,3163775584,865204642,440100533,104559611
1957651107,2764079582,759838566,381261950,73085640
1618730178,2405219935,659030050,322954245,44179532
1175931828,1709771473,471156353,234085728,32564899
945471086,1391444968,386843775,190283087,22770206
918036225,1479782536,416131286,210270945,16075546
779514882,1248658096,346429336,174044777,17015432
689063653,1093491210,307583265,155589263,15001515
580545637,948644594,264491264,136660263,12731429
310133875,516186070,143082326,75284051,10360094
222299252,292679202,82655154,41283016,13695110
180406098,256775480,69890981,34101047,3144464
49253457,65909192,15562478,6562540,2486980
76382217,37001822,8654049,23705940,1508807
94100529,38065380,9080498,28976483,3405380
94206501,36754590,8825360,31687103,2224190
101291155,36015492,8726589,34559385,3400372
63825242,32735844,7543591,19460738,1673905
122545900,38973134,9665194,43547646,1854304
47185528,36907554,8075113,9018305,2801682
50733393,40308062,9114407,5319092,3341088
72157164,70318420,17430380,7969029,9292733
120120460,93793960,26861240,12742306,25119501
118360505,93959762,26967351,12846664,24658762
119643374,90658821,26010848,12251473,25806064
119117249,88406243,25284455,11819420,26115436
119417011,89098600,25473187,11932864,26273173
117018442,86122691,24629440,11527901,25718644
119373631,93463243,26821291,12745882,25282396
120834453,95748912,27455945,13067430,25494335
119161860,93461386,26850709,12767212,25251787
88217639,95560302,24903212,13430200,11421236
104172692,121894625,32475289,19115837,6910058
103358565,112753718,30000991,17690128,8258142
166274081,146078040,34862470,19061486,31006621
94368221,99007008,33552955,16438711,11015929
185027115,152712403,36360158,18005822,36400071
164453668,107830147,25898769,13240934,40461943
101825190,151099340,47503091,18678763,7010415
99206100,141029591,44126613,17462985,8001811
106076581,152045543,47914098,18810249,8366324
109867385,141956701,43970687,17541490,8513047
160792723,167286761,47305290,14497761,20289964
209988119,237881025,73204665,27750286,19748253
147377686,206297106,58436884,30140822,6502485
124895700,266377729,62844882,34671729,4040985
156564438,332796280,70857706,36711949,4152231
239967498,802205417,181938479,123490871,233279
238975367,802398282,182068858,123793902,255789
239411868,813638910,183800782,123829386,289539
239540023,815730986,187135785,130356130,230644
230568381,788779178,180952554,126049082,149642
239653980,822150542,188608327,131381787,159479
237775014,815502736,187082803,130319247,157333
239698553,785519314,181834487,122892880,709644
165732344,510677048,117604200,82177834,1200626
109475063,200159181,44666022,22682300,2841509
204707213,296141129,80738497,43942216,7529704
81184732,102309153,26720630,13241691,4541449
98583435,120920923,31866323,18431203,5682525
87847144,87107678,23198908,13946692,6156002
101703011,105467228,28173511,16410814,7567472
197259918,250624598,54745322,32668148,29637038
237441258,144523905,31843484,14165805,47682184
128351891,101347400,33709030,12286933,14869239
125405226,105557323,34112951,12185337,13385861
236850044,268282770,58864417,33289036,35056614
217836056,120302990,27462264,12167800,42124732
123287480,123593476,31004925,12174904,6802299
102086856,138662559,45220819,24585374,5989051
103141558,147695385,48458811,26345228,5608970
150810268,85406737,26850537,10362139,44518352
133984865,207696954,61384817,23635443,6849837
131461996,195580438,57738373,22312699,7135041
128710298,164749782,47997667,18841756,7422425
141375119,218882530,64246314,24721376,7678630
132555217,190374018,56083502,21753856,7181362
155249640,190478826,49229558,21081958,19362160
215425447,222795759,69709394,20872482,17856859
128006996,381270213,57924251,17523460,2608878
228718049,773843433,109028950,36000037,1432815
100674088,210079063,59795297,20697410,4911931
173967433,363695431,101269283,47526454,7274110
178007749,429433899,95478194,43088507,1968076
232474407,489738221,124172674,41794063,1545156
239643086,410774267,94821969,17428733,1960176
239298806,378946201,82594431,12792435,2301817
240346925,364728631,76879550,10568972,2579083
239928832,356895629,73886767,9621293,2750025
239513340,347193606,71316941,9035516,2804316
239175644,341798441,70038015,8880910,2926139
230723947,426207330,89482848,35895679,2275006
221130574,657717462,146096355,102627983,211802
176810596,501912356,126296396,76960796,730167
228305512,670340821,189550793,103994112,372493
228728415,674366800,191323607,104923361,367233
228509682,673775778,191154013,104830455,365017
182216641,510558401,134075832,67154103,818560
234700604,777562509,187065325,88009298,79110
154564345,435096370,105494269,50874512,1796073
92548649,108039982,28816684,16915970,6151571
93223924,97745514,25938913,15335918,7349265
113003228,110517474,28727042,16029317,13198647
225753230,253637312,55275730,31366452,38257156
206798820,129024182,30974853,13356937,38933164
102629775,103054628,34522039,12891074,6544356
163167091,233962506,56117079,31254062,17701894
223180077,149937616,33403797,14135173,38240479
164258062,81822408,20758646,8760814,32682559
132233261,153881938,41489339,17866186,6078389
98271470,137734473,44955454,24485465,6109939
117767162,126856968,41679505,21514356,16833386
127346051,99155739,30228511,12042862,32260162
128463722,211295982,62526398,24029730,6658854
126973975,197512131,58176774,22535500,7053480
125938440,184144662,53739997,20905474,7126521
130376663,199994662,58662284,22718819,7256791
129468409,209641418,61980190,23816674,6645609
155655554,170354672,42486639,16544732,18200356
199169918,210096075,67054426,21869734,18271187
119185538,389941662,55194692,16074129,972303
217637787,735822880,103659642,34210816,905073
89295955,198272889,42671778,15869412,4734782
155726397,329512665,103016668,42317808,6452138
178904357,429729917,97647677,47358371,2609501
231046372,521615860,129368000,46702653,1399723
239528992,412575945,96112930,18065463,1811296
239834606,381467025,83989521,13387675,2161896
239388909,365120724,77235333,10748290,2500036
239922164,355684353,73798558,9615648,2651010
239005827,348428882,71674691,9141244,2701282
239012581,342387192,70143769,8871159,2775203
223547523,348003632,71457100,16941602,2880680
217668290,646052592,143228136,100671991,399485
181348028,518458847,123054022,80016039,723803
228183918,666522580,187592817,102981159,269410
228286294,672972179,190939308,104712828,320118
228331724,672780580,190859168,104668395,376281
186761941,520667907,142101410,74200157,891618
234516947,765021858,184200587,86338707,76589
168036077,535358175,128776000,60555306,619005
96986329,117267909,31094420,18188919,5620664
92083690,99741648,26499668,15852985,6720793
104625734,116597229,31071598,18032681,8020833
226458090,256109083,55117021,31892218,37259987
231128855,137040560,32501766,13623728,45985016
107823364,107845839,36111829,13500672,6940058
169329526,240323545,58068342,32033336,17982197
238115395,157324350,35416058,14841419,41321247
155249822,76316587,19357036,8369186,29909515
142511838,178110010,49715136,22351450,6099489
102449302,144123697,47064852,25653621,6277279
153877086,114857450,37963435,17606422,42730926
109879369,146401655,43189642,17717668,7331817
140732615,234236177,69328937,26587460,7463476
125843442,178215982,52228002,20461466,7972022
141949152,220730929,64571089,24934134,7819965
133325988,197794209,58145791,22602118,7715878
138486303,199159565,53702218,23394498,14356258
216931877,200020255,56735642,13223737,22079334
126854454,294481399,60332976,22660424,3905651
228111411,775574335,107981569,33840947,821274
109413428,289644099,46348993,17079554,3502481
232479630,475928412,142881667,61372087,5585616
158474919,392165885,102984423,40589130,2803181
13829529,14617719,3845753,2314220,872423
3655892,2406062,622081,399097,436546
5483786,3399158,859432,582300,562794
12995024,12770576,2908354,1457113,955313
52136810,77692362,17206025,8485606,2593049
53851533,82864826,18363156,8982495,2520748
49358371,73889555,16141347,7531822,2306754
53170688,118978734,26688856,8130562,1302052
35873465,46044209,10095201,4442945,1819956
52950921,81952251,18215140,8815453,2545463
64566668,98327639,23177426,11449014,2502282
195692627,283119862,76097855,35920898,3165103
690184144,1140199857,303575457,156365282,12944081
1665337166,2481975856,671764215,322229294,22294366
1577758380,2358332883,650521917,315198166,20074318
1185509001,1706035469,468070122,225027194,15056907
662895892,1088391201,304137407,141997942,7125313
306636496,525594993,145850019,67067932,3395400
62787736,91301599,22424848,10756754,1452419
36502954,48175538,11343456,5774662,2227750
83037586,128889956,30510421,14341178,2562631
138080342,231755625,53736732,29203360,11155592
69395190,125637171,28290294,11720833,2957233
64117599,110858087,24968570,11469845,2806540
89441199,226261168,52344630,16128589,2061287
61502714,104598539,23604191,10944936,2658653
48664976,70161867,15754699,7445848,2305586
129116238,204382776,49011133,21932010,3281844
151582858,371459434,87282889,24599924,5561774
122837208,359710505,84652930,23372460,2233599
52827070,81833776,18528712,9242340,2655600
50806759,76151955,17249707,8329180,2467326
72051915,165590967,38198553,13425403,2095343
141890639,440770358,104032566,28300547,1196495
101705982,288881694,67275881,19767607,1718882
64382360,121420178,28546421,13517326,2626780
215094015,387643585,103821574,57255902,12230270
45489237,58127062,13455510,5950462,6564288
53325513,81755611,18180506,9064616,2535675
53795818,82607691,18276638,8993426,2604975
57870910,92529426,20050466,9785256,2544404
82419033,199984693,45752594,14515005,2070103
70645960,154279435,34950387,12883447,2071009
55551435,87283367,19020037,8932886,2578139
53092204,81331534,17597468,8486423,2282603
79662383,124804834,24957977,12703633,2721201
493512098,739622546,189520803,95726074,13685508
994261501,1466305031,385448523,193983581,19204683
1531842686,2351889818,632323621,299002924,24183028
853357481,1277160635,342527613,164509762,12523390
2600520728,3958369439,1035204775,527821838,57618418
2589670820,3733031273,997039573,486317424,54735223
1576446685,2376379893,638728716,306515802,28186387
1635602528,2362636206,643156434,315662130,24959464
1514876064,2227220648,608045855,291638908,20810231
1125804878,1712375032,468000449,226863964,16234747
881006300,1334461716,365015216,178294703,12212049
690653178,1151154465,317839120,146447224,8448798
683845442,1062054569,290949801,140235273,7830837
413230021,647034622,174598523,81334710,4857042
375007123,571820061,151656607,73712403,7744309
425331399,650512656,177968520,89262696,9645035
428374891,615168810,169752085,86011058,11172313
427146093,595316052,163503005,83328131,13808015
435588212,618086237,169076664,88732196,14843429
328706772,524611918,147429784,70827185,9364324
248568036,421171415,115927094,50003727,4346489
223608232,346337842,94728061,43683975,4301473
178966600,359656699,89932524,46839945,3266856
127386868,235979513,63726070,31260278,6498089
751972854,1270978488,296339856,145279310,19068519
2830742106,3990027607,1064470668,562130826,99269288
3100657690,4213205251,1142211980,614770983,120572214
2866852792,3878894395,1044001054,567686442,131107054
3163213915,4261693746,1147761701,618450067,150194002
2874696638,3591029083,962335068,495351113,136091693
2645141416,3335219396,887540572,459127356,118833119
2897896586,3727593386,1004394171,531447269,121369445
3354680152,4381630744,1186678553,634175934,131572812
3085547587,3986611889,1079650553,563495294,127575495
3067040114,3876291296,1043782652,547130810,127184439
3243328353,4220434475,1137374254,598328702,127763319
3270460318,4151941584,1122067085,579893548,128420132
3010561762,3882681694,1051382693,539144530,114875349
2968867783,3714348221,1000747462,511346088,113719031
3100317286,3968266232,1077556133,560325680,110650991
3150215334,4176888427,1126838367,593085725,120814576
3175177133,4190431280,1133931713,596035885,125735072
3103094324,3895368010,1054163879,538118556,122193392
2998367253,3891031256,1055610682,534990852,97718481
2909521142,3805214308,1028816025,524258128,104052176
2885587221,3917714966,1062377250,549841303,102694340
3162642182,4400710316,1191212067,629126563,118184178
3158328068,4089791442,1108657174,586062366,133652397
3082586715,4055474756,1097800926,575936109,122049367
2406741696,2722157635,733249109,375899159,122101013
2848662575,3578743470,964669361,491696560,116970014
3013058640,3913891118,1060236579,547210860,111561788
3249348655,4326992461,1179682852,622146080,118845534
3167463574,4156995890,1125266123,587224640,127256723
3081979216,4158537561,1128632689,598416991,127933533
3025167504,4061125521,1108032596,583268086,131775532
3334057187,4244447838,1151495936,592031681,122307019
2656406311,3363200968,900339340,456451755,103744168
2936431945,4068020043,1096777847,567704060,111242198
3197530975,4360613989,1152395180,579958107,112225694
3077456874,4040454712,1099526756,564815326,102253564
3225039832,4334310331,1178761434,613067716,113419038
3046134862,3930327138,1066312196,548577637,119050107
2712529870,3668728893,980302836,508762917,112368573
3053667837,4017436053,1086530971,575543017,126020352
3296146191,4449581801,1203801785,639837793,136390039
2961057035,3932473799,1055815500,556235579,124581606
2723491660,3760663258,994996763,522737699,114533686
3063683757,4096542203,1089720830,562468941,124811822
2822047569,3679189889,991441856,519759247,117249387
3225302428,4240974871,1150084842,609496820,131536757
3044487492,3987893971,1074931341,570550881,133006809
3156364947,4160820932,1120379236,579654536,120868405
2933107488,3963930528,1074111311,558425178,111702855
3060222063,4029635981,1090107261,561243526,122884259
3051942310,4074170899,1097927875,575940385,119445559
3196224666,4223072794,1141479626,606142766,131674279
3312402724,4333886889,1171600720,621175825,134934759
3386195335,4457023056,1216646060,625683187,121920190
2868369838,3703670924,996983841,499702726,99653930
2905710993,3767786445,1019385597,521108910,103795127
3247287019,4354058156,1183787092,613552758,114038871
3142384244,4053719594,1100264809,569269499,114906820
2823738324,3664238714,986513098,520557389,122656129
2976078070,3991375466,1075770737,572590358,132920951
2963214147,3865804925,1043746441,544097995,125118221
2677128293,3560944987,950119803,500460520,116670368
3155826823,4203958230,1140675039,600742916,122323205
2868542292,3748218607,1010441034,531327748,122673734
2934477922,3989461800,1075473375,569049393,126653646
2853978968,3764034711,1010798910,527675983,121677676
2810604428,3799148924,1019699080,537558139,117481426
2778035734,3757863399,1006101123,537711531,123556495
3154067126,4165492604,1124038777,603126825,149702334
3128640288,3916188761,1055048683,554413756,148891018
2992440716,3771842228,1013922834,526085617,121041300
2958177095,3689681941,995787278,511051656,116647241
3218031441,4221370457,1139125424,583931937,112033156
3019765254,3931888919,1061608920,545203345,108839862
3304656436,4397257114,1194114382,624254566,123487844
3316030666,4424673248,1199411337,629314832,126049828
3352954430,4409937644,1198456552,624309399,132241461
3276336252,4153601872,1132521317,583072411,128759440
3197868139,4181111161,1131497810,569878509,105660737
3300393509,4440602233,1212162515,621218130,106222948
3158224648,4209214621,1140121292,583796528,106329588
3178711643,4161339650,1127356566,586397916,117847273
3045392597,3961653119,1070061384,555714045,126695008
3146012141,4109090324,1114259191,584312530,128096498
3095957266,4092121991,1103887546,580754615,125512621
2945888312,3825548462,1030226178,540949787,129151003
3253464848,4388728825,1187593809,628929103,135749377
3159602454,4106824550,1108125156,589691186,134922634
3078496100,4015234203,1074287633,567734202,139938315
3228688482,4198784640,1141963071,602281449,132666256
3178190658,4357729736,1169367182,617757349,126394167
3384412117,4408195158,1181213198,624059070,139673146
3309496459,4059252038,1102202707,570618886,128951777
3320052294,4174369866,1131012232,576906425,113846188
3287982615,4158584259,1130276323,578724165,115191615
3417110337,4471312946,1213828315,624509264,111622027
3271754996,4185695126,1140459558,577811145,114060359
3192124853,4125897336,1124685932,570010105,109473225
3170616296,4074874074,1106856987,554582655,106497863
3008008986,3912906978,1060528588,544484552,111014843
3331944264,4448027359,1212784732,628261562,120168126
3417715138,4478804563,1222004878,627204672,112194595
3259475620,4280705761,1162710084,592679655,112132389
2863043277,3717841865,1003349602,510835309,113444406
3184003124,4156773560,1125832352,582861171,117326635
3139678767,4027440873,1090206677,559319115,114543866
2862411504,3794903808,1021820962,521923173,105357738
3128276948,4244198150,1150626081,601969657,116147757
3138147290,4115297484,1111494513,588692354,136172573
3143661534,4090806798,1108845832,584769732,134051630
3262185994,4214260951,1138880435,601739686,137975386
3224665584,4125035884,1117557808,587615854,136762832
2895778510,3746190957,1007909560,522846370,121530384
2967841986,3852044108,1042247701,541817989,116782891
3147577520,4112885053,1116395013,581801536,125622134
3170724703,4223746937,1147454846,599386039,121700167
3035792035,3953879584,1072112089,559319840,119930119
2894005947,3751538897,1007737141,522525580,122530463
2783484213,3960650141,1063118455,573884591,117082640
3222984126,4237314545,1147055477,613027012,142298036
3271558596,4144655835,1120271222,588340537,130647677
3266188041,4313423637,1169989658,616861724,130832181
3096118877,3949974879,1066046474,564014100,143545565
3062426962,3872472458,1045064691,552317468,140494639
3245519588,4175251797,1131886969,600821647,139596955
3142186142,4060364955,1095849278,569966492,130484851
3129218799,4089386152,1114662975,573002949,107680001
2939978550,3984807309,1079356534,563480343,108931805
2989067255,4004661505,1079573958,570272983,123923658
3291678893,4376260574,1183849228,634052890,140364340
3241265429,4180482945,1133159259,603191186,140329439
3058915806,3844480462,1034745764,537444916,140375267
2560416356,3208436122,855315531,440873798,115672878
3223169646,4209289947,1142372920,601092843,120617111
2985248970,3837130874,1036857744,547137291,124933184
3166074830,4290715671,1160622204,617312113,126518905
3243295367,4408326455,1193295711,636930839,140995578
3051178629,3934457428,1061260778,550669348,128820530
2856991092,3628928343,976095348,501845778,118336342
3039117347,3988832587,1080800215,563369286,115131588
2842028401,3795919465,1019458290,539860211,123994705
2932769746,3908819516,1053518828,565798139,130238269
2977052859,4025546571,1082670086,583334960,133894723
3251225725,4289652658,1159227249,625271033,147338186
3246009213,4143054894,1123088173,592973373,140257511
3206355517,4224071661,1143022063,594830639,124573360
3063977503,3796876455,1026566584,524081375,117780378
2991662708,3873413989,1046046074,538182493,112613101
3009806971,3936345455,1064275032,561179382,118129349
3374923682,4505208718,1225130138,644953548,125056336
3305013169,4315736556,1174902353,619915109,128251986
2920861915,3807494609,1022620980,536799194,135121181
3016238286,3796870533,1021569807,528969449,129667287
3017161643,3944582022,1067608536,547659729,106837852
2962451693,3946787544,1067360868,567907935,120433271
3026847849,4050757350,1090622633,587042705,142775123
3127515072,4164828895,1123664839,599724023,131386927
3079972089,4015448133,1082586933,571719805,134435785
3163295807,4282033621,1161746021,621630387,140300449
3231245802,4236414863,1147933765,610715932,138411586
3433338284,4437121509,1206332602,631228267,137260351
3200770151,4103008563,1111963852,572394525,118496251
3035849725,3975007059,1075197529,547332088,118303636
3289036317,4384214667,1193674109,603495528,101637968
2906808759,3774490940,1018253278,523406383,111055069
3070280341,4148855855,1121309035,584654481,113858153
3085664271,4109400772,1113936989,579510537,113621112
2971344608,4001718748,1082292466,567539872,123203055
3266083304,4290028067,1162495819,618789906,140233156
3273555625,4184201384,1133416752,584975375,124727251
3476626895,4556737718,1244962346,643042940,115090803
3104742446,3969898286,1077707405,543946122,111987021
2940771167,3872768681,1045371008,535550993,115935471
3004036140,4022362758,1086458052,570240613,117709476
3047750397,4024525979,1089332435,582939547,130043226
3197355324,4222118651,1141985052,606915483,134100827
3165363899,4151125379,1126399531,589092543,128625842
2850184966,3730687245,1002805292,514881308,115736604
2729692600,3643580436,978601218,507345406,111400906
3004528172,4084110685,1098700176,586282713,123464049
3233220670,4430339467,1197397930,640553208,134676126
3189502574,4301294077,1163296072,630665573,147277018
3366506978,4435344433,1197147820,637286830,152632186
2936119704,3655845071,984426573,501606931,126607407
2574051052,3344049876,893473488,459598399,105077460
3009752792,4041974763,1092536070,575428760,114507574
2975318617,3954319726,1069161458,564889034,120665767
3298209058,4459990843,1212053449,652472564,138829550
3333812867,4450627332,1204461565,634801885,135837664
3156281024,4182617585,1134150241,587844257,127529848
2918256391,3735010971,1009638444,522659205,120295156
3096980086,3999394199,1080728736,567948210,125482484
3124964053,4149949017,1121944061,587849822,121053248
3216827286,4203509266,1144999852,598299396,136677758
2677543624,3450905433,925738019,481668529,112833438
3279838767,4411212621,1199687172,638171735,131241053
3061586226,3965447094,1072468394,556584451,120419818
3136551079,4172835957,1129466078,600392755,128470776
3035223965,3903330804,1051687062,549814287,132657181
3229831370,4333293290,1169857185,617390319,127714858
3248377889,4195822214,1139431089,595371177,132004535
2945402754,3792829796,1020040608,534357209,126371748
3064795060,3998828842,1079968258,563094506,124234744
3182583371,4084713382,1107646807,571158386,120861469
3029462003,4033591286,1087002662,569427368,118135613
3246552445,4292008448,1163560526,613031174,125685968
2992486602,3955869542,1064435767,567145709,131903863
3237899306,4181585676,1132860686,599140040,146198594
3291132993,4142642775,1119798874,577422297,130937660
2984467442,3789962275,1034188702,532282828,113225274
2983958877,4013866260,1081474976,566569591,118845398
3171771668,4172477432,1127028628,594335467,130831971
3194421092,4215624209,1142159652,599663518,125676030
3081604334,4233117713,1147561633,596768100,118517240
2884062440,3811071164,1021756287,532284505,132115325
2929526973,3684889718,991979902,522237515,126627810
3198016346,4096395023,1115340015,579215334,121649513
3011980176,4216414869,1142538337,590617750,106589175
3003215330,4089640488,1093418507,566992369,115908742
3002717592,3839763292,1040589054,524266628,102330913
2634536546,3417762378,919970580,475524839,95447024
3035750068,4028070321,1094300069,581456732,120766526
3166301589,4246558549,1152979226,614697024,131413610
2942082152,3728620323,1008786220,526257431,128511200
2997394794,3803857553,1025008185,524814969,122051110
2875179631,3733713718,1011090588,520197607,111889739
2819380888,3645633652,978463512,504112609,111567347
2927767595,3818080525,1036056505,546966299,124712305
2995004414,3953368762,1066948343,566470010,126202256
2858058384,3700890782,999473242,528439629,128168857
3144967496,4224728417,1142253384,598789340,118673600
2770588033,3562305941,956752383,493124272,116851564
3055872151,4115479428,1116498345,592549014,123725255
2798362957,3689579426,987068448,519315731,124112635
2997050122,4016037481,1084576817,575993831,133194206
2942217987,3864380171,1039450425,556119181,137698387
3193617032,4125560435,1106234082,586307751,140046221
2892458234,3625050315,976592436,510672692,124454081
2829064822,3455149690,927427030,477324439,127137692
2933093988,3768032218,1016335219,527019242,114536548
2969790530,3855479355,1043987073,549769145,120393633
3067155429,4043652569,1095520217,576862634,129652784
3088163638,4032235294,1084243509,564361887,128621263
2970494062,3764490572,1018227879,511315226,101230764
2843904386,3752997570,1020107888,525062348,98257604
2671288210,3515156141,942374145,492229561,110308578
2614983926,3408018746,902347253,459986051,110589625
2770841658,3607956465,970020939,509153263,112145720
2984666653,4013023763,1079002807,563668750,114393933
2943118238,3825720971,1036470947,541466942,122806946
2991933960,3801187321,1026165532,523338957,118552778
2682726550,3510986564,943875214,488063060,108707744
3059167074,4068388924,1105515715,581769115,122070699
2913933899,3736371927,1006018814,520427997,121445881
2798550234,3631081717,981741663,504967084,109267715
2749234759,3722777967,1002477091,529314010,113838136
3022295387,3984855587,1069775172,566385436,129038684
2986935834,3828891002,1037438695,547978835,125434937
2926987884,3779445589,1018605839,530949377,124075031
2870567262,3736235660,1004713046,518975758,115280719
3194974789,4332480347,1174854648,615636858,116069126
3235451083,4071432077,1107431157,578548095,131089804
3288773931,4292506731,1164811642,601793740,123576635
3155601566,4107653837,1112893595,571553317,116952487
3019573653,3968231578,1067103818,546723160,113519058
3199493010,4284056311,1165007026,610245893,121668801
3057554078,3973021265,1073015307,558399258,128372390
3129380902,4063590265,1097825583,569173551,125873962
3187935350,4267893636,1158672051,606171804,123821521
3098611383,4122469081,1116893973,590317652,133825267
3127747653,4114169525,1113609497,584499992,135851927
2878150895,3634975043,976969987,501141835,125915008
3233746219,4294666811,1168283255,605096073,123307153
2682852998,3490601253,936201877,488300021,110477518
3085110037,4190833571,1131910546,603078872,132074382
3186529741,4195032010,1137562230,598870740,140141080
2901604105,3877397911,1045107200,539709534,118641292
3006417271,4130064821,1117512766,597435233,127354657
3028862802,4044178063,1089664878,584771442,138935379
3068949401,4203356471,1131255921,607228361,137249918
2957725656,3796214656,1025814745,551198972,146807491
3234559809,4262876154,1151867845,614800274,149994507
2956239649,3737418546,1004553825,525350335,137010245
3106930136,4048995405,1092970909,569689360,120163204
3321189596,4456555564,1209425427,625844620,120072413
2891389664,3677242230,991567759,517335227,124898704
3151081253,4100495068,1106927563,584088294,131596470
3093053857,4014729260,1080022144,572703239,138897413
3260776269,4141037741,1117517822,573542709,135080587
3125589390,3997394816,1086229006,544506488,93708395
2547130789,3403100286,905064479,452067247,90985760
2763026793,3646727515,976586635,507755158,110261365
3136721147,4190547448,1139755535,605518129,119935782
3211226710,4235305462,1148254588,605798658,134404591
3083763498,4120622418,1113604604,593518829,131667326
3117456780,4127897096,1114371957,587532537,137218387
3074861210,3943921898,1068756642,554515915,126539416
2976883133,3902387174,1050771676,539714919,116096954
2848918720,3691249612,993136645,520324870,124026395
3346584875,4368046276,1190528755,629728423,135145024
3352874667,4448868996,1213764601,644295738,133107393
3180602130,3928939974,1058946128,543498108,136189599
3131269323,4140824694,1117966507,573093752,114717870
2994176177,3906680880,1053897779,549180956,118179418
3149165980,4183723278,1136689773,603627807,129006396
3251699161,4243500591,1150336644,591987739,120838972
2747060370,3612419529,970434931,504045001,119117067
3022357893,3912598932,1059884672,554053944,119423432
3264062269,4380407652,1192080937,628848189,122362333
3118296132,4106000198,1113569279,591600484,132902939
3199807867,4245898849,1146116234,607455239,140025377
3321319038,4260229778,1153834679,597807533,132079350
2936350898,3866637392,1032061721,531820372,117554308
3118890185,4095164339,1111690310,580228923,121713942
3143611838,4161653015,1128096802,594101030,123808749
2992195609,3927321102,1051602803,547707377,123419739
2858333769,3793130704,1003573165,529788654,127232275
3206318110,4028254240,1092406086,572663812,129831917
3247702668,4313065171,1167411668,609244702,122600934
3287710174,4275988050,1157309573,601176574,126336038
2986592181,3852316662,1039521279,534207449,124609072
3138027191,4178348248,1133748280,591527038,117265199
3226882705,4217921713,1145434840,600685564,134343660
3136633812,4184752770,1131677443,587385490,113899741
2948770900,3891148622,1047114596,548688208,123698814
3265530183,4333391896,1178414839,620718906,134244519
3339488054,4316071987,1175637457,612166654,124404854
3094288774,3966625790,1073350910,553257143,117940341
3197263921,4191106847,1134379333,585183201,123414612
3088112127,4010563311,1084174748,562010257,117003550
3274371200,4420916036,1204188787,622248672,113275927
3274036111,4378632686,1191454019,619280307,126928185
3114473118,4034074473,1096605735,566825841,125944325
2919737343,3802826022,1022192643,526198412,116423202
3180343394,4147137827,1128228530,576274040,105225288
2868807146,3925763073,1064185104,556386262,103168447
3130836501,4288935318,1156524556,607982729,122749327
3268574966,4334836744,1168280558,614181205,139508239
2944119914,3841722796,1041960812,548719047,125116595
3145071173,4221773211,1143257657,601403544,131014921
3101079668,3904944724,1056729946,546693821,126909845
3063138296,4027676930,1087015561,565998502,116826930
3190795295,4213869444,1134597850,593473648,128589960
3175505603,4134078279,1121860121,587981007,128958489
3338390280,4493996532,1220508768,646350668,140777293
3282439904,4299548241,1164380960,608931272,138927111
3027041007,3842243128,1038751909,527810623,124550781
2842068473,3692348948,1005038924,510508658,109648941
2840939279,3802321866,1026032018,525752398,105256434
3055071860,4141935413,1116773202,590253172,120894460
3170282785,4211249212,1137152726,596487775,130230925
3104897364,4198736424,1126148153,587486985,109834493
3054760403,3884532984,1051944219,547734158,136155563
3006151276,3916944251,1060316117,550320112,121820754
2727939504,3488717791,934868521,489831159,120045420
3070665995,4005735038,1083888970,564410189,118694126
3122488360,4129177277,1120671806,599924842,135124602
3350911433,4426256539,1199951110,636722602,150060693
3283326617,4402466649,1191317799,612801145,130611281
2899882537,3750686775,1013778745,508985076,107980830
3227219235,4346718202,1179964875,594189068,105540397
2871929852,3847801883,1024574801,521253579,122072704
2975379623,4000932346,1076155413,573883361,128766580
3283439639,4255631641,1153569548,619225892,149367195
3236600450,4149288418,1123777758,594886002,146781059
3183521676,4111046447,1119057699,577712635,121926576
2838209986,3754059056,1001002658,526740866,124236174
3224810535,4218733213,1137999264,602766492,141336604
3285762100,4169964138,1133437510,591416467,129310347
3130279532,3956385441,1068712526,545557707,121991592
3001401435,3818198136,1033290341,527815174,110972419
3141577081,4221892837,1140382333,590541705,108625256
3113272788,4068030127,1103820677,573847944,117991918
3225024266,4183420268,1138144149,585552564,113335268
3296350760,4174518863,1133743356,574886068,112791645
3262559230,4226814005,1156503424,590581441,103837291
3375425044,4452194197,1212912199,620938461,108252239
3067279310,4025507793,1090485363,554386242,106019120
3181159288,4297567686,1169481881,606931178,111217515
2972957713,3865613565,1034734344,537350399,124178023
3235473591,4199735600,1141578203,588650927,123159448
3179586906,4073242617,1109036207,572187931,121701323
2987854574,3900677337,1046726344,537835829,115410652
2975545486,3827642817,1029303085,532434217,122556226
3244301297,4204502828,1140642062,588735717,121764451
2937833400,3842031633,1039033800,528422369,109734899
2993496090,4002198201,1084859104,569632327,113616719
3225524927,4278270491,1160285480,613295400,136470357
3289578794,4402981026,1192601949,624024013,129800402
3172162172,4146993915,1128323590,596707936,138076006
3365238547,4345938724,1177733201,613622420,134233001
3288330354,4349693547,1169557902,607105955,123615880
3112952851,3848466677,1039793759,531688108,128266526
3254256538,4131320147,1124508502,579871151,121878335
3273393466,4266643227,1159344868,596592943,123963896
2900451843,3801833702,1031014763,532120131,115378909
3213354532,4315518402,1168105467,602029726,121103544
3118658334,4075976817,1099994034,575583215,130863279
3117360962,4025701813,1088862774,563963727,133262781
3143066546,4022209637,1089427955,566718821,135289406
2993835645,3929401446,1058960081,557520479,128797926
3204350995,4251197064,1139258902,593146391,123340284
2732409413,3679193071,980387262,512275171,107210941
3243779484,4380566667,1177396778,621610349,133133899
3311359622,4375587535,1187833560,627368258,142277381
3284903463,4336266665,1180549112,617516783,135867180
3291131984,4249976851,1152854762,596558217,124857811
3324175588,4198352996,1137532855,579123200,125810456
3126680973,4181936481,1137274846,578727256,108447303
2953834237,3934506597,1056468831,543668873,121856892
2967546769,3994275658,1079310351,568202778,126250891
3099020488,4233538451,1144080955,606604073,128787918
3303773362,4623129817,1245413061,667725471,135760269
3279251467,4403962659,1193218889,630573503,145541589
3454618794,4526119542,1227484087,649252521,138600627
3364795965,4186294998,1139678802,585960004,136769839
3216298119,3955518114,1080884022,527018621,105431979
2963088618,3869010010,1045325292,513202758,85577142
3043515675,4044685421,1093179786,564203957,108171633
3128700828,4118401630,1117959414,584710119,128551797
3017158698,4051243737,1095947126,585071035,133238896
3365772748,4406701281,1191621564,637001168,151212112
3302246187,4110658368,1113218985,582122832,137401268
3191540100,4048677118,1094282719,565611308,131665382
3139118735,3948225275,1066864854,544789586,124345733
3031486697,3967174716,1073879645,560091757,112623339
3034057126,3934910330,1066209536,556872055,122430537
3126474955,3955586092,1072466718,558729814,132315965
3224120749,4161793846,1123848234,577764630,118239058
3234322740,4160101028,1136494886,580190664,106605918
3201956850,4222304340,1148625644,586414415,117956238
3129990368,4188870145,1136533559,583105002,109503136
3052883415,3961898962,1070628654,554315626,116886617
3092188440,3988104987,1078985861,552362008,116346095
3018254561,4020186731,1089395958,562555227,111340858
2964727347,3885177535,1046078052,543247079,124212343
3101129307,4123561868,1112363093,593067660,132578684
3173732805,4234392742,1140737903,611574272,144834048
3300824938,4333934311,1173395652,628966217,148718165
3369010710,4327085275,1176357340,623225768,144571841
3216518568,3951797609,1067241696,555358351,148875920
3438938698,4321946001,1175803120,585581989,114276055
3174515859,4113335589,1120759163,553031087,90092451
2920667668,3822894054,1038487015,526318812,97590089
3019032183,4025842762,1089299629,566032654,115632667
2874259092,3768683027,1017797807,530459307,120541497
3055931758,4098302161,1109803337,590210896,129472228
3292707550,4445879921,1214687873,650335618,137743154
3199227318,4264386695,1152034457,607344167,140960319
3012295789,4022833342,1077518961,574236165,143042430
3057637822,3901967090,1043906867,551129722,151279549
3146405242,3956890022,1066729904,557489129,137223452
2910682207,3665941110,991168121,515796548,129548335
2904080968,3836086689,1029836239,542170349,124354933
3124068569,4039913674,1091804077,578655062,140917726
2994806515,3846043912,1037334543,552739770,138349451
3204978106,4262838904,1141854077,604861933,136995552
3062221632,3943165714,1066824461,560753974,134775605
3293894474,4209057040,1141252340,605272341,145004640
3326204782,4246728414,1152611772,595320096,140844123
2959830095,3677581466,992369265,508377426,117865623
2963471347,3865866837,1041139886,533090041,115723045
3101699638,4017304316,1086991200,561519925,119803164
3352826874,4453903120,1216218338,630235450,120754726
3342792042,4563565688,1245723449,643265109,120030920
2885224472,3792075249,1020121021,525007633,117087385
3009397910,4041316378,1087395555,576273385,128362495
3184212761,4354106236,1164018165,620660546,133003537
3220701856,4331820698,1171672305,618695728,144938437
2920542552,3738442030,1003275809,519512773,134065468
3210396278,4168911121,1126720554,592514955,133843834
3208292335,4121770279,1118867252,589668671,135041451
3143903556,4057494551,1091705030,569111227,133913000
3317684615,4386778923,1188627666,627262959,143561514
3153915149,4026946700,1088516029,566902593,135012320
3298518882,4275670578,1160241586,606014342,130954764
3291697641,4141358134,1126566552,588190160,136750393
3124810628,4087221896,1106104056,571724621,133568551
3044151421,3841502908,1035695613,538432162,139287322
3272903296,4213773207,1152126276,599809526,127792753
3294057788,4223946010,1146925416,598031862,130090520
3033537451,3891432553,1047475016,544193906,129552574
3016370947,3894546270,1051217728,550673203,131479583
3155548796,4064872387,1101771836,576459746,137270079
2955950151,3891984466,1051457925,552443143,123911595
3367224519,4487943686,1218227949,642625594,136714697
3307559671,4307385485,1171039105,607569531,129177234
2643147498,3519441214,940221790,486038320,113942753
2807805237,3742012026,1005023989,530417158,129018822
3240609357,4324133387,1175275021,627947619,134323450
3183903352,4205659838,1137710026,614977626,143402092
3279275437,4396698583,1190320714,633009371,150959970
3028411036,3767174011,1012485996,524672846,139801644
2892875593,3754729014,1004812950,525217579,124252734
3237980083,4182811644,1135085892,599401732,127575788
3164629365,4097760171,1105254909,580386889,130066257
3309236208,4366952632,1186913842,633127259,137292628
3270575159,4159260470,1122706944,583558756,139161165
3189010210,4123099809,1122775611,573153810,117598252
2888704652,3866576433,1044171705,531796010,107855255
2853577034,3793886386,1021372682,530460530,117692478
3126674533,4151992840,1125476501,594852620,128374640
2959339381,3936618503,1059544615,562777752,131109279
3047735794,4014328549,1083639568,578023995,142262453
3109735909,4124629382,1115698654,594251597,142114838
3210035575,4246413889,1142356463,604312407,137906845
2867939720,3764873067,1013817278,536610397,134517799
3031606010,4005614574,1077451759,575459187,137985398
3065926104,4002087314,1080039849,570452209,133598638
3231868542,4333523998,1173739007,620263240,140440678
2778430651,3525811098,948457718,501134964,144294185
3056613832,4061720710,1087036978,585525936,140812270
2985257243,3884604714,1045919366,550867027,127905259
2941568926,3881006903,1042595903,556766827,136753444
3177957425,4230090507,1142812179,613729832,143382737
3209061518,4162259615,1130518149,603043699,147140913
2928706334,3755153469,1010800235,532927066,141901892
3135875030,4116109544,1110451444,580107642,135751444
3009712972,3866394630,1039777695,541615638,126986842
3214875397,4230094148,1146435233,606216601,137763744
3240686638,4118238406,1114356924,585961554,141302394
3054645569,4093288507,1107746473,576852724,121103042
3088181586,4038883137,1088316251,578723334,137738924
3118024968,3947549014,1070856919,559476567,144112173
2976978721,3977628440,1070246619,561085855,123790740
2900350626,3800636282,1024177358,541871763,127205604
3031997827,4043437772,1087895587,583851173,141486251
3195501803,4254667098,1148141584,616883916,143489294
2796420411,3564025933,955531415,505334753,138356260
3082456918,4170985349,1125488337,607730911,149415362
3114854324,4055982342,1094348645,586044522,146846672
3165326981,4248550639,1147014606,617739887,148808762
3078802816,3939817436,1061214875,558924989,148823556
2916437385,3781843973,1015691840,527876598,130834010
3252452558,4321523399,1171478133,624385520,137987202
2927424806,3787336948,1020612878,534347102,129348777
3104499518,4132819481,1118588341,595793403,139335975
3199746386,4099089337,1109324594,585281121,146221362
3281889329,4402025254,1194229702,616569174,123735599
2888877519,3823910394,1029196584,543971912,130046376
2789609928,3600572606,964868019,515157005,140625196
3146822466,4152134747,1117410297,599303878,148536898
3097828278,3933674490,1066993975,563174254,140469030
2948989010,3942954672,1059355286,561078988,127496023
3064689501,4056480726,1096293211,590377114,147634880
3367413555,4433872679,1202140566,634334745,144620795
2872798493,3718463903,998242388,525410521,139394107
2992255128,3859462790,1036880119,550019553,141990727
3170506129,4128866367,1112823507,595107752,147901361
3192100134,4062903974,1097710907,581353482,150732171
3140486464,3913025168,1058092503,559257104,145267366
3288895122,4295821780,1167574698,612567965,125999147
3002565062,3850519231,1037340975,534925693,116969805
3196455421,4218669145,1146086383,596435445,119315768
3152994682,3973879291,1081418838,564907824,134862552
3284922169,4405325616,1183580907,612694802,128034174
3340851110,4430960041,1207527088,628096447,124524414
2933547142,3751269882,1009947010,512123424,128284529
3076935846,4123291128,1113671854,577637938,117270542
3277917102,4358154884,1183083926,616562879,131326782
3257749039,4318884407,1173883462,614666465,125888822
3180656238,4164672384,1129118644,593148811,133101830
3403876722,4457710428,1209609139,628075271,135429207
2883206988,3650195663,983624246,508008819,120956374
2912226837,3839286790,1029575131,545744109,132184012
3212828518,4150106189,1123346075,599780439,139749526
3171914265,4027003875,1093297591,581904252,146043833
2997036310,3850218076,1033954078,546142401,149775497
3096438565,3967511062,1070737252,559475490,138635748
3150389317,4148730705,1124108176,591770613,129391331
3144714308,4070500254,1103536387,585105195,146209258
3232215709,4218627473,1140510738,600870960,143643926
3151357055,4124845787,1118674263,588397081,134010919
3107873492,4081776080,1101062718,579582635,136933245
2902141661,3762385476,1013380976,533658294,136516150
3070817556,4042733034,1085002599,571769812,129910317
3205260246,4421189895,1186915247,636182143,131267726
2928848616,4054374810,1065939630,573175498,137039496
3322386435,4527997551,1211228359,662509165,162784019
3272943969,4193350296,1135290237,615349751,166002120
3219031540,3998355287,1075484093,581323977,164676005
3309293657,3986885847,1076688429,566214321,169766290
2992932641,3602382585,967496253,497562009,138751006
3226959115,4233125239,1149753448,596545903,122960052
2944308310,3793080146,1015423689,525618369,125383415
2965111230,3830970659,1033019453,540656667,124973943
3221614708,4253175790,1152206946,611221781,139524089
3282640046,4379845545,1186576802,628923116,136786787
3446860182,4654407025,1266744598,675626375,145335360
3217867658,4064955398,1101616761,576710423,151791529
2995137790,3792276394,1023492930,513561129,121247902
2574546179,3331214075,892476644,459445668,108411917
3124921324,4213650985,1143565671,609987663,130040961
3331956079,4489333903,1219529526,656301235,147465777
3088677689,4059475849,1098042794,586356400,150192481
3340650219,4452793835,1206307473,642503571,150709120
3268850033,4165884870,1126245648,592997684,149039801
3136909452,4043736159,1091275684,557198101,130696680
2787707947,3509524560,942572700,480313494,120407012
3151968889,4157145746,1131182474,592637774,124776119
3027393623,3934886826,1063262174,548538942,120159651
2926849070,3847685812,1036997666,544656351,117890327
3137635760,4285730032,1161980454,615601394,125648988
3304569624,4478600612,1214114010,651161320,139760473
3314960547,4304322103,1170918227,621865714,149158023
3342811420,4418231078,1196331511,629712267,142900765
3372441745,4273386071,1156944264,595727738,137855088
3122361536,4090764314,1092307633,566267489,121437843
3270443297,4183535938,1133392205,581979732,131176279
2914937234,3656136398,981970423,503116967,117110653
3184200574,4055471898,1096780426,563733852,122291907
3106127297,3990543224,1081921426,562312910,122163038
3255154983,4306940418,1168229461,613174030,128939813
3273869152,4328268929,1171299179,617355173,139621090
3289521902,4301417061,1168401944,609787932,137555529
2987944294,3784951965,1019927013,521384751,134246415
3040004754,3855244248,1044041245,536291292,117586101
2974412665,3998489119,1081380456,551815811,103212510
3157693751,4280170038,1164104301,611230433,121572805
3179349824,4248976742,1153760863,608739345,135293147
3185257989,4275294421,1157714484,611840879,135956418
3076618276,4097284212,1107237273,590022861,145249308
3090454889,3987744419,1071638406,561974202,146746682
2767726570,3521163717,944114025,498282309,143674624
3125518989,4261287786,1146698296,600841384,133627814
3248948891,4267293937,1154746483,612905998,135742450
3136707076,4077448322,1099449600,583778480,143455691
3306209702,4334968647,1176133802,622353453,145941143
3168679936,4044390680,1090824580,565127376,139634519
3301633954,4213288862,1146180414,594126982,132344607
3106285380,3947015770,1070983058,546006819,124208142
3174027356,4261614253,1158306332,598271577,125072074
3034503348,3915460394,1058609843,552425223,134480649
3215491226,4289367590,1158630172,607829154,129914022
3349802255,4411696941,1200532163,630334243,137401947
2949609971,3814802746,1025127489,537542364,131062622
3089519880,4083513450,1098337189,589601348,143482089
3393958834,4394427533,1191953271,634247039,160141714
3171991926,4138989741,1117347939,590551643,142325222
2856791578,3647428404,977678198,513093471,144944082
3053409433,3992695680,1074700884,573217981,142218832
3219350251,4127371646,1115989413,583829543,142826781
3248856917,4171033558,1129309979,589614537,135624166
3126021639,4015288958,1084689679,559534154,129434101
3178430025,4191349127,1139556880,595998646,124674270
3464678929,4560095356,1245135236,654112512,132333918
3519008482,4539848456,1239218013,636126181,125281517
3152374902,4056973108,1099065446,558727663,112757063
2936709959,3738200958,1004832944,510395290,118208459
3257819564,4233136480,1152033862,595101543,128264387
2730468443,3567289298,958435859,492803777,110288355
2911048232,3828338004,1026931110,538225643,125429720
3114537171,4218204139,1142765920,613909275,133350974
3326694503,4384363608,1191408751,631272040,141323580
2982525472,3815712861,1032547287,536249168,127982841
3165832215,4149453370,1123546472,590995052,138039488
3144979052,4057215327,1090389859,575180531,137210686
3006157968,3868488314,1044554985,555338819,140788238
3214271665,4194338126,1138050134,612479288,147551429
3246379679,4184555847,1131824043,597490751,150556779
3255755650,4248760422,1152176787,607775041,141563961
2969844028,3732321837,1004960222,528377532,145236783
3101188459,3955147976,1068485352,559754871,144975419
3088926754,3943988739,1065054874,552279667,129709975
3173321959,4144286630,1122208711,580049353,116663369
3069024273,4029019233,1093719482,569062189,124144323
3295146861,4421956006,1204377469,636371336,131680397
3102074319,3997400962,1078264521,565868725,148157571
2947209637,3738855071,1003394412,518428341,127212574
3275522867,4286482525,1164671393,607328136,128369100
3065229355,3957871662,1070000811,560480711,130963786
2801077444,3635935983,976840120,516243058,133156565
3109467736,4084643404,1102382215,591520271,149630009
3331603414,4267002887,1151015286,609505879,148390537
3136186560,3985675720,1082679920,566444167,137236169
3180324521,4006884089,1083780549,556344731,126253107
2880144929,3644877850,985259522,508092212,126206494
3121907255,4119731921,1108942647,580093222,118126510
3316183609,4291144731,1168669082,609294274,129107950
3121431364,4038796800,1096371798,566852546,124657591
3195522492,4350436258,1177990204,619558314,130615594
2848865763,3656586171,979178674,509215819,130746798
2990559606,3990232013,1073190184,573461178,133474398
2989539586,3892000964,1046590311,563541587,149332294
3202179035,4241999505,1156202590,617845563,154570770
3133522635,3982750731,1071803334,561189939,143603028
3311942453,4302127708,1166320696,603898625,124833860
2899564292,3735540236,1004838118,524110850,122200536
3015278679,4035957522,1088023471,579410131,133631535
3058253607,3970043717,1071926685,577288753,152537797
3273080067,4457508309,1199961218,656023458,152739909
3383695336,4182504035,1131146196,611247066,174554821
3330927751,4097233498,1111564978,581956898,141930233
3140020899,3904499018,1050585110,543425257,144985084
3227577259,3888858452,1052029090,540693351,135236489
3239543631,4153002484,1128068465,578091728,116845911
3162998391,4066126843,1107885399,560216563,108865465
3197570292,4204241209,1144188119,588274546,111426517
3407848616,4452375411,1215606561,628530730,117837235
3182480259,4160247294,1129284669,576533334,114653696
3197752443,4222654724,1147510743,596266841,119042690
3166022591,4184408785,1131997544,589614509,132282485
3275124592,4301759185,1169549259,610127890,130849576
3220457202,4211100642,1144338364,597140692,139614028
2796849213,3617022000,969915105,508703919,135722219
3097679702,4139372226,1114242991,590952622,139334962
2933268902,3799054294,1019677552,545983006,146043901
3175108788,4229202947,1144299656,625312799,158285396
3273253942,4266493795,1150634067,615961243,160078413
3055643558,3849998498,1041941091,547831342,145348221
3082696951,4014562185,1075682872,564939844,134234614
3013024011,3811023808,1024029506,543497292,149729858
3229040579,4257028064,1149611576,617069014,149463859
3189050513,4091837183,1106360933,593066920,154063789
3304354622,4244860254,1150414752,617486858,161742161
3136675194,4112317686,1106179275,580426051,150241491
3121411605,3953872462,1062696575,552084435,136412553
2986323414,3767199427,1014118383,529241822,127194948
3272079285,4132848737,1123743421,595280680,139942703
3476082813,4508492032,1225002630,651026041,143431677
3343973008,4328729259,1166166070,615833998,153623840
3288342424,4185595680,1127333495,586764185,142969264
3320495063,4111919587,1114646949,574628766,141313943
3260761015,4094175791,1114108313,568091318,123030514
3182225703,4160928656,1125758093,579017053,120810742
3293466540,4271057030,1157188252,596946638,125443084
2927036094,3912183507,1051325304,546080764,115377321
3366081285,4437924837,1210655816,638443726,132800035
3267858421,4261319963,1155720564,606510507,136273124
3240293264,4247377610,1145187502,595987339,144823143
3010378608,3910528580,1054729339,551678030,137392566
3158021315,4035012343,1090933287,575576223,147670657
3344078237,4404004890,1201424974,630070927,133413209
3207125640,4155645673,1127611855,585580009,129932057
3131116842,4024020451,1091674852,563911144,133592305
3353466944,4522239240,1233016075,636304239,124602239
2930324827,3651080504,985972942,511318514,138827517
3139529565,4145959960,1124763715,583662602,126574014
3179700102,4380408425,1191230193,628080707,125430473
2877650774,3717770933,996544229,524717592,143419077
3031654756,3922354255,1060267136,554354718,129118627
3011003770,3866619577,1044674663,556425773,136960895
3330240715,4378840636,1188290993,638543169,150539939
3243454897,4242879018,1143598991,604033182,153378773
2887931545,3543641913,948754696,493217586,136652034
3252494249,4261007817,1151090022,615098306,150612068
3386365967,4282056074,1161761762,621273617,157858367
3394669131,4296362460,1165026647,611588321,150578669
3275935719,4125221013,1118539859,583625657,134003769
3248453690,4154322960,1124857979,574254977,131654150
3312844825,4370739986,1187943312,603434246,111068216
3298322888,4362439804,1189049022,613190509,112785652
3111769923,4138238084,1120367302,585503852,126880983
3324490369,4222273199,1147882518,595619976,138672850
3196337745,4094867571,1106418447,561384272,112125619
3079493626,3971510186,1076686224,555581678,119149924
3351082862,4330076164,1175826586,615757309,131977419
2998069434,3923034041,1056646823,560419708,142248998
3276456651,4351023044,1177278069,624369338,148366570
3240439074,4220531997,1139512682,607523429,153866267
3447581669,4479414891,1219312678,642772971,149049134
3351412027,4213100257,1147074518,597978440,146844522
3234967447,4091769784,1100010798,567245167,136551327
3083054200,3992886375,1079522645,557041778,131677975
3091730764,3968574282,1074069036,562363776,132904348
3323004300,4453964407,1208796386,631341379,132380466
3314295916,4371912560,1189246711,619735593,131919998
3096110055,4043935868,1088054902,566663443,136365210
3200051126,4134800784,1120080911,582749978,131333872
3206979566,4202081187,1139574959,594422092,129245932
3066111369,3955352953,1068918664,563196193,148230575
3175385445,4083148528,1099413724,582801674,146240813
3355643141,4310742135,1164681378,615512726,148817175
3392486176,4456497329,1216467132,645731079,142270940
3286107002,4279470322,1159284623,606572837,148974643
3104978679,3877892531,1046383467,537570053,145645119
3248557131,4245970765,1152487975,597505408,125847558
2886912707,3736658118,1007326576,528167477,130873194
3197643713,4250773875,1149790586,611183078,140865423
3175916992,4212541282,1138454373,611324908,147627747
3005764165,3898190557,1044260666,563086586,156832605
3294496534,4328618039,1171624931,630063262,162218146
3192526065,4265127165,1133369376,602364854,150455748
3266949231,4447965532,1187200246,633856998,140158070
3208741126,4169705510,1112982507,592782804,147269202
3373661519,4522135576,1208938006,634206309,133663626
2949414236,3967188068,1050445391,549853357,121352037
2938891439,3944176090,1044160401,552668555,127324832
3238400428,4397351830,1178379137,633763435,137121680
3454428528,4641494119,1244710469,667406954,148343091
3367820688,4324221260,1169037296,613585145,154496965
3278666443,4192211773,1135539590,589059498,145946287
3205701092,4060757725,1101044422,562487075,142892959
2582485900,3225386290,858635506,442984773,114653574
3247559920,4178552915,1135033532,604318439,139884981
3296990778,4380924660,1188211486,637400811,148271422
3422937193,4434054020,1205696542,635868510,158767457
2991967551,3756442940,1012429612,530073407,141294559
3277811102,4316624584,1167927568,613874522,146015675
3241205222,4281998538,1154100429,613608876,145050253
3354016297,4294651223,1160159061,602922769,144243805
3376574857,4418373986,1204923316,623737244,129502528
3157994250,4136492012,1121620250,575470813,128108150
2993226663,3990666602,1077060346,562888340,122883116
3183272133,4149948152,1123974363,584476122,134278963
2902275921,3792771843,1025772710,538606047,128133098
2991252434,3940039028,1064433233,564605828,140324023
3238292501,4357214628,1176013653,626598222,143175994
3395934929,4415408538,1203467549,636009697,154746055
3157651153,4169941437,1127950659,597002913,142041642
3065163448,4014111883,1073642025,562506733,149348469
3179508140,4045367044,1092327771,571174832,145562457
3180099285,4097055057,1110720406,583893799,138727801
3269491563,4193965646,1142248525,596552084,137936713
2852856967,3638074853,975312387,503590954,132522290
3138002514,4126802548,1116969697,584086512,123509336
3065468898,4051626414,1098702301,578114950,126442992
3351741750,4467152089,1208646965,644639199,146191755
3350529671,4369254962,1184266224,625799950,150810379
3303817933,4394437407,1192479780,628124600,144383088
3199538574,4114482627,1111553198,575898979,142911418
3158873489,4142010586,1129026978,579529371,124171690
3271933009,4254865847,1158485165,595600414,129178217
3095512158,3938772182,1067265510,552211325,133948354
3364943826,4403028684,1197008490,621440960,124687721
3410558325,4484743141,1222091701,641238334,135386254
3294257567,4352487810,1182545116,613860410,137183940
3315242908,4382573509,1189962978,620001000,132152103
3052371650,4095069549,1102962238,574354204,132324075
3173260904,4042437633,1097722222,572306328,143214518
3191332339,4098280366,1109726576,572535724,136181430
3410585046,4453443029,1215843143,629155373,132728347
2930149242,3885358726,1047764903,544390809,122677105
3074312439,4100182866,1112394114,583758492,137239436
3248357165,4377149983,1180634207,622011508,142466272
3347682600,4441010773,1211653240,644137657,147342214
3304145924,4287891031,1161279491,611250427,146992175
3136127505,4038910244,1094694487,565849589,139904747
3197342428,4228195678,1144510493,589525220,134667515
3367355102,4617145120,1259881417,645477514,114189656
2794521624,3741108133,1004062000,519113678,125812371
3228042044,4234442636,1149510484,611018019,142438946
3423856802,4554151100,1239599036,657832214,146209367
3308369239,4419175259,1201585655,635914529,153133520
3011020677,3781568612,1017093172,528610466,147736193
3238167445,4166984908,1129898521,583393432,134330261
3373157875,4410008767,1198962296,617078602,126782696
3205264956,4044458518,1102055515,566905555,130871544
2824302534,3713961612,991740956,511011113,119280989
3022272179,4036012258,1089266907,575620839,124683510
2989506616,3978601659,1067321561,573639268,138294444
3165176767,4055161762,1097117367,586123164,157094779
3258581217,4404669928,1194401360,630241906,142892272
2980463971,4024039264,1083869355,570214702,137698325
3144456607,4143937747,1111757282,595920520,152828573
3167621658,3932353162,1063639135,560153285,154233938
3091867549,4067716813,1095128941,578579039,136488801
3300653200,4298785486,1172093572,620320126,148341927
3457890472,4569450547,1245561296,661349940,148057173
3446834105,4512170840,1231062278,637445327,139899165
3260517337,4178248925,1136176355,574017633,132776147
2627570622,3390610468,904731203,466363169,111863522
3182821901,4289983349,1163166592,618458418,139955713
3212334572,4219624713,1141883781,613006685,143562373
3156365086,4143587222,1122669872,602525100,159294332
3291767277,4308764183,1164896360,623814156,154793813
3333187456,4238785151,1148466153,602935347,156690226
3301549543,4276990230,1161795608,603099365,134773658
3042824891,3946823719,1062170774,551279542,127922646
3176900017,4196450736,1139172824,598978307,133200699
3087008464,4028766649,1088304131,576044781,136276012
3299318419,4356909663,1181257653,628555899,144152396
3306856282,4375887899,1185017289,632161624,152185225
3292154204,4109072945,1117324342,583667245,153221380
3141078939,3988383174,1075287135,558517589,135591331
3106012800,4142954449,1124267632,585010743,129541118
3274369949,4295147199,1165982955,607686344,131328050
3150887202,4080205410,1106235877,574847600,132694839
2951790206,3946066458,1060887006,556996107,126712840
2970010411,3962153206,1062454726,567399203,135719100
3136064754,4132939363,1113703274,597490579,154447881
3147057040,4091918573,1108246836,596543174,149624997
3197005356,4237212402,1138181461,608625226,154992910
3143032214,3997856057,1080389081,576380157,153407476
3313387738,4322999007,1172918811,620853738,149529549
3173726149,4096569421,1110480189,592865771,148789654
3150971979,4085964847,1101763643,576926940,145426166
2973908155,4073691637,1093533886,577192070,124320577
3269968009,4347240452,1181280063,623921172,142137009
3343119232,4273491230,1164202090,607311717,150086548
3114200491,4017478108,1089282962,565442099,137610284
3389603851,4502893773,1224128634,643798476,130609664
3033579099,3855770508,1038307759,543532706,146607739
3075578797,3905651033,1055610331,555927892,140142674
3136234990,3990940641,1078318796,570633327,138509233
3083378519,3983016129,1069290069,564879743,144442033
3209250922,4120917496,1116046464,593111069,151807553
3279318049,4251382999,1150304221,619438191,156497635
3433558566,4291232348,1169457141,615146536,159902270
3381116750,4320506238,1172585130,605429226,139973922
3061233418,3854320751,1042928099,532073787,124677463
3119374544,3929291176,1064702643,542697240,124777805
2988168538,3980765396,1076072959,558917619,117342112
3321011144,4490829114,1225650783,650682554,134539743
3176662223,4023307908,1088336982,578886526,150885150
3401415781,4566193733,1236463097,657440845,145799551
3266285475,4223972171,1143589728,608304825,158154047
3126548516,3932555914,1056424678,550851882,153134717
2892801679,3631818628,979273859,503655190,131260691
2768143415,3616377649,971927599,504047471,125930431
3225379144,4324568485,1164390443,617266042,130262946
3189243251,4309400515,1163154925,617698718,131345853
3259681351,4254062609,1154135943,617851023,149880075
3380563268,4331718771,1171340702,626449321,157378054
3341098280,4213848304,1138013213,597028578,161279241
3230208745,4012880745,1087667690,567112206,146271086
3393669376,4423745454,1206657982,614748038,130196895
3129540131,4029558342,1094867540,559494931,120073105
2955758704,3776089026,1021572076,525803038,124742902
3194778791,4327657111,1167661423,610691824,121213695
3376529795,4729842626,1276885829,676264563,127309259
3290246540,4493503984,1205593969,634561110,143043259
3327402067,4570906097,1224744806,644124413,130512897
3348530323,4515356611,1209026353,639505189,140099807
2911774698,3598525216,963209449,492881127,146712958
2842648681,3523540934,945850013,490913519,127999346
3229118878,4212362562,1143724033,598213612,128174931
3317487240,4404179580,1195984194,626152366,128057583
3252657098,4270509009,1159074152,614581430,140847509
3134571893,4129804367,1111543723,581523665,150778674
3090448722,3913275820,1055636099,537702875,137791679
3016569969,4073056431,1087733692,566737789,124826647
3209631127,4342446740,1170481750,622933445,139145001
3220184800,4108426648,1114213383,595182748,153469099
3435263391,4527208024,1224238126,651340231,154385465
3374493915,4284104474,1163983577,614061453,155325224
3201252862,4018793482,1091640790,558012480,148209689
3218688301,4077368034,1102746368,559051891,128363700
3169922008,4251261539,1145507856,584893958,109625718
3315957724,4418763218,1208680032,626105834,119463451
3312879677,4509774951,1225824303,643602263,131990775
3244353008,4320779298,1170158004,619759498,142329806
3165062554,4106843305,1106156863,583896978,150991423
3448554092,4359879788,1187832348,619194760,149713319
3321273777,4332048977,1176512851,600602686,123667232
3197835029,4219296594,1151295261,587394430,121794671
2997992192,4029923675,1090027693,555969521,112843423
2958804748,3999272975,1073628863,559441126,119288423
3071565505,3999733653,1077212948,568431691,142677749
3322121442,4417458744,1203206469,623206098,144648656
3213994289,4373754928,1187972086,620011102,124248809
2895048843,3796637669,1021892679,538487378,140116095
3354154100,4432914437,1205717923,641418735,141660384
3242133287,4053245089,1100489627,577529447,152360326
3307134484,4333103030,1171560793,614636857,144658723
3456932540,4513216804,1225833996,633039210,138288690
3048206080,3750676767,1017150437,518795706,133642599
3143335475,4180514965,1139197056,583687775,118969282
3280982229,4280570084,1159838007,593270182,122392148
3280103673,4309434587,1175867796,608938391,122736366
3160554328,4177748697,1136103208,591628069,126791061
3038593522,3981566801,1075593183,561958485,136272304
3135883306,4138254280,1117437129,581714512,140735071
3165268665,4246831980,1150720552,600452359,132146321
3235162807,4336214506,1172365857,613761367,135378363
3315093251,4479539882,1209990016,629367681,134785106
2909689762,3774263824,1007058816,518673953,135456826
3070603473,4145427330,1113096818,580410777,130244362
3091289998,4057218917,1096626026,576225998,138140945
3102341455,4055608371,1098148544,577308621,141751725
3056399295,3966328072,1060813544,554767581,136079163
2774040456,3523071224,937442082,478870574,123561443
2511216887,3191333929,840737668,427206235,117033232
2700855885,3629048648,962400228,500471857,108593448
3123135816,4258165141,1149747909,612064812,126109802
3380461072,4534871243,1230946280,657567702,142990263
3378528096,4423113223,1204044230,629358471,145534690
3199189725,4134619597,1122317726,582532987,135496343
2875862626,3685466498,991795813,519777719,144988373
3177093612,4163547896,1125154460,587255542,140245012
2775607863,3512414473,939705920,489521757,131365612
3117258698,4166379961,1124903395,595436216,133624916
3147753021,4224194298,1139522092,601142905,132174568
3091068829,4012098069,1083131737,572788311,143732402
3210980429,4267134076,1153816258,620907942,152392061
3373777296,4525817451,1228190988,657501328,158257634
3382295333,4431560197,1197779234,640912813,156866957
3052840898,3756277956,1012059081,527127674,163242077
3214763951,4129097942,1111413234,566342081,124777709
2996181580,3968849225,1064584573,553459115,114904438
3294483844,4246992426,1155249973,599812492,130440155
3213435611,4337030270,1172636383,615190578,127922571
3104299594,4036417050,1092584208,571888099,141558585
3365603150,4394420469,1200333916,622974171,124849296
3207406287,4191563859,1136558157,583449700,140299261
3148434919,4105957693,1115375797,576250315,127470219
3103533358,4118777754,1114871027,570740807,127968126
2897371819,3843991106,1034945049,538538031,122585842
3024310980,4029816711,1088019930,572487410,131415362
3128532166,4213622517,1142372603,609370335,135504224
3182760127,4175687621,1133467943,603904846,145330586
2872781933,3802785536,1019458944,542159057,149292401
2981089365,3925111827,1053895746,565613784,149543885
3136800928,4042655239,1081874544,570184403,137444518
3355117692,4385805459,1189406713,624001111,137495960
3284453405,4272378699,1159530039,605050609,124954833
3124752314,4133131984,1115476542,584302483,133640704
3121259974,4016613927,1087460139,564275423,133744483
3100524458,4030531343,1088490663,559996654,125109606
3151752444,4222420183,1145771240,602354712,128482303
2988460544,3868725773,1048911035,553074679,143201563
3212523844,4230237984,1145499926,606230446,139504876
3315301483,4351611174,1184121375,624891731,140929451
3255925387,4148743462,1125887710,593690945,150066513
3068743873,3965031981,1068000018,556026641,140618042
2985229307,3993596412,1073108357,559518068,128886240
3034675295,4022634205,1076471455,573856093,138990312
3277715345,4279418912,1156995594,615072284,157551336
3162484062,4031708363,1093898753,564765829,138772796
3046178954,4109772857,1108244197,580728031,123035600
3097793566,4223132004,1139305226,604482520,134047047
3252354721,4289014839,1165052207,615035896,149996653
3242440917,4219901015,1141227280,600574011,143540413
3080648755,3974996840,1074087667,562524735,133828428
3034418185,3897988482,1051164197,545646300,135038147
3328341002,4326069339,1174331736,617616321,132809572
3458663494,4353512067,1184626689,616283291,140174633
3053673413,3993392123,1078761764,543748273,109814678
3094654271,4127745852,1118613511,572635064,113484723
3027975171,3979956651,1074726287,551904994,114865179
3129824103,4171246987,1131378223,591104794,121026769
3058073318,4126472146,1116451159,586053630,126319546
3272581578,4437205907,1204214284,638223247,137983559
3221138388,4336596901,1174310758,626671375,149941274
3303172254,4332464614,1168763207,612551071,153288540
2853290136,3734555481,1005219406,523957161,130437356
3037210696,4097940728,1105703770,583511966,133761334
3192069079,4178276087,1133163406,608624339,153124720
3084583529,3929995228,1056393131,555676528,146829357
2640546315,3432815872,911897788,479771427,124482587
3020703116,4239622460,1126254260,610414675,132827133
3356312614,4445136665,1192126207,645096302,158643189
3317808145,4264813136,1151601978,605898951,146956244
2857045932,3623981846,973536793,511448905,141490992
3319468708,4271425836,1160418761,609148112,134528178
3295698444,4169005586,1130466849,595458614,138958007
3410437218,4334894572,1180238803,613027664,136355791
3342856594,4130399165,1122397636,569592177,126782745
3300362162,4386285671,1184719774,605152009,107960638
2907576866,3670370514,988367718,501664940,118058548
3407179959,4518712251,1237497704,643635754,117555643
3261524492,4248507484,1153354624,590675421,124228290
3145889313,4101080174,1108671242,577762181,125274004
3258146588,4287125527,1163693285,608080729,131625459
3349730533,4394666472,1190564725,609505710,124078037
3221412658,4102766675,1118344675,566076125,127920700
3007514295,3913094643,1061904626,539449749,112037502
3252196294,4359366572,1191431004,614163687,113253023
3009351769,4027295118,1088897562,559452768,114253682
2978185298,4039304697,1084161437,573591864,132042045
3290850231,4401508387,1195072985,632883977,142437843
3293449273,4463122740,1220088932,644476388,140060417
3087333330,3982214273,1079872786,563306114,145582627
3135559751,4054338880,1097082761,574071600,138635457
3114058688,3902771552,1058781080,549858807,133158005
3189803246,4151526832,1119604139,575461282,120937875
3318200664,4522464068,1212065889,634838846,124271304
3173169301,4007688785,1092244924,563734770,131036279
3400382321,4396875305,1201878427,616844200,128902298
3146506509,4153090169,1122365414,573713966,119763600
3050458489,3964063758,1072891758,551023259,126197418
3249163492,4375620203,1187130128,625342486,127652968
3220817133,4224531402,1150742873,599340873,132091652
3467422167,4556457675,1246912729,654847527,142628080
3225434534,4062559501,1101630246,558971443,129190810
3159261693,4056624058,1101229911,551395537,113603513
3126038805,4237427934,1155439078,585651330,104931351
3354801884,4516272985,1230426323,627869582,116929384
3103538446,4361509816,1173559492,583504612,105771697
3067215233,4123971441,1119886453,583912018,124844858
3134515055,4226421512,1145543907,604854872,145176383
3242883398,4173750578,1136480884,595853544,150177783
3183584745,4184418011,1131496548,587950295,141944573
2911155153,3940737422,1065427684,550682273,119771813
2925505171,3902777166,1053284737,547020844,124016843
3062998662,4084038807,1102132838,584909096,141775557
3181989679,4196964910,1134736667,613198252,149783580
3378183146,4506945540,1225311767,660026246,156697780
3310143293,4364086032,1184017345,631169983,164118800
3264711713,4159903574,1123732440,583722794,148361182
3160572980,4084915049,1111294258,566820200,123783029
2905295859,3760888312,1006498239,523906150,125762171
3030578771,3911608204,1059822626,564908807,138665226
3377036697,4477165095,1215420899,649485239,144605995
3343635586,4291897462,1165548571,616852736,151421961
3442233982,4441084301,1210862711,631414338,141070552
3151813808,4150804766,1124576241,573024398,130156396
3103657790,4037934638,1096270255,563850123,127381461
3281323203,4323109187,1177899403,604443995,119031017
3216806136,4399922143,1196740630,615463676,120566723
3366952471,4656449039,1274989784,663455599,127757102
3058067779,4342100604,1174337358,604919102,128406388
2882235238,3888155259,1041542516,546345616,130538234
2782459221,3655505356,972056640,516186996,141726262
3029799220,3962782294,1069467289,570362565,146637524
3282319235,4340155398,1175072424,627486104,144267680
3087653839,3863893084,1044121769,551245486,153661465
3298229404,4347435841,1179636259,619872952,137168632
3057790800,4002349282,1084931670,562265488,133993566
3267800472,4316290598,1172235787,620585499,135044920
3168725661,3934635364,1062869301,557256549,156587124
2974138478,3844184185,1034607971,539706046,127610021
3113419923,4092057818,1112276342,588082072,135113549
3415826712,4526305443,1236689852,653373743,140056639
3230907256,4235269259,1147457070,596029346,132905417
3337414955,4334943767,1176533866,612101538,136809535
3172793133,4034282112,1092594119,560295332,133889139
3220713455,4252410074,1154235230,581596956,113627832
3180543692,4321900659,1175676183,600361492,122301736
3014730330,3781090417,1035307126,532319093,119614481
2645240263,3155014145,852386790,435695924,117899460
3235139651,4319626677,1174530556,608816788,126721788
3104897513,4081623287,1106423380,574594818,125202255
3113119036,4193909510,1136234532,587343469,124118458
3125632535,4279195476,1160334817,613626322,135125032
3233491338,4395179702,1196821829,637607935,147796793
3290731774,4385873362,1188701096,635988875,156441858
3410095812,4545241403,1214316716,619326671,145336502
3199724059,4172954850,1129892709,575133468,120119782
2823346197,3664016546,984922480,499295330,112176122
3122018744,4127132409,1120888913,588546148,119393575
3143147498,4384875568,1185735212,624427601,122685384
3139468825,4144158562,1117499620,599474170,154064843
3188103525,4199659799,1127522275,603432614,158699118
3319511969,4263676404,1159939395,611731928,156104214
3367482552,4286696225,1164643671,607975073,137842761
3015039212,3727010334,1008673010,522866524,139696941
2958647283,3765653111,1009669216,524742034,132350996
3265886362,4352292934,1171760050,607014178,130774399
3093954750,4051950101,1101322510,566713941,114523205
3330058506,4508105877,1230179100,635843452,121159721
2979622360,4001841738,1083203186,561935552,122729783
2962217314,3851446696,1041640553,545012759,123979230
3202415564,4295648100,1165489301,611702101,121167151
3321294549,4357158423,1184401753,620324502,139341248
2908050461,3847414517,1046152504,549090846,130586664
3271439977,4632210211,1269711900,660869438,114071552
3156919137,4389080112,1202886952,624623510,121106196
3037635680,4297834478,1176776489,615280819,116428802
3093792300,4292173720,1172713720,621062374,131740308
3098415729,4074774382,1102147940,577064666,137171855
3042209190,3993687760,1074309773,555416968,124800289
3199554148,4262909807,1152880077,592490453,122448202
2961343023,3896236506,1056679548,544133197,114660862
3195147019,4293256813,1166019347,608277188,133895957
3314796126,4354095973,1188998066,623829495,141155113
3125952403,4101402713,1106572694,572715574,135966397
3177486648,4209615793,1139815210,592069266,142546014
3144345365,4163504331,1124379417,581201118,139945649
3166199954,4291102037,1153433131,598573323,125223952
2979389465,3889617196,1050873496,539360926,131119088
2946392471,3821549536,1032919677,530958168,115748367
2993091980,3974393612,1075103309,558265154,120954903
3114665764,4154234224,1125860772,589065216,124766703
3089935843,4270592004,1152221565,607280435,137187165
2993927884,3989444424,1077178930,564718555,136650931
2897612764,3849856505,1034469123,539161011,132452847
3048620071,4113683142,1109518684,590604328,134337249
3178616522,4165568865,1129191387,604463173,156294517
3134227915,4123298243,1116458069,597562019,152751243
3051406216,3958231924,1065455307,556715262,146029745
3004630980,3999803664,1075141630,565682335,125014966
3278992043,4444434958,1211941778,640717120,137460300
3114131091,4077014877,1109244120,587762192,151209125
3395146476,4466261137,1215631291,641567425,154794131
3154107353,4050283284,1099276135,578710999,147739788
3163364897,4164014695,1133625635,598779173,149293945
3293282657,4347835705,1193162490,622707893,146799519
3122180157,3971093771,1081882666,557570869,148218199
3048014520,3955677173,1067642261,550796173,126686372
2966985157,3944937479,1066946754,558280523,126307496
3082637244,4104452538,1116872217,593493080,142150311
3029793074,4027151709,1088046371,574376190,136387927
3162861256,4182779314,1135637502,604074652,147975517
3081863815,4020938946,1085903679,584981329,147802286
3260915960,4305882821,1174391702,626839729,155894916
3066090475,3904755999,1054086229,555022663,161791748
3106107201,3937357097,1067985052,562171951,156407294
3097860497,3967809697,1074525884,567371411,150098256
3324780774,4342655337,1183808689,629208686,153483884
3283402659,4069916582,1106636025,573659362,145220902
2983265757,3951515507,1069783197,556589371,130299511
3244968267,4270701798,1163251601,611745540,142094740
3182944443,4168511889,1130911801,588127936,145187185
3068008579,4012254106,1090145326,572234629,137487029
3103398889,4123366575,1118038446,584958483,141454415
3049974170,4020255358,1086243730,573226116,145803371
3105356576,4097053240,1108673122,586965102,151966177
3278171142,4370181800,1188558571,630008827,148351466
3065407976,4078430451,1104658228,588340648,157857206
2812029681,3630505168,976620663,515386277,156496213
3163711962,4210622283,1144023387,617325466,157956360
3310726243,4367417377,1187130207,640896180,178954702
3271309043,4208871201,1142832650,608742136,172474885
3313413799,4364089091,1186152095,629222956,162030035
3368413769,4499092568,1225458598,641392097,158719963
3305981273,4230763815,1156700869,599298857,160617751
3317613985,4255390802,1160871038,600673633,140302542
3153931366,4214823212,1141907473,580322451,134224430
3335088686,4468080049,1223664648,625576258,124606567
3161941050,4288615561,1162632127,596918461,113927246
3131052015,4292810411,1159325054,597282579,118037352
3383570761,4557683856,1246979177,650218129,137390880
3164184690,4157050192,1127589459,589575693,148610580
3096026683,4027222802,1093072659,571989639,143952275
3180620929,4278615275,1158878114,614870943,155273176
3291265787,4245501440,1153337168,608829901,178105417
3435953392,4588380618,1248586591,661330728,161893879
3285334188,4067216405,1104851909,565969457,163951636
3060091884,3979182638,1080783809,553663308,131237881
3176011172,4355478177,1178637448,615953756,138559896
3381743659,4406504472,1202165499,635887007,159561075
3437596174,4541168828,1241970985,643182464,148576632
3309138820,4354072439,1182045037,604555287,136674674
3110338838,4144770694,1127638154,578261473,134162410
3129029173,4199022552,1138226223,586080301,142046582
3343811438,4409710027,1205438340,623736192,137685638
2986093189,4080628696,1106978572,576426013,136414580
3202877996,4350931128,1184676293,617893782,152953468
3391938994,4716746047,1286336154,669935849,140526389
3127834952,4193519898,1139475391,599179170,152607571
3100819847,4060357125,1103578808,579574348,158265510
3034486606,3982548365,1079522696,564239355,160825912
3164531330,4122890361,1120642703,589168943,162691560
3278282916,4334131496,1185548835,629457118,149797981
3294335258,4603112039,1260301761,670016138,153291770
3370032236,4662377437,1276916387,674794566,157879451
3266656876,4467971910,1216692572,631075610,151424797
3046391556,4001071510,1083355136,558274519,143923464
3236186079,4333865815,1180378180,606046354,132814474
3082158269,4192454124,1135065386,579868713,128796640
2949811978,4069983791,1106483092,571219925,120911006
2925122691,3980448979,1073011346,564594565,133199220
3256911769,4496098731,1224255117,654402538,154111884
3300666466,4385425980,1195989750,640243636,164300592
3313560370,4442601140,1207299445,637464452,171688957
3437724024,4466504825,1218765689,643845173,171658607
3234649453,4264883743,1156459738,600537529,159232498
3302710797,4372652583,1195081595,621003061,147803044
2950800206,3832537936,1035941960,534565586,137455216
3180161052,3959015799,1066716082,553460216,153015773
3289186494,4278507104,1164656665,603276592,129280143
3309219082,4427142966,1205844013,622223472,131001980
3086210024,4065018239,1098002986,573604257,150315870
3238629523,4278504683,1158863802,609588477,158832241
3139382994,4151463775,1127800036,590107923,150835984
3046939912,4034478707,1091833223,576497242,153725540
3402216905,4484132091,1223252727,645918290,166417679
3331798656,4406856586,1196843477,624242061,155154495
3333679637,4459721703,1215350070,632721456,145619620
3325436601,4407203919,1205827229,623462310,152266614
3292248550,4433775059,1206599003,626252100,141459465
3086772417,4202499018,1147775951,599388357,146102048
3035603236,4048509861,1091271370,568452399,144099186
3156144795,4422752663,1205884233,623910792,127810268
3289973296,4627421365,1274195298,657838800,128908512
3061538259,4259375675,1160385446,597936933,120171926
3167842511,4302997311,1174556800,607820088,138809535
2920599148,3813372606,1033294950,533754805,126560029
3068775595,4220305464,1147576343,593978850,114536829
3132265486,4329872795,1180740549,630570706,127225683
3280923305,4556576561,1246528303,664091922,149899046
3470283455,4624502374,1265758149,662455804,139514332
3162220026,4174730348,1138117857,581036655,129047333
3117006249,4250089502,1159222282,600190186,129158356
2828016590,3697435507,995855928,509315369,127960229
2858818964,3955386788,1063126135,566992274,123657748
2984036514,3967256930,1066376639,579085060,136683107
3243451124,4323517036,1173096315,627860412,150110888
3313885951,4345192553,1174787942,619362371,155673489
3088609380,3925065381,1060987124,549665129,143277874
3080348863,4015380969,1085683614,565569609,136988509
3269220880,4221652637,1145781262,591858149,139646297
3075577296,3986880320,1082393692,555664435,120985244
3133289503,4101450437,1110795310,580306263,129743589
3145701065,4092572593,1106745226,571578919,134012554
2929591894,3916459330,1056297931,552553465,123736989
3315310220,4522022935,1230527050,653541390,140293953
3179686774,4115956639,1110627639,584053488,155281695
3206617918,4149815608,1124715595,589447108,148745108
3137011426,4111429040,1113026219,580942402,146727151
3092303247,4025150785,1091826457,560653416,127961699
2934314342,4015859678,1088344719,565221824,125925439
2927197328,3948662650,1067635281,561583428,129897165
2976257446,3995358843,1079119298,568649368,139056905
3076131022,4070035677,1097088031,584169543,148331013
3032811784,3991261468,1080137695,573264061,139059691
3089803660,4131545568,1117634897,592910668,138806045
3003325726,3943733418,1060068295,562491846,152499720
3174808422,4160476932,1125937667,598348173,166115584
2977975821,3915398081,1058306771,556467030,131413835
2558454262,3350058613,908522633,477860115,124529913
2136859026,2807955221,756625073,387585563,97714432
1575222265,2002708141,539781317,269233079,63706737
1070151249,1364336625,367898710,179501799,33715722
626658695,774412909,209100548,101041357,16936409
284045497,366347880,99495880,47781430,7027744
197943641,292224548,80922898,38626817,2917974
74060957,89448718,21682918,14297963,2695449
75151188,34386468,8094637,23624056,1562727
86093561,36801996,8711020,26864116,3336683
123467952,39125259,9681233,42801556,2267837
57765102,34549550,7791930,15705972,2703826
120107663,38080545,9444235,42688675,1725962
79962434,38018271,8720805,25373214,2349228
51241679,41692267,9440423,5483000,3354416
53349230,49305685,11504383,5455878,3833963
94487303,74658616,20379303,9670968,18845131
112728179,86523053,24817344,11841733,22662291
114673209,84639256,24310932,11559593,22899713
114628087,80641313,23120649,10862757,23532681
113655976,78719449,22503626,10510685,23565238
114739243,79921630,22853859,10701395,23866959
114430383,79305669,22668995,10622257,23755109
114865624,83905775,24075579,11426894,23236888
115695134,84720949,24293218,11531044,23350837
115313674,84776746,24318938,11559098,23181262
110641829,89039630,25039806,12466025,21144790
75049889,96131283,24655915,14067550,3721126
93926731,104797830,27895881,16651925,6468296
101055715,113158614,30153226,17632166,7956070
169609178,138267766,32067701,17112581,34694513
73554420,85737321,31664228,15340165,5754367
186873998,154933658,35164141,17420474,36456764
154646273,96290239,23667625,12127405,39904621
95844141,144208041,45447645,17839350,6436625
96752424,138869302,43412160,17128118,7437732
96929902,133196389,41830591,16566540,7514592
102057757,144437843,45216892,17801837,7942872
124858575,129137047,37678854,14639427,20956885
206780317,193656780,56041072,12268999,18556040
201265125,303014427,89088734,46712363,6321579
47531877,60832439,18533611,10690505,3645310
186163561,458446787,101754150,56658514,4054369
169746458,465735150,102057260,63524122,2664998
239928947,804371263,182515819,124100439,129299
239397038,800678903,181700309,123559162,224334
239370970,821075246,186429360,127066346,199896
238654834,816166195,187233375,130422991,132845
239599495,819743226,188056746,130997892,118624
239498717,819064424,187901894,130890199,121898
237252563,805991175,185411589,129534110,177846
240336830,794622931,185328799,127049279,624171
92819644,199540365,40084670,22232827,1868705
138662271,208003192,55323384,29306688,6405349
177465971,249157018,68071167,36993515,7576546
46898149,53189019,12810573,5808522,2654418
103987418,124876354,33274480,19484842,6432327
101372004,107638537,28571957,17008403,7900349
130338403,132488092,34459750,17830769,17945886
237187322,286733382,60349703,35141751,45851379
162200538,130955611,39064973,15018447,29029682
118837753,120256287,38844659,14100392,12272996
236121877,295219497,63909251,35779534,41203561
166841465,103590511,25099309,10997726,38184876
138178098,180723007,50484551,22763425,5769545
98666438,151303209,49361256,26905676,6061989
134377871,106747735,35349382,16960991,42269708
124406954,214352402,63257749,24597547,7471075
130441491,234846768,69445181,26788679,7629088
125451067,203252170,59304153,23152007,8017646
132524171,231924058,68036384,26325018,8327348
131749172,245339792,70936839,28115013,7653356
197483263,191916074,48835069,13826700,19847907
124786705,173172357,54405069,21294548,14818328
229709298,785974669,108400771,32510736,829516
136884342,407442189,60898504,21247435,2973793
206986538,441612803,135997276,57763520,5080778
192336073,461430474,103268131,47586456,2309392
233737632,493694268,125011400,42169810,1527412
240182497,410832060,94853850,17442470,1940394
236378818,374912076,81677351,12638798,2280160
239565691,363117258,76627090,10566328,2578369
240236634,357358041,74004978,9648350,2787325
240222363,348183862,71496539,9036447,2815717
238670420,340797885,69784697,8822853,2900948
230689414,420698539,88225934,34334911,2364353
222590930,661978288,147041514,103289536,231980
180087799,510403727,128264664,78284120,770216
228119311,669322021,189270336,103840163,359841
225129759,662904146,188072091,103140571,413995
228022325,671484045,190500118,104472065,422636
170510790,470059064,124896981,63124870,818780
235707926,780635026,187812075,88362974,69515
157043916,469624002,113383115,54096668,1108293
98495750,116643550,31114741,18191521,6450740
97867380,101693116,26984625,16004170,7727356
118432263,114747241,29876171,16673576,14161597
238903175,263607713,56950347,32191447,40672424
205220132,129928332,33007873,13913274,37486075
107311168,106958812,35799739,13404502,7166189
193025711,252081328,58323295,32341853,24204361
236826908,146049980,33340016,14193268,42944488
146724238,94769172,21729362,8709897,23652852
128583893,165473161,50999128,24452856,5789295
100975909,140460476,45760167,24968822,6298846
147358499,92650293,30772806,14304723,43529488
126607897,190785255,56333008,22100069,7482512
138733549,226723439,67038398,25780508,7546879
127552024,173009312,50460633,19849614,7920520
140589826,225650348,66219307,25485162,7964270
134043646,202187376,59545233,23092010,7593209
151087514,190646043,49395380,21513454,19604659
215961228,221865261,69247100,20117050,17702612
130067967,377807612,58609213,18151638,2312686
230504454,780020380,109687428,35921163,1150641
96881758,206826847,47112121,17164363,4600978
255984081,533661003,149659022,69649095,4957476
174046306,456330971,98502438,39503136,384235
239648577,446420026,117264831,33788241,1848041
237830205,405102860,91552029,15988269,2004266
240514260,375342577,81007549,12111132,2248049
239089253,355418289,74672899,10020954,2467619
239632143,358132875,73807563,9578949,2697913
239937576,347904811,71323741,9033637,2668317
239514674,338707452,69461757,8778390,2874001
225105103,510414339,109696021,60656330,1505665
222989369,662789657,147193809,103403542,214587
179589042,504639326,137472072,77024155,878661
227975150,671479456,190509164,104476042,358365
224897704,661839169,187757941,102968365,431740
227897535,670917448,190381164,104409684,447041
177017069,513349907,127512630,60369749,726624
233629873,773957162,186198916,87600874,63927
114123504,279703953,68303388,33589867,2385223
95909571,110104711,29345729,17295817,6622680
99988545,106330078,28262090,16623291,7875463
147000312,175166381,41689802,23828018,19358460
239105171,215053635,45580499,24864104,41977280
178057176,120982704,35126306,13680231,29397347
106019603,104465934,34901937,13236601,6910338
219497079,263846967,59668808,32675582,30191232
237971935,141977085,30742744,14138873,43639775
142554761,108939361,26760564,8538774,15720538
104104619,146702077,47886629,25964054,6078101
101825721,146625016,47936834,26125493,5704577
148854178,89586455,28934282,12233693,43622101
134874427,214355112,63297538,24422496,7154391
134126582,210759677,62215383,24060115,7501686
133037877,189168081,55195335,21553371,7832076
139201581,217288433,63729194,24620973,7775933
139300738,225910475,66749366,25626765,7196070
169807826,179230982,44879088,16357567,19309250
190808162,207472295,66535849,23128923,17528950
156982527,539819803,73312188,20346291,679301
206432100,683454293,96917343,32765853,2229361
128327630,240094955,88083208,30055204,4935155
222664647,464858501,112944693,59365283,4203821
81272318,214337319,58964446,19694524,1565742
4833344,3721680,929321,608797,470228
4149895,2599361,657384,445736,460817
3369978,2125312,537985,363104,395371
34677420,43820058,9548428,4641785,2064820
59876355,91312622,20508304,10171407,2915157
54574600,83410976,18388160,8894158,2611116
61693961,134063260,30125521,9947295,1694700
36479732,43980424,9109342,3477078,1835988
53244028,82618647,18431533,8902354,2528011
49997624,72014522,16094487,7595837,2400668
203556001,297871061,80031579,38385156,3379481
354617853,607543292,160091414,82534764,7590320
1694839537,2537709034,683953085,332092553,24199388
1574915900,2355047180,650303503,317300734,19989481
1288972337,1877861392,513098323,244763264,16732316
774605298,1195963913,335231534,157033377,9641276
407113219,689189631,191096043,88859843,4265111
113376962,165257167,41636955,20662683,2469222
33421070,41367754,9700432,4626142,2131603
99845656,167725169,39689059,18012489,2740888
124996437,198642597,46240313,26193851,11399087
69446695,126938225,28329268,12058404,2866400
74864505,150013577,33829800,13468532,2709831
90823368,215772962,49915872,16591370,2504969
50351151,75797982,17062903,8251159,2354379
47907953,68142932,15314567,7117852,2411305
142902620,223166561,53547470,23824405,4367801
142918375,384925727,90048955,24594210,4327212
111878848,320834473,75744501,20996213,2449764
53014749,82884032,18806534,9291627,2559193
46843668,71164121,16106335,7845702,2274626
53355763,95466708,21609964,9600870,2187181
141031076,441106525,103906675,28109373,1133862
95029591,263559754,61541303,18639979,1866739
81769817,193057396,45050002,15085170,2503976
213820500,399110103,105840042,58450763,12227110
54156268,68914978,17170650,8247059,6838857
42371503,63965092,14188953,7012226,2081811
54595085,83161423,18411288,9103391,2684670
56999409,91361234,19808501,9705885,2465847
80499824,197828369,45296199,14308782,1953388
68408138,151059634,34230985,12565540,2026809
56504890,88471368,19344551,9091308,2595025
58579794,91052266,19800447,9207498,2684342
66775818,107214560,21061512,11235344,1907418
275803495,431561394,105600150,53230564,9068888
722578893,1036922870,269741729,131903711,16181776
1572889236,2403038149,646669779,316547659,25057062
1104585347,1678720858,452227603,216793099,16188215
1757757119,2721133246,709302002,366908836,40729230
3073411915,4507771342,1193194524,583039786,67204601
1648201092,2436139703,654013018,312976938,30984068
1736299190,2521253717,684886003,338009763,26943944
1553125920,2171013755,595679148,285326287,22069463
1258388820,1928122041,527966707,255984602,17180449
948642935,1455357473,393406419,189499810,12674682
697006021,1149459872,319691862,152474482,9056813
692210600,1123832519,307203919,143584372,7662912
431542866,644930611,174640727,84494864,6185587
369996858,586880523,155854585,72779271,6401596
420185723,615075197,168076310,85002537,9297187
429408739,658482794,181040999,91578385,10457081
433047987,621945621,170963891,86405424,12829060
438048450,639755183,175285506,91168360,15038979
331566232,513330522,141879892,70090704,9572194
251464723,412714327,114522860,50303288,4391770
232910444,392860255,109505237,50632119,4042329
185613655,299582465,77118659,38256434,3710352
180872259,375546045,98313573,47683375,7257906
96270000,166957867,39070066,18008279,1796975
2407234899,3648402268,946425414,495267629,76589541
3180414176,4286968410,1164057149,632790314,123742838
3272011607,4463253928,1210847151,650747164,133105426
3274728891,4456478793,1203727432,664592565,154284444
3233049781,4190213972,1133836502,606909049,167201670
3034956822,3929679576,1053215084,550529394,132327421
2959069454,3626799012,975942330,506232870,140401192
3125332392,3874737305,1043121070,543584483,134283410
2886598292,3575362314,960285956,500220107,125074113
3151442457,4108733303,1108951955,584507936,126626340
3344173190,4367963201,1188547150,628032295,138075319
3081563739,3909897802,1060093920,555467162,123760189
3226031774,4190632381,1124927409,592755190,130534559
3164205141,3958577542,1065971186,558010630,142559948
3221047926,4189972104,1130854225,579952553,121006468
2961048821,3976622486,1059171246,553654268,116848448
3084836413,3990902326,1067782942,563130337,134791935
3263269791,4177925716,1128743117,590202466,133826927
3363951120,4164317515,1130234934,589347442,126535275
3115257116,3822128683,1032907263,532219517,123650881
3132357526,3940320554,1061329500,546426166,126231571
3366899204,4247016032,1154837365,588246000,112902772
3323752102,4226649615,1154253423,579992031,103511284
3277328660,4236077130,1156735416,590519273,107774534
3240764249,4104474302,1116925992,566724156,116469659
3297458272,4412206282,1203790997,617136490,108376750
3090108104,3857190137,1050621543,529582139,121442236
3180095428,4090942304,1108793994,559673496,105951734
3086568731,4004555094,1085870515,557129375,108088188
3148202795,4192767051,1139924881,592206300,125733471
3305072141,4294272779,1168156856,602527169,120101478
3204735792,4101144038,1112584865,575570196,124325610
3209627899,4201957900,1139908684,591436298,119111437
2902473007,3656742180,983008706,499886222,126704097
3117674267,4112875005,1112433484,570267553,115307178
3175571533,4237160792,1151066689,601998133,120336428
3045835286,3978893885,1072703903,566044443,133235307
3057284572,4084423255,1102338714,578904208,122836033
2937643103,3761529894,1014127441,534871048,137013374
3011439379,3882160416,1042827473,551364666,140493909
2990856293,3870516360,1041365217,550855569,131975483
3159198311,4117032458,1108363100,588889996,144635842
3164166303,4009654015,1087443335,570226245,141848157
3222447549,4156879734,1126448632,583387450,126363727
2938749846,3770561572,1021668859,531437364,126883728
2990438717,3859245195,1034757327,539048314,127202438
3051171687,4053782879,1096628924,581613236,129416009
2958543687,3909945078,1055473045,562817295,138815348
3288285360,4179915559,1132515154,599832624,137912673
2527995245,2889952559,785082262,410659406,129851387
3076479442,4134131839,1135026767,601680411,129938781
3144175361,4197112624,1140761961,596611806,123210096
3286055980,4182209245,1132234808,594142523,137738084
3345443539,4223435115,1148864560,595790310,129367454
3169721360,4101867796,1107798970,564452148,117560772
3117122402,3999455659,1085003845,556732380,120763868
3234930048,4212327532,1145425571,590027419,115774106
3046604627,3948084345,1070965516,560132212,122015949
3091166934,4051550003,1094695241,570651423,130979677
2843182401,3801449853,1021377656,540715191,123576087
3190944621,4256140308,1152100128,617107845,140888798
3200503478,4339237039,1172364778,626932714,139111620
3172676940,4005463475,1081233489,576835870,150632381
3204996338,4204556411,1134052558,599340286,139142738
3346292639,4314086630,1172286771,614667818,128432429
3363050089,4284737801,1165379840,597867775,121005381
2971566549,3775335747,1020962781,521919096,116487168
3064257933,4133420902,1115856760,578029792,116703637
3134015117,4141900396,1124950381,591423447,122898256
3188336168,4087459819,1104786343,588766693,144663473
3010641906,3946199307,1061615801,570787660,149093466
3048194452,3956797953,1064759634,562949731,137390606
3234627892,4129186140,1118736897,596129046,146214048
3206844826,4116678263,1112433188,586736172,141437202
3117539633,4035972126,1089876505,576199151,146648933
3102167818,4076378509,1098693711,581873347,145411035
3210444741,4025463837,1090276755,565460224,134348713
2982420887,3773384195,1015192798,530534501,133340617
3199097703,4078087548,1108332334,582303598,133565136
3227221967,4126098644,1118627326,590784158,136143848
3233893898,4112620734,1112373757,579633373,136625002
3317956562,4408679219,1195508557,631548651,128774086
3143561142,3823050338,1034834510,530546124,133182959
3132345484,4148260321,1125145464,575782670,117229416
2920816834,3855693476,1037517127,544827283,126625200
3027155370,3960567457,1071912040,562147775,127884841
2942071461,3915217020,1051570016,564510599,136676776
3012381191,3984227650,1069345308,575587990,145650288
3337029384,4371115267,1186223916,637678927,148947166
3384828211,4365742301,1181299490,633501515,147006973
3389008419,4315268271,1171406460,615864785,146881124
3314864698,4031083562,1099269037,564957800,131461657
3201326777,4086296313,1103907130,558582242,114910353
3152476277,3975075547,1075870958,541191557,117812588
3062413654,3857492320,1045250003,535626973,114433732
3057972616,3930868888,1062585593,553957494,121951758
3237784786,4207828875,1140046230,599102595,133425397
3159969913,4178977568,1129945548,596108254,135067984
3283834890,4303510746,1169648867,616359041,133721871
3303909671,4291458775,1164552265,614826485,143000569
3282690484,4333135364,1174950661,619882614,138926806
3342342708,4034031320,1097219897,564037117,151046347
3086990752,3995248311,1077884963,542338783,109099044
3292921925,4354237752,1181470630,610476165,118128420
3264865100,4336026640,1180917244,614795084,126022518
3139127065,4149512638,1120845166,590220341,128704840
3062950101,3989821668,1072962095,563606028,140961431
3123444084,4127738915,1111344545,590746158,139449223
3180585889,4140140176,1116630006,593089036,146027534
3212547562,4209207101,1137902602,606512795,142570814
3199378830,4053152298,1095460293,568903776,136328968
2984772552,3859471387,1041806667,541427253,129067864
3117153933,4233022107,1143851331,601076911,125267880
3300045669,4304534258,1173853038,620815312,141634850
3331010326,4389540587,1188807927,620367165,131422092
3288452250,4255616917,1157011521,601604953,135056977
3077438945,3990755110,1088509351,563931893,129202410
3328764254,4409909547,1199336675,626916220,122090126
3274668973,4185940586,1135017306,589571615,131482565
3164590306,3966035546,1076673389,548494320,116928048
3037333762,3923793702,1058582507,548746733,117636519
3182436916,4110522634,1114945091,581228900,132741100
3122627480,3997684507,1080828888,561691973,128555490
3223981890,4180769745,1135305701,591522764,132502726
2944213310,3875890533,1044613546,545012564,125312364
3013354884,3937161624,1061810585,557073121,132100160
3213248433,4175991242,1130717726,593109123,134292709
3037659061,4015908064,1087127652,573138995,122593365
3141976614,4166360909,1125586445,599938120,141798627
3182475462,4179764847,1125199903,600277119,148765217
2836424245,3443156206,923441111,474981816,135362240
2929435007,3839133659,1030010070,536962311,119385137
3139467916,4203597913,1138779439,611227425,134714604
3227007542,4233247112,1146737522,614578249,144401703
3116752914,4041151252,1089678578,585681455,146295764
3163578145,4071420999,1097292892,580157861,145383833
3171835848,4144439332,1122930824,595901307,140538123
3220317560,4167383559,1128945879,595857060,143780568
3013307876,3855092815,1037941274,540795380,131117057
3083075592,3992416530,1077540080,562565746,133797930
3140216576,4125973665,1116645433,589922581,126562307
3309708029,4455818513,1210489264,644629384,136223991
3155201049,4272019948,1149770208,607240812,135020533
3282687075,4168745569,1133149492,586417706,139382126
3144035290,4042261886,1087514758,557943985,124331252
3060446068,3845593595,1044180947,541937100,124947746
3280970407,4406186239,1196646452,628535993,120877809
3316771716,4362669036,1190179335,631809139,135567569
3168930716,4115736982,1114854213,593565178,149382930
3127487931,3967956077,1067973412,554867857,134686119
3092234871,3800476950,1030723441,534531602,131127854
3281173800,4387662080,1183925860,607727058,116398091
3188022083,4138282094,1121112967,584850106,127974129
3127374109,3926157762,1061206773,552493265,133759534
3256615961,4194735199,1135264085,583249494,123926336
2999047309,3918538135,1059520014,540736239,119680242
2675481902,3584463162,962694972,492666225,111174801
2694276126,3670201612,975772309,501624435,105795978
3158452717,4281164260,1159504435,613654373,122523932
3250375173,4363151701,1183002604,617269078,120448766
2940559472,3889900814,1044772445,537667645,121050319
2790462890,3681460769,984057567,501446093,117957539
2768509272,3749420479,1004212502,526887057,109117102
2934216600,3930360180,1057331945,561534625,121779645
2760421875,3716227449,998717642,529200838,124438392
3053488166,4175267770,1123061535,603566704,140518230
3131631836,4132309571,1115283288,591929331,136315079
2781365473,3478151462,935047197,484586053,120995308
3035421671,4012885427,1082300633,567080301,115177009
3033484543,3898746726,1053585516,553154594,128056966
3187300379,4212540666,1144983876,606850574,124354030
3227752155,4207761139,1140175433,611199816,138091253
3225752703,4218530168,1137804162,590576604,133499157
3252702349,4212966431,1148191282,569114055,107459878
3194388493,4311790823,1146372307,559168902,91034432
2792381304,3728693181,989378942,496757302,94106046
2877995068,3889163136,1043598684,535397710,101031441
3170350660,4236184195,1151165762,601075179,117786735
3184375843,4393173446,1192263972,625438738,118294246
2970901998,4030846584,1085280750,562228930,124253775
2946248914,3960490586,1061609898,550246028,120353569
3087731836,4137106735,1120994501,583678350,121596568
3151492952,4181167915,1130769062,588771048,124071665
2963814348,3958124981,1064834525,544474495,117887061
3013093635,4070222875,1097067928,567001312,115673718
2736488594,3509003368,940828081,487281463,120073022
3033211544,4039767031,1092120553,575971679,130580043
3182996440,4210869293,1139469829,604257090,128747462
3022823252,4060943877,1094246389,561328576,118967937
3036816206,4185506236,1123946809,580670118,117630359
2911401779,3912842531,1048170608,537655639,108713474
2998039317,3892625027,1052674808,547622731,114220541
3123498639,4104433982,1115805523,600122628,130344714
3044001108,3920014419,1052735221,558618114,145274530
3040813961,3974367862,1070107269,559488145,127482496
2947733352,3841789718,1033633693,536666703,124002875
2996368945,3884127763,1048673653,544153136,121980904
3125777828,4093127013,1107137875,585132929,128704303
3224800785,4323919374,1168630953,606236548,127885352
3115225670,4144558340,1120797117,587221618,123983809
3039867106,4084400963,1105059741,581349064,126801795
3090166122,4017466669,1085134790,556296455,124868190
2932600690,3881210876,1046269824,533200597,106845130
3238905360,4382905769,1189394239,616076857,116149258
2875740345,3686583217,991406201,515524130,127664474
2894599607,3914339655,1046245179,533620522,107971089
2980811728,4005357203,1072738426,549603577,119793382
2742791405,3651518040,977908488,498294380,100235942
2723942924,3635590444,970094319,503229347,111763622
2805157303,3668991296,983656460,521572573,129080277
2946992929,3933495593,1062299160,575001064,136192372
3171363821,4248053115,1150707328,615378584,143506356
3046735580,3819926389,1030128369,541478667,146752589
3159410288,4149210076,1116955711,571857678,114513643
2973330597,3711652637,1005017702,508844521,111846402
2523043745,3352175406,897450881,450059074,92977595
2767357457,3836373067,1031098545,538593387,108559974
3181798340,4215621154,1142961701,612455813,132991179
3202830877,4204863994,1138662478,610488157,144363289
3081256328,4059194590,1094831341,580055442,141570156
2935738401,3806603977,1031587744,533001287,126761246
3195877370,4138094771,1120339873,579717980,123268696
3202815660,4070168985,1106508532,579274131,130635940
3041885731,3973318160,1070688268,559201876,120267639
3078774628,3985944576,1079073096,567211073,127483068
3162209613,4088469515,1108197754,582697969,135155664
3255778293,4316307228,1168771373,604064631,114968747
2894935056,3702862028,994268293,510877510,117892314
3131165045,4101379129,1106663814,578874457,125900478
2951499290,3690082889,989741088,510070245,116768859
3012615700,3878884092,1041732309,535457984,115282883
3100115518,4080083879,1103230323,575621816,114993238
2911513315,3836461139,1032911973,538013258,119736465
2917831890,3891455396,1051273278,553584282,125276251
3116370282,4062355833,1095383032,570008313,126534050
2893161743,3747802636,1007810383,515288105,117596671
2918005469,3889526955,1046434818,535610083,106120357
2756893049,3669150151,983855295,524155141,121861615
3066356296,4089277569,1102490262,593624440,138525018
3075096953,4068471305,1100233746,590184254,142565350
3160822501,4070291389,1104200949,577835949,143043153
3125070231,3932208004,1063362688,549948213,126179524
2743415622,3482827865,933603655,478440118,115858689
2784272550,3629665953,972511924,507828710,117031824
2971898265,3908118119,1058108953,564502445,128112111
3184356164,4284369294,1160504792,621633058,132303009
3146680841,4165399074,1124444791,597107316,134813274
2858252690,3799747768,1009983311,534437405,132358503
3104185893,3933465574,1059224810,549111458,126963977
3302379742,4264446667,1159342091,607081968,120764684
3172017533,4039987653,1094532053,567069009,121548318
3048640229,3971763803,1074680089,558834768,125627318
3015495602,3772791753,1021807270,536560973,132010975
3237527245,4193603914,1139512361,590636221,119900207
3341760106,4488473274,1221590545,629323540,116143290
3066827003,4038629119,1094686974,561815748,112576449
2787477603,3595298344,960336023,485209586,108564672
3175650152,4141081082,1124872519,580215594,109955893
2906598742,3802983026,1027165023,541669726,119368942
3101125075,4148172822,1119425701,597799959,136350580
3112698694,3983223165,1078104160,570148140,138779379
3264531700,4274849119,1160177908,610635085,129956284
2989487526,3926394365,1049320926,556740790,134655249
3110649459,3961251695,1070776006,562584197,139671705
3233407405,4230784840,1149267240,613881180,137194674
3224187494,4057595670,1101891257,579864982,141530021
3242341309,4153057887,1124599308,582854183,132973042
3319589960,4451980345,1211725973,628886032,123964571
3095964756,3968715090,1075569081,562166050,133654229
3105116355,4018810421,1085593800,573417201,132644856
3231664545,4005407473,1089096618,570091921,129366723
3234406200,4120332638,1114707628,575024972,118130129
2994717669,3663417093,989015925,511271763,131205357
3028089771,3888613128,1040920141,529185588,124896555
3313381944,4338127940,1179324826,610782081,115124202
3398176543,4593827866,1248508964,634583018,113094845
3201868861,4224490841,1146653149,579357444,117713523
3017096931,3980938336,1077918656,564599149,123787932
3356329079,4358766053,1190287050,613605083,128293806
3312511746,4323633483,1168287561,599463410,113498894
3286078416,4374498034,1188368331,606518542,115598124
3353601392,4324778680,1180387954,602497111,119175538
2938514013,3770299060,1013069624,514412908,109970385
3113107464,3937762101,1062469015,553604604,131758686
3313648120,4394117444,1193770635,618009747,119463973
3257415068,4291251898,1165987519,610339580,125736683
3094363008,3941915464,1061770914,549969073,132140995
3182788626,4176862825,1131685554,583839024,118182655
3035338009,3955575318,1061727582,553892706,122078252
3238509588,4241642070,1146289493,598323816,134343913
2895960198,3693756023,994221262,520868990,131472576
2891745984,3832836124,1024031975,537760913,130155904
3215040662,4216545230,1145735962,611101264,148177965
3255347168,4147893989,1122727143,594274056,141436785
3284564181,4306923908,1157337926,610445541,139633439
3225857823,3881636702,1050989748,539287519,145267437
3047897518,3877100275,1047019419,540256245,124527519
3270135468,4096204804,1112127084,575599538,123525728
3275795860,4291566045,1168869683,601507488,121238879
3180034320,4209527820,1139356575,593094180,124214796
3129249989,4048026244,1093992129,580218725,143686711
3343862256,4298057338,1161098865,606622669,134534278
3301808500,4229724713,1154817367,593699588,128192217
3103718630,3975885339,1079086151,556039212,123067424
2885024207,3741311440,1002382106,511954529,118410263
2937565317,3818914025,1029493859,543374831,124871834
3137219819,4166094816,1122956863,596858703,136648752
3369064050,4547013809,1229187656,658444053,134559340
3388819673,4563022902,1225254114,645202700,123436835
3083676243,3992743643,1078045943,568659993,139916539
3338038011,4260443840,1149590346,604588938,144355034
3342233865,4132662350,1120006108,583785112,134426644
3250920835,3932918734,1062940541,541434040,131558225
3126775864,3906396628,1056815867,528775403,112337793
3176797941,4085169016,1111982376,565910485,115820515
3304047912,4346718633,1185611512,608371090,115958039
3303791360,4320491210,1180247364,615690176,118360082
3273308038,4339142527,1182130929,614530276,127757780
3101501844,3999086426,1079126159,554730770,128287920
3097669737,4032265551,1093903066,567618671,126259708
3174461013,4089814284,1109567879,572078516,130916863
2942732030,3808184074,1023272186,536149684,127857571
3014646090,4001123033,1078813899,573031741,140180836
3103515651,4007333689,1084803974,572982196,146271648
3143869371,4187723878,1132802998,600555919,135049544
3089982863,3962655724,1065704157,557522848,144045007
3088439881,4031155805,1089011213,571192590,130481655
3073352716,4055944500,1096136162,578995860,132621280
3205531423,4182179511,1133091956,597093857,145297027
2900423528,3703980964,998047440,525454716,134220182
3010213588,3898622156,1048176096,551169319,137763740
3176083645,4083231141,1104986399,574269919,126978211
3236935365,4350378222,1185238614,627490575,132827735
3069585260,4026764061,1090238046,577234236,134710829
3086635937,4195999209,1128041017,603128562,146581874
3234070230,4277984824,1147135886,616632060,153607195
3159924625,3955978856,1068773497,563015497,147649243
3161730220,3934175303,1065704076,564444262,148279607
3276560178,4135242142,1120275090,593621932,149984844
3059714886,3792244146,1022252536,530998989,141866697
3083257667,4031597174,1081787329,574684263,127974226
3320683182,4327194079,1171726047,620523015,141774532
3362910768,4517634737,1217140057,641467781,120322550
3122876937,3946865947,1059415675,561182630,143160118
3077540931,3861953689,1039786788,536513794,139393210
3265781365,4224436275,1143599413,598425073,130999044
3305472052,4173158344,1130338384,585817763,127808569
3303787036,4187841312,1142929296,596201050,119892993
3311464686,4244059877,1152781299,595239574,126252901
3155457449,3980425900,1077667742,549404329,127009742
3263607781,4209099534,1136486591,583746633,123971441
3392471837,4407558329,1202402465,609391148,121321937
3132291412,3969244662,1081672918,540448531,107445105
3238817304,4319881852,1172990305,597830068,107869446
3261259609,4216808774,1145006997,589982302,123490386
3379759624,4294822553,1173430289,609513745,128018317
3294299163,4233928827,1151224589,587857318,125018234
3111547837,4013981091,1084602023,555616315,122893055
3048884208,4053021426,1094929825,565179280,124560770
3206402520,4270763207,1163300070,604464319,121220810
3307000968,4414338432,1201827622,625507120,129279912
3157306485,4198410615,1137436452,588237222,124547982
3323967920,4603086032,1249399591,629283813,115035936
3225359522,4353953299,1186486533,605568790,113401829
3298445227,4427702988,1210696038,619944529,112059424
3250236664,4388370858,1195373706,609333949,118415449
3204188089,4189776589,1140559235,589165530,124315359
3231186648,4337048425,1177909330,610805558,129889308
3211410199,4115739945,1118314711,575444407,125144265
3054423036,4009117133,1086355512,559382711,122191858
3144158526,4155742702,1125937735,587355022,132124430
3218817990,4297932770,1170106035,611063626,123329280
3183655934,4190729496,1130968658,591454870,131194117
3102905199,4101922911,1107756405,589961121,140003027
3259820383,4183302773,1124610069,585107089,137985689
2944043819,3599069257,963138809,491031502,141398105
3249482853,4210468346,1146242454,585541235,112913850
3166888319,4122119446,1119017487,568915077,110744297
3043549561,4104565674,1115435750,579929040,115387744
3143360136,4174377759,1130014413,598879092,131921411
3177329489,4179849087,1130344732,597243044,143911429
3335949868,4472258224,1211970108,639759698,134333169
3164067409,4076102936,1103908208,575531153,139948107
3150149459,4067059912,1097269747,570566818,134586900
3391638914,4520411965,1233527748,647037038,138957353
3292746366,4350506342,1180845883,617104614,137972293
3189378338,4304350129,1167845387,604830449,131965761
3063510954,4037303353,1086605524,563684071,136733909
3238852347,4261310945,1149481972,601660505,129816318
3157323200,4134022642,1113208696,583612967,143044548
3127800433,4003048396,1084649706,557913105,137678150
3208997134,4056209642,1097903012,559033140,121022702
3369887676,4323078809,1182695818,608475207,114801551
3139346998,4014390017,1088759666,562996537,119562717
3044053411,3932174891,1062725734,559947068,130832885
3194831098,4106456268,1106589583,581881675,152532290
3333892740,4295981328,1166475826,604472315,132707526
3301054414,4222016983,1151131879,595831371,127171504
3136951495,4028032813,1081864527,567011930,129621186
3044463696,3792141927,1027523259,531358692,137098059
3234227032,4173645386,1136333392,590497204,137699805
3297091010,4323092138,1173414448,608779967,123164364
3017558974,3861924937,1036490788,532282835,125033442
3098114927,4076521299,1100152251,577321173,133217340
3345820246,4349572566,1183482703,614955679,130091203
3119784063,4132211586,1111403212,571581372,120948818
2718725482,3485408317,926432433,473214945,118442361
3088112250,4128697936,1115870297,582703425,118036077
3296118596,4381606344,1193560019,624990910,128126070
3347512949,4357363416,1185723933,620200818,131527959
3220264153,4238922247,1148573340,596158134,124698255
3277015194,4176645853,1131639795,573413430,125011712
3261658216,4213936885,1143805557,576722462,106004432
3040574428,4070237969,1099915574,553630947,97941683
2998987817,3989877984,1077169546,555557669,118480052
3097563286,4134625679,1113110288,577839795,119308500
3179722034,4288383710,1163846498,604218374,119703939
3065604477,4054536837,1095721626,575375340,132614888
3191679503,4128526064,1116683145,583260531,128895358
2948208414,3845205615,1037511723,539657181,122382646
3153620390,4176169943,1128361124,599614010,133951575
3221872417,4239782946,1144974094,615054567,154819087
3276661856,4337644505,1173513641,632229138,153334984
3241750221,4204335709,1132667442,601822858,161056955
3300097844,4218662036,1136493480,589818906,139604994
3213869796,4331473249,1154345221,605292921,132721681
3185681274,4337232836,1148635329,601945608,119948999
3272591624,4433892982,1186404425,624750168,121320225
3431725806,4497389845,1227602079,624308602,135379371
3118207594,3919884268,1062045515,544439925,125312823
3147809912,4095733628,1103134956,552350581,111881878
2781715100,3410238998,912842696,454977770,104672234
2871835001,3684582697,990279539,516498364,118392618
3269054347,4454914105,1207078170,640097724,130369872
3245701680,4243971848,1146257216,606634923,145391403
3296993988,4256420521,1155648405,604503910,145308269
3231783106,4210518245,1136609555,577609297,127104897
3175203642,4230794931,1155498649,587814993,108361128
3126843911,4319109684,1175812874,600543514,107669212
2840676800,3848134794,1036619069,540195077,122811147
3150220286,4201280208,1132583242,596920215,134172726
3294520562,4358271136,1185434922,626557278,137666410
3132810123,4016216626,1089642327,575861698,141752426
3393414491,4326257028,1168744369,609022421,137539896
3302815385,4218072034,1145637315,589617630,124535366
2935977597,3721357587,1003628077,517692225,126536913
3144292384,4084323324,1103252983,578595967,137007259
3257532867,4274268386,1161987522,610806761,133150595
3173521280,4068582300,1100219955,573896267,139648602
3129246477,4092058007,1112714925,576442359,122889562
3243706065,4190091006,1136691752,588114420,141672678
3088369429,3912990709,1055028400,537173624,122294249
2988388215,3939457904,1067292879,548602090,118781709
3045952585,3984102091,1077857766,557984792,125929916
3304247315,4462696907,1214293357,634384380,125472271
3298286066,4351077531,1188411269,623016401,132972248
3136825641,4143188625,1122283535,582768217,130668630
2730490591,3562563869,950310684,495264338,132385542
3125132295,4194655262,1125101555,600808258,135925135
3207831121,4095291713,1110459889,593953992,152232022
3181227170,4031244414,1090878880,573796086,142523247
3140371646,4108021496,1105415716,576175526,131855039
3100563123,3975226343,1073662268,565580276,148390866
3233552583,4218934561,1143134348,599803009,137897490
3295065560,4405154091,1197676641,629221227,135391886
2911728424,3669682648,986135674,527928402,155949847
3053556240,3964517974,1064625375,562539412,148697632
3092390627,3921160090,1058992499,563888958,152801756
3227804498,4173636071,1129591848,593753817,139390906
2994614346,3806184953,1027842931,541706059,144207353
3104128656,3885019343,1046886702,551260018,146396572
3151230121,4139314322,1116584131,586948797,132937435
3121235779,4069281255,1101303981,588549000,148326205
3271968395,4375853451,1187188020,621460394,144149173
3163538634,4082967103,1105497030,583651321,147140066
3355743615,4159494498,1134243511,586757655,131703903
3138056333,4095479984,1106320181,580690773,131529836
3031187042,3780279165,1017625940,531904279,145026348
3137363472,4112671392,1113385577,582931002,132594824
3097597436,4029072568,1087284849,569164708,129384817
3146493581,4180302014,1128913942,588643053,136108282
3110393113,3981041524,1078919774,569010593,135324623
3249006205,4296064505,1159455750,601662291,134427714
3107473556,4045216903,1096002069,573706269,126251473
3187757089,4043408407,1093139301,573920299,139227389
3332610058,4284113341,1164623872,614247360,135055246
3238813550,4072614466,1101528240,571752962,139440876
3123075736,4004941952,1082200958,548001171,121160748
3370517983,4416403662,1201013532,609012476,110053984
3276143518,4327906376,1179577766,605516728,110260630
3102659321,3988834634,1082340512,560251438,121718841
2868907433,3783881894,1008195792,528726518,127805841
3043440101,3943712548,1056719150,560886554,137464977
3083651573,4093032042,1096940059,582199263,137036272
3166166562,4119279381,1112024013,594452996,143735558
3160246123,4049221488,1098201887,580712559,143730052
3068719349,4055220630,1092288006,580187238,142092509
3294626013,4289554639,1163321033,616764933,153281553
3303138580,4386480831,1187885087,627348293,141052701
3318975357,4236810100,1152771947,590834805,131446422
2717886178,3451061766,930184611,477563691,120694111
2924664261,3877607408,1044508946,544270303,128354746
3332132807,4447322145,1207654371,636837063,129214860
3269199935,4438541006,1204980573,641035126,130933912
3228752119,4238321110,1145644507,605716216,147304053
2917283330,3674984751,981729898,511112245,139768807
3136663395,4092108068,1102347898,578730898,136815745
3200786096,4160041082,1129838698,590647004,132772918
2911152267,3664623162,983933363,512758383,138155263
2996902553,3953754790,1067401187,560533686,134234386
2955943133,3893605151,1044995947,546476164,127532751
3080756691,4187241723,1135107679,595042572,130332166
2980812527,3966119108,1066731431,571624328,141170249
3300924323,4392806014,1186922611,637807795,148948939
3345455991,4451564832,1203196916,636741835,147473145
3133448588,3965588151,1070385706,566976573,149055123
3302372911,4200740443,1138242293,590742291,141878852
2998726094,3792296791,1021699135,527007933,130656074
2792445272,3566541279,952997004,489979381,128175603
3044419893,4095434002,1107878634,590626071,124144053
3167742396,4197203167,1137240293,608600961,144618693
3090856386,3877828814,1045367516,542151877,138366921
3065817687,3985215368,1071718093,564364440,132669145
2837411078,3694391712,990746866,515992593,131086263
2703930011,3532460449,941972533,498500300,123802136
3200000222,4307850958,1162667458,629631197,142064696
3331735482,4409186599,1191951764,641606398,156961515
3261215196,4318437569,1168204096,622668511,144336093
2960230137,3738801625,1007797629,536004611,156352609
3315534229,4131059241,1117687401,585543337,153716166
3398781499,4315701418,1171979115,603724614,124242191
3119407367,3945133148,1069860782,543475285,115319722
2935611539,3714075783,996131450,505942954,116304594
3276493228,4289035050,1166288374,602799716,120743563
3200091459,4178584182,1134194880,592171012,121821599
3224911547,4125649348,1122175390,589605312,136653700
3271474973,4349921625,1177341859,617385998,140439516
3180865931,4089990392,1104941313,578684995,132376263
3216997324,4145548538,1125092432,587270213,138865858
3241989938,4162238343,1129069978,589102017,145678734
3235089996,4172600985,1132276210,590700228,132246908
3160887384,4047265271,1097907646,575058492,145038981
3256091309,4231088381,1148606540,594326985,133500711
3053905909,3879326456,1045483118,530417803,128350021
3025054578,3906430944,1055948517,546523338,122067878
3258162508,4233172605,1152241853,596790303,129022859
3222471251,4201641862,1140928757,597855534,135346755
2951618815,3806424996,1024318593,538775939,135933177
3132619181,4200373503,1128875150,608682831,142741347
3324492559,4218308707,1146902188,608549291,151201811
3323102558,4299434797,1168239568,613574843,146074347
2997014332,3748624673,1011417374,528266826,138141641
3261142771,4204313978,1138683029,588938958,137324864
3183830223,4083944211,1106310909,582569749,139366153
3274649339,4185873992,1137037293,589863378,133632783
3195838111,4155034020,1129458730,582445788,121678552
2936890492,3766651250,1013825760,521484612,126548645
3116152335,4128012990,1118583800,577166995,124348540
2925005711,3884564748,1048018259,556578154,126405117
3117257703,4059941032,1092142594,580057001,147561689
3111907014,4155492464,1124339718,608129101,142255489
3213568134,4106250829,1112080160,588703326,154777343
2959459976,3876765810,1048913427,554089186,144839971
2811089386,3649575167,974231718,512583170,137863109
3168647971,4122352500,1116266654,595771946,142569760
3317842380,4339643874,1177184264,626948146,143764049
2908290521,3750131062,1006770367,528139814,131052114
3001352134,3943014245,1057961566,556081505,140625008
3042367500,4068512583,1096035137,584032601,139027895
3071592538,4020584805,1088418654,588140669,150481946
3258593797,4214702558,1144002910,615111979,160661415
3301982483,4375218091,1186704810,636553114,152083065
3004006940,3770652017,1005709382,518156439,139920882
2692115904,3397488825,895357448,460625495,120045681
3276305180,4236097438,1151205015,604097866,131535410
3330393109,4335036340,1182313649,621959629,126526578
3229042125,4191407685,1136862050,600551430,138112196
3333950942,4397010699,1186913405,627170013,144993794
3312853102,4316967957,1170759466,611202153,145958015
3191900623,4165939763,1132435018,579213911,127832758
3035767350,3836507373,1037941984,522107029,110118560
3017487061,3943794733,1063902884,543000734,109513212
3257346972,4251576029,1155431979,602814925,121723562
3091334345,4099240579,1108518991,584126763,125530715
3128880782,4136244209,1115967002,590158924,135248304
3241235952,4213609013,1142058144,600743017,142002845
3056316809,3924325461,1054566856,549836967,143942707
3030655776,4018770347,1078454861,576180398,138000883
3294636512,4216384876,1144366672,605842953,147680217
3288169054,4137933989,1123592207,574227708,124588928
2923777323,3741548311,1010251326,517513291,122655647
3244963636,4218590170,1143964823,591906499,123727738
3218481111,4190975141,1144045356,591543025,127840590
3216928725,4422009057,1200140584,623777121,118178587
2752060325,3542455801,949496267,490655123,121128849
2980722362,4001656678,1079125364,565488353,121887437
3082370104,4201531731,1135296629,614880948,130984051
3046928026,3968769109,1066018672,563575650,146594334
2938257207,3865876601,1042241052,557584310,136232001
3217712340,4216964301,1141792516,609851561,151139452
2994289345,3843632112,1032737865,538910813,141850174
2935627601,3820246418,1027306304,539966551,131615547
2986967614,4019353900,1081767467,578080942,129374976
3081317084,3966873640,1066664875,566488607,141555097
3121838866,4067531389,1083115928,577669986,136098027
3322497885,4207228088,1141491530,609666602,152617011
3226356268,4018585112,1087633630,563667621,129487765
3169345761,4071444942,1100468765,580540859,137806680
2868261310,3731436848,999976070,520186399,133803729
3115443559,4112857983,1112044610,589101539,135542849
3301113598,4327611687,1171959659,624935249,140478638
3407068916,4330811838,1177188203,613276264,139115800
3224783994,4051125905,1098322465,575693298,133664563
3112542303,3936632121,1064260843,541964417,124595609
3095099451,4090641539,1103708267,574850536,127142434
2977618909,3966059604,1070616349,562191757,128947797
3132003279,4098220573,1107575930,581502282,131195157
2984886105,3758929762,1011837887,532649847,129663083
3138795382,4207311368,1138945283,592338248,124197678
3085003123,4076587595,1101779597,580541192,131414641
3084891008,4040714924,1093922312,568667222,132298674
3156455184,4129704462,1113236221,580799991,127707378
2937178611,3718571032,1004732690,526264795,135579228
3187726431,4289113809,1163451915,613754429,134636677
3072528568,4024538902,1082692546,579248732,142095363
3159090413,4040564035,1090614523,581105613,159597404
3254500370,4326819405,1168718078,621104496,147001881
3172908516,4031517275,1088773041,578767976,164493538
3033170151,3818131791,1028678295,532467696,142883972
2940321980,3743734249,1005680876,530469470,136077938
3084439632,4099722112,1105852406,581391942,133522589
3230221090,4219997178,1145168784,610294010,143268514
3179286303,4226445059,1143519642,612070903,156019631
3246059419,4165127569,1127986271,603522486,153991903
3243533218,4108853030,1115265500,586940652,148873504
3216962534,4067690998,1100603286,556970605,143696524
2981979266,3800744013,1026994284,516064847,108877869
2763461043,3529994463,947153220,496211428,123848069
3143458940,4286459063,1159928935,624514784,135306333
3144558307,4112521394,1110686199,595500157,150692166
3256413664,4346804299,1177832961,633753712,150469504
3122651568,3950965599,1058313072,565661690,160779837
3244564282,4014470012,1085376400,572533499,156277792
3346034736,4231693555,1146970021,597435186,150353373
3257975900,4207425120,1151612663,597405571,128721791
2910347280,3705650491,999400213,515216183,135261857
3029995405,3987257407,1076737060,553804659,124824722
3101845045,4126829533,1117481500,584783812,124163131
2978033332,3951637010,1068513591,571203873,132904467
3190457299,4264323127,1153444450,618180405,146152556
3274157168,4380002123,1183299785,640299664,159263194
3320196937,4256103525,1152993866,609730424,161425291
3262343207,4160681857,1126479562,583479230,135941014
2878181305,3639130055,975784826,508706236,139417118
3185771690,4249128442,1151844761,596301127,124223535
3053548709,4026150816,1087411909,568788053,133007448
2989320120,3886513006,1047049268,552089943,133443262
3094711854,4123075153,1112438258,589637424,143259286
3164316295,4289905384,1161854747,619521841,143256735
2934512379,3802764483,1022378954,543414185,146906034
3131279008,4156937724,1126329086,592851179,143642454
3056893911,4048305925,1094174219,592384285,149442785
3155210774,4102835813,1108242547,590952000,157667185
3097798331,4083314177,1097363776,589286808,161535449
3151013691,4136569712,1123285158,600378333,150585160
3238716587,4191279604,1127779991,595968435,142366483
3287898452,4216410392,1136134491,607375737,158748223
3297543515,4189392394,1139835466,582977206,133981244
2971550751,3843450139,1031972163,519111369,116622900
3087262950,4140246066,1114847013,569878025,112140171
3236652433,4256922113,1161639248,612534289,128392774
3209915629,4253443211,1155675582,605759821,130514099
3085052912,4178916895,1128181672,587631431,129703752
3205385289,4239100592,1149823809,595601324,128650623
3211113067,4232345553,1144751292,594279100,127493891
2853312979,3695123422,996858588,516311405,127555289
3014643564,4089126702,1103191038,576085652,124903692
3176473837,4266159157,1158332403,613060217,130917357
3201039131,4245410051,1151222401,613620057,143643778
3171521630,4228505410,1138613273,609596837,150818439
3201859720,4231253702,1144615485,611160174,145111526
3091467677,4086413851,1096121688,583186795,148152340
3225105622,4045666169,1094059312,574555399,150143850
3323543829,4320652344,1169560489,613225078,141971710
3023239332,3921141519,1057520858,555102190,137481509
3021735670,3888280567,1043595976,548430284,145226886
3227606230,4225466820,1142549589,605974399,141869155
3289074138,4306710695,1169600124,608104420,139394829
3239560603,4437715519,1205779169,633810047,127116215
2995228513,3752344748,1010150827,527429343,151301446
3220072435,4303799625,1160150371,610355136,138470925
3127284670,3950276140,1069023163,562697247,143395718
3125075231,4123640960,1115345545,588467012,133804099
3086203804,4130521271,1113974171,586357507,142436956
3057900814,3889492199,1047337306,547133134,143049577
3224245400,4289946091,1157873121,613685716,132640067
3076916676,3951711858,1067994529,563239321,139720204
3107645128,4132525440,1114807710,593327525,142611023
3268326956,4385361036,1187219780,631707756,146673564
3008855872,3924129089,1054962217,560318863,145499153
3025845784,3965675270,1059167626,567198626,157904411
3136776524,4012966059,1082369774,580610750,162897787
3192542060,4077899018,1102472476,592096795,162948490
3269345959,4116072782,1114944678,596969498,164725156
3188359990,4039853005,1088026214,574025182,153701826
3223945128,4228707192,1142662977,598102986,148072725
2956910675,3741411787,1007206310,517776831,136335099
2900533680,3846457624,1035960599,539074293,129015690
3068802102,4020726740,1089369668,576169829,141533581
3116835913,4196054499,1131117851,594184141,127959978
3009543730,3982209117,1071690574,569556479,139566838
3260485574,4323033829,1167903455,625704271,147189755
3121158184,4064076744,1094366827,584015294,153807783
3130678102,3954057241,1065950260,551332246,149735320
2558889386,3306106657,875203222,455016667,121945608
3074756010,4149382129,1119956776,599584466,136643019
3198152439,4186376510,1135676566,609369008,141175901
3309737836,4315361682,1167752210,624454043,155748686
3009933213,3782466184,1018563211,539655892,152171881
3286072953,4176433149,1131200649,593375997,149362710
3227340816,4211013763,1141716334,596480067,137756427
2942446728,3792789001,1022989511,524636552,124549185
2944900763,3865338032,1039318353,546540437,131972507
3064596328,4036566118,1088413344,576433413,131745936
2957876470,3933362811,1056737508,563839047,139095770
3272870769,4538626659,1217314793,654214414,142430304
3312937561,4507303095,1208393650,637296302,127076366
3199934676,4289610976,1144227459,604156544,132080158
3049707760,4217178619,1121742384,602669880,138565355
3272445720,4339298144,1162380843,616337104,156428338
3195569455,4072796592,1098512616,574651833,146176867
2658445663,3317508313,884128181,456303081,129744371
3187883732,4258059851,1155153331,620161757,140785065
3346259478,4339884142,1178325686,629471863,149100185
3310359666,4312620781,1174271775,631046105,152090986
3342064793,4320333112,1165129602,613820767,151608678
3170946610,4091505360,1104651817,578729380,144409148
2891819484,3650316719,977282270,502768244,137501793
3054088320,3912257056,1054437481,538773421,134649053
3178504534,4164437672,1134375939,595437115,135190316
3293718765,4487273472,1222269006,635179894,123654966
3237173736,4336811734,1179653121,618856338,132921969
3194192269,4210987911,1133498154,609078344,148526227
3281749463,4134993202,1117660824,589859113,158519122
3292989135,4080156601,1102032361,564200677,146004769
3418434381,4502660297,1228429690,629915530,116656787
2994477301,3920258182,1055159690,539336379,116685397
3029021496,4008854374,1081006972,561739446,124554514
3221615544,4309034288,1168774955,617758903,132475428
3281818775,4398577081,1192477192,625730716,138099154
3246061431,4203058133,1136912076,599738212,145758951
3271241767,4196970866,1132728089,600162859,153998515
3332484000,4201020658,1131296021,598401645,160777234
3298874202,4205770825,1137988909,585764773,128529747
3136633698,3873865638,1052995296,536707586,133374107
3301890591,4248472403,1160328022,590239866,120403395
3420747989,4559101893,1236108685,621713515,101667470
3456077649,4724822708,1293370452,657007539,109251901
3151353843,4304617845,1166834191,587650950,106731430
3177028142,4205154792,1144616467,578524369,115156053
3275096316,4468269201,1214399407,612448630,105720702
3009938631,4081621938,1107354651,576139937,112977231
3177735145,4330962886,1177285235,613811934,128114418
3057988704,4035135087,1089485898,574796928,142336078
3128552972,4160932021,1124744592,588217377,130860358
3166320549,4218028708,1136749365,605357555,138328368
3214416260,4283479598,1162910842,624629527,151633257
3306462379,4316943493,1168465052,617190264,151888100
3368646707,4368650636,1186110260,625974950,155404389
3368922102,4359608314,1185196403,624620025,152047921
3160012925,4001370569,1084590111,565518113,151637512
2941475275,3691607977,990420010,508184980,144608366
2922683058,3749897572,1006225701,521350861,134137877
3153147804,4200572509,1138875879,602509465,139523871
3200460873,4217147391,1142536204,608643889,137948166
3327519606,4453262676,1208869487,635948669,146400550
3238983929,4080190938,1110223567,576100950,145886467
3161113026,4205619495,1141571290,588317021,131527618
3079057944,3995729336,1080374504,561361811,132262974
3162479206,4093269829,1103787334,574044282,143248724
2859233247,3698004109,994605146,523747847,136239543
3048522631,3954891142,1066497951,564642042,143975686
3113244715,4170528936,1116788232,596266627,140134119
3080420218,3948253568,1060883054,557823902,146081088
3149976209,4111889476,1109267613,591688116,149611316
3274119509,4256092976,1150184574,604945937,149908789
3311532279,4204243448,1140264467,597128522,148594344
3262550158,4203676295,1140474921,598468057,141459750
3054353376,4073234384,1087049192,565807007,137705658
3198130424,4085323164,1105207150,578579874,147911472
3293663129,4223929492,1143443593,599397010,140120358
3235842940,4193816354,1136817595,596414186,135342178
3241010070,4131582198,1120035429,583849862,143737987
3242926261,4166617873,1123168360,584821629,142690766
3413327674,4420326332,1205367003,621569924,130076161
3437524317,4556371928,1239658554,633426620,113388470
3368125137,4475215235,1230452724,616336836,116609634
3165043452,4047193160,1100878238,555756554,117929837
2823396334,3740065937,1000224560,515470269,119010950
2975429665,3917448796,1055263128,555139286,134348432
3202197010,4323916451,1170057530,620596674,133607095
3286565615,4278661246,1162039067,622505085,151845181
3315144243,4267626612,1156284218,608577398,155765187
2974174573,3913037546,1049359491,556079651,138353261
3155464180,4139771850,1113821219,583354445,145957695
3227285888,4211159139,1136999439,598055150,146794821
3128116728,3997060560,1081232824,573357220,139074851
3150695723,4044803108,1090197511,574253169,153291800
3170024399,4092205424,1108548245,591185179,147373595
3289210599,4232662436,1141718382,605751929,159231576
3354946226,4234601355,1151454365,606328421,150705000
3255403458,4162626989,1128375694,586214228,145789934
3185893763,3926983590,1066344710,551610854,152297468
3246957357,4078053536,1107668401,566497577,138462949
3172425652,4161706959,1129799546,579722561,114504855
3082333376,4119650366,1113065258,578209675,129955028
3188044764,4226932669,1151309881,611239965,139607697
3187596373,4235132051,1146837919,603683908,144319134
2981552221,3955890346,1062139211,556408432,141331712
3088820465,4012231714,1074517151,578358698,159839805
3248204674,4212862485,1136750119,604221602,143607089
3392889472,4403095718,1193797546,633618294,150031211
3270926059,4156919824,1127816040,587400953,145667068
3244696889,4152129769,1128383628,582718598,135983178
3334612371,4230514748,1153032282,595156315,139691564
3393248335,4619610244,1254647692,642819127,118736046
3225749200,4256128127,1152892316,601209682,127744686
3124178968,4044438167,1093586235,565989958,145086967
2914351733,3698288484,988858690,517195660,143589515
3067634133,3950351097,1064027513,569832609,148958453
3241292645,4202007871,1123120893,603259598,159512679
3358925227,4250922201,1153735395,612797325,163506268
3423924087,4386128867,1195493905,630116846,148456084
3189029345,4071665574,1090093510,573572689,143919053
3152478250,3908790119,1052908900,551859633,152838858
3329636923,4215788673,1144157698,602861658,153502187
3414308941,4245156427,1151823439,603535918,148165799
3415485690,4369264326,1191105461,617504065,130698832
3226238873,4119540564,1116401249,579440310,131094106
3333086996,4277079326,1162877218,603713199,139273118
3354542224,4381728802,1188633384,620055181,130316114
3442431588,4384026783,1195978105,619502873,147047166
3233337148,3982014514,1085795596,550714674,131293184
3197723334,4116574787,1115996099,566894005,124142245
3124814816,4095707791,1107247435,569311107,126170978
3279165324,4334677522,1179371832,617460827,135945246
3359779627,4504648052,1220155337,644304434,140572625
3320061691,4218070106,1146760118,601701539,150257680
3281333945,4292178027,1160177323,606413948,140795926
3177865044,4068221017,1095783337,575029659,150282418
3137019418,4025410548,1090134862,571745734,148939104
3163634371,4132143034,1119974867,585688048,150392663
3178688292,4154654212,1124250895,599319266,152283116
3344133788,4316423091,1171606002,610847551,149385794
3306290426,4251318558,1154773863,600667971,140003830
2883913485,3605389614,967881287,499892774,135372906
3114280098,4183844038,1127526297,592042176,132692339
3128149316,3968130851,1076642972,572402317,147944152
3135449822,4165629545,1125810460,599602505,146718049
3266483459,4267822186,1153372850,617627671,160700668
3328556977,4311452325,1166554818,621598052,162324831
3269020788,4263745005,1153557376,616165071,148560801
3233643340,4076954665,1099317382,587162134,161840467
3381713016,4343682515,1174945495,620066194,152703730
3234091698,3920138179,1063395155,559420849,163284739
3423473840,4367761970,1186351502,618377821,142099013
3358985712,4290736817,1165896554,604408532,134378681
3224629935,4061583723,1103422038,571264780,136136854
3194255003,3973530965,1077400391,562343506,151028652
3025770878,3710869694,998032418,520084662,155743094
3043818754,3854076149,1040068516,547271631,136705192
3038425894,3938395513,1061314265,565395223,144902109
3366015722,4454209013,1202693040,650770263,163714651
3248108254,4261752922,1139691709,608567718,157299225
3260383341,4144977769,1120597191,598297100,158968140
3237083552,4024776364,1088214401,575769018,158332098
3252106752,4071868946,1103725119,581735811,157136591
3277189013,4215606408,1139784752,595734095,147023098
3129261585,3860350179,1045075748,543880797,138713961
3241830658,4156658188,1123956428,599265841,151323829
3310403690,4147602432,1121593068,590366086,156438887
3358476241,4310688559,1166674275,612381682,140950208
3441951171,4432346407,1202605493,627255274,135962799
3359870854,4293384256,1167197399,605348373,129829861
3239699387,4129139036,1123099489,575723517,136967876
3262363317,4218386405,1142268845,586424323,131422471
3260710093,4297377599,1166643873,609914900,134336655
3210720739,4142796341,1126753710,585853028,145587265
3158396701,3918413845,1058358051,544638188,147370884
3027557773,3879902030,1048829942,546101929,133980201
3091116303,4076973305,1095579539,577111828,138493015
3297339819,4325845315,1172273802,627169398,153286459
3331021524,4300898433,1169372751,618552348,150699795
3196768995,4291144185,1157360152,622501070,148994753
3206509938,4074831617,1097963376,583506145,161923301
3103772743,4003064131,1072118501,569614133,155058466
3142689550,4052413815,1084530240,583654633,164919860
3298959525,4009725969,1081110613,568552957,172075889
3505306816,4503022243,1222217159,639717429,137589972
3424798418,4482783739,1206129349,627377651,133782151
3314185263,4313603709,1151604014,593278762,126482486
3217884006,4255284744,1140058500,588830725,118721750
3266032091,4472541027,1195858686,625892627,125846034
3298596307,4483569547,1197798421,630432422,136062070
3264485371,4473888740,1185960391,627654277,135037529
3338819130,4474496461,1202817754,636731608,143669185
3418818238,4627541300,1242092469,653242664,136097875
3361881106,4261860451,1158529478,603415151,157364974
3200943421,4114452584,1111937137,576405843,153505267
3281538930,4146555683,1126797661,580951491,150478849
3190446544,3927572823,1063542812,543823239,139353783
3138675558,4068423133,1106550334,575403786,132483749
3388130985,4347434653,1188606309,612528590,137487946
3246251829,4213885019,1150224973,585566615,131833093
3253755533,4307942791,1174380964,604058881,129433181
3312159197,4344100854,1177880876,607350702,138178300
3375748694,4373321919,1189682822,612072608,140168083
3345092672,4491520529,1224748173,624389682,125661128
3189979428,4242633069,1149422615,598957681,130821093
3008724476,3807386944,1027923117,529767498,140941318
3201218870,4146427754,1124330237,587722511,139794091
3184501280,4145470820,1120287341,585028382,138526854
3212368107,4162314219,1131877005,592669027,139835547
3275672718,4318763849,1167047865,612369570,140571880
3213458507,4239933264,1146729979,600730441,140960609
3021869622,3923358831,1055124435,551806044,150299340
3203672851,4145503663,1123919586,589226339,147247430
3224032151,4267964143,1157223520,605369508,144329537
3176056116,4066986985,1102078951,575455956,141095589
3220643428,4221329161,1141138878,595160516,143080542
3338677644,4291992119,1167848967,607271929,149828567
3382636520,4436380976,1208663984,624242382,134325526
3139858235,4106066577,1113636213,579627329,139949431
3112943030,4015562568,1086278212,560002180,141632447
3119509549,4172493758,1121783572,587908755,140049919
3265909585,4417073572,1195105780,634642193,146263744
3324354676,4396927940,1198836179,636686426,157092324
3336163447,4298158127,1170091644,610441729,150217039
3275963508,4338507165,1179070934,603513524,133564438
3046927548,3971818706,1071839125,559740212,134451463
2906208381,3801171984,1015662584,538342920,140908813
3301405878,4183007220,1136900830,605955679,170107798
3405226333,4432098945,1203544993,633220729,146382249
3397381039,4446276399,1212733338,634343029,137480649
3486320271,4584671238,1250277050,638410966,124977061
3405214728,4507961938,1228812822,632464207,126948259
3220403811,3991494499,1087098167,555824740,135910958
3182774118,4073673751,1105111228,563145252,133169196
3216397090,4122441965,1121220176,572934102,125668772
3258696245,4251778586,1151144546,590224860,128681604
3379914033,4433247350,1211322803,617083109,123475485
3451287413,4643365503,1267771444,654146284,127913752
3354183401,4537574539,1230870938,642409088,132451672
3339526392,4398355676,1193618980,617549134,142550256
3273785978,4379802664,1195833340,617240363,132633779
3122419395,4103727525,1110682239,573141944,140699956
3177376763,4133927611,1119649889,583630910,131961466
3219312764,4263743379,1155375294,593502504,130418243
3183680380,4179075181,1127734952,583096285,129662469
3048742646,3927883707,1063868309,557018512,138947030
3375796790,4512388021,1227124042,641814425,134246121
3447133315,4473812777,1216663931,636383896,148934105
3428640395,4342554870,1186233275,606292654,134012403
3281198747,4223934797,1143222029,585098640,130529661
3380583916,4376355715,1194016599,612440869,138401486
3363520415,4324925975,1175048599,597098212,129554573
3244749747,4372773406,1179951782,599228369,116777083
3191760997,4122520463,1118796059,570183026,129485926
3098981520,4077834296,1109032279,573627002,121840210
2885864118,3737220180,1004769836,526806144,139025782
3160807771,4149092677,1119334096,595686999,144486915
3178626420,4202330925,1137313341,614140792,151619504
3284487170,4311243772,1168664958,626630216,165760319
3345244976,4377121191,1183207564,628153066,165754530
3248766420,4208503588,1141030000,604251456,162881963
3364053561,4321367404,1170864238,612329979,156254490
3258624714,4353360559,1176547382,612821120,140669815
3156098187,3881511182,1050719032,542691228,155754491
3112019490,3912490193,1057205825,552074994,140714505
3303115528,4191448892,1131601377,588407297,152289201
3384144401,4278875496,1165260317,606938723,138929399
3367427552,4191080276,1137772275,581445363,135334372
3307627700,4330070531,1176970799,597330516,115963545
3218971837,4138911239,1125550530,569109104,122593780
3341856917,4463269330,1218238039,625864009,118763389
3286845472,4415669530,1200201238,621618480,122399759
3253212477,4310408425,1168850028,611556259,141700226
3208945470,4350682545,1182294164,619337979,145409982
3040256960,3970809591,1071042215,563831607,139920108
3026816154,4032794208,1081307493,576735478,148446309
3285515351,4283495591,1159535915,623602022,159987201
3327001951,4207058051,1135239430,607145833,171857985
3387691291,4326415342,1172023610,610710084,154808511
3199920838,4148439686,1130875825,583293481,133724655
3067574243,3983047978,1075266906,555544465,134374674
3358842128,4495591733,1224651266,638276772,132907925
3268439875,4266715875,1163511578,603096377,132195361
3100348339,4024739290,1086527606,572869966,137862177
3092320459,3904302200,1054811694,548004713,151385588
3135282013,4099206922,1108043350,580002753,137550496
3116300111,4088977028,1104677843,580509049,141143769
3185677410,4367828441,1180999394,624443523,143921527
3142755718,4092019049,1101287009,585643205,158591574
3086237364,4112991293,1107274482,586339074,146891130
3138993919,4092286832,1106635363,587464295,153108180
3182778593,4064541918,1094120165,572019465,151320618
3041940306,3994083158,1074525560,573726752,149365803
3201833242,4073691944,1100383974,586611396,156941387
3268766302,4173732971,1128676629,599329959,159541710
3240427762,4238238375,1146415759,608328004,149922144
3091879860,4017855234,1080550451,577225418,152092302
3028988303,3832021429,1023508967,543953288,157664371
3213870952,4186818810,1134314636,603732790,157805236
3095746850,4085180488,1104862283,584935506,143308125
3055654589,3833397126,1033830286,545217024,155902574
3124974837,4218410611,1136914298,607407978,137121700
3103149080,4016502626,1082254164,578660119,161395939
3057277829,3963410214,1064363620,565845124,154651697
3308015991,4436784393,1200534191,647302921,157051759
3208543843,4139983358,1116917112,599141355,168313407
3339169819,4316871766,1169726036,622610804,164206550
3090877177,3761828695,1015320907,524878548,161717820
2986091375,3670014299,988248085,504965503,138492827
3090228729,4054476007,1096438050,568256494,129492166
3343928927,4463893861,1215549605,636948945,129658587
3278912237,4297399852,1164076588,612431976,141871463
3145287731,4163330292,1124363121,598685947,140862775
3262847353,4254012903,1150739111,617100419,159669649
3238804089,4191444344,1127484692,591754147,152680678
3272703187,4275484650,1161508971,619870244,149741879
3364025360,4469224208,1213229361,641634176,146249941
3290238755,4263671859,1154659491,605935983,153057186
3223636043,4267946600,1155091275,603397965,143600478
2980337522,3921535868,1059196122,559353399,139086188
3159108651,4302524507,1162913488,611662961,140049392
3259940717,4232652918,1142092617,607914245,157144980
3028736163,3878432235,1047033355,558638452,156289928
3257368677,4133482135,1113068713,597054260,167635013
3415099523,4371640557,1185785960,628931910,163499547
3288756092,4143595917,1120954492,594390612,156710956
3213376002,4019521506,1085617891,563442512,152952538
3198978212,4098351275,1113555473,582248730,146701174
3355683731,4266624132,1165669966,606239299,143770157
3165608301,4046493874,1096134672,569595630,144626430
3134772343,4029746612,1080052836,566007141,142156661
3247262334,4157316008,1128214895,585959310,142153514
3274247309,4129973448,1121772631,591397249,148317735
3273777142,4221947432,1145644845,597985055,143051111
3005736952,3818007862,1022389330,542142117,152119043
3178348918,4021301771,1084386438,569103267,154671985
3237104093,4096485287,1105814784,590260278,155583690
3168164791,4025956246,1087291762,574545802,162500837
3021797035,3885808753,1047408389,552725221,160886418
3304239784,4234509582,1149132028,599504109,149270910
3252365123,4353015315,1182909591,612294145,131897351
3120172851,4125453534,1117661674,584348054,132772694
3161470218,4111947538,1111425669,579802086,147551119
3253395345,4267621645,1153753321,615245191,149614373
3195481327,4159448943,1124683864,588858921,150626114
3150902148,4028162614,1092199659,579104696,163366941
3141670524,4058792544,1096443374,574019557,150534000
2931236037,3767835192,1012078042,539201538,144356355
3148134333,4127949727,1117539093,598808731,162754380
3259479488,4190647835,1135385218,608329570,166464679
3293075697,4276595028,1154905449,610835783,160796681
2984619050,3730992333,1002351893,527931565,161758243
2906368585,3621097895,968520676,503911342,146098083
3028334484,3916557956,1049489782,563583842,148218932
3202032577,4223005350,1136854652,604351759,150261218
3354939637,4505273117,1228746339,652924122,145367441
3352523138,4395376040,1195520438,640409137,161793586
3295043892,4190792787,1131162617,590794382,155297728
3053171104,3794847464,1020168062,530766546,146753051
3076571504,4079383280,1089092950,570932921,129974060
2952499212,3551606772,953169349,495278706,161740257
3060380933,3959183967,1061053824,558950651,132131524
3205369678,4168252542,1121255950,586592643,144836335
3290468474,4319093211,1170909645,613905090,137275618
3405091206,4281733630,1160895298,598189322,143607172
2997497293,3970101649,1062692108,545166257,113710172
2893281385,3768702460,1005665726,521153801,139762475
3239043364,4379856095,1187220223,634462066,138323252
3268740026,4265441083,1158278755,614289004,151375549
3284491270,4248285094,1145689006,591624926,141741998
3251501151,4479908374,1208334663,631357463,124442909
2926676597,3791989631,1012435623,529976419,142428824
2914309425,3840091345,1025610601,535533118,134630930
3202351510,4255851881,1142809757,615880006,154459364
3341699105,4314337833,1176727893,627211776,161612149
3357117734,4207961190,1147322384,608304601,155139343
3435832352,4498502913,1215286352,630515933,139638420
3364718923,4272930737,1160053388,597889170,152436909
3152048254,3813704782,1036382083,526396234,130291153
3269786278,4279216973,1160955009,585591423,116744222
3219624261,4225348044,1149040123,594896884,117047951
3150581859,4261224991,1158168083,596221083,122866455
3150935169,4270304926,1162189093,606534521,130141895
3073181482,4102147489,1108795317,584731435,143538005
3258440309,4349754426,1174546676,614779239,146403584
3295964110,4373633193,1170891642,621344111,144029121
3302310087,4402427949,1187273042,626131507,143171498
3306865746,4176277751,1129019132,595706320,157712315
3260616321,4116646624,1121452410,574956257,138567292
3140084979,3770209433,1021338378,524002280,139868681
3329526170,4306130464,1161969949,601628412,123821500
3422680582,4339871192,1183090406,614206020,140704484
3335600133,4209880130,1142824979,587203629,132849944
3348008109,4436088179,1203030618,627010279,135954010
3266938884,4104217136,1109200063,570105015,140184860
3349969687,4235163644,1156205924,597013075,141092233
3254693840,4195857558,1137713002,572345005,118990840
2880549730,3718807366,999353981,507761749,126575284
3047324510,3980577230,1079331761,558519489,122932282
3283299942,4411300159,1201472538,631036685,130118159
3194823889,4184650591,1133213468,600547900,146103723
3263048185,4286784804,1162973822,613500385,145982262
3234825351,4180491607,1129578118,587959366,141687769
3002617195,3800811953,1028076160,529472833,141723869
3168503786,4122527436,1118697367,579431363,140015986
3147208511,4102292853,1112996027,586299795,134824518
3104319768,4029673777,1083881997,564047778,140935011
3241551819,4360676765,1181121371,619274124,139130136
3388242063,4475941435,1206274657,620337795,140583463
3283146082,4310970774,1166850354,598630656,136197904
3242994399,4283792562,1164356685,600757714,132408810
3077321859,3995146616,1084380774,561196753,139006134
3120236761,4133548848,1117771031,578159499,124101539
3162153975,4115231843,1117258774,580715231,136611134
3141339443,4085670504,1103076203,575948975,132986635
3206125223,4233296390,1144467181,600946952,134462760
3337941129,4308103869,1175616563,609693641,133134645
3280378593,4366796815,1183759709,603457671,129448801
2969426017,3914839848,1064750637,552156762,128085804
3084097287,4366799064,1188152886,630760653,131592057
2929388148,4062716819,1100531851,582305706,139125329
3005770687,4222939335,1149355002,614218162,141485736
3168091176,4420538891,1213929109,660972124,157145058
3160847003,4292854426,1167487912,620735656,153958717
3109845926,4023447376,1087018360,571266836,146165226
3198076842,4258911720,1151317882,612528846,148369315
3296582353,4283923770,1165339171,619567780,156695768
3186216215,4085986256,1108683598,582837977,163977524
3129938441,4163455009,1127298552,580596940,128466591
2984112712,3878050337,1047545558,532916464,131201574
3149420747,4148363344,1129278300,578126908,130641910
2863817394,3757700736,1012429325,520122830,117350817
2986164722,3927644298,1060530049,555050222,131168699
3165555050,4264446939,1149503285,603207895,138235396
3267482194,4460955670,1217779424,640955645,145805548
3100103198,4287322557,1145115512,609499092,151150348
3088126555,4032681432,1085777084,580519531,167990516
3202464820,4239223138,1152245988,608978578,149570294
3293022570,4309756206,1169950971,616926410,149215224
3067453411,3935161626,1061537803,553879730,145470030
2974136897,3887768855,1046872159,555542404,142064207
3168982738,4203434544,1138575192,606747825,152086762
3182719527,4230537818,1154083141,618356044,157814580
2996231685,3837672571,1036292302,543224852,149578013
2986592063,3948463548,1057955848,554124855,146664086
3282093741,4293373808,1164617860,611546982,145410686
2945865252,3777498578,1018975520,534413498,138170762
3073165937,4110004521,1111154642,578269557,139786829
3132642692,4170375516,1131534603,596788517,135007535
2936374707,3983532438,1052885459,543225706,138810209
3083955402,4104310314,1108717530,573403226,140459787
2888059366,3756348798,1010610016,537352202,138035069
3103857071,4121485823,1119523735,586282194,140697875
3270820785,4365876250,1187657069,623111114,134745693
3072437602,3984932354,1082023042,563562957,140080217
3106105028,4123732463,1113231695,589783244,149315318
3089663134,4055386755,1093666821,574412103,153579468
3166179906,4111690961,1114916241,581100719,146607104
2974609193,3840104724,1035954596,541319838,133137920
3041080542,3956721806,1068559139,560824786,139561484
3189156938,4241541819,1149422252,609193896,142562731
3073047293,4012131011,1084710233,572937911,152034293
2883055216,3785843163,1017927366,539710297,143318665
3118071307,4080248405,1100144842,575351812,145820243
2805250680,3619847278,972378656,506818699,126691536
3014471819,4072231059,1095663861,586062796,133876875
3150069580,4281869066,1158257827,625359417,151498582
3265954622,4232166350,1146361149,614386844,166086902
3311280391,4486721941,1217933080,646833445,153504735
3278621153,4360802264,1178401776,620377556,153994200
3234330484,4258200524,1155074662,601326063,148722868
3047285171,3812896891,1031737406,524646397,143910064
3007460255,3870171106,1042016316,533312252,120495025
3179506801,4207311561,1139979355,595125646,124537795
3018960976,4027864670,1088521089,584441217,135573376
3193530001,4226831713,1141904160,610556789,154109368
3363983161,4473242852,1214628667,645616079,152582343
3302727175,4229449831,1150759041,598758408,154209021
3285732375,4187194892,1139134476,588922505,137924735
2884090647,3674613653,991240042,511521545,128243558
3058148888,4046823796,1096977335,573986077,132693427
3314714059,4337627423,1181997051,619455172,139146924
3209329490,4129190826,1121755380,587976776,138597859
3088078624,3894990495,1056791550,547479574,148628553
3085789850,4150848780,1117378946,581665516,128880409
2926398711,3848527651,1038622180,544176520,136859193
3002838747,3887721417,1048683892,556001556,141296437
3330252210,4469752873,1214500540,647146913,144976897
3383063203,4381257300,1191730542,626630592,155220095
3417423867,4387138953,1199743774,621260315,135708253
3119954335,3993943523,1085159307,560285310,129999964
2998712648,3923912560,1057596062,548591687,135738316
3192730111,4194357934,1141584158,605716557,150882702
3277040661,4217669317,1150276630,599313189,157306831
3102378599,4035000465,1091913421,567390008,134072300
3038317809,4042030930,1089566916,575637074,142013464
3188103149,4157117727,1128899639,595041275,149855858
3155060813,4116479627,1116812168,592864776,152529148
3324749642,4378197192,1193738520,632195311,151809416
3171329413,4170380076,1126700495,582412464,139540236
2941818738,3842484615,1039696193,538456634,135107212
3070382498,4038643286,1092086479,565890773,138098984
2911933479,3856659908,1042974253,549664633,130787986
3128413629,4174316672,1128612994,600017347,140114157
3153316134,4226929874,1142585808,614010985,144130803
3149867859,4077256400,1101938773,586098639,165832881
3188027312,4260053366,1154580620,619798865,161965131
3198762448,4054030782,1097271535,578142497,162813943
2845674658,3804738560,1027943694,539429115,141103966
3068029012,4052552655,1089281587,579188769,159553035
3277947179,4331747629,1179017670,630064680,152635102
3228848215,4117700968,1117169905,591509139,167754975
3237341505,4280560547,1160158213,621174221,159707674
3159768480,4098514123,1105995809,580948978,155228722
3216028910,4280169342,1162620291,615713432,154105769
3313642792,4222198476,1149132020,598146900,160141604
3245122110,4218444529,1146794529,593140691,136470695
3190932056,4126871736,1120977415,577720995,136989429
3226681281,4334067328,1175067012,601921221,124424390
3231631767,4222200955,1152915649,603694354,137491837
3124026215,4155995129,1127392577,590965949,145727473
3246992934,4254196651,1159957056,597635930,148543821
3156256515,4228213717,1141411915,600128486,131800202
3323590783,4383642505,1192130004,630458724,151321734
3191642397,4195889916,1141464423,595080853,152400301
3252543405,4295834029,1165591097,612080487,156999567
3229316844,4400280426,1197919403,636986874,151218311
3078545236,4209573305,1140937067,602963082,157923173
3273490592,4289342103,1157624408,614517627,161653182
3432053580,4576220694,1240021905,651282158,155241801
3360219929,4443121855,1208995097,624286793,143304524
3219397990,4167053843,1130850544,586270255,143201305
3263752622,4273375524,1166272020,604681309,140095466
3247893102,4237351923,1150003963,592374498,152832342
3173530468,4122779623,1118243142,581862638,144116067
3185632949,4209377051,1141322992,597774154,148806874
3293700921,4407733367,1197548673,623297424,151615565
3337397666,4465407560,1213942765,635169009,144844793
3372461840,4371913307,1195248132,628656185,153842701
3299471177,4331846844,1175234930,619172588,161142110
3387085452,4259569603,1160743837,590631476,154173733
3031613670,3961521122,1075819896,548401196,130406032
2827435862,3724701485,1006451727,518183560,132850000
3227347297,4411827607,1198175269,631816760,144314101
3406601023,4521873389,1232565259,643507015,156480492
3331812505,4468158963,1222832995,638827827,144654326
3277143603,4538239445,1233087631,648191104,148985803
2983175685,3972236166,1076289590,563855113,174407733
3143296095,4211339288,1142901461,601772702,158020274
3319948072,4390721443,1192610506,638967003,171950105
3300203320,4398037219,1205847923,638674306,162995401
3269162835,4464841956,1226954452,642620464,141540822
3289380849,4292418670,1178241558,608936546,153688475
3352619677,4583289038,1241998717,648823962,139407371
3235229560,4104267853,1122535328,579701576,161502095
3108644429,4155267458,1124470767,564737341,119448188
2899300129,4048753532,1090738677,555787846,116586245
3223970632,4417173991,1202432207,627450211,133035492
3244745263,4469432661,1218599449,644977211,151083097
3330465325,4428277481,1202538157,640511242,166988018
3324670505,4477679423,1214798632,646922923,160745291
3289792616,4309839751,1178052814,622861245,169458259
3142540192,4117111781,1119115329,589924997,170731875
3209050801,4160870924,1127543992,587646900,171009761
3284763680,4292639782,1170582798,610445131,151718046
3291705812,4227402432,1144063217,592096612,154822672
3234692441,4079906635,1107622902,572181715,152979053
3212993889,4092895841,1109114320,570747124,145724495
3052945034,3944253441,1063243373,552626665,142786652
3237532762,4351129315,1182235411,615770932,147847139
3257435623,4364031702,1189122837,622292225,141282239
3123931688,4077475065,1105657518,582611123,163261449
3160975691,4130658281,1116739345,579084314,152862420
3321759701,4514851736,1233107605,653003878,146456988
3323181996,4460888290,1211654874,640616570,165032434
3293346936,4186272804,1146283819,596060730,166350606
3361089833,4495084044,1223138997,637757586,146073098
3088643670,4192543175,1141519694,596500312,157258926
2978534403,3885664469,1064419893,548541976,140283381
2898264892,4162611047,1144005154,586863694,113080382
2707040475,3720645911,1016058742,514444318,103313906
2274459039,3100982991,850915097,428601329,81369444
1801247328,2490459115,686774259,341808248,66349842
1404697651,2000425311,547896276,270003286,40877778
1062373176,1518366890,418599268,205382183,27387321
949843442,1484936612,415689300,207484411,19199435
813561719,1293099879,359912850,181502576,14911641
707561478,1104444731,309371338,157350013,15877052
577344498,868098491,243272136,125344637,15410762
477694606,811685676,229372295,117933572,10623097
411534849,589075668,163417822,81782955,18299998
243106670,337484653,89897679,42906445,6615365
52004358,65546369,15471746,6531905,2606107
66220071,34151995,7949499,20147251,1391539
94757341,36476605,8816935,30827610,2879303
86497008,35828659,8477903,27367386,2533833
117449699,39276008,9625327,40396943,2922511
58161531,33070080,7524357,17311707,1562181
120234037,38001567,9422787,42458703,1589491
53827171,37329647,8250571,12107637,2676042
48642512,34959034,7924215,4586913,2964936
57951746,59814666,13895939,6564009,4815639
119835840,92573879,26523102,12561856,25633569
119885131,96185842,27604433,13179272,25342732
118591192,88992279,25536605,12012648,26096877
119393195,89411484,25583095,11991967,26543770
118709353,86361678,24687951,11494255,27005409
118407212,88781578,25382501,11937936,26252090
119317063,92440729,26520928,12583777,26047308
120472167,95166444,27299814,12991891,25978384
120093392,93883573,26950147,12804134,26067228
91349175,88029780,23318818,11775428,16213944
105516447,126755229,33760459,19806729,6426346
103238333,111071179,29483516,17531825,7960866
137598130,134707117,33649210,18699420,20956755
127451002,114492729,33754963,17027734,21878344
160428219,133443609,35824461,17659282,33130652
188543238,140891539,32391767,15512890,44635754
97098677,125505416,39059778,16432209,7520991
104495385,154232624,48391917,18996167,8065961
102163805,139111865,43634444,17313450,8442029
107275694,151647146,47496464,18698258,8780929
141356099,146478336,42220320,15245368,21222430
212525025,214634561,65254249,18571501,20006366
179847216,266040095,75741532,40149811,5127270
85925071,150213139,38553171,21814603,5683988
154257420,374658258,82393453,45798988,2284572
216828974,627150622,138905868,88985055,2582558
240071564,794070716,180178546,122510572,184052
238430322,794579781,180524024,122921881,279331
237673070,808432571,183706828,125594695,221040
236513482,806995607,185132045,128960556,146620
239831678,817657085,187577522,130663819,149232
238429094,812300771,186347926,129806973,155174
238653963,794739427,183438075,128527814,284953
223692081,735368027,169635288,116138798,764966
77803778,148526308,29886527,14525800,1917671
163330547,247346038,66097933,35283262,5578688
152977853,210862042,57479237,31320757,7077897
73643046,88086803,22270615,11367600,3909083
102345447,117687055,31367719,18566057,6842560
104732185,116774581,31125806,18218391,8281764
176331594,262947873,58805382,35582976,24256063
238759364,171444770,38280156,16865957,57497615
115854492,115030958,39077909,14136857,11162945
168761502,256974044,62114617,33826440,20395551
237571431,183205973,41682057,17701438,51679915
152611292,119179732,28382198,9333081,20204081
101451407,156748976,51170105,27730240,5913043
101200061,162592273,53272297,28985215,5609205
142926428,117175352,36193353,14060336,43495603
134092757,246889156,72972562,28033776,7190157
122999055,206716229,60875968,23730649,7934268
136495968,236953284,69220461,26741738,8199209
128392888,218413687,64219484,24948246,8219644
146014662,218447910,57727996,24895877,19470425
216965082,230531234,71712081,21012889,17561327
144904978,450038486,67603476,20338031,2094532
229709941,773227078,109058739,36115954,1923289
116248915,214629411,80624804,26734618,4050058
232031180,543384686,128264061,66480797,3748410
223577782,537140028,130460773,50466841,983621
240540566,413592814,98073286,19151936,1517678
240355209,394135293,87251244,14295740,1902535
239181912,365969899,77736822,10961988,2154883
239336259,355863171,74074907,9745207,2327274
238533095,351294622,72305260,9291309,2476546
239774808,345225084,70720585,8931304,2434131
239133492,335990938,68808749,8674858,2602946
218445330,650732483,143336234,100949545,335704
181093746,521174517,120545935,80657435,668367
225375295,656185239,184270603,101186745,348548
228542544,673720099,191150366,104828960,343919
228161766,672428299,190762566,104615520,361155
173958132,489729574,137313408,74009577,883853
232348600,738709972,178051502,82834560,71762
199856905,652605679,157057457,73941922,353521
97213755,118610854,31314534,18178330,5714343
91528639,99345763,26419468,15819341,6766631
104824950,116620224,31091257,18044867,8207639
223441062,254614216,55041803,31929348,37194982
234770827,136799583,31782006,13472125,47988478
107677597,108392611,36251236,13548919,6851818
164574142,238437047,57976578,31952978,17023934
237053913,157058414,35157262,14850391,40918969
164542775,81755288,20893608,8837336,32730382
141033294,172685952,47827206,21323120,6169471
102826964,145147528,47396714,25822740,6611581
148817276,118962966,39293343,18552936,39763020
114696291,142531551,42135832,17161509,10697569
140698298,232511137,68779396,26398247,7511053
125395696,178240682,52314740,20485481,7942098
141475265,219461084,64150507,24777036,8039609
133793127,200118130,58817843,22855099,7809028
135396532,203406187,55171911,23915116,14644696
221128800,195120388,55227890,12323632,21923958
122603297,271240158,58126843,22628740,4612681
228827863,779361948,108291636,33629438,1048900
115570463,315210527,49941561,18425395,3661021
266941195,593590348,170911621,76944626,5458349
183056690,479985195,104630225,42321566,752058
235628574,429396969,112756221,31317504,1659159
240243807,409878079,92542759,16136199,2062007
240968245,375947544,80962741,12036117,2337789
238507385,353919434,74356471,9974776,2582165
238984280,355543128,73264788,9472947,2771093
240003492,348524226,71405759,9042610,2778660
239550542,338343973,69371358,8754339,2934093
224969549,518696322,111687831,62962347,1424018
220257702,653744051,145185043,101994080,210370
185527880,523474711,143238781,79946860,792163
227186939,669982216,190084804,104243726,336363
228921696,674801127,191432260,104983000,359350
229419672,675651231,191740824,105139737,375495
130786141,349179285,86202568,40015436,907653
216716778,704744084,169549971,79762928,202130
146763856,440293385,106163482,50446889,1068719
104873946,124558155,33201875,19464954,6896781
103455755,112080903,29746801,17599762,8344725
144071102,186764849,44753697,25642558,18319016
239226550,234918826,50821584,26853159,51096571
145864586,126379786,38305686,14842464,22569675
134775774,181330860,50204466,23231761,13100128
236838901,246755400,53600792,27626076,44955126
156183590,103761079,25077955,9900105,32584780
133272856,178924795,53174595,25416014,5605041
98069445,150511538,49039500,26756196,5868405
137734606,112068796,36360480,16388167,42543823
130350824,233359572,68923874,26589930,7327867
129210372,225350428,66422743,25741943,7864805
128743131,215589882,62893455,24436670,8057567
131205398,229105328,67301564,26068482,8086517
124268810,235951099,64965025,27650097,9793213
225561106,185477201,50351300,10150368,26512442
128746852,313563328,68533389,26662097,4090548
230660301,785907446,109421940,34295692,797633
108745247,284788223,45657019,16998726,3232458
208264410,450022393,136643958,57705929,6342509
170272061,417126337,108982205,43998982,3229334
13917947,14509650,3831662,2221404,927912
3581155,2749942,692083,464128,417021
5021458,3160475,799693,541512,553865
3661106,2362398,583236,331456,450182
46064142,62035009,13570611,6617483,2517929
53969050,82794024,18397191,9027571,2573561
57065042,88842175,19765536,9651241,2664426
56486962,122855992,27616654,8594679,1486000
39626567,51673314,11130599,4741061,1931963
53235943,82592458,18328081,8832741,2547261
50393997,74292355,16562874,7860217,2377385
206318094,301089693,81356821,38863030,3198177
528073686,890290826,237105027,123226438,10314995
1674705333,2495266501,672933700,323593432,23689362
1581055629,2372264386,654728840,317622121,19457517
1233141295,1792194507,490869952,235655658,15275560
714469590,1135155369,316521011,148214247,8346570
341620298,576531117,161402399,74157234,3389474
100285912,148797660,37118321,18479144,2224155
31205366,38714541,9112267,4412587,1983761
99299162,166043439,39368197,17793571,2806964
127308372,201475940,46791281,26490194,11306153
70368555,128025015,28585862,12153190,2914234
63730982,111788314,24780005,11412625,2642542
95808338,244540159,56703171,17885990,2270601
54024553,82970603,18834105,8815610,2450407
43137054,62342750,13891796,6598341,2067753
118538471,188684212,45258475,20356525,2909465
159831144,379905425,89287196,25581846,6348434
117942279,356495454,84069651,23006554,1856441
52498166,75456684,17056502,8249919,2891590
56437648,87669572,19865303,9750384,2742816
70064698,150617621,34605325,12820753,2365539
141279061,441634373,104152231,28194972,1108640
104421731,295203325,68860130,20278895,1834257
86296080,180730534,43407175,21030552,2761550
200447835,343799622,92696417,50852355,13740604
50499523,71755920,16397902,7471522,5551463
47428551,72166781,15860336,7817236,2332952
55831261,86622010,19380442,9571927,2694507
58145534,91596273,19511030,9344038,2524240
79219865,193728909,44507558,13865955,1958550
70810553,154685668,35027513,12905435,2129991
57736688,89745356,19550637,9172720,2661499
66703815,107258123,22479575,11397291,2360327
151233440,244266625,56064476,27866467,5582130
501218740,715203030,186488296,93893530,12541927
1220363669,1814772477,476935635,236843884,23394324
1433593468,2222518186,599237572,284514234,20891918
987563085,1512012581,385815860,191216601,18280662
2836142377,4201473861,1117548554,562076990,63963753
2330310553,3381723087,902837774,441337641,49777359
1520221822,2258810474,611985187,295814554,26245297
1699897277,2414317147,658055991,320221747,25058382
1438154310,2135466767,581640034,279194645,20169614
1137951170,1713631712,468963497,226174344,16444887
826382983,1286528146,352799130,172818158,11611241
706174237,1192516490,327946992,150806825,8337729
638579405,981374369,266734073,127727213,7096720
374435797,588115535,157503181,73763851,6327857
383930675,576151130,155886398,78197929,7655662
435347401,660983491,180706122,91743580,11105499
432641511,615108693,169610691,85828191,12663664
448453732,657955032,180734767,93171077,14512884
365170352,523994427,142172734,70722638,11369637
251258025,415896678,119279584,58045381,4904338
236101639,398741528,110243583,46528870,4184476
229863455,364029855,97799229,47115700,4329043
185197098,382352573,96538023,49079304,3446608
133567291,229306155,61515574,28416209,6326814
1303136332,2090866395,513529743,261513753,35715540
3080676838,4274746981,1150525530,614526126,112173003
3169579088,4288757888,1162592026,626840804,127245518
3135434439,4226735752,1139867174,624047118,144205907
3110188001,4119318651,1109917267,602418360,161342580
2977940700,3781832025,1013017327,525653905,141627263
2917291552,3723837406,995703655,514531786,126026323
3014326216,3723654420,999692752,519787949,136231746
2963285623,3805158265,1020504660,532832091,118743595
2870700399,3650228687,978712478,510390984,124326594
3263054591,4303126994,1166066427,617919710,129269932
3194934293,4205989439,1130718674,596600710,115405600
3234028452,4104514488,1112582959,572542873,134205893
3107741455,3958914836,1067962557,537839885,117644149
2891356197,3620152724,975614202,500897368,112008130
3270900255,4202259516,1142585343,596791045,120106653
3320408063,4336245471,1174814836,617402973,125946889
3140955348,3988914573,1078086485,553065795,125246565
3296038221,4244220400,1154259132,593869955,118270091
3167540012,4096355727,1111202434,570601685,113720891
2967990088,3747418398,1007250148,514539415,117106444
3172811396,4308270065,1169254120,597360743,110341243
3184323131,4126546438,1121964054,568813932,110290657
2757114376,3631539611,976745899,504754157,105185319
3188497157,4289054103,1165462897,623985358,127643362
3243058498,4302103661,1165402348,616411845,135587702
3176062288,4080138870,1108638021,576907218,132153956
2820819951,3633651137,974600229,508899669,127664587
3156914150,4019158016,1086975916,562731033,130407513
3216119477,4141512853,1121507356,580465657,119013960
3273829864,4274130435,1162105277,596457106,118697630
3124827838,4189187726,1139528324,582510501,106707470
3164475335,4468060778,1212157392,618930613,104047551
3017771777,4121178127,1085342624,545853331,116798968
2911667746,3944115039,1060125255,551186822,111751416
3065286511,4016341641,1085006124,574310567,131166536
3191747871,4282106430,1151558572,613843023,137397043
3110784374,3973336049,1076827113,564221583,138913553
2951192848,3786345604,1018551904,523796103,119431041
3121601786,4156429136,1123290202,600074511,131566888
3220404416,4269490176,1156116814,620024128,145367837
3096109917,4108364845,1115399608,594207025,142474342
3232661111,4355152651,1175288122,611778191,127006308
3097364319,3803215887,1020222533,527731570,129541450
3069215217,4000424708,1068057206,552543047,115278298
3164418366,4265469498,1143979133,600049234,119777771
3129175892,3923768199,1062266174,551962154,136086020
3108257862,4162003058,1137125410,585882696,109716411
3013517311,3904649011,1054379060,530849934,111464912
3133724401,4108419367,1112614890,569136665,108783949
3368636775,4526662817,1229228205,627556900,104416990
3373191209,4627111392,1264840817,652587907,108365453
3301281542,4528836683,1235893734,626350473,113731652
2654971091,3485092747,927826471,472458180,103120107
2926315545,3924821851,1058153662,552197182,114650387
3240315306,4370482624,1184440056,619097649,121413351
3125869491,4156843783,1129676036,594228229,127663596
3128535253,4218040405,1136551515,600542285,132626302
3131457318,4169454758,1125877817,590224242,127326315
3126058370,4179575948,1129517410,599397127,140348318
3086788980,4025817629,1085957079,583570560,144218590
3035947270,3915586754,1052637544,549244693,142586696
3088526284,3796715515,1022918833,526532281,126362953
2913545152,3804905061,1021031913,527780228,115460203
3146129791,4165877390,1129636311,585056531,112100409
3104022594,4075363361,1101392618,573621127,115244278
3117406723,4180933706,1130510552,599452565,133077487
3109084066,4113937989,1111603596,595272754,139511232
2966428982,3832453687,1031644775,549434421,145359823
3179573212,4151923224,1123595752,595112416,138087652
3223584481,4260016831,1149225332,611955754,133022543
2951217700,3796135854,1013478721,536395849,143645537
3315614685,4191087931,1133626284,598698950,150928084
3310466357,4137767277,1123148560,584099486,123828356
3278102008,4160633572,1126962511,579427858,126828130
2916072931,3644910285,976991997,502067487,121889119
3110115572,4016035038,1086374761,558247723,112434680
3308767123,4319019033,1170734035,599303269,112185910
3280092663,4292873291,1169268800,607695278,117665958
3307636151,4296059793,1168733289,612243428,125696239
3412992256,4333299963,1180955521,607534556,120972088
3023771567,3775788560,1020324213,516175094,114949376
2912812942,3835011169,1029597486,523358746,106773414
3027926728,3885603392,1051555017,550521455,121705829
3294471820,4298976940,1168719829,616953972,131639359
3344268771,4380568631,1190707047,626996876,130527017
3297945709,4317345838,1169853084,606826974,131146242
3162903266,4040513509,1093410400,555329570,119767048
3119236860,4126412664,1115645336,572330662,120544082
3204607452,4127496878,1121109990,580660155,125635360
3180789584,4204542835,1134631981,587602612,119329681
3245414820,4329448628,1176492432,614609817,128300382
3169055378,4168031982,1129572326,581798695,126864168
3013694152,4040614221,1087923447,568698800,125615952
2969857807,3973414782,1058141119,554274090,132030195
2970502424,3853720950,1038092094,547958182,127477913
3302123834,4364241394,1184629597,634089395,135727712
3304557756,4295924144,1164391237,620298723,145735391
3103135178,4021082597,1084143556,579794143,145368111
3218173802,4191774561,1126093936,594543206,151915745
3063111377,3813160782,1029189781,537157568,137215147
2907194396,3579960414,956054287,493733625,129153594
3233585486,4163146114,1121300766,581016880,123226429
3409156121,4550212390,1242339800,651899140,119760178
3280334858,4380813417,1191427066,630321463,134297354
3057610636,3902996068,1050451373,551466789,140744677
3146574315,4013752799,1083315437,557724914,135930269
3217543655,4123599265,1118145731,582505500,123231600
3346920114,4299105236,1170109078,602381672,122002579
3379554849,4512949105,1234271753,637141658,114841247
3166442953,4174313056,1126869328,583824660,124296547
2975128786,3936986641,1062534240,546891222,118074990
3084607164,3952209423,1072540141,560377645,131045217
2976379577,3992741390,1070245990,566371871,124523291
3043774890,3985018513,1063575396,569847009,143085572
3109510936,4033173445,1088867023,579958195,138180964
3173355736,4070610920,1102103278,590374954,141671145
3027841741,3884790412,1041940435,547680933,140344976
3114366511,4041024612,1090188886,577803437,135404714
3329144666,4495531281,1220013020,648886467,132182990
3273920112,4264056440,1163865015,616388319,136337902
3147240612,3853358154,1044231727,542962373,134056620
3116932602,4062043577,1092224473,560940470,123542538
3203381172,4023885338,1089812307,568904274,129852125
3334921899,4317469037,1172552370,607804064,123530419
3421216905,4454833370,1214521930,634861104,123467113
3298767839,4225850885,1148900854,601061212,135039271
3114385420,3940514138,1064531702,543678580,132377865
3017153881,3903238649,1051958004,543782837,120524707
3094882060,3929476589,1060818307,554412806,137369488
3113818055,4121118615,1114740090,585352019,127960626
3273131723,4290827048,1169916866,611391349,132395401
3132957848,4035349118,1093288782,572641474,133427758
3335531978,4352090915,1182077660,619306961,138006171
3270649802,4242648664,1151605396,592668316,124277525
2868307997,3657912855,983604510,507237840,123400026
3142445465,4266151998,1151965660,603448114,125420479
3209058666,4311894367,1169503589,614543253,135084179
2945303834,3965432412,1067975023,566780863,132711399
3092716423,4079236858,1101199301,598252560,154938132
3326891543,4305285335,1163637730,616481426,151345266
3063769981,3945922159,1069027230,561382881,134253944
3014756095,3924936505,1053051507,558233491,129108309
3383726170,4367121649,1181721392,621294495,136033097
3371502527,4356409629,1186707647,617120035,133685165
3256861273,4105434200,1107385235,565378662,118479214
3185901466,4052755875,1100845528,556618416,109763432
2983829888,3858554339,1037369966,530644400,115744218
3200427382,4162377515,1133190563,597118154,123661234
3365929309,4414928956,1199881410,627866967,135226704
3332570861,4365187754,1191071009,622453611,129877429
3078511733,3900449908,1052093630,547193181,131093182
2950186744,3869919752,1035050024,540406474,124050488
3029021433,3894362020,1049682000,547002727,124059640
3129883491,4176210429,1131264092,591776835,131270372
3097933093,4142289512,1119813796,602348792,138315170
3106009095,4054764137,1088543877,586278620,154485894
3200329269,4112106486,1114068017,594021852,152025317
3093123835,3925258887,1054668101,552730806,144655535
3245383002,4133427347,1123240123,593437889,134522613
3161640490,4088899897,1103716957,580700412,140565956
3298396771,4265049021,1158402576,600284287,134353123
2978500626,3718017581,1002507106,512494250,130519589
3152023544,4083730417,1110391138,565469682,111827655
3145064005,4263508293,1160056036,596177873,119552470
2924420739,3787139307,1017334470,530630147,131866251
2869873581,3803077830,1021549219,538907038,129580784
2929720853,3909477641,1047034622,552652341,130461886
3036635803,4060385402,1093707437,577195661,133446493
3051869421,4052038161,1091410580,579636492,134170119
3019478110,4011000825,1080933214,580729083,139595286
3186014963,4155520457,1123039007,612065652,155836476
3248134183,4293626085,1156888831,613229901,141477978
3192737370,4003988303,1080835437,565757930,141833493
3145890986,3845933091,1044550576,534374592,130277342
3074424276,4047023400,1093852235,567823379,117960799
3104719821,3964266109,1072437676,561057234,133927588
3115896776,4019476131,1086052746,565519480,125616976
3214132674,4360754138,1174656818,619547535,124364134
3073022593,4150581932,1111715968,587572891,134365177
3230116803,4408483733,1187722481,634182727,140819270
3221260830,4110339293,1108030162,582939587,150293301
3248929036,4201765023,1138283899,586848868,122417539
3103935078,3917675949,1059931935,543400821,120297882
3023908011,3764707476,1013827962,518408241,118177085
3194003003,4166974884,1132152507,584956016,117357964
3261439482,4267820969,1157477436,606528104,129695077
3246795267,4272075659,1158803790,612531890,141267280
3273432466,4140067238,1127757329,595386377,144963345
3416974603,4417941707,1204375510,618570309,122542450
3257355985,4090665095,1110570632,568402473,114584585
3015907527,3818356413,1033661209,523381401,115729048
3095219614,3963600280,1073030097,559713260,120740014
3023935524,3848065515,1037132599,544111824,137122030
3167931202,4203044662,1138135725,600587817,124749291
3297082338,4270671243,1161515029,613648126,140832294
3096633786,3986232851,1077408103,557332489,125309195
3143300034,4156466538,1123438883,595321840,129731554
3294753117,4266491885,1162330687,611505450,148079465
3163234882,4134169345,1116689498,583219104,128601727
2924571470,3715820477,999213727,512163435,122399663
2783479308,3727146999,1002304861,514837356,113241778
2899965030,3972784499,1063585080,556042777,120025627
2970799799,3923109156,1055343846,555090976,128784539
2888252522,3820597948,1018684774,525208255,115762581
3131569351,4213767398,1142916124,611520611,133902968
3221570231,4216435510,1141363645,608068489,139696362
3197920768,4149001237,1124180693,593447239,142866684
3043185584,3897933817,1049645729,546865238,136118550
3143444856,4082529967,1103138112,569064770,123618032
2964161957,3852235931,1039797635,542308613,116071889
3010118236,3884946040,1046598832,547530775,131725823
2976475634,3931612407,1060739429,557511352,119888108
3021439530,3930493488,1059724188,554389989,126875950
2986977675,4032141595,1084704056,570633427,131051397
3249923156,4344808916,1177431155,636138016,145617089
3290267168,4317070494,1162645599,619964665,145878921
3166838291,3892627591,1051548875,552643754,149269124
3105532851,3829759445,1030691027,534864538,148146488
3158450020,4047368893,1096897498,560878275,115255059
2941632178,3687599475,993545093,517028757,121578363
3054349183,4098304137,1105638075,583446954,120358196
3285817235,4282835536,1162660309,621263157,141611183
3366225298,4400270105,1194160711,630032316,133301339
3304518224,4263437350,1157301944,605121201,130569240
3069938066,3913574411,1057307593,544004884,132063141
2810863190,3594371430,962317735,499765769,120247063
3111345808,4040570574,1090836903,583343009,138891101
3242163252,4172974584,1129599940,597241441,138963728
3285954917,4264606088,1155246346,613466761,140808668
3237756334,4154985463,1123350533,579515352,130383665
3298543182,4238122020,1156415499,595678110,121129304
2989730613,3847883845,1033384856,531491379,128324326
3330892832,4217645018,1149009994,595755601,130083336
3460755991,4453081621,1215992000,626183492,119710892
3226289337,4224794738,1148364170,581700538,104943004
3034503729,3967794511,1071096938,554659578,117782460
3173335274,4105075244,1112080911,571570398,127779819
2749831988,3538595905,944940377,482719498,113512559
3001256932,4143982524,1120181874,587007697,115651751
3192041545,4271798158,1148248790,597694239,126567051
3214887579,4234593360,1147207787,610637501,135061528
3101830584,4171000067,1127274805,606820225,142880469
3209401993,4058754531,1090970230,575992487,157234369
3260118426,4110911799,1113555960,582423990,136832568
3278850004,4167171402,1131303411,585057426,126930939
3125591851,4034304739,1088144515,563446808,129994109
3124059482,4071227373,1103701795,567266132,123169032
3094069851,4162365018,1125314875,583568271,124222300
3163274128,4625273333,1247584835,664847558,119522590
3191060780,4051879025,1098431847,584598852,146285186
3167927737,3945139349,1066401711,552454909,138039792
3361720266,4329974887,1182733108,602211749,118314164
3117985928,4181620637,1140885492,584039401,105044749
3096066540,4036382021,1093322916,560574901,127877350
3001387183,3796646543,1025461484,533904291,127503519
3056027964,4147239348,1118929400,591137625,124462517
3166206573,4061379384,1099781557,585786711,142916061
3220171722,4218115390,1139254385,603461099,145142112
3271896589,4316140625,1169198261,614949276,133393541
3139858259,4125292499,1115949686,582006364,138144997
3148413413,4021797474,1088809910,567143387,133269506
3024182501,3879671181,1042442257,546114899,134944189
3005821011,3851078002,1035275199,533107936,122051029
3152703257,4186214750,1130395626,593051171,127416076
3201355214,4081694621,1107229292,584209156,139508308
3349511365,4352434219,1182456908,623129372,134281009
3398863195,4521786185,1222171902,622965239,123353874
3190110091,4116619123,1111893933,571190426,120905363
2753368088,3470648060,932667593,480772454,120015988
3005904305,3996729603,1075732218,567547928,123137711
3175958768,4231790102,1132947561,601501645,130696256
3191449119,3911992410,1054638261,549145129,151017894
3380454638,4415351216,1201164277,627745237,123342811
3346172640,4281130913,1165607587,604949981,123222765
2993825717,3763833995,1012397350,519644975,127186833
3270639294,4240705145,1151547101,593506540,132418491
3299593267,4338759971,1180333465,605473997,120508485
3125388559,3947700646,1070245638,544977161,113935702
3186977027,4193230850,1138245537,582318227,113654442
3069887425,4147090929,1113648530,582710108,119683617
3164058796,4203230627,1139819878,600592905,130158545
3267038235,4260282484,1160028023,610370985,141726922
3158765853,4015139053,1083401726,566236144,135204036
3115743459,4026785992,1087052426,563038609,137421519
3140973340,4097581427,1101700306,569679774,126201986
2995728676,3741604874,1008089652,514799341,115411609
3017145603,3937778057,1063814660,558036590,120175513
3319888552,4295101781,1165129041,611668207,132271376
3368572732,4470700244,1217372114,638950727,126655456
3170573729,4050754461,1095698051,566549209,123837374
3166017700,4185214693,1131165855,597218534,131949901
3053835891,3867628718,1041908612,536456643,141129987
2990600954,3895564881,1044389923,551825383,127157730
3088925603,3989558483,1075979176,565500817,133040917
3344844048,4358286939,1187087214,616883928,123433798
3322430191,4369825801,1187898000,621742060,132328072
3241253257,4326257525,1174288053,610003177,123342560
2989973413,3961639134,1054651625,547638870,120196987
2989853928,3988235204,1059792345,550439606,125309233
3056284028,3926838534,1066936507,554181455,117369191
3114838433,4048477696,1095071152,569431158,124902823
3277579086,4382736602,1186039332,629505356,129322106
3122140255,4038856700,1091288290,569699026,137744415
3379001926,4295048578,1167511252,602760093,135726203
3359982787,4263994544,1166723832,604381776,113244352
3115599363,3962681034,1074523926,543546803,112844273
3117591928,4028369007,1090696791,555894465,120986794
3207428869,4259689087,1156988811,601626291,121113454
3360170716,4358677099,1187361565,626378478,137205652
3324306868,4288647914,1162562780,598206008,130273297
2985066955,3862054066,1035729424,535235165,121157051
3091378369,4021033515,1077050858,552456261,114643755
2750019741,3710341816,988932935,515268892,105885608
3046769518,4092000583,1103870245,586398458,130284845
3095093496,4008174114,1087025262,570549860,134983226
3021143691,3828506617,1031757619,549707355,141367248
3193459051,4207180132,1137308780,604684528,143293421
3026097982,3947160922,1064623360,556509129,131823203
3026614918,3981894742,1070599420,564542389,141177188
3092997247,3983203319,1072067362,569137799,143649378
3137220834,4201475425,1134188936,589728224,133722709
3357667057,4501597131,1221564226,637295818,129657768
3213469205,4131218007,1123688900,586585913,126020234
3174606695,4203983181,1139453162,572452435,111118653
2896954759,3789596270,1018137451,527126180,118508553
3207166665,4267090317,1154494329,604465045,125295233
3356190617,4444596490,1214448105,635649206,131921761
3353678091,4445130869,1213247955,631471048,134903135
3176566565,4110590037,1117202379,569052108,125667543
2877140629,3671971593,994680080,493381911,116915594
2750034465,3719034128,1000407685,515671745,105538811
3002959108,4049498462,1094129608,579444800,128628662
3279961196,4371121090,1186675141,632380934,134825185
3159563705,4211704231,1143225773,604893236,141806086
3256179845,4190895888,1134269049,588080062,140490439
2913133837,3626378914,978314444,491871465,117294912
3079461633,4132907720,1111765682,561881495,110506408
3000994508,4063236516,1089166665,548093346,110413310
2904591180,3924259532,1054510777,532935104,111800402
2933854740,3802512975,1021638827,530026456,112126145
3148039916,4226455407,1146749766,605062360,127945547
3238080682,4295761205,1166501259,622428995,133929986
3347189334,4367042196,1183195341,630342613,152410103
3347277153,4620146736,1244762454,660272115,134263041
3154552729,3925807170,1064237238,552607909,160319193
3088879682,3839596037,1034434991,529970985,127814444
2897043198,3634575624,971340257,490036553,115644012
3218513461,4394245627,1181540946,613019245,111233234
3253073195,4316664981,1160474758,604448649,115649667
3271643818,4393533044,1184825986,618383188,127278811
2982621903,3768191680,1018870880,528870618,135483487
3085379457,4007771476,1077963747,549825132,128895869
3051485479,3867945849,1043592768,538807500,123402194
3210906737,4050561057,1099654024,573583871,134406596
3254439920,4095096459,1110587738,579272418,129600704
3248749178,4155336283,1118968957,576844401,136280805
2864548107,3553958526,956309547,485692705,119282035
3190191186,4143080617,1121712367,573944937,120245862
3182000392,4166934217,1134830818,597478019,125231642
3132963700,3994941582,1085295889,566140938,142196071
3282505487,4382756345,1186946738,615457896,125229289
3312958480,4288527023,1166748450,597231170,119529812
3182312141,4175535844,1131740624,584096304,129831330
3097451403,3921396286,1061696330,546152293,124260245
3006443202,3847290138,1038237247,535974331,120168689
3039561916,4000327871,1079948653,559677881,127115504
3095869925,4070884001,1102196663,581671313,127081189
3165916666,4141340426,1123876844,587530775,132927219
3242782216,4239550187,1150525993,610651396,147543864
3204117268,4081002616,1100370364,583942963,149007059
3124495624,3970836814,1072416068,554676610,139409711
3355279475,4370439399,1191882042,613640578,126019592
3110881815,3814955163,1035365911,536823869,139802627
3243848600,4329826593,1165829623,601066458,120868403
3340675572,4324989769,1180270829,603746627,124531862
3251896146,4148770625,1134136306,578403914,113153316
2874991663,3627610973,979711381,499548495,115770484
2909647049,3801213296,1022704185,527210269,119099404
3181463114,4072094693,1109244863,579574099,129887403
3325428965,4423824599,1207042120,634938647,127368522
3294898192,4447135808,1209246125,637815439,134741751
2968206430,3828694859,1028448473,529856715,143326305
2970082867,3811365513,1026916330,537720488,134818496
3001202528,3865027883,1045175851,549081817,134091355
3120169347,4146076338,1122569324,592323235,141922890
3166178579,4051165136,1093930787,574212045,148422199
3095494485,4073724999,1099998500,573318721,133978699
3119917144,3990342432,1082134581,564393154,140037012
3229147863,4094837605,1112939392,573427964,126155555
3352131883,4326681423,1174046355,609594022,127337534
3131621291,3931361295,1067124303,557732430,129800977
3355643435,4240782762,1148995137,587644594,130063694
3275804170,4217503359,1145070008,587663729,120991913
3245009776,4025216855,1096507581,548055025,119488920
3218253125,4277815821,1164299475,587694383,106245175
3255134541,4307931336,1178247922,596827326,112764309
3425553253,4485866314,1226803581,627353238,113268733
2947371851,3747483584,1008392852,509649531,109619469
2810844465,3581190765,962733652,482919315,107180234
2995119586,3998695998,1071805402,547293189,110550933
3142042289,4157113050,1125877473,592542071,121689053
3179482982,4224305209,1147656144,607861391,137290854
3314802106,4308576012,1168296348,608789490,134642921
3042627369,3881595210,1052829713,540593761,128628209
2876114257,3784923889,1019236704,530423561,131489659
3212513182,4187504427,1134958895,597505439,133505522
3240496566,4134655067,1121068677,582709229,137026387
3008412493,3900384507,1052915915,545711634,125125984
3180008076,4321395820,1176976512,621209916,135849420
3307052739,4326247391,1173179611,598735409,128841416
2918055254,3859799159,1044214631,540253427,119954667
2828191925,3656952767,976966613,516267626,134966069
3215795372,4232443372,1143361851,603381422,137588701
3166120812,4070453563,1101244446,572299578,128479756
2932814515,3773426092,1020647100,530361257,119604626
2963294426,3919193203,1048536944,552437946,135930873
3174068551,4116535463,1119234056,588827099,137664225
3164182156,4130005600,1115016485,581873486,135034482
3165135822,4149570445,1129448872,587527677,131397387
3043026914,3776255251,1018895558,524642149,125593820
3212621846,4197241193,1134845760,583078341,116028561
3140501220,4143332664,1121280447,581371513,118879466
3033228903,3892203190,1051897960,542010182,126292344
3093911333,3983953519,1076935911,562872812,131161819
3240065929,4204191002,1141089917,600143763,136292702
3318720189,4335820060,1168473637,611520614,138166757
3198346978,4134330901,1118428966,586906114,134686506
3059347224,3774647165,1016022379,523580405,140796187
3226766641,4172689395,1134848063,581578652,120253772
2954519631,3776952724,1021958358,532239870,124370742
3131548194,4021439866,1090208238,575488564,139378513
3308239404,4381657412,1187076846,622600810,141960113
3359214274,4417448148,1201046004,619267706,127249723
3036266634,3735277323,1011874316,511697267,116792554
3231315448,4262969131,1159899425,592733223,113732624
3147564621,4142491367,1124570576,578002792,110678974
2951956943,3875945510,1049013161,540796533,121671247
3249930497,4436131156,1205288312,626087623,125320342
3242546063,4477236978,1216245118,631938906,116621281
3086123231,3915760071,1061390793,547693520,130184588
3237040676,4192024989,1134204785,589962274,123377319
3045505258,3882622802,1049297887,539125741,127280049
3069002621,3884670062,1053781507,550222451,139566453
3204092635,4271513250,1158152920,604156107,125503735
3187791350,4286211623,1159924903,606883251,133562706
3131354520,4262132312,1152743517,605235941,128044796
3109454949,4094502137,1106164786,577345979,137957459
2866463720,3611229485,972102479,507605743,134468061
3103731922,4188276254,1130496730,600376993,134886241
3313130767,4371936889,1186793038,637718975,149321213
3305181568,4188002965,1133500047,591263356,144346945
3365085121,4180914263,1137592768,584387303,129131724
3228601987,4073992568,1108771490,559632720,116502689
3112965863,4112112929,1115238548,569250118,111417953
3168530007,4179077061,1135553082,587202408,124181717
3078467419,4084456958,1104735222,565709664,119573260
3063736235,4077720398,1103949859,583122810,126516733
3129755706,4158874919,1120497988,590353717,139777401
3086412253,3921915922,1057660388,556920172,140472752
3059509483,3889835207,1044233566,545541960,144448960
3080895647,4123581208,1112758857,573759998,111930428
3074826506,3992431178,1076434729,564914664,135409175
3285680095,4371593994,1183668771,624164114,121998033
3343545186,4417673573,1195404597,628254275,135266038
3052112229,3784981994,1018967309,529642561,141796917
3161122036,4049358178,1094298636,567841900,130569072
3316977708,4260586493,1161565021,607331804,133324098
3413496859,4453538186,1219431949,632038675,124592587
3286518199,4299944987,1168778698,606749343,128821521
3071186625,3880092077,1046401912,533850726,133425318
3077568483,3993988666,1080559519,551042973,118716606
3050907008,4049556789,1090027946,574419402,133729200
3024910541,3886420977,1048651228,556868990,138650538
3159234912,4069368093,1100548093,586942156,138881577
3216848772,4212824866,1133047409,607879369,148748257
3243571752,4056590911,1096240091,573122128,147020665
3102446259,3966232614,1070357100,552660191,123025915
3305333856,4236167502,1152617825,595838624,125776914
3117527089,4130705939,1115740438,575404281,121506137
3190256102,4093598331,1109839842,572264225,126675749
3257878057,4189955092,1137509622,597397982,129640459
3290807849,4162315345,1133241822,576556398,118286041
3123324863,4137471782,1119272559,564531159,102161731
2978546792,3769430078,1022375399,518275064,115478451
3182752940,4187932062,1137565155,589563514,118370935
3318535857,4354314619,1188473344,616138691,116267379
3093116140,4020397575,1083327392,563081869,127319712
2996132167,3930957276,1061568059,557230997,133009498
2994917830,3993546470,1069809811,567757591,138142127
3174899661,4090358743,1106770965,590622679,159534289
3196306467,4203733867,1137385168,597552440,141633369
3061772337,4057432468,1096003598,569395486,137263131
3068074364,3950110194,1068958572,551767055,121369318
3043232884,4045458667,1092251107,569523410,125966074
2983203183,3933472635,1061116124,565262395,139777495
3248101960,4351826526,1178098463,630989239,145999173
3279481291,4239835930,1153396021,613683734,147355075
3225051069,4239323171,1148275973,598348060,144411919
2971909017,3784740022,1021404181,523105034,136342622
2827204863,3553105304,955125958,486666531,123169103
2942488651,3917523797,1060273876,556493224,119075950
3088907769,4202519672,1136780260,596351813,125346535
3105900880,4150950469,1123580715,598683261,136095913
3158656276,4210181767,1134337074,610406893,152415148
3199901836,4201674095,1134686392,611837933,159552221
2965265191,3703008557,997951864,531083638,162055072
3153963170,4126506548,1108833598,593200583,160570667
3174717538,3934236626,1060606197,558283298,151255027
3030947459,3808567424,1026471468,535264202,138140544
3200630228,4103831220,1108448681,574158438,131763522
3154176102,3974622748,1075941117,559102180,132212866
3125548023,4126305870,1113715351,578791546,125859157
3067128657,4096367705,1110144984,580387971,130977132
3112931066,4098780152,1106043135,580206261,144168319
3081872267,4005642722,1084821806,565868810,138531857
3108573507,4128478086,1115703183,578641308,127136750
3088758246,4058206779,1099048132,579334651,135822899
3155795994,4220090954,1139192267,605995474,140849087
3218908926,4320164288,1165619806,624956008,145698220
2929962914,3753448489,1004206056,537295652,150108510
3138815729,4088318573,1099828893,579496226,143836154
3180859977,4043952945,1091529894,571607599,141435035
3244667972,4367425902,1185773950,622893594,132414931
3137459471,4084975647,1103817396,578148841,143186242
3048395470,4011887878,1080675566,567508170,141677048
2899770503,3766506564,1014994694,532178424,140570596
3079219192,4054408432,1098462361,576693587,142907359
3101229514,4224093861,1142197472,602573164,127130253
3033247181,3945897860,1067258962,572625680,147469938
3299961967,4324365253,1168718503,618292633,143019317
3233769983,4298930007,1166686336,610209172,141258866
3170134913,4201641443,1135115314,601627306,147831867
3063917167,3940915189,1062786739,545430995,130635594
2736720316,3512617581,940550255,483284868,119689585
2818941036,3783016555,1016547023,542345632,127983938
3044014492,4008615257,1079659537,571754383,128925360
3189324178,4291992339,1165793182,628179508,141057197
3210751695,4181232204,1129077068,602979708,150499605
2919720022,3836254889,1032723411,544433883,139208547
2726869908,3443063863,920494702,483210597,144922187
3148506723,4310764333,1163762277,623826180,137398181
3148450970,4183603038,1130233080,611970320,148651764
3094362394,3922187230,1058078000,560734148,151871515
3049783543,3883677144,1042169734,541410516,143818307
3152530481,4081164678,1105360038,575602259,132534144
3003646610,3902640612,1054472606,550514286,132751356
3104096702,4072027010,1100157914,572023967,126112178
3041122011,4087602479,1105879166,590911964,127026508
3076592178,4188662223,1127873056,609528363,141535622
3280574298,4368246667,1180655705,640413000,155651848
3234170623,4121828248,1109155398,595340886,166053163
2979680814,3674236584,985339021,521666753,160984571
2956563706,3877183802,1037978364,551810561,141662067
3137901926,3984900885,1076005208,575498975,153211642
3269340629,4086316787,1106583987,587503537,148505402
3232487420,4163652730,1121645432,592770760,146194458
3356626977,4386103870,1189786505,631011485,146367592
3320811009,4270676671,1155482842,606532062,147401711
3380158543,4337117515,1183318296,613214815,128697972
3342252746,4380117796,1183817481,599159471,120552590
3124377875,4028912506,1086720568,553185808,118036756
3188446437,4173891921,1133504818,574959354,121961903
3248750497,4323145359,1176845333,603655274,122341205
3173005619,4294257323,1167734852,598794634,114898956
3116646342,4260706155,1152982200,607007730,128905852
3202045189,4190586414,1136639368,602672216,148197377
3297564986,4364382218,1184496132,622593326,142060512
3249402944,4287193682,1162979007,614208332,143440622
3185989114,4183544839,1133167356,590638891,147086387
2864131601,3777327482,1013122932,524113336,120243204
2639962613,3400290015,902546550,473565088,133260809
3159205246,4337065294,1175126849,640244589,139838297
3220866800,4219031266,1142565525,620981019,165132688
3044543457,3935304491,1055035968,561877946,158191551
3127692716,4143225764,1115194797,599074744,154252962
3180536702,4103939309,1108255309,599710859,172897983
3041607999,3876258833,1043636193,551764742,157570612
3080114772,4067756364,1096917326,586048513,153178040
3117817576,4099443431,1104920169,585085555,146511702
3129161890,4020595870,1083782161,581045316,158669429
2935177751,3800302382,1022067250,541638733,144351610
3057383775,3976902149,1068364622,571056516,160420140
3213047244,4172367728,1129857907,611549968,155624093
3285199980,4276324337,1154983579,619082051,150813758
3233705002,4144202619,1116979830,600093828,163588053
3285712609,4225204092,1138987971,601431310,150554261
3301539696,4216047429,1144266964,601089249,146976169
3221471468,4072993389,1102974789,568658570,136966409
3027741342,3965783112,1070797351,553828694,129479654
3339461465,4361033939,1181365562,615183470,140230695
3322463791,4350919748,1184180236,604944484,123958153
2914630268,3700810911,999006599,514696374,126763676
3148496663,4314445236,1169573778,611967872,126950322
3186855093,4167781069,1131825780,587849651,135016457
3221666419,4245836391,1147825560,602874906,133419878
3249765744,4182387187,1134965438,595232382,145252491
3037083008,3914417248,1048906762,557693361,146517950
3294804720,4407617171,1193277562,637140038,148385556
3259300108,4278624856,1162486540,613305968,148710659
3278390806,4225770857,1146340295,602747962,152694010
2894695773,3799363378,1017238817,531645949,132603675
2982426209,3926287633,1052270856,556360324,144898655
3080356525,4012563123,1077139895,575131042,148481652
3148627954,4047012076,1097034072,587399173,147300718
3192849449,4233266131,1133724260,606133452,160405071
3256272873,4199568518,1136000383,593890635,144296895
3280210471,4120908196,1117318350,582057703,137715181
3085112685,3917822051,1058365002,550935611,139800240
3117383000,3989953234,1080879338,560115410,131116904
3240245814,4071945473,1106519524,576252991,140459859
3182130724,4101980545,1108980747,579861896,141264466
3271218129,4186173217,1139201789,583935699,125300308
3068245991,4004986309,1085961400,567106781,128377606
3212245606,4218268335,1146399646,602556222,145588393
3199372211,4153617333,1128848740,580011142,133057685
3104613621,4091900939,1109922185,576991055,129071606
3225437043,4283527922,1162803056,604693803,130306593
3151670259,4031391956,1089088497,573571419,134461988
3060438369,3906597305,1056742210,553147924,143314531
3064857400,4074461022,1100486852,580992699,138745294
3084023119,4040774577,1093697619,587418146,152604549
3277136206,4222702810,1142557306,605871852,155556777
3327373912,4395828170,1191085153,628872181,141205017
3194593900,4139242797,1115159418,600536065,155914054
3005088210,3721467507,992022397,522989957,166255302
3309505095,4256438085,1150868165,612469359,157637699
3374257061,4296471294,1168178523,621665160,153881823
3177056805,3895846002,1058054895,543790419,143484304
3147347874,3863021692,1049519922,535285305,132751059
3065904262,4028931128,1087696537,561181977,116448168
2928193834,3812463574,1023790681,532410727,123913445
2980205489,3986880349,1074988502,571060446,131048248
3071776573,4029850859,1088666539,586759496,143832034
3085160444,4071483802,1095188441,591923929,151141881
3248770432,4280465895,1155956824,628266966,162093555
3239105298,4202804199,1128853376,606699758,167696759
3058383377,3767986898,1012934290,539705960,168471733
3131774182,3940015372,1065633885,560258875,151612020
3221958347,4141029373,1117499544,588166052,140754033
3125637175,4078135131,1106223207,581680387,145334955
3239774841,4292418398,1165691027,609628739,138170188
3338547964,4322478638,1177856219,614835239,135963615
2960109731,3806012437,1026735654,533420033,135161936
2926328653,3873987074,1034219645,541451913,130841423
3190660671,4135985178,1122319534,594483440,139603338
3126043208,3985324428,1076506916,566816483,144673850
3136356391,3911711350,1057936625,545648344,134771956
2952444403,3863117726,1038778484,551588082,137571727
3152717324,4225253725,1140167737,609275652,142355493
3241611853,4398019336,1188273035,643742322,150000064
3353277085,4366347018,1180814989,633717736,161127292
3123854470,4037116034,1090016145,580828009,155898264
3106240149,3981507185,1068656123,573883549,161043053
3241914737,4162077341,1121859789,599951664,160293915
3297026439,4108744899,1117866043,587417234,146029300
3185851384,4106781028,1112279251,586162504,145116462
3275758141,4119100598,1117917785,590642215,157147128
3121611876,4044544858,1090418228,581769351,140710285
3180233937,3994779163,1079076398,574034980,160619932
3175642053,3863250568,1044088022,545829330,160792812
3117138031,3913673707,1055560177,548550103,148714852
3170018778,4095697498,1105922357,574652568,135166230
3158235427,3992304843,1081820579,567179705,140951887
3233698973,4148007291,1124903466,588063158,144844748
3336686701,4492527937,1224897303,648657480,138560585
3314263105,4358407509,1177321191,621143086,152026931
3265099742,4303857954,1165051219,604839630,142357586
3095793068,3891095665,1057481738,554357820,145565701
3243680899,4212035950,1139520773,589357798,141370340
3056698222,3983555433,1077807003,566263362,129793823
3081455302,4100509293,1103557843,579720681,138396180
3197546267,4275616383,1153246886,616844569,148199131
3170497956,4189997715,1134656928,602069591,149141281
3241036877,4072145715,1103297647,581447499,151501279
3320954491,4149324567,1128072714,595334704,154849539
3270346679,4237306468,1144223938,600538726,143091029
3143452441,4064827138,1098800934,579066427,147904961
3194334490,4114913463,1116789120,583570717,150026051
3121494184,4047721960,1092374072,574605853,135759012
3190472706,4176052152,1127421803,592631637,149720666
3347504271,4218645574,1146847830,599199327,145229633
3310456180,4268802674,1160349171,589149814,119865345
3182344731,4199166530,1140853185,586484002,119304431
3310276857,4309731322,1172148493,597698959,126492455
3233154191,4258794414,1157003054,603025012,122146947
3155275128,4083176378,1104304266,574979899,139143225
3239697483,4274078805,1160522230,608761902,133998088
3052037255,3995442583,1076756355,571488220,139493012
3301881320,4373015003,1182814267,633547927,151327580
3228744917,4208087050,1141823085,611313439,163433987
3220946101,3990275326,1077514874,569027368,170649571
3213609561,4046292116,1091914370,569163740,148810445
3189138296,3922829878,1061270969,554164366,142608594
3265097234,4250283394,1145816011,595101353,137217845
3144373972,3986049325,1082171011,561954638,132932075
3188785772,4085718635,1103390781,575820478,138417674
3317921641,4424461288,1205263875,635831300,138305233
3278417459,4248450419,1152763300,604552762,143997051
3156522623,4141895739,1116164092,584607513,133178766
3145090083,3919016658,1064092905,550230478,145644792
3252563968,4217630280,1138783372,598307384,135672761
3268521348,4125554762,1120947106,586109043,140188112
3177635135,4120747944,1114139343,585670511,138023877
3145868539,4075945193,1100980841,578348483,148254491
3216123428,4015689572,1092883671,571791190,151574491
3302469175,4385922904,1185390116,619007327,132347520
3033819145,3834151902,1038188717,546317477,142758310
2949420046,3797128259,1020224117,532651976,144205943
3028424985,3909476009,1052082846,556734891,143489650
3232561202,4200352746,1136008367,607794880,149859750
3310286795,4260541456,1153977404,621062245,162538527
3290311778,4249331190,1153699750,610842232,156309832
3226134800,4196164906,1129145459,600200661,160767420
3264573485,4172563314,1134988019,597772963,152867242
3174453948,4018365591,1086867603,564256331,140875891
3203495169,4232641780,1144447627,605973463,141212338
3359168732,4257656493,1153533906,606694768,156465388
3231242691,4272867237,1159300541,607421786,131816514
3214932969,4047636892,1095588385,578721094,147520532
3216764720,4142940102,1119343121,578086086,138097008
3279178139,4324553332,1170940795,619476927,134657603
3093531777,3947387075,1068491041,560174429,146228129
3098877194,4141380850,1109275723,589343744,148116038
3038635867,4090000904,1080603051,579866737,145636945
3080250106,4109287873,1088355474,570261196,136551847
3095879805,4159832282,1106400587,588215562,131910530
3193168886,4302987345,1148515393,623173033,143253674
3330497868,4546288195,1218172211,662634288,156763774
3339295474,4525326980,1199294163,647488741,155938501
3355073445,4503946608,1208645412,646388024,156777144
3176376752,4147156307,1114824854,593047614,156208926
3249257626,4029641714,1079544577,570919728,170319088
3158354150,3999613158,1078539128,554891507,144106062
3146312837,3955622398,1073716035,552564273,139639435
3228606989,4210483957,1146933058,597800502,136521864
3280638532,4146234737,1124737955,590524301,148517508
3079747303,3933585750,1062590401,557712917,139921789
3110859343,4128681795,1115028877,588988718,142457676
3240433201,4193484143,1137264756,610449375,159593967
3243594991,4240629355,1151509575,606769396,155113699
3198395113,4155070464,1118277319,584795250,151650805
3126436400,4191884858,1130136960,603242458,143362105
3148145037,4041206380,1091604901,574023154,163157821
2978660102,4075428397,1092540374,578167590,140071512
3159435585,4056819075,1096414945,589268670,159259978
3318992538,4207188055,1138920255,612806447,175404450
3327634344,4242067462,1148292227,603168779,156356514
3332357531,4345293696,1182099664,615637324,129165343
2893504326,3627390374,977829073,511262204,136801708
3099620031,3993801995,1072966977,562436378,147527731
3176571788,4198077025,1135811694,600021519,138597601
3218308757,4031315829,1094660906,581618458,153031287
3290386398,4292156849,1159142305,613987698,142269636
3175929582,4007825855,1084387435,576999140,152806728
3151819339,3983148840,1074570270,566308699,154521770
3355747064,4337847207,1177668604,624950424,148615991
3182096009,4028805819,1084258442,573172902,149887105
3245600765,3979507192,1074921770,566828006,167452555
3282010635,4096448063,1108352606,574620035,147042560
3254467466,4121189301,1120232694,581354124,147201253
3238079049,4269620136,1155123183,602278713,133963968
3334423922,4252431553,1155833236,587536542,131769952
3146992572,3946893009,1072081835,545495529,130995689
3228911098,4298932186,1165707569,601219822,121206112
3146099396,4145730641,1120476194,589546707,133834669
3217011945,4242697333,1150512438,608162310,141944706
3262373919,4151134796,1122001272,590197214,151776317
3316663445,4266707089,1156890061,599243709,138654659
3417703165,4444406944,1212287837,626150992,128732023
3264766729,4252814052,1155207349,598017414,135529866
3133053608,4159690367,1125851405,585505524,129784195
3211844292,4175475494,1134182352,588431993,147127625
3051147030,3975421676,1070179007,551649838,136935204
3021396407,3841850527,1039045046,541068553,144469323
3044930353,3890857978,1054235532,545907450,138049796
3060063116,4165998788,1131882038,598831025,128972753
3098334733,4095836444,1101733583,583080040,148120155
3027537445,4049159561,1090771761,584541994,153970180
3182636254,4166648278,1124955276,604439080,168298125
3043938020,3973069658,1067589326,574960974,159813637
3217064239,4194780378,1130446157,602854210,164312335
3306474299,4335122746,1176967159,632680310,152938212
3224826394,4290210397,1161061907,618894839,154356207
3105083113,3958292357,1069122322,563844136,163820366
3332641322,4414599418,1179971994,629645755,155878481
3290748291,4230790196,1143851319,596127546,143584695
3360398200,4193758552,1142200927,601598398,148858557
3374532948,4213377032,1150644060,593259984,150134973
3300027940,4282858667,1163363355,598129325,133514266
3078086513,3869751311,1042335877,540332784,137717349
3224616718,4210027404,1133779801,586293828,136154805
3340694843,4364313489,1181631514,618341204,146963561
3133750207,4021134117,1086033516,566388860,134564986
3011066017,3984654352,1078249805,560273028,129786264
3288762026,4360086751,1185999048,624281655,140874973
3177972367,4174388996,1129412012,603555427,148758276
3185685540,4074683821,1102858000,591642739,158977518
3282578849,4261779554,1147210246,614961810,165760973
3304395678,4295533489,1161590962,617154136,161964218
3352385007,4325001983,1172618892,622959425,158494578
3240859188,4097668122,1105817164,582708560,159442399
3169722331,3931779738,1062693712,546947752,144873419
3293742427,4339934868,1171448708,621997152,137347570
3235260119,4179103876,1123688401,592747470,152608656
3111296636,3849026426,1037952248,541882686,155340826
3130269895,3971710195,1070993786,572539677,156033352
3284836978,4266168454,1155227060,615006142,160679948
3353245034,4380764011,1189627381,633584694,159478666
3452243905,4589827215,1251062715,655081818,148770230
3446841494,4567393312,1241833508,653287284,140748147
2933055283,3714227377,1013893672,529565248,132592083
2735582938,3324156002,901785788,471756288,142589812
3075199892,3686538119,993129971,516073505,158492103
3182492703,4060084327,1096856456,567173201,140145996
3249979777,4130025427,1121351945,586638206,145032284
2839712199,3454214185,927196634,482263620,148860120
2890375384,3738251589,1001849540,529054467,140312804
3099643622,4154008753,1125532714,601873761,140695813
3135314979,4130816909,1107600487,597538589,163205322
3289565181,4239666674,1146484719,612791125,169020360
3245752384,4135800604,1116196852,582523752,150516321
3063427657,3974605803,1071047789,563269801,147399732
3005118676,3803933299,1024519379,538089839,147747533
3036130627,3815294707,1029238876,537148367,145329925
3027143343,3900468988,1051978381,559062230,144020549
3257478145,4330104691,1172642875,631371275,153055817
3250468613,4273524987,1154126859,620731704,159364636
3242681548,4212165198,1134272509,603808340,159387258
3144846429,3936883552,1065534932,565269560,166522988
3162408706,4015485637,1086215842,569532569,151774274
3188752264,4098433121,1111855489,586114563,149972189
3164955610,3976321372,1074989687,560461739,150062009
3030856654,3827713637,1036011541,538664400,146899310
2878180264,3731756119,1001729725,528902957,138518848
3201538003,4158314544,1126437126,601254758,151131292
3307231949,4241817054,1155293976,620387123,155508941
3192217275,4084535891,1103214951,592207200,154978899
3289515533,4295706665,1149171334,610394470,162557927
3329270221,4268044322,1158908744,611604880,158489854
3269098394,4076582423,1102008431,584987273,169150159
3423121342,4234464619,1155693815,607036399,155628621
3402496043,4238751667,1150704301,580706869,145275649
3282065507,4233164101,1148172647,584616311,118599154
3247847586,4130909390,1120695281,579462433,139626774
3280996151,4276876763,1163612094,601285185,123927594
3199253914,4209212347,1136966195,584277430,131062541
2867832386,3720805419,999341873,517181754,125575903
3056364170,4075347554,1099621813,577477499,132335609
3271551077,4287616174,1162996708,628801702,149347374
3269872414,4276386283,1160513346,618576013,162526397
3200833712,4170225875,1128187170,600257878,158545658
3238794114,4073497909,1098648487,583288295,171779638
3427191567,4452944902,1204920206,635645252,148854487
3356931080,4197638725,1138280294,595978154,157788526
3194920620,4012096433,1086376603,566596931,144976927
2918613199,3710067864,995999546,517313210,139693601
3033699309,3997330560,1068258642,563416659,129402930
3296465163,4263946908,1154616511,609013914,148991355
3343405736,4405985779,1197387764,628180170,146234124
3306082332,4196818036,1139884709,590622165,140932728
3435509207,4386917495,1197059072,611421376,137438936
3098811297,4076449723,1109892504,569619124,117112533
2654496031,3326390646,886466133,451868814,132000385
3061887386,3936053924,1061576803,559939732,139556859
2887367332,3759167590,1014684558,539918850,132636596
3174676911,4392013100,1187390931,640046624,140080316
3235176333,4291970354,1161866338,626944142,158054446
3225879559,4216198820,1138628374,606981449,159399207
3069338145,3866018831,1039966509,551577011,158654950
3176012430,4192770213,1128565594,606198276,155297615
3254451242,4174034810,1125287286,603219123,167147108
3235061293,4039973502,1092171304,577108107,163511201
3178007972,4001003160,1083345308,572463791,152915713
3095535695,3970305871,1071077259,555430766,138889162
3226226943,4315317892,1171357458,617000625,142843955
3194599149,4082914709,1108880735,576657577,146549718
3240575335,4118373087,1123359727,583654100,138288278
2991823693,3934127769,1055429321,555629428,132370726
3057791596,3920257361,1052347779,562153420,156303266
3319412025,4412659075,1190775241,643186299,155437483
3277287518,4335739143,1176202843,634427739,157883379
3301764306,4207668257,1135515887,610210142,174221344
3289398838,4044848081,1095706599,578164856,166897634
3134949978,3893114222,1049249630,553479553,164475818
3260833253,4151355277,1119380510,585140867,152223350
3137406377,4170537786,1121124350,588240000,135605867
2881871728,3489722301,940809438,490182700,150206046
3036400555,3951226896,1066529238,560905629,134564407
3289038136,4365203061,1183442335,633905922,150651445
3216573078,4212887374,1136894977,605507740,152998198
3344603755,4359898764,1183571154,630258122,156948425
3335659069,4308951819,1169616517,613109539,161031840
3231833339,4096261903,1109096739,569051395,155461831
2693956118,3456373703,925223004,467831489,111225181
2905531818,3969481587,1079780235,568003643,119732310
3210017414,4293170121,1164790369,626047303,141360935
3253654191,4306561429,1169614314,621588393,150914743
3291140456,4322153043,1168967311,623027973,154477132
3233281991,4311376260,1167766769,624302645,152160451
3234571516,4177124308,1123795458,597750409,165413643
3262813976,4005600660,1084325798,571915261,169911217
3280504408,4085037254,1106706254,568454905,147581333
3088820260,3993320553,1079644580,562814859,138373231
3133436747,4031473506,1084655891,570773817,148767074
3141327409,3984201935,1074903742,574725512,161100970
3334240003,4340960439,1177577253,620022293,155276744
3371200749,4378579756,1190565046,614899402,133421563
3179883998,4116216580,1119199598,577993410,131445725
2979905819,3754999936,1009396388,516392692,135717968
3095022521,4068158458,1100211058,570647156,119501371
2931779881,3834634977,1033551754,543124291,132497107
3310289910,4461650159,1211386447,649487227,141857804
3352348653,4524126732,1229245076,660852658,157575275
3330747307,4226485401,1145511109,598880221,154402451
3304302405,4171830864,1132670375,586063947,148556644
3038684391,3837437773,1036268351,537688071,146511560
2961089540,3798196390,1021645710,535524366,146858496
3367632037,4328594253,1174403714,605009664,136268066
2954534321,3770641402,1020039368,533096431,128397259
2928471644,3845308608,1031683561,548277215,139635402
3153169664,4248937491,1149559313,619791921,153949012
3257005855,4343635465,1172312015,628315243,151853677
3255053446,4236307523,1146910315,616983031,162955472
3219976451,4131629751,1121561945,598912333,161018298
3238129956,4085432425,1103684103,578026778,155610546
3012934358,3806145074,1029471820,540644540,145319510
2950721898,3799339320,1020499853,541200416,143733266
3278498865,4284139239,1161202574,619365844,154715707
3141977964,4116605403,1103589503,587990808,154314687
3299652716,4287329214,1162041870,619565805,155902168
3349278762,4257339745,1157330989,612275023,156147511
3298345744,4204544140,1133405116,584277964,134080346
3232169303,4169380144,1132040754,584586781,131986580
3209550395,4175458245,1137305626,591153619,132370600
3197412878,4069360798,1103405613,574666205,143228794
3345304544,4323172873,1175324586,605518353,131236115
3227798125,4198203450,1138882466,588013154,132828866
3324502624,4422426077,1203695820,631492408,128031264
3332275010,4400314920,1201660643,626517462,137686825
3194368303,4255957560,1146649789,601221973,141276585
3193929139,4206580325,1143002838,603385486,147737473
3114121499,4062975356,1094891882,584833662,151178626
3267912191,4230597192,1143383858,610987055,161228251
3324535791,4358640806,1179341665,631653907,152391649
3327184132,4354915579,1182140754,630009457,146819864
3299986335,4606941662,1248799719,662929755,140483588
3220537457,4099468641,1115757706,588709104,175521781
3260027239,4104795334,1119371460,582494313,157231687
3321151801,4401010809,1206728213,614305973,129711304
3232043530,4236411174,1163705845,590479368,122594313
2917589354,3860843280,1049238044,542531874,121328518
3043812867,4048029610,1089778707,577440046,137744918
3130515136,4173901326,1125550130,599254441,148022061
3164982611,4111648676,1112575155,593585664,149817505
3355075569,4386196846,1190999608,630269917,151746043
3327837008,4375282556,1184799986,631305443,146254690
3076828106,3885140818,1052921529,543577835,151592049
3093262287,4061417942,1093130777,576410405,139430143
3301131213,4198500376,1142246228,607847884,156306842
3326424717,4321480890,1171036550,620917606,151601064
3360696098,4377929600,1187628523,623586026,148879708
3285450185,4174109948,1135219386,591149542,151274723
3029936667,3851854569,1039506289,531332647,136496027
3139251035,4249291878,1157679537,603286684,121828755
3291642203,4412548582,1207408303,632617645,140972863
3335493714,4367874634,1184051544,619497359,138863402
3301965517,4372294392,1186160068,622944504,139593969
3192270196,4087111592,1103782526,572829030,147476205
3285553123,4313815324,1166904118,609915770,139217320
3132565833,3977765945,1076184608,561465870,143303807
3280183484,4157010664,1128804269,592980503,153252557
3122942948,3968167735,1067829350,555131199,149670988
3227111957,4259485531,1151419299,608239721,143809094
3277529254,4231535502,1148990722,608889583,157879884
3336552720,4193751049,1136757958,589357855,152012597
3124720744,4050331999,1096971272,566721942,135051528
2839144183,3657318740,983746316,506517177,127174542
3232734409,4383754803,1179117116,620896904,133688147
3318865606,4312735115,1171606067,619104728,147943504
3135271043,4088962269,1104107970,583301648,143592729
3023853499,3907266526,1048190860,548373868,146009027
3038242411,3853486817,1038797046,544039229,142225142
3279898236,4187386551,1133881525,593044514,136695466
3245900516,4187148675,1138761210,591016012,131796704
3205306781,4132913920,1122249632,583097585,131917657
3318158594,4366442640,1186013103,618664327,136220043
3160790823,4105111734,1116486157,579616699,139586941
3187113909,4091155213,1113224154,572316570,138307684
2992053704,3921862189,1058529120,544907223,125560067
3016376198,3949350118,1067557162,574627890,138570411
3288046368,4299794036,1162163438,617911856,149752975
3391931441,4368998483,1191514563,621371437,146065916
3258321367,4252396123,1153300782,605157633,135224072
3309157130,4129085141,1121794414,571614646,137503558
3116905812,3940835245,1066944398,542045701,114270793
3138203235,4088176261,1111503023,569378900,122015418
3154909340,4147345092,1124834097,578040300,121595377
2979063867,3892680874,1046598046,544665571,122912489
3178478518,4306171747,1171757761,612378334,134506588
3222995535,4192181171,1138418081,595527700,132160164
3194973562,4214667701,1142600002,604633736,142792041
3255644539,4258402635,1157424552,606901606,152282507
3268216175,4264204994,1158021815,606445922,141569815
3195940430,4084258910,1106633301,569978272,145209001
3011496844,3858358950,1045169992,530497584,118617246
2695158478,3509792436,938072238,489958493,121019860
3163060565,4202007127,1139366869,603647520,134800028
3085489610,4108435009,1109475273,587353629,137505761
3243738572,4315182418,1169369764,612175819,137214309
3030844417,4137540887,1115216419,590634380,140727272
3129199616,4166378967,1126286382,592435388,150775849
3151970815,4069935545,1100696519,573485920,139183333
2963939014,3891543876,1048803991,549460089,138999117
2949882138,3937794130,1058248897,556669977,130602693
3137476370,4121671528,1114582030,591282471,142668166
3236307367,4269114308,1160518840,608583667,132707070
3183890441,4238232640,1150117414,603176803,136733607
2746226495,3524526715,942315870,490638296,138851734
3071486692,4070530935,1097516934,579965578,143727447
3114398664,4114698379,1112089813,588529205,132806047
3000744792,3948933560,1065322420,562045539,138929510
3207378730,4365648457,1185256273,627523275,141470991
3108992072,4147937777,1122619866,598013349,142670618
3186905595,4087358297,1107642048,575130072,143521867
3157562205,4176590561,1130648281,589383090,125453826
3054587050,4027399312,1091348121,565699510,130656323
3015545809,3983954525,1078112122,570976324,135552471
3162724490,4126483844,1115306235,585875992,145100333
3132032245,4106570814,1109785690,582746955,135813191
2898093612,3784050601,1016644303,539962298,138115935
3063851462,4058758662,1099947258,584494199,146240944
3119542955,4057086003,1095894148,580967535,144073355
3035767470,3946722779,1064479398,569951612,144880288
3071133285,3925229074,1055563047,562427813,157032063
3232302676,4080587705,1098321282,579097052,144143974
3307047208,4347798051,1178084065,622574098,139773981
3217359715,4209221471,1147591834,595807222,135540893
3246203376,4201160156,1140444232,594104143,141868802
3339608864,4292697494,1165068439,599677290,133023404
3217923964,4254599410,1157425830,589850962,118833748
2884741348,3838172173,1023000390,518674793,113582061
2959323562,3958465242,1068579032,558746080,122306326
3070050344,4003551960,1075570924,572013172,139119556
3225124847,4205366932,1138470250,599580496,135599790
3240754031,4256367610,1155950567,612025930,140531513
3150574709,4105927643,1104656513,586916775,147981067
3029117021,3963070136,1062772807,562955539,143589464
3205134669,4093289913,1107231327,580423732,148139938
3188584006,4082908290,1096648101,576592555,135499206
3298757725,4460639241,1197614390,633838723,131168892
3184688541,4180442089,1125465505,588622321,135592742
3283011043,4436744320,1190691082,634199849,139211953
3356458503,4510591572,1208216185,635378360,133132783
3103663501,4052202163,1087329850,566575407,133547614
3128873384,3924986384,1063352885,552904824,137395251
3279041928,4261978108,1156167400,600776553,133744623
3320180417,4329416339,1175641101,613417960,136030252
3221959909,4185393422,1138779504,589934916,130496100
3218146804,4159542291,1127642711,584415016,137739776
3316865029,4364427491,1182219700,612151505,139514203
3213351622,4118103339,1114809940,578020147,137879285
3158597181,4167422298,1133015895,590068437,134038073
3354924491,4320071614,1175899556,613298284,142053344
3408757549,4250784448,1159521893,587296771,130964206
3136720143,4118028355,1112395411,576997643,119893565
2931005951,3838866717,1036244676,535276819,126051544
3145214118,4247609341,1151837465,606754493,132405658
3314230194,4265421826,1153513673,603928170,149235030
3146825436,3958248964,1071510123,562353396,133151456
3230108320,4257646339,1143509702,597003266,138895036
3356226328,4492295661,1224309317,637211675,135537090
3387660526,4294180933,1173864474,596905577,135350845
3189307893,4206602344,1140564391,580941619,116040557
3189694663,4236429603,1152178955,591628449,117213142
3225447454,4286076010,1164676329,595736505,120326033
3374077385,4528192693,1240652116,640791074,115954080
3292445963,4385817722,1190177212,616283831,127873898
3231446345,4262466080,1158473686,589309062,132142657
3022761814,3986225621,1080679997,555757374,125897371
3286219883,4373484933,1193039276,616830393,132726091
3112689747,4181581398,1132455764,582241995,116079109
2941716749,3790545234,1024475307,535809678,137314998
3248030596,4408084819,1190545628,628551180,142491231
3267109117,4416147842,1192778625,625444098,135498878
3103388210,4002831815,1079350715,568421704,145799454
3118959853,4065083332,1094657864,567607165,136375060
3173067863,4191547156,1132357090,588094631,133286479
3346909595,4379652826,1191875657,624647877,131945964
3374567644,4581464159,1248831013,644958787,122548651
3151648951,4196779073,1136671425,595561726,137586465
3156267243,4082138863,1105327719,578154711,151451536
3347544439,4431452774,1205683066,623789190,142618855
3382688535,4473982095,1219519300,615194782,116869347
3138362782,4188254618,1137731860,576577070,110355184
3070896589,4151105085,1122398795,574949397,114877746
3058907428,4115380493,1118210887,581418785,129247621
3198762415,4303065116,1163945963,599023631,130099833
3126207262,4210516111,1141571465,597666108,129750838
3187667733,4319914583,1170234924,620843844,138640254
3288588611,4423230350,1203309502,630870706,144324044
3187470275,4093132444,1107220588,580267672,142119469
3298668377,4256683358,1157010365,600295867,131422526
3127364910,4112654124,1106067874,571969190,126023360
3199610413,4234039132,1148781240,602821695,142087980
3189133342,3991414527,1085391916,564137989,147922083
2981850015,3862192845,1035374827,535006181,126988801
3113099218,4089672253,1100452729,581195453,134035059
3315554302,4290090302,1160498387,600873533,134606059
3475745927,4593075348,1254511307,649855434,128596085
3310433627,4222977152,1141729750,580935298,122976581
3274693231,4311321593,1166875589,588351910,121035823
3275049621,4386129786,1185303452,597495402,106909193
3264214334,4400911239,1194661647,599355056,108473683
2891896823,3690602246,989203682,499507079,112277016
3103376129,4040088103,1083647635,553641447,117733712
3012488549,4007412734,1082294182,557582860,112611901
2862793194,3817641759,1024272971,537532508,121412710
3023441676,4054897169,1093220849,582099398,139057706
3147219326,4196486095,1129406326,601628845,149730827
3313555261,4326417789,1168015778,622923260,163634319
3166730635,4095931690,1104723633,575761418,139219370
3142595923,4090535614,1098314088,567700132,139117161
3246300721,4333037114,1167871208,595469363,121808870
3141880107,4118709303,1115046408,576931411,128950175
3281039095,4248256112,1151215637,595314968,129756610
3089873982,4077267940,1102298677,564369591,120341695
3160056963,4211615849,1144956626,589622449,124536210
3195566599,4294657426,1169144805,609117049,132546355
2949718207,3896380172,1044917641,548704015,141618810
3074367894,4123091126,1113323841,593684813,146813756
3177014569,4173678881,1127905960,596739459,147408807
3291498314,4288099759,1163115458,613701125,139705565
3260222792,4332596227,1173505442,611503260,130812579
3097449533,3911865713,1056350549,546044492,141277739
3172731307,4108511021,1106644294,569497199,131151262
3163090173,3940905146,1069425407,548996212,131058089
3002004777,3918089454,1058636426,541586302,112498294
3149282829,4231594821,1145212451,600392382,131286594
3027891567,3999876351,1079835510,570715931,139458370
3051545697,3932037476,1060237638,558575383,142702043
3272881815,4304598930,1167744799,615529100,143256318
3296996216,4413119441,1195858139,629192170,145913271
3261995718,4224089658,1146103256,596086510,142249312
3246511682,4325808638,1161800737,610816438,137011588
3008978312,3963449045,1058297499,550947118,121508757
3014405293,3938379338,1047157233,547304829,137283806
3273845850,4229253146,1152908775,601422135,136343771
3189555240,4091552444,1114592059,577259881,133620395
3259958124,4288556192,1166066489,619266206,141342235
3321450276,4406379268,1195997067,633602105,151544162
3295878519,4151918602,1129732396,590352667,149178086
3223676756,4020516976,1084680813,560526846,140987507
3041317401,3831528590,1025842707,522400422,129565513
3274304798,4228626471,1148119758,593447182,122631555
3312614630,4256389484,1159916536,597933277,120533737
3254836751,4252480615,1154092342,594013511,125017074
3372674907,4466680737,1218847229,637703153,130948677
3188618224,4174833198,1133527363,580652494,138307488
2967715979,3939744559,1064455909,547357417,127142232
2994798060,3876061342,1047508211,536552937,117411780
2996561847,3922088638,1056537622,546533303,128000882
3232955790,4308259935,1171389644,608622661,120693432
2967347532,3862575206,1048161374,554894158,130483492
3128418575,4128330316,1114043243,583941231,141619071
3126392442,4077363494,1099228155,575569526,139788311
2969534774,3859094444,1036707131,537733726,138046206
3252725626,4456058076,1203459559,610262779,124559009
2972045834,3849346099,1036690702,538965565,131295881
3109627830,4070174275,1100051537,577066568,136134333
3152032321,4127896170,1119279824,590725669,131732108
3261830562,4299448132,1167201477,607592190,141439548
3392081305,4398397153,1196428340,617320518,130194263
3253211101,4426520466,1209496755,624235376,117460980
3115155922,4128805145,1121026214,576140389,134998571
3086169979,4103490357,1108496071,580292396,133896375
3000849736,3801777603,1027991371,533143971,140370735
3237878988,4287972542,1163771652,605640416,125870437
3058695226,4031296758,1089804373,573688929,133227169
2904677535,3689137403,988602394,515096682,136351447
3205551670,4284695308,1161981666,618262843,141097982
3063946993,4057218880,1098593846,583921761,140445231
3148851310,4222073631,1145127972,611830521,145951415
3072149165,3987362792,1075959123,576160255,162428160
3160437276,4107401485,1109141547,580657291,148836207
3171803316,4125563970,1120375409,584171356,139642860
3137635800,4228014752,1148670274,590968410,121945194
3188987516,4315877827,1174828148,622216886,141802624
3248474828,4228405610,1147468571,600848323,148527440
3091879875,4004732498,1084447872,562843051,142218115
3000159308,4025709693,1089620226,567170163,141599146
3182453722,4285132197,1146512684,606240428,141946938
3065178198,4011357052,1081725276,574558035,150670171
3048825166,3978576158,1070936021,560267978,138510515
3117614109,4016716880,1082319845,565759724,135047435
3201008140,4266892692,1155792805,612475671,140981754
3087990511,4106679543,1114095517,579669984,132674592
3064211822,4043490476,1086615133,555158990,121572847
3098875950,4165561058,1129188082,589456136,120356249
2862298527,3795424940,1018594087,540824983,133480644
3070727978,4022895050,1085951935,585418492,158592019
3180571385,4238613064,1145760762,621064924,158682758
3181970665,4173679472,1126026662,596235811,155745560
2955482202,3998060819,1061772938,560564099,137554217
3031138195,3979023564,1067547929,566326585,160575070
3070645943,3887493358,1047481004,553746460,157357795
3252686062,4186669739,1138674008,596573004,147507678
3307812495,4334739456,1176544957,617656768,141656361
3224754900,4271229898,1152431199,601788619,138371465
3271536906,4235902012,1147023595,597194261,140994135
3235311644,4173043982,1133497237,585509303,139404979
3236704887,4401636085,1192606630,607343677,117060049
3293784264,4573090326,1240780997,630326547,118893783
3167137567,4300099658,1169597948,600805454,112610466
3076340415,4000464413,1081459909,560719196,138075153
3101936847,4126559264,1109407809,577334857,137297522
3012687991,4001173948,1082701608,560980582,128197993
3186069655,4272450559,1158023289,599784102,135621453
3234517077,4373579387,1189435296,611598490,130989565
2938451881,4054943326,1069429970,534777111,116828150
3137580913,4341379818,1178522342,608472265,121262698
3242208755,4526003553,1233551812,641920282,128626617
3166430729,4089768734,1110143179,578550954,145831689
3261321201,4344135182,1176046813,602520146,129822257
3108602895,4220146766,1145910345,592559554,125812015
2908222804,3871147631,1044979278,545490482,135408272
2904376973,3859548617,1035615637,543273888,135272203
2767027050,3576906090,960899052,506793854,135130926
3104011157,4204998631,1134578862,612517212,145368718
3274801202,4285746223,1160448920,622783085,163695541
3218442722,4339406281,1177274197,625873585,154139158
3225048408,4187152837,1137985677,608754402,170064094
3282367807,4436081320,1201860222,638219377,160573730
3297998765,4332652598,1179569441,625588839,173849441
3266314186,4174866184,1137143596,595668470,164979081
3240946673,4201734191,1143884498,598281495,155057676
3228965581,4294963259,1173901387,609055866,152628357
3279550268,4250269118,1153531059,593036592,142143308
3317302260,4383306519,1193979601,614197261,134893717
3271755710,4349665495,1187628325,603420760,121012867
2908318237,3843939522,1036621555,538595157,129131829
3338270153,4549667914,1236928026,659602274,151341362
3372275687,4498955511,1233026420,643643168,150642990
3317325703,4475875427,1212392438,634106478,141097602
3307215331,4550792520,1225472563,651165143,155769415
3277849396,4188942476,1141159544,596193205,166510524
3278671189,4219777140,1149971830,591201826,148933244
3354644570,4314348030,1177057697,609482616,141947064
3201409153,4119239599,1114057728,568111336,139239149
2988735626,3860025311,1045320905,537897174,134491964
3161159156,4190702760,1131914779,590693653,141086164
3377004864,4469116396,1220988399,647144629,151192034
3436037549,4563767025,1242278525,651854153,155526728
3303290355,4337870726,1181181507,621614404,165559677
3230008824,4278569697,1163536985,602941538,150981027
3179759099,4118023331,1121686559,577815174,155580514
3030720706,3962325179,1074771864,556325942,135768703
3039204939,4041604373,1090277638,571437802,154196527
3320120950,4419778348,1200757992,626360554,151588824
3313410248,4436112266,1214224038,632490328,144065073
3211035434,4320722273,1174239681,613619638,146964953
3235849162,4540381568,1233594293,642736134,146414435
3235444922,4380888275,1198590695,630607401,166186500
3132202617,3996758581,1079968062,570377415,170875368
3254402436,4428277034,1205662654,641085936,158248364
3343754877,4640404042,1278991823,682595210,156843535
3328092048,4498043117,1239217490,643011552,155766643
3427168115,4507468609,1232385474,637291661,150544951
2766142472,3521428518,949116170,485342465,124485561
3191889306,4287149292,1165208676,584757796,125429789
2918259066,3933801676,1069733532,543015571,126645847
2966232276,4170370396,1127012266,584518875,116750217
3272396464,4505730297,1226218954,648440000,147903176
3281323387,4390935909,1198222739,626615013,147575466
3272093196,4402222017,1191745589,632673153,163217086
3264044737,4402318336,1194808530,637300180,166595792
3139301793,4060016099,1104867476,586879411,178396149
3186653762,4084605958,1111885108,589853364,181266371
3193739892,4073501460,1102910644,580858546,172215399
3356395640,4340797047,1179608059,607998278,155038700
3188010635,4194387353,1135304211,586033279,135537307
3168548588,4077265648,1105807998,578240125,147359821
3292919072,4242636302,1152356212,597395031,151766899
3259751710,4335147574,1176021998,614515376,150459231
3289639960,4377309159,1189709544,618029801,146150063
3138573302,4162758621,1127177920,581760778,149131018
3137364962,4213378274,1146368477,601756982,149661026
3084155098,4019166128,1089372628,575016402,155570471
3304746263,4345210041,1176985305,618215078,159225063
3355539469,4424567423,1209643688,636427714,153244141
3393766276,4534715028,1236780236,643908099,152051284
3216455940,4240770290,1151566921,601588025,156460997
3109280075,4120579029,1129142191,588547455,153506710
3053046296,4168576390,1143240580,594656211,140628153
2873123163,4016146586,1097980677,558600152,107456284
2581693802,3541805660,973841399,488321753,100975484
2177758667,3134081151,858596505,424650751,60036512
1542908964,2218643907,607271471,296673520,44799790
1166998658,1713923445,474955604,236296463,29812843
970436554,1430652479,396936993,196016332,24176310
925324145,1501262883,422055569,211133130,16254418
786220891,1252491296,349378944,178188028,18194358
700990957,1133834014,317862258,159892756,15032366
482554150,786855110,217007525,112812545,12155113
270816850,482140594,136370045,73145727,9449594
225834009,325223805,91613245,45801888,12389118
158708284,240254181,65017046,31709372,2786768
57755654,61332229,14512732,10833662,2421838
66116744,34891116,8009071,19745090,1442183
89754143,37394141,8872239,27702618,3436937
97652319,34927886,8550862,33320698,2164809
98108203,38472094,9149043,32997114,2754891
77849917,33896036,8018871,25053593,1732355
121712680,38196830,9462197,42345380,2467680
39903849,38126484,8336394,5027134,2697531
47401168,33637065,7533815,4380509,2537191
68921211,64218063,15629333,7150974,8128119
119592936,91892218,26319655,12473355,26147221
119534261,94455410,27112247,12937939,25895243
118607647,88003456,25245322,11867191,26669820
120238565,89129156,25505568,11962848,27223664
118646835,85549370,24458345,11392381,27477368
118754936,87210009,24932523,11711545,26878693
119573652,90871263,26078396,12383174,26322696
120610801,93969662,26949792,12826084,26447877
118769753,91487377,26267232,12478342,26201048
87952559,79248516,21190624,10622803,16060731
99436312,121297721,32074866,18695515,5742015
99432903,109639137,29163754,17398636,7379844
121312910,125917865,32688991,18908304,15631786
150382764,126782359,34454975,17063145,27551020
137244653,118261791,34587947,16697272,26039707
200277936,137346840,32144589,14929017,50722915
102991681,128564181,36139711,16710285,7628190
105662365,161049424,50827551,19829473,7736606
99220165,133647769,41731376,16635481,7967527
108601724,154595101,48437275,19031908,8691462
119424913,131446951,39507954,15654860,19673843
222724718,203941097,58428113,12563708,21209607
204815073,310409467,91102955,47889983,6368533
48837404,62706611,19133869,10935358,3933820
191876589,457085068,101277198,56467761,4610173
186188788,519897479,114338028,71903571,2651920
239889659,797264824,180904184,123004521,135190
240210020,803589079,182428210,124107582,230050
236060666,808111277,183512358,125172965,189634
239793729,819093931,187906687,130892721,126087
240986773,824276556,189095694,131721219,111656
238910335,817492997,187539650,130637437,114344
239127750,809455039,186465686,130430392,184209
234476225,778623411,181199065,124118274,587069
85264589,170632110,33654734,17501196,1920640
155348878,235315657,62831699,33473120,5175431
161849265,222820497,60753407,33175904,7330887
66361550,79172612,19870350,9902565,3462640
102675186,120106912,32014947,18817405,6757032
104116058,113763418,30285473,17852267,8252044
165432801,260517107,58605373,35996900,20087559
239728715,173550656,38422479,16896929,57560210
126487596,116169858,38632696,14145085,15397931
157929599,251574995,62291749,33537693,16532424
236186133,182484854,41524388,17532994,51378133
152911601,116222224,27162960,9805703,23779164
111814296,164086145,51982099,26865140,6132806
98883048,154897943,50597328,27578044,5867688
141685792,117785566,37123225,15355008,43635820
131821511,239369575,70820005,27265620,7463805
125122529,212167606,62371276,24268077,7846930
133612260,229812911,67090296,25980052,8199286
131046282,227139656,66842429,25899273,8246593
139776246,220476033,59153769,25593252,17229100
215629129,214831067,63049702,16720444,19785032
145152610,414710988,71221964,23551370,2992388
232582467,788336589,110997201,36546845,1151130
109779807,221008128,68100286,23231175,5058194
234228364,524625893,134018571,66469580,4098696
225022044,562610956,134410412,53803696,1092429
239449812,409465410,98286291,19699051,1687677
238999492,397033053,88262544,14705752,2208621
239196301,368424197,78488660,11244279,2444280
240845264,355414717,74186633,9771682,2693213
237890818,349935494,72033184,9223204,2861213
240407379,347711880,71253819,9060291,2781885
240602518,337757690,69141242,8682146,3072674
220985298,618680802,135619753,91278046,641883
182579962,527738773,118630074,81911047,669352
216147242,627486370,175703123,96518166,367993
216976611,639722339,181501765,99537074,339649
216431967,637462777,180844056,99176323,352286
210653331,605279719,171935936,94056371,806551
160679683,487100217,117620924,54194506,215725
228391446,755939983,181873882,85576027,64880
114413753,259253568,63803139,31988479,3045700
94224133,105605044,28147713,16723913,6685449
101393434,109713573,29235715,17102449,8196195
164881509,245116183,54885694,33910668,20404106
240196542,144297865,32340967,13710573,48761029
161042243,119992382,35642197,13992547,23594411
107781151,105894837,35412697,13394473,7763462
237306007,268657573,58374596,32805871,35188881
238685597,132699794,31051477,13117046,47859185
123037167,116695610,28563131,10797365,7982513
101745111,144427273,47118823,25593468,6105378
104680037,154302758,50595104,27516747,5902254
149685632,87027821,27263191,10412649,44853700
134009998,217616346,64332646,24769572,7252272
134089033,209136459,61656218,23871786,7830830
133959192,195529642,57006686,22168892,7859447
138412501,210426613,61787312,23954018,8302928
138787901,224658869,66416472,25506738,7445888
183280433,185374208,46115040,15202395,19160681
165087665,179800359,58943484,21798193,17873487
179623664,618605593,84013141,23315161,884959
183471383,604657125,86213138,29794607,2418696
146793396,276471764,96812899,34866567,5158712
207611498,478681083,111437996,58083441,3360997
226473046,542868516,131759349,50836189,1122278
239274311,411480677,97577286,19056409,1731332
239319892,391887667,86744485,14206703,2131877
240137231,366994874,77952348,10991077,2451889
240312298,357119879,74308823,9761945,2641908
240458360,352960354,72638676,9327928,2790744
240394427,345324303,70762578,8944572,2751894
238389560,336267166,68888701,9089114,2939750
220180878,655187401,144368242,101664792,391479
175547267,502675748,115835840,77804663,744531
225984838,657392033,184544311,101343761,417232
228191498,672248021,190730747,104596568,414486
228849725,673486850,191062248,104780396,427586
173956321,489974170,137778584,74501168,962456
223464797,706611237,170421559,79233170,76947
210984507,692689115,166651874,78417842,269085
78505988,97247328,25543045,14656530,4300504
99575456,110482845,29351111,17537296,7172421
109826667,125814529,33513318,19471271,8677952
218741710,274129847,59598085,33987893,39800022
204509879,153051891,38843427,16039038,43908614
105907167,118127596,39531784,14875804,6677989
212626088,284691094,64870477,35056009,32377411
216570553,143923842,33527834,14312675,50430965
126011304,144793222,38040483,15984229,6478966
101099260,157465930,51447628,27990040,5978593
133862464,141524720,46689254,22771246,34522612
117186996,161870213,47918867,19294524,13821135
135711658,251308187,74352377,28557949,7507543
121393442,190186449,55476590,21809023,7902955
135975093,246165187,72272061,27835934,8074773
133358002,243525410,71917300,27655321,7432673
175426638,199184725,50278314,17123214,18439627
160561773,184867557,60328565,22056177,16545135
200233202,688146349,93912299,26730943,574274
165926804,540959245,77777396,26991411,1851815
189720074,378211267,121025332,48547612,5685936
212246788,520152174,133434268,57810904,3520227
14731491,15973244,4280196,2272498,912508
4315189,3159206,798313,533580,500799
5239140,3259347,822596,560184,595833
3568526,2653564,660645,363110,409224
