cycles,instructions,dtlb_load_misses.walk_completed,dtlb_store_misses.walk_completed,ept_walk_cycles
39720508,8963827,52739,102747,2851865
49226884,30835,61649,156423,3632378
49180639,30817,61610,156052,3646327
49213917,30840,61659,156133,3650608
48734393,30527,61039,154584,3636320
49144661,30785,61556,155854,3656777
49186862,30815,61616,156027,3647229
49205853,30843,61661,156115,3640292
49222147,30836,61655,156087,3664475
49220709,30843,61665,156202,3650990
49268693,30877,61728,156310,3655556
49303468,30905,61790,156445,3659420
49237267,30868,61718,156273,3655322
49199680,30844,61670,156145,3642961
48678146,30515,61016,154184,3619767
49201139,30847,61677,156137,3646260
49272986,30889,61749,156314,3659227
49210861,30841,61660,156132,3654942
49237155,30836,61647,156061,3694524
49221018,30852,61688,156132,3654804
49187028,30822,61632,156046,3658543
49239147,30867,61720,155925,3672758
49198711,30822,61629,155988,3676475
48973303,30671,61326,155326,3685193
48645477,30481,60941,154272,3626861
49167655,30810,61605,155633,3678378
49128908,30788,61550,155839,3652198
49263639,30844,61670,156436,3670658
49258713,30876,61736,155935,3668838
49205809,30838,61657,156104,3653615
49215132,30844,61677,156103,3654841
49205425,30842,61666,155778,3663539
49273124,30886,61744,156033,3667281
49107589,30784,61548,155402,3667116
48688951,30520,61019,154226,3634337
49012941,30821,61615,156085,3647728
48969791,30833,61639,155637,3665713
49050598,30864,61713,155803,3684172
51282891,31864,63722,179334,3142947
52773945,32499,65006,195497,2774976
52764860,32490,64965,195520,2782287
52824650,32536,65071,195780,2780854
52774929,32504,65017,195592,2771984
52517351,32333,64661,194601,2776389
52856839,32318,64633,195212,3611536
52878044,32356,64707,194604,3586985
53348948,32617,65235,197023,3666440
53304852,32777,65556,197240,2980517
52754710,32489,64972,195495,2778066
52763166,32504,65016,195591,2775057
52783805,32511,65026,195514,2776567
53333460,32837,65683,196777,2828297
53331349,32844,65699,197672,2805173
41676960,25033,49996,155129,2292127
45816926,27736,55405,170174,2451996
52714621,32470,64955,195415,2766737
52712547,32472,64957,195455,2768482
52770934,32512,65021,195634,2770248
53318264,32843,65695,197657,2798267
52779626,32489,64979,195505,2779117
52818379,32524,65058,195602,2784749
52800757,32532,65062,195657,2772123
52810048,32524,65046,195682,2770751
52700549,32342,64682,194715,2911477
53228635,32453,64913,195391,3599181
52919036,32519,65041,195772,2840146
53382428,32819,65638,197565,2797146
16643372,10107,20225,60724,982842
5424861,3171,6355,18934,414956
5527897,3236,6490,19365,422873
3481801,2024,4056,12207,271505
1507289,872,1748,5261,117036
5158529,3017,6045,18036,396344
4489219,2624,5263,15730,338088
2613703,1505,3020,9239,202941
4356509,2541,5089,15253,329334
5488831,3198,6404,19127,415468
1545282,865,1731,5479,123138
5929520,3473,6960,20789,444408
3659988,2123,4257,12783,284391
2952486,1685,3377,10283,251338
4703326,2713,5434,16300,395790
3584026,2061,4126,12437,302565
3964162,2290,4585,13727,328004
5155535,3012,6033,18027,393363
1416280,793,1587,4928,112965
5222103,3055,6127,18252,404715
2289141,1317,2636,7947,180249
4637083,2706,5421,16189,353688
3075045,1768,3543,10681,241153
4442195,2578,5174,15585,341623
5026210,2938,5888,17540,387195
1680594,940,1883,5820,131366
5811236,3400,6820,20326,449976
4062901,2344,4704,14057,345601
3478904,1993,3992,11978,302763
4940152,2842,5694,17042,419305
2541244,1451,2915,8779,219354
3878118,2227,4458,13439,334338
5703263,3293,6606,19661,502489
1862753,1041,2084,6355,168429
5172914,2981,5974,17820,459641
3600057,2060,4130,12406,321137
3518792,2009,4026,12077,317859
4613900,2657,5322,15935,412871
2402621,1359,2722,8243,213480
4171329,2387,4786,14355,376611
5029075,2904,5824,17274,442781
4057821,2331,4671,13984,358390
3417918,1954,3915,11889,311169
4038878,2319,4650,13913,356209
3936354,2265,4537,13623,342119
4615777,2666,5346,15984,391828
2526676,1445,2894,8765,217499
4295395,2473,4961,14912,379313
5236095,3015,6046,18130,468529
2104171,1181,2362,7250,193857
4494960,2587,5183,15648,404774
5844666,3347,6710,20095,549199
1631937,895,1788,5669,155478
5447950,3130,6272,18873,498686
4536500,2602,5217,15784,412603
2337110,1314,2629,8137,213845
4476978,2574,5155,15518,401440
4696772,2691,5390,16215,430179
2981647,1697,3399,10393,272802
4099424,2353,4715,14194,374519
3512223,2002,4018,12115,330304
4035845,2305,4616,13999,375154
5140223,2937,5889,17675,495641
1740132,960,1918,5976,170998
5633853,3240,6495,19501,517547
3609216,2069,4142,12557,325653
3420011,1952,3903,11849,310650
3670138,2100,4211,12697,334990
4641420,2664,5346,16092,421995
3861403,2212,4434,13403,351991
3818979,2176,4362,13215,351466
3633233,2069,4147,12608,332553
4986924,2873,5753,17297,450523
4531451,2585,5185,15602,415876
2148226,1201,2405,7423,198694
4604116,2640,5292,15983,418535
3686505,2106,4219,12789,335725
3941477,2255,4522,13583,364425
3295577,1889,3784,11425,282430
4628040,2680,5374,16191,388841
4159987,2409,4824,14596,345244
2850137,1627,3260,9930,233730
4134932,2394,4795,14508,338352
5518742,3211,6427,19310,459161
1478155,828,1656,5167,127777
5877558,3416,6843,20545,484170
4645049,2697,5405,16205,394588
2015478,1130,2267,7068,170301
5059375,2942,5898,17743,410083
3699532,2138,4281,12968,300368
3153573,1824,3654,11100,253328
3391664,1946,3902,11835,275579
3729920,2152,4309,13083,306481
6027309,3469,6956,20867,549172
1676326,926,1850,5790,161246
5197350,2972,5957,17910,495953
5339370,3068,6149,18451,499098
1656533,913,1830,5743,161672
5162702,2960,5937,17826,477491
3966561,2273,4555,13650,363150
3727866,2120,4249,12891,353929
5335000,3036,6078,18295,496878
1995118,1118,2243,6948,188456
3986190,2281,4576,13814,369319
5235812,3000,6018,18080,498876
1945582,1085,2170,6776,189473
5397050,3088,6184,18552,517539
4476685,2588,5185,15615,381022
2229983,1264,2533,7811,190417
4555385,2644,5303,15938,372058
3858653,2222,4453,13473,315460
4469872,2585,5182,15649,367113
2962254,1705,3417,10464,243481
3939605,2272,4552,13834,328506
5717625,3320,6655,19996,469323
1742895,973,1945,6124,149614
4727397,2741,5495,16605,387204
5560094,3236,6488,19465,442483
1451693,817,1636,5027,120520
5178293,3009,6028,18140,416437
5046835,2927,5868,17582,418788
1519096,847,1692,5288,127530
5291916,3045,6110,18288,477198
3523243,2009,4014,12233,316938
3427139,1953,3905,11905,308858
4277349,2442,4893,14810,387862
3268635,1862,3726,11348,293341
4803482,2753,5519,16590,431862
4493859,2580,5166,15624,396322
2357985,1329,2663,8154,211469
5144215,2952,5918,17792,460703
3324396,1901,3812,11588,293656
4176085,2393,4795,14518,369824
3312860,1911,3828,11570,276313
3480215,2014,4038,12231,262978
5732835,3341,6698,20108,443607
1692213,957,1914,5914,138044
5356794,3121,6254,18748,422251
4513031,2621,5260,15855,347837
2564399,1472,2950,9046,199113
4607890,2688,5385,16192,352828
4349595,2535,5080,15305,337533
3082376,1778,3559,10854,243610
4103735,2385,4784,14379,317669
3284057,1903,3814,11546,251680
5101073,2982,5975,17942,392306
4711073,2762,5510,16850,361308
3616065,2080,4163,12583,291518
3906514,2252,4512,13593,335197
3482648,1987,3972,12087,308763
4815264,2786,5586,16791,407089
4705403,2713,5438,16394,403367
2185912,1238,2478,7654,190028
6000976,3465,6942,20824,525863
3834968,2211,4430,13361,323470
2952799,1682,3359,10184,258468
4599301,2659,5326,16076,385656
3630482,2089,4184,12612,314898
4891494,2826,5664,17003,417233
3092652,1761,3521,10731,267415
5070132,2928,5875,17645,438842
4870051,2814,5640,16934,418924
2388903,1346,2696,8259,215448
5281047,3037,6084,18240,469120
2381917,1347,2699,8282,215609
5001354,2888,5780,17455,428650
5537546,3188,6393,19214,492204
1836731,1023,2053,6471,161223
5480538,3160,6332,18962,474625
4478211,2592,5188,15632,372638
2219477,1258,2517,7714,185632
5124248,2961,5934,17808,451103
3846090,2203,4421,13334,330540
4091547,2340,4685,14045,361730
3774471,2152,4309,13102,341313
4637345,2651,5313,16005,406283
4595771,2630,5272,15919,398279
2966607,1708,3419,10370,235988
3657710,2094,4201,12568,310523
5461473,3136,6285,18775,474366
4177239,2401,4817,14450,363476
2717882,1534,3069,9461,245679
4931079,2844,5703,17080,428319
3666441,2091,4191,12638,325173
3880105,2213,4431,13371,348022
5940221,3402,6819,20375,547135
1816311,1017,2038,6295,165730
5465878,3134,6282,18813,491232
4876481,2809,5631,16938,435550
2016189,1112,2224,6840,185234
5679577,3282,6579,19728,496619
3569485,2030,4076,12251,317099
3132508,1784,3575,10776,280405
4716782,2711,5431,16378,421649
3647360,2080,4164,12636,329412
4346291,2486,4991,14948,384551
3031652,1722,3462,10502,272526
4432690,2540,5093,15267,386748
4914670,2819,5651,16912,427591
2310347,1313,2626,8055,201472
4382820,2518,5045,15260,378149
4973083,2868,5754,17251,432114
1786184,978,1952,6124,166789
6020911,3479,6971,20914,528025
5051458,2916,5847,17577,434649
2069055,1154,2313,7242,184472
5146625,2975,5965,17824,441526
3972037,2279,4568,13759,344203
3861700,2216,4440,13367,334164
4194545,2415,4835,14614,362156
3641628,2090,4184,12662,317109
5160452,2978,5971,17932,447690
2273084,1272,2549,7909,206544
4978225,2873,5753,17318,432976
4700735,2705,5423,16304,411131
1976629,1104,2214,6807,180754
5917671,3417,6854,20486,516149
3837348,2200,4404,13322,334736
3954309,2264,4544,13716,346844
4244320,2445,4901,14745,368155
3789364,2172,4353,13098,329501
5176103,2991,5994,18004,450386
2380390,1356,2716,8290,212952
4840510,2788,5588,16832,425519
5086564,2936,5885,17652,443484
2118944,1193,2384,7408,189805
5415356,3132,6280,18790,463943
3983337,2291,4582,13853,345731
3344384,1911,3821,11535,293412
4706745,2700,5411,16362,421177
2468854,1385,2773,8547,226540
5523843,3176,6365,19103,495942
3899313,2241,4490,13525,344312
4312462,2475,4955,14950,383424
5575511,3206,6423,19250,502390
1985507,1115,2241,6816,180038
4377170,2522,5051,15205,378393
5333327,3069,6155,18471,473902
2026455,1140,2275,7138,184273
5079026,2935,5879,17601,437545
4177070,2404,4820,14500,359551
3354229,1918,3848,11602,293404
4101938,2351,4712,14266,354621
4757951,2741,5491,16531,409978
3591583,2052,4101,12367,321102
3959435,2274,4554,13799,347980
3433482,1969,3942,11949,283733
5203633,3033,6079,18280,404596
2112634,1201,2404,7355,170301
5240441,3024,6058,18246,415505
5551256,3233,6475,19469,437736
1886492,1069,2131,6554,158098
6367820,3699,7418,22213,515033
3752862,2156,4317,13059,315498
3599328,2057,4123,12630,305163
4047038,2336,4675,14081,336528
3403467,1953,3904,11855,276807
4962292,2881,5775,17311,398767
2514293,1442,2883,8783,209061
4735537,2737,5490,16579,391193
5324037,3097,6205,18590,429129
1772757,1001,1996,6169,148306
5219716,3032,6079,18269,425050
4382348,2546,5094,15284,352614
2591941,1480,2957,9047,211861
4313611,2509,5029,15110,346354
2341448,1340,2683,8088,187287
4856202,2823,5654,16978,390146
2454534,1397,2795,8499,203754
5192523,3009,6035,18070,424105
2834730,1619,3241,9957,233393
4904454,2838,5689,17147,402598
5205566,3024,6059,18200,424875
2187206,1256,2513,7647,178419
4489498,2600,5207,15657,365346
5125534,2970,5958,17809,427292
1459286,816,1642,5101,123560
5251666,3053,6117,18314,431079
3708547,2148,4305,13002,296816
3386233,1941,3881,11752,271504
4063000,2355,4715,14236,328335
3713255,2138,4286,12963,302860
5262147,3033,6078,18207,428959
2621162,1498,2997,9174,217554
4060657,2336,4672,14157,328445
5841910,3385,6779,20271,480342
1692387,943,1883,5898,146887
5355744,3058,6128,18391,500382
4174423,2369,4744,14308,409525
3433407,1970,3947,11929,288760
5151863,2967,5953,17867,433004
637394,338,671,2158,59840
5678182,3289,6592,19755,484265
3708807,2121,4250,12797,311866
2912276,1672,3354,10137,245624
4335243,2504,5019,15092,365887
3319287,1906,3821,11522,275233
4788097,2780,5571,16777,394686
2331673,1324,2644,8153,198265
5274915,3057,6122,18433,442180
4452569,2577,5171,15557,370944
1873998,1054,2104,6610,159997
5348813,3103,6219,18658,448966
3528877,2027,4063,12290,299469
4165482,2401,4808,14486,352070
3150054,1807,3623,10982,269001
4047299,2333,4681,14055,336635
5781233,3345,6709,20141,488144
1924849,1089,2180,6802,167495
4993400,2888,5785,17369,421825
4253607,2466,4942,14900,353589
3443507,1983,3979,12083,287737
4617430,2678,5363,16164,380521
3054436,1753,3510,10655,252900
3686866,2133,4275,12918,301444
2692768,1552,3105,9501,220927
5351741,3114,6248,18744,437170
5840894,3398,6809,20409,479768
5460004,3174,6368,19076,449109
2721610,1546,3093,9500,230926
1100973,596,1191,3883,100541
950120,509,1014,3348,86304
2004621,1133,2266,7040,170658
6223241,3616,7248,21677,513853
5902825,3429,6877,20559,488676
6076146,3538,7094,21263,495053
6139388,3571,7162,21411,499925
5752289,3346,6707,20104,469334
3816821,2190,4391,13327,327801
951612,509,1020,3363,87390
4112707,2379,4765,14360,347749
5738081,3336,6691,20019,471012
5786269,3353,6720,20094,471925
4538664,2625,5260,15947,372497
1110462,599,1185,3895,100121
3764678,2161,4338,13127,318817
3841379,2208,4426,13358,331440
5580875,3232,6477,19403,469269
1847706,1043,2085,6426,157955
5462143,3165,6342,19102,454379
4761184,2759,5532,16629,396773
2193117,1242,2483,7706,186346
4875009,2825,5669,17033,407757
3615883,2073,4158,12595,306113
4040226,2313,4631,14022,350987
3581343,2054,4119,12480,313635
3473950,1996,3993,12129,302014
5501435,3179,6370,19097,468837
1280335,704,1409,4505,115833
5861839,3384,6787,20375,498681
4175012,2414,4836,14569,353749
2918535,1669,3341,10241,248942
4565074,2637,5274,15896,389064
4820823,2791,5589,16825,402526
3233178,1859,3729,11260,272918
3867657,2232,4475,13518,328407
3733739,2149,4314,12956,318502
5013287,2896,5802,17457,425364
2174184,1236,2481,7572,186933
4639220,2676,5364,16177,392421
5455732,3172,6354,19072,446096
1685591,968,1939,5972,121125
5209943,3056,6125,18420,371434
4626841,2713,5436,16395,333559
2107960,1208,2413,7431,159214
4818268,2826,5662,16954,348282
3882448,2256,4521,13698,294400
4285004,2497,5006,15142,318580
3288976,1906,3821,11597,250454
3697222,2144,4295,13041,277708
5785547,3393,6800,20400,429440
1519709,863,1727,5351,117508
5859914,3443,6895,20692,423104
1717662,985,1971,6044,128703
5785255,3389,6793,20373,424185
4337918,2536,5081,15366,314430
2613558,1516,3033,9229,194177
5404826,3158,6334,19004,403415
3687326,2149,4300,12997,267041
4018014,2346,4701,14125,290371
3295282,1920,3843,11620,241480
3824935,2227,4459,13509,282031
5869226,3439,6894,20666,432407
3444131,2002,4016,12118,252442
2975650,1718,3443,10437,221626
4016492,2347,4707,14156,301375
3468992,2011,4030,12132,261997
4364679,2548,5105,15420,318412
1049551,581,1159,3663,81017
5722097,3356,6731,20214,419601
3737938,2179,4368,13197,280920
3550122,2047,4099,12472,271519
4662274,2706,5414,16315,351720
3773349,2192,4397,13352,282013
4579043,2672,5354,16121,347215
2522854,1440,2880,8846,194000
4371486,2546,5108,15391,332474
4559659,2668,5348,16060,342618
1640541,926,1852,5833,128733
5526956,3235,6488,19452,414602
4832575,2806,5624,16859,384149
2416597,1386,2775,8662,192544
5214253,3001,6018,18093,458167
3537065,2024,4054,12310,306407
4374758,2504,5022,15097,390289
3504053,1993,3990,12097,314622
3852386,2200,4418,13256,350935
5566334,3203,6425,19241,477397
1460599,802,1606,4999,131199
5298498,3063,6145,18419,455551
4202733,2419,4849,14543,362627
2812056,1584,3170,9744,249710
5237476,3017,6045,18146,451068
3972377,2268,4546,13742,345664
4063971,2333,4674,14124,351003
3012710,1720,3445,10579,261141
4439317,2542,5095,15288,379027
4566048,2631,5275,15836,400972
2791731,1591,3189,9753,243790
4000931,2288,4585,13821,351709
5399024,3102,6221,18582,470654
1661197,922,1842,5717,151587
5697797,3274,6569,19683,511136
3978586,2282,4574,13894,348336
2850666,1615,3233,9897,246540
4712712,2713,5432,16369,404995
3374133,1943,3897,11780,285206
4624922,2667,5345,16089,387327
5057107,2925,5860,17610,421443
1861477,1048,2094,6573,159683
5457674,3157,6330,18953,462865
3714466,2136,4280,12942,312877
3068866,1757,3518,10749,259045
4485952,2594,5200,15669,375878
3387013,1940,3883,11799,305057
4684806,2703,5418,16371,391878
2753849,1576,3155,9544,234346
4826933,2794,5604,16864,403195
4902411,2838,5689,17057,408848
2727359,1568,3142,9521,229043
3742854,2168,4343,13070,309877
5804610,3369,6748,20230,482293
1256989,688,1381,4365,113258
5823416,3376,6765,20282,484957
4115953,2371,4748,14342,343051
2900001,1653,3308,10075,247455
3987368,2297,4603,13904,335691
3594280,2067,4142,12534,301484
4590185,2653,5316,15997,382266
5251038,3041,6100,18222,435207
1669730,936,1870,5793,143604
5796936,3368,6749,20241,480236
4121668,2377,4763,14303,347430
3044140,1745,3489,10649,256664
4598539,2657,5328,15995,380897
3691767,2129,4266,12895,305440
4609872,2674,5357,16118,380409
2359549,1345,2695,8215,200923
4035995,2329,4669,14052,339058
5521655,3193,6394,19244,473888
1682296,944,1891,5842,150272
5630066,3257,6532,19633,486422
3747789,2152,4312,12948,327307
3639673,2072,4154,12536,319173
3914757,2250,4502,13636,342360
3897238,2237,4465,13576,340046
5021376,2899,5807,17466,434515
2177877,1227,2458,7572,194296
4496807,2591,5195,15673,386127
5583815,3240,6487,19513,466131
1825271,1019,2038,6359,160922
5219450,3016,6046,18163,440865
5079019,2934,5886,17628,431765
2227814,1255,2512,7684,193105
5288861,3061,6135,18441,443809
3470177,1996,4005,12121,291993
3839075,2224,4457,13500,300646
3458619,2001,4007,12109,272958
3540484,2044,4096,12348,286337
5187665,3011,6036,18138,420147
2187120,1244,2495,7583,183468
4888569,2839,5693,17062,392006
5110530,2963,5938,17809,413987
1550621,868,1729,5439,130472
5907934,3429,6863,20607,486086
5076561,2940,5892,17723,416765
1970323,1116,2242,6805,165267
5315640,3088,6189,18631,431238
3598773,2078,4163,12661,289668
4092415,2367,4731,14357,329768
3415855,1969,3942,11992,273996
4152683,2409,4821,14552,333494
6323589,3683,7382,22144,508361
1460511,810,1616,5163,123621
6526300,3801,7623,22886,522396
3739288,2170,4344,13126,295868
3395366,1960,3926,11863,273992
4295098,2486,4983,14985,346707
3945153,2282,4577,13869,317866
4604739,2672,5354,16158,372728
1981086,1126,2256,6944,168742
4505046,2590,5184,15761,377620
4944217,2862,5747,17200,404637
3746815,2155,4306,13093,312724
4088700,2357,4724,14237,340928
3522521,2035,4078,12353,284326
3428987,1981,3962,12066,273544
5968319,3459,6935,20775,474304
1531227,861,1721,5362,128876
5536073,3224,6460,19400,442510
2352251,1345,2698,8162,193111
3431100,1979,3964,11963,282693
3643452,2101,4209,12776,297460
3611301,2081,4162,12685,295377
5374835,3124,6262,18750,438952
4251331,2464,4937,14836,351432
2795800,1573,3143,9636,271373
5038580,2872,5756,17290,496219
3699038,2117,4244,12831,336336
3806491,2176,4353,13193,342329
3344604,1910,3822,11589,310250
3348984,1918,3848,11617,305814
5438773,3129,6265,18816,488035
3616787,2072,4147,12500,326362
5241579,3058,6110,18611,408764
4872902,2772,5554,16686,448983
3797558,2176,4364,13134,340784
4085468,2336,4678,14129,376069
3341925,1894,3798,11485,310187
3961242,2258,4529,13665,366254
5398000,3117,6250,18727,476785
1352171,748,1499,4717,125714
5298433,3047,6108,18302,480976
5204672,2981,5973,17887,483727
1703559,930,1858,5891,163172
6348865,3646,7309,21861,579022
1674019,930,1864,5826,155880
5313434,3056,6129,18403,472811
5297050,3048,6112,18332,466326
1573575,875,1747,5420,142392
5361039,3095,6204,18623,472724
3420629,1948,3910,11814,307916
3064973,1744,3490,10554,277152
4469385,2550,5108,15509,406300
4043696,2310,4628,13910,364991
5004071,2873,5757,17312,450302
2839479,1608,3223,9840,259662
4800902,2745,5500,16579,430955
5097012,2928,5870,17557,458499
1732412,961,1924,5890,159325
5234231,3010,6035,18107,463007
3424214,1961,3924,11821,305484
3940894,2250,4511,13555,356335
3680878,2105,4220,12747,326801
4030679,2296,4607,13918,366725
5468541,3135,6282,18849,492809
2275392,1288,2579,7849,205021
4426842,2537,5076,15286,399735
5221757,3001,6017,18077,467086
1786997,992,1981,6126,165862
5794454,3337,6689,20092,521246
3856606,2200,4412,13380,348653
3314296,1889,3791,11487,300888
3926689,2250,4504,13621,349551
3784550,2151,4307,13027,341479
5070417,2908,5831,17432,459782
2161730,1218,2440,7498,199151
5304512,3038,6087,18340,484915
4894509,2806,5628,16937,444409
2378492,1332,2669,8298,220501
4492455,2571,5153,15521,410242
4731865,2705,5423,16326,443577
2846725,1610,3230,9762,266476
4825763,2764,5536,16706,443683
3562166,2038,4084,12297,322776
3906771,2220,4445,13451,350722
2958478,1675,3357,10155,263496
3953204,2264,4532,13597,360963
5682975,3261,6541,19559,523171
3677446,2102,4219,12734,332593
3170746,1804,3623,10969,291045
4564078,2614,5235,15816,409661
4032917,2302,4617,14004,366420
4631465,2647,5309,15925,420563
3315927,1887,3791,11504,302891
3901226,2217,4443,13454,359902
5675196,3269,6554,19609,503142
1611847,890,1779,5618,147560
4953911,2844,5702,17131,438320
4243859,2444,4896,14706,371481
2566272,1457,2912,8935,223084
4611959,2677,5363,16163,372522
3862897,2218,4439,13421,329706
4852151,2797,5604,16890,412855
2561219,1454,2909,8921,218784
4279576,2464,4945,14875,363325
5587295,3234,6489,19440,474839
1403866,769,1534,4895,120062
5457758,3173,6357,19088,445061
5119082,2951,5922,17790,429181
1861009,1047,2096,6611,155189
5503021,3186,6389,19197,448092
3763869,2159,4312,13082,308909
3549056,2032,4073,12346,295678
4395881,2531,5073,15385,365497
3530862,2023,4048,12210,287753
4878136,2825,5664,17017,397377
2515717,1425,2852,8736,207731
4528792,2620,5242,15869,373523
5059756,2931,5879,17642,417607
3363060,1929,3866,11703,282655
3938698,2260,4524,13703,335622
3597864,2060,4126,12508,306322
3653006,2100,4209,12705,305925
5826459,3376,6764,20311,487556
2299769,1301,2605,8047,196260
5232740,2999,6016,18193,447483
3006212,1708,3421,10430,253770
4300767,2488,4986,15016,356690
5591797,3239,6496,19455,464907
1504625,836,1675,5270,126178
5344884,3104,6223,18701,438030
3712530,2138,4291,12968,313337
3784648,2171,4349,13071,318579
5107513,2956,5926,17857,428249
2275405,1290,2579,7959,197050
4753365,2729,5474,16470,418439
5154592,2920,5854,17495,521949
1961914,1081,2163,6640,209394
5906096,3353,6721,20112,594483
4034913,2288,4581,13801,397513
3172234,1792,3598,10835,317270
2461239,1375,2755,8408,243493
4156945,2353,4717,14238,407257
5659453,3216,6447,19394,552321
2185259,1218,2438,7548,213865
5629295,3218,6451,19361,537164
3994999,2268,4543,13753,381492
3439788,1941,3890,11866,329295
3859543,2197,4405,13250,369392
3429297,1945,3905,11789,326509
5165770,2948,5904,17775,494151
2811469,1577,3163,9654,278150
4708647,2672,5361,16099,457907
5411305,3097,6203,18630,514072
1976385,1105,2217,6767,190843
4826990,2760,5530,16632,456779
4472964,2554,5122,15407,428803
1877171,1043,2083,6414,186060
5461526,3118,6247,18767,527201
4694494,2676,5361,16143,450716
2651971,1485,2977,9124,261817
5078197,2897,5809,17465,483563
3398728,1937,3876,11722,320630
3709569,2103,4210,12775,354063
3399535,1930,3868,11686,323157
4084439,2317,4640,14064,389619
5680377,3248,6512,19575,542306
2063990,1153,2313,7102,197360
4699674,2681,5370,16163,444192
5539712,3168,6346,19042,526753
1820669,1009,2016,6254,173271
5443608,3120,6256,18735,516724
4959283,2824,5662,16917,474287
2512944,1404,2815,8618,239748
4651107,2661,5335,16009,436707
3694541,2097,4201,12639,349576
4497087,2560,5132,15481,427924
3558806,2001,4009,12217,339693
3779764,2148,4307,13020,359777
6080488,3478,6976,20863,578889
1442141,792,1576,4971,139683
5603774,3208,6438,19324,532145
3912572,2228,4458,13402,372007
2910610,1640,3289,9966,281333
4211770,2409,4826,14582,395322
3590437,2040,4089,12420,341010
5099782,2912,5838,17554,481916
2630674,1475,2961,8980,253464
4544459,2583,5177,15593,431168
5271603,3014,6041,18140,500500
3879561,2204,4412,13323,372338
3792891,2153,4321,13028,361922
3786190,2144,4294,12954,366566
3488892,1980,3971,11970,337092
5654880,3213,6440,19265,559551
2231957,1243,2487,7622,221978
4678134,2656,5327,15993,459814
5081973,2895,5803,17368,497730
1779428,993,1988,6155,173661
5415847,3083,6182,18563,519954
3753884,2134,4276,12914,358968
4040948,2287,4583,13842,399737
3891730,2205,4417,13379,379341
3919706,2230,4470,13386,375919
5430128,3096,6207,18673,515637
1941299,1081,2168,6629,185647
5096587,2906,5827,17551,486556
4806048,2737,5483,16519,461818
2119600,1184,2373,7260,206639
4872179,2778,5566,16753,475884
5002469,2848,5714,17154,476034
3295999,1859,3722,11342,314965
4641977,2642,5290,15888,439001
3749780,2128,4260,12882,360231
4981931,2861,5735,17270,439778
2571230,1446,2898,8904,231997
3934613,2256,4519,13604,356212
5563390,3192,6399,19215,506060
1760255,975,1950,6094,163343
5550404,3194,6401,19165,493786
3846049,2196,4403,13296,339698
3611117,2069,4149,12555,313352
3952983,2266,4538,13651,346652
3368350,1928,3865,11654,297230
5809492,3347,6720,20117,507333
2059347,1158,2317,7120,180328
4652399,2677,5372,16097,407211
4413789,2529,5068,15210,392808
2426456,1376,2756,8415,214970
5462373,3146,6302,18871,483490
4106783,2348,4711,14141,357611
3548320,2030,4064,12193,309586
3697077,2101,4206,12732,323967
3660033,2092,4197,12708,323233
4934956,2841,5695,17086,431787
4188085,2408,4833,14547,377976
2535174,1436,2873,8726,230124
4719399,2720,5447,16414,408157
3482133,1992,3994,12086,305760
4116209,2348,4699,14180,364847
5895327,3406,6822,20507,511730
1583881,880,1764,5488,138788
5602865,3232,6480,19444,476540
4224722,2432,4874,14673,360850
2998256,1699,3393,10432,259168
4974300,2871,5756,17311,422765
3867218,2226,4462,13446,333461
4704617,2713,5434,16397,403225
3385153,1937,3882,11726,298068
4151706,2378,4759,14400,368973
3089559,1752,3501,10595,274625
4799255,2730,5474,16456,469408
5136496,2926,5862,17661,497978
2640717,1473,2940,9056,259898
4539903,2580,5163,15554,444845
5238115,2992,5996,17983,509191
1442389,791,1582,4960,140958
5345740,3055,6120,18400,511360
4100652,2326,4663,14120,398244
3571469,2011,4020,12261,347526
4117142,2342,4693,14151,392889
3874070,2209,4430,13331,372008
4255111,2430,4868,14656,405024
3076924,1759,3526,10615,292861
3423366,1943,3887,11781,330737
4171950,2372,4758,14280,408474
4145160,2349,4700,14236,404016
4582712,2616,5245,15802,441736
2467528,1392,2781,8550,234084
4507161,2570,5148,15499,424967
5670838,3244,6494,19500,542360
1680161,935,1867,5775,165810
5642941,3225,6460,19368,551724
3506532,1996,4001,12100,340185
3447158,1945,3894,11876,338256
4078352,2316,4640,13969,393017
4608787,2619,5253,15768,440910
3853487,2190,4382,13337,366845
4247112,2419,4853,14639,405494
3394228,1926,3860,11655,328783
5840247,3322,6665,20012,576990
1695494,936,1869,5855,163393
5572466,3184,6381,19206,532867
2048185,1135,2270,6965,195038
4389043,2499,5009,15056,423688
5383653,3077,6165,18454,511381
1902410,1061,2124,6584,186116
4770672,2727,5469,16424,459292
5638917,3222,6455,19364,542495
1742497,967,1936,5902,172240
5132696,2936,5883,17646,489320
4742494,2684,5371,16141,446467
2595068,1456,2916,8920,251622
4390705,2505,5015,15134,416174
3604229,2037,4085,12363,344117
4222441,2414,4836,14537,397582
2898863,1637,3275,9947,278782
4580378,2604,5219,15715,437826
5020337,2858,5730,17184,481989
1823866,1014,2037,6321,181074
5820790,3326,6659,19949,553834
3617768,2051,4114,12389,346347
3803570,2161,4329,13088,366534
3558838,2028,4065,12195,341124
3665357,2075,4155,12553,350847
5263355,3006,6032,18063,511483
3866787,2185,4374,13265,374622
3400467,1912,3830,11699,330557
4022706,2282,4576,13811,393526
4115037,2326,4658,14058,412499
5002639,2841,5689,17148,497144
2779131,1561,3129,9538,276385
4403858,2504,5018,15056,431924
5302504,3018,6049,18188,521467
2141429,1184,2367,7391,212052
4730795,2699,5416,16253,454882
3754390,2120,4241,12792,369971
4069244,2304,4617,13895,402702
3595738,2041,4093,12400,349757
3274696,1858,3722,11234,314235
6030554,3446,6908,20741,582746
1977485,1093,2185,6761,195524
4860320,2778,5570,16745,461648
4173219,2379,4763,14354,403950
3761362,2127,4269,12874,367729
4728265,2691,5391,16189,457305
2827909,1592,3188,9745,275657
4264217,2426,4866,14677,409838
5141830,2936,5885,17682,495545
1933440,1072,2143,6639,192087
5328911,3090,6199,18634,447068
4024528,2320,4647,14041,332008
3671394,2113,4234,12815,300952
4219107,2437,4893,14744,345459
3794190,2181,4375,13208,309080
4691791,2718,5441,16402,380069
2129006,1210,2428,7444,169173
4578773,2653,5310,16030,361586
5553230,3224,6466,19317,440804
2016202,1139,2277,7072,162808
5516613,3212,6440,19277,431367
3575361,2072,4150,12575,281387
3076657,1772,3556,10750,246450
3613508,2086,4178,12609,282873
3765831,2176,4355,13150,289479
5041616,2935,5887,17667,390908
4374855,2538,5082,15268,338494
2562033,1463,2927,8940,202009
5009827,2913,5837,17542,393349
3315276,1909,3826,11563,260423
3840010,2219,4450,13418,307306
3294650,1893,3795,11626,262786
3847155,2212,4426,13494,308932
5669939,3302,6620,19812,441104
1242091,690,1393,4351,105914
5821536,3386,6785,20353,464687
3652183,2107,4223,12774,289704
2976592,1712,3425,10425,234402
4500963,2620,5250,15805,348634
4571495,2654,5325,15895,360173
3185659,1834,3663,11183,251902
4247051,2469,4950,14901,337035
4035616,2337,4683,14133,322071
4723960,2732,5470,16614,381476
2499054,1435,2874,8747,201608
4415027,2556,5122,15467,363355
5973654,3461,6934,20844,503369
1637325,920,1847,5673,138205
6201469,3601,7214,21585,512724
3511011,2025,4064,12304,291864
3187802,1832,3665,11188,265916
4618343,2647,5302,15958,389169
4039608,2317,4632,14076,337237
5478699,3165,6347,18987,450351
2673054,1525,3056,9408,216818
3860003,2241,4488,13620,308696
5633754,3273,6561,19738,459181
1427742,797,1590,5010,117212
5804684,3374,6763,20236,466886
3955353,2289,4591,13776,322621
3522380,2032,4070,12289,285491
3707834,2137,4289,12957,300726
3878234,2241,4496,13577,320207
4866386,2825,5658,17048,389548
853612,467,931,2955,71277
5768037,3341,6700,20068,460719
3622189,2085,4177,12617,301187
3500578,2005,4012,12188,296404
4235455,2441,4892,14778,350370
3524535,2015,4034,12289,288993
4935895,2851,5712,17193,407165
2687109,1538,3085,9414,218680
3970698,2291,4590,13841,318783
4956731,2893,5798,17424,390191
1616709,913,1818,5704,132446
5912932,3434,6891,20630,479196
3890058,2248,4504,13582,322369
3104867,1789,3586,10938,252341
3922514,2270,4547,13749,314984
3905045,2261,4530,13674,313341
5151636,2983,5981,18054,406614
2428890,1389,2781,8484,197782
4499405,2614,5232,15720,361222
5748161,3345,6695,20103,463132
1728611,981,1962,6057,138691
5058425,2942,5892,17746,402148
4360955,2529,5065,15279,345215
2569535,1464,2938,8909,203076
4832616,2812,5634,16954,378935
3449553,1989,3982,12089,272094
4442305,2576,5162,15556,348850
2683236,1555,3118,9412,209978
3509019,2029,4064,12319,278530
5791739,3370,6765,20212,468635
1331459,713,1427,4612,110228
6347174,3703,7429,22249,499404
3709217,2147,4305,12977,292352
3246154,1863,3726,11339,264190
3588516,2073,4154,12516,285809
4073129,2357,4716,14245,324431
5190111,3013,6041,18153,419526
2229153,1270,2539,7838,181141
4526598,2620,5245,15817,365333
4848885,2816,5641,16853,389768
3260873,1878,3764,11381,270818
4035044,2325,4656,14047,337270
3603290,2072,4148,12545,302143
102000234,11206634,952072,9161,92614481
241144680,27538695,2201347,80,229612172
241048385,27444578,2190008,76,229587372
241067775,27401132,2188536,76,229617480
241240983,27453149,2190988,76,229818676
238559179,27135880,2163719,76,227194634
240874131,27374426,2185861,76,229355631
241262696,27414044,2189299,79,229888359
241167289,27438161,2189022,76,229775696
241212423,27451367,2189531,78,229761396
241068476,27392994,2186803,77,229455536
241221097,27465194,2191248,78,229723620
241258793,27441943,2189648,75,229782528
241191204,27424738,2188316,76,229666070
241202578,27424862,2188134,76,229750494
238688048,27157549,2165086,77,227196858
240937850,27389988,2186864,78,229510026
241294942,27479019,2190944,75,229948282
240417540,27277562,2179846,77,229041087
241131268,27397167,2187127,76,229569894
241146061,27414168,2186474,77,229814954
240967100,27370457,2184889,75,229612029
241145847,27421235,2186826,76,229756091
238994960,27153333,2166383,75,227691327
239554285,27206312,2172584,76,228157615
236837784,26900559,2147283,78,225594888
239370183,27201197,2171565,76,227921632
239535344,27226183,2173620,75,228335407
238669553,27098649,2163894,76,227315451
239387622,27183620,2169888,75,227984909
239240776,27151256,2167459,77,227927878
239173623,27166849,2167947,76,227733456
239358007,27201879,2170062,75,228064035
239673774,27223362,2172492,75,228239104
239543600,27228881,2172387,78,228390021
238705445,27090371,2164348,74,227286213
241213961,27422073,2188162,78,229836035
238839918,27079429,2165862,75,227452567
240514677,27286757,2181371,75,229205561
241221207,27402945,2187096,77,229830072
240965811,27379293,2183923,79,229573918
241162247,27388716,2186976,77,229860111
241220619,27407161,2186889,77,229914926
239408200,27168151,2171085,76,228120216
239464442,27211582,2171651,77,228213225
237018296,26889709,2147659,76,225825895
239271580,27187278,2170523,76,227839975
241144658,27370240,2186526,76,229666700
240204546,27244473,2179129,77,228727210
239354922,27171810,2168674,79,228038352
240797948,27352911,2182657,78,229501951
240891665,27360971,2184421,78,229422597
240989473,27402697,2186427,75,229464810
241019582,27350338,2185444,77,229522916
241021959,27410355,2185806,78,229551931
238919783,27118954,2166252,76,227626008
239431032,27216790,2171237,77,227961655
239406907,27211210,2171836,75,227988293
238616061,27080576,2164130,75,227263353
239295677,27159130,2168486,77,228081557
239336660,27191959,2169176,75,227995563
239322272,27202220,2169505,78,228030472
239358974,27195834,2170069,75,227936226
239221962,27181791,2169334,75,227944804
239314372,27186937,2169221,75,227934379
236728293,26878766,2145248,75,225440194
239316941,27174506,2170418,76,228002421
239428231,27192548,2171033,76,228127622
238526707,27064890,2162934,76,227239130
239381190,27206126,2170255,78,228097820
239336890,27147412,2167688,76,227973311
239149391,27200236,2168486,76,227751479
239174639,27170507,2168471,76,227936118
240941059,27378952,2185545,78,229576935
239515264,27185170,2171352,75,228107700
236825637,26897520,2147029,75,225471849
239344840,27188859,2171020,76,227899516
239397250,27210715,2170829,77,228053712
238504827,27084885,2163122,77,227190708
239226655,27170414,2168074,76,227927204
238967439,27118086,2164161,77,227492070
239300195,27166570,2168380,76,227857308
239165648,27153488,2169064,77,227802059
239203145,27177265,2168681,75,227805457
239149969,27150977,2169058,76,227847118
236689860,26887818,2145341,80,225325347
239057698,27157394,2168308,75,227717298
239380950,27206653,2170882,76,227943763
238631100,27100943,2163979,75,227223722
239600451,27208761,2171122,75,228222594
239330955,27148187,2168548,75,228083622
239184496,27165361,2168224,77,227843844
238809531,27132563,2166271,75,227432705
240857890,27382950,2184416,76,229468009
240882192,27368845,2184491,77,229439143
238242663,27076236,2159513,75,226703569
240819192,27363576,2184379,77,229292907
240990575,27398698,2186085,75,229471569
240877953,27374952,2185916,75,229459805
240402104,27272869,2178120,77,228961257
241272681,27375107,2186591,76,229649294
241086839,27393522,2185551,78,229535026
241081792,27383787,2186904,75,229505719
241289276,27371387,2188835,78,229820334
241188849,27377618,2187513,76,229863117
238690389,27118675,2163732,75,227077700
241129730,27402853,2186628,77,229636453
241177962,27403348,2185985,76,229684618
241212875,27390235,2186518,75,229655913
240461704,27258702,2177490,76,229044526
240932919,27336513,2182067,77,229367191
240940025,27370674,2183363,75,229355738
241048214,27370953,2184401,78,229564665
240934970,27369682,2184373,75,229414798
240965244,27385555,2185644,79,229481434
238437040,27108507,2161963,76,226946190
241028135,27383477,2185181,75,229565671
241208175,27425048,2187527,76,229593773
240883598,27380408,2185772,77,229474704
240253692,27238893,2176293,76,228852577
240809263,27319711,2180921,78,229151560
241008286,27399349,2184744,77,229482548
240945118,27359545,2184458,77,229330068
240930654,27362428,2184392,76,229379372
240986196,27362274,2184169,79,229368924
238370203,27107143,2161858,77,227003523
240971108,27348850,2183510,75,229438684
241034985,27349501,2184787,76,229506536
241027404,27386236,2185007,76,229439116
240205253,27224726,2175331,77,228724525
239224623,27112414,2167524,77,227672117
240970888,27363730,2184493,77,229584865
240963487,27369031,2183168,77,229190668
240975279,27378610,2184889,79,229493349
240964463,27380625,2183710,79,229365718
238601217,27099517,2162184,76,227306211
241149770,27404651,2185214,78,229614442
241219181,27405208,2187466,75,229660609
241177094,27407781,2186832,75,229504380
240286925,27223052,2175891,79,228793591
241137455,27381866,2184851,78,229698111
241028353,27386701,2185788,77,229413856
241146630,27407316,2185243,76,229677202
241266988,27415469,2187541,77,229609209
238600862,27102214,2163017,76,227160109
241081012,27375976,2185499,78,229491231
241121388,27395071,2185622,75,229518281
241152754,27375696,2186512,76,229822367
241173756,27399938,2185649,76,229743262
240250300,27234616,2176208,78,228708311
241001378,27380315,2184043,76,229316855
241034404,27371883,2185489,75,229580824
241136726,27385585,2184593,77,229594666
238783495,27111452,2165264,78,227327766
237413598,26936984,2152066,76,225894199
241357934,27423157,2188863,77,229645584
241222334,27437821,2186494,78,229606264
241303577,27413392,2187984,77,229809311
241374810,27444733,2188239,75,229720866
240201556,27222618,2175416,77,228627823
240861921,27367203,2182274,77,229342913
241075699,27259601,2184915,77,229513055
240931004,27363854,2183535,77,229493577
241159463,27404030,2186481,78,229663483
238322527,27057326,2159388,78,227005205
240946806,27386330,2183598,79,229425642
241059671,27400341,2184612,77,229433483
241074503,27362552,2184839,76,229525877
241036217,27412772,2184785,77,229361665
240133906,27212605,2174573,76,228582456
240807704,27363049,2182992,78,229245334
241079373,27373123,2184258,76,229508061
241017275,27406355,2184929,75,229321143
240867649,27369713,2182596,75,229241671
238445086,27103392,2161301,77,226934338
240931969,27373155,2184019,79,229430190
240895152,27397737,2183369,75,229306512
241081645,27417174,2186101,77,229549710
240976742,27390793,2183533,77,229328504
240033609,27211024,2174226,76,228562734
241053663,27407100,2184543,77,229376765
240916437,27344386,2182079,76,229211109
240904636,27368473,2183873,79,229262801
240971654,27368380,2183914,75,229276654
238300131,27078065,2159289,77,226776381
241004521,27386516,2185467,78,229334142
241041554,27409827,2185426,75,229444449
241034548,27389429,2185288,75,229354638
240924360,27395381,2184187,76,229149549
240012108,27051343,2170459,76,228483370
239567158,27189355,2168062,76,227975930
239537725,27188209,2170250,78,228013991
239608352,27210962,2170036,78,228030327
239429945,27208265,2170050,75,227934900
236932866,26914416,2145436,77,225582261
239307827,27174754,2167720,76,227866458
239404346,27207273,2169527,76,227861687
239570711,27211582,2171418,75,227991626
239383231,27198500,2168752,76,227934581
237883630,26973967,2154321,75,226558775
241202318,27396435,2185992,75,229596350
241003325,27383229,2183611,76,229563165
240991341,27367574,2184344,76,229268978
241089633,27387074,2184807,78,229371449
238654583,27083273,2162421,75,227187151
241227900,27371077,2187191,75,229578895
240992476,27361405,2184158,76,229251878
238832248,27129587,2165479,75,227329566
241232788,27408587,2188106,78,229498962
240248931,27258827,2176496,77,228696006
241099053,27364753,2185260,75,229590967
240887274,27361684,2183071,76,229326599
240861849,27350648,2181709,77,229362474
241042412,27403721,2184397,78,229571634
238299533,27039811,2158255,75,226761504
240937652,27382888,2183806,76,229290564
240965070,27389336,2183340,75,229344176
241183807,27426846,2185837,75,229547039
240968745,27368721,2182823,76,229391261
238712676,27074005,2162080,79,227022344
241188014,27396528,2184142,76,229611314
241105346,27417887,2185004,76,229547686
241179563,27404464,2184800,76,229633738
241078712,27412277,2183924,78,229456049
238512827,27105406,2160422,73,227015488
241109101,27416989,2185609,78,229424245
241240599,27437665,2187226,75,229687978
240939153,27371604,2183823,76,229236890
241001771,27406107,2184727,77,229345435
240314666,27259075,2176265,78,228742604
241051280,27376781,2183034,75,229478415
241081889,27419189,2185208,76,229414748
241034668,27416616,2184837,77,229459651
241048272,27412990,2185595,77,229454467
238438113,27090496,2160203,75,226905889
240980373,27411935,2183699,77,229344712
241145098,27406665,2185056,76,229445807
241051085,27407099,2184404,75,229284461
240980063,27401148,2184668,79,229365962
239991749,27231236,2172782,77,228494335
241040891,27389956,2183954,76,229477667
241004641,27393304,2184176,77,229284170
240999342,27390452,2185412,76,229398058
241043504,27433388,2185555,77,229341025
238352761,27082064,2159838,78,226802878
240945606,27410261,2184819,75,229329272
241014087,27404526,2184174,76,229240850
240961809,27383756,2184503,75,229064054
240720698,27360724,2181710,79,229140293
240014882,27234367,2173862,78,228483106
240950996,27368225,2182707,75,229288290
240931996,27399628,2183676,76,229154951
240934953,27374301,2184082,78,229252578
240976492,27405860,2185227,78,229243985
238270950,27068610,2158954,76,226630025
240840244,27391444,2183738,76,229083843
239580944,27201321,2171721,75,228017285
241246166,27420367,2187705,75,229533585
241159911,27416833,2185372,77,229441645
240317307,27264779,2176111,78,228687971
241216716,27420212,2184915,76,229618519
241075062,27438595,2186669,75,229320314
241140712,27444981,2187830,77,229505974
241173670,27439588,2187646,78,229262589
238520221,27150295,2163680,76,226900884
241032636,27422568,2186626,76,229261800
241150261,27443245,2187790,76,229347097
240825123,27375789,2184484,76,229140549
240819300,27377153,2182910,77,229171703
240048518,27247171,2174818,78,228458243
240890985,27399783,2183638,76,229156787
240840415,27381927,2184589,76,229067633
240903812,27403286,2183961,76,229187221
240863279,27398854,2183679,77,228999191
240899575,27409052,2184634,78,229237240
240907066,27422723,2185423,75,229230017
241013549,27405270,2184824,76,229210892
240852269,27382206,2184700,77,229047292
240497629,27364537,2181370,79,228772191
240000443,27238459,2175933,75,228277208
240739011,27369310,2182572,75,229116774
240768120,27379447,2183053,76,228990947
240778195,27394172,2182838,77,229063630
238306755,27099889,2160537,78,226605531
240807332,27386392,2182439,77,229134120
240812812,27381927,2183742,75,229024040
241063363,27417515,2186257,75,229193432
240948105,27361219,2186092,76,229177503
241012639,27401892,2184223,79,229217057
240063090,27254610,2175839,75,228501158
240954430,27387848,2183553,75,229198664
240888004,27394079,2183231,75,229137020
241000094,27419189,2184780,77,229536751
238404915,27114614,2160208,75,226797794
240951571,27406914,2183847,77,229197697
240932635,27381493,2183523,79,229325915
241131482,27429109,2186905,75,229288291
240966118,27407254,2184599,75,229273168
240859363,27367048,2182750,79,229177383
238618560,27068238,2161532,75,227178794
239697830,27237622,2171859,78,227975552
239513671,27210311,2171117,76,227912616
241041455,27375913,2183321,75,229327791
238293933,27084544,2159439,75,226755269
240900434,27386174,2183028,78,228979237
240923516,27388623,2182009,77,229168436
241296902,27408743,2187179,80,229386931
241224239,27388809,2187707,75,229419406
241334194,27459458,2186881,75,229590868
240413406,27298506,2177612,77,228821411
241212277,27442750,2184806,77,229609300
241146092,27422289,2185399,77,229371730
239046883,27203212,2166881,75,227521587
236815923,26935527,2145865,75,225214523
239412293,27229407,2169109,75,227758513
239338565,27229934,2168649,76,227642375
239496306,27250580,2170214,75,227838738
239400018,27255943,2169783,76,227769302
239092090,27174413,2164859,76,227544386
238472529,27054657,2161483,75,226937165
239436413,27237966,2168087,75,227807619
239438726,27214527,2168587,76,227931783
239186549,27204483,2166438,75,227431477
236763335,26929730,2144015,75,225316132
239334057,27218371,2167385,76,227839730
239343475,27218526,2168158,77,227749681
239455824,27243636,2170450,76,227897097
239947171,27281673,2174363,76,228309554
239265092,27197694,2166950,76,227526325
238439741,27081847,2159934,76,226859864
239186173,27193820,2166758,79,227629975
239149236,27212047,2166984,76,227571731
239330568,27226152,2167696,75,227754790
236672385,26933697,2143951,74,225148561
239216806,27211830,2167457,75,227524870
239279071,27222587,2167544,76,227591131
239466686,27241095,2169625,77,227783774
239289848,27219642,2167651,75,227527169
239303924,27220169,2167626,76,227738018
238483298,27087551,2160298,76,226846594
239147293,27199585,2166170,75,227410190
239264501,27228663,2168428,76,227578140
239272717,27225625,2167393,75,227757743
236603329,26904124,2141986,76,225133168
239327651,27222215,2168467,76,227631533
239243674,27229035,2167132,75,227687217
239220312,27201507,2168131,77,227761349
239281368,27212295,2168471,76,227676683
239269027,27227361,2167288,75,227479803
238476698,27094185,2160114,75,226975979
239264836,27195648,2166273,75,227722015
239214553,27213473,2167807,76,227626551
239281963,27228229,2167892,75,227777246
236698287,26942099,2144242,75,225223787
239252256,27217999,2167351,76,227772147
239238903,27225532,2167704,76,227736518
239619300,27256346,2170330,77,227994235
239600936,27209970,2170559,77,228005534
239230200,27194935,2167584,75,227684291
239045184,27097378,2165954,75,227434550
241097829,27392282,2183913,81,229264819
240918308,27384717,2183049,78,229225118
240882383,27397117,2182471,76,228967868
238657719,27127200,2160866,76,226950298
240978509,27411129,2182793,77,229333046
240914904,27406138,2182872,76,229082126
241174251,27450996,2184663,77,229394409
241119198,27413609,2184760,76,229311754
240919114,27389739,2182105,75,229087674
240036708,27268374,2175038,75,228528785
240900896,27409775,2181533,78,229153729
241025927,27407555,2183387,76,229338552
241037055,27418910,2184024,76,229404428
238353830,27121186,2158129,76,226633311
240983552,27414291,2182719,77,229292233
240921430,27418011,2183295,78,229217739
241068109,27429606,2184675,78,229479253
241005205,27426505,2183744,77,229279726
241066502,27412214,2183470,77,229345282
240189599,27290942,2176591,76,228671861
241002566,27407224,2183302,77,229341982
240918685,27391165,2181510,77,229211903
240930423,27408680,2182188,76,229254479
238271117,27077693,2156230,76,226775143
240985317,27426567,2183333,75,229237264
240898501,27408091,2182231,76,229187869
240596835,27371512,2178701,79,228870533
241142288,27398295,2184774,77,229410590
241240056,27433759,2184501,75,229353029
240358117,27285920,2177605,76,228803058
241157888,27445137,2183990,77,229450069
241300676,27431155,2186236,76,229613766
241324907,27462744,2187563,76,229650161
238572970,27127696,2161920,75,226931636
239461301,27265491,2170653,75,227739689
239670093,27270668,2171737,77,228141892
239667463,27266080,2171381,77,228113554
239588190,27259539,2171043,77,227982574
239293228,27222495,2168613,76,227463202
238691935,27120039,2163232,75,227042300
239504396,27224354,2168276,78,227808379
239372217,27227113,2168076,77,227711796
239459198,27231670,2169151,77,227665611
236976734,26950717,2147167,76,225272096
239518456,27256966,2169976,75,227743431
239457483,27253308,2170364,78,227838805
239898605,27301699,2174238,76,228053288
239698226,27268064,2171920,77,227954877
239730841,27275690,2171926,75,228040672
238697222,27089070,2163218,76,226956488
239718398,27242520,2170418,75,228022056
239904982,27268901,2173273,76,228231547
239704786,27269491,2171912,77,228041148
237235627,26975640,2147257,75,225604160
239629065,27244504,2169843,76,227988505
239484845,27236228,2169268,78,227914931
239553036,27262856,2170041,76,227759057
239447015,27245899,2170711,75,227761371
239347921,27222432,2168305,75,227592556
238687358,27103578,2162979,75,227146881
239188695,27194780,2165948,75,227644954
239278861,27219084,2167253,75,227517606
239495713,27248813,2170370,75,227802183
236740254,26925483,2143808,76,225209805
239490560,27234646,2170189,75,227770661
239507467,27237591,2169833,75,227749926
239495481,27247697,2169851,75,227806311
239376196,27213132,2168648,76,227746033
239364882,27214558,2166642,77,227510207
238632583,27117714,2161529,75,226954430
239414695,27218898,2168323,75,227643771
239299612,27222959,2167765,75,227698442
239301439,27223641,2168239,75,227622036
236726531,26918827,2142959,74,225200143
239210732,27212069,2167204,76,227647436
239246807,27223145,2168077,76,227597739
239374264,27216759,2167504,75,227706574
239238734,27213349,2168299,76,227533883
239811667,27261120,2171330,76,228108452
240285382,27300522,2176833,79,228468826
239238642,27182163,2166477,76,227660860
239182757,27204886,2167240,76,227472886
239180498,27221967,2166747,75,227550488
236677640,26924274,2144028,77,224955393
239221905,27231608,2167300,77,227564198
239237769,27200918,2167403,76,227562183
239397792,27241280,2168265,75,227706811
239197380,27197756,2168161,76,227454286
239218006,27200360,2167594,75,227705275
238381596,27095704,2159762,76,226717289
239209513,27166942,2166632,75,227520317
239248081,27197353,2167155,76,227595467
239253847,27197601,2167322,75,227522688
236709460,26893398,2143228,75,225091853
239181854,27206281,2166032,76,227395695
240884963,27375417,2181730,76,229151008
241211264,27438161,2184059,78,229399584
241128238,27438286,2185105,78,229250234
241112203,27421359,2183127,77,229232090
240382007,27348943,2177589,75,228589390
240827743,27343549,2181859,77,228998660
239617535,27229593,2170662,76,228046586
238810351,27187557,2163988,76,227143149
238833241,27150884,2163008,78,227177149
241369444,27471580,2187388,78,229571663
241198454,27455335,2185914,75,229440607
239025048,27198128,2166602,75,227387140
238935636,27158789,2165794,76,227328166
240030445,27282014,2174765,75,228274730
239757844,27279348,2172497,75,228015913
238802501,27093503,2162356,75,227197201
239391362,27197012,2168261,76,227632418
239538750,27238521,2168687,76,227796125
236912620,26943246,2145798,76,225377044
239488480,27225191,2169438,76,227887900
239608286,27211551,2170119,76,228090930
239766674,27266607,2171249,77,228143489
239476112,27251573,2168944,79,227864829
239098862,27185232,2165360,75,227413401
239428481,27229376,2169716,75,227765577
238521401,27056489,2159884,76,226891381
239438489,27203429,2167761,77,227698610
239475199,27250952,2170646,77,227913244
236875575,26939030,2144939,76,225188257
239445330,27231298,2168934,77,227718256
239368923,27235917,2169258,78,227745126
239579046,27257028,2170553,75,227858328
239333544,27222773,2168194,75,227764935
239341408,27189386,2168002,75,227578210
239358079,27226381,2168091,76,227759539
238701434,27091197,2161282,75,227238702
239405602,27215767,2167336,75,227751733
239518556,27251696,2169829,75,227607847
236760596,26895754,2142531,75,225192482
239527596,27257245,2170229,76,227768448
239454096,27260190,2169441,76,227687004
239551373,27253215,2170545,76,227945349
239504535,27249774,2169559,76,227945639
240302365,27341441,2176345,76,228622567
239422213,27247636,2168419,79,227621038
238649709,27116133,2161547,75,226950775
239374179,27221006,2168889,76,227699120
239332798,27224881,2168002,75,227764935
236792549,26921190,2143446,76,225164239
239408891,27224958,2168624,76,227648435
239419058,27226586,2168717,77,227669001
239551322,27257741,2170245,75,228072574
239310244,27215922,2167367,76,227758274
239355244,27208048,2167441,77,227561192
239248269,27209753,2167450,76,227487901
238587470,27085970,2160193,75,227060291
239698833,27201011,2170084,76,227995076
239554154,27251665,2170518,77,227923026
236896512,26935868,2145027,76,225308194
239603370,27249247,2170455,76,228036093
239348101,27222494,2167419,75,227661815
239674300,27260314,2171469,76,228066794
239378368,27223424,2168901,75,227690590
239036906,27183620,2165101,76,227368494
239239043,27223796,2167171,75,227457737
238446768,27078685,2159491,77,226864935
239187113,27216418,2166857,77,227382958
239282335,27211458,2166844,75,227515160
236763520,26921794,2143907,76,225078645
239202800,27209846,2166861,77,227398632
240073873,27304117,2174525,77,228475407
239513454,27260625,2170183,77,227853737
239369812,27231732,2169071,75,227727804
239131624,27184581,2166772,75,227443440
239235673,27216728,2167361,75,227481340
238482568,27078375,2160171,76,227069753
239342250,27235018,2168248,75,227620615
239289449,27227175,2168720,75,227413022
236656449,26913951,2143659,75,224968297
239295053,27206653,2167018,77,227575593
239314667,27227237,2168212,75,227766597
239439716,27232197,2169595,77,227812367
239330634,27219983,2168058,76,227700667
239326393,27219487,2166739,77,227600598
239302144,27216325,2167933,76,227605138
238601990,27101129,2161053,76,226981028
239451617,27221409,2168269,75,227851215
239313214,27212636,2167028,76,227717287
236746368,26923871,2143446,76,225286535
239401080,27236165,2168921,76,227717315
239225331,27224013,2166956,75,227410327
239453906,27240846,2168768,75,227685660
239315791,27202995,2167547,75,227589917
239286988,27169887,2165834,77,227489661
239297775,27216759,2167028,75,227528122
238544573,27102214,2159914,75,226806883
239373648,27220014,2167374,77,227614436
241112656,27422011,2183229,78,229291696
236744901,26925668,2144540,73,225168834
238840310,27158665,2163122,75,227173803
239731391,27268685,2172062,77,227928905
239640540,27245248,2170281,77,227960283
239268404,27217379,2168001,75,227680399
239509142,27222711,2169347,75,227843837
239435786,27215829,2168332,75,227754604
238676664,27082901,2161177,77,227029671
239725659,27253401,2170802,76,227888299
239587084,27222401,2168221,77,227999543
236969651,26956886,2145774,77,225423404
240588349,27332265,2179012,77,228711029
239521170,27258547,2170032,75,227936831
239843703,27261864,2172098,75,228002736
239702510,27265863,2170597,76,228047800
239583111,27219456,2170650,76,227791433
239689485,27274358,2171193,77,228122433
238634392,27107143,2162027,75,227051376
239639772,27241280,2169690,75,227891753
236589704,26876938,2140783,77,224912224
239737563,27256099,2170713,77,227952598
239599256,27260469,2170087,75,227824673
239431622,27227981,2168365,78,227712673
239549616,27250580,2170251,75,227915079
239446444,27209040,2167797,75,227732512
239373104,27231639,2168028,75,227782581
239433938,27245713,2169386,78,227824981
238934134,27132346,2164031,77,227277785
239420497,27225160,2168154,75,227722686
236821541,26929327,2143087,76,225224611
239371134,27228198,2168699,76,227553302
239392839,27243326,2168830,76,227638252
239441599,27225253,2168213,77,227648242
239577591,27250270,2169704,75,227767527
239326750,27199709,2166715,75,227657566
239383475,27207645,2167873,76,227752357
239371477,27227733,2168235,75,227620687
238558470,27105748,2161761,76,226853767
239516141,27231733,2168850,78,227756908
236845597,26925316,2142577,73,225412098
239337946,27203595,2167857,75,227648476
239379514,27242241,2168637,76,227624597
239484811,27258793,2169299,77,227715170
239541372,27264657,2170347,76,227756707
239128615,27197818,2166004,78,227400245
239385271,27226958,2168233,75,227532211
239295670,27223982,2168163,75,227554786
238593821,27108383,2161499,77,226903707
239241142,27170042,2166572,75,227497925
236727440,26923189,2143876,76,225083380
239363344,27234863,2168559,76,227795584
239265996,27223610,2166517,75,227506414
239349414,27209908,2167253,78,227640185
239421933,27244504,2169111,76,227641339
239380595,27228043,2168176,75,227605501
239116134,27181512,2166881,76,227218899
239286903,27228787,2167452,77,227528014
239340653,27213132,2168478,76,227432630
238868139,27120225,2162135,75,227199081
237119464,26933326,2145727,77,225533453
239614918,27260117,2169052,75,227907978
239609687,27248483,2170149,75,227841380
239618858,27246519,2169537,75,227764687
239667912,27255323,2172697,76,227806233
239518172,27239420,2169131,75,227828118
239571851,27257742,2170504,78,227897054
239517298,27271629,2170350,75,227828050
239227699,27198562,2167255,75,227432239
238717818,27088915,2161248,76,226911368
236568798,26895289,2142198,77,224988625
239210950,27206591,2167318,76,227437935
239158397,27208761,2166584,77,227341117
239246342,27221905,2167320,78,227515362
239342031,27229981,2168856,76,227620057
239126967,27179233,2165136,75,227432117
239166914,27187557,2165956,76,227428465
239091376,27207645,2165485,76,227463772
241157465,27411284,2184374,76,229487768
240087090,27253556,2173710,75,228277340
238596454,27124689,2160449,77,226813411
241085432,27410200,2184041,79,229172230
241125267,27441757,2184458,76,229404147
241268854,27420057,2185315,75,229533305
238986779,27173266,2165868,75,227340430
221312117,26341660,2098833,75,209160096
241021315,27374085,2180365,78,228978532
241049605,27373650,2179795,76,229052381
240759834,27333443,2177494,78,228744573
240605158,27263848,2175273,75,228840101
238675333,27089876,2158030,76,227029526
241129618,27377122,2180611,77,229244816
241074699,27391259,2180270,77,229089188
241099047,27375355,2180892,76,229092249
241027548,27378083,2181206,77,229146953
241022943,27392374,2180107,77,229247613
241049484,27337164,2179488,78,229235802
241017957,27371635,2180676,76,228996008
241246419,27396063,2181664,76,229186816
240348411,27240908,2172874,76,228390103
238483691,27081010,2155810,77,226755892
241012282,27357779,2178221,78,229019498
241193120,27406236,2181162,76,229313519
241371558,27413232,2183879,75,229451072
241086199,27375634,2180107,77,229155770
241154049,27384459,2180584,78,229129814
241208947,27410055,2181405,76,229374135
241165594,27383415,2181053,78,229175530
240744936,27332637,2176995,76,228701842
240431465,27244877,2172902,77,228653592
238549600,27079398,2156880,75,226729144
241056512,27380253,2180531,76,229053189
241040780,27378083,2179997,75,229086103
241269423,27386081,2181685,77,229293534
238941384,27112258,2161914,77,227109895
240974662,27363917,2180042,78,229044830
241030418,27357716,2179397,76,229086041
240944891,27377184,2180106,77,229057675
241059817,27385709,2181411,75,229219101
240418394,27261865,2173161,78,228552240
238460689,27078654,2155753,76,226667611
241117857,27385275,2180001,75,229246071
240980043,27365838,2179747,76,229042639
238894104,27136624,2161113,75,226968581
238996919,27120597,2161460,77,227218088
241052342,27351888,2179949,75,229161621
241105905,27370055,2181130,78,229347645
240895205,27336202,2177674,77,228829048
240788528,27322221,2177149,75,228736133
240366867,27220169,2172437,76,228426117
238486300,27071524,2156748,75,226734673
240946461,27355019,2177929,80,229022835
239261180,27145429,2161550,79,227474787
241096217,27382454,2179844,76,229232577
240953024,27363327,2179546,75,228903727
240869302,27358398,2178934,76,228890885
240839157,27338372,2178015,80,228938378
240860764,27341628,2178228,77,228941822
241130953,27357623,2180806,77,229157041
240226024,27239451,2171767,76,228369076
238444926,27068424,2155678,76,226641184
240876373,27343518,2177377,79,228984380
241113866,27365405,2179266,81,229175555
241279608,27378351,2181646,77,229364488
241049188,27362842,2180265,75,229032841
240826296,27353128,2178113,76,228884485
240994224,27362770,2179119,78,229220504
240991056,27372100,2179563,75,229051072
240582176,27311929,2175218,76,228660529
240227567,27229593,2171727,76,228225113
238463993,27061325,2155392,77,226753544
240820279,27355949,2177441,77,228900794
240864760,27357624,2178609,77,228979288
240932973,27355856,2178219,77,228995066
240858575,27352167,2178671,77,228893906
240943526,27360289,2179164,76,228980505
240953351,27368939,2179542,78,229116153
240949912,27366451,2179025,77,228894763
241202493,27398395,2181240,75,229355338
240061037,27222060,2170164,77,228323072
238175688,27061480,2154257,75,226469710
240821512,27351423,2177965,77,228951920
240842662,27363266,2177698,77,228843517
240997399,27380284,2179325,75,229139676
241076770,27380036,2180549,77,229194517
240421814,27280278,2174736,75,228577567
240926340,27341472,2178526,78,229128557
240842283,27326872,2178069,77,228806134
240434546,27291965,2174684,75,228574775
240290303,27253990,2172604,76,228476731
238470095,27066471,2155947,76,226897558
240917441,27349408,2178883,77,228890554
240849848,27353191,2177656,79,228979145
240763600,27329103,2177481,78,228902802
240899313,27339426,2178426,75,228923539
240644053,27057047,2171225,79,228407992
240753262,27325651,2177628,78,228771990
240780918,27336648,2176918,77,228856940
240864132,27342495,2178457,75,228875052
240087055,27227769,2170255,76,228200235
238252700,27048145,2154207,77,226358033
240868300,27363823,2178052,76,228991432
240687427,27333040,2175010,77,228700180
240395608,27298941,2174422,78,228363817
241265601,27392250,2182686,77,229166872
240916737,27370860,2179100,75,228945454
241114260,27400527,2182422,76,229089946
241070159,27419314,2181931,77,228962295
240772978,27340263,2177972,76,228778876
240300401,27227385,2172138,75,228460981
238559614,27065734,2156206,76,226704518
241065487,27363823,2178746,77,229222733
241093670,27372442,2179508,78,229244820
241119515,27384965,2179875,76,229164018
241058848,27356972,2179755,75,229288162
241065570,27356693,2179725,77,229192549
240923819,27358957,2179398,78,228942156
240971209,27351206,2179245,77,229099623
241027905,27360971,2179244,76,229078729
237793686,26964233,2150290,78,226041806
240935312,27340573,2176950,75,228988962
240980988,27367264,2179313,78,229032417
240996412,27365715,2179308,79,229026527
241097696,27376099,2180631,75,229074524
240717118,27332885,2176837,78,228845547
240994530,27366613,2179757,77,229192713
240939204,27361623,2179543,78,228957123
240529701,27302040,2175951,77,228546777
240914140,27335706,2177661,75,228947375
237747800,26944610,2148079,77,225871522
240880300,27358150,2177600,75,228889613
240949142,27353463,2178637,78,228859899
241087209,27388599,2180065,76,229216363
241101733,27374115,2179461,75,229161706
241055510,27376967,2180643,79,229087100
240889530,27355329,2178394,77,228929125
241118669,27372318,2181893,80,229160520
240934989,27250022,2180043,75,229066427
240948103,27314967,2180418,76,229117363
237747716,26943804,2148877,77,225947595
241077431,27352353,2177938,76,229183391
240951274,27365932,2178484,77,229125680
240977823,27345099,2178314,75,229056204
238751029,27116235,2159245,75,227039689
241233785,27399867,2182132,75,229299832
241118908,27393862,2180913,76,229180707
240969334,27387291,2178655,77,229063876
240607479,27295561,2175200,76,228669895
240957840,27375820,2179310,76,228974270
237637924,26953662,2148107,75,225855289
241034565,27374363,2179396,76,229026118
240969641,27369652,2178330,79,229035721
241099069,27390421,2180829,76,229207045
241039387,27376688,2179642,76,229073034
240923466,27353035,2178821,77,229038808
240879525,27347362,2178685,77,228937857
239371327,27177049,2164102,80,227593158
240880684,27350927,2178474,77,228865828
240903777,27369868,2178259,76,228933265
237572462,26927343,2146800,75,225823380
240883458,27323492,2175759,76,228788536
240866687,27356290,2177845,77,228787719
240857037,27357314,2178363,79,228997383
240993505,27361746,2180090,76,229139824
240745759,27311867,2176059,75,228979193
240832958,27331738,2177659,77,228779746
240852854,27352943,2178542,80,229031651
240544406,27290353,2174812,76,228398716
240928182,27355360,2178542,76,228923648
237569240,26941634,2148196,77,225818383
240961002,27358305,2179473,76,229017193
240867772,27344262,2178409,79,228859902
240995506,27384873,2179513,78,228973235
240935758,27376533,2179033,76,229009797
240919944,27342185,2179230,76,228933297
240734357,27343487,2176719,76,228937369
240855291,27323306,2177354,77,228848726
241180994,27388438,2181243,77,229278804
240967027,27354740,2179027,75,228976968
237679999,26931900,2148055,75,226006781
240926798,27350276,2177012,76,228999565
240955194,27360661,2178134,78,228912378
241011091,27358275,2178454,78,229115826
241299949,27391103,2182513,75,229401996
241042667,27368876,2180210,75,229039845
241091790,27386329,2180319,77,229316208
241090364,27379453,2180769,78,229313432
240501399,27286690,2174911,75,228629486
240888380,27329568,2177836,75,228949766
237589188,26923468,2147463,75,225899372
240813968,27343673,2176127,75,228883225
240802451,27341720,2177238,76,228793268
241107194,27379665,2180254,77,229102511
240808906,27341069,2176637,75,228778315
240763518,27338186,2177276,75,228794768
240964570,27373092,2178459,78,228991893
240922507,27343023,2178316,79,228887271
240950816,27349811,2179134,76,228958952
241009227,27362273,2179419,75,228970165
237667251,26920399,2147947,75,225877055
241109996,27366024,2177352,76,229192354
240903247,27341318,2177562,78,229008622
241021256,27369651,2179344,75,228959254
240990130,27358088,2178195,75,229001274
240661695,27321911,2175625,75,228657555
240973529,27349842,2179342,76,228972087
240924359,27339923,2178268,81,229083464
240594210,27317137,2175021,76,228534715
240981684,27362831,2178860,76,229061797
237601230,26937356,2148398,75,225801257
240928553,27350493,2177679,76,229037797
240844487,27364289,2177930,78,228937079
241077101,27377928,2179223,77,229014520
240983897,27367977,2178755,75,229095276
240838048,27346649,2177670,75,228903063
240831712,27357437,2177968,78,228908650
241039469,27369652,2180468,79,229165475
240801795,27332296,2177766,76,228914311
240994405,27372875,2180180,77,228955381
237613202,26941510,2148227,77,225996285
240984975,27363451,2179281,77,229054327
240973724,27384780,2179245,77,229122466
241119233,27391072,2181009,76,229214550
240973635,27372534,2180287,75,229042266
240969733,27369062,2178622,75,229078358
241013701,27366273,2179820,81,229092349
241056943,27375944,2179686,75,229076546
240415716,27309449,2174171,75,228432041
240967720,27377401,2179308,76,229058109
237676694,26952267,2149172,76,225853034
240951281,27360010,2178389,77,228917747
240989607,27378642,2179824,77,229004174
241160069,27382733,2180667,75,229244058
241097058,27386422,2179578,76,229315193
240936903,27352880,2178200,77,228915273
240986011,27369993,2179264,77,229043097
241022751,27371790,2180305,75,229094084
241128098,27388499,2181442,75,229190037
238650537,27095394,2158068,76,226758276
240306007,27218619,2172407,77,228416953
240871647,27343178,2176293,78,228924450
240868676,27351392,2177483,75,229024610
240968281,27353438,2178072,75,229060416
240566276,27311650,2175121,76,228777316
240725002,27333412,2176416,76,228590580
241003300,27368133,2179350,78,229084862
240722235,27328545,2176692,76,228825725
240603785,27326995,2175878,75,228580981
238219207,27059124,2154037,76,226359588
240100382,27212140,2169797,76,228121418
240879183,27344697,2176717,79,228896606
240999706,27353655,2178137,75,229021990
241054288,27366551,2178763,77,229173502
240978712,27370209,2178994,76,229006817
240797283,27330498,2176932,76,228868276
240217718,27288804,2172462,78,228362913
241207654,27376409,2181649,77,229259062
241107081,27377029,2180502,75,229179650
238373063,27058008,2156306,76,226457455
240256767,27224602,2172298,75,228398317
241105220,27388252,2180054,78,229176422
241101413,27373743,2179263,75,229153904
241277722,27383911,2181477,76,229230498
241106273,27392002,2180600,75,229063482
241175466,27396622,2181732,80,229242815
241110609,27374642,2179809,76,229079157
241074529,27376006,2179778,76,229194484
240709885,27335613,2176622,76,228827094
238484282,27068982,2156390,75,226818783
240284650,27234554,2172009,80,228520780
241032786,27361901,2179581,75,229177787
241014720,27357995,2177711,76,229086201
241101004,27382950,2179238,77,229088484
240966851,27338434,2177822,76,228916174
241062553,27389120,2180202,79,229160351
241026169,27375076,2180032,76,228993970
241004910,27349098,2179348,76,229091551
240971826,27356538,2178820,78,229138355
238401528,27070160,2155375,77,226532747
240155561,27220108,2171794,77,228195220
240972844,27372286,2178848,76,228948029
241064560,27375417,2179783,76,229086552
241054281,27378796,2179849,76,229164970
240780777,27328453,2176950,79,228817947
240902295,27346091,2177978,75,228916052
240955547,27349594,2179067,77,228947743
240653187,27320671,2175041,78,228700667
240987240,27362832,2178403,78,229000232
238663826,27082033,2157306,73,226903090
240162663,27232042,2170982,76,228152874
240946199,27341999,2177510,78,229063741
240947386,27367264,2177860,75,228957946
241057686,27367760,2179188,76,228987853
240965180,27363080,2179278,77,228841387
240855007,27339209,2178123,77,228874724
240953994,27350865,2178787,77,229021363
240754873,27315680,2176764,75,228783560
241006419,27355919,2179584,80,229163890
238349927,27069075,2155942,78,226474557
240185351,27226338,2171460,77,228257243
240964520,27344696,2177470,75,228952453
240970569,27363296,2178622,75,229079050
241023317,27375169,2179048,78,228985507
240108775,27284526,2171683,77,228313663
240814746,27343084,2178158,75,228880325
240946613,27382206,2179470,76,228905514
240700264,27331025,2177660,75,228743097
240891435,27361065,2178816,78,229083563
238284933,27049854,2154685,74,226408004
240179541,27236600,2171560,78,228385979
240803558,27340697,2176968,76,228708938
240912728,27347300,2177013,75,228960763
240937073,27365931,2178513,77,228994008
240836190,27340760,2176974,79,228859544
240817926,27344634,2177656,76,228950915
240922383,27359607,2178402,76,228832177
240808265,27337814,2177764,75,228931037
240795394,27326468,2178122,79,228743945
237796817,26979950,2149665,75,226023332
240338442,27250240,2173130,78,228602998
241080847,27370888,2180777,76,229165529
241203298,27393059,2180690,75,229293894
241121874,27372751,2180521,78,229133567
240849204,27352137,2177282,77,228801770
241065452,27359142,2179706,77,229118007
241063725,27364071,2179601,76,229013334
240729249,27329413,2177245,78,228821128
241058921,27365901,2179705,78,229260543
238491085,27083800,2156540,75,226935787
240279774,27257059,2172588,76,228374896
241138994,27371263,2179659,75,229138811
241279190,27407254,2181679,75,229291378
241084950,27376317,2180224,78,229174804
241037603,27378982,2179741,76,229050776
240971607,27345533,2178305,75,229145149
241068479,27382547,2180656,75,229340312
241005377,27351982,2179457,78,229037318
241022828,27363668,2178998,76,228948421
238452017,27086745,2156544,76,226601765
240143257,27237467,2171454,76,228171856
241033139,27372379,2178137,76,229012979
241178423,27384438,2180884,77,229128744
240992458,27356322,2179123,79,229017604
240997669,27367140,2179293,78,229109556
241274858,27392591,2182650,75,229263406
241209721,27399039,2181286,77,229283568
240698625,27302444,2175638,77,228717886
241081394,27368752,2179774,76,228963755
238553706,27096851,2157130,77,226709879
240236443,27217658,2171693,75,228335771
240990231,27345905,2178302,77,229060456
241171101,27405581,2181070,78,229221923
241071054,27374022,2180288,75,229105676
240945273,27375975,2179994,76,228944651
240993241,27372689,2180170,75,229070097
241138622,27380378,2180967,78,229229902
240951141,27344324,2179804,76,228842061
238376043,27051715,2155120,75,226601334
240981114,27377339,2179416,76,228964036
240182199,27209133,2171263,77,228283558
240904557,27354461,2179012,76,228843344
241142981,27385586,2180615,79,229201877
240750261,27338434,2177260,76,228809395
240838334,27351082,2177941,75,228852091
241111503,27365838,2180096,80,229189887
241069206,27361716,2180374,78,229178531
240635302,27321508,2175638,77,228833585
238308259,27052366,2153931,76,226418256
240944403,27360072,2178832,75,228927831
240192316,27214753,2172227,75,228291386
240878887,27342859,2177369,78,229028391
241011765,27359886,2178556,76,228942909
240960443,27358863,2178484,75,229043259
240765886,27335024,2177704,75,228894783
241097853,27374611,2180754,79,229109685
241067857,27349998,2180802,78,228962997
240875822,27337349,2178444,75,228926998
238264047,27036308,2155085,76,226337701
240934128,27366334,2180024,75,228921598
240171775,27238521,2170795,76,228331847
240932396,27358461,2177542,77,229035084
240995534,27366861,2179449,75,229061659
240953588,27378486,2180220,77,228925530
239264416,27182628,2164804,75,227300552
241135911,27383415,2181141,78,229262432
241045093,27346960,2180395,78,229106717
240609122,27317137,2176251,75,228710561
238377567,27073818,2155309,75,226559229
240903606,27356941,2177776,75,228833053
240170789,27226741,2171327,77,228304280
240821834,27359204,2177325,77,228899460
241161029,27415470,2180944,77,229129483
241091888,27339643,2179885,75,229097432
240855251,27328266,2178457,75,228924707
240802030,27334993,2177654,76,228749607
240834839,27360011,2178683,78,228901447
240926672,27356693,2179311,76,228971342
238266529,27062844,2154537,75,226502982
240885082,27346184,2177768,77,228991218
240032070,27214992,2170554,75,228163143
240813938,27331118,2176886,78,228836068
239569890,27199369,2165620,79,227743622
240849180,27342278,2178019,75,229005906
241122270,27351020,2180107,77,229238443
241315870,27398543,2181796,77,229449674
240745342,27306970,2176516,79,228800741
241074079,27375882,2179399,75,229104950
238509956,27085350,2157885,76,226732676
241125252,27380005,2180273,77,229170475
240239802,27241342,2172412,76,228389018
241014300,27352136,2178555,76,229009951
241254224,27408526,2181125,79,229324176
241081960,27376936,2180383,76,229054857
240927764,27343053,2178326,76,228989415
241080027,27360630,2180350,78,229133995
240978920,27361220,2178825,78,228964714
240904028,27332823,2177819,75,228860558
238454845,27061449,2155844,75,226598176
240988204,27360847,2178519,75,229014916
240129277,27246023,2170421,77,228336078
241107991,27366614,2178864,77,228974330
241043611,27373247,2179310,76,228960826
240979403,27370023,2178984,75,229065719
241038738,27379230,2179461,75,229055203
240927344,27357474,2177803,79,228962407
240620738,27298222,2175267,75,228647901
240783872,27355515,2177533,77,228837465
238432741,27051653,2155208,75,226620780
241012105,27374084,2179451,75,228978608
240055895,27212915,2169780,76,228006851
240972758,27365095,2178529,78,229034405
240977540,27362180,2178770,76,228952138
241010850,27355980,2178538,76,228935718
240785515,27343759,2176397,76,228670550
240913294,27367892,2178731,81,229029996
241032164,27359948,2179293,77,229043747
240974395,27359669,2179461,76,229011441
238413365,27075120,2156598,75,226509435
240958928,27378269,2179397,77,229062666
240173782,27242613,2170536,76,228282404
240051467,27239948,2169644,77,228016902
240988669,27356600,2178463,75,228993320
240512729,27307811,2174890,76,228599384
240741856,27332539,2178244,75,228691578
240984460,27344015,2180310,82,228986019
240785069,27340480,2177324,75,228894577
240940283,27366489,2178965,75,228941171
238226195,27063216,2154838,75,226316342
240842359,27364505,2178653,75,228920491
240048986,27224726,2170558,77,228195446
240925364,27335738,2177379,79,228952969
240893741,27352415,2178687,76,228904318
240864441,27337318,2177790,76,228876050
240783950,27334920,2177883,76,228710753
240812898,27334105,2177965,77,228909353
240869931,27364413,2178502,78,228897563
240861120,27345037,2177237,76,228912098
238331677,27048336,2155175,75,226471574
240923700,27358150,2178468,77,228933326
240146747,27247046,2171293,77,228259940
240816133,27343488,2177040,78,228812930
240975017,27362552,2178227,75,228945354
240908223,27363482,2178484,77,228931265
240985885,27367884,2178711,77,228883920
240918888,27349997,2178036,77,228985315
239757440,27208359,2167698,77,228022954
241203554,27397799,2181632,76,229140149
238551455,27093069,2156846,75,226546205
241166334,27387042,2180498,76,229163251
240354504,27246364,2172777,75,228556167
241320214,27409828,2182364,78,229421645
241136484,27375324,2180601,77,229090987
241009099,27375913,2179131,76,229084698
241058267,27363668,2180106,77,229044060
241317900,27376968,2181470,77,229413927
241144974,27363792,2180426,76,229176581
241121075,27371387,2180560,75,229116654
238400852,27064146,2155148,75,226429241
241057693,27374828,2179390,77,229139475
240166249,27231144,2171227,78,228320922
241193994,27380811,2179823,77,229174360
240847510,27354957,2178101,76,228950947
240943379,27350927,2178475,76,229017753
240862562,27329755,2177892,78,228741952
241217328,27374549,2180240,77,229253176
240761519,27340635,2176520,75,228823690
238353562,27073725,2156618,78,226591502
240833700,27334435,2177745,75,228839517
240983302,27381276,2179901,76,229002712
240362689,27247946,2172611,81,228471717
241262476,27408029,2181281,76,229200701
241239747,27382237,2180839,75,228986156
241187602,27394823,2180635,76,229291076
240589644,27323493,2174850,77,228687806
241058827,27339395,2180418,76,229201150
240948253,27361963,2179189,75,228734486
238227807,27048336,2154145,76,226354153
240969433,27359514,2178199,76,228982423
240894848,27345534,2178522,80,228978851
240056550,27221037,2170289,75,228104141
241017417,27360382,2178542,76,228949825
240741386,27349191,2177001,75,228785219
240780312,27343372,2176941,78,228973868
240801785,27349927,2177198,78,228916134
241002349,27364133,2179808,77,229114522
240495849,27306876,2174275,77,228559298
238295620,27062441,2154402,78,226375642
240966319,27359514,2178513,76,228921839
240771645,27350617,2177528,77,228829467
240102297,27230338,2171180,77,228155854
241268791,27385864,2182006,75,229304426
241019747,27364257,2179829,78,229084950
240907095,27359390,2178242,77,229011506
240850851,27344480,2178068,79,228782784
241026267,27376967,2180586,77,229092611
240842989,27350400,2177599,75,228859698
238273368,27040896,2154978,75,226396875
240785576,27340883,2176337,75,228721936
241083407,27368970,2179722,79,229149577
240082877,27222615,2171355,76,228154851
241052495,27378737,2179392,76,229049226
240660155,27327956,2175609,75,228806482
240744971,27336233,2177401,77,228852790
241010052,27368784,2179281,79,228891035
240596000,27305202,2176142,79,228721668
240995909,27352942,2178037,76,228899309
238340911,27065200,2155783,76,226411812
240875542,27357933,2178332,77,228947916
240780742,27338559,2178279,80,228826247
240154032,27247108,2171963,78,228172692
240938570,27345998,2177842,76,228919276
241034791,27365714,2179299,75,229018707
240787653,27337752,2178232,77,228810543
240960990,27350215,2178457,77,228981934
240837761,27352012,2178257,77,228789982
240932548,27369651,2178959,75,228873904
237994348,26896035,2150006,82,226229618
241140759,27351175,2178062,77,229251393
241091733,27365777,2179208,77,229094541
240323594,27245744,2172334,77,228383608
241221873,27375169,2180403,75,229102329
241066707,27380284,2180032,76,228945531
240928364,27363483,2177551,78,228834821
240990987,27357437,2178916,75,228983985
240894367,27348943,2178250,76,228970182
241345070,27395071,2181503,75,229427092
238672791,27099703,2158915,75,226917805
241042759,27364971,2178747,78,229147069
240995600,27370581,2178853,75,228938252
240129450,27223548,2170726,77,228081522
241148385,27382144,2179749,76,229223695
240994001,27354493,2178440,79,229026162
240804817,27353066,2177378,76,228770505
241011132,27381214,2179412,76,229003708
241216541,27388964,2180834,76,229273556
240948240,27356693,2178228,77,228943145
237601103,26976292,2148090,76,225830965
241119969,27382114,2181349,78,229097606
241128123,27389336,2180836,78,228995072
240235436,27244752,2171933,75,228428037
241249404,27395474,2180263,75,229192215
240887591,27341628,2176720,80,229046833
241047650,27366241,2179514,75,228942011
241036063,27361777,2179612,77,229052050
240739928,27340015,2177059,77,228875049
240782271,27346371,2176385,78,228781567
238456533,27071369,2156132,76,226471800
241050075,27400217,2181156,75,229154289
241096125,27376440,2180053,75,229290234
240248979,27239203,2171151,78,228349092
241129457,27365249,2179390,78,229110606
241145533,27370551,2179466,79,229105051
240976230,27356290,2178331,77,228991646
241054992,27361219,2179301,77,228874075
240950747,27359917,2178908,77,229045729
240979559,27370179,2179081,77,228942917
238448296,27078096,2156455,76,226520002
241009348,27392436,2179372,75,229056120
241077251,27373898,2179679,76,229074785
240253405,27245961,2171552,75,228337234
241179928,27364320,2180453,79,229077323
241157398,27384407,2180397,76,229120591
240829478,27364567,2177546,75,229030024
240967282,27347021,2178471,76,228987024
240546807,27307280,2174579,78,228541337
241018112,27375324,2180039,75,229008384
238356798,27053141,2155453,77,226450549
241000038,27374487,2180218,76,229065414
240881887,27372069,2178781,76,228904407
240154825,27236692,2171561,77,228140618
241042558,27378282,2178532,77,228995806
240875773,27351101,2177678,75,229003016
240957946,27368101,2178232,75,228951034
240927578,27351175,2177682,75,229014532
241115880,27380688,2179666,78,229152643
241072753,27365776,2179244,75,229125686
238441370,27090062,2156423,77,226661946
240955923,27361994,2178475,76,228910900
240929573,27348695,2177947,75,228932083
240164404,27237746,2171482,76,228268899
240834574,27333320,2176895,77,228883165
241046513,27365807,2180310,77,228932741
241040107,27373960,2180554,77,228844874
240884564,27326003,2177019,77,229070488
240659925,27334870,2175847,79,228731145
238303788,27053451,2155034,76,226516244
241032092,27376254,2180142,76,229202596
240763954,27332420,2177224,76,228853431
241010384,27381648,2178828,75,229148809
240049480,27208204,2169293,79,228042550
241161258,27373371,2179653,75,229174688
240919429,27367729,2178744,76,228950877
240941368,27370798,2178929,75,229030565
240903383,27349253,2178245,76,228966479
240976415,27362491,2178968,77,229172060
238394780,27076050,2155642,75,226521176
240969793,27375417,2178443,76,228982352
240909680,27367698,2178945,75,228827152
240810332,27332451,2177409,77,228720229
240297517,27234647,2173064,79,228293640
240957820,27357003,2178363,77,228990627
240921837,27368008,2178982,77,229063335
240920502,27368318,2178876,75,229006495
240951254,27365653,2178656,78,228833985
240613455,27334063,2176548,77,228666086
238417856,27073725,2155126,76,226485438
240864489,27342371,2177862,76,228932642
240881096,27372472,2179119,75,228866419
240978581,27370395,2179771,77,228994566
240362324,27255324,2172247,78,228433630
240957805,27358925,2179122,75,228928870
240752914,27336667,2177264,75,228758010
240980280,27365869,2178851,75,228988421
240774177,27336730,2176278,78,228793542
240958175,27362242,2178499,77,228929884
238364749,27069106,2155144,76,226675584
240874596,27365745,2177781,77,228870699
240870350,27354492,2177119,76,228852142
240843447,27359886,2177602,77,228777348
240222201,27237499,2172008,78,228185980
240777899,27333722,2176700,79,228825858
240843727,27348726,2177340,78,228781286
240987667,27378486,2178931,75,228897477
240526973,27295996,2174407,79,228431311
240967402,27350028,2179154,79,229069641
238341017,27066669,2155537,75,226532781
240969619,27356433,2178721,76,229000321
240838330,27357158,2177936,75,229004912
240997743,27381214,2180407,77,228969663
240523620,27263508,2175159,82,228499628
241015923,27372410,2179704,76,229016854
240935900,27338062,2178517,75,228919151
240968367,27373309,2179386,76,229058049
240895185,27336761,2178137,77,228869102
240853804,27363792,2178852,76,228843235
238331768,27063247,2155270,76,226593296
240901871,27360444,2179071,75,228797385
240889806,27368318,2178084,77,228944827
240851051,27357127,2177878,76,228856244
240347143,27258951,2174013,78,228429592
240769150,27337566,2176158,75,228795446
240830729,27346463,2176903,75,228726695
240834448,27360537,2177633,76,228802488
240522795,27303309,2174621,79,228621665
240859191,27344823,2177314,76,228887011
238399043,27081227,2155843,77,226316937
240980520,27363420,2179888,77,228981290
240976662,27379416,2180044,76,228946911
240897692,27362242,2177856,77,229133792
239397243,27135974,2163876,78,227588980
241010333,27356445,2178411,75,229074862
240898595,27347951,2177583,77,228941655
240941087,27363203,2177942,76,228787256
240909903,27369683,2179377,81,228844363
241070408,27372193,2179322,76,229057784
238349368,27060426,2155247,77,226504801
240911072,27374394,2178726,75,228936155
240974806,27378331,2180290,78,229014390
240875759,27363544,2177864,77,228828834
240251206,27233717,2171628,77,228348106
240688779,27319276,2175653,75,228709736
240858690,27331118,2177080,77,228720818
240867977,27341720,2178061,76,228870546
240692891,27309574,2175991,79,228782105
240886349,27358987,2178255,75,228858122
238329355,27061821,2154560,78,226383399
240986028,27379850,2179460,77,229083334
240774256,27353748,2177956,75,228825175
240848485,27370209,2179166,77,228738338
240235688,27239297,2171678,77,228242066
241084915,27382578,2178892,78,229141065
240910995,27329754,2177545,76,228964995
240784700,27340697,2176569,75,228739009
241082927,27358833,2179642,79,229068670
241035563,27363885,2179041,75,229099046
238607821,27067742,2157173,78,226704875
241127138,27376161,2179312,76,229055867
241052638,27364939,2179104,77,229036619
240916647,27368102,2178526,79,229035279
240232874,27237157,2172277,77,228495331
241008758,27347889,2178007,75,228934044
240684085,27329320,2176463,76,228811028
240847204,27367636,2178683,76,228793952
240849980,27336513,2178437,79,228860775
241069577,27380749,2180657,77,229032559
238379065,27077662,2155867,76,226458792
240905147,27371170,2178939,75,228882785
240983940,27366675,2178200,76,229157608
240827139,27356260,2177578,80,228674871
240344183,27244535,2172263,75,228407752
240885183,27326871,2176250,76,228947924
240908895,27345130,2178545,75,229076280
240877507,27345254,2178360,78,228891620
240381910,27274544,2172646,79,228434579
241138760,27388127,2180794,76,229143217
238589447,27104415,2157517,76,226738779
241195560,27387693,2180301,76,229241365
241062423,27373154,2179791,78,229116222
241062697,27387849,2179571,80,228877982
240236606,27248069,2171964,76,228413399
241108736,27369558,2180400,75,229101307
240911640,27339612,2177371,75,228884954
241040912,27355919,2179850,79,229050628
240490506,27294910,2174229,75,228514112
238443673,27066006,2154965,75,226626000
240954011,27353469,2177905,77,228975640
241074376,27378672,2180295,76,229113933
240915779,27360630,2177806,77,228938727
240927350,27358120,2178046,77,229015664
240395172,27247387,2172957,75,228301537
241021789,27356631,2178228,76,228934067
240909227,27358181,2178772,76,228978498
240927447,27365901,2178671,77,229051386
240985661,27366210,2179111,75,228874460
238439216,27058318,2156057,78,226522504
240866679,27340945,2177802,76,228857978
241054370,27381493,2179758,78,229055411
241203710,27369218,2181912,81,229209284
241036688,27381648,2180277,75,229101207
240279989,27231086,2172629,78,228256025
240933319,27356595,2177879,75,229062925
240780678,27347952,2177134,78,228896235
240865160,27349315,2177819,75,228823175
240676556,27313014,2177061,76,228532369
238684704,27077786,2158606,75,226822288
238722522,27097440,2159313,75,226910533
241220340,27414136,2181912,75,229263959
241139403,27391599,2180401,77,229222560
239299124,27179002,2164102,79,227291781
240249741,27227981,2172256,75,228277461
240948926,27362056,2177531,75,228910485
241341493,27395133,2181476,75,229381125
240808355,27349594,2177483,77,228869646
240983054,27366428,2178304,78,228993963
238310147,27045732,2154150,77,226573720
240878977,27369403,2178532,76,228887003
241010423,27291624,2173750,76,229057463
240980483,27327460,2176321,76,229059235
240923962,27346185,2176688,79,229062980
240156664,27193602,2169643,75,228296338
240929364,27337349,2177642,76,229012319
241130016,27359359,2178980,77,229284632
240770337,27286851,2175513,82,228698847
241203575,27365125,2180441,75,229026041
238429753,27053761,2154925,75,226645542
241067169,27364288,2179758,75,229072703
241014480,27356662,2178926,75,228969560
240948519,27364940,2177275,78,228973907
241143631,27379695,2180564,75,229254028
240313095,27266700,2173651,76,228360070
240844673,27349656,2177911,76,229052429
241048481,27397954,2180694,78,228980090
240258300,27284216,2172750,78,228243915
241039292,27374673,2179533,77,229108654
238394104,27071121,2156197,78,226346819
241009546,27383446,2180314,75,228990860
240931287,27374394,2178393,75,229008519
240919723,27349471,2177356,79,228894544
240928943,27356011,2178760,75,228835142
240285106,27253618,2173140,75,228267836
241050341,27368318,2178990,76,229017774
240956855,27358150,2178067,78,229003268
239918939,27219798,2168014,80,227929443
241254889,27398946,2180587,75,229331060
238549245,27073911,2156319,75,226616435
241155055,27384624,2180655,77,229117286
241139872,27372689,2180490,76,229076250
241080275,27387012,2180208,77,229048090
241265642,27410126,2182811,75,229344255
240461683,27279390,2173947,76,228436429
240929618,27361662,2177856,76,228934978
241116232,27385794,2179427,77,229002489
241069808,27376967,2179955,75,229045106
241006272,27364598,2178517,76,229006230
238468102,27084916,2156053,77,226569365
241193835,27399659,2182019,75,229317116
241197350,27386733,2180687,79,229215520
241130780,27386887,2180828,76,229151709
241282048,27382361,2181425,75,229320950
237796935,26962590,2149852,75,225937801
238788051,27103516,2158977,76,226739404
241210066,27357902,2180457,77,229137453
240935443,27352385,2178343,79,228884225
241172555,27379788,2180961,76,229109293
238478821,27059434,2156372,76,226631437
240958137,27366799,2177834,75,228930405
241020572,27368411,2179126,75,229087182
240987118,27366769,2178964,80,228844416
241121761,27390390,2180916,76,229196274
240414198,27248348,2173777,75,228348085
240819481,27336822,2178131,76,228780915
241120803,27395537,2180552,78,229124538
240985153,27351175,2179482,77,229030855
241003830,27382826,2180169,76,228965222
238397958,27064735,2156941,76,226623973
241028833,27366334,2179899,78,229058002
240908724,27347889,2177474,76,228851883
241041028,27365095,2179383,78,229025203
241092917,27358057,2179749,77,229042434
240352272,27252006,2173105,75,228202377
240964120,27349005,2177983,77,228911872
240952587,27359422,2178109,77,228994521
240674172,27320392,2175374,75,228771923
241019545,27360630,2179489,76,229097039
238469276,27070718,2156014,76,226630862
240893786,27359948,2178390,76,229026515
240895113,27359515,2178446,79,228841905
240892511,27353004,2178422,77,228922108
241084739,27375727,2180576,78,229103273
240152986,27237188,2171554,76,228290842
240801165,27332606,2176711,77,228760058
241010269,27394793,2179608,77,229057351
240924134,27377711,2179120,75,228896935
240141761,27266764,2172019,80,228260920
238433653,27069540,2156482,76,226442109
240984676,27370116,2179283,77,229066460
240999905,27387074,2180148,79,228931490
240935986,27372565,2179880,76,228960292
241097389,27399411,2180843,75,229308865
240098050,27222432,2171074,76,228093149
240924902,27361933,2178809,78,229108466
240857343,27324453,2176059,76,229051220
240604452,27312921,2176902,77,228665137
240927959,27363606,2178489,75,229038289
238417408,27051622,2155129,77,226575537
241033611,27357747,2179336,77,229109049
240959851,27377712,2179781,79,229063189
240825469,27334869,2177119,76,228883474
241082012,27365280,2179523,76,229107305
240343749,27262205,2174108,75,228297070
241020839,27354555,2178767,79,229206711
241149449,27383756,2181216,76,229131739
241189385,27395691,2180641,75,229204419
238491498,27069261,2156876,76,226549740
240992772,27379912,2180020,77,228998809
240873401,27345007,2177374,78,228804668
240978768,27370116,2178923,75,228941511
240972405,27371573,2178953,76,228997381
241037901,27380780,2179323,76,229031933
240149417,27222649,2171571,77,228195441
240849839,27353470,2177084,78,228727545
240960668,27344634,2178081,76,229046876
240667385,27331769,2176401,76,228698344
238341610,27060116,2154642,75,226460467
240847831,27337535,2176764,77,228848600
240971343,27368908,2178210,81,228894331
240794313,27343828,2176999,76,228666810
240798715,27354523,2177402,76,228771840
241100992,27381927,2180901,76,229078295
240183981,27261585,2172248,76,228367608
240857129,27339582,2176582,78,228718498
241066870,27377432,2179310,76,229083134
240876022,27364133,2177997,77,229019338
238277295,27060674,2154895,76,226384494
240802897,27324112,2179098,76,228902501
240779821,27352230,2178142,78,228715223
240948986,27380222,2179138,75,229014070
240631996,27342929,2175994,77,228596339
240898376,27348230,2178585,76,229012539
240194872,27242439,2173135,77,228197157
240883988,27351257,2178395,77,228857601
240492356,27279255,2174050,76,228522867
240659156,27316238,2174520,77,228595737
238180390,27017987,2153293,76,226369147
240831878,27339240,2177474,76,228789739
240841338,27338248,2177192,76,228910456
240927365,27369621,2178511,77,228986693
240773774,27328855,2176384,77,229023926
241004955,27369992,2179124,76,229154163
239997284,27220386,2170475,79,228001604
240835171,27343457,2177150,79,228852248
240923210,27352973,2178471,75,228855444
240909604,27347765,2177529,77,228988735
238284625,27059589,2154658,75,226451891
240810333,27337442,2177432,77,228939378
240975822,27356011,2178579,77,228901581
240941931,27368536,2178760,77,228898255
240881830,27357189,2178115,78,228844405
240900025,27351547,2178052,76,228954969
240070381,27229066,2171655,76,228295084
240820056,27323059,2175033,78,228873797
240546704,27328297,2175470,75,228674207
241164080,27390607,2181105,76,229186523
238239625,27058938,2154283,79,226480013
241071154,27383229,2178805,78,228959164
240792783,27371883,2178684,77,228801572
240768736,27346123,2177166,78,228936080
240824056,27363327,2178246,76,228792939
240951857,27365373,2179762,75,228982114
240019051,27194780,2169595,75,228194259
240928933,27342217,2176430,80,229001261
240814855,27343084,2176496,76,228800482
240945046,27359483,2177658,77,228916013
238252291,27039222,2154032,77,226357295
240924959,27372472,2177886,76,228918195
240682985,27329196,2176667,75,228720173
240948258,27351207,2178125,80,229045045
221125568,26326160,2096933,76,208909553
240751086,27338403,2176895,77,228928444
240280877,27255664,2172541,77,228551994
240955972,27328979,2177353,79,229126846
241091397,27346619,2178197,75,229153983
241152470,27378765,2180448,76,229276535
238500881,27081785,2156048,76,226786312
241053632,27380470,2179177,75,229164013
241086388,27395071,2181008,76,229189630
241038732,27367420,2179070,80,229188386
241189054,27396776,2181800,76,229342177
241138761,27371387,2180725,77,229123572
240244629,27246209,2172912,76,228314875
241004861,27376596,2178938,79,229241717
241046094,27385802,2180478,77,229242768
241074004,27391344,2179272,75,229191464
238531762,27072244,2156621,77,226712591
240873673,27343983,2177202,77,229021536
240930217,27347393,2177552,79,228932009
241004270,27360259,2178502,77,229297082
241197628,27387538,2181493,76,229317287
241075338,27396559,2180364,77,229141834
240160501,27227268,2170797,75,228320734
241085260,27362615,2179360,80,229209239
241302579,27391475,2181430,76,229363503
241039166,27370767,2179718,76,229139833
238496640,27086559,2157039,78,226525985
241014043,27375758,2179690,76,229148515
241060498,27389119,2180389,78,229154516
240972547,27374984,2179903,81,229024034
241169901,27391599,2181951,76,229294680
241101358,27375634,2181192,76,229226128
240225555,27251293,2173479,77,228342752
241022452,27364196,2179611,79,229113608
241103517,27381400,2180512,76,229291236
241090045,27367016,2179143,76,229272190
238487647,27061480,2156694,77,226825921
240930467,27376812,2179764,75,229058323
240934439,27369993,2179610,79,229082999
241223034,27394606,2181632,75,229283329
241162353,27381710,2181030,78,229309065
240817197,27345223,2177137,75,228863020
240200703,27218402,2170950,77,228380281
241112783,27329569,2178443,79,229185006
241182687,27400682,2180841,77,229239255
241083595,27376998,2179667,76,229247863
238476649,27078158,2156476,75,226756010
241000595,27366489,2178298,75,229060051
240964707,27358709,2178532,80,229047065
229775017,26806164,2133571,76,217602762
233759863,26981159,2149490,76,221579526
241012412,27367419,2180178,75,229070690
240215355,27244411,2170970,77,228322243
240954346,27342434,2178533,78,228902888
240980133,27355577,2177625,75,229066999
238431681,27078127,2155649,77,226456374
241047087,27388561,2179173,78,229097266
240923722,27360785,2178041,75,228967178
240957639,27356601,2178182,78,228862481
241031727,27358336,2179181,76,229088762
241075042,27401984,2181163,75,229372463
241062725,27381555,2179453,75,229066099
240124045,27223765,2171433,78,228166531
241043662,27353625,2178930,76,228954251
240667601,27335768,2176029,78,228786215
238445859,27075368,2156155,75,226608766
241379742,27397520,2182754,77,229334030
241176345,27386608,2181077,79,229039279
241023663,27385803,2179904,78,228896988
240948688,27370891,2179082,75,228981689
241151947,27377060,2180496,75,229160401
241079765,27393831,2180753,78,229056113
220766856,26215987,2092010,78,208675426
241070762,27364412,2178781,77,229357441
241059356,27356631,2177677,77,229255568
238453550,27080142,2156039,77,226630328
241098314,27370984,2180975,77,229246982
240954338,27362893,2179639,78,229101615
241042709,27370602,2180138,77,229295209
241071899,27384139,2180853,75,229216939
240849323,27342898,2178140,75,229093871
241057799,27372162,2179641,77,229010343
240287030,27251182,2172390,78,228361983
241016123,27336469,2178892,76,228995872
241072233,27373836,2180124,76,229188753
238624802,27092604,2158249,76,226831557
241089456,27378393,2180624,76,229078123
240953839,27352385,2179041,78,228891212
241034355,27368039,2179439,75,229174836
221500724,26333135,2096618,78,209315288
241193252,27382919,2180019,77,229151653
241060786,27359577,2178929,78,229021321
240267670,27242334,2172504,76,228266560
240904739,27334672,2177342,78,228824167
241049232,27361726,2178639,75,229185495
238316692,27065820,2155067,75,226363665
238790114,27127634,2159020,75,226837324
240884614,27392808,2177715,76,229007040
241109923,27433202,2179902,77,229089187
241065344,27411005,2178390,75,229233200
241060577,27411067,2178886,75,229123860
241036661,27408773,2179241,78,229071064
240293336,27285022,2171563,78,228313925
238639747,27110150,2155633,76,226760689
240917516,27391816,2177609,75,228752024
236600384,26895630,2139855,75,224848080
240981918,27412245,2178685,76,228926105
239261981,27209660,2163152,76,227429432
241144771,27439928,2180242,75,229280461
241000280,27433822,2179158,81,228985149
238801478,27167066,2158882,75,226818488
239272471,27192176,2162996,76,227443815
240491684,27304644,2174048,78,228496700
241197096,27392746,2179129,75,229181930
239075556,27180024,2160945,76,227079408
238608147,27115575,2156849,75,226665444
241037729,27418321,2179465,76,229028340
241071476,27408898,2180261,77,229243653
241216845,27451212,2181211,75,229164273
238765741,27160122,2158573,76,226848796
238477648,27109685,2155800,75,226647872
241178686,27430008,2180739,76,229140001
237969427,27027566,2151239,77,226097838
239884457,27268219,2168604,77,228071264
241202837,27414819,2180571,77,229265622
238562131,27106058,2155958,75,226781306
241200351,27428427,2180647,76,229100596
240856836,27368349,2176474,76,228851434
241133803,27436115,2180091,77,229027545
238703921,27142700,2157200,76,226814564
238789427,27128161,2158565,76,226922754
238716393,27132067,2158015,79,226725171
240406361,27315433,2173861,78,228473049
241006653,27386794,2177496,76,228967369
241098912,27409982,2179187,76,229116988
238557225,27103733,2156186,75,226693201
241093179,27404216,2178855,78,229216903
241168043,27421143,2180110,77,229321709
240955268,27406820,2178869,76,229013499
240967038,27394544,2178069,76,228820555
241093377,27409982,2179329,76,229253770
238984865,27175684,2159892,76,227166411
238109212,27052552,2153520,77,226228083
239430168,27211304,2164008,79,227458713
241034524,27419003,2178894,76,229133912
238604260,27132036,2157381,77,226701249
240837131,27378114,2177129,76,228718417
241035105,27418042,2179773,77,229029685
240955158,27407130,2178042,78,228748092
238863470,27164463,2159712,76,227094684
240973235,27405022,2178810,78,229153305
240971031,27406696,2178658,76,228895007
240397500,27320981,2173335,76,228582197
240941060,27370364,2177714,76,229015628
240994894,27407906,2178250,79,229097047
238432461,27119512,2154579,75,226576240
240949810,27397551,2177587,76,229036902
241257911,27444950,2181139,75,229173005
240642829,27375231,2175692,77,228717953
240960954,27417020,2179572,78,228987303
240824532,27375696,2177486,76,228941130
241247629,27427869,2180920,75,229353853
240269849,27298103,2172645,78,228331395
239222323,27184117,2161885,78,227320234
240904183,27380284,2176993,77,228847773
238440137,27097533,2154435,76,226558112
240935816,27404991,2178603,76,229039774
240886391,27401922,2177201,76,228831845
240787659,27405642,2176666,77,228745637
240775611,27371078,2176578,77,228728014
240967572,27389429,2177917,77,228752361
241000059,27400186,2179282,75,228858772
240083234,27277953,2170854,76,228114685
241035413,27391600,2178492,78,229159554
240606943,27350183,2174011,75,228635736
238180029,27080514,2153089,77,226240183
241196159,27432271,2180123,75,229235750
241069552,27401302,2178892,77,228947684
241141421,27423902,2180223,79,229262152
240792724,27374146,2176660,75,228721805
240855834,27394885,2176857,77,228903764
241196039,27457288,2181586,76,229271794
238359718,27093565,2155197,75,226449674
238536866,27092201,2155088,75,226622313
240929119,27394607,2177954,78,228775135
238318637,27114459,2155210,76,226464519
240906770,27401953,2177993,75,228956656
238764951,27164400,2158683,77,226744829
241080147,27422754,2179726,75,229137527
240950998,27397365,2178001,75,228982050
241101529,27417392,2179569,78,228999101
238858022,27158665,2159561,75,226945255
238658062,27117373,2158555,75,226780155
241011497,27383167,2178759,75,229064047
238208486,27105128,2152462,75,226454908
240906721,27408990,2177258,75,228991196
240858483,27391196,2176823,75,228896677
241117872,27418415,2179447,80,229077608
241204688,27429698,2179287,79,229132208
240808666,27391630,2177380,75,228954737
238926546,27149055,2160695,75,227165912
238845379,27161486,2158620,75,226962027
238190007,27083552,2154303,77,226269178
239032755,27145428,2161317,77,227108777
236249051,26842992,2134540,77,224560857
241015185,27399721,2178392,76,229075491
240955083,27411036,2178022,76,228875393
240860000,27385617,2177515,78,228949809
238708856,27158913,2158031,75,226724853
241111175,27430566,2180878,77,229225749
241140961,27419375,2179807,78,229078883
240947352,27399318,2178560,76,229091139
240347418,27308210,2172661,79,228224473
240941199,27352849,2177363,76,229062796
238541973,27104756,2154914,76,226633400
240833067,27364319,2175060,75,228881784
241102972,27410323,2179634,78,229042384
239135236,27181233,2161574,77,227236336
238682226,27121310,2156406,75,226722263
240928373,27384253,2176947,77,229045110
241071313,27418786,2178168,77,228958406
238620520,27112382,2155254,76,226845760
237990157,27058101,2151624,77,225998436
240089356,27249123,2169421,76,228246814
238514936,27105066,2154128,75,226695794
240961588,27393335,2178269,76,228860788
240920827,27377650,2176616,79,228987481
240987051,27403720,2178278,78,229012434
241042684,27409858,2179481,76,228996313
238847713,27166074,2159576,76,226919952
241025230,27400341,2178549,75,229051947
238645310,27051250,2158269,76,226809565
240056029,27032527,2172187,78,227997340
238913131,27057202,2161864,75,226902666
238455937,27055683,2156648,76,226462448
241069183,27353345,2180357,75,229085667
238794215,27101997,2159296,77,226925835
241032902,27346277,2179813,76,229004292
241033785,27349284,2178757,76,229120120
238630202,27072516,2158628,76,226716033
241075822,27345720,2180371,79,229183857
240874286,27326654,2177985,75,228934898
238477758,27049111,2157144,76,226546827
238133407,26958064,2153382,75,226323778
238412286,27040214,2155600,77,226499998
241121086,27353128,2180190,76,229040462
240804424,27316455,2177963,78,228622879
240707425,27316548,2177620,78,228787570
240740510,27336544,2177629,79,228683298
240870996,27336853,2178252,75,228930986
240749082,27347672,2178446,77,228820763
240678710,27293329,2176706,76,228705131
240923634,27321415,2178337,77,228849600
239990936,27192456,2169443,77,228045795
238284722,27020250,2154399,76,226424668
240971421,27333071,2178688,77,229094005
241224337,27374363,2181360,75,229109839
240923634,27342588,2179095,76,228784732
240894013,27331615,2178577,77,228951065
240871833,27330622,2177348,75,228821090
240912527,27335086,2178515,76,228881478
241239023,27395226,2182005,75,229289320
240463423,27273459,2173912,78,228445299
240238486,27209567,2171582,75,228337775
238262088,27013771,2154365,78,226307892
240742128,27299219,2176791,75,228756002
240819058,27340170,2177269,75,228817986
240906232,27311991,2178135,76,228911463
241307243,27371636,2181954,77,229281682
239786171,27176495,2168049,88,227697252
240811563,27330033,2176897,75,228996096
240939091,27345967,2179062,76,228920755
240909938,27333878,2178470,78,228907078
237973452,26940766,2149811,78,226003991
238314054,27041949,2155148,73,226286437
240803682,27332266,2177578,78,228625854
240813903,27338899,2177459,75,228751121
240721678,27312177,2176675,77,228740517
240741114,27318036,2175904,75,228779775
240576699,27293082,2175970,79,228514444
240910963,27345657,2179901,76,228884537
240759998,27333071,2178194,78,228825016
238429058,27037207,2155665,75,226456216
240247890,27205723,2172321,77,228307475
238528485,27060240,2156782,75,226636053
238942088,27105190,2161259,75,226955927
241023078,27348261,2179938,76,228933529
241110548,27372473,2181309,78,229122442
238769197,27107856,2159801,75,227006570
240984696,27327770,2179127,78,228987648
240891288,27350493,2179405,76,229014219
238944977,27122643,2161226,76,226951593
240976207,27330715,2178222,76,229051260
238771806,27035593,2157121,77,226915230
238328706,27015912,2155248,74,226488086
241226942,27363576,2180787,76,229064726
240970424,27339271,2179402,75,228953628
240989781,27354117,2179517,75,229087824
240957196,27352480,2178995,76,229104877
239512667,27164153,2165228,77,227509986
241067895,27369341,2180029,75,228984902
238747089,27110553,2159309,77,226736537
240689709,27310751,2176384,75,228710959
239515059,27133648,2164749,76,227570046
238332357,27032464,2155656,75,226571794
240950472,27358522,2179172,76,228926859
240935727,27351765,2179185,77,229048474
240932142,27340976,2178759,75,229014917
238974376,27104694,2161867,75,227142067
241292946,27400310,2182382,75,229394870
241018191,27370829,2180618,75,228935778
238752747,27092170,2159189,76,226843712
241110036,27353459,2180946,78,229051438
240143046,27199317,2171113,75,228267263
238875162,27085195,2160139,77,226985837
241022594,27349129,2179970,78,228968490
241187117,27379726,2180563,75,229116764
238897162,27079894,2160251,76,227009381
241109825,27355826,2180272,79,228916294
240775085,27305140,2176566,75,228865560
238821599,27107019,2160217,75,226997980
240846435,27314347,2177654,77,228715118
240599601,27291469,2175185,76,228503416
238811581,27059372,2159365,79,226993410
238866290,27095518,2160033,77,227011806
240985017,27345100,2178707,77,228999353
240909151,27329320,2178296,77,228866538
238931651,27133400,2160508,75,227240658
240891851,27329940,2177552,76,228893865
240757444,27336295,2178298,75,228891703
240740054,27343116,2176907,78,228761100
240752397,27345533,2177929,76,228707455
240845938,27353221,2178245,77,228850613
240091666,27227950,2170374,76,228075786
238737423,27084823,2157126,75,226835326
240813111,27354306,2176981,77,228897434
240785047,27341690,2177224,78,228798498
240883132,27362087,2178091,76,228878801
240822216,27344107,2178135,76,228859710
238777246,27116722,2158518,77,226805434
240714061,27319927,2176225,75,228709467
240681350,27319958,2176466,78,228786383
239968124,27230524,2169349,77,228005917
239963307,27192486,2168893,76,227980648
238342056,27060705,2155255,75,226377139
238895074,27126797,2160151,76,226927474
239841644,27260841,2167948,76,227823012
238706330,27131223,2157952,75,226797386
238765963,27135050,2158877,76,226914417
241218165,27421979,2181532,75,229017919
238622570,27149086,2158446,76,226757519
241199285,27428737,2181529,76,229166186
240313126,27326779,2173199,78,228328075
237438227,26949477,2146892,76,225748855
241035582,27404030,2178987,78,229211846
240728837,27372596,2176435,75,228849239
241081244,27426288,2179866,77,229151121
241026445,27388345,2178096,79,229039232
238464298,27137864,2156839,76,226501136
238791406,27131850,2159858,76,226858485
239168224,27198407,2162399,75,227235109
238969304,27165237,2161557,78,227213499
240839453,27368380,2177910,76,228813698
237880042,26988103,2151076,75,225925165
241059300,27382733,2179072,76,229093167
238918308,27150946,2160287,76,226962651
238795996,27171530,2159815,75,226917672
238748888,27152186,2158993,77,226976538
238917992,27163284,2160815,75,226994345
238981337,27152837,2160969,76,227175780
241077983,27406077,2179812,78,229104339
238820244,27174444,2159840,78,227013413
238918153,27153818,2160166,77,227014444
238050723,27005009,2152379,76,226225223
241134012,27407874,2179579,77,229017899
238897637,27161486,2160496,77,227033289
238964888,27191587,2160898,75,226985023
239049024,27180210,2162595,75,227216616
239076216,27189541,2161484,75,227174860
238834938,27137926,2161392,76,226795169
238829747,27174258,2161882,75,226857329
241025995,27425575,2181457,76,228964245
238487520,27106089,2156878,77,226708931
237973708,27016468,2151011,76,226080154
239092840,27161052,2161245,75,227152653
238807271,27142793,2158681,77,227057370
239013743,27176096,2161100,78,227173887
238928106,27155184,2160225,76,226970175
239084404,27181450,2160834,76,227226742
238895179,27160029,2161083,77,226902776
239115687,27169547,2162342,79,227291094
241176063,27429667,2181549,77,229249130
241203716,27409889,2181197,77,229198052
237602880,26980632,2147844,75,225824873
241004295,27390142,2178268,77,228998813
240957628,27418848,2177549,76,228916667
241034785,27415408,2180191,78,229008968
240828336,27387414,2178206,75,228874531
240831326,27372813,2178102,76,228956692
240957531,27381276,2178098,77,228885534
240921397,27406170,2179049,77,228906886
240558593,27337907,2175148,77,228537431
241129149,27411067,2179953,77,229252340
237678171,26971797,2148263,75,225871731
240745736,27334280,2177138,76,228598368
240918480,27384211,2177610,78,228909148
240979957,27406862,2179126,75,229034222
241188499,27425203,2180532,75,229176070
241209859,27437603,2181017,76,229191288
240705084,27354896,2176795,79,228840332
238569502,27128533,2157305,75,226740875
241022772,27396745,2179843,75,228965709
240904364,27372689,2177899,77,228939543
237736936,26993745,2149245,77,226059162
241101082,27401550,2179479,77,229245226
239288701,27206033,2163048,76,227378615
238694074,27148342,2158214,75,226829088
240914974,27396591,2178782,79,228883992
241081879,27406510,2179954,78,228929415
241192619,27441261,2181017,75,229201863
241011166,27411997,2179138,77,229017793
240516818,27340481,2175977,79,228486479
240936052,27404123,2179246,77,228946549
237854345,27013027,2150603,78,225853829
240798341,27363451,2177268,79,228924752
240992439,27397830,2178751,76,228869092
238686278,27134640,2157567,76,226731030
240909372,27407689,2179517,76,228911785
240943204,27391382,2179004,76,229080043
240894983,27405115,2179032,75,228940268
240915065,27399597,2178647,76,228847817
240781720,27375324,2177571,76,228787966
241192789,27428769,2180951,77,229215765
237532928,26972417,2147020,75,225753550
238700977,27144250,2156751,75,226856580
241209256,27439370,2179924,76,229335384
241172667,27424180,2179918,75,229119110
241152787,27408153,2179523,78,229131529
240748112,27368970,2176988,78,228729500
238897248,27165330,2159568,75,226786476
241083596,27399907,2179106,78,229105195
240798693,27378517,2177933,75,228865062
238820785,27169391,2159559,76,226794895
235597529,26741250,2130626,76,223975684
239054287,27157673,2161465,76,227269835
238740167,27157239,2159167,75,226903440
238919836,27173576,2160580,76,227043268
238842794,27167977,2160019,77,226930263
239007332,27164946,2161683,76,227179046
241063545,27400062,2179816,77,229050676
240782632,27382424,2177379,77,228864537
240853409,27383043,2178032,75,228847686
241164672,27426195,2180890,78,229142555
237774663,26981923,2150212,76,226009172
240978043,27404940,2178798,75,229000922
238792054,27139352,2158595,76,226999670
241081538,27430350,2180666,79,229146162
241194481,27432333,2181430,76,229193012
240959621,27406510,2178972,75,228908713
240926622,27387476,2179095,77,228928370
241071552,27409673,2179397,78,228926374
240372442,27340914,2174383,75,228406165
241256424,27430349,2181248,77,229243754
237933344,27030511,2150658,76,225984907
238688819,27112258,2157554,75,226744333
238701763,27151411,2158489,76,226685374
241020743,27415996,2179085,76,228935993
240955848,27395103,2178447,78,228836413
238679884,27130362,2158189,75,226732739
240806007,27387538,2178309,75,228880836
241077581,27416120,2179452,76,229330605
241134214,27421483,2180861,75,229088153
240806430,27371790,2176076,76,228933713
237735343,26975176,2149246,76,226049506
240989507,27386795,2178132,78,229092301
240832649,27370922,2176988,77,228825254
240926342,27404495,2178293,78,228994165
240939428,27378114,2177800,77,228877369
240982795,27379386,2178416,77,228904053
241232017,27417814,2180025,75,229132319
238687592,27137224,2158883,79,226777361
240869407,27373433,2177669,75,228926422
238937142,27166477,2160675,75,227125968
235619146,26758951,2131362,76,223914146
238978904,27154015,2159817,75,227019733
238803506,27140964,2159406,76,227032641
238793739,27142018,2158952,76,226899179
241139450,27414880,2180389,75,229175844
238745892,27139321,2159136,75,226740954
241029041,27403659,2179683,80,229016485
241156815,27417453,2180283,77,229053157
238814158,27133369,2160129,77,226750585
238717190,27127882,2157827,76,226693168
237953518,27005525,2151329,76,225998936
238941956,27159936,2160451,80,227022630
239002084,27155317,2160219,75,227119923
241283640,27422010,2180556,75,229259529
241061522,27381741,2179080,76,229020938
238767649,27119388,2159541,75,226915802
241126527,27399350,2180724,77,228989153
241093813,27388468,2179970,76,229052328
238599302,27114986,2157699,75,226528270
238862422,27146575,2159545,76,226861577
238068865,27026109,2153254,77,226260192
238818617,27114924,2159694,75,227000992
238946258,27155162,2161041,76,227087179
240932932,27384500,2178885,76,228961037
241012344,27378052,2179791,77,229154393
240619288,27314689,2176137,77,228672040
238679373,27132408,2157402,75,226698480
241105289,27399907,2180440,76,229150401
238644753,27099641,2158224,77,226794704
238631794,27109871,2157098,76,226840315
237869261,27001340,2151727,76,226202777
238917979,27142049,2160306,76,227071870
241178012,27392684,2180721,76,229092998
241232568,27392808,2180603,78,229292002
238857056,27152466,2159969,77,227051207
229039906,26540339,2114820,77,216998719
238779310,27156340,2159323,76,227049963
238874686,27143413,2159918,76,227051342
239056826,27178257,2161997,75,227413615
238951082,27179900,2161143,78,227135567
235679793,26784928,2131627,75,223974256
239087587,27146637,2160815,76,227214227
241310233,27416803,2181401,78,229395144
241346223,27429357,2182194,75,229498103
238868296,27149613,2159090,77,227110232
238962172,27144095,2160467,76,227223269
238792402,27132656,2159001,75,227067360
238767389,27160866,2160651,78,227092605
238894288,27184178,2161430,76,227087688
238951673,27175250,2162213,76,227213878
235854906,26823772,2133266,76,224183802
239140388,27136159,2160705,76,227370244
238888951,27162881,2159339,75,227043124
238885048,27151194,2159563,76,227081000
241203047,27424676,2182193,75,229344337
238932955,27148838,2160188,75,227106360
241151182,27432364,2181385,77,229209732
238857883,27175808,2160985,77,227095516
238804800,27165671,2160165,76,226931705
238909786,27176242,2161451,76,227320754
238652029,27136562,2158379,77,226874329
238260551,27029426,2152333,76,226570941
238793526,27135291,2158169,76,226856810
241210855,27432520,2180813,77,229306814
238802404,27148807,2159446,77,227048079
238781453,27125681,2157664,80,226969935
238926995,27178970,2160374,76,227123644
239231183,27216046,2164269,77,227427417
238980974,27178536,2161767,76,227289039
238852271,27147133,2159266,76,227169512
238682954,27116505,2157613,75,226918875
240518628,27289857,2172846,77,228611973
241156750,27416926,2179781,76,229149660
240777462,27329523,2176304,78,228992469
240957634,27391211,2178422,78,228989589
241141163,27397365,2180269,76,229303615
238964420,27179311,2161155,75,227090502
238739849,27127324,2157445,77,226989582
238818169,27162602,2159974,79,226914078
241296120,27441323,2181567,79,229429341
241066220,27403163,2179737,78,229233843
240330325,27267661,2173001,75,228428455
238802029,27157518,2158893,75,227208976
241069138,27398047,2180169,76,229063907
241098576,27422382,2180671,76,229305802
241194769,27416524,2182280,79,229239397
241046238,27416988,2180155,75,229142094
241235446,27440641,2182375,76,229307976
238872074,27162602,2160631,76,227087692
238695365,27143754,2159100,77,226832839
241069638,27419499,2181181,76,229202435
240237542,27281829,2172415,78,228244999
241053225,27403255,2178459,76,229103325
241017833,27398574,2178755,75,229111617
241126493,27439184,2181156,75,229280009
241063981,27412773,2179399,78,229091191
241072145,27425978,2180004,76,229145590
241083649,27417515,2180335,75,229136775
238872969,27143103,2160259,76,227070799
238553611,27138081,2157590,75,226724810
238714857,27126673,2158644,75,226916966
240345925,27257989,2171046,76,228590925
239436398,27217844,2165097,76,227651218
241031794,27414494,2179438,77,229135810
241096897,27429124,2181469,77,229343418
238866473,27163470,2160208,76,227056353
241064081,27423452,2180152,80,229357084
239098213,27201553,2162025,78,227265536
238933982,27149489,2160713,75,227018463
238816048,27151845,2159397,77,227046909
241239896,27416275,2181729,79,229286740
240222737,27275443,2171007,77,228452659
241043687,27413237,2178744,75,229100843
241299506,27435402,2181954,75,229445192
238591247,27124880,2157532,76,226852925
238848653,27132372,2159723,75,227049159
239137914,27186472,2162340,76,227373697
239099053,27156340,2161925,77,227250287
239105242,27186751,2162128,77,227372412
236631910,26901024,2139671,76,224870755
238888670,27155875,2159929,76,227098925
238087681,27009710,2152551,75,226255727
238890729,27163470,2159217,76,227092746
241284557,27449259,2182290,78,229419869
241242246,27427777,2181365,79,229405085
240911207,27349811,2177534,76,229018950
241073621,27393242,2179760,75,229114856
241187175,27398047,2180335,76,229185647
240953006,27376751,2179562,77,229071022
238692039,27125836,2158599,75,226883409
241040831,27394823,2179737,75,229210820
240469946,27276310,2174076,79,228680655
241097665,27379912,2180377,76,229312771
240958837,27392344,2178914,78,229083217
241059139,27406262,2179308,75,229044989
241235243,27400341,2181574,76,229311310
241133425,27401705,2180533,76,229400639
241207237,27397242,2180854,78,229396594
241075678,27396745,2180407,75,229279091
238458694,27095735,2156978,77,226740051
241084476,27420274,2181276,78,229244438
240181404,27247883,2171936,77,228308700
241161661,27399474,2180134,78,229203764
241266643,27408773,2181423,77,229242451
241057070,27381679,2180769,76,229225606
241169370,27368411,2180906,76,229308563
241109166,27381742,2180731,78,229113408
241062174,27408835,2180132,75,229173203
241186628,27389305,2180039,77,229291863
238315778,27086497,2155332,75,226676327
241218182,27410168,2180981,75,229378212
240349065,27267941,2172743,79,228483852
241030189,27393335,2178422,77,229145539
241324354,27429698,2182330,75,229394991
240950063,27364071,2178141,76,229018748
241181616,27386392,2180930,79,229508642
238738419,27102152,2157477,76,226924020
238787899,27113405,2159374,77,227058014
238988169,27164059,2161695,75,227257371
238951775,27148435,2161241,78,227136168
239009100,27137337,2161894,77,227193583
240512826,27260996,2173250,76,228709440
241223251,27394575,2180639,76,229373745
238757790,27120659,2158429,75,226871761
239139571,27151876,2162214,76,227330415
238902643,27132501,2159217,75,227237034
241218239,27391289,2180303,78,229467902
238673329,27089225,2158378,76,227002141
238872920,27122954,2158583,78,227236013
238740674,27103795,2157865,76,227034113
238984290,27128626,2160390,77,227022618
238182757,27005246,2152730,75,226363521
238882062,27130920,2159666,76,226868882
239066880,27160122,2160608,77,227264280
241265838,27394327,2181749,76,229214494
238920844,27125371,2159963,77,227006119
241164321,27388499,2179895,76,229284174
241283492,27400775,2181209,76,229440907
241153272,27410355,2181116,81,229279640
238419141,27101594,2156190,76,226815877
241078464,27389925,2179603,75,229206087
240269684,27245093,2172213,76,228326665
241006335,27382888,2179143,75,229181437
241128413,27391507,2179997,77,229256433
241198026,27195710,2182952,75,228986938
241283887,27408401,2183010,76,229552465
241127679,27400899,2180860,76,229261140
241160433,27392840,2181067,77,229247671
241254415,27405394,2181015,76,229342291
238287540,27068889,2154625,75,226612735
240979096,27386980,2179482,76,229139059
240123701,27233251,2170965,75,228093504
240847044,27344790,2176735,78,228877012
241216681,27420832,2181186,79,229364739
238599779,27095301,2156883,76,226786224
241246213,27412152,2181171,80,229355029
238812541,27101811,2159150,76,227144242
239046405,27155534,2160897,75,227166114
238801057,27113715,2159333,76,226890157
238818193,27128564,2160053,77,227061262
238959496,27169019,2161157,75,227121295
238067930,26985933,2151773,77,226416839
241278257,27409021,2181478,76,229334631
241307207,27402915,2181681,80,229311486
238757197,27117249,2158988,76,226856166
238988730,27150915,2162004,75,227220384
238718580,27126332,2159250,75,226892049
241094249,27382082,2180843,78,229142105
241299940,27419318,2182263,76,229345862
238739664,27125614,2158673,75,226934995
238820618,27138887,2159944,76,227035262
238231638,27028279,2153467,76,226358489
239491400,27217100,2164768,75,227599532
241213656,27415687,2181437,78,229264652
239090391,27146513,2161760,76,227247153
241285548,27419096,2181415,75,229407070
238805785,27127882,2159251,77,226995179
238864606,27124906,2159791,75,227111173
241302953,27426660,2181851,76,229494600
238899608,27127448,2160078,77,227158685
241089676,27376119,2180120,78,229147171
238045371,26978535,2152002,77,226214434
241210873,27376286,2179538,79,229275860
241299227,27412493,2181832,75,229388604
238887858,27137151,2159499,76,227194535
238859794,27125247,2159260,75,227151762
241354773,27434751,2184095,76,229476544
238894784,27122705,2159726,75,227057238
241045931,27384005,2179653,80,229179250
236411982,26863761,2138267,72,224659082
238717832,27128750,2159069,75,227003450
240257002,27265926,2172260,78,228457571
241036029,27384655,2178396,75,229301851
241109810,27401054,2179762,76,229209601
240875404,27326809,2177524,77,228964406
241012608,27360227,2178449,76,229175873
241215963,27380099,2181676,77,229225458
241055783,27378548,2180468,76,229006846
241057067,27400031,2180172,76,229239582
238738446,27123542,2159375,78,226951621
240862639,27362180,2177596,77,229060603
240338582,27260191,2173492,79,228461264
240987418,27342681,2177162,75,229160104
241188933,27421328,2180455,76,229204344
241069315,27400465,2179579,78,229212088
241293576,27452081,2181239,78,229477840
240983360,27400806,2178753,75,228943010
241041207,27404650,2179809,75,229181338
236865865,26944703,2141034,75,225217464
240928815,27412772,2178721,79,229153895
241174116,27412028,2180092,76,229217389
240299003,27292927,2172553,77,228408248
241073606,27388313,2177390,75,229225399
241227517,27430039,2180605,75,229393042
240960696,27391351,2178070,77,229195161
239577496,27234182,2165601,80,227802774
240940292,27403844,2178143,75,229021964
240977627,27396869,2178283,75,229107932
238382197,27126518,2154999,75,226560955
241053004,27416337,2179345,75,229192439
241043795,27422971,2179447,79,229128244
240277551,27279411,2171179,78,228525769
241182053,27426691,2179578,76,229328552
241152508,27418817,2180123,75,229296256
241131378,27417608,2181329,77,229121258
240714938,27407162,2177639,77,228832785
238760315,27165702,2159853,75,226956163
241175161,27429605,2181718,76,229340217
238610365,27143909,2158400,76,226917285
238821475,27163501,2160000,76,227157094
238812539,27174909,2159020,76,227003005
238153356,27036618,2153199,78,226490571
239199430,27205134,2162401,76,227537230
238697311,27142297,2157128,75,226989259
241288835,27428148,2182290,76,229369334
238767000,27169732,2158964,77,226992665
238908835,27169422,2158460,76,226965612
241194689,27411378,2181019,79,229240291
238799283,27159502,2159056,75,226871249
241291931,27453816,2180954,75,229423805
241155480,27428737,2181449,76,229391567
238154788,27050134,2153060,75,226343109
241133862,27429574,2179799,77,229173628
238940215,27168802,2159402,76,227186781
238930389,27152062,2160559,77,227208607
241230372,27451244,2180984,79,229307692
241286100,27417794,2181303,75,229520487
241233264,27450809,2181316,75,229459750
238620132,27156805,2157793,78,226982038
238798577,27169868,2159279,75,226999248
238838636,27161815,2159155,76,227071783
238080211,27032402,2152596,75,226501981
241081289,27414601,2178860,76,229147586
241233686,27435899,2180335,78,229326064
241222780,27412586,2179999,76,229421107
241153518,27431093,2180122,78,229165671
241255512,27433419,2180881,76,229412517
241268711,27429357,2180684,75,229213508
238403628,27107546,2153864,75,226589295
241271787,27430690,2180636,77,229271585
241219596,27445260,2179752,77,229506863
240445840,27317231,2173629,79,228550246
238834659,27154511,2158425,78,227186243
241272697,27420212,2179435,75,229487654
241336301,27433294,2180330,75,229372733
241202679,27424397,2181121,77,229276945
241069443,27382331,2179666,79,229283835
240988503,27378207,2177534,76,229133045
238675878,27138391,2157638,76,226883894
239633427,27248942,2166525,76,227837318
241193662,27428050,2180196,75,229249868
240426333,27307589,2173639,79,228687938
238767075,27141584,2157196,76,226837531
238559521,27103795,2155839,75,226924333
238871137,27148590,2159076,78,227060727
241266126,27415811,2180444,82,229275732
238823093,27147908,2159128,77,226938699
239041362,27196175,2161266,75,227259897
238875301,27163129,2158926,78,227177266
238965926,27163594,2159634,75,227129676
238919997,27173731,2160314,77,227257668
238060209,27036990,2152351,76,226363563
238897877,27162106,2158769,77,227119580
241316972,27453351,2182412,79,229402857
240974665,27358925,2177312,76,228952680
238938394,27201073,2160352,76,227121033
238623765,27146637,2158182,76,226853346
241174834,27452608,2180008,77,229155956
238746607,27156030,2158459,76,227059678
241358846,27439711,2182086,76,229501187
241218950,27449817,2181124,75,229306357
238048526,27044244,2152065,76,226238371
241134464,27421018,2179400,77,229178140
241133960,27414199,2179457,78,229309414
241177134,27414043,2179727,76,229299176
241003755,27406572,2178304,75,229187327
241071262,27423715,2179973,76,229204618
241158337,27434101,2180013,78,229315323
238662251,27159161,2157802,76,226866491
241216646,27427885,2180086,75,229315792
239088115,27206544,2162917,76,227463124
239018352,27147629,2160342,75,227213257
238734816,27120070,2157316,76,227122653
241227311,27427652,2179540,77,229338336
238845896,27155906,2158684,76,227098687
239769203,27257137,2167667,77,228017869
240159641,27325864,2171505,78,228358749
238855469,27162370,2159209,76,227009804
238723963,27154557,2158409,76,226929566
239048237,27191835,2161293,75,227318382
241159158,27413640,2179665,75,229238358
238083520,27045825,2152379,75,226417604
240123246,27305047,2170627,75,228302854
238718040,27141491,2157157,75,226907096
239007668,27156991,2160238,75,227139134
238924511,27158727,2160294,76,227093371
238985938,27167128,2160959,76,227188168
239078543,27203677,2162130,76,227266982
238890776,27176707,2159985,75,227045938
239052026,27192052,2161514,77,227443572
239185058,27193788,2162679,77,227307583
238402087,27098463,2155210,77,226694613
239223628,27205258,2162876,76,227477877
239098229,27175591,2160984,80,227270258
239123242,27194687,2162589,75,227478196
238811633,27174785,2159473,76,226993433
238937956,27161858,2160676,75,227161582
239004824,27179249,2159633,76,227240975
236796282,26925111,2140860,73,225144296
239470923,27254951,2165683,77,227765432
239273752,27226803,2164478,75,227559528
240401473,27345596,2174207,77,228488090
239063704,27167531,2161163,77,227414647
238864183,27087024,2159870,75,227107982
238870232,27160956,2159431,75,227159247
241250307,27442597,2181861,76,229317035
238821342,27139073,2158799,75,227161768
241109917,27433232,2179963,75,229206151
238647706,27132532,2157623,75,226977104
238907422,27186162,2160583,75,227237128
241235861,27459335,2180579,79,229407791
241027297,27427497,2179845,77,229174876
240392016,27294476,2172549,76,228642781
240595281,27226061,2174183,81,228860008
240975741,27381401,2176441,78,229043797
241241520,27419437,2180131,76,229369832
241262508,27411222,2180178,77,229501603
241175647,27404216,2179456,77,229412067
238515875,27107252,2155083,75,226907991
241142994,27409750,2178649,79,229402486
241225169,27413733,2179225,76,229363719
241175738,27410447,2179475,77,229210725
238084344,26998023,2149318,75,226322400
238597718,27097409,2154083,77,226870464
241287754,27388995,2179518,76,229441335
238886357,27090713,2158627,76,227002440
241195842,27422569,2179955,78,229414674
238872437,27177203,2159517,75,227139388
236538541,26896683,2137875,73,224840536
238884935,27155162,2159328,75,227092573
241233520,27416865,2179741,77,229288906
241297430,27437696,2181544,76,229451716
238315130,27046476,2153733,75,226508835
238735458,27120597,2157455,77,226966144
241144586,27385647,2180438,77,229285925
238983447,27158603,2159548,75,227151593
238824185,27132811,2159208,75,227024965
238821331,27169546,2158742,77,227078867
238447255,27123970,2154420,75,226643412
238979544,27179311,2160012,75,227194893
241220544,27432303,2181005,78,229419316
238760262,27096541,2159810,77,227054359
238234099,27043934,2152602,75,226433730
238746202,27128378,2157244,78,227080085
241109222,27377649,2179620,75,229342867
241283757,27424924,2181536,77,229393875
239020021,27168740,2160428,76,227160974
241189321,27415655,2179994,77,229313894
236361433,26877681,2136175,75,224778981
238954173,27165795,2158983,75,227011959
238835360,27162571,2158485,77,227009163
238765029,27163222,2158859,75,227047343
238238743,27022451,2151597,75,226525756
241145513,27405425,2178929,78,229403600
238716692,27131912,2157697,77,227030058
241147730,27418291,2179699,77,229235087
239108417,27170104,2160817,75,227349298
238948342,27186348,2161620,76,227241999
238807614,27155100,2159239,76,227085126
238862173,27145211,2158651,76,227236073
238720520,27130548,2158038,76,226941232
241348300,27448980,2183173,75,229491664
240479998,27303156,2172712,77,228634680
240814083,27357872,2175628,77,228914328
241349242,27470215,2181015,77,229403251
239018862,27154449,2160380,78,227116092
238796347,27147474,2159052,77,227078562
238745131,27130951,2158740,77,226951981
236422296,26877371,2138257,75,224904669
241106843,27420894,2179629,76,229231480
241174674,27437603,2181339,76,229299273
241251964,27432178,2181678,77,229389314
240161227,27267972,2169675,77,228329424
241111623,27404991,2179196,76,229278227
241099256,27408463,2180083,75,229099457
241132523,27396931,2178907,78,229225782
240477710,27340729,2174530,79,228627972
238738570,27146606,2157283,76,227063350
241075218,27410664,2179261,76,229396555
241031664,27404092,2179430,77,229280415
241055013,27424707,2179279,75,229101809
240835738,27379200,2177326,78,228824614
240254786,27282169,2171799,75,228369425
241045553,27380749,2179506,76,229146535
241054984,27419871,2180074,76,229166244
238790887,27159812,2158446,75,227201605
241165003,27414850,2180073,78,229208747
238545713,27132315,2156489,76,226942895
238727135,27135446,2157410,77,226906313
241080944,27415996,2178843,75,229284791
241085983,27431961,2178569,77,229234977
241059548,27399318,2178617,75,229096689
240310062,27276156,2171271,79,228495602
241079885,27409548,2178658,77,229122534
241197492,27408122,2181055,78,229123127
241264001,27436611,2181080,77,229347715
241099477,27406697,2179340,79,229150837
238559973,27139817,2156354,76,226913650
238756916,27151783,2159093,76,227044836
240843583,27398295,2177211,75,228938657
241121112,27429605,2179234,76,229200278
241292040,27428241,2181575,78,229334345
240200777,27259106,2170304,78,228359778
241152276,27377153,2178564,78,229310164
238970463,27174444,2159990,76,227184850
238842932,27139910,2158548,77,226871634
238740236,27138019,2158680,78,227103820
236482109,26888190,2137979,76,224843589
241218638,27416430,2179441,78,229317218
241248336,27442067,2181369,77,229328853
240913800,27408246,2179189,76,229052309
230796703,26857625,2135248,77,218843191
240300761,27266421,2176346,75,228465368
241177394,27457257,2183523,76,229225881
238879043,27196888,2162536,76,227151418
240953881,27440145,2180895,77,229053221
241035172,27437511,2181048,80,229044208
238760092,27192951,2160637,76,226994723
241305562,27489032,2184007,75,229467384
241303046,27466929,2183346,77,229442632
241103704,27452232,2181493,76,229272763
241258299,27479333,2183162,78,229424706
240287375,27326344,2173556,75,228418699
240907838,27405208,2179691,75,228937617
238719810,27205754,2160933,75,227006900
241246198,27488877,2184121,76,229333413
241117755,27484538,2183328,77,229286115
238878863,27216728,2161967,75,227191775
239447997,27293019,2167073,76,227719290
241005135,27472447,2181422,76,229056471
241191530,27480848,2182810,75,229334577
241157344,27492473,2182774,76,229301414
240380532,27360724,2175548,77,228478833
241108086,27448763,2181114,75,229311402
240950932,27413795,2179876,75,229197312
241106725,27451801,2181516,77,229364841
241013717,27463768,2181880,77,229205470
238711273,27198345,2160006,76,226940981
241114518,27449631,2182133,77,229219517
241089907,27478275,2182143,76,229097569
240931845,27453723,2180152,76,229138542
241065773,27494613,2181905,77,229289217
240228961,27326933,2173603,75,228219393
238741325,27195710,2161146,75,226796288
238747388,27195121,2160857,78,226909355
238880124,27206529,2162695,76,227104218
238910455,27214868,2162923,75,227209632
238922706,27244163,2163762,75,227025637
238892071,27239265,2162616,75,227087439
241150199,27480879,2183755,75,229325079
241109881,27479826,2182523,78,229186525
238814759,27233550,2162881,76,227122068
238083657,27087810,2154424,76,226351920
238858528,27178722,2161265,76,227096608
238749899,27182535,2159728,76,226985556
238744975,27191286,2160801,75,227011370
238745399,27206892,2161075,75,227070217
236447819,26951460,2140230,73,224742845
238730553,27186627,2160717,75,226969318
241239744,27470836,2182951,79,229254311
241292349,27509771,2183567,75,229412643
238841152,27202065,2162043,77,226994633
240577336,27370314,2177090,77,228819660
238869356,27193404,2161331,76,227131101
238805877,27205413,2160470,75,227019133
241032017,27453878,2181208,76,229269406
241219495,27482182,2182558,79,229444840
238482661,27181326,2158318,75,226838038
238806502,27199213,2161499,76,226949549
238757484,27205382,2161335,75,226976555
240998509,27456699,2181398,75,229076920
240972695,27461509,2181432,75,229074382
240279973,27314156,2174448,77,228602152
241011146,27449105,2180638,78,229176874
241091833,27472540,2181803,76,229337708
241274039,27469223,2183093,76,229461424
241001751,27464387,2180850,77,229129115
238441986,27154728,2156311,76,226572585
240983157,27422786,2181432,78,229183778
241009850,27434224,2180987,75,229188480
241073002,27426505,2181344,75,229153715
241182541,27460574,2182621,75,229344354
237762904,27032030,2151717,76,226015005
238737436,27163873,2158402,75,226952800
238789188,27175002,2159418,76,226891888
239046632,27199213,2162969,77,227372933
238883250,27183713,2160551,76,227080568
236320462,26855020,2135453,76,224656974
239173829,27176056,2160789,75,227468982
238885375,27165299,2159403,75,227210545
238932689,27181078,2160293,75,227022764
238964443,27185542,2160673,76,227304832
240277517,27303311,2173549,77,228570460
238922714,27162540,2160737,76,227112146
239740421,27293869,2168559,77,227956930
238769868,27167705,2160401,76,226892308
238902774,27206963,2161808,76,227203386
238697694,27178288,2159449,77,226986294
241190633,27439556,2182112,75,229298153
238924286,27188549,2161960,75,227179611
241174295,27448577,2181614,76,229222179
241189414,27448608,2182477,76,229318226
237953689,27062968,2152870,76,226214495
241275797,27459273,2182749,79,229474577
238818262,27176397,2160694,76,226983171
238813266,27182442,2161932,78,227173308
238732483,27164121,2160802,76,226869802
238759418,27185542,2161060,76,226994071
238831744,27180520,2162151,75,227008884
238874271,27202561,2162131,75,227167391
241220889,27463333,2183344,76,229393617
241094909,27468262,2182758,77,229246986
240553162,27376223,2178009,76,228670391
241024363,27444424,2181194,77,229024140
238714732,27192083,2161951,79,226879060
241243094,27455180,2183535,76,229170364
241052129,27450747,2182483,75,229042751
238623815,27169453,2161411,76,226744721
238845937,27209722,2162739,75,227037139
238728746,27065076,2162833,75,227019386
241189225,27473099,2183888,79,229282487
239255805,27240536,2166290,76,227500827
237901485,27049979,2153666,76,226148251
239030326,27215426,2163215,75,227373644
239388332,27248193,2166472,76,227410724
238942879,27202654,2162454,75,227144993
239139982,27223982,2165210,75,227436173
236568450,26941231,2141194,75,224898018
238836226,27206033,2161371,75,227113671
238995432,27223796,2163838,77,227336366
238810273,27184818,2161970,75,227120123
239051509,27232084,2163336,76,227284063
238313522,27111542,2157107,75,226642771
239078860,27196023,2163541,76,227295081
239071422,27229035,2162987,76,227363747
241198119,27455831,2182177,75,229351873
238753281,27193695,2161331,76,226914352
236327684,26904217,2139236,76,224598708
238887864,27209908,2162506,75,227185196
239056210,27229686,2163744,75,227357027
239100517,27237002,2164868,76,227366655
239120667,27229810,2164510,76,227251261
238284394,27101005,2156926,76,226635727
239067646,27197012,2163362,76,227437027
238945079,27187309,2162017,75,227358644
238752249,27187774,2161518,76,226969323
238717805,27183558,2161033,75,227052854
236319830,26913145,2139457,76,224752168
238827953,27194191,2162802,75,226980664
241352217,27488009,2184409,75,229472158
241113174,27451860,2183315,77,229183638
238881496,27208950,2162655,75,227119006
238040034,27097936,2154547,76,226361172
239103037,27187123,2163345,75,227297664
239429984,27249898,2166904,76,227610393
238771998,27184457,2161435,77,226989357
238938886,27210590,2163018,75,227219674
238740848,27188580,2161464,75,227124683
241260129,27486057,2185086,78,229347591
238804269,27195865,2162121,75,227014283
238827879,27221874,2161950,76,227034742
240937379,27445911,2181583,76,229009167
238498695,27156061,2159855,76,226751815
237923298,27063526,2153660,75,226318194
238734344,27179776,2160708,77,226756336
240994213,27435216,2180985,76,229092333
240977388,27442997,2182013,76,229044392
238561681,27167996,2159918,75,226789437
240980953,27444858,2181751,77,229230706
241220526,27466216,2184171,75,229344307
240963406,27441974,2180523,76,229085484
241169019,27473594,2183536,77,229276141
238747427,27183713,2161454,77,226991779
238025855,27043748,2154197,76,226347618
241166021,27472200,2182566,77,229184814
240965865,27432085,2180034,77,229239545
240947156,27442718,2180199,75,229064117
238589580,27163222,2159582,75,226892659
240914291,27434720,2180783,75,229122283
241121804,27465411,2182063,80,229165570
238853740,27211675,2161534,76,227160232
238914493,27198624,2162817,76,227159907
241114699,27453382,2182233,75,229191604
240531019,27332048,2176650,75,228688175
241062546,27447461,2180665,76,229270557
241087288,27428304,2181523,77,229286287
238376681,27147257,2158367,76,226599557
240897565,27402418,2179797,76,229140088
241083481,27453103,2182253,76,229297767
240938278,27432674,2180006,76,229196466
240851037,27447307,2180336,78,229076859
239099636,27231887,2163603,77,227382888
239137458,27224199,2164341,77,227357070
239848436,27252316,2170319,75,228156857
240992277,27430032,2180775,76,229067515
238824769,27173676,2161219,76,226857078
238512162,27136190,2158412,75,226830516
241061288,27445446,2182014,75,229200542
240802948,27411346,2178633,78,228945174
241173538,27463117,2182079,77,229209524
240946301,27435309,2179967,75,229080818
238640157,27158138,2158397,76,226751657
238913117,27203026,2162128,76,227336175
240489446,27349067,2176718,78,228701708
238917474,27192858,2162830,76,227148762
241247013,27459180,2183192,79,229362107
238689972,27192083,2161245,77,226889863
241270751,27488541,2183845,76,229381707
238744231,27182344,2160873,77,227042784
238743304,27183682,2160104,76,227108084
238833025,27192858,2161383,76,227044030
238941986,27210776,2162926,76,227226843
238728889,27181202,2160938,76,227016064
238286017,27071989,2156003,75,226474292
241197556,27455180,2182770,76,229389633
240974648,27426009,2179509,77,229240775
238607084,27190781,2160210,75,227076357
241153753,27443649,2182245,78,229399387
240851897,27438564,2180721,76,229034187
241127593,27474214,2182547,76,229191924
241144954,27457381,2182479,77,229351992
241076773,27448702,2182422,78,229050767
238696235,27183093,2160251,75,226868091
240290340,27321229,2174620,75,228450403
241127391,27449414,2182406,76,229320282
240759057,27403038,2179165,77,228828854
238285146,27137864,2156276,75,226583366
241065523,27452700,2181898,79,229177041
241036430,27447803,2183316,75,229300312
241132935,27452049,2183107,76,229219927
241277506,27504656,2185474,77,229459566
241194098,27466465,2183323,78,229384681
241277782,27489745,2184421,75,229454077
238077554,27066967,2155576,75,226385883
238704334,27170662,2160504,75,227004106
241225181,27476911,2184771,76,229270534
236366828,26933946,2139970,75,224625279
240999938,27453103,2181767,76,229170878
241039105,27458528,2182549,75,229024217
241207041,27464512,2183356,80,229382083
241232945,27473470,2183475,76,229234214
238717668,27182008,2160510,77,226996118
239205103,27223951,2165845,76,227414437
238352218,27107174,2156895,78,226528849
238897535,27178722,2161163,79,227184943
238819833,27185852,2161875,75,227130685
236359528,26930071,2140159,77,224829581
241378698,27500378,2185636,76,229415731
241349294,27487234,2185180,75,229352302
238873974,27221440,2163045,76,227114233
239034662,27222122,2163924,77,227222470
238862615,27202592,2162247,77,227189811
238705455,27179962,2161971,75,227164692
238132227,27082405,2156315,75,226397458
238849441,27197105,2161640,75,226933809
241078331,27461846,2182217,81,229179436
238824792,27193509,2160984,77,227038409
238896286,27190285,2161548,76,227027518
241301694,27497340,2185056,75,229333722
238772133,27186875,2160684,77,227051681
241285218,27487389,2184181,76,229398782
241035847,27446593,2181474,76,229239718
238818222,27176831,2161808,75,227128422
240523505,27348727,2176931,78,228709677
238984908,27182070,2161664,75,227316015
241241588,27489931,2183897,75,229404063
236449363,26908557,2140203,75,224880658
239018829,27196454,2162539,76,227212962
238767915,27181202,2160546,75,226986887
241232367,27479949,2183702,75,229491430
241313054,27478120,2184327,76,229505114
240959344,27465039,2182349,79,229224803
241012649,27451181,2183270,75,229270022
240348110,27346711,2175595,76,228456055
241001088,27434503,2181761,76,229176208
241113898,27438936,2182130,76,229257055
237951463,27072237,2153080,77,226247936
241222672,27460637,2183887,79,229398547
241194235,27474059,2183122,76,229327654
238764392,27186906,2161054,77,227050458
239017721,27219177,2163909,76,227387995
238840775,27193788,2162003,75,227133085
239235182,27238707,2166166,75,227371308
238249839,27083800,2156246,77,226565769
238797021,27178040,2160808,76,226956623
238680034,27182132,2159955,77,226783022
236482656,26917981,2139702,76,224707973
238853166,27178474,2161736,75,227089473
239010849,27217441,2163541,77,227349402
239059608,27238769,2165082,75,227256825
239025490,27234863,2164110,75,227380105
241317969,27492473,2184256,75,229307911
238571080,27162726,2159717,75,226895926
240436601,27337504,2175664,78,228643324
241127982,27432861,2180854,79,229220399
238879514,27195338,2161224,75,227140616
236331710,26899101,2138441,73,224618335
238983666,27201415,2163133,78,227142031
239042260,27232786,2164487,76,227352443
238906156,27210218,2162687,76,227153575
239057079,27230678,2163736,76,227215843
238806490,27194687,2161849,75,227092747
241256931,27472881,2183260,76,229340749
238259661,27077724,2155889,75,226623127
238788002,27177947,2160308,77,226923748
238873389,27193664,2161277,76,227248257
236428127,26916710,2138271,75,224743880
239075187,27204204,2163932,77,227210368
238944950,27200825,2162681,76,227449844
238962116,27212791,2161928,75,227038466
238852679,27218867,2161488,75,227102637
238957290,27204700,2162804,76,227130045
238725346,27183217,2161922,76,226932781
240449949,27345595,2175869,76,228624236
238939969,27180551,2161454,75,227157845
238857090,27210931,2162282,77,227197901
238748347,27194532,2160523,75,227025623
241150406,27447523,2182790,77,229265290
241044136,27451120,2181749,78,229159902
238986752,27230616,2163813,77,227181968
241220916,27473191,2183679,75,229041457
240762011,27422351,2179332,75,228911072
241011184,27426350,2180824,76,229117569
240371940,27300770,2174274,78,228542854
241221702,27439866,2183265,76,229510524
241150179,27445756,2182336,75,229252297
238751696,27180210,2160968,75,227099521
238715634,27179342,2160850,75,226948812
241154751,27445012,2183265,78,229224903
241274427,27480229,2184682,79,229463928
238774162,27197632,2161024,75,227129117
241034588,27437355,2181543,75,229203450
241183638,27464077,2183811,77,229282210
238024669,27066595,2155363,77,226318213
241182396,27455459,2182701,76,229261568
238769127,27194129,2161535,75,226961918
238685241,27173173,2159957,75,226865344
238696712,27171809,2160769,75,226884893
241258909,27477873,2183716,78,229381234
238764904,27199864,2161697,76,227078330
241037498,27458962,2181339,78,229176633
241027849,27430039,2181701,75,228948936
239048726,27209660,2163519,77,227263936
240264084,27340821,2175387,77,228395651
241184510,27448423,2181724,78,229404136
241017782,27442346,2180338,75,229228707
238645961,27187309,2159675,75,226931340
240996026,27433573,2181377,76,229054475
241057820,27447926,2181533,76,229021170
240958200,27439216,2181474,79,228997337
241064456,27466600,2183324,77,229336926
241019426,27440846,2181601,75,229060516
240975124,27435066,2181589,76,229209375
240455687,27359448,2176132,77,228556200
241249611,27459458,2182430,75,229421363
238730390,27188301,2160980,75,227043930
238718818,27174010,2160234,75,226899267
238845991,27196578,2161222,78,227263088
238796443,27183682,2162189,75,227045838
241242714,27459117,2183903,76,229424118
238913851,27202437,2162353,75,227147490
238741165,27171685,2160767,75,226903390
238882073,27200112,2162398,76,227145800
238026761,27064611,2154561,77,226320922
239023694,27205909,2163808,76,227187161
238938019,27209443,2162712,76,227244515
236357115,26912370,2140038,76,224747905
238877446,27202189,2162851,77,227143976
241181557,27473718,2182437,75,229434630
238942686,27220758,2163019,77,227142103
238805455,27201352,2161968,75,227245822
240988890,27447090,2182257,77,229198925
240999962,27434937,2182994,75,229144088
240323031,27331924,2175291,77,228426868
241107511,27434782,2182542,76,229159457
241141028,27463582,2182024,79,229027466
238435338,27165702,2158276,75,226752099
241308508,27481437,2184805,77,229581472
241123593,27456513,2183096,75,229284245
241148781,27474772,2183734,77,229417860
241136545,27463644,2182961,78,229190237
241024861,27460822,2183352,78,229221738
241091727,27455831,2182495,75,229258842
240287311,27318067,2175541,75,228436083
241110607,27431621,2180990,78,229181684
241194127,27452204,2182362,76,229280612
238529242,27164679,2158997,76,226715308
241281542,27463829,2183505,77,229321503
241146491,27468696,2182625,78,229257160
241018737,27459645,2181674,78,229221414
240998758,27454436,2182044,75,229195346
240999739,27445756,2181738,78,229235564
241162077,27454436,2183561,76,229321376
239962716,27292616,2172004,76,228249536
241054539,27419872,2181613,78,229090048
238574298,27172460,2159648,75,226790446
241082975,27449693,2181673,75,229183681
241086378,27448884,2181934,75,229266390
240970612,27429019,2180437,76,229073422
241031013,27439030,2180736,80,229263758
238548303,27168151,2158924,75,226766054
238863773,27186999,2160975,76,226985514
238871132,27199337,2162174,75,227084297
237991835,27056117,2154011,76,226402140
238912083,27177451,2161790,77,227108203
238688351,27190347,2160436,75,226882221
238689423,27158386,2158261,75,226965479
241251767,27467177,2183866,76,229368179
238905153,27213411,2161799,76,227306817
239011755,27234181,2162928,75,227362380
238745842,27185108,2160600,75,226927121
241139755,27462527,2182838,77,229345742
238834785,27191525,2162566,76,227180638
238282784,27110646,2157577,77,226620181
238825868,27174320,2161850,78,227242709
236665837,26942781,2142236,74,225137450
239028868,27220355,2163877,76,227419840
238818774,27195369,2161118,75,227108382
238809459,27199585,2161533,76,227137468
241258022,27466588,2183418,76,229403004
241150795,27457227,2183001,78,229070812
241046147,27446593,2182447,76,229143838
238770762,27188921,2161849,75,227102837
240379094,27360103,2175309,77,228567587
241178546,27423622,2182046,76,229288110
236955713,26979113,2144420,76,225256942
241224990,27472309,2182899,78,229370447
241240525,27484180,2183098,76,229282697
240994169,27455211,2181078,75,229124144
241150705,27473129,2182800,75,229244484
241050517,27459738,2181547,80,229236287
241206225,27450189,2182058,75,229407265
241053445,27461349,2182907,76,229072678
240276645,27354275,2175604,75,228645706
240918190,27388066,2180162,79,229150796
238706240,27199492,2161133,76,226896109
241170360,27460667,2182580,76,229468772
241208788,27482956,2183855,75,229347456
240791653,27421111,2180332,75,228829657
240906234,27446004,2180696,77,229079551
238739829,27170259,2160449,75,227151880
238782737,27199585,2162115,73,227062442
239037198,27213908,2163750,75,227224223
238219982,27115203,2156003,77,226473981
239012491,27167128,2163637,75,227228590
236439523,26921886,2140214,74,224770209
238950140,27221719,2162417,76,227010587
238767140,27171778,2161218,75,226854176
238818620,27209474,2161833,77,226984564
239031489,27232972,2164180,77,227258456
241291204,27474587,2184546,78,229414044
241061978,27443400,2182446,75,229171011
238934947,27222959,2164548,76,227193744
238813005,27201569,2162487,76,226957797
237964730,27031999,2153315,75,226406886
238236701,27098558,2156088,79,226509081
238919760,27195307,2162526,76,227102674
241114093,27470401,2182668,75,229030692
238786524,27184395,2161455,77,227024496
241157251,27465101,2182605,78,229243662
241269294,27481716,2185151,75,229308257
241216963,27466030,2183739,76,229529353
238762258,27179931,2161510,75,227158159
238713203,27191308,2160426,75,226887043
238179758,27097192,2155943,75,226382853
238846225,27217689,2163242,76,227076793
238841794,27203243,2163188,75,227088152
238773986,27196640,2162649,75,226842088
238845227,27207924,2162283,75,227132914
238762497,27197477,2162423,77,226893742
238760087,27193974,2161711,76,227062035
238857928,27207087,2161927,75,226973147
238971028,27223703,2164429,76,227182155
238810444,27201662,2162525,77,227124478
238030043,27057853,2154246,76,226351528
238857390,27191587,2161244,75,226972763
241009633,27447027,2181396,76,229164417
241202564,27478648,2182603,77,229452184
241029955,27444020,2181551,75,229143598
240925814,27433046,2180659,76,229161411
238483244,27165175,2158342,76,226775422
241220630,27457133,2183861,78,229278921
241253755,27460978,2184106,77,229341461
241095635,27426102,2183156,76,229177449
240299015,27304520,2174848,76,228368670
238574582,27158076,2158143,75,226764950
241154946,27458714,2182831,76,229389168
240875107,27424987,2180029,78,229119757
241103262,27461194,2182324,75,229269404
241147839,27444330,2182172,76,229378640
240973692,27436704,2181371,77,229087165
241051813,27450593,2181831,78,229089764
241168168,27455490,2183854,76,229182978
238823140,27198438,2162598,76,227144200
240212089,27301699,2173597,75,228251091
238454611,27145118,2157150,76,226806676
241202926,27456699,2182798,78,229363943
241112012,27454375,2182599,78,229110171
240783797,27421142,2178433,76,228967641
241125583,27451305,2181552,76,229103559
238858558,27210342,2161614,76,226973407
238757310,27180272,2160331,75,226936466
241161478,27462155,2182383,77,229246213
238897039,27196299,2162858,75,227146323
240379178,27324268,2174948,78,228541408
238566655,27123573,2157837,76,226890638
241060524,27447895,2181776,78,229165840
241221222,27447492,2182643,75,229279673
241101110,27431214,2181963,76,229335124
241239835,27477039,2183850,77,229437896
238863050,27206560,2161637,76,227150864
238908544,27214837,2163129,75,227227020
238771685,27200608,2162136,76,226986981
241256174,27486180,2184801,77,229370450
240162408,27300242,2173091,75,228236473
238547090,27157828,2158684,78,226723277
241183417,27464418,2182962,76,229421066
240968417,27433512,2180695,77,229193207
234274595,27062472,2150907,77,222258340
241071069,27421235,2179184,77,229263394
240910377,27392529,2177408,76,229066145
240961757,27402078,2177568,77,229100076
240862271,27366768,2176678,76,229044597
240992284,27402511,2178552,76,229327040
240386671,27302598,2172780,77,228378274
236773908,26927808,2140291,77,225159139
241074966,27411749,2179319,76,229122370
240949148,27393863,2177425,78,229057049
241220436,27445353,2181020,76,229251380
241233480,27436146,2181112,76,229306621
238986459,27175064,2161625,76,227083607
241149593,27432860,2181157,76,229283330
241189042,27446811,2182073,77,229306559
241236227,27430783,2182161,77,229371557
240329783,27294259,2172117,75,228539314
238717327,27137182,2156839,76,226932164
241161417,27420088,2180077,76,229465017
241004766,27407968,2178485,81,229129346
241175657,27437169,2180900,76,229261621
241105047,27422909,2179838,75,229200251
240966916,27400000,2178826,76,229033937
241158872,27433264,2179864,78,229159852
241168371,27432116,2181199,77,229329347
241018726,27403100,2178817,76,229184992
240338567,27291252,2172152,76,228547652
238597366,27140840,2155977,75,226751206
240958815,27406108,2178602,78,229136673
238756551,27148993,2157337,77,227032069
241161627,27429233,2180369,75,229188267
241093163,27410416,2180126,78,229273036
240962950,27417794,2178224,75,229138830
240979657,27392623,2178975,80,229157772
241022982,27414756,2179310,75,229269884
240981526,27398698,2179167,76,229196807
240455148,27316517,2172911,78,228592617
238694561,27140003,2157255,76,226939564
241028840,27396746,2178260,78,229211423
241016994,27423901,2179093,78,229152648
241029837,27392374,2178947,76,229160241
238663473,27139073,2157051,76,226841870
238944807,27172770,2160855,76,227344224
239059623,27175529,2161122,75,227408962
238896487,27121961,2157968,77,227160465
238878494,27162230,2159188,76,227012441
238212514,27034200,2152560,77,226494837
236386343,26873899,2136714,77,224688367
241210412,27422320,2179763,76,229273224
238785440,27154263,2158210,75,227025207
238870711,27158169,2159711,76,227135405
241267794,27443834,2181525,79,229431104
239051159,27170600,2160718,76,227286846
238847454,27165672,2160513,75,227010003
241203406,27423839,2180115,75,229322891
238708748,27140034,2157878,76,226971674
237947054,27024869,2151676,76,226290519
241235486,27418538,2180783,75,229385486
241044162,27416089,2178203,75,229210905
241102849,27406609,2178124,78,229093479
240866669,27394198,2176734,76,229076782
240739101,27381338,2176341,75,228963249
241191911,27403255,2179320,77,229417327
240870515,27386267,2177552,76,228970080
241070075,27406511,2178368,78,229347704
241052323,27405332,2179521,76,229338684
237736506,26974928,2147962,75,226017706
240852877,27365869,2176490,76,229095432
241116052,27417391,2178612,76,229271008
240989175,27411657,2177818,77,229087942
240920400,27404712,2177454,76,228927612
241069868,27407688,2178882,77,229160854
241092583,27410075,2178892,75,229175496
238816277,27164772,2159150,75,227189613
240997315,27409766,2178626,81,229138453
241046373,27402821,2179617,75,229220625
237743275,26972882,2148699,76,226044984
240983605,27388437,2177314,75,229024180
241100099,27379943,2177950,79,229223894
241014047,27422011,2178504,78,228961874
238735272,27156340,2157938,75,227019977
240852875,27386174,2177748,78,229119507
238853697,27145149,2158739,77,227312181
241162963,27439463,2179374,75,229284262
241138287,27421173,2180935,76,229281004
240794175,27383477,2176601,80,228932488
237762884,26989219,2148804,74,226045188
239562314,27236879,2164223,77,227695362
238747066,27140685,2157794,75,226871567
238811075,27147319,2158138,75,227031816
241262706,27412865,2181026,77,229458509
238699015,27126270,2157814,75,226994074
241180607,27427652,2180284,76,229231363
241222791,27415810,2180818,76,229376098
241262167,27426816,2181276,78,229249002
240960744,27403546,2179016,75,228971498
237949806,27014596,2151167,75,226242169
241168943,27401953,2178564,76,229246592
238902125,27134950,2158660,76,226974208
238757830,27150729,2157980,76,227006416
238809666,27151473,2157283,75,227041777
241268974,27436084,2180938,76,229428817
238755359,27118230,2159567,75,227076442
238888512,27184220,2159794,75,227040628
238785229,27152992,2159227,77,226893103
241212757,27443587,2180943,79,229329271
237907700,27020312,2151438,76,226129917
238871417,27141026,2158627,75,227081680
241292146,27433542,2180784,79,229434317
238901779,27176521,2160042,76,227228477
241213715,27419158,2180231,76,229385662
238735101,27142018,2157699,76,226873361
239009927,27186813,2161289,75,227236216
241248021,27444424,2181256,78,229379768
241133304,27421452,2179857,75,229254643
238947672,27176971,2160237,76,227244341
238208091,27078142,2154142,77,226400437
239021912,27172739,2159018,75,227202798
241222593,27433728,2180177,75,229263695
238735668,27152961,2157900,75,226939262
241269534,27428241,2180340,76,229367425
238719910,27151039,2157913,76,226971107
238857905,27146668,2159493,75,226956073
239087932,27187030,2161639,75,227260191
238847609,27142266,2159996,77,227093127
240699281,27372349,2176241,79,228937996
238106496,27025489,2152059,75,226494214
239143513,27179683,2160631,77,227533154
238745521,27139507,2157385,75,226910886
238841616,27150264,2158231,75,227099975
239001831,27187960,2160985,76,227280894
239216052,27201817,2162183,77,227386585
238988479,27186813,2160292,75,227259653
238853032,27171034,2159419,76,227066581
241155706,27423343,2180451,75,229231636
238870605,27153209,2159710,77,227128499
238033597,27034913,2152370,75,226330167
241271348,27435154,2180552,76,229297875
239000217,27159347,2159702,75,227211228
238820793,27141894,2157791,77,227077376
239598076,27268685,2165984,80,227714069
238973328,27189014,2160775,77,227338905
238723405,27160556,2157569,76,227058633
241177788,27426784,2179404,75,229361167
240984831,27411997,2179024,75,229039275
238784835,27170352,2158904,75,226988577
237976617,27038354,2150924,76,226284800
238912464,27156371,2158919,77,227101959
239190933,27201829,2162099,76,227410180
238986966,27174401,2160025,76,227228717
239080774,27192827,2161446,75,227264353
239060909,27184984,2160787,75,227279349
239257461,27206529,2162949,79,227353520
238975023,27170662,2159547,75,227108013
239039789,27180737,2160532,77,227285206
239182023,27203212,2161589,76,227375959
235756294,26771382,2131216,76,224232922
239317983,27194129,2162952,76,227535517
239527681,27238180,2164948,75,227740566
239270993,27212698,2163789,78,227634674
238999232,27177017,2160036,75,227221138
240819774,27378797,2177621,79,228839307
241214632,27412121,2179556,76,229347715
238652762,27131912,2157341,77,226865761
241132319,27409703,2178712,76,229200101
238837564,27179311,2159354,76,226982006
237953640,27046259,2151299,75,226275610
238810908,27150636,2157506,75,226947791
238741719,27146513,2158452,76,227002613
238869154,27150171,2157983,75,227058180
238825928,27152186,2159192,75,227135554
238772169,27144653,2158671,76,227084063
241302737,27447523,2182361,76,229321576
241208268,27443587,2180160,77,229263235
241189679,27432736,2180174,76,229396470
241189399,27446438,2181210,75,229348020
237945110,27032011,2149875,77,226340931
238794828,27138875,2157507,76,227043743
241156897,27406666,2178915,79,229290998
241319690,27444702,2181503,76,229546380
241253443,27427900,2180119,75,229474917
240948049,27391971,2177330,77,229162491
241283366,27431838,2181321,78,229422219
240839124,27401550,2177173,76,228977339
241023378,27387848,2179205,76,229083222
241087380,27415252,2179616,76,229224713
237900444,27036091,2151267,76,226315031
241171509,27403101,2179799,78,229279685
238804926,27150481,2158621,75,227058425
241216887,27449972,2180383,75,229483027
241266678,27445539,2180688,76,229498940
241269417,27451646,2181068,77,229285150
238805746,27155472,2158024,76,227057451
240975799,27385121,2177379,80,229256369
241164863,27412059,2179853,75,229315580
241248524,27445384,2181871,76,229426370
238070571,27065448,2152319,75,226463093
241275067,27426970,2180455,76,229321421
241185583,27429699,2180254,79,229414835
241195024,27421731,2179012,75,229427289
238901861,27151938,2158875,76,227084824
238745436,27135074,2158238,76,226864375
238931799,27177777,2160834,75,227198400
238918051,27160974,2159196,76,227083573
238850237,27152000,2159454,75,227118120
238775200,27147753,2158430,77,226931510
237916968,27035099,2150240,77,226220620
241315666,27399628,2180725,77,229415005
238789809,27151194,2157708,77,226949906
238751360,27148900,2158088,75,226844594
241172261,27437696,2180728,76,229258485
241186933,27427529,2180540,79,229280613
238856156,27169763,2159233,77,226900622
241279602,27432395,2181863,76,229389528
241316861,27430411,2181272,75,229431082
241157289,27419159,2179989,78,229346023
238042562,27084141,2152290,76,226451084
241208187,27386205,2180252,76,229264346
238752331,27152744,2157193,75,227006604
241250708,27438006,2180336,78,229437039
241043683,27406200,2178404,75,229027631
241027433,27415749,2178721,80,229321103
241076455,27407750,2179805,75,229251052
241048163,27421917,2179629,76,229070888
238751730,27157456,2159153,76,226972537
241173825,27425482,2180519,77,229280288
238671319,27155007,2157953,76,227004594
238033041,27009927,2150189,76,226236239
241149279,27422879,2178308,78,229231520
238816625,27155937,2159274,77,227024197
241089219,27403069,2179223,76,229167929
240983396,27404185,2178424,75,229112898
241097169,27427063,2179466,75,229112299
241223553,27434039,2180074,80,229464687
241248549,27444609,2182029,77,229375158
241181699,27418941,2180124,76,229299449
238564031,27117249,2156761,75,226802806
240460482,27288090,2172412,75,228754805
241141526,27420709,2178532,80,229314860
238775181,27130579,2157182,76,226963690
241042344,27410726,2179469,77,229073818
238986983,27158696,2159806,76,227177940
238758076,27153612,2158300,75,226969888
241239478,27416523,2180428,77,229266305
238788764,27158665,2158514,75,227077522
238757378,27146048,2158670,75,227043962
238701260,27159409,2158544,75,226986490
238047835,27015073,2149954,76,226346092
239130903,27190440,2161175,75,227226867
238918283,27154201,2159060,75,227222618
238824795,27132346,2158102,76,226935709
241104561,27411873,2180258,77,229162942
239995238,27290385,2168892,77,228185380
241167118,27429977,2179641,76,229204998
241255420,27431961,2180867,75,229301054
238741930,27157704,2158617,76,226992042
238805312,27162044,2158501,75,226898573
238118942,27034665,2151511,76,226342438
238827869,27152310,2158227,75,226990648
241205092,27412958,2179920,78,229304738
238936467,27173297,2160056,76,227149525
241278769,27428862,2181018,77,229403114
238721268,27146606,2158209,75,226997178
240927976,27403906,2178107,76,229147919
240981786,27393366,2178961,76,229055630
238678450,27141088,2156999,75,226830251
238717143,27150202,2158308,76,226971573
240388872,27306287,2173110,76,228550589
241116377,27416617,2178944,79,229395882
241100545,27420429,2178277,77,229274775
241163101,27418073,2180251,78,229298748
241315864,27438677,2181469,76,229385585
241304122,27450976,2180632,79,229412851
241252452,27430256,2180266,76,229365846
241344903,27429233,2180928,76,229486235
238825348,27152434,2160049,75,227090934
238793150,27168523,2159167,75,226945568
238005503,27024497,2151340,75,226303188
239045408,27181636,2160343,76,227282148
238857297,27157549,2159024,75,227003437
239960420,27265398,2168704,76,228181568
239855558,27269739,2167788,77,227986265
239268981,27198004,2164412,78,227592484
239098514,27183558,2163653,76,227268384
239474872,27241931,2165279,76,227684914
236747543,26949756,2141491,75,225003510
239425847,27249247,2164995,76,227598581
238181441,27045050,2153078,76,226456672
239155240,27193044,2161182,76,227493768
238970706,27189510,2160229,76,227199532
238867612,27153736,2159458,75,227112928
238938292,27169887,2160537,77,227190531
239152623,27206653,2162498,76,227272111
239120737,27199461,2161545,75,227335286
238972431,27191277,2161490,75,227264626
236637685,26924119,2139099,76,224983293
239207346,27223424,2162805,76,227590973
238234698,27060581,2153095,77,226544247
239316879,27201569,2162502,77,227540092
238917679,27159874,2159466,77,227169721
238877412,27151597,2159266,76,227257177
239030003,27172708,2160173,75,227165177
238981367,27170941,2159245,75,227176167
239148531,27175901,2162042,76,227383836
239081054,27166539,2161136,75,227421820
236358444,26906077,2136347,76,224830128
238781423,27155317,2158556,75,227080009
238102789,27033301,2151198,75,226338681
238878571,27147102,2158593,76,227195993
238828655,27134485,2158305,75,227185293
241214569,27407533,2180114,78,229412301
240885016,27388096,2177812,76,229015776
241197492,27433605,2179519,79,229459867
241260785,27436084,2181293,76,229518490
238928469,27173328,2160484,78,227148481
238778575,27158758,2158968,76,227015123
238786192,27175467,2158911,77,227057098
238203797,27041671,2152005,75,226520802
238712800,27136810,2155794,76,226958133
241264403,27415531,2180288,76,229252882
238610232,27138856,2157650,75,226884958
238983526,27174320,2160256,76,227265046
239108019,27194315,2161151,77,227279376
239093533,27166477,2161086,77,227276890
239371457,27221440,2165160,75,227627607
236454352,26889461,2137324,76,224739642
238825281,27167717,2159698,77,227106382
238112918,27040586,2153197,76,226517179
238825223,27155100,2158923,75,227058951
238946849,27179063,2159607,75,227263912
238949143,27148900,2158985,76,227168002
238919817,27164431,2160570,79,227118034
238878446,27159099,2158922,75,227098799
239177198,27175715,2161984,75,227358782
238871304,27149489,2159460,75,227180177
236364076,26874054,2136352,76,224759520
238903716,27176676,2159609,75,227076880
239047469,27144033,2161177,75,227454508
239519646,27225160,2164965,77,227607648
241054395,27398760,2178507,77,229233436
238881399,27166384,2159564,76,227213916
241130875,27419655,2179221,77,229205543
241163219,27410540,2179573,75,229463506
241081228,27426846,2179047,78,229143934
241169947,27393707,2179012,76,229277555
237067157,26959366,2142441,74,225389770
241151849,27415417,2179890,79,229364087
238922567,27137390,2159955,75,227070715
241179183,27421235,2179131,75,229279784
241162917,27429946,2179847,76,229269391
241188975,27437262,2180937,78,229423159
241301678,27425886,2182515,77,229443325
238804658,27174413,2160709,76,226870033
241219287,27448329,2181958,77,229406497
241235159,27448422,2182386,76,229286390
238408994,27116009,2155961,75,226820176
241108147,27446438,2181063,76,229156055
238577449,27108601,2157156,78,226743563
238734085,27139972,2156723,76,227069470
241056633,27413702,2178484,75,229231416
240918322,27381586,2177895,78,228933888
240940587,27385962,2177241,75,229051518
238888096,27151096,2159898,77,227172141
239549572,27253215,2166564,76,227659764
241226767,27431621,2181776,78,229183162
238567502,27143878,2157597,75,226762174
238725883,27169143,2158965,76,226974758
238039189,27050227,2152920,75,226348701
240931810,27393583,2177176,76,229103854
241056744,27417918,2178762,77,229018764
240918161,27391847,2176691,75,228971225
238584303,27122395,2156248,77,226775047
240984891,27404837,2178936,78,229034639
241193556,27432400,2181428,76,229292774
241096537,27409760,2179410,75,229194648
238725498,27148373,2157799,75,226930376
238797346,27160091,2158813,80,226957756
238795400,27115637,2157768,79,227108763
238824710,27149055,2158564,75,227212685
241021185,27402480,2177776,76,229193546
238808455,27156619,2158273,75,227112089
241135711,27422786,2180303,77,229216981
241148005,27418600,2180675,75,229261670
241198591,27436270,2181450,76,229479962
241244515,27433480,2181006,77,229425760
238501473,27128006,2156024,75,226716505
241046074,27407069,2178135,80,229291237
240310769,27309170,2173523,76,228512236
239522085,27214062,2163047,76,227632965
238793353,27137120,2157822,76,227191786
241056164,27402759,2177809,75,229214993
241252242,27420523,2180856,79,229182987
238962082,27182845,2160920,78,227262741
241307082,27430380,2181541,76,229377102
241189610,27431217,2180455,76,229348862
236989531,26949725,2141600,76,225312505
241185525,27428675,2180033,77,229424451
237995508,27027318,2150859,75,226310129
238713267,27140647,2157045,75,226819728
238740837,27144722,2157030,75,226984667
240948416,27380470,2177824,78,229031600
241254485,27416183,2181744,77,229427612
239127600,27179993,2161687,76,227323429
239159469,27185914,2161717,77,227388332
239160338,27185201,2162582,77,227415271
236352341,26878177,2136814,78,224813007
241187910,27416554,2179982,76,229308020
240276319,27283976,2172261,75,228445081
241154401,27389544,2178426,77,229339665
239766020,27260748,2166396,77,227888223
241333287,27439092,2180403,77,229308438
238835523,27133028,2157971,76,226973240
239125399,27174227,2161321,76,227388014
239013242,27175560,2159726,75,227334223
241016874,27416027,2178812,75,229231985
238427096,27122206,2155708,75,226748583
240941224,27398329,2178609,76,229004696
240271370,27287346,2172071,77,228330302
241256778,27420461,2178970,77,229399791
240819159,27387352,2176520,75,229084163
241250098,27414849,2180030,77,229320099
240913259,27398605,2177259,76,228985578
241146397,27409518,2180131,77,229221003
241137087,27419065,2180391,77,229213999
240676004,27392126,2176372,75,229105302
238257842,27104539,2153468,76,226693033
240939880,27383663,2177629,76,229050573
238029649,27049204,2151707,76,226476234
240878646,27392499,2176896,78,229035824
238768958,27130238,2158331,75,227012667
241173524,27403410,2180052,75,229461473
238853018,27151287,2159131,75,226987811
238800663,27145738,2158895,75,227003570
238970341,27165020,2160007,76,227313160
240694590,27383973,2175745,76,228870662
238480958,27149613,2156271,76,226698064
241061397,27411315,2179135,77,229157305
238664351,27102555,2156874,77,226947073
241214192,27417826,2180582,80,229266297
241151931,27417639,2179035,75,229163100
238618031,27133214,2157250,75,226929007
238986477,27169236,2159749,78,227113353
238868085,27149943,2158920,77,227190776
241278803,27438203,2181380,76,229306306
238758045,27168585,2158917,79,227015794
236461595,26915253,2137957,76,224790140
241169613,27426908,2180234,75,229285889
240378202,27323430,2172748,78,228619870
238781602,27125465,2157391,77,226958992
238840563,27152527,2157900,75,227014387
238663283,27118892,2157448,76,226955407
241132691,27411594,2180029,75,229384923
238775649,27116908,2157065,76,226893082
238762418,27131261,2158326,77,227045928
241127722,27424955,2179921,75,229174970
230418791,26539781,2112057,76,218488346
238894966,27168461,2159454,78,227009240
240439694,27324019,2172647,75,228562388
240506804,27311340,2172127,76,228622619
240940849,27382641,2177934,79,228909965
238926783,27151008,2158264,76,227166659
241246350,27428923,2179621,76,229240514
238705393,27122643,2157361,75,226896916
240596227,27331955,2174693,77,228650280
239080532,27180830,2161734,75,227159859
238595722,27135105,2157193,76,226621425
238896569,27171902,2159375,75,227086226
241143434,27417019,2180581,77,229279726
240317385,27295934,2172158,78,228341904
241202330,27406975,2178581,75,229235802
240900018,27368132,2177203,77,228963171
238988057,27167345,2160136,78,227127524
241106472,27407099,2178924,78,229041184
241049259,27408178,2178442,79,229047030
240996048,27423722,2178045,76,229093630
238469838,27112971,2155020,75,226547546
240943195,27404154,2178016,75,228848725
239371086,27219301,2163948,78,227435985
240248256,27268033,2170727,77,228294174
238513954,27108507,2154784,76,226528496
238728471,27127045,2157293,76,226859839
238755099,27148001,2158019,76,226821949
238982864,27140561,2159371,80,227117635
238458748,27097720,2155309,75,226415498
238594364,27136903,2156473,76,226725065
240917013,27389057,2177554,75,228837087
240887268,27385926,2177924,74,228930820
241187791,27434999,2180340,76,229225325
240353154,27262392,2170547,78,228561884
238705283,27149365,2157155,75,226843077
240801956,27377215,2175875,77,228701732
238865660,27149427,2158375,75,227064351
240879873,27374704,2176790,76,229016296
240999556,27374146,2177581,76,228942961
238319022,27102400,2154517,76,226323217
241039213,27394699,2178430,77,229043214
241136076,27413269,2179631,78,229231262
239959749,27284742,2168882,76,228113443
240355115,27274667,2171049,75,228413112
238557089,27116970,2155189,75,226622968
241098352,27405549,2179172,75,228894520
241076107,27413951,2178680,78,229176260
241092248,27389615,2179372,77,229139650
240933071,27384097,2177758,76,229003661
238578234,27127200,2156362,76,226654545
241023966,27409052,2178580,76,229008634
241038917,27424522,2178722,78,229146294
240744461,27379974,2176521,76,228744764
240270992,27276992,2170494,77,228344144
241173186,27417458,2178767,78,229214239
239026232,27162907,2159991,77,226978176
238755553,27140778,2157597,75,226937967
240990008,27389585,2178433,77,228936087
238871619,27143630,2158858,78,227018007
238369132,27106399,2154849,75,226521425
241041747,27407905,2179328,75,229006087
241052421,27420491,2179277,76,229080602
240652845,27371945,2175276,76,228903269
240332084,27279132,2171942,78,228417872
238496822,27109437,2154468,76,226592150
241187441,27418693,2179141,76,229144564
241013702,27403813,2178937,76,228940407
240749529,27345781,2175370,77,228821016
241237531,27420771,2181484,77,229254681
238582249,27131456,2156374,76,226759375
241008062,27416266,2179825,75,229040576
240936776,27391537,2177841,75,229010474
240854818,27407626,2177665,76,228980650
238010368,27029643,2150996,76,226225147
240906784,27388097,2177761,79,229001343
234317937,27037796,2150525,75,222226760
241003834,27439463,2179672,75,229215430
238901199,27175684,2161209,77,227052792
240826300,27410726,2177702,77,229020608
238250645,27089630,2153175,79,226512944
240902069,27409332,2177574,79,229087131
241311283,27457350,2181497,77,229413890
241237841,27462434,2180111,75,229334969
240254184,27292089,2170801,75,228498184
240856782,27403038,2176701,76,229089358
238829830,27163966,2157670,76,227075850
241090027,27424150,2177661,75,229251194
240892385,27399411,2176530,75,228935221
241097932,27429171,2178424,76,229263359
238375575,27109685,2154013,76,226604319
240907416,27405611,2177637,77,229108604
241206957,27451399,2180714,78,229185035
238838462,27184705,2158856,76,227227222
238401330,27085839,2154416,77,226660990
238882725,27194942,2159357,76,227099747
241305119,27449910,2180588,77,229445190
238937938,27178226,2159574,77,227263831
238903124,27175529,2160093,75,227298696
241291302,27439401,2180257,76,229365723
238834962,27176986,2157942,76,227129779
241277454,27456823,2180604,77,229348413
238939455,27147816,2160496,77,227153278
240655701,27402604,2176182,77,228885469
238122039,27058256,2152443,75,226436161
241115675,27422382,2178417,76,229262062
238818277,27145304,2157389,75,227001961
241012163,27420181,2177075,78,229236252
241010793,27390483,2177877,78,229048046
238864041,27171934,2158143,75,227060147
238654654,27148000,2157087,75,226965591
241164158,27441355,2179035,76,229172230
241259131,27458497,2181015,77,229309421
238757710,27169546,2158320,75,226996683
238057366,27070408,2151954,76,226442420
238845484,27167283,2158091,76,227087209
241077788,27409021,2178805,76,229034065
238775364,27165051,2157326,76,226919347
240952703,27409580,2177706,78,229223341
238725569,27158386,2156970,77,226858070
238378670,27123697,2153631,75,226695491
241004438,27421793,2177249,78,229193076
241251941,27437107,2178556,77,229131110
239416402,27218681,2163791,75,227527638
240354069,27302908,2171269,78,228539697
241128086,27411626,2177576,77,229439086
241248108,27433542,2179467,76,229354763
239477194,27211241,2163148,75,227813487
240918341,27392157,2177645,75,228937419
240769522,27370023,2175360,76,228934303
236440215,26886454,2136198,74,224648634
241104147,27429791,2177806,76,228932887
238699043,27134640,2156040,75,226980574
241200323,27431497,2178850,80,229237800
240433043,27291717,2171609,76,228587699
241263897,27442315,2178965,77,229328910
241054564,27409238,2176876,76,229250519
241025028,27404217,2177584,78,229107348
241191218,27426629,2179161,76,229232299
240994632,27423095,2177967,75,229136503
238353288,27112816,2154085,75,226751873
241250019,27445942,2179931,76,229402347
238861947,27164679,2158570,77,227113943
240258676,27336017,2171071,79,228366822
240142006,27255075,2168818,76,228202034
238583394,27128006,2154874,75,226767379
240916868,27389119,2175652,76,228994934
241216690,27428396,2179337,78,229336246
241081622,27402884,2178107,80,229241794
241008526,27422041,2178208,75,229134861
238356686,27113591,2153274,75,226702853
241159921,27423963,2178395,75,229284342
238718722,27162943,2157818,76,226920247
239318577,27221378,2163275,75,227639426
237919755,27018452,2148958,75,226284226
239680166,27233837,2165187,77,227998997
240951621,27415565,2176699,79,229053824
240946318,27402357,2178259,79,228993436
240976303,27422599,2178114,77,229181861
240811151,27395319,2175673,77,228955155
238318689,27110987,2153647,78,226517420
241246532,27444268,2180151,77,229399910
238791614,27171964,2157618,76,226907875
240236201,27320919,2170711,79,228441860
240379844,27306846,2172582,78,228577357
240805016,27380269,2175004,78,228857358
241140890,27422025,2178248,77,229332067
240951420,27399256,2177142,77,229013649
240858051,27390081,2176959,77,229107273
240836692,27400806,2175899,75,228952582
238316601,27111452,2153973,75,226498341
241061004,27409517,2177203,75,229227075
240962329,27394172,2177235,75,229060884
241165464,27436612,2179215,78,229389962
238075659,27027752,2151630,75,226449355
238732441,27142297,2155924,78,227057514
241265223,27432271,2178511,76,229434124
241174104,27424490,2178884,77,229253567
241103340,27419747,2177942,75,229139156
240714316,27391445,2175842,78,228874596
238548068,27128812,2154993,76,226777948
241260931,27442408,2180000,75,229409054
241219544,27432395,2178720,76,229341773
240234054,27343859,2169781,75,228351059
237761555,27024621,2147795,76,226066602
240914266,27379013,2176440,77,229049161
241244518,27437232,2180333,79,229298490
241185248,27414663,2179043,78,229445828
241106686,27418042,2179152,76,229185732
238716754,27153736,2157510,76,227074318
241238329,27452421,2180831,76,229167294
241243779,27445664,2180607,80,229490588
238750064,27162571,2157257,76,227030596
241154721,27448360,2180199,76,229334553
240310811,27301854,2172054,76,228631063
241119520,27415098,2178700,79,229433656
241261114,27426009,2179453,75,229416635
241088118,27403596,2177376,76,229287078
240924341,27367915,2178072,75,229048840
238342427,27118923,2154253,78,226627872
240949841,27419034,2177932,77,229088470
241161053,27419593,2179518,78,229211314
241008578,27426133,2179182,75,229169485
238785037,27182659,2158262,76,227058676
240327907,27303156,2171385,75,228494545
241246361,27430008,2178091,76,229378023
240993055,27415470,2177105,78,229194742
240958699,27413268,2176982,76,229110256
241117585,27427156,2178375,75,229276631
238266424,27097936,2152865,76,226576104
240904651,27407781,2176676,76,229071927
241009541,27405466,2176510,78,229132985
238835718,27160485,2157354,76,227060470
238975961,27184984,2158861,76,226986466
238239712,27055404,2152805,76,226574250
238953540,27177475,2159140,76,227076947
239139389,27200491,2160670,77,227305065
240836705,27384004,2175797,75,228921398
241171463,27392591,2179213,76,229415938
238619076,27127913,2157126,76,226917702
241127868,27402877,2178350,78,229313315
239188998,27193764,2162295,75,227430434
231334254,26758982,2127934,75,219281342
239090436,27183217,2160819,77,227201331
237910589,27021800,2149750,76,225991717
238851843,27159068,2157361,76,226933446
241202416,27418972,2178501,78,229245740
240763892,27375696,2175014,78,228815329
238712505,27136531,2156988,77,226752906
238779945,27153178,2157524,75,226815133
238600172,27137368,2155481,75,226685484
238907485,27174878,2158790,76,226931469
239049276,27202065,2160749,75,227211804
238848357,27173433,2158103,75,226988210
238275208,26980124,2147859,76,226135089
238630955,26982523,2159100,77,226745888
238787620,27174630,2158282,75,226902718
241138726,27426530,2180402,79,229201293
241286491,27436773,2181347,76,229235464
238806182,27189882,2158543,75,226916933
238783445,27182163,2158944,75,226838918
238982493,27184550,2160502,75,227154176
239015694,27205072,2159589,76,227029988
238931823,27198469,2159801,76,227048157
238345800,27086404,2154534,76,226529777
238981740,27167531,2159518,76,227143410
238837978,27172367,2157540,77,227013431
240641322,27365559,2174685,75,228785892
238957772,27174785,2159393,76,227164517
238719210,27148311,2156730,80,226966632
238639343,27136407,2156562,76,226848745
241134706,27431962,2179515,78,229113727
238720218,27175994,2157379,75,226947963
241228422,27452607,2180448,77,229132233
240382047,27304427,2172030,76,228561453
240709509,27356445,2173299,76,228670223
238848482,27181326,2157778,76,226996348
238708517,27147319,2157182,75,226653555
241087676,27419841,2178377,77,229111689
238240535,27107887,2153544,78,226262199
238711554,27165764,2157994,76,226830503
241069490,27427745,2179631,76,229081245
238734801,27158727,2157330,76,226904813
241010178,27406448,2177458,75,229092001
238820131,27116319,2157640,76,226802475
240976614,27392716,2176613,80,228887189
240717606,27381834,2175033,75,228706751
238340834,27085133,2153185,77,226526739
240979332,27404061,2176987,76,229057627
238463902,27139569,2154544,76,226545588
241027357,27414973,2177343,75,228965869
241009063,27393304,2176414,76,229058015
241110815,27422259,2177780,78,229148617
240832904,27378331,2174818,76,228731026
237899672,27021893,2149017,76,226141729
240794765,27361808,2174509,75,228835872
240973468,27386825,2177328,77,229007227
241171873,27413052,2179609,80,229157444
241136271,27412679,2179134,76,229055741
238388940,27134051,2154545,75,226458678
241104645,27422041,2179165,77,228910937
241003678,27432767,2177869,76,228889244
241135221,27445943,2179455,78,229121570
240873054,27412090,2177160,76,228860921
238651871,27099331,2156322,75,226745499
241027270,27246643,2177758,75,229043172
241007179,27414043,2179042,77,228996030
238377003,27116567,2155447,76,226441237
238908845,27167562,2159404,77,227049240
238404591,27128688,2155179,77,226605797
241147844,27444816,2180539,78,229192983
238758164,27182794,2158319,75,226837460
241147698,27457009,2179599,76,229276614
241136965,27453196,2180385,76,228987306
240191984,27287935,2170593,76,228288839
241160957,27424367,2179228,80,229163633
238772599,27155286,2156571,76,227070036
238770474,27126518,2156954,78,227045065
241199494,27435061,2180397,76,229436502
238486488,27111483,2154165,75,226714599
240969349,27402015,2177663,78,228985446
241211513,27419500,2180006,78,229164670
238705840,27162354,2157478,76,226855719
238635580,27154923,2155979,77,226691958
238864779,27141947,2158160,75,227121255
241081354,27381958,2178473,77,229302270
240875030,27375913,2176343,76,228872537
240860636,27377432,2176098,78,229047868
238776326,27154914,2157372,77,226906721
238464986,27129060,2153550,75,226520564
238653748,27145583,2156982,76,226697962
241238405,27442440,2180297,79,229259115
240933228,27397458,2178090,77,228967794
238737810,27163718,2157179,76,226943640
240423689,27320795,2173655,77,228385888
240858220,27376409,2175508,76,228798948
241016560,27414447,2177469,77,228970934
239371112,27186007,2161786,75,227581062
241155605,27377525,2175825,75,229212787
238757746,27118799,2154696,76,226877220
241086485,27381710,2176286,76,229214268
241034534,27382950,2177064,77,229048608
235785535,27111732,2155338,80,223861636
238688006,27143041,2155929,75,226916155
239406961,27197074,2162553,75,227766119
240982809,27374518,2175851,77,229155863
241099414,27393273,2177087,75,229030085
240944100,27377960,2176584,78,229031519
241111108,27403937,2177614,75,229396544
238753414,27154573,2156276,76,227048318
238969819,27172119,2159100,75,226913309
240957633,27395753,2176114,78,229145162
241144223,27435464,2179165,75,229387191
241065606,27429823,2178371,78,229128341
238243859,27057233,2152523,77,226537739
238799597,27137089,2155538,76,227024084
241095334,27413857,2177778,76,229198512
241043512,27387476,2178217,80,229276694
238759740,27128812,2157319,76,226913176
238673859,27127386,2155987,76,226988971
241187717,27427435,2179022,77,229396907
241045878,27401458,2177334,77,229218301
240946531,27415841,2177323,76,229211983
241327865,27439401,2180483,77,229524734
240132528,27269831,2170620,80,228246728
240924445,27330437,2175515,78,229000791
241247691,27396373,2179752,79,229474000
241145154,27381555,2178310,77,229176129
238778150,27136531,2156822,76,227123140
238754195,27144529,2158014,76,227099743
240911533,27411439,2177734,76,229173274
241188691,27438038,2180707,78,229206489
241201185,27435402,2180020,76,229234708
241181698,27438874,2180020,76,229287680
238033880,27041082,2151505,76,226448310
241046557,27404247,2178541,79,229105769
241159737,27405612,2179684,79,229371935
238875708,27155627,2159621,75,227297126
238765915,27162726,2158043,75,227114646
241016521,27418972,2179081,75,229245584
241066545,27420956,2179478,76,229238321
238734004,27163284,2158379,75,226937983
240904113,27392937,2177634,77,229032206
241301709,27466956,2181931,77,229500012
239660840,27235731,2167196,77,227958815
241116713,27388282,2179625,75,229135349
241095304,27396466,2179088,76,229293439
241058966,27407069,2178325,80,229070019
238707568,27151535,2157831,75,227023719
241124447,27412028,2179717,76,229352617
241003524,27399814,2178109,76,229124136
240951620,27404650,2178472,76,229018058
241011591,27409549,2178439,79,229111108
240834200,27404030,2177479,75,228933055
240335972,27327894,2173296,75,228488522
241282449,27412896,2180317,75,229374915
238887635,27163439,2159029,75,227182016
240927613,27391941,2177768,79,229195588
238639943,27139816,2156538,75,227004858
241002972,27412587,2177283,76,228968209
241005304,27406014,2178205,77,229033109
240969682,27406107,2178125,75,229064406
240863723,27398543,2177760,77,229105740
241030268,27432954,2180207,77,229364770
238764116,27132377,2158408,76,226906014
241288727,27406262,2179523,75,229370618
238887666,27149892,2158669,76,227148555
239207306,27201631,2162492,75,227325114
236306128,26869125,2136900,76,224798615
241285374,27456978,2181568,75,229315999
241302167,27450995,2180845,76,229286939
241020497,27408309,2179059,78,229040715
238724096,27147381,2158489,75,227010724
238875996,27174723,2159508,75,227104751
238272235,27074469,2154083,75,226543273
239186522,27161672,2161673,77,227374178
239082235,27167624,2161004,77,227232259
241120174,27405518,2180008,75,229179428
238770320,27152434,2158831,76,227051990
238711529,27155751,2158578,76,226914188
241169784,27432953,2180581,75,229276889
240809201,27390019,2177388,79,229046662
238796792,27164710,2159882,75,226986163
241047087,27429822,2179553,78,229256197
239920523,27285951,2168526,76,228157866
238139415,27029364,2151931,76,226412268
238731893,27128130,2157722,77,227071325
238829317,27143971,2159310,75,227022142
238566060,27119044,2156583,77,226817118
238919489,27168712,2160111,75,227029402
241258393,27450003,2180727,76,229336533
241152855,27445167,2180337,79,229279598
240349925,27330592,2172552,77,228456504
240823717,27383446,2176673,76,229005987
241182666,27427931,2180001,76,229247352
240287306,27266049,2170673,77,228417764
238864774,27144343,2158918,76,227048160
241209160,27409921,2179824,77,229427459
238455423,27135849,2156649,75,226505706
238810550,27161083,2158907,75,227067948
238815436,27155100,2159287,77,227074034
238696792,27150326,2157478,75,226934981
241248611,27434999,2179897,75,229409950
240769767,27378641,2175754,75,228882733
240103287,27296150,2170521,78,228407778
238120449,27014639,2150599,76,226382180
241177247,27387167,2177943,79,229292199
238699851,27131385,2156852,75,226882800
238723596,27133896,2157243,75,226915338
238918597,27167841,2159565,77,227172536
238919353,27169887,2159907,76,227131827
238854513,27154759,2158391,75,227046171
241267713,27430659,2180489,77,229368130
238748054,27158944,2158315,75,227033069
241247866,27407177,2180601,77,229389475
238033765,27034153,2150259,75,226361637
238738338,27143568,2157849,76,226973198
241085321,27414725,2178926,76,229231507
238639224,27142111,2156378,76,226905938
241132637,27424956,2179775,79,229200717
241131372,27430287,2180945,76,229162798
241063095,27426660,2179431,78,229288041
241144032,27413485,2178743,76,229384298
241019799,27410975,2179375,79,229173280
238939126,27162819,2159747,77,227226721
240467255,27315556,2173486,76,228638792
238770687,27123511,2157412,75,226951357
241031855,27411036,2178892,75,229180990
238455294,27114614,2155448,78,226734159
241075662,27420491,2179717,76,229093071
241012369,27421577,2179812,77,229088420
241158240,27429016,2180302,76,229262047
241125902,27431434,2180154,76,229382358
241116566,27429946,2179881,76,229187273
240968415,27409487,2177968,77,229125734
238292648,27053358,2153662,78,226631937
241184633,27411780,2180063,75,229447056
241076269,27413051,2179253,76,229014720
238625591,27144684,2158249,77,226916617
241196416,27437324,2181051,76,229291249
238737691,27164896,2159570,75,227031771
241214385,27437864,2180401,77,229203458
241144466,27433406,2180235,76,229336116
241001555,27428861,2179458,77,229093851
241188304,27435030,2180164,76,229343202
238259768,27030108,2152682,77,226571667
239034058,27159255,2159042,78,227249012
241261902,27422072,2180401,78,229301297
238713322,27141398,2157474,77,226884971
241291691,27434658,2181039,77,229491372
238720103,27156898,2158200,76,226971269
241065691,27424304,2179231,77,229101708
240980322,27404155,2178965,78,229079288
241057007,27433015,2179984,78,229086037
238848644,27157673,2159844,75,227055734
238407445,27053017,2153784,75,226658795
241018774,27403038,2179011,76,229244553
240879194,27404309,2178215,75,229088307
238586883,27131075,2156836,76,226796012
241148637,27427250,2180939,78,229356232
241041699,27424707,2179555,77,229022929
241295662,27441664,2181154,77,229308688
238744653,27152671,2157812,77,226882520
241041802,27426144,2179143,75,229267637
239066504,27194129,2161203,76,227203141
240139958,27289114,2170817,79,228303891
240853904,27351361,2176506,75,229099771
241102464,27414632,2179444,76,229050790
238762592,27149706,2158303,76,226961981
240845496,27405270,2177584,76,229073274
240921628,27411595,2178525,81,229143227
241032371,27435340,2180255,75,229186723
238739490,27164276,2158479,78,227071130
238785627,27152527,2159850,76,227087355
238732852,27167314,2158074,76,227002701
240105327,27263693,2170609,75,228218211
233190397,26799685,2132493,75,221410881
239163079,27234770,2164031,79,227457090
238371337,27161920,2156629,76,226567669
241051268,27463798,2180725,75,229161256
241094058,27467271,2182641,78,229068105
238696500,27191091,2161085,75,226987970
240822120,27437820,2180021,75,229017885
240794338,27417763,2179501,76,228836197
239165281,27244876,2165002,75,227471867
237976085,27061418,2152882,77,226229613
238808272,27195648,2161255,76,227062951
238850637,27211024,2162021,75,227047866
238759031,27206611,2160853,77,227116535
238749170,27212151,2160933,77,227086071
241344163,27502517,2184010,75,229357034
241167313,27482058,2182476,80,229383898
238690917,27185852,2159668,77,226913534
241283743,27496162,2183922,76,229447545
241195485,27481034,2183850,77,229286919
240364457,27357933,2175548,75,228516852
241173338,27457134,2182320,78,229315804
240942817,27439308,2180173,77,229252563
238543956,27161734,2158762,76,226834658
241056619,27466619,2180404,75,229164859
241232947,27481189,2183554,76,229282940
238916304,27232879,2162189,77,227193031
241221130,27496380,2183783,78,229350297
238767424,27230795,2162774,76,226965176
239050345,27241876,2164256,76,227464898
240381309,27350028,2176430,77,228651560
241057858,27452762,2180860,77,229109851
241084299,27468944,2182262,76,229128942
238758129,27201290,2160461,76,227020373
238782004,27216728,2161790,76,226989053
238794469,27222680,2161869,76,226940388
241262884,27498147,2183006,78,229470491
239538333,27268932,2167921,75,227818817
238814305,27211396,2162795,77,227118303
241207256,27499448,2184398,78,229315650
240320193,27328421,2174961,78,228567671
240974491,27429172,2180896,78,229100818
238696896,27187960,2159508,74,226917900
238736485,27209691,2160663,74,227071145
241142689,27482305,2181732,76,229211788
241225420,27453568,2182875,75,229217861
241088146,27466185,2183389,75,229278160
238918310,27241373,2163411,75,227028476
239246637,27255447,2165844,75,227501516
238824712,27234336,2162201,76,227152969
240430577,27327213,2175285,79,228551606
240946805,27420770,2180814,76,229054427
238525761,27172057,2158167,76,226734497
241279396,27489466,2182961,75,229289567
241085504,27448515,2180894,75,229235268
241104180,27475145,2181941,79,229115159
241018766,27452018,2180864,75,229115587
241216630,27460667,2182658,75,229390203
238591401,27138050,2158487,76,226889247
241052312,27474772,2181163,75,229198866
240341839,27359546,2175571,77,228580652
241184772,27465038,2182661,75,229162967
238598486,27179249,2159676,75,226682791
240957168,27427745,2179501,76,229114208
241157054,27468262,2182149,78,229326118
241206484,27465132,2182007,79,229333892
241175624,27477500,2183189,76,229360378
241074846,27448825,2180348,75,229297998
241119010,27460202,2181633,76,229171926
241166259,27487080,2182443,78,229280712
240117906,27307465,2173374,75,228389888
241071066,27456804,2181994,77,229124900
238322807,27171921,2158195,75,226599187
240983597,27454467,2182140,75,229160481
241235487,27492474,2183331,78,229361562
240999418,27466867,2181763,76,229172451
238815160,27203925,2161390,76,227110392
239067002,27237312,2163466,77,227365133
238690337,27178412,2160685,76,226860739
240960298,27484010,2181186,75,229245322
240161179,27318625,2173958,75,228324137
240880678,27430629,2178884,78,229074858
238595625,27189107,2158836,75,226738628
240927142,27441447,2180172,76,229160101
240825617,27438843,2179220,76,228884892
241003263,27465689,2181575,75,229308477
241164682,27480755,2182735,76,229529047
240967074,27439371,2180959,78,228995299
241115015,27457009,2181785,75,229184209
239312649,27253649,2165050,76,227545588
237954655,27055466,2153044,77,226193291
241033657,27438254,2180707,75,229151776
238657198,27170042,2159220,75,226891244
238913781,27196423,2161409,78,227136279
238738211,27172677,2159960,75,226849609
239234265,27252223,2165601,76,227432136
239112459,27249278,2164018,77,227432011
239047559,27225129,2163619,75,227316197
239042054,27212543,2162553,76,227214051
241160807,27489095,2183599,77,229254401
240469589,27369465,2177318,75,228616096
240940447,27444764,2180503,76,229092459
238466765,27172088,2157434,77,226823381
241199844,27475020,2183065,77,229422715
241210157,27481314,2181690,77,229361213
241256223,27475051,2182116,76,229336640
241103535,27486862,2181845,76,229029031
238892073,27223083,2161606,76,227063715
240905002,27436766,2180247,76,229067153
241046195,27482492,2181258,78,229082228
240479578,27352105,2176291,75,228765854
240954199,27442315,2180394,79,228990304
238396355,27151535,2157091,75,226776430
241092182,27457319,2181754,76,229192533
240957378,27441386,2180851,78,229004497
241119685,27453971,2180959,75,229415315
241227320,27492969,2183046,77,229370039
240829469,27437975,2178647,77,228785595
241190940,27447369,2181771,77,229302741
241139662,27475578,2181879,75,229276312
240367798,27372472,2175229,75,228534922
240876493,27431837,2179397,77,229004166
238500809,27163625,2157388,74,226760666
241000930,27442998,2180349,80,229148596
241051192,27447275,2180270,75,229243954
241192746,27471548,2181747,75,229469115
239112798,27226896,2163396,75,227460328
240672049,27405828,2176594,77,228803222
241201988,27472603,2182811,79,229215944
239632688,27284773,2167162,78,227825968
240538125,27352911,2176733,77,228574386
240748957,27414849,2179147,76,228954476
236284003,26920337,2138477,76,224799398
241186599,27486397,2183329,77,229381299
241219749,27498115,2183288,78,229429146
240295621,27371357,2175655,77,228410926
241138086,27480476,2182703,76,229284773
238866547,27208668,2161704,75,227042863
240996957,27431725,2180718,75,229083324
241159381,27476341,2183321,77,229222169
240328937,27316983,2175500,77,228465489
240957582,27452576,2180559,75,229173348
238545436,27174971,2158197,76,226911217
238847717,27209846,2161120,78,227170957
241162826,27468104,2182145,75,229311317
241129867,27443744,2181674,77,229356746
241026867,27461412,2181116,77,229156393
240970679,27435309,2179417,76,229023293
241306298,27469750,2181907,76,229498397
238961651,27211117,2162106,76,227241858
240406040,27324112,2175525,76,228513220
241114721,27453259,2180760,77,229363869
238215743,27124286,2154488,75,226333003
240821785,27407212,2177717,75,229010769
238762159,27184003,2159148,75,227026469
241073309,27451057,2179307,77,229277549
241320573,27465534,2183180,76,229335494
240964536,27435713,2178556,79,229005873
241245950,27484010,2182771,76,229391524
238730883,27184085,2158943,75,227081452
239093401,27172894,2163315,75,227288257
241251153,27471331,2182000,75,229310342
238706638,27179125,2159822,76,226935611
239186171,27236103,2163363,75,227326425
239117026,27239637,2163588,75,227229754
239186519,27227919,2163490,76,227472949
239005006,27210590,2161281,76,227265666
239263057,27235421,2164793,77,227437626
239103054,27232476,2162473,76,227328980
239150484,27202748,2162311,79,227283624
240456070,27333350,2174554,78,228617481
240902016,27421204,2178719,76,229069687
236496947,26927219,2139755,77,224896387
238750683,27176893,2159414,76,226973385
238863889,27192393,2160497,75,227077626
240980630,27440672,2180235,75,229103523
238807945,27178257,2160296,76,227165768
241272547,27462465,2182911,75,229395003
241090644,27453135,2180227,78,229137137
238760833,27174196,2159940,75,226923487
240429670,27332947,2176245,77,228449686
240850251,27403380,2177299,78,229178357
238716891,27083708,2159611,77,226960561
241150688,27433666,2180911,77,229392993
238933111,27202685,2160096,75,227308736
238785312,27200546,2159479,76,227148097
238988795,27226400,2161986,76,227248833
241196445,27458932,2182119,77,229401086
241319942,27482615,2181497,75,229545638
238843560,27206219,2159385,75,227136820
240526086,27341317,2176005,75,228729178
241303046,27449818,2181058,80,229455936
241201886,27464263,2181479,75,229395221
241258158,27475237,2181162,75,229410310
238710290,27170631,2158492,76,227032492
241193418,27451119,2179869,76,229287841
238876971,27199368,2160495,76,227111891
238925328,27200577,2159803,77,227140596
238841136,27178071,2158743,75,227164330
241151923,27452639,2180955,78,229222530
240338556,27313076,2173596,75,228601432
238713874,27158014,2157644,75,227143862
241062072,27439370,2179241,75,229132762
241388105,27473315,2182463,77,229412563
241116903,27454468,2180071,79,229253824
241085861,27439680,2180337,76,229317212
240661674,27415345,2177266,76,228665647
241294679,27469533,2182273,75,229314887
241190284,27471239,2180911,80,229404390
239560870,27261926,2166645,77,227857911
240410474,27356414,2175662,75,228622977
238550528,27157425,2158270,75,226843606
241161285,27464108,2182258,75,229241625
241215151,27449383,2182446,77,229491557
238949471,27201631,2161515,75,227293485
241227409,27477842,2181635,78,229425421
241026738,27449972,2180438,76,229107921
240899806,27418135,2178948,75,229102202
241136565,27465038,2181753,78,229206986
240930999,27436705,2179112,77,229145359
240490462,27353593,2176084,75,228675755
238544463,27182752,2157518,75,226725776
241202349,27464356,2182552,75,229440014
240938606,27431806,2179577,76,229046392
240983913,27433853,2179817,77,229044513
241110844,27465035,2180330,75,229298938
238776496,27195403,2159295,75,227052304
238936823,27198996,2160995,75,227072385
241218190,27487792,2181900,75,229340671
240552244,27380625,2175837,78,228817101
240303605,27310783,2172872,80,228429653
238275837,27107298,2155043,76,226560442
241118399,27439804,2179998,76,229327718
241225958,27477190,2181264,78,229335028
238784346,27215054,2160425,78,227169957
239719425,27297669,2168241,76,227862781
241143258,27457195,2181723,77,229341506
240524015,27382114,2175598,78,228677968
241207411,27479298,2182292,76,229376274
238875286,27223238,2161972,76,227173740
238184678,27091240,2154978,77,226566792
236451060,26908980,2138354,75,224719290
239347916,27237013,2164433,76,227624034
239078479,27227578,2163088,76,227393604
239254927,27261058,2164387,76,227482745
241006386,27441850,2180352,75,229208543
238475307,27156712,2157129,75,226762337
238788673,27196299,2161096,76,226981460
241116066,27474462,2180981,76,229365645
240086723,27327926,2172765,78,228241131
237923852,27064549,2153827,75,226127720
236952784,26966526,2143621,72,225253768
241308105,27488816,2183908,79,229401828
238749760,27188301,2160964,75,226975502
240974555,27457071,2180052,76,229151987
238753332,27209443,2161148,76,227023398
238732530,27195834,2160959,75,226952025
241173071,27454870,2182061,76,229171200
238749187,27179094,2160170,76,227015046
241114365,27458125,2181258,76,229271561
240268257,27343178,2174685,77,228491041
238481149,27137709,2157462,76,226750674
238904701,27200670,2161234,76,227263986
241180662,27472106,2182025,76,229137881
241200132,27460233,2183062,75,229390556
240999925,27457784,2180368,77,229125849
241054337,27464977,2181296,78,229279736
239024502,27192455,2163248,76,227290781
238872396,27227268,2161816,78,227095063
241186857,27488598,2183114,76,229327934
238384520,27142979,2157168,75,226765669
238719853,27164524,2161093,76,227037842
238961224,27218371,2162008,78,227206890
238801444,27193540,2159923,75,227036788
238803219,27201755,2161203,77,227094118
238755004,27195586,2160132,76,227070574
241099920,27466929,2181352,75,229124416
241080073,27445013,2180668,78,229141272
238902807,27220169,2161009,76,227172526
239050644,27228632,2162949,75,227282869
241325835,27489621,2184895,75,229422592
235667865,26803715,2131835,75,224033916
239043239,27235049,2162173,75,227406673
238671884,27193385,2159671,75,226920770
241207823,27461101,2182400,76,229236249
241248679,27484351,2182778,75,229395299
240869241,27440486,2180051,78,229123660
241257756,27480136,2183023,77,229319009
238749324,27167934,2160364,78,226807127
241221289,27492907,2183055,77,229354255
239205405,27233840,2164986,76,227487392
238113900,27101687,2154746,75,226400362
238823054,27207304,2161010,76,227197286
241175001,27454405,2182639,76,229424366
239047053,27207118,2162998,78,227249878
241144885,27457475,2182449,79,229154261
238836910,27215674,2162161,76,227048763
241053000,27440092,2181756,76,229224024
240981107,27447080,2181698,75,229128771
241267637,27471672,2184650,75,229425294
241185945,27479175,2184489,78,229387177
237723338,27029023,2151332,75,225885412
239800712,27298413,2170084,77,228042997
241134998,27456854,2182438,75,229362669
241124655,27446469,2182592,78,229079154
241104875,27456885,2182262,77,229173186
240916292,27427281,2180285,79,229102216
241193051,27471393,2184006,76,229255635
241151413,27460590,2183965,75,229232973
241064930,27433123,2182788,76,229284021
239323309,27242303,2165894,75,227824567
237736039,27010919,2150070,76,225978601
241209773,27466062,2182311,79,229203272
241125859,27456978,2181853,78,229063323
241132227,27454467,2182624,75,229241908
241067728,27455242,2181441,77,229267908
241190830,27463613,2183418,77,229296365
241102893,27452762,2182965,76,229214049
241053686,27447058,2181975,75,229112851
241046195,27441602,2181909,77,229096283
240857561,27439960,2181664,77,229069437
238043171,27051064,2153156,76,226279966
241137646,27438409,2181886,77,229224276
241057881,27442966,2181072,75,229165804
241033163,27449135,2182047,76,229115937
241138884,27455708,2183376,78,229272441
240703503,27391289,2177802,77,228911495
240910783,27394854,2181190,77,229103220
241025538,27431093,2181285,76,229210422
238725413,27152682,2160547,77,226856216
239851301,27330312,2171253,76,227953622
235859812,26816580,2134004,75,224317486
239051752,27212667,2163644,76,227200640
239159633,27240815,2165236,76,227333286
239177432,27222184,2163974,77,227447333
240306773,27370024,2174868,78,228512641
238725401,27184209,2161035,76,226964830
238884545,27189045,2162926,76,227130350
238920654,27210559,2163507,76,227224195
238804399,27177358,2161993,75,227238874
241152815,27475454,2182878,75,229329192
237749395,27046073,2151392,76,226206671
238773516,27183837,2160106,75,227013248
238796486,27203212,2160318,75,227011902
238886428,27188146,2161652,75,227071563
238999654,27217937,2163168,76,227160269
238916945,27194036,2163069,76,227050102
241233556,27475764,2183854,76,229383577
238854886,27209164,2161755,75,227235625
238845661,27193416,2163018,75,227162414
238894227,27203367,2162725,77,227162272
237875930,27060736,2153629,75,226293756
238834592,27177172,2159764,76,226955718
241142445,27464574,2182039,78,229390830
241280507,27471796,2183821,75,229467294
241234955,27465131,2182639,76,229342324
240938879,27430008,2180086,75,229080707
238782397,27199864,2161128,78,226970491
241156292,27460327,2183565,78,229189511
241131746,27467983,2183390,76,229167237
241033068,27459675,2182388,76,229272840
238026131,27068238,2154867,75,226316923
241221442,27459365,2182318,76,229467703
241012121,27455212,2181094,79,229264407
240965690,27431155,2181806,75,229139173
240886165,27431682,2179827,78,228914294
240957141,27406572,2180442,76,229251594
241114670,27452205,2182832,78,229331261
241238750,27460233,2184307,77,229422523
238850900,27195741,2163110,76,227102924
238010387,27116970,2155975,81,226361511
240290048,27309077,2174222,75,228563495
238947981,27194067,2161437,76,227242598
238754549,27189789,2161407,75,226936593
241177076,27471393,2183281,75,229338695
240871004,27427373,2180259,77,229137316
240947748,27434814,2180956,79,229191402
241222351,27488164,2184806,76,229378266
238708256,27183465,2160825,75,226957503
241174697,27449073,2183413,75,229356630
238684544,27183062,2161040,76,226820055
238041269,27052800,2154224,75,226178878
238994602,27210869,2162693,76,227248133
238976505,27219425,2162855,75,227310830
241086380,27455119,2182081,78,229258872
241084073,27463271,2182258,76,229204048
238713139,27188828,2161176,77,227044444
238864481,27221130,2162787,75,227048179
238748445,27174940,2160561,76,227024925
238978403,27213380,2163883,76,227222555
238712824,27184612,2161056,75,226906018
240072967,27300862,2173556,76,228233590
241100194,27446252,2181679,75,229237253
241156149,27456049,2183034,79,229306126
241204402,27487978,2182673,76,229384886
241273272,27489900,2184550,75,229325444
238712016,27174599,2160689,76,227045490
238955676,27215798,2163202,75,227053546
238976827,27217131,2164002,75,227180331
238946925,27199926,2162311,75,227198092
236483664,26929947,2140727,75,224818865
238158301,27080638,2156085,76,226484851
238940134,27178691,2161188,76,227284465
241309556,27484444,2183765,75,229602362
241154735,27465566,2182735,78,229372774
240775657,27402015,2179016,76,228985246
239817019,27288834,2170684,76,228064848
241140138,27476663,2182649,75,229295250
238939777,27191990,2162917,76,227362468
241202993,27459148,2183367,77,229330866
237172873,27005494,2146800,75,225540692
238038529,27071958,2154463,75,226254011
238713004,27166353,2161221,78,227025368
240965661,27446593,2181477,76,229027555
241094889,27453600,2181548,75,229302390
241119026,27470773,2183563,76,229343051
241184601,27469967,2184453,75,229291361
240984699,27464449,2182516,77,229140835
241204401,27487514,2184046,78,229270384
238870012,27201073,2163264,77,227041219
238708475,27203429,2160318,75,227015587
238183750,27088977,2155340,76,226498925
238952741,27209598,2163515,75,227138995
241194842,27477128,2183224,75,229341556
241021069,27461628,2182407,80,229172162
241089700,27462590,2182009,79,229232250
241050474,27454281,2182457,76,229344533
238738926,27178412,2161245,75,226950039
238749368,27199027,2161440,76,227094367
241069293,27456172,2182962,76,229198726
237260424,27025799,2149063,76,225682118
238093574,27077693,2154686,75,226337468
241192521,27449538,2182374,76,229189656
239002578,27197508,2163479,75,227315357
238876179,27189603,2161960,75,227100381
241274206,27475361,2183485,78,229408333
241181699,27479237,2183956,77,229341303
241010599,27441106,2182179,75,229173874
241020718,27432457,2181226,75,229244051
241030694,27433771,2181126,76,229074228
238348262,27141479,2157395,76,226656360
240064353,27307292,2172575,78,228407222
241111070,27447914,2182518,76,229302169
240892743,27405921,2179044,75,229039412
240970220,27415841,2181366,75,229134157
240996312,27428521,2180063,78,228940546
238829275,27189014,2161116,77,227076332
241045048,27450716,2182243,76,229121703
241087888,27439866,2181881,76,229251324
241256046,27468758,2183824,76,229422721
238774539,27204731,2161501,75,227079780
238067024,27051250,2154405,76,226400667
241113035,27442626,2181633,79,229312239
240973627,27415872,2180942,75,229080211
240882100,27421080,2180085,75,228956406
238729151,27186844,2160576,75,226894427
241193670,27433914,2183282,77,229363435
241175509,27464729,2182687,78,229286752
238756273,27185852,2161527,75,226971961
241179257,27440052,2183996,77,229368989
238752909,27193075,2161739,75,227009247
240108663,27310441,2174326,75,228288867
240855213,27402356,2179013,76,228943961
241146881,27459211,2183027,80,229415587
238775726,27183527,2161278,75,226946688
240913192,27425668,2180116,76,229045255
241061724,27450685,2182187,76,229301609
239768468,27292647,2169966,75,227946971
238756238,27196175,2161342,75,227123622
238718759,27173018,2160078,77,227091071
237091036,27003817,2145892,77,225495840
240478320,27335864,2177452,75,228729507
241140523,27451461,2182414,79,229151244
239040097,27223889,2163343,77,227196661
238950932,27212760,2161872,76,227171908
238871460,27208978,2161694,77,226993616
239119045,27239978,2164997,75,227341610
239058195,27243946,2163596,75,227248405
238776036,27201259,2161996,75,226912301
238867833,27196423,2162065,75,227093909
238065881,27062877,2156384,79,226416278
240314446,27360103,2177959,76,228490311
241132990,27438595,2182699,75,229397709
241054559,27467456,2181899,76,229186446
239006941,27201166,2163474,75,227187863
238486049,27155410,2158987,76,226727774
241158971,27449384,2183484,78,229240427
241247685,27458528,2182354,76,229414045
240555331,27385833,2177814,75,228710235
241192319,27475423,2184324,78,229347069
238211529,27133865,2157042,75,226593556
240531116,27381711,2177293,77,228826926
241210939,27482088,2183465,75,229349056
241184732,27471858,2182926,75,229263994
238979040,27196919,2162876,75,227114616
241163292,27470742,2183574,78,229176602
241111649,27464078,2182629,77,229321572
241233242,27468107,2184317,75,229304472
238795511,27188270,2161714,77,227017524
238782249,27186689,2161757,76,227045226
238542045,27180737,2160004,75,226768218
240512382,27358367,2177042,75,228709894
241226702,27451770,2183118,78,229356365
238930920,27199896,2161782,78,227065568
241224922,27471486,2183920,75,229364171
241121818,27461442,2181709,75,229262369
241192837,27469502,2182509,77,229413272
240900531,27439805,2181206,80,229105632
238773936,27175653,2160808,76,226955372
241171269,27483235,2183596,75,229384233
237265869,27022606,2148456,76,225587873
240195737,27337628,2174389,76,228422155
241128346,27429388,2181190,75,229091929
240996465,27431186,2180844,76,229143169
240891603,27413641,2180002,78,228919452
241081202,27442315,2182471,75,229257483
241117396,27447213,2182553,75,229277689
241128557,27450003,2182425,76,229319262
240989807,27431838,2181832,80,229252034
240973639,27438440,2181069,76,229045492
238516253,27152744,2157908,77,226881374
240063989,27285052,2173140,75,228312830
240935227,27408928,2179283,75,229050029
240947630,27419406,2180755,77,229273853
240979371,27445664,2181688,79,229047890
240830377,27402914,2178955,76,228909724
241072736,27452669,2182017,76,229175974
241106015,27448453,2181908,78,229256161
240985083,27422476,2181108,79,228979058
241169653,27463457,2184548,77,229282518
238434771,27158522,2158894,76,226658792
240356288,27325743,2176084,76,228444920
241018095,27435433,2181970,76,229203216
240930283,27426382,2179935,78,229043057
240841402,27416957,2179336,77,228893009
240949498,27408835,2179601,76,229193547
238774835,27176056,2161101,75,227154935
241299496,27479918,2183760,75,229315457
241213817,27453259,2184126,80,229225056
239006775,27226400,2164233,76,227245931
239001307,27234925,2164202,77,227275295
238383225,27112537,2158376,75,226656950
238900954,27195586,2161190,77,227079696
238970711,27217255,2162759,77,227212731
238656722,27171158,2159429,76,226832131
238685721,27169236,2159534,76,227008709
241339398,27495252,2184326,76,229383514
241037762,27440714,2182709,77,229131920
241187163,27447834,2183732,79,229363592
238544494,27170413,2159183,74,226819622
238964956,27193169,2162850,77,227284098
240425489,27368504,2177101,77,228570808
241313809,27464449,2183236,77,229577642
241299179,27456327,2183934,76,229319959
241133933,27450500,2183239,79,229265340
241107889,27455738,2182506,75,229372942
238704399,27155968,2159860,77,226989597
241191630,27463674,2183239,76,229320168
238983695,27184767,2162659,76,227327787
238503623,27153612,2159246,75,226793726
241023116,27457939,2182356,76,229265731
240251540,27314658,2174072,80,228273061
238890702,27195183,2161356,77,227133120
238759614,27179993,2161066,77,226925492
240826893,27426660,2178412,75,228936313
238746339,27174444,2161137,75,227084401
241275463,27482367,2184793,75,229315811
241259577,27475113,2183567,77,229272763
241190416,27459242,2183505,77,229225478
238531998,27172708,2160182,76,226707179
239728909,27302598,2171002,75,227951110
240255972,27340077,2174658,76,228546623
240959340,27423901,2180246,76,229124700
241052865,27461876,2182450,78,229199906
241148173,27453011,2181721,78,229359095
241097548,27456203,2182663,76,229273451
241127886,27454963,2181948,76,229119461
239425033,27276062,2167117,78,227639020
240937267,27430163,2180923,77,228901247
237027700,27001526,2145669,76,225195937
238798973,27189603,2161933,76,227043545
240374237,27365343,2175928,78,228703801
241080021,27442966,2181782,76,229181325
241109943,27443803,2181764,75,229214737
241255333,27481406,2184090,75,229466622
239034755,27221688,2163373,76,227255773
241119298,27449477,2181521,78,229182572
241033363,27435402,2181486,76,229108812
240977941,27442098,2181572,77,228946970
238837003,27200701,2162652,76,226966390
239577839,27283812,2169976,76,227885278
238087646,27095952,2155719,76,226367024
241128867,27435712,2181773,76,229209453
241124997,27435000,2181938,80,229090235
241143923,27437572,2182273,76,229190827
241082325,27416523,2183897,76,229155276
241169341,27478616,2184783,77,229324742
241020302,27480849,2184013,77,229103053
241133570,27453010,2184024,75,229396674
238701133,27183961,2161035,75,226998452
241058323,27454963,2182957,76,229146541
240320070,27362645,2176210,77,228460432
241119707,27432954,2182535,78,229151019
238738079,27193788,2160414,76,226952549
240882860,27414787,2179568,76,229128043
240955770,27430690,2181301,77,229164366
240846736,27413268,2178240,78,228971203
241172667,27454220,2183569,79,229353376
241199382,27463612,2183905,75,229309070
238508346,27152465,2159641,75,226849910
238885122,27188964,2163232,76,227074104
240350546,27350946,2176127,78,228449522
240912836,27398729,2180707,77,229047472
238799233,27197260,2160654,76,226963015
241057288,27464264,2182129,78,229202818
240884098,27418166,2180812,75,229166718
240939658,27444981,2181923,77,229214851
241087177,27461380,2182872,77,229258418
241120077,27451027,2183291,81,229376090
238317083,27136128,2156964,75,226569359
238741654,27192393,2161721,75,227051916
240216997,27339302,2173565,79,228358936
241061553,27389584,2181662,76,229170236
241027514,27439742,2181751,76,229222715
239771612,27298320,2169651,76,227936040
238838438,27184054,2160961,76,227016764
238894710,27207242,2163157,75,227070958
238831184,27189758,2161805,75,227071743
238746231,27186627,2160938,75,226982309
238822244,27196609,2161468,76,227153788
239637049,27288339,2168662,77,227918000
240439724,27381276,2176170,75,228622764
238774595,27107174,2157281,76,226840280
241227759,27431062,2179158,75,229319618
241142969,27425234,2179430,76,229304170
238742355,27174444,2160393,75,227110168
241028402,27426475,2180811,79,229191389
240969713,27437107,2181486,77,229038846
241227247,27454994,2183345,76,229431384
236257427,26874364,2137597,75,224522411
238772645,27191215,2160824,76,227048326
238847778,27202251,2161336,75,227087849
240522202,27362397,2176520,77,228770516
238979014,27216263,2161106,75,227133342
240839291,27411718,2179510,77,228883339
241142051,27447059,2182547,78,229267140
241074008,27438378,2180767,78,229277829
241150655,27446345,2182772,75,229475761
241210713,27463085,2183309,76,229265541
238402948,27148885,2157184,76,226680009
239655420,27309061,2169010,76,227843133
241200479,27454127,2182734,79,229312088
240316803,27286199,2170093,75,228347707
241208880,27403224,2177939,75,229178952
238752557,27171189,2159921,75,227087116
240876486,27405085,2178347,78,228993390
241085745,27462062,2182441,75,229315316
241251959,27463054,2183411,76,229405897
241113269,27443431,2182400,76,229263303
238694832,27161827,2158540,75,226936215
241213643,27469472,2182773,80,229241046
241101320,27454684,2182762,75,229291627
240364714,27314781,2174481,76,228385756
238777725,27201631,2161526,75,227029308
241182644,27452328,2183266,77,229165375
241064672,27436271,2181302,78,229250699
240989657,27445849,2181355,76,229220798
241188930,27442873,2181975,75,229185079
241169699,27443214,2182184,77,229216381
238270286,27127882,2156340,75,226720348
238832775,27200112,2161626,76,226996935
241253444,27477098,2183449,78,229497315
240390409,27292399,2170847,75,228348812
241175586,27417298,2177948,75,229147429
241022249,27414694,2181043,75,229163410
240952212,27421205,2179813,76,229130669
238834352,27186813,2162235,77,227118764
240970630,27445973,2180790,75,229081299
241180130,27451832,2182350,76,229364175
238611598,27134702,2157330,75,226973928
241263491,27472757,2183707,77,229420219
238766348,27192703,2160816,77,227130823
240179292,27299281,2173290,77,228453237
241043279,27432272,2180391,78,229309486
240830196,27385120,2179380,75,229085791
241262200,27454839,2183907,75,229449470
238797181,27182163,2160950,76,227025030
241067407,27419748,2182056,80,229224185
241266748,27460047,2183832,75,229378401
238614575,27173421,2160225,76,226919036
240435400,27371139,2176905,76,228659950
238789591,27200918,2162153,76,226955404
240231955,27273489,2169706,75,228332280
238807009,27164896,2157917,77,226815179
238744766,27164245,2161338,77,226825773
240953841,27435278,2180822,77,229135985
241007660,27441758,2181372,77,229243784
241112132,27445849,2182237,75,229221047
238800586,27200732,2162181,76,227052547
239919387,27294798,2171211,76,228329330
238887292,27209462,2163012,75,227100869
239107895,27221099,2164392,76,227245375
238288684,27082064,2156279,75,226617170
238954063,27190409,2161940,75,227254531
239056646,27206343,2163755,77,227153915
238996442,27198593,2163089,76,227133989
241160662,27455149,2183193,77,229330176
240506210,27379820,2177259,77,228630324
238640891,27179311,2160619,76,226998276
240024787,27329010,2173269,76,228197732
238786070,27187588,2162096,75,227011374
241224792,27461659,2183062,76,229389373
238023038,27021428,2150041,75,226371708
241281352,27467301,2183090,75,229318544
238800043,27147474,2157510,76,227074624
239704292,27270637,2169316,77,227798214
238899707,27215271,2161597,76,227193724
238837230,27178536,2161948,76,227028851
238676470,27178877,2159941,77,227043323
241117093,27427560,2181145,79,229168324
241140674,27453847,2181889,75,229320369
238962912,27228260,2162877,75,227157083
238097836,27071741,2155631,76,226410330
238591067,27163253,2159160,76,226899600
239127943,27211923,2163323,75,227307503
239297695,27244039,2165394,75,227446257
238981219,27186534,2162361,77,227234845
238931173,27188518,2162889,75,227227996
238836671,27192052,2161611,77,227085161
239077365,27221719,2164737,76,227414116
238828745,27213101,2162718,75,227074787
240070309,27364505,2175267,75,228318765
238389448,27104415,2157841,78,226622936
238802444,27152558,2157353,76,226869905
241178878,27429017,2179440,78,229272668
238807682,27191308,2160490,77,227016950
238821510,27202220,2162149,77,227094532
238864912,27192176,2162741,77,227124529
238907661,27218061,2162893,75,227227212
238963355,27193168,2162279,75,227210143
238846523,27207397,2162556,75,226989624
238653873,27188549,2161049,75,226923942
240550420,27364040,2177147,75,228817002
238728134,27162602,2159770,76,226965596
241302167,27454591,2183976,75,229477707
238777603,27191091,2161337,76,226927353
241242401,27471301,2182746,79,229472844
241288843,27470122,2184481,75,229400688
236405146,26918570,2140044,75,224722079
238995484,27221719,2163456,75,227134174
238781256,27181047,2161018,76,227076811
238877194,27204824,2163101,77,227138651
240302562,27309573,2174405,76,228492340
240767256,27370581,2176069,75,228753737
240930548,27382764,2177200,76,228909332
240909216,27394080,2178295,78,228944500
241044510,27434937,2182062,77,229190380
241126998,27442067,2182526,76,229173217
238426777,27154523,2158876,75,226685891
238757781,27166806,2159615,75,227062656
241195097,27454684,2182951,76,229061382
240991965,27439030,2180957,79,229105589
238116035,27071524,2154078,76,226472693
238615745,27160370,2158749,75,227050236
241075323,27423188,2180925,76,229110896
238804010,27176738,2160639,75,226973635
238871581,27165051,2159995,77,227098164
238824194,27161331,2162405,75,227187335
236469380,26928180,2140349,75,224778434
238853754,27198345,2162778,76,227167352
238739754,27181419,2161413,77,227076455
240780741,27424025,2179350,76,228968235
238030520,27082064,2154191,76,226435991
238732103,27143754,2156351,77,226806613
241287264,27417608,2180210,75,229282522
238910860,27178164,2161063,75,227048953
238803199,27189355,2160829,75,226947161
239083365,27213323,2164079,75,227268973
238918666,27203331,2162536,76,227198071
238871320,27181574,2161692,75,227131243
238776060,27187445,2161547,78,226909597
238707738,27180384,2161227,76,226797869
238169119,27066192,2155120,76,226380042
241190213,27455180,2181217,76,229316452
238797449,27186906,2160508,75,227229573
238769891,27166229,2159940,78,227149029
238852773,27200640,2161683,76,226991074
238840734,27175219,2162024,75,227084878
238856328,27210280,2163245,77,227123569
238947653,27209784,2163290,75,227119716
238764300,27185542,2161975,75,227000691
238947927,27232414,2163468,77,227133627
240375781,27341627,2176274,76,228466351
239129838,27179187,2160005,76,227305059
238704080,27151287,2157360,75,226676427
238902743,27166663,2159684,76,227055149
238717900,27169391,2159325,76,226916495
239002632,27177463,2163566,77,227240248
236386088,26937251,2140531,75,224725563
241301546,27471610,2183536,76,229468825
238932366,27237343,2163177,76,227253646
241269278,27495542,2184696,77,229447221
238387315,27118024,2159368,76,226733465
238733862,27192672,2160600,76,226901921
239072649,27208017,2163756,76,227327911
239247855,27230585,2164771,76,227480617
239194441,27225470,2166068,76,227481702
238935566,27184364,2162709,76,227285983
236455722,26937015,2140607,75,224827489
238925558,27221254,2163757,76,227296192
238807566,27199709,2162091,75,227030464
239763408,27324469,2171032,76,227827227
238163322,27095967,2156052,76,226394086
239047322,27161393,2159118,76,227052459
238911989,27162447,2158947,75,226989301
239107232,27219332,2163617,76,227341945
239003377,27200671,2162819,77,227102296
239061543,27199306,2162895,75,227314913
238913015,27215240,2163082,75,227280908
238925650,27192145,2161210,76,227146538
238939647,27216449,2163995,76,227340297
238662804,27171325,2159933,76,227040477
238285647,27119872,2157403,76,226586826
239073483,27207893,2163484,75,227308933
239161417,27233902,2164859,76,227409352
238891571,27197725,2161807,76,227270925
239064997,27234088,2163754,75,227264017
238754588,27182907,2161580,75,227002938
238737178,27190254,2161594,77,227066376
238998858,27227175,2163814,76,227131453
240990932,27467704,2182283,75,229143901
239421116,27291655,2168282,77,227546513
240337308,27277023,2177756,79,228489058
241128215,27404155,2178913,77,229072705
240980205,27399628,2177115,75,228992564
238859666,27188368,2160910,75,227032761
241142151,27453408,2182913,75,229260147
241037283,27430752,2182193,76,229233352
238462239,27164028,2158753,76,226716730
241068458,27454034,2181403,79,229152776
241138729,27468231,2183228,75,229300069
241036796,27447709,2181950,76,229310852
238036679,27087551,2154249,75,226368831
238555910,27116474,2158086,75,226909081
238961645,27173390,2161254,77,227142631
239102220,27205258,2163158,79,227436827
238964645,27206560,2163825,76,227125566
238824355,27162571,2162126,76,227033928
238718483,27161021,2161324,76,226986942
238934943,27205041,2163248,78,227138451
241156619,27474583,2183629,77,229418321
239261843,27247608,2166251,79,227485105
239137786,27210931,2165003,76,227507422
238312801,27081940,2153572,75,226388819
238763845,27127975,2157208,76,226914645
239098538,27190781,2161649,76,227347255
239412140,27245620,2166763,76,227639115
239141980,27218526,2164887,76,227508308
236376917,26917454,2137841,76,224611288
238901516,27196051,2162794,75,227084585
241275622,27464303,2183091,75,229328445
239136807,27226546,2165807,76,227277127
239026552,27216294,2164078,76,227191882
238052167,27051591,2153572,78,226458866
238940174,27197973,2162062,76,227104197
238974920,27213814,2163259,75,227093131
239074413,27227919,2164659,76,227337633
238850194,27186596,2161259,78,227035018
236386871,26934411,2140844,77,224649716
241326837,27490024,2184686,75,229501367
241276522,27470463,2183992,76,229410320
238964871,27206839,2164006,75,227205389
238948628,27209877,2163469,76,227125147
238169587,27050630,2151306,75,226344722
238972283,27175870,2158706,76,227098859
239185212,27213349,2162794,77,227334310
238858257,27191928,2161516,76,227205290
238862626,27182628,2161347,75,227026362
238835594,27185686,2161532,77,227117054
238822525,27204897,2161266,76,227090738
238836100,27166260,2159364,76,227055130
241202142,27488723,2183037,78,229162319
238971567,27202778,2162626,75,227261827
237744598,27034014,2150747,75,226048094
238923307,27192207,2162269,75,227155291
238898700,27162509,2160959,77,226984752
239268266,27245899,2165268,75,227466219
238817656,27162707,2161401,76,226941713
236455951,26931361,2140024,77,224843966
239018478,27209474,2162555,76,227226671
238949834,27204235,2161929,76,227192952
239864117,27300459,2169585,75,228214529
238873136,27218588,2162598,75,226991781
238467649,27095332,2155015,76,226655042
239198811,27224261,2164531,75,227340703
239185764,27189479,2161039,75,227319165
239063263,27230058,2163867,75,227285235
239460630,27260500,2168077,77,227660384
238880613,27199213,2163578,75,227182242
238801418,27190099,2161692,75,227026239
238765620,27194997,2160721,76,227030628
239366474,27247294,2166537,75,227702658
239072011,27240133,2164855,75,227356339
238216426,27082591,2155562,75,226502199
238946545,27177110,2162194,76,227126968
238941659,27184116,2161988,76,227252301
238858745,27201569,2161982,77,227090578
238847204,27186224,2161633,76,227065144
238865403,27193478,2162121,76,227144112
238805433,27205165,2162168,76,227121131
225571098,25851937,2021219,95,212199521
3061569,783539,2682,15,50846
0,0,0,0,0
0,0,0,0,0
0,0,0,0,0
0,0,0,0,0
0,0,0,0,0
0,0,0,0,0
