cycles,instructions,dtlb_load_misses.walk_completed,dtlb_store_misses.walk_completed,ept_walk_cycles
37720654,8962591,50095,96705,2677784
49088091,30780,61550,156000,3637166
49028678,30726,61446,155752,3647103
49031553,30696,61371,155577,3679270
49002358,30738,61465,155167,3648952
48820901,30644,61278,155332,3625161
48905072,30788,61564,156232,3620883
48840988,30699,61388,155849,3688269
48810797,30717,61419,155587,3678198
48318038,30387,60766,153608,3713322
48778007,30707,61411,155253,3642598
48706995,30646,61279,155205,3634368
48780866,30727,61444,154981,3646547
48599072,30586,61166,155259,3606092
48790824,30727,61427,155325,3634726
48836022,30751,61496,155805,3663105
48757246,30707,61400,155525,3622317
48894245,30800,61586,155718,3649387
48837097,30754,61490,155787,3645121
48388918,30422,60840,155172,3640488
53101392,32735,65498,196924,2791104
52965422,32644,65312,196348,2793448
52864290,32575,65181,195989,2810260
52917410,32589,65198,195819,2851347
52704023,32472,64966,194977,2813161
52496908,32324,64670,194368,2809687
52335611,32247,64522,193482,2764333
52736075,32500,65042,195537,2772677
52218429,32194,64406,193607,2745425
53029294,32682,65392,196496,2787007
53068421,32718,65460,196816,2791877
53116106,32720,65465,196805,2814951
53091315,32705,65442,195620,2836758
52966369,32623,65276,196218,2779706
52647508,32367,64761,194485,2777001
51538480,31670,63355,190772,2703571
51751453,31822,63672,191478,2715810
51784693,31834,63694,191732,2716617
52700169,32307,64642,194445,3070711
53160504,32697,65400,196836,2786426
53210487,32732,65492,197073,2791741
53165074,32694,65422,196781,2805491
52597574,32343,64715,194816,2757579
53138219,32684,65399,196736,2788789
53059561,32629,65288,196522,2784737
52997317,32570,65164,196017,2798843
52442783,32259,64534,194122,2755348
52582004,32351,64733,194674,2759278
52714972,32295,64616,194308,3133971
53129906,32680,65391,196891,2790536
52603997,32351,64737,194738,2764649
53158385,32683,65389,196932,2791762
53112600,32669,65374,196587,2787002
53135789,32677,65385,196728,2788876
53158847,32697,65426,196775,2788555
52622505,32373,64769,194870,2762601
52473818,32291,64609,194426,2754402
53250333,32757,65540,197166,2809402
52625160,32382,64793,194930,2763438
52598054,32348,64728,194684,2756983
53167368,32647,65322,196619,2784366
53168751,32690,65408,196793,2799998
52552262,32317,64668,194697,2758240
52673388,32404,64838,195010,2763301
52658329,32331,64690,194623,2757011
37017828,22704,45424,136630,1977265
936681,539,1083,3299,69788
3477001,2040,4089,12238,251470
5824179,3417,6842,20468,422511
5749423,3369,6752,20276,430166
38624106,6011401,488262,16416,30655229
240796829,46533627,2975998,77,218449738
240885077,47245308,2983135,77,217102498
240915192,47287307,2985858,77,217169465
240866009,47224810,2980271,76,217318137
241304730,47320290,2989986,77,217604039
240948017,47232064,2980239,76,217324850
240830210,47254230,2983408,81,217098859
237670515,46472377,2938130,74,214309950
240557721,47100160,2976079,78,216731344
241226482,47246913,2982250,76,217569936
241114686,47282346,2983525,77,217449169
241218511,47250881,2983363,77,217479572
241065497,47188045,2982858,80,217231951
241107200,47179767,2983592,76,217340113
241442720,47369828,2990291,76,217619839
241025002,47249734,2982164,76,217217087
240882668,47212938,2978844,79,217273827
238355464,46579638,2947671,78,214781096
241017622,47218114,2980207,76,217290423
241032161,47238481,2980696,75,217401016
241439659,47323018,2987297,77,217611735
241018052,47231383,2982936,79,217247553
241115668,47246479,2984502,76,217398333
241403773,47288422,2986801,78,217695576
240990675,47231196,2981324,78,217305745
241038220,47240094,2981616,80,217436616
241255319,47272426,2984108,76,217452528
237847645,46495721,2941158,76,214444206
240978687,47189935,2980311,75,217301227
240822774,47188602,2977822,75,217014436
240962123,47234606,2980736,80,217169452
241067568,47274380,2982368,81,217519147
240953611,47221369,2983648,75,217198245
240948683,47250974,2982223,80,217242312
241063352,47282625,2986174,76,217342815
241008625,47230825,2981281,81,217279299
241227776,47255004,2984626,78,217500309
237954073,46509547,2943842,76,214724259
241028224,47229484,2981909,76,217267678
241309613,47291777,2990963,76,217504461
240697162,47176326,2980553,79,216835954
240856866,47256989,2982419,79,217188117
241015902,47255686,2982885,76,217423188
240833465,47209713,2979266,75,217080696
238939547,46809162,2956588,78,215486884
240972610,47229956,2982205,76,217175510
241005395,47233150,2981897,81,217331228
237902441,46543922,2943102,75,214262207
241087332,47182747,2982504,80,217269429
241019316,47226887,2980883,77,217432030
240839793,47235660,2980887,77,217066606
240997162,47232219,2980302,78,217186861
241222618,47174281,2986881,81,217506912
240879533,47259437,2981493,78,217080319
240877457,47181360,2980227,77,217068535
241000001,47193457,2981006,76,217163122
240834324,47192602,2978758,80,217056682
238190198,46561440,2946532,73,214728711
241022667,47232127,2981178,77,217290985
240883453,47237241,2979956,77,217146951
240986375,47246169,2984478,77,217303147
240925544,47216533,2983129,78,217199507
241223492,47277449,2985294,79,217508727
240994807,47242883,2980203,77,217257866
240908100,47212038,2979641,77,217215777
240929674,47270504,2983139,79,217188855
240964638,47223881,2980788,80,217426732
238153601,46539740,2944956,76,214800443
240893488,47160657,2979454,79,217091079
240748380,47178294,2977049,77,216929772
240899883,47195670,2978945,77,217343941
240921436,47200816,2979290,77,217302795
228673478,45583671,2882185,78,205862323
241006964,47371037,2993906,75,217120103
240936998,47423675,2988257,77,217083284
240820369,47413011,2990412,77,217005576
240925837,47419181,2989553,77,217197475
218502188,43932547,2777329,75,196480789
241096272,47238916,2982215,78,217325989
240918317,47285229,2984937,76,217106968
241120997,47227166,2983591,78,217399996
240927087,47204474,2980951,78,217242628
240923991,47142878,2981682,83,217205898
240972448,47267342,2982957,77,217305129
241016183,47238946,2983884,80,217377978
241320610,47370386,2989241,77,217682206
240979163,47250138,2981439,78,217280735
237850589,46438618,2945102,75,214256177
241375158,47251223,2986371,79,217671548
241050486,47258321,2985107,77,217257495
240854820,47218548,2980444,76,217246221
240796774,47192105,2978949,78,217140811
241004418,47157510,2981742,79,217296811
241337767,47311548,2986262,78,217571580
240979732,47246076,2980892,75,217238958
241005109,47216409,2979828,78,217270528
241332654,47276271,2985397,81,217502394
240278569,46995868,2971550,77,216700306
241044104,47256468,2979464,78,217235574
240991039,47247347,2981779,77,217282577
241075501,47207233,2981198,79,217395555
241064142,47219014,2983673,78,217269980
240769820,47178930,2978768,76,217243828
240990857,47231909,2981815,76,217323712
240896022,47190338,2980600,81,217162744
241056362,47258043,2980227,79,217343991
238444113,46728438,2950062,75,215011986
240421145,47018877,2973689,76,216633141
240829008,47156455,2977453,75,217226685
241341362,47272953,2982374,77,217626167
240893075,47205621,2978950,80,217061057
241015684,47185782,2982026,80,217291013
241210160,47201436,2984265,77,217465322
240948823,47182092,2980198,77,217364779
241002180,47226732,2980497,77,217454890
241185008,47247813,2980967,79,217611114
238423598,46703855,2948919,77,214868384
240461281,47006811,2973752,75,216734728
241396983,47292521,2984902,77,217663881
241016023,47222919,2980880,76,217168995
240961799,47228710,2980467,79,217206564
241065840,47267132,2982154,75,217389352
241278759,47314648,2984678,77,217603474
241028829,47230297,2982004,79,217250109
240880293,47206676,2978300,78,217277438
238936203,46784889,2954692,77,215208330
238432145,46693655,2948006,75,214983811
240356880,46994109,2972321,79,216691289
238874486,46791399,2954779,77,215396711
241189047,47293723,2982730,76,217315500
241076866,47228747,2980971,80,217393602
241295766,47243007,2983667,78,217582346
241115287,47229833,2984052,79,217362034
241055375,47236187,2981766,78,217359560
238936851,46825840,2955338,77,215323609
241106502,47279122,2981970,75,217385099
238503001,46739815,2950501,76,215069747
240832046,47101430,2979497,78,217111618
241024822,47146350,2981094,79,217288616
241151049,47272271,2982734,76,217388919
241288371,47257515,2984855,77,217648187
241118783,47203203,2982680,78,217489087
240966705,47180450,2980936,82,217218509
238978290,46841371,2955035,77,215538572
241009600,47249300,2982261,78,217282952
240936400,47210116,2979966,78,217254745
238344092,46713930,2949047,78,215033842
240381483,46982204,2972100,76,216683293
241101173,47184665,2983212,79,217414679
240926105,47209683,2978652,80,217332902
240804147,47183456,2978497,76,217345964
240976196,47243131,2980987,77,217234952
240751027,47104189,2979650,79,217060208
241269273,47299335,2984754,79,217641022
240890907,47208380,2978927,77,217129515
240953464,47236466,2979960,75,217313473
238322373,46660052,2946821,76,214941334
240332420,46991659,2971492,75,216668264
241426381,47302031,2984328,77,217753089
240940052,47180729,2978872,79,217227357
240850595,47170057,2977564,77,217254410
241029406,47220384,2982807,77,217421952
240825689,47216378,2979850,75,217159315
238805937,46773109,2953412,76,215421093
241021744,47251005,2981413,77,217311660
240971657,47226237,2982755,78,217385415
238793235,46816912,2953975,75,215336500
240349102,47011716,2972833,76,216746355
241025165,47228654,2981037,77,217383151
240824167,47205125,2977728,77,217188901
240928854,47210277,2978041,81,217331800
241257046,47287890,2984172,80,217470896
240888458,47106359,2982949,77,217259826
241061229,47218796,2981532,75,217306715
241067344,47213092,2980818,78,217389043
240902915,47204134,2980313,81,217273827
238577445,46774783,2952036,81,215032538
240314012,47013979,2972261,77,216731440
241023625,47251470,2981187,75,217344811
240972209,47223415,2978903,76,217316674
240755248,47118233,2976235,81,217080133
240684238,47147465,2977077,77,216939720
240913252,47203792,2979274,77,217258538
241361720,47271248,2983162,78,217610742
240893195,47207419,2980749,76,217145408
240865986,47204041,2978314,78,217174112
238367912,46672080,2947689,80,215002084
240335330,47005764,2972136,76,216687044
240734717,47143218,2977274,77,217003464
241046106,47108374,2982751,75,217194501
241068065,47216006,2981760,78,217457201
240951587,47188107,2980295,78,217313243
240889990,47160485,2982070,76,217129281
240922896,47213216,2980129,77,217183595
240849718,47163833,2978402,78,217100702
241252095,47288795,2982599,78,217512941
238423778,46293911,2953034,77,214693333
240327538,46985924,2971064,78,216825395
241012376,47211325,2980369,76,217328607
240734769,47157540,2977550,79,216996943
241231757,47254830,2983220,81,217492441
239525412,46907700,2962745,78,215958597
240898289,47189439,2980241,77,217218200
241125173,47230204,2982126,75,217342807
241327094,47273046,2983555,75,217608259
240840436,47180697,2977700,77,217034130
238487882,46708040,2950233,78,215045994
240741522,47079328,2977613,78,217133379
241128065,47199333,2983145,77,217432350
240947847,47198827,2979921,77,217246488
241342808,47301814,2983187,76,217567524
240911900,47181659,2977714,78,217347788
240974063,47162624,2983735,80,217367159
241077746,47234079,2980949,76,217427791
240952603,47203916,2981657,77,217291961
241020472,47227167,2980015,77,217294967
238367409,46680822,2947778,77,215066151
240316269,47016530,2971729,75,216681636
240780848,47154555,2977024,77,217048095
240970328,47205156,2979635,77,217180507
241142255,47273108,2982017,78,217427333
240866733,47193129,2980499,79,217112819
240986584,47216719,2979907,76,217251513
240879376,47166313,2980622,77,217190395
240839758,47211976,2980026,75,217096075
241173023,47265452,2982878,80,217418739
240977999,47230762,2980290,77,217177682
240085385,46935890,2969163,77,216527690
240946903,47139591,2980225,76,217182375
240881052,47187083,2979735,78,217205036
241174642,47216689,2982595,78,217293783
240893996,47165879,2978237,78,217078084
240807208,47144117,2980750,79,217029688
240933791,47181348,2978978,76,217155931
240846195,47174560,2978191,82,217279802
238719569,46782161,2952858,78,215366685
240829145,47178775,2980352,78,217109694
240265632,47014878,2972944,77,216606854
240779107,47177690,2977863,75,217118838
240966290,47198863,2979403,78,217313612
241276336,47269420,2985373,78,217392125
240938757,47205807,2980281,77,217238263
241045701,47131500,2982280,77,217342052
240940404,47196941,2979078,76,217335273
240949550,47180109,2979724,85,217202430
238648441,46733956,2952335,75,215265448
240911079,47178961,2979273,77,217138486
240338759,46994635,2972774,76,216635229
241386937,47280207,2985811,77,217498297
240951818,47178155,2980330,78,217162684
241125729,47233553,2982138,78,217420486
238713510,46760802,2954526,77,215310008
240753545,47142846,2980054,77,217053029
240952086,47227724,2980097,76,217154766
240829593,47189160,2979388,79,217014850
238349287,46690246,2947992,76,215055906
241210208,47257237,2984027,82,217625104
240286020,46988838,2971242,76,216638024
241073770,47248556,2979455,77,217351574
238892983,46815920,2955147,76,215332779
241159210,47244805,2981042,79,217350518
240887137,47196414,2979238,78,217288829
241320826,47281975,2985375,79,217740168
241078348,47186432,2980740,78,217386620
241088035,47259685,2980942,76,217490852
238849312,46826832,2954098,76,215316724
241074302,47249889,2983269,78,217409314
238533983,46600564,2951740,80,215157457
241039571,47199731,2981250,78,217226846
241199939,47191764,2982387,76,217397936
241002207,47185998,2978336,77,217183283
241011362,47140118,2983170,78,217169324
240462080,47032580,2976205,79,216757944
241083158,47197995,2981307,78,217306685
241370095,47329125,2986382,75,217668321
238498925,46721215,2949833,76,214996598
240940943,47194802,2978860,78,217241303
240759780,47065812,2977839,82,217102020
240851724,47177101,2976653,79,217096519
240913227,47183786,2979630,78,217380001
238905941,46794789,2953640,78,215481093
240958227,47225086,2981704,77,217407473
240817489,47181599,2977829,78,217248023
238897210,46844626,2956419,77,215278673
241069110,47232654,2981011,79,217429196
238267001,46680202,2947227,77,214861952
241351434,47301194,2985531,76,217535246
240445432,47025728,2974581,76,216899808
240901839,46967975,2981081,77,217049287
241229380,47145637,2980696,78,217456292
240972916,47180666,2977897,76,217297318
240796844,47175179,2976132,78,217124471
240869064,47129237,2978749,78,217113857
240989362,47179613,2981769,78,217363731
241275028,47262599,2984517,76,217598746
238461145,46748154,2949778,77,215026763
240826760,47199111,2977327,76,217140428
240252694,47006198,2970348,75,216709990
241019130,47223787,2981417,78,217361538
241025244,47208660,2980317,80,217358644
241120512,47233893,2982402,79,217453355
240792688,47158532,2977245,79,217101832
241281111,47237985,2983902,76,217494087
241139888,47223416,2980998,80,217431369
240942159,47191392,2980651,77,217157807
238907213,46827452,2956380,76,215344728
241000860,47212441,2980628,78,217213594
240141471,46933658,2969125,77,216480898
241236788,47229027,2984371,76,217493778
240829723,47143900,2979230,79,217073635
240711745,47202087,2980630,76,216973527
240998953,47239628,2983241,78,217330583
240827384,47084163,2979868,78,216988871
241023634,47204460,2981465,78,217320955
240838518,47212115,2980010,76,217048016
238260574,46692075,2946314,75,214758908
240913192,47216378,2980138,78,217128417
240316705,46982421,2972906,76,216519516
241109831,47245084,2979845,78,217340419
241252911,47271807,2984074,79,217494851
240757205,47170622,2976715,79,217119011
241019446,47224252,2981618,75,217338397
238919086,46793042,2956019,77,215454336
240990307,47245735,2981151,76,217108334
241058159,47221308,2983138,77,217426636
238805442,46797971,2953466,75,215355129
240883541,47169847,2979420,76,217193968
240535110,47040453,2974342,77,216850683
238861192,46810340,2954318,77,215222176
241010747,47169630,2980138,76,217294463
240953432,47201344,2980180,79,217175701
238806526,46801908,2954373,77,215321704
240906674,47191175,2981938,78,217227033
240912551,47212503,2979520,77,217260614
240903491,47234823,2980163,75,217170130
238410012,46728593,2949858,76,214867271
241180741,47284330,2982193,77,217491981
240261484,46988901,2970513,78,216643482
241011785,47183549,2979186,75,217283906
240877219,47188075,2979683,78,217084487
240898814,47188106,2981063,77,217074169
241257423,47281324,2984723,79,217535667
241119747,47203606,2981304,77,217311059
241004790,47258476,2979452,77,217318216
241335045,47262351,2984790,76,217540932
238344179,46743194,2945664,75,214987189
240677515,47200413,2974557,79,216969464
240300818,47032580,2970529,79,216633542
240991384,47203234,2979450,78,217198614
241169448,47213433,2981626,79,217394544
240960992,47189222,2979588,77,217287079
240801894,47151868,2977329,82,217154845
240898661,47152983,2982545,76,217151306
240932248,47175520,2979211,76,217228631
241194452,47267993,2983456,75,217489906
238295580,46702584,2947772,75,214755011
240753631,47168080,2978122,80,217085319
240292482,46968069,2971115,80,216625638
240807105,47184541,2976534,75,217238308
240984759,47205745,2979611,78,217267239
240905205,47118356,2982356,77,216968768
241054904,47193377,2984599,82,217246879
240877584,47180635,2978768,78,217060739
240963845,47210767,2980224,77,217268364
238266770,46709032,2946687,77,214961681
240803936,47178527,2979503,76,216967406
240871703,47206024,2978270,78,217239247
240282256,47007222,2971454,80,216610168
241137934,47223973,2981644,76,217561659
240947325,46375751,2997524,84,216858391
240909983,46630044,2991701,76,216857060
241127023,47214239,2983026,79,217563156
241044362,47131501,2981437,77,217288891
240948166,47201932,2979560,76,217227523
238246328,46720967,2946257,77,214857119
240945803,47219695,2979105,77,217322547
240971289,47212574,2979524,76,217305684
240364026,46996332,2974283,79,216742172
241221559,47265668,2982336,77,217431610
240910493,47185347,2978615,77,217239799
241010354,47194430,2981892,77,217224469
239077216,46872216,2960854,78,215587355
240893610,47172545,2979954,79,217277180
240943078,47212131,2980281,75,217118913
238763906,46756059,2954697,76,215396056
240938443,47159989,2981013,77,217117589
240663949,47162686,2976876,79,217027877
240339771,46969277,2972320,77,216708509
241079680,47209559,2983005,80,217562733
241029674,47171552,2980711,76,217330100
240924049,47171366,2979553,77,217260973
240991552,47210395,2980140,79,217373023
240838740,47130323,2979810,79,217131382
240958586,47195732,2980116,76,217262204
238757730,46644045,2956004,77,215128704
240860825,47142454,2978634,77,217217204
240753331,46894009,2983324,81,216870391
240313743,46982700,2973980,78,216702672
241058399,47215728,2980936,78,217324399
241337144,47252431,2984946,77,217532712
240717773,47110909,2975667,78,216995185
240883859,47220043,2982160,76,217324951
240840748,47202894,2977439,79,217180864
240851708,47186215,2979206,77,217100013
238711290,46784393,2952277,76,215245109
240906936,47218238,2980032,76,217295806
240773158,47168917,2977657,77,217286504
240338621,46966704,2972283,81,216623532
240919402,47146939,2980707,77,217309833
241250619,47208442,2984185,77,217551600
240872457,47198305,2980760,77,217125731
240798773,47137111,2979080,77,216990062
240636692,47103662,2977189,76,216866361
240585249,47115939,2975569,78,216805572
238500138,46751347,2949955,77,214946568
241046640,47252028,2980995,77,217200053
238833508,46799490,2954455,77,215336098
240447319,47009453,2975634,77,216772951
241068561,47185502,2982486,79,217404498
238872686,46785633,2952884,76,215323209
240962098,47218921,2980406,82,217287073
240916332,47130539,2979178,77,217150797
238906093,46779650,2954920,76,215389465
241043582,47216626,2981802,79,217411476
238441385,46703080,2948574,80,215034630
241286253,47286159,2983515,78,217515958
240764530,47141048,2977131,78,217148986
240058962,46949345,2969975,79,216437526
241252511,47189625,2985547,77,217474886
241044931,47183270,2981573,75,217325125
241036068,47229181,2982156,81,217199652
240925939,47194679,2980968,78,217375742
241021648,47195825,2981855,75,217248476
241382503,47268985,2986803,79,217578322
238406573,46722269,2950143,76,215078139
241026489,47228065,2981190,76,217312193
241231760,47246976,2983731,80,217530530
240427847,46995255,2973847,77,216721201
241103873,47207698,2981286,76,217407237
241385994,47273511,2985145,75,217524729
240899512,47199081,2979254,78,217307011
241085295,47208504,2980946,76,217367284
238817721,46822864,2952647,76,215304734
240968960,47272085,2979197,76,217340340
238388202,46724532,2948395,75,214927525
241343965,47323762,2984320,76,217613669
241007367,47240992,2977209,77,217265885
240404697,46905170,2972900,78,216609132
241279839,47248277,2982128,75,217527285
240955489,47230111,2979115,76,217359573
241051310,47240434,2981891,79,217288508
241284409,47320229,2982294,78,217642604
240909172,47187331,2979064,78,217238284
241009463,47271992,2981099,76,217237586
238763727,46820012,2952064,77,215275656
240938104,47271558,2977959,77,217242497
240947614,47243225,2979802,80,217261973
240682210,47103786,2973933,78,216984751
240831251,47196631,2976967,78,217180417
241000409,47282036,2978593,76,217346927
221069417,44449784,2806378,83,199004683
240812248,47202754,2981134,78,216981042
241093811,47325606,2982890,78,217262157
241000577,47308696,2983614,76,217393104
238465697,46808728,2951897,75,214824367
241009395,47332752,2984002,77,217312700
240960793,47300854,2980811,77,217231933
240409227,47087976,2974760,75,216721299
241134809,47297598,2985878,75,217400120
239180899,46874417,2961356,76,215630401
240886541,47186959,2986832,77,217291135
238810591,46820722,2958442,77,215410203
241097509,47241523,2987288,79,217338851
241107139,47308727,2986495,76,217324608
238643396,46813843,2955109,75,215167923
241083738,47296079,2985228,77,217399906
240958201,47300109,2984860,76,217250219
240727197,47149264,2981112,78,217179521
241098320,47261700,2986688,76,217416924
240945707,47258972,2984321,76,217254649
241234530,47314617,2986594,77,217543628
240815718,47219075,2982584,79,217101366
241197068,47320756,2988860,78,217355681
238796835,46858018,2957812,75,215446120
238658650,46819981,2955649,76,215254542
240838515,47314369,2981570,76,217331789
238768675,46891808,2955145,77,215472695
240287951,47100159,2974883,75,216599346
240981833,47278006,2981714,77,217289396
238882026,46864683,2957139,76,215475280
240752013,47278689,2980449,79,217115672
240912161,47313191,2980292,78,217456145
241349771,47354204,2987810,75,217827913
238335811,46625952,2953558,77,214776879
240960012,47275092,2983900,75,217333280
241144070,47364590,2983719,79,217309939
240974071,47337061,2983161,79,217294158
240455860,47119999,2977677,76,216853133
238956096,46882756,2959803,75,215515655
241203081,47209248,2987561,75,217508870
240985908,47213805,2984358,79,217190418
240850298,47133857,2984487,79,216994158
240829876,47197065,2984423,77,217175911
238341422,46681597,2952696,76,215019998
240862621,47189532,2982971,76,217216404
240669414,47186122,2981843,76,217046068
241225040,47282688,2989615,81,217423148
240330837,47013669,2975783,75,216709178
240938877,47163461,2985817,77,217135195
241282093,47219540,2989105,76,217604911
240757497,47198336,2980938,78,217100884
240579325,47166593,2979633,77,216945585
241263167,47218486,2989039,76,217384360
238618957,46756947,2957369,76,215056579
241176177,47262455,2986138,78,217413543
239027070,46856406,2959121,77,215691034
241199726,47292235,2986498,79,217502369
240544932,47057535,2979224,81,216816722
241304513,47252555,2989432,78,217705031
241349831,47373393,2993122,79,217675161
241070854,47272643,2987048,77,217520133
241014869,47256927,2987517,80,217281431
240967020,47231351,2985183,76,217244920
238762688,46779836,2958386,77,215248599
240898274,47226887,2983592,77,217190089
241024434,47272581,2985083,77,217416282
240845906,47168174,2982398,80,217097531
240268308,47028456,2976968,76,216539687
241332944,47242108,2991151,76,217518479
240874288,47214611,2984607,76,217255838
240933240,47232901,2983736,77,217204609
241295790,47322667,2988963,78,217419548
240971617,47191217,2984682,76,217225471
238491482,46766971,2956433,78,215111938
241299422,47320399,2989177,80,217473037
240889622,47285089,2986400,80,217327498
240849871,47200476,2982491,79,217129201
240182136,46984684,2975992,76,216622363
240873401,47195019,2982523,77,217178587
241224811,47301256,2987581,76,217503175
240896858,47263653,2984417,78,217141590
240840905,47208164,2986088,77,216994392
240840160,47227507,2982885,78,217115720
238215977,46686185,2954481,75,214603272
240752660,47203854,2982435,76,217095628
240637420,47194368,2980435,75,216999843
241147828,47301567,2986552,81,217398709
240316039,47042685,2975736,75,216709783
240700220,47151836,2982478,76,216983992
241010752,47070554,2988023,77,217206837
240746377,47213681,2981844,77,217033594
241312648,47301102,2988287,79,217545408
240781884,47134755,2984138,78,217208426
238369805,46686898,2953658,78,215033105
240867439,47212627,2985219,78,217182741
240855500,47201653,2984520,80,217108657
240789155,47218765,2983347,79,217139432
240204993,46986359,2976572,79,216548257
241251318,47273294,2989015,76,217317712
241061116,47243968,2985848,77,217394697
240928583,47256740,2982107,79,217156264
241215427,47301567,2984817,80,217454720
241197863,47261669,2987424,78,217437554
238301067,46684232,2951412,78,214823033
241372535,47344966,2988453,77,217714195
240858790,47239659,2982784,77,217295870
240858780,47277294,2984355,77,217189281
240522801,47044669,2979259,76,216865042
240874399,47199917,2984021,77,217214968
241184720,47148736,2988574,77,217219174
240679337,47162996,2982145,77,217074256
240964465,47241044,2983586,79,217280280
240795957,47177329,2984670,76,217100099
238225031,46700600,2952854,76,214542348
240792191,47198615,2984128,75,217119098
240857804,47251408,2984697,77,217050779
240732137,47210539,2981770,77,217061772
240194177,46996786,2976270,79,216613520
240732465,47182495,2982208,76,217014213
240801846,47200909,2982473,76,217063966
240786487,47212751,2983195,77,217143444
240833568,47160733,2982271,80,217081615
241093626,47265948,2986986,77,217430175
238098623,46630478,2949426,75,214597195
240858457,47218641,2984321,75,217187076
240493759,47121735,2978114,76,216935926
240805785,47181751,2981334,76,217124458
240449394,47072817,2979863,76,216675993
241012959,47204940,2986173,79,217255942
241217435,47261483,2989575,77,217466728
241232672,47307394,2987618,75,217471520
241098743,47258693,2984866,78,217351568
241176100,47253114,2987837,80,217416711
238504760,46751254,2953304,76,215132895
241025095,47217773,2985056,78,217418055
238851311,46818648,2958349,77,215359636
241031074,47244743,2986610,77,217304112
240366414,47041662,2978888,76,216824852
241333218,47310495,2989757,78,217570458
241049216,47268706,2986058,76,217275847
241210989,47152952,2990117,76,217341064
238734963,46776891,2960117,76,215222846
240989409,47218951,2983595,76,217322009
238406635,46735227,2954597,75,215022075
241307652,47323856,2990667,79,217684446
240855236,47240567,2983300,77,217218731
240961592,47276044,2984319,75,217194262
240402893,47062153,2977862,77,216807731
240900039,47211728,2985465,79,217232170
241197003,47234328,2988624,80,217417692
240940337,47196538,2984345,77,217153969
240969163,47231320,2984234,76,217332769
240875812,47178217,2986492,77,217143313
238355734,46710458,2951818,75,214925835
241177870,47310340,2989175,80,217540625
240942967,47221710,2983475,78,217270690
240896423,47235753,2984461,78,217110139
240301418,47010259,2978505,78,216608599
240909101,47219447,2984892,77,217365618
241305879,47287040,2989135,78,217579853
241062173,47203129,2985557,78,217331221
241184165,47246603,2986160,80,217421236
238690706,46739071,2956596,75,215153102
240974772,47251098,2985203,77,217274371
240736331,47136306,2980121,79,216949916
240867019,47215386,2982886,75,217299402
241063877,47240217,2986084,77,217286284
238417091,46580258,2953896,77,214868325
240872707,47199049,2984364,76,217100481
240614244,47118128,2980915,78,216977929
240419941,47077975,2977442,79,216691141
241177036,47259096,2986823,77,217477152
236622828,46301444,2932623,79,213323849
239000249,46872898,2959672,76,215596755
241013660,47268210,2987548,78,217186832
241227571,47279587,2988684,75,217435063
241101574,47264025,2985591,77,217369034
240411197,47063611,2979553,79,216704561
241132643,47258042,2986210,77,217443510
238811740,46815269,2957491,78,215318777
240881970,47192508,2982010,81,217202704
240976618,47241302,2985173,78,217136085
238991006,46854422,2959590,79,215544591
240985381,47250882,2983647,77,217231194
241176897,47237396,2986243,76,217381500
241224025,47303953,2988043,76,217469779
241000527,47293103,2984581,81,217425695
240358978,47023373,2978181,81,216849265
241359919,47279587,2988160,78,217576695
240816614,47178713,2985403,75,216988847
240808886,47177783,2982281,76,217038725
241008990,47098268,2988125,77,217220812
238357070,46705684,2954457,75,214953326
240528994,47171863,2979024,79,216783345
241056159,47233955,2986191,77,217156016
241110291,47233118,2987505,75,217394632
240923470,47195298,2984563,78,217355524
240445508,47041539,2978106,80,216784823
241123980,47326521,2986276,77,217534857
241169711,47337712,2987586,76,217467270
240883964,47188633,2983634,77,217000074
240964484,47257794,2986169,78,217243424
238428167,46725276,2953335,75,215044036
241251364,47341433,2987811,77,217647283
240803368,47166840,2981233,78,217176165
240965516,47255252,2987135,76,217198240
240954194,47191826,2982653,75,217227604
240319587,47003657,2978683,79,216658726
241197909,47173660,2989370,75,217370395
240871088,47205683,2985161,75,217222350
240936461,47187362,2985171,76,217122180
240757703,47213247,2982538,76,216975227
238319787,46665358,2956851,76,214604854
241354186,47322549,2990524,78,217561274
241205808,47285601,2987987,77,217563192
241050832,47237427,2987856,77,217380362
241211036,47253950,2986138,77,217384283
240377961,47011667,2980271,78,216677826
240995180,47225945,2985096,75,217301810
238814752,46828816,2959391,76,215396462
240945847,47231041,2986323,77,217237503
241027576,47227538,2986726,78,217455939
238803332,46788795,2956686,77,215372409
240729867,47211822,2983010,78,216954430
240884535,47262413,2983144,75,217230949
240925146,47216507,2983182,75,217270887
240956288,47258719,2984220,76,217365030
240688268,47056232,2983399,78,216903395
240892058,47175180,2984140,78,217175748
240747953,47143590,2980702,75,217042980
240992408,47250602,2983954,77,217242010
240985202,47253280,2984401,75,217158209
238554685,46739090,2956721,75,215131998
240952698,47256462,2984500,78,217320620
240920515,47226298,2984422,77,217165054
241320067,47287864,2987988,77,217506121
240706273,47169971,2981687,77,217120362
240159087,46966146,2975796,79,216557348
240930598,47251378,2983909,77,217177010
240885515,47190679,2982371,76,217247944
241151955,47244123,2987848,75,217478508
240925019,47219292,2984176,78,217270287
238359327,46611258,2956557,76,214758490
241225993,47308418,2988442,81,217578249
240671564,47135705,2982277,79,217051082
241119649,47224418,2986204,77,217483131
238942802,46820842,2959466,76,215382598
240603835,47042375,2981908,76,217035617
241165322,47247316,2985737,80,217435236
241236045,47246139,2987419,77,217462255
238899268,46804326,2957782,77,215494626
241267607,47324041,2987771,76,217394612
238510435,46672050,2955270,75,214996922
241145968,47286779,2985830,77,217425143
238917153,46858080,2960417,77,215398951
241090484,47274379,2985106,76,217406098
241465964,47319950,2989384,80,217535546
240545763,47063362,2981794,78,216924740
241138698,47285043,2985526,79,217429385
241184047,47258756,2987740,82,217366525
241005645,47258011,2985433,79,217305509
240776628,47173288,2980733,78,217074041
238830309,46798839,2958543,77,215542661
241077627,47284981,2986648,77,217347283
240827376,47201343,2983165,77,217086780
241350680,47308604,2989349,77,217697192
240961253,47234761,2984889,75,217236120
240307285,47039430,2977942,77,216664095
240953071,47238109,2984419,76,217115113
240935644,47174157,2985416,80,217192599
241196183,47288267,2987759,76,217347192
240972339,47256027,2984618,76,217180049
238384977,46739660,2956733,80,214904608
240838310,47291429,2985639,76,217088939
240908180,47253950,2984706,76,217195537
241276028,47321996,2988789,81,217520390
241080416,47294219,2989278,78,217251632
240376662,47078397,2981691,75,216607708
241277696,47299861,2986239,79,217442010
241122792,47220812,2986851,79,217361010
240894521,47220098,2983334,75,217178911
241356487,47359939,2992849,77,217688970
238460346,46747100,2953814,75,215055325
240643771,47179240,2980320,76,216892537
238808153,46820012,2957733,78,215225600
239408917,46916918,2965133,79,215966444
240864554,47255873,2986236,79,217089879
240176619,46987009,2974846,77,216512622
240889684,47230638,2984684,76,217217111
240819876,47150379,2983814,80,217003919
240877113,47249889,2983356,76,217137398
238323573,46740187,2951104,77,214892175
241132362,47246914,2992395,78,217430122
240822704,47067869,2985359,76,217140152
240954464,47237322,2985061,77,217173246
240881601,47231568,2983316,78,217229469
240802599,47208536,2983323,83,217143421
240747255,47084752,2983423,77,217007320
240942954,47219912,2984169,75,217319647
240934346,47225926,2983595,76,217209682
240698680,47222764,2981605,77,217003646
238309315,46766515,2956114,78,214923333
241271225,47328404,2989700,78,217524520
240905818,47236807,2984076,77,217156879
240900903,47258910,2983007,78,217310755
240765660,47193345,2981321,75,217088948
240831242,47203172,2983161,76,217076556
240604970,46994016,2983941,78,216794060
240825109,47250168,2984778,77,217164164
240834936,47159741,2983297,76,217182507
240817324,47198057,2982730,78,217188621
238276075,46729182,2951650,76,214704676
240820485,47145947,2983822,79,217033018
240845838,47294870,2987488,77,217229161
240851744,47255438,2983386,75,217025834
240659257,47198026,2981073,75,217067716
241304157,47276208,2987512,77,217509190
240539450,47052854,2981525,79,216841375
241085955,47286903,2985533,76,217299678
241222573,47243937,2986230,79,217462099
241010035,47229708,2984381,77,217345325
238623088,46785168,2958316,75,215118194
241205750,47267839,2987422,82,217546524
240766142,47176543,2981314,76,216980126
241112596,47283870,2988185,79,217314398
238882450,46825370,2959367,76,215377812
240894751,47194151,2987466,76,217165228
240390299,47053939,2979401,81,216668483
238825451,45988995,2972085,81,214865869
241063402,47195019,2986939,77,217198684
240976005,47195484,2984189,76,217276321
236530516,46384183,2929582,75,213190903
240968776,47092006,2988712,76,217227966
241057963,47276518,2986912,77,217399936
241276203,47268179,2989519,78,217434636
240848624,47236746,2983482,79,217065721
240812382,47149945,2984251,78,217097761
240303173,47018536,2978777,77,216729839
240849509,46773047,2990075,77,216734539
241257476,47261453,2987723,78,217487842
240907598,47263126,2985386,75,217214565
238206589,46696198,2951429,78,214782754
240937651,47250912,2985605,77,217145816
241023173,47228406,2987295,76,217283195
238830081,46745116,2961133,75,215238863
241157991,47289538,2985769,78,217349947
241106742,47247007,2986157,78,217296222
240710589,47124246,2982268,76,216930400
240851664,46074803,3001743,76,216486781
240927827,46721494,2994419,76,216888281
238936709,46765204,2960100,76,215352027
238712787,46780084,2956996,77,215288725
241119940,47153573,2988481,78,217303409
241195883,47299799,2992120,76,217367981
241202750,47296079,2987352,75,217500313
241200926,47306495,2988524,77,217320873
241128789,47229213,2987367,79,217362021
240465084,47109552,2982105,77,216681104
240710772,47085713,2985142,77,216965431
241199949,47287492,2988228,78,217353499
240971911,47226299,2984224,83,217302256
238366988,46710365,2954129,79,214900020
238846905,46789012,2958656,76,215396311
240766192,47193097,2981578,76,217164932
240901633,47211139,2983618,75,217335864
238778667,46762569,2958201,75,215237763
240902656,47242821,2984782,77,217243459
240471240,47055457,2982210,77,216752324
241313311,47218022,2988601,79,217557291
241081286,47218188,2988160,76,217312289
240972062,47242499,2983282,77,217327247
238855312,46562526,2964409,77,215242676
241050584,47161043,2987327,79,217213022
240989785,47239009,2985854,79,217236787
241340916,47325312,2990354,78,217635670
240995947,47252555,2985941,75,217258649
240845947,47191702,2982915,75,217082453
240788956,47162966,2985280,81,217093169
240870113,47186215,2982452,76,217018736
240873839,47206582,2984965,75,217238982
241007523,47258941,2985137,76,217244135
238426972,46740404,2953725,77,214987834
241063564,47273945,2985600,76,217444785
240223089,47104531,2977817,78,216695285
241254606,47283989,2987257,77,217580707
240824160,47257174,2984245,78,217035879
240923171,47222919,2985814,76,217225262
240280526,47076848,2978674,78,216780444
240947647,47186587,2984196,75,217315550
241235107,47259561,2986925,76,217520138
241044589,47232994,2985025,78,217379310
238285861,46741672,2952957,77,214962490
240946988,47267903,2987767,78,217196294
240854571,47200166,2983959,79,217153900
241366796,47262728,2990531,75,217616785
240929618,47220031,2985381,77,217229085
241118860,47255872,2987146,78,217199709
238274489,46657107,2952102,80,214853503
240862928,47147218,2982499,82,217065980
241117925,46974702,2990593,77,217096894
241327358,47153107,2991510,75,217314931
238347170,46701592,2953926,77,214885165
240685028,47174776,2981374,77,217112396
240847669,47209485,2984868,76,217118219
240369183,47111207,2978548,79,216763758
241059431,47255283,2986307,77,217330397
240999605,47159183,2984571,76,217259821
240698146,47054062,2984086,79,216998820
241115255,47191424,2985958,79,217387404
240953030,47146163,2985978,78,217131355
238880279,46830211,2959742,79,215322973
238419515,46729957,2953782,76,214901296
241105360,47217308,2987424,76,217287939
238880794,46771590,2961054,76,215262062
240966001,47232839,2985766,75,217288473
241087048,47254106,2987378,80,217530584
241307273,47295087,2990718,76,217643280
240353239,47088937,2979109,77,216577781
241082145,47144706,2986682,75,217299720
241228758,47288670,2990137,81,217539488
241026108,47244775,2986623,78,217314470
238314641,46714562,2953656,76,214958748
240901846,47225387,2986423,76,217098513
240897933,47243038,2987474,76,217305608
241328268,47299489,2990019,77,217614889
240978453,47243504,2984763,77,217227848
240619997,47160578,2981881,75,216897772
240297036,47090208,2979951,76,216538737
240972912,47212968,2985233,76,217169130
241191942,47244619,2988660,76,217403161
238368941,46714891,2953717,76,214891444
240892855,47215914,2983283,79,217187159
241418601,47295955,2991235,76,217778912
240966424,47185998,2984618,77,217238382
240948469,47231382,2984717,77,217262944
241154823,47253331,2986005,78,217465302
240961165,47228220,2985831,77,217257179
240214775,47041166,2978422,78,216471751
240735339,47146969,2982431,78,216996023
240696436,47198553,2979511,79,216940030
238361038,46742946,2952682,76,214984711
241110267,47326403,2988412,79,217516038
240988252,47270158,2984740,75,217261925
241232972,47292979,2986967,78,217377246
241098238,47229863,2985037,78,217317062
241109113,47240652,2985654,79,217349672
238828639,46798374,2958058,78,215416428
240628796,47169909,2983083,78,216842323
241113266,47177411,2986863,78,217365128
241206070,47253640,2988641,79,217428151
238467344,46714178,2955731,77,215025664
241122498,47274752,2986945,78,217482356
241045593,47241333,2985873,79,217192572
241102246,47158563,2993206,75,217201789
241077041,47243286,2985614,75,217354560
239264311,46883872,2964676,77,215703123
241071177,47253827,2985293,79,217398328
240499159,47138289,2978570,76,216871716
241020312,47201591,2985798,77,217299898
241083764,47225833,2986853,75,217410351
238511319,46758539,2953915,77,214901472
240865090,47222609,2983692,78,217286328
241112369,47258818,2986433,77,217396583
241380262,47334147,2989079,77,217668028
241107115,47243193,2986273,76,217291863
240962065,47251408,2985403,76,217278754
239263844,46916846,2962684,78,215550002
240768505,47185575,2984502,78,217192355
241061732,47192415,2986053,77,217303487
240823215,47136770,2983115,75,217111927
238458772,46712876,2953367,78,214916900
241112303,47230173,2986696,76,217434350
241121268,47233646,2986921,77,217277068
241031228,47262382,2986339,75,217333482
241176647,47280982,2987768,76,217391623
241158015,47298776,2988072,78,217511714
240932661,47245147,2983674,78,217287905
240371855,47127935,2978953,78,216678248
238882830,46707451,2960092,78,215319219
241029697,47222144,2984179,76,217440242
238480226,46769978,2954189,79,214903519
241327047,47349895,2989959,79,217638693
240689229,47186402,2982622,80,217002283
240991274,47247533,2984428,77,217265682
238990426,46834427,2960249,77,215593587
241068658,47289600,2985438,76,217376519
240935684,47213619,2985411,79,217243539
240769816,47210117,2983194,84,217059071
240975833,47192632,2986455,78,217212764
240953721,47226744,2985213,77,217335567
238774455,46887921,2961903,76,215344001
240991098,47234885,2984232,78,217255365
240858562,47209062,2982359,76,217221683
240787359,47211543,2984383,78,216977582
240980586,47244464,2983822,77,217410580
241177810,47278688,2987648,76,217452269
240792496,47191826,2985662,75,216980880
240268433,47129703,2977670,84,216666347
240855470,47160583,2984718,76,217159713
241041508,47192751,2987816,76,217321739
238662956,46806682,2957638,76,215110579
240928745,47240000,2984188,77,217306031
240900066,47279308,2985466,78,217172456
240863314,47293073,2982558,82,217237834
240635234,47146008,2983675,81,217030859
241347414,47312695,2991165,75,217609061
240712453,47103352,2984071,77,216940394
240073990,47066772,2974881,77,216495363
240796859,47125022,2983165,78,217030040
240698070,47160547,2981284,79,217150093
238250100,46716131,2950927,75,214754208
240850279,47272953,2983274,75,217120436
240783305,47202087,2982224,76,217095350
240756415,47174776,2981032,78,217065065
240706871,47201747,2980573,78,217080571
240831823,47208752,2983949,75,217084882
241190552,47298559,2987607,76,217354208
240698754,47159834,2982115,79,217065440
240259414,47008493,2975562,79,216538861
240738263,47165507,2981324,78,217045245
238265751,46687549,2949856,76,214882046
240898765,47244867,2982801,76,217176426
240432587,47104612,2976344,75,216836404
240806864,47242181,2982633,75,217234649
240690945,47204195,2982260,77,216975712
239791100,46985925,2971662,79,216193543
241001614,47261917,2985369,77,217386451
240811823,47227135,2981578,77,217116205
240178389,47001889,2974677,78,216621714
240960294,47220873,2984192,78,217241472
238218490,46684542,2951381,76,214850455
240830195,47249611,2982942,78,217057215
240627148,47210829,2980218,78,217014414
240722898,47232126,2981673,76,217137525
240646256,47251532,2979626,78,217155183
240968018,47308169,2983054,76,217261015
241131027,47324011,2987217,79,217401249
241058300,47304914,2985123,77,217329214
238351033,46665911,2951555,76,214967951
241005157,47305999,2983590,76,217314614
238403045,46809162,2951798,78,215151387
241321028,47361613,2987361,77,217661311
241008539,47322647,2983951,79,217280627
241063207,47335449,2984957,75,217307913
241341166,47383158,2987863,77,217679225
241192358,47346392,2986505,79,217646482
241197592,47309999,2985804,77,217541588
241024769,47305720,2985665,78,217382288
240414087,47092874,2977180,77,216740053
241005977,47092130,2986536,77,217118419
238629215,46785137,2954476,74,215057743
240948673,47264057,2983198,77,217266399
240922745,47293971,2981702,75,217325253
241312923,47352220,2989099,78,217693000
240973153,47310959,2984043,78,217303862
241010339,47264956,2983948,80,217245659
241309666,47346020,2985650,75,217628828
240874621,47226794,2983186,79,217190929
240465733,47080195,2976086,76,216735249
238794054,46828918,2956064,77,215483111
240927177,47273502,2982569,77,217347405
240753794,47191393,2981120,78,217078126
241263721,47350856,2987814,78,217675002
240938963,47260863,2982366,78,217338998
240934950,47283152,2982954,79,217215014
241204173,47308542,2987735,79,217520264
240872159,47274689,2983274,77,217104401
240939856,47288887,2983014,76,217393861
240264321,47077436,2973876,76,216676019
238338554,46720626,2950570,75,214973210
241172180,47314122,2986242,79,217684173
240953059,47311269,2983849,75,217399556
240927149,47283493,2983420,78,217200813
241310089,47364837,2990582,76,217650063
241004756,47313905,2983988,79,217292838
240993152,47285632,2982653,76,217526243
241271513,47345214,2987778,79,217608744
240751181,47192260,2980677,78,217035928
240147010,47031370,2972729,79,216557259
238253404,46737893,2948723,76,214821262
240842311,47290872,2981722,77,217293068
241000961,47283183,2984254,79,217347166
222135692,44684484,2818452,77,199990678
240901339,47219695,2977500,77,217197113
240730087,47209651,2975841,79,217131627
240618715,47130819,2974923,79,216883924
241140495,47265110,2982679,79,217441805
241084843,47240186,2980133,76,217447466
240695611,47104189,2976126,78,217127929
236898038,46344689,2929822,74,213597617
241028382,47259158,2979497,76,217259630
241030751,47243256,2979748,77,217229138
241379391,47312788,2984216,76,217664098
241108465,47277138,2984547,78,217518390
241036930,47266102,2980785,77,217364904
226516094,45130327,2848673,80,203966094
241230948,47299396,2986146,76,217508553
240990677,47248463,2984432,78,217259014
240655065,47173722,2980186,76,217105755
238360850,46775558,2951697,77,214920803
240962464,47169631,2987547,77,217120748
238699170,46789396,2956114,79,215225259
241018139,47306538,2983887,76,217246123
241058761,47294102,2985536,76,217338195
238952599,46875781,2957871,76,215407265
241014811,47181689,2985854,76,217190763
241282557,47310619,2986806,80,217491765
241021527,47287864,2984667,76,217269947
239490739,47015002,2962081,75,216118737
237161249,46635748,2934638,76,213901358
239714297,47188571,2965667,77,216207504
239451203,47126509,2963799,76,216003786
239336771,47118511,2962847,76,215918305
239763934,47166127,2969055,76,216193238
239662176,47219633,2966973,79,216190843
239815358,47218920,2967094,75,216434081
239709211,47253981,2968928,78,216171019
239776751,47267064,2970605,79,216289374
238735271,46919677,2954322,78,215384112
237025709,46664267,2930944,75,213855564
239407552,47162904,2961050,80,216111157
239558760,47180728,2964631,76,216057126
239625405,47212441,2964774,77,216163856
239411508,47167267,2963084,77,215906740
239929059,47257491,2968943,75,216492712
239514082,47163058,2964251,79,216004576
239597632,47187610,2963835,77,216106314
239744624,47241550,2965937,75,216219631
238833190,46920452,2955832,77,215340671
236759012,46563115,2925776,76,213610737
239264799,47138258,2959384,76,215788468
239286648,47171118,2962897,75,215993253
239207420,47109149,2961539,77,215643693
239133101,47085279,2960164,78,215843660
239449888,47134197,2961900,76,216130681
239559768,47193252,2965282,78,216197622
239332134,47105058,2959007,80,215842987
239618572,47206489,2966478,77,216153230
238959696,46919243,2955017,77,215569943
237158400,46439549,2939345,78,213832134
239312032,47098516,2961984,75,215855490
239454048,47099787,2962465,77,216001875
239414827,47122851,2961653,75,216032390
239637366,47124742,2967351,77,216168371
239701076,47236900,2968721,75,216382822
239515792,47108944,2964659,78,216093574
239605365,47189613,2964614,75,216117976
239634172,47187455,2966604,75,216083247
238717649,46899310,2955042,76,215316179
236816585,46529263,2932663,78,213564023
239565002,47172947,2963745,76,216226345
239571212,46992558,2967327,78,216032886
239591001,47161260,2965770,78,216196194
239860471,47233429,2970797,79,216338169
239733176,47199421,2965584,76,216313494
239638252,47188633,2967963,78,216125241
239758004,47213309,2968248,77,216295518
239379692,47121270,2964533,78,215941335
239058550,47006272,2959295,78,215661816
236615994,46590104,2924879,76,213505826
239237607,47134197,2961650,77,215837764
238990903,47055767,2959046,76,215552836
238785943,47062029,2957836,81,215523768
241167919,47511622,2984889,79,217518865
239188886,47059084,2959769,76,215719411
238701625,46972656,2954079,76,215333347
238716634,47024798,2953246,75,215448438
238985402,47088472,2958290,75,215583659
240403314,47223571,2974194,78,216836327
238636554,46941284,2952565,77,215239561
239056921,47081869,2955425,77,215639206
239117295,47126509,2957666,76,215868724
238907172,47106204,2958414,76,215636055
239085831,47072558,2963568,76,215502702
239071782,47102805,2962464,76,215587016
238990257,47093401,2956765,76,215679968
239238672,47055178,2959531,77,215814703
238791237,47029789,2956531,81,215386745
240555752,47253454,2978229,75,216956243
238747672,46964038,2951843,75,215368796
241267221,47526967,2985189,78,217611300
238575379,46960504,2950014,77,215298710
241151510,47481956,2981138,77,217654487
238692301,46978050,2952912,77,215442187
238845180,47008554,2954308,78,215379134
241111294,47416576,2983264,77,217395771
241072142,47517078,2984689,75,217578063
238731202,47057999,2956799,77,215277234
240568502,47295986,2977019,77,217055915
238625193,46943578,2951085,76,215275286
241148160,47481367,2981907,78,217588500
241259606,47515187,2983917,77,217598492
241117558,47484745,2985083,76,217443056
238990039,47013762,2959122,77,215472819
238911157,47015188,2957493,76,215503673
239143831,47079389,2957088,76,215629882
239021805,47102639,2961270,77,215531382
241108867,47490140,2982992,80,217564020
240123577,47225802,2971174,76,216860156
238484641,46963914,2949573,75,215040436
240883117,47376772,2980138,78,217416753
241106148,47441345,2984286,77,217552589
241220103,47488745,2987416,80,217429349
239124726,46902379,2962659,75,215607821
238708028,47044173,2957194,77,215249163
241242641,47437563,2989476,76,217515178
238963145,47115814,2960497,78,215363662
238935317,47067454,2957315,79,215690282
238257827,46801846,2947814,76,214851793
238269733,46829250,2946688,77,214907192
241182345,47467726,2981573,75,217735688
240850069,47415708,2978941,76,217325975
238842154,47053349,2955483,75,215568734
239062428,47032269,2960977,78,215534200
238810352,47029448,2954008,76,215389892
238910236,47058309,2956879,76,215463135
241105954,47482204,2982552,79,217462404
238748616,47001951,2957865,78,215304266
240586610,47315795,2979079,79,217009493
238400569,46905417,2948238,78,215079593
241222539,47473244,2982710,76,217503527
240882195,47416638,2978384,78,217308864
238901290,47066617,2958407,75,215508852
239064800,47036455,2959864,76,215576540
241062355,47467633,2983172,77,217543213
238616537,46954707,2952835,76,215305488
238757067,47054419,2957141,76,215243621
240872311,47472484,2984433,78,217266669
240616838,47365984,2981714,78,217081923
238422181,46884833,2950348,76,215030208
241036643,47501951,2982909,79,217503600
241305606,47557626,2985153,76,217892993
241198987,47527091,2984909,79,217576220
239129360,47094083,2963278,75,215713340
238843030,47016521,2956365,76,215462539
241034004,47477956,2983132,77,217353326
238980782,47102515,2958706,79,215715028
238798422,47069655,2957387,77,215437021
238328484,46904890,2952388,77,215033529
236306637,46516150,2922261,75,213246895
239001862,47063114,2955930,76,215660922
238703667,46950367,2952991,77,215379128
238885284,47017761,2956132,76,215352062
238919128,47060696,2956639,75,215496953
241143041,47493643,2988380,80,217510206
239003071,46989179,2959068,76,215561268
238857677,47050590,2956282,78,215317296
238873133,47091107,2955231,77,215295322
238219268,46908746,2950297,77,214893706
238795407,46944527,2952826,78,215529846
238779573,47009701,2951258,77,215490830
241213895,47520457,2982556,77,217618262
238853344,47016862,2956660,77,215445380
239138266,47013390,2961364,75,215736942
239149392,47079265,2960662,76,215668415
239273569,47132120,2962011,76,215861591
238987277,47049169,2960810,77,215569738
238893214,47105951,2962135,79,215456954
238434169,46956815,2955120,78,215067120
236399408,46504835,2924781,75,213208535
241111886,47474887,2983034,75,217432894
238836192,47000556,2955041,76,215406893
238834103,47070926,2957707,80,215394209
238963600,46989412,2958448,76,215598513
241091705,47391636,2984411,76,217424569
241336918,47501238,2990018,78,217743181
241277308,47575358,2989366,77,217714812
240963901,47511870,2984905,75,217404039
240510162,47317501,2977909,78,216854329
238597105,46908176,2951060,76,215255108
238952096,47060293,2957354,78,215470865
239109574,47155091,2961045,75,215769315
238983902,47127129,2960380,78,215585963
241025533,47472376,2985656,76,217542798
238728308,47026100,2957726,77,215275306
241142498,47469493,2984861,77,217443928
240944952,47500319,2982929,79,217296685
240972968,47530428,2983859,80,217347204
237966025,46919894,2948166,78,214653975
238750475,46961217,2953754,76,215482066
238768870,47007872,2953802,79,215363558
238981753,47077436,2956216,78,215563981
238930673,47091169,2957594,76,215478843
238780174,47070497,2956136,77,215273274
240953064,47483965,2984848,77,217483573
241154861,47539274,2988948,75,217610658
240900006,47508553,2982827,76,217311633
241136279,47577808,2985759,79,217497922
238315696,46958168,2950872,76,215005387
240559871,47291440,2973940,77,217124925
241212901,47459356,2984686,78,217719112
238939280,47024271,2955867,76,215595683
240997498,47459821,2980452,77,217470147
241125092,47432635,2984026,80,217571672
238804274,47009143,2956109,76,215433472
238666327,46995441,2953709,77,215232321
241066426,47466982,2985801,77,217272432
238871634,47081156,2958419,76,215492825
238537415,46962023,2952985,80,215270374
240415262,47175365,2973394,76,216993588
238725060,46931550,2954510,76,215346554
238687558,46951266,2953923,75,215351672
238778855,46903495,2959149,81,215362980
238904617,47025046,2960252,76,215369504
241066361,47324623,2986841,77,217461985
241083846,47401394,2984013,78,217412584
238777163,46882229,2959770,79,215252211
240948994,47386754,2981645,77,217257378
238442515,46956009,2954248,75,215264483
240525383,47189687,2974784,76,216936552
241167861,47370953,2983873,77,217456582
239515364,47113140,2963390,79,216081632
238925844,47073716,2959759,76,215686718
238793915,46972904,2957258,78,215321422
238651632,46993860,2956093,76,215300983
238916547,47022380,2957739,76,215453194
240929626,47450149,2981157,76,217368970
241006472,47436447,2986068,79,217323375
238353576,46936727,2955599,77,214868920
238180281,46803520,2947745,75,214890272
241252839,47458736,2985057,77,217530745
241166149,47462023,2981723,79,217466223
238671994,47011127,2955035,78,215325890
238787154,47002726,2956046,76,215422280
241236489,47504802,2987086,77,217664677
240847377,47437067,2982869,77,217089256
238799563,46965960,2955020,76,215331557
241169240,47473957,2985535,79,217576579
238620604,47020439,2955574,75,215179505
238210353,46823100,2947278,76,214844844
241129833,47407742,2982833,80,217510673
238823606,47023713,2955567,75,215402445
238774313,46999223,2955272,76,215496451
238781490,47018009,2958806,77,215268024
241016239,47423117,2986029,76,217379190
238877834,47079606,2960000,76,215405598
241050789,47368309,2982814,76,217283213
241164844,47455636,2987227,76,217499150
238486887,46963945,2950917,77,215193009
240539033,47255656,2975005,79,217030728
238586830,46897202,2950083,78,215145027
239028661,47020024,2958615,77,215655866
238951213,47053036,2961102,78,215384257
238969999,47020740,2958246,79,215583992
240902900,47420823,2984576,75,217306936
241089702,47457434,2985141,75,217299307
241058901,47449127,2985230,79,217542053
240976364,47451699,2984660,76,217270513
238649903,46977554,2953856,78,215293628
238286490,46809348,2948842,75,214798854
240141723,47170436,2971005,77,216607177
239698872,47161043,2966076,77,216144423
239920574,47232870,2969514,76,216420299
239827912,47191005,2971439,78,216423483
239792498,47141404,2969559,78,216193973
239511469,47111071,2963668,78,215998408
239561670,47180512,2966786,80,216128483
239706701,47184417,2967870,75,216112510
236834012,46529417,2932751,76,213587205
239161383,46955080,2958248,78,215579443
239823824,47198398,2965640,75,216396039
239579962,47114791,2964726,76,216177610
239663656,47182154,2966389,77,216331857
239627319,47229336,2970370,77,216038095
239532365,47144830,2966636,77,216038499
239807645,47183890,2972031,77,216291198
239373576,47147031,2964845,76,216038173
239468855,47144489,2967312,80,216005988
236751870,46640615,2931596,74,213567857
238949753,46938618,2958440,78,215540290
239467330,47042716,2963882,78,215878904
239391294,47113024,2961578,78,216013169
239522474,47127129,2963855,79,216100101
239765828,47177133,2968583,76,216335067
239560392,47158935,2968265,78,216050501
239441324,47134631,2965461,75,215947805
239445152,47123006,2967532,77,215911861
239398217,47154006,2965351,76,216008206
236671270,46546914,2932603,77,213542267
239063522,46934049,2959224,76,215474285
239653650,47144117,2964620,78,216062702
239670449,47114202,2964873,75,216232037
241171169,47438369,2985264,78,217645087
238739095,47045072,2954004,75,215353271
240995051,47396396,2982949,79,217335931
240843078,47451792,2979949,75,217305467
240907421,47475290,2981658,76,217267099
239062147,47011530,2958150,76,215664453
236380888,46542810,2923708,75,213220756
238231773,46788392,2945814,77,214911020
238698409,46897264,2952121,77,215297001
238703261,47013011,2952248,75,215341827
241213584,47457410,2983888,77,217772027
241163741,47478824,2982554,77,217603405
238806504,47014010,2956096,76,215431143
238876583,47084256,2956015,77,215429923
241086514,47491194,2986602,77,217387528
238770089,47062959,2958927,77,215330272
236390024,46570306,2926356,76,213061817
238165059,46869891,2948185,76,214955819
238880522,47038252,2952972,75,215660011
238709500,47034377,2951149,76,215313783
238944588,47032362,2958260,78,215633070
238814445,47050157,2956397,75,215405646
238888722,46926621,2959541,76,215404515
238684137,47060882,2954087,76,215373119
241282918,47553782,2985633,76,217652835
241197813,47463169,2984406,75,217453412
236377130,46435457,2929713,76,213106019
238319645,46862482,2949768,75,215018246
239068598,47013824,2958966,75,215737773
238978984,47085744,2956924,75,215600077
238992193,47027774,2955113,77,215637074
241095913,47463851,2983381,76,217586037
239002989,47006322,2959313,76,215676681
241226709,47482637,2985142,77,217591095
241152760,47500649,2984439,77,217550539
238747085,46984405,2954751,78,215253450
236345944,46552265,2927432,80,213252465
238511753,46962953,2953861,78,215105258
238723903,46971819,2950901,77,215468322
239117584,47094238,2956482,77,215720605
238873753,46987071,2957126,77,215490557
241114905,47441810,2983567,75,217383050
241035675,47377206,2981197,78,217485894
240992748,47438927,2982103,77,217525817
241075773,47487319,2982024,78,217612020
240988298,47457124,2981825,77,217372024
238519566,46975900,2952831,76,215136789
240592442,47368475,2979278,77,216909869
240929099,47340688,2979771,76,217313474
241140318,47477027,2981428,78,217534120
241172957,47455698,2982068,78,217489640
241137355,47461619,2983237,79,217572129
241116260,47388552,2983955,77,217472328
238777497,47049672,2953757,76,215538499
241014493,47538612,2983893,80,217509393
241073930,47513544,2986910,78,217385590
238656007,47001734,2954998,78,215057822
240578020,47290685,2977396,76,216862553
238797730,46994845,2952453,76,215511924
238864111,47117154,2958341,77,215497162
241077970,47522782,2986347,81,217504350
238803841,47066084,2959372,75,215319287
241048795,47421140,2984304,77,217501432
241277093,47534748,2985012,75,217672205
238791384,47040143,2954385,75,215370304
238837227,47036981,2955426,76,215440088
236662165,46626014,2929638,75,213528960
238382936,46885825,2949692,76,214981634
239043987,47023806,2957562,76,215684591
240963579,47486171,2982708,75,217228432
241107110,47458479,2982348,79,217528454
240928869,47416701,2978759,78,217257975
241010822,47382353,2982546,76,217455775
240945267,47452567,2983610,77,217291564
240934238,47468687,2984100,81,217264221
238752299,47026565,2957408,76,215284178
238543328,46964906,2952476,76,215234714
238580966,46948941,2954416,79,215196003
240903993,47398814,2979516,78,217228770
238783486,46997673,2953802,77,215385319
238886479,46998541,2955852,77,215471422
238634531,46957528,2953356,77,215331637
241024217,47478483,2987078,77,217459861
238824605,47018908,2957220,76,215397897
240981756,47437160,2982164,79,217344252
238307486,46918282,2947759,77,214832166
238688760,46949220,2951267,76,215348429
238108506,46835946,2947678,77,214777089
238788882,46925133,2954817,75,215364830
241076967,47470764,2982244,76,217641046
241120498,47503160,2983769,77,217407699
240918837,47428449,2982786,77,217376461
241064199,47399371,2984636,77,217473507
241004215,47480777,2984196,77,217448981
241082597,47512615,2984503,78,217521205
241217224,47541309,2986121,77,217592836
237029329,46680280,2935812,79,213770751
240504719,47321525,2977912,79,217028670
241195281,47471694,2982290,79,217542076
241160243,47511964,2982932,80,217649457
240888317,47453094,2979676,77,217282264
241072188,47489457,2984721,76,217343927
238701540,46979135,2952462,77,215293479
241006920,47481688,2981407,76,217547044
240872891,47519547,2983741,81,217245794
241076526,47547396,2986837,75,217459496
238607895,46982421,2951528,77,215207955
240604697,47324289,2979960,75,216982592
241078194,47371223,2979927,76,217368283
241134261,47440726,2982552,78,217577674
239095672,47088844,2958923,76,215753945
238709307,46987164,2953474,76,215386714
241224024,47434308,2987203,76,217540847
238825601,46992992,2955593,77,215448693
241052854,47499966,2981905,79,217608370
240998961,47487504,2983732,78,217422389
239108310,47056232,2959175,79,215844166
238784356,46943052,2954627,77,215341521
239491854,47132709,2960981,76,216198763
239502425,47103786,2963250,75,215991288
239504808,47156548,2962397,77,216064131
239597858,47163740,2969086,78,216048516
239623781,47154037,2967880,78,216008189
239886964,47232281,2967941,76,216481187
239668747,47235629,2968206,79,216090924
237058658,46721959,2936478,75,213727301
239505683,47160640,2965077,77,215896654
239318004,47131872,2962289,77,215957240
239429425,47035927,2961917,78,215889036
239533069,47066710,2965486,76,216029914
239476807,47136244,2964383,77,216012622
239378856,47200444,2963574,77,215985495
239517134,47107537,2967530,77,215922558
239785551,47234234,2969595,77,216328476
239542182,47131686,2965546,76,216017535
237236329,46721813,2937975,76,214037474
239482947,47245695,2966542,78,215986042
239616615,47230204,2969031,76,216290891
238756016,46922894,2952842,80,215343724
239281382,47104785,2959973,76,215904813
239267006,47118945,2961378,78,216025711
239617356,47260429,2969404,77,216109373
239557128,47179116,2967469,76,215973353
239446856,47181193,2963665,77,216039423
239440738,47173722,2962202,77,216074124
236764995,46639654,2928478,78,213671087
239516618,47235226,2966759,75,215989295
239541769,47223136,2965140,77,216056474
238813976,46896954,2956989,77,215404285
239575265,47172018,2963813,76,215986854
239556865,47172730,2965544,75,216216755
239619809,47210674,2965940,76,216139109
239388814,47063703,2964948,77,215887146
239789728,47235288,2971109,78,216279802
239502429,47226391,2966510,77,216042606
237104605,46708877,2935452,77,213824872
239378876,47095416,2960989,77,215867719
239127669,47119379,2961075,77,215668034
238831828,46909525,2954457,76,215510073
239458980,47125098,2961461,77,215925026
239627891,47167026,2964393,80,216167789
239470838,47185006,2966113,79,215975055
239473150,47118666,2964609,75,215928440
239730624,47246015,2967459,79,216316009
239841170,47227755,2968377,78,216370477
237047091,46743814,2934395,75,213904861
239297157,47149604,2963099,75,215876113
239445978,47247812,2965045,75,216166483
238370063,46708970,2949549,76,215023373
239534058,46917155,2962884,77,216029708
239586349,47149150,2962779,77,216028871
239247992,47096005,2957453,75,215823036
239024595,47035214,2959924,76,215629794
239868430,47217866,2969916,76,216334870
240318000,47330923,2974992,77,216902068
237009094,46741489,2935980,75,213787835
239273940,47156672,2961979,77,215925755
239557068,47194795,2966829,77,216047236
238910308,46928519,2955742,78,215455054
240100473,47242728,2969675,75,216692382
239645284,47155340,2963033,75,216131026
239742180,47160299,2965973,78,216198684
239650659,47150689,2963460,76,216306360
239782818,47203017,2965538,76,216360830
240110770,47248742,2970634,78,216505420
237378777,46720471,2937798,77,214146025
239611191,47197716,2965923,77,216204105
239587076,47228375,2967016,76,216168099
223911573,44799432,2821220,78,201762327
239465715,47133019,2971368,74,215877950
239474234,47205435,2969600,77,216043223
240013258,47392971,2975780,79,216484130
239692021,47238117,2974568,76,216045165
239631687,47235946,2974120,80,216044033
239800884,47307456,2973403,75,216342046
236995928,46745767,2939208,76,213673502
239608403,47302279,2972040,78,216121729
239239360,47148147,2967276,76,215703460
239204491,47117178,2966828,79,215679549
239478429,47183952,2968395,79,215813742
239344197,47118604,2964924,79,215677484
239871789,47292786,2974776,75,216345634
239413250,47184238,2967545,77,215858500
239647791,47315733,2971491,78,216042771
239609632,47323019,2971904,78,216015413
237170437,46794529,2943369,73,213692110
239520593,47303488,2970576,75,215948126
239252321,47265390,2969648,77,215721928
238998109,47089712,2963613,79,215483895
239616612,47193593,2972118,76,215982228
239495956,47214425,2969035,77,216047288
239821190,47251563,2978419,76,216222154
239789032,47297722,2977675,76,216311972
239763643,47332752,2977636,77,216262428
239461999,47269977,2970501,76,215839311
237276506,46833094,2944060,75,213991560
239338378,47231692,2967379,78,215771795
239376059,47280238,2972553,77,215760233
238806633,47054093,2960966,78,215368173
239526427,47262258,2969651,77,215952417
240937736,47582210,2988582,77,217246297
241224532,47517140,2993560,76,217480231
238784268,47105243,2960628,76,215501969
238752601,47133329,2960031,78,215239387
239720779,47283338,2971865,76,216191173
236918380,46739257,2938190,76,213599384
239746999,47311207,2973599,77,216146588
239337622,47233304,2968103,76,215815046
238848503,47033943,2961715,78,215446135
239735101,47233335,2972866,75,216115192
239388344,47224686,2968229,76,215746494
239552170,47081218,2974227,76,215868395
239511946,47244092,2969728,75,216180879
239708772,47258322,2974532,79,216088612
239540480,47235536,2968943,78,216082459
236966038,46727941,2938091,74,213687906
239304923,47213651,2967422,77,215784895
239075170,47141885,2965429,78,215577076
238784102,47018443,2963118,77,215314536
239016971,47115225,2964832,76,215486638
239253136,47213464,2965565,76,215844085
239614805,47238264,2971472,76,216099446
239969211,47309688,2976478,76,216463329
239582364,47307952,2970281,77,216133807
239382100,47251625,2969350,76,215958897
236801705,46792887,2940840,75,213578811
239326309,47274379,2971117,76,215807897
239548272,47342309,2974334,76,215946971
238615116,47040506,2960343,76,215196458
239670795,47238884,2972564,78,216211679
239824160,47274007,2973997,80,216249200
239307598,47272923,2969714,81,215821027
239569822,47272364,2971679,77,215991630
239405950,47294715,2975298,75,215819123
239509811,47304666,2974596,76,215865422
236959396,46779092,2941522,76,213683572
239645606,47327978,2972359,76,216123825
239540236,47316787,2974965,76,216053777
238637639,47066369,2962277,75,215168605
239638348,47284144,2971174,80,215972070
239244934,47181813,2967534,78,215702184
239197507,47252834,2970878,78,215706774
239673637,47356312,2975823,75,216241952
239653320,47323917,2974194,75,216155148
239728434,47364749,2972842,78,216150835
236954124,46781257,2937359,75,213698337
239694740,47284609,2974973,75,216155179
239467283,47258445,2968867,77,215906679
239015272,47137329,2967561,78,215461389
239345227,47135375,2967522,76,215794948
239888705,47309037,2973170,75,216239354
239454322,47316260,2972380,77,215833844
239926190,47347508,2975054,75,216376378
239411834,47224407,2974361,76,215788273
239785956,47325374,2975431,77,216138317
237341614,46788547,2942955,76,214036472
239310743,47199297,2967395,75,215737282
239161008,47152425,2966150,77,215531503
239000532,47156300,2967297,77,215505820
239686849,47258569,2971994,76,216141878
239416634,47255903,2969152,77,215815371
239716268,47267839,2975558,78,216115844
239556265,47198925,2971747,76,215956950
239525545,47290530,2970261,79,216040344
239668370,47302775,2972801,75,216174718
236673331,46684666,2935134,76,213298486
239502092,47252772,2969254,76,216025904
238902160,47112373,2961638,78,215457965
238824171,47114078,2962119,76,215315758
239491534,47149728,2970226,75,215841688
239352605,47248711,2970300,79,215891792
239581704,47208473,2972471,76,215844793
239691836,47238543,2972815,76,215995869
239538343,47221854,2972027,77,215844163
239545097,47288371,2971590,76,215944852
236622186,46725369,2934677,76,213553933
239813173,47285229,2973578,75,216275761
239374924,47214611,2968855,77,215958385
239436112,47264676,2970093,77,215787291
238870985,47035307,2961708,75,215335430
240350733,47471168,2980287,79,216646164
239554685,47258352,2971348,77,216057253
239624720,47319825,2975023,76,216079078
239761811,47379407,2976234,78,216070045
239762435,47350918,2974086,76,216433546
236708532,46701809,2937063,75,213471459
239386317,47228406,2968549,76,215786114
239193562,47195112,2965292,78,215714946
224711557,45025949,2828349,78,202481532
238940413,46884523,2955072,77,215553435
239637122,47175241,2964284,76,216242524
239541598,47200103,2964581,76,216121570
239776252,47294312,2970211,80,216299973
239467161,47172204,2967618,80,215939183
239756363,47278905,2970205,78,216272378
236819929,46699669,2934844,73,213794036
239707865,47262414,2967669,79,216339097
239025657,47058991,2959141,79,215601474
239356054,47175210,2962602,76,215886616
238849648,46940757,2955807,76,215523460
239363696,47136615,2961562,77,215929247
239519218,46979795,2964837,77,215828875
239602881,47093299,2964460,75,216077438
239448776,47144644,2963280,76,216038481
239444367,47161446,2961752,76,215898423
237019487,46736033,2935182,76,213783411
239387719,47185130,2963473,78,215924211
239368435,47169909,2964932,76,216002248
239484328,47183704,2963491,75,216048451
238967191,46926776,2957333,77,215619576
239325709,47118077,2959608,78,215873501
239554051,47202242,2966004,77,216077784
239546160,47162811,2964121,79,215995462
239936985,47097245,2971408,76,216452600
239336097,47109769,2964221,77,215849908
236673256,46610018,2932046,76,213494797
239294447,47126261,2964652,76,215795116
239325531,47068198,2961349,77,215774502
239373706,47078056,2962467,76,215941043
238932383,46915802,2956945,77,215580566
239644820,47107506,2963991,76,216182751
239620887,47155029,2967461,78,215919514
239961956,47204350,2969193,79,216582161
239611713,47195298,2966995,79,216055551
239137630,47089960,2960110,78,215732667
236550047,46440634,2925800,78,213484381
239334546,47044762,2958915,77,215889099
239506510,47103228,2963528,77,216061930
239342727,47112280,2960257,76,215870470
238872954,46913198,2954601,79,215455073
239755317,47170786,2964730,76,216325534
239901829,47201056,2967728,78,216377701
239401844,47038996,2961583,79,215943253
229827063,45396275,2863481,78,207073347
239546995,46984673,2955487,78,215982718
236766588,46401213,2920177,76,213709783
239463901,46944296,2951673,75,216141471
239104711,46870444,2947432,77,215684418
239791686,47048587,2960279,79,216386947
239000199,46723869,2947325,78,215548585
239584337,46940323,2953984,75,216092096
239561177,46953901,2955123,81,216265412
239362066,46919522,2953242,76,215811076
239322395,46981336,2955234,77,215778729
239560789,47062463,2955361,77,216259017
236912987,46521606,2924093,75,213760673
239463665,47050962,2955530,77,216030455
239667879,47032889,2956693,75,216077410
239431503,46975986,2955248,78,216219784
238803051,46808406,2945899,76,215358292
239413692,46954769,2952045,76,215958075
238796189,46851322,2947114,77,215465670
241212706,47286996,2976314,76,217748211
238867244,46850815,2948228,76,215481337
239394952,46998676,2954197,76,215950328
238750883,46868713,2946384,76,215449405
241232555,47372866,2978563,79,217533698
240944807,47275558,2972799,81,217330903
241198113,47341556,2978241,76,217530754
240469114,47098547,2966232,77,216884839
238742311,46809069,2942914,76,215453288
238710822,46787586,2945449,79,215357602
241040128,47244061,2973387,77,217459672
241051988,47258260,2973654,81,217472277
241117221,47199824,2977444,76,217369550
238378150,46701933,2940501,75,215031203
241035144,47259871,2971571,77,217467130
241128999,47317996,2976647,76,217358853
241147036,47258973,2973977,81,217474903
240527255,47074429,2968293,76,216863255
241219588,47343974,2976187,77,217611019
241200425,47293630,2977106,76,217531035
241201641,47265204,2974983,80,217538984
241256048,47275867,2977919,80,217613912
241106884,47319062,2977234,78,217478343
238574694,46804035,2944940,75,215316791
241011269,47279742,2974392,78,217384648
241143859,47345928,2976217,78,217707942
239021051,46889514,2950018,75,215743507
238349092,46672700,2942054,77,214886075
238951239,46819299,2946358,77,215672517
238872114,46834737,2947738,77,215435403
241133361,47272984,2974910,77,217541128
241253287,47352716,2977877,77,217604304
241129438,47351972,2976194,80,217498362
238610200,46870604,2944774,75,215296351
238732559,46901604,2946526,75,215303677
241067826,47381609,2974329,77,217416346
241336983,47352375,2975370,76,217812403
240654581,47135220,2967584,78,217021787
241205763,47329994,2972230,82,217826319
241018617,47315299,2974058,76,217464023
238704476,46892428,2945127,78,215338357
240831882,47202087,2968579,75,217311992
240832772,47259256,2971838,75,217263319
238682989,46899553,2944827,75,215361846
238877335,46934929,2947659,78,215469933
241097893,47371595,2976352,77,217505422
238771897,46892769,2947065,76,215343107
240577084,47195020,2967174,76,217011749
240937288,47151185,2969665,76,217398932
238718888,46832567,2944594,76,215452884
238817677,46889049,2945564,79,215439564
241098479,47304108,2974243,76,217435805
238783860,46914748,2945578,78,215438231
238385997,46816323,2942070,78,214880513
241240931,47398503,2976657,76,217652278
241096575,47346905,2973971,77,217499364
238692753,46808247,2943679,75,215408322
240667588,47131686,2967724,77,217058803
241251961,47300636,2973453,77,217658169
238739808,46847106,2943412,78,215476314
238674209,46817253,2942772,78,215459759
241173437,47274597,2974725,80,217655543
238545803,46766723,2940517,75,215044261
241207001,47333682,2976941,76,217541794
238681184,46733026,2943718,77,215329707
238738240,46809937,2942501,76,215399085
238774322,46830769,2944734,79,215322027
238326659,46697066,2940166,78,215039133
238885524,46834768,2943400,79,215439551
238724348,46794809,2945096,77,215363090
240862408,47312633,2972683,78,217141146
241216846,47339479,2976273,76,217597546
238534306,46844533,2941638,79,215278552
241086871,47331358,2971749,80,217503501
241171930,47420234,2975663,76,217698580
241074513,47327203,2971496,78,217541272
241025504,47288112,2970709,77,217542263
240500545,47063735,2965648,79,217036140
241216683,47282253,2971532,79,217688812
240839479,47240031,2968072,75,217352956
241052820,47314214,2971150,77,217483842
241160848,47348811,2972159,81,217730924
238466867,46788330,2943181,76,215173914
241075546,47351233,2973596,76,217489955
241191900,47389508,2976521,75,217774040
238767808,46909726,2947449,76,215504503
238992601,46926931,2950071,77,215638765
238484608,46732654,2943479,77,215131651
240947458,47201870,2970612,79,217431417
241210163,47287672,2975140,80,217743898
241212067,47306037,2973071,81,217555722
241295632,47337991,2975727,77,217711764
238815791,46825871,2943363,76,215370691
241009054,47352530,2971528,78,217553206
241148659,47407339,2975517,77,217614850
241252342,47401076,2976106,75,217718095
238717830,46887840,2946025,75,215265337
238336925,46666159,2939765,79,215176633
241091047,47262320,2972001,76,217478077
241009885,47266661,2969827,79,217463713
241142528,47308789,2974696,78,217495274
241076059,47366046,2974183,78,217518686
238559021,46758849,2941227,77,215245738
238775067,46838581,2942529,77,215424863
240917654,47282222,2969594,75,217426834
238836291,46841154,2943980,77,215489426
238728258,46837682,2943821,75,215258401
238216221,46656301,2937877,76,214930079
241031369,47235816,2969851,79,217427296
241156876,47312013,2974852,75,217549478
240978883,47297474,2969752,76,217453494
241116383,47328877,2974484,76,217539971
236753079,46406720,2918772,75,213543043
238749940,46764026,2942391,78,215370378
241175298,47261018,2976512,76,217334572
241135412,47371596,2975492,79,217550008
238728261,46871534,2944616,75,215219423
240710993,47141451,2969746,77,217186165
241105912,47268551,2969733,76,217549837
238828102,46794995,2942705,76,215412502
240730149,47266040,2968071,76,217269223
240994692,47286191,2971545,78,217384281
238795359,46846269,2947227,75,215393260
238976837,46927582,2950250,78,215763014
241038855,47312943,2972155,80,217426880
241350541,47395558,2976928,76,217676792
241105403,47360734,2976042,78,217504566
240548469,47157056,2969375,79,216962504
240858254,47207574,2968752,78,217446416
240988746,47276456,2971276,75,217381010
241087686,47334426,2973012,77,217480508
241104938,47348904,2974532,78,217335250
238534744,46827669,2942407,75,215292096
241218738,47361799,2974405,77,217709450
238716125,46945314,2945378,78,215495077
241080378,47362388,2974477,78,217610352
238717564,46870170,2945155,77,215532218
238160028,46658161,2936664,76,214874656
241067671,47275867,2971041,79,217500375
240923224,47223044,2968943,79,217303109
241027831,47291894,2975044,77,217419117
240771965,47273655,2971800,77,217307316
238284019,46739299,2940360,76,214933965
240984505,47276797,2970960,79,217512368
240817143,47264584,2966928,77,217377729
241002781,47347167,2974656,76,217279871
238780901,46874448,2948162,75,215276914
240302992,47123657,2965410,75,216729617
238624499,46620806,2942408,79,215288067
241217355,47306123,2972903,77,217660596
238736595,46881454,2945831,75,215339391
238842939,46932883,2947436,76,215414015
238679552,46879811,2945516,76,215330559
239001636,46944911,2949327,78,215617600
239122508,47000246,2949638,78,215797405
239021469,46975694,2948882,75,215716661
239043128,46992280,2949216,77,215708544
238369201,46785447,2942753,77,215071453
241127555,47276270,2971602,77,217491468
238713885,46845897,2945571,76,215323102
238741842,46876401,2945560,76,215406754
238629533,46828816,2942326,79,215286523
238813528,46902410,2949270,76,215378037
238938151,46855972,2947035,77,215600596
239009684,46886755,2947264,76,215636275
238968990,46918127,2947857,78,215512287
239331098,46880028,2952540,80,215949649
238148784,46676172,2934659,77,214964485
238709050,46721866,2943651,78,215166325
241202580,47314648,2973462,80,217593547
241046358,47294344,2971374,80,217362918
238917446,46924110,2946625,77,215521936
238635978,46811053,2942127,76,215382764
238745391,46846238,2942256,76,215565666
238902885,46873580,2945145,76,215527341
241161375,47356715,2974845,75,217483509
241254032,47387250,2975834,76,217708866
241090277,47315826,2972207,78,217520019
238480578,46730360,2940688,77,215175578
240913660,47238234,2972085,80,217307976
241259329,47393481,2977292,78,217671093
240834744,47313780,2971514,77,217240602
238565084,46783348,2942238,75,215338221
238764813,46838355,2944052,75,215362603
238814301,46856654,2943026,76,215497354
239018877,46945779,2949014,76,215555822
241064842,47323700,2973908,79,217421430
241164210,47375161,2976700,81,217674841
240493232,47090239,2965045,78,217017848
240878144,47237923,2969587,76,217392838
241171407,47310215,2972654,79,217550236
241181409,47416329,2972932,78,217688006
238549543,46849555,2943400,77,215271181
241201828,47373548,2977122,78,217647100
239146594,46899682,2947369,76,215700006
238821687,46858297,2943969,77,215580415
239138234,46971478,2950193,77,215805584
240961917,47312261,2974915,77,217389063
240355172,47059612,2960621,81,216856329
241145616,47258352,2972494,80,217550589
241101332,47245239,2971456,76,217489175
241118034,47314028,2972414,78,217544200
236572984,46368404,2918065,76,213389223
238805810,46928605,2946393,78,215453217
239444999,47003191,2954485,76,216063769
239394380,46969897,2951976,77,216034245
239039024,46943144,2948788,77,215816779
241021797,47298467,2971705,79,217474541
240416394,47051179,2961788,78,216866528
238973852,46823710,2945255,76,215754061
241155800,47335874,2974495,77,217525290
241141359,47410319,2976220,77,217510196
238569134,46868088,2944095,81,215248210
241134021,47357739,2973632,79,217596402
238831867,46896675,2945179,78,215593638
241190944,47358048,2976801,76,217625870
238699149,46802528,2945290,79,215238608
238956066,46947794,2946994,77,215603279
240515566,47111288,2964875,76,216825451
238925966,46808542,2946430,78,215448725
238827651,46888863,2945056,77,215566644
239026386,46891405,2948139,75,215615114
238712791,46832133,2941345,77,215436875
238536299,46826212,2941193,77,215230408
239448670,46967417,2951250,76,216085331
238862849,46847602,2944923,75,215606133
241139537,47323701,2973462,80,217509625
238779750,46871720,2946183,76,215515205
240586342,47125951,2963820,75,217167180
238745815,46769110,2943907,76,215252085
238710450,46886848,2945915,77,215216658
238949355,46888646,2946088,77,215561507
238779580,46841650,2942731,77,215366129
239128704,46949468,2951263,79,215610401
239097344,46946151,2949898,75,215777939
238880359,46849431,2946148,77,215462581
241275949,47356250,2973870,77,217632585
241134696,47315796,2974672,81,217487790
238267753,46648458,2936867,77,214999564
241242283,47311641,2973453,75,217619290
238717540,46828847,2942305,75,215317293
238921941,46900736,2945339,75,215552581
238790113,46857119,2946741,78,215389958
241240943,47345214,2975901,75,217791205
239397487,47026782,2953867,77,216031885
239603711,47056294,2957306,77,215998251
239212520,46982731,2953252,79,215857533
238860074,46849586,2950638,76,215392438
240511042,47114921,2964892,78,217123794
238882253,46921098,2946116,78,215469896
241168201,47317283,2974778,75,217542735
238772525,46876649,2945933,78,215440002
238719786,46833342,2943084,78,215552736
238718338,46807984,2943489,76,215363531
238726450,46865179,2941928,75,215505729
238719205,46836101,2942420,79,215341184
241213758,47325870,2972452,77,217532213
241224701,47336255,2974204,78,217618301
240673128,47139178,2964670,79,217137929
241099942,47235547,2971322,76,217533440
238788159,46846610,2944599,76,215464285
238417171,46835512,2942232,78,215095242
241147001,47324227,2976628,76,217597474
238493978,46762538,2939780,76,215081361
241151399,47323639,2971645,78,217458844
241225563,47321840,2972347,76,217551495
240808573,47217370,2970557,77,217249569
238649599,46781913,2942384,76,215405374
240516035,47074677,2964904,76,217155630
241083094,47167089,2972480,82,217447221
241153141,47337464,2975472,75,217557236
238472035,46736002,2943441,76,214974763
241167066,47354855,2977768,76,217672902
239056784,46918034,2947521,77,215680332
238772059,46825375,2945117,76,215489218
241202117,47350577,2976006,78,217621300
240881818,47313564,2969780,82,217413136
241056155,47399495,2973979,76,217552188
240601020,47139095,2967866,77,216994505
238780416,46808294,2942401,77,215459716
241222109,47343106,2977215,79,217728986
238544593,46817222,2939401,78,215255887
241132535,47350454,2977449,81,217453681
238738128,46929194,2945585,77,215389484
241218208,47382407,2975657,77,217516388
241150840,47317631,2973144,77,217587104
241095274,47301194,2976045,77,217344448
240962386,47347447,2974159,78,217440670
240417989,46425692,2976779,78,216249624
239678229,46299088,2966851,75,215884250
241217624,47249269,2975666,76,217671078
238525852,46767653,2940845,76,215162765
241246620,47325002,2973392,78,217622459
240946180,47350857,2971953,79,217311940
238838852,46944756,2947699,77,215420816
241012736,47311145,2971635,77,217531878
241072047,47286438,2971913,76,217366546
238792592,46889607,2944026,77,215596770
240456323,47088007,2965015,76,216965830
238828818,46815021,2941068,78,215595953
238788001,46850361,2945302,77,215464817
236322852,46313322,2911598,76,213245995
238763727,46864523,2945757,77,215369510
240876219,47298591,2972011,79,217377660
239754319,47092502,2958539,77,216308390
241179416,47381949,2976410,77,217535635
238867894,46862947,2946606,75,215485022
241071489,47250571,2973124,77,217452029
220336697,44362053,2798515,77,198163657
239054538,47144334,2962350,75,215517211
238699510,47087790,2958555,76,215221181
238860482,47154533,2961650,77,215330649
238745491,47187114,2964536,76,215183192
241141415,47694709,2993568,80,217578188
241118759,47633576,2993091,75,217479850
241073607,47665320,2992075,79,217284219
240900189,47583976,2989973,76,217167432
240964328,47513172,2989013,77,217169257
238996995,47066649,2963225,78,215437359
238744462,47109738,2959089,77,215332498
238967228,47074181,2966045,75,215382616
238887994,47114098,2961784,76,215494901
238787282,47050601,2960889,76,215348504
238955868,47162128,2964380,77,215449194
239453761,47285260,2970392,78,215938236
238713941,47106111,2959174,78,215250926
238840031,47088503,2961824,77,215361382
220458904,44393208,2792590,76,198471909
240724420,47351848,2980717,76,217277847
238888498,47014785,2954758,75,215498316
239073223,47047676,2958108,76,215594253
238689313,47032951,2955901,76,215300642
241094890,47487659,2987041,75,217408947
238760815,47080753,2958322,76,215505401
241232277,47592483,2986523,81,217572500
241103986,47581794,2986454,79,217398280
241214775,47565965,2987289,77,217423108
238932115,47030285,2957606,76,215603510
240641504,47263095,2974702,77,217054296
241252207,47502416,2983417,78,217575154
239344962,46998076,2963799,77,215885613
238770044,46958303,2953994,78,215455358
238882772,46978763,2955177,77,215349834
238864088,46985211,2955494,75,215352953
238806470,47015684,2953761,77,215493503
239169974,47072817,2958631,78,215783328
239052909,47048389,2957850,77,215765936
239135989,47008399,2963142,76,215689831
238447734,46887654,2954112,78,215206201
238827692,47027588,2955796,76,215497628
239050715,47078645,2957117,75,215807358
238536685,47036826,2955021,77,215192873
238791502,47033571,2956458,78,215248618
238658557,47022349,2951900,76,215169674
241120917,47498509,2984633,75,217516598
241086941,47504926,2982926,77,217377775
241009568,47541631,2984527,79,217496410
241051879,47485706,2983139,76,217424129
240479452,47325591,2978382,75,216967001
241094826,47450025,2981284,77,217511066
241250892,47532424,2983214,79,217704746
238404747,46937347,2951388,76,215016595
241186772,47498199,2988232,78,217609638
238746590,47088379,2957168,75,215398235
238910787,47149108,2959837,76,215550643
238710980,47080784,2957677,77,215336764
238797028,47070399,2957595,77,215451499
241225327,47497517,2987618,76,217701845
238445099,46911679,2954043,76,215078154
239938028,47216409,2966107,77,216475366
239698788,47214023,2965411,78,216297694
237272330,46526162,2939057,75,214012986
239662665,47239225,2967984,76,216276419
239847628,47213496,2968209,78,216275697
239720969,47265916,2968857,78,216263439
239990687,47293816,2971791,76,216366789
239421711,47184262,2964078,78,215875437
239648084,47200134,2967533,78,216266009
238957223,46936727,2956024,79,215422264
239937039,47207698,2967861,75,216452877
239477015,47143187,2963142,76,216044372
237004476,46666531,2931488,76,213943553
239665046,47190772,2966641,77,216121586
239225742,47121115,2961845,76,215852112
239530719,47157416,2961112,78,216040128
239645304,47183116,2964072,77,216219313
239771898,47157819,2966106,76,216393897
239479066,47029541,2963354,76,215877621
239389710,47005888,2963366,76,215953807
239998472,47121081,2967549,78,216564755
240227217,47235384,2971226,76,216562920
237416560,46635624,2938105,77,214277053
231782019,45817565,2887192,77,208827084
239334858,46983444,2956722,77,215830177
240069130,47146194,2966699,76,216409947
239646935,47103197,2961960,78,216163109
239534241,47069005,2959587,79,216033011
239687282,47089340,2960886,75,216058915
239409397,46956536,2958808,76,215838341
238835610,46841464,2950941,76,215360953
240341757,47182588,2968127,76,216976396
237308975,46631966,2932540,76,214046544
239428145,46983847,2957384,76,215783097
239606982,46993147,2961605,75,216195085
239565795,47039771,2959999,77,215997988
238727485,46882871,2948982,75,215179622
238799727,46879501,2948927,77,215571541
241231356,47330923,2981695,80,217524473
240551808,47198709,2973284,78,216996721
241005612,47246634,2977945,76,217380947
241265227,47373889,2979657,77,217485982
238577901,46839232,2947187,79,215255326
241090727,47381391,2979605,80,217564280
241016797,47320198,2977593,81,217336208
241032295,47324193,2977161,77,217380065
241150966,47385300,2979764,76,217502496
238777754,46850082,2950006,76,215281602
239045033,46958489,2953601,76,215715145
238811000,46844843,2953540,77,215326599
238396041,46740869,2945269,77,214968240
240347855,47149635,2968056,78,216705038
237356437,46633516,2932732,78,214193918
239797235,47048266,2962513,78,216216301
239655299,47031215,2962491,77,216190819
239818034,47108623,2964499,79,216488622
239612172,47071577,2959686,77,216148760
239505537,47026131,2960335,74,215913096
239738142,47062711,2963255,80,216210006
240177003,47177845,2969296,78,216602372
238924094,46819361,2951635,76,215453115
239686623,47043956,2959898,76,216046393
236988353,46545259,2928795,78,213934105
239344544,47034284,2958234,76,215792692
239299673,46981801,2956220,76,215862755
239200731,46982948,2955984,81,215755511
239659780,47094021,2961110,78,216058006
239783930,47106235,2962129,76,216282648
239496668,47073562,2960661,79,215929576
239603178,47044080,2961637,75,216031121
239261385,46912020,2954816,76,215801106
239754958,47097679,2963877,76,216049990
236909190,46571547,2930244,77,213677370
239501602,47036206,2959237,78,216038171
239713116,47070957,2965648,76,216160378
239629987,47028186,2960915,79,216131637
239216931,46998687,2955628,79,215854295
239832449,47107537,2963913,78,216438651
239980576,47060138,2966313,78,216384196
239477533,47005919,2958998,79,216067235
238893368,46824073,2951039,78,215535609
239588112,47065099,2959201,77,216137881
236942800,46570399,2927299,73,213609001
239545752,47067671,2959496,78,216159972
239589386,47069966,2959024,81,216130813
239641092,47110265,2962080,79,216056399
239680635,47096842,2961247,76,216217290
239906292,47123449,2963621,76,216474788
239546770,47068375,2959181,77,216196415
239879900,47052388,2963506,78,216385392
238690137,46734793,2948877,76,215323917
241123691,47339541,2978727,79,217436904
238554574,46915368,2947012,76,215168540
240924362,47343479,2977149,78,217369007
238845679,46919367,2956292,75,215402064
238820332,46880741,2951964,76,215372730
238885797,46904952,2950566,79,215448966
238732653,46863133,2950635,75,215354665
238915704,46913043,2954762,78,215406968
240765975,47260352,2976016,76,217075139
238204002,46669832,2942714,76,214873264
241233062,47384243,2979596,78,217597888
238543506,46706149,2950463,80,215050291
240967851,47311765,2977338,78,217326109
241287182,47349369,2983997,82,217540296
241079555,47331574,2978808,77,217497652
241113074,47354173,2978196,75,217316248
241184962,47354545,2980374,78,217518627
238695751,46881578,2949420,78,215377246
238684031,46865334,2948129,76,215305739
238435246,46702956,2946075,80,215001994
238939923,46907339,2950967,75,215438761
238726290,46884678,2949022,78,215351284
238881661,46904612,2951680,77,215405955
241014784,47330768,2978541,78,217364629
241270563,47354545,2981808,77,217496713
241192265,47367286,2979900,77,217524167
239158305,46973028,2957526,75,215597032
238947269,46921909,2952995,80,215657504
240909754,47318462,2976270,79,217195540
240573265,47172677,2972639,76,217007615
238456601,46822514,2946292,75,214873553
241041052,47305007,2978024,79,217376615
241014042,47357273,2977912,76,217315796
241107078,47329591,2978872,82,217393140
241084092,47373703,2977543,78,217528019
241233514,47355599,2980696,79,217547348
238836242,46882229,2949828,76,215238087
239011863,46941997,2953253,77,215621575
238704786,46836752,2949046,77,215271136
240553238,47152549,2972911,78,216913100
238745684,46894350,2950411,76,215385774
241136910,47357790,2978956,77,217718879
238699971,46872010,2948900,79,215333867
241272567,47349988,2984549,79,217578559
238950428,46919987,2951782,78,215415110
241143591,47352282,2979686,80,217488372
239156174,46983816,2955255,79,215715227
238864294,46875192,2953463,78,215434352
241136696,47371534,2980731,79,217534538
240536620,47140025,2970597,78,216858336
238399216,46799056,2944476,79,215107186
241018977,47336193,2977649,76,217392561
241249339,47397961,2981970,75,217590011
241010660,47354313,2977938,80,217355407
238730403,46911896,2948942,76,215295624
238743321,46872061,2951267,79,215251935
238865060,46914407,2949687,76,215343999
241120582,47375749,2979550,77,217585833
234132084,45954833,2895191,77,211185836
238484486,46678063,2946095,78,215053862
236658502,46403744,2921380,76,213518807
238924340,46858793,2949034,77,215481931
238707541,46823267,2947495,76,215291259
239074493,46878044,2954182,79,215536326
239021101,46920917,2953543,78,215413727
239241527,46909912,2952575,77,215839517
238967898,46876866,2950876,79,215640487
241131646,47298373,2978345,79,217437025
239118983,46894164,2952859,78,215709210
238292452,46636120,2941233,76,215019657
238781666,46801381,2947617,78,215354943
240950806,47281137,2975392,81,217476003
241063368,47320012,2974829,81,217513578
241286415,47365426,2978950,75,217550403
241235614,47332008,2977845,76,217537391
238850580,46861366,2948540,75,215470382
238824348,46851167,2949473,77,215489033
238764930,46834458,2947799,79,215268020
238811358,46792019,2949888,77,215360397
240391778,47049970,2968729,80,216720958
238843651,46857279,2953035,77,215383508
238766673,46847938,2947480,76,215424009
240764395,47215356,2973441,78,217099411
238814028,46865768,2948239,78,215458335
238674425,46851911,2947104,77,215299660
239255382,46903681,2953409,77,215844956
239207764,46799397,2954849,74,215664477
241158179,47307363,2977345,80,217486561
241015447,47284299,2977245,78,217224280
240392390,47128928,2969054,79,216791555
238599873,46796979,2945737,76,215413904
238688637,46816850,2948236,78,215306862
238822777,46844750,2949463,78,215331166
238821019,46846378,2949179,77,215490571
241141881,47301643,2975977,76,217466634
238942054,46881361,2950874,76,215562168
241064801,47275340,2977112,78,217466565
240995713,47284113,2975006,77,217364060
241166396,47351787,2979132,82,217509307
240406197,47070585,2968739,78,216928567
238492529,46738451,2944537,76,215060616
239066889,46896272,2952230,75,215601386
238787559,46841185,2947888,76,215375586
241128142,47311424,2977529,76,217575264
238844063,46855104,2950479,78,215314418
238779022,46865830,2949283,79,215394139
238755129,46835915,2948265,79,215361527
238722708,46846114,2946613,78,215374000
241021604,47302279,2977809,79,217421865
240324025,47087512,2967106,77,216744657
238368270,46766103,2942579,78,214997953
241214120,47323483,2980711,77,217618199
238890894,46873332,2949609,76,215418044
241230960,47323948,2978054,76,217641765
238731963,46839914,2947607,76,215194987
241068185,47282346,2976732,78,217558598
238838065,46750448,2952712,76,215346702
238686897,46018476,2960594,81,214839842
239041663,46838457,2952783,76,215385056
240663172,47103198,2974202,79,216927187
238644858,46767436,2945936,75,215311632
239315813,46813471,2955641,75,215798798
238508275,46753982,2944875,76,215137315
239089371,46879470,2953494,78,215513136
223078386,44765239,2819462,74,200826141
238716922,47018412,2958123,78,215233983
238869577,46805845,2966305,77,215210301
238686438,46847602,2964488,77,215193768
240898180,47432200,2987948,76,217194980
240314067,47328474,2981666,78,216708677
238552577,47008306,2957002,77,215170624
240826281,47468440,2985678,78,216986874
238712201,47027464,2959592,76,215155083
238736379,47025294,2961456,77,215184838
240931363,47458302,2986291,77,217139714
241083546,47485706,2990306,75,217321969
241092765,47533012,2989368,76,217336429
240875670,47483754,2987703,80,217170630
240889682,47448511,2986977,76,217235492
240607934,47363995,2984006,77,216753087
238497824,46974051,2955911,76,215018081
240983629,47479599,2989036,77,217387487
238694711,47035586,2960337,77,215232318
241158981,47525263,2990377,80,217409774
241180483,47465866,2992377,75,217331129
241071207,47522937,2989877,76,217344206
241099386,47505453,2989705,76,217363603
241097361,47475043,2989464,81,217309314
240950956,47463727,2989177,78,217199392
240335206,47269047,2979585,77,216677686
238588457,47006694,2957319,81,215075607
241105207,47519031,2988898,76,217409616
241119506,47496898,2988196,79,217375489
239876515,47278223,2974578,75,216039992
239702999,47262010,2972904,76,215910453
239759347,47221679,2971592,77,216201578
239312022,47150875,2967687,76,215871358
239368419,47079389,2969892,78,215838973
239697007,46933193,2977776,76,215889649
239105569,46962550,2968546,75,215643126
237117433,46663555,2942408,77,213859431
239733117,47203699,2971145,77,215903848
239880878,47226298,2974105,77,216256561
240079874,47260988,2975131,78,216414664
239686785,47223880,2971812,76,216163189
239761171,47231847,2973242,75,216268221
223144657,44738300,2820557,75,200824717
239623282,47026968,2962795,77,216124880
239872054,47060510,2970585,76,216355023
239074349,46910997,2957390,76,215596922
237345846,46637794,2935043,77,214052624
239625491,47084721,2964127,75,216105478
239892596,47110017,2967018,77,216505209
239479735,47079761,2962021,76,215929059
239665309,47138165,2964679,77,216116681
239492539,47081901,2962697,79,215981931
239411216,47108095,2961561,79,216003330
239327278,47063475,2962823,76,215801043
239446484,47036930,2962365,76,215885313
239145680,46979507,2957601,78,215719982
237189221,46551366,2935959,77,213909194
239525996,47086178,2963078,77,215944432
239722100,47091014,2964029,79,216283585
239587516,47058309,2962335,77,216191229
239696488,47148426,2965519,77,216216801
239546498,47069407,2962725,76,216071207
239731439,47096749,2968639,76,216143155
239402071,47074584,2961523,76,215933912
239545808,47039833,2964603,78,216006902
239625354,47134446,2964200,78,216155498
236516717,46406099,2925608,73,213417798
239781047,47164144,2965298,77,216182921
239678432,47059890,2965629,79,216216521
239600962,47086643,2965210,76,216199719
239641138,47112466,2963229,75,216046661
239368602,47025170,2961269,75,215965069
239639218,47106886,2964168,75,216184772
239525942,46982204,2962078,77,216038625
239834268,47118759,2968121,79,216248916
239569015,47094393,2962127,77,216048239
236898671,46439239,2929456,75,213764323
239532386,47079606,2962046,76,215986999
239608288,47081218,2965808,79,216116664
239552238,47087996,2962322,78,216061338
239524655,47000723,2962046,78,216108179
238927975,46949809,2955742,75,215437600
240847927,47364806,2981022,75,217281603
241123465,47395558,2982599,77,217471650
238781510,46916174,2955081,78,215351869
240917034,47354607,2980687,76,217446960
237845280,46662470,2940942,76,214411727
238941727,46967014,2955635,76,215531209
238954126,46952506,2954182,76,215617552
238820010,46969401,2954397,77,215429194
238907487,46986606,2955246,77,215491292
238728785,46947422,2953005,77,215352391
238723148,46928171,2950596,77,215298214
238942802,46967076,2954005,76,215492875
238831340,46811704,2958110,77,215302203
239160560,47022039,2958790,76,215732707
235784661,46244001,2918372,75,212560039
239231229,47022721,2959193,78,215879764
239029890,46960349,2956779,76,215642912
238793650,46969804,2954353,76,215485471
238735964,46903805,2952326,75,215321969
238840912,46955761,2954516,76,215507135
238721784,46888615,2957674,77,215136826
238770599,46957125,2955051,76,215319650
238836663,46918840,2955152,77,215359032
238750345,46907835,2954046,75,215287944
238086727,46713186,2946014,75,214744742
238947982,46993209,2955351,78,215622886
238853399,46953684,2954123,79,215274196
238766741,46930651,2953225,79,215384052
241211630,47381950,2982050,79,217522176
241143115,47394938,2982310,75,217598839
238768374,46931798,2952856,75,215440016
241222385,47364341,2984730,77,217573001
241056215,47331381,2982242,78,217545213
241206917,47404804,2984370,79,217598217
235773804,46265493,2917449,77,212517916
238567358,46857730,2952459,78,215036169
241249640,47397232,2983735,77,217668577
241063140,47378446,2981251,75,217549947
238766982,46876835,2955669,76,215405937
240935745,47339138,2979671,78,217412501
240986605,47363195,2980108,79,217271119
241228039,47424512,2983918,77,217749584
238793102,46892118,2953553,77,215270218
241002040,47361613,2982254,75,217389532
236030382,46305660,2920082,78,212938733
239039430,46997301,2956627,78,215578631
238804080,46940664,2953503,78,215350706
240961039,47352685,2981067,79,217319267
238789455,46945159,2953932,75,215238122
241100987,47369239,2981590,78,217459731
241208861,47456164,2984140,80,217586075
241107294,47368371,2984375,76,217548839
241176809,47386072,2982603,75,217470682
238752993,46915368,2953923,75,215358347
238300114,46742295,2948933,76,215048193
239273820,47065315,2959908,75,215775470
238812409,46968688,2953838,76,215443421
241217919,47406192,2983712,79,217566445
238903633,46940044,2955433,77,215637426
238790340,46935208,2954591,75,215406698
241097049,47377764,2982008,76,217584453
238942756,47016273,2956587,75,215434378
238959497,46975756,2959038,77,215549587
236424198,46490358,2926168,77,213273191
238345774,46721804,2948561,76,215027717
239013189,46957218,2955030,78,215619327
238892499,46798653,2954738,79,215556782
241263243,47415472,2984157,75,217490514
238785547,46929740,2954066,76,215281440
241269336,47424152,2984161,78,217494683
240809493,47343280,2980710,78,217173080
238824406,46915152,2955283,78,215441434
238945389,47032238,2957443,76,215664867
238729155,46926838,2954092,75,215350223
240587020,47183549,2977256,78,216855801
241022543,47374912,2981390,77,217367311
238763193,46919057,2953234,75,215466210
241216173,47381825,2984213,76,217592736
238917054,46930527,2955543,77,215558815
241062677,47286935,2983506,77,217468726
241185399,47414995,2985313,76,217603902
241282900,47398379,2985302,76,217557779
238745888,46902968,2953487,82,215370376
238747886,46911245,2953833,77,215304865
238494602,46802187,2949673,75,215052710
241169810,47388924,2982524,77,217648234
240886009,47357057,2978885,78,217317617
240859035,47334736,2979038,76,217345902
241113293,47413383,2983039,75,217473123
238671625,46884988,2951970,79,215282382
238994155,46981274,2956242,75,215547224
238698733,46916360,2952423,77,215153221
239052028,46990543,2955884,76,215752147
236510524,46467449,2925127,75,213356514
238284087,46748185,2947706,77,214874264
238869951,46947205,2953531,78,215397622
238933121,46952196,2954545,79,215674641
230370091,45787216,2883917,77,207576499
241165850,47505888,2988509,81,217392096
238869897,47039895,2962225,75,215337669
241186959,47564973,2989375,77,217519614
239189745,47131655,2965987,77,215535382
239043574,47099477,2963404,78,215611995
236379198,46574430,2930766,79,213105929
240665179,47284733,2984626,79,217055963
238780128,47041600,2960474,76,215278646
241110095,47503035,2988724,76,217171224
241283882,47563362,2990294,79,217599149
241196191,47537500,2991043,76,217423110
241137815,47489123,2989078,75,217405530
238943282,47063331,2962527,77,215327499
238963038,47070027,2964065,76,215345031
238921434,47029417,2963220,77,215436837
236391167,46596750,2930034,76,213148974
238348860,46865365,2956416,75,214941055
238591978,46872681,2960011,78,215049228
241190274,47481552,2990568,76,217422144
241191061,47561098,2991012,79,217485126
240864926,47446151,2986302,77,217196361
240928884,47389730,2986632,77,217189793
241248429,47535182,2990239,76,217504168
241171984,47530408,2989706,77,217531778
238996043,47100718,2963910,78,215394184
236428024,46634600,2933439,74,213230431
240453842,47291988,2980918,78,216748777
241281870,47562338,2991103,76,217504925
241066968,47494045,2986977,79,217435770
241109461,47535616,2990248,77,217316280
241054121,47478391,2988539,78,217247731
238816209,47077188,2961292,76,215553068
241179086,47518845,2990946,76,217284832
241061333,47533136,2989133,76,217475120
241252524,47538468,2989848,77,217436780
238675335,47037012,2959183,77,215238312
240341116,47278162,2982343,77,216554880
241116318,47512242,2989592,77,217463196
241030218,47473244,2988561,78,217289072
241104287,47546931,2989851,77,217417955
241127313,47499378,2991097,79,217359547
241093686,47502322,2990361,77,217379784
241129378,47487783,2989399,75,217398052
241108009,47517667,2988641,79,217391255
238740830,47023651,2959508,78,215132056
238705818,47037539,2958123,75,215283309
240416378,47272179,2980374,78,216676673
241000069,47473926,2987712,76,217344390
240809978,47445964,2984892,76,217128437
238741753,47068167,2960483,77,215209325
241060859,47476096,2989108,76,217304240
240991584,47510073,2987074,80,217604355
241182687,47456194,2989944,77,217439499
241113475,47454551,2990742,77,217408369
238663817,47019652,2958196,76,215157380
238462248,47002168,2957826,75,214807942
240559208,47336348,2982535,76,216828971
240830379,47381609,2983952,79,217244812
241045220,47515931,2986782,77,217459991
240910383,47481211,2985771,76,217314296
241160228,47483076,2989697,75,217454672
241113448,47498226,2989032,79,217268487
241188994,47496866,2990956,76,217429465
239643780,47218269,2971661,76,216227249
239189919,47122293,2964421,77,215597968
236350594,46590302,2931567,76,213030923
240616341,47348841,2983123,78,216883464
238711888,47000866,2958482,77,215204640
241149710,47478824,2990657,75,217352162
238830331,47091200,2960108,75,215462680
238984739,47094052,2962520,76,215560024
238786826,47075576,2960494,76,215269255
232015139,45876961,2892082,76,208943577
239161241,46935456,2953212,81,215422410
238870136,46924296,2949754,78,215044565
238671709,46899372,2947934,77,214975912
240547253,47209404,2968738,80,216591631
241152008,47340006,2977741,76,217126802
241282408,47367410,2978283,84,217306814
241106037,47330520,2976485,81,217121907
241207866,47370046,2977707,81,217365122
239500126,46915678,2960106,76,215526933
239077634,46964410,2953989,76,215403287
239006995,46905479,2950686,78,215065691
238718294,46875192,2947153,80,214976278
238630299,46834892,2946266,77,215027026
240464431,47141606,2968195,76,216719387
238935712,46863567,2949776,79,215086868
241291182,47367286,2978525,82,217308932
241237845,47390382,2979056,83,217218679
241118493,47331915,2977217,77,217137417
238757944,46871286,2948291,76,215045708
238797462,46812634,2946519,76,215090516
241099082,47300171,2976887,79,217176765
239343930,47004989,2955184,75,215615780
238823445,46895745,2952015,79,215139238
240594844,47229832,2970655,77,216770028
240756990,47224160,2971353,80,216836678
241033353,47311734,2975242,77,217118446
240716127,47280486,2972366,82,216678850
238827205,46871255,2947166,76,215087922
241214792,47370324,2978398,80,217326888
241117593,47367597,2976798,79,217163587
241238693,47374633,2981732,79,217258056
241032026,47341928,2979037,80,217174046
238724024,46900085,2948494,80,215078575
240420755,47205900,2969539,77,216425533
241267766,47353086,2979335,79,217220929
238855765,46911062,2948532,78,215119276
238900499,46883903,2951694,77,215186578
241070927,47308603,2976627,79,217109645
219148970,44143565,2779110,79,197313351
241255216,47427767,2984459,77,217574437
238839966,46936510,2956817,74,215486324
238804534,46954180,2954441,77,215374058
238782293,46961062,2954192,75,215397015
240622470,47325127,2976683,79,217125707
240989515,47312447,2982367,75,217301259
241136343,47335883,2980372,79,217315460
238937049,46787772,2950960,78,215185093
238772834,46890785,2950839,80,215264566
238709110,46821066,2946293,77,214854729
238817949,46948662,2954501,76,215472855
241300295,47412887,2985907,77,217701177
241091335,47372774,2980844,81,217562657
238550486,46920545,2952744,76,215124127
241310511,47490604,2984456,76,217858539
240532400,47212627,2976119,76,217083711
241393154,47455977,2985934,76,217696494
238949562,46990853,2955789,80,215503828
238780196,46907432,2948205,80,215218278
241213325,47382105,2977939,79,217567427
238683223,46796018,2945550,80,215151504
241273012,47312571,2978068,78,217516825
241059802,47310835,2975113,78,217172651
238695920,46931147,2955015,76,215227760
240892791,47371626,2980716,76,217270522
240685886,47232933,2975271,79,217226829
241062014,47384150,2981707,76,217445601
238822742,46940726,2953905,76,215266183
238760219,46868713,2954572,76,215436957
238833500,46922126,2954205,76,215437207
238826463,47001641,2954654,76,215302282
238905398,46951731,2956990,75,215281719
239015762,46964379,2956458,77,215541507
238629106,46897915,2950985,77,215277009
240827918,47417940,2983940,77,217269044
240471649,47203389,2972803,76,216786366
241197183,47405200,2983405,78,217578940
241238464,47415398,2983765,78,217682764
241152116,47430867,2983639,76,217359334
238807115,46867652,2945993,79,215053496
223108986,44946100,2827358,78,200822482
241217542,47492186,2989156,78,217601543
238697172,47077746,2959602,76,215227775
238964182,47132709,2962223,77,215557052
241268126,47528517,2990349,76,217550287
240519940,47316787,2981341,78,216838986
241053679,47494107,2987743,77,217391687
241166565,47516304,2990164,77,217558897
241248977,47538995,2992397,75,217551953
241304171,47537667,2990454,76,217646258
238930866,47108927,2961593,78,215450446
241034706,47515064,2989726,80,217338035
238829710,47048513,2962556,77,215300057
241336279,47571638,2993097,77,217635569
241057277,47544885,2988419,76,217320217
240467248,47314803,2979987,75,216745721
241006278,47514537,2985554,80,217289570
239199531,47134194,2965453,76,215518614
239209002,47106672,2965793,78,215599652
238901445,47110947,2961927,78,215589319
238959451,47087919,2964408,78,215325584
238840552,47079446,2961454,76,215398987
238858980,47052233,2962318,81,215460999
238924645,47083574,2960897,76,215339242
241100709,47489395,2989218,77,217448407
240551721,47314927,2981479,76,216728393
241237017,47541205,2989886,76,217484756
241244462,47554022,2990227,78,217530425
238667500,46891002,2961102,75,215110070
238817495,47070461,2961200,75,215341595
241366233,47571328,2992721,76,217515351
241145572,47519527,2990404,75,217403617
238677840,47017296,2958525,76,215220591
241147752,47542530,2990534,81,217435317
238771241,47087077,2959656,77,215353116
238465876,46924575,2954940,79,214987993
241034569,47529013,2987740,77,217365035
239491921,47209000,2971563,76,215977191
238869672,47104840,2961795,78,215502922
241237549,47533854,2989712,76,217478704
238768457,47107408,2960851,75,215290682
240817491,47450614,2986110,77,217121209
238473569,47001424,2956491,75,215024531
241038115,47528146,2989372,78,217356965
240753161,47438741,2985371,75,217207385
240525248,47319608,2980391,79,216972800
240940561,47503097,2987185,76,217350636
241013349,47458675,2986924,79,217265037
241073878,47515094,2990055,75,217382058
241052542,47500865,2988639,80,217249858
238919226,47101120,2962257,78,215510700
238603266,47001238,2957931,75,215049597
237112887,46717867,2939167,77,213888101
239342067,47144861,2967311,77,215797064
239586588,47231692,2971292,77,215987717
238978737,46982855,2960681,76,215468225
239720623,47254663,2971951,75,216130274
239541187,47199421,2972102,77,216036806
239619419,47238853,2971759,75,216155521
239442902,47214085,2968802,82,216033232
240074258,47289011,2977477,77,216315630
239526153,47151619,2970328,76,215936419
237258492,46720874,2942654,75,213925778
239784614,47227414,2973252,76,216290438
239191165,47120743,2963727,76,215703790
224419441,44750762,2820850,77,202209804
239707425,47147186,2964659,77,216278600
239595659,47075390,2964918,77,216130842
239721542,47076196,2964991,75,216379150
240154185,47096873,2975358,77,216476326
239891525,47162625,2966952,77,216431367
239778300,47103290,2966716,77,216158281
237395842,46685440,2936096,75,214202538
239914937,47149977,2967884,79,216314513
240001286,47216130,2970753,75,216401664
239382526,46966983,2960996,76,215866341
239951382,47178310,2967637,77,216373422
239876696,47144272,2966052,79,216428074
240129613,47232560,2970487,76,216564648
239812176,47207047,2969135,78,216372185
239617956,47168856,2966052,81,216234333
239835015,47186339,2968320,77,216311420
237112817,46635406,2933526,75,213844603
239577944,47124247,2963662,78,216116012
239548455,47096656,2963051,77,216082888
238705423,46834520,2952690,77,215296568
239710992,47126664,2965159,80,216231418
239784345,47148767,2966102,75,216196876
239715193,47116744,2966574,78,216274850
239064819,46891498,2951781,76,215625048
240148277,47186432,2967335,76,216614887
239680816,47115535,2965092,75,216309218
237065329,46610607,2931461,78,213911270
239721362,47102236,2966507,77,216032364
238782289,46986017,2956585,76,215343897
238329353,46754757,2947262,77,214910290
238971332,47000649,2954466,75,215435814
238714603,46944260,2953883,78,215381035
239032904,47020210,2958009,75,215540761
238893204,46977833,2955191,79,215531097
239009477,47032610,2959169,77,215563039
238631995,46836163,2943226,79,214944913
236600059,46484871,2927155,75,213358146
239999058,47174745,2968526,78,216330013
239479070,47072538,2962465,75,216046153
238933402,46853493,2953514,79,215482249
239745677,47127067,2966200,75,216208950
239750616,46891963,2971728,77,216108407
239866049,47149387,2971236,75,216357757
239754310,47131190,2969247,75,216231474
239860596,47198956,2969147,77,216404617
239559288,47116651,2963659,79,216029145
237141428,46616497,2933172,76,213898872
239953951,47213681,2969620,77,216526416
239404192,47075421,2962878,79,215818373
238291080,46788082,2950435,79,214822481
241025711,47413601,2982035,80,217459577
238791364,46943268,2953207,76,215577318
239069623,47037497,2959811,79,215658118
238898063,46878582,2950464,76,215180583
238959866,46801939,2950607,77,215313327
238760196,46814680,2945915,77,215068027
238653159,46856747,2945134,80,215216151
238738985,46883593,2948939,77,215154529
238668285,46768583,2944059,77,214976066
238185428,46650845,2938651,77,214531034
238947904,46891870,2947386,82,215385829
238937878,46946864,2954856,76,215616500
238839674,46841495,2958253,76,215261304
241227187,47394101,2984159,75,217595838
241124005,47314524,2978723,77,217315586
241112845,47321903,2976958,80,217247607
238438373,46816075,2944698,77,215114449
238575156,46821345,2943215,78,214944970
238797025,46854050,2947597,79,215225746
240537926,47128400,2968756,81,216690820
238754586,46859413,2945800,77,215098805
238868972,46957900,2954535,78,215347944
238714623,46968254,2953837,75,215173248
238937503,46926838,2955627,77,215557216
241187795,47407555,2985721,77,217572389
241171759,47421629,2984229,77,217543473
238577051,46900457,2951634,77,215225174
241164048,47446926,2982742,77,217561186
238535044,46882787,2950934,77,215161912
240472171,47239659,2974556,76,217095762
238838672,46969060,2954277,75,215641319
241148530,47407803,2983843,76,217666005
225989673,45282939,2849948,77,203522658
238798543,47023186,2959359,78,215260096
241040372,47491256,2988222,78,217377097
241266452,47557688,2990845,79,217525987
238538119,47031401,2958600,76,215114331
241003617,47526270,2988758,78,217323886
241103884,47559966,2989669,79,217485648
240580926,47311611,2986521,77,216947428
241207466,47539460,2990215,78,217483745
238832337,47061254,2961799,77,215303145
241161935,47601894,2994974,75,217393932
239662469,47254911,2972168,77,216007546
239615818,47221121,2970456,80,216089393
239493110,47226385,2969578,78,215912788
236781614,46664801,2935090,73,213466315
238808664,47076258,2959060,76,215327691
241110212,47491411,2990371,79,217300489
238177819,46856158,2954014,76,214722228
241175857,47477956,2989589,77,217358921
241249616,47482699,2990686,77,217529331
238724338,47011189,2959122,78,215213404
241014687,47468098,2988752,78,217309735
238847388,46992465,2964156,77,215254708
241234954,47508833,2992346,81,217392040
238654787,46944074,2963363,79,215156666
241269742,47528455,2993380,78,217571245
241223929,47509545,2990659,76,217650600
240598087,47308743,2984501,78,216778378
241192698,47515730,2989967,78,217435537
241069844,47486760,2990129,76,217446178
241109844,47560385,2989722,77,217323315
241046727,47501485,2989630,79,217212513
238848157,47076197,2963664,78,215198348
241221088,47562586,2991031,76,217422634
238297920,46975105,2955367,76,214862832
240892842,47484435,2985916,80,217057462
240947036,47491348,2986626,77,217364852
240526115,47330458,2981752,76,216695732
238759135,47068818,2961477,80,215272819
241189351,47507965,2991835,77,217532327
240920228,47503407,2988971,77,217148141
241064418,47523898,2991074,77,217435590
240851423,47440694,2986389,78,217098828
238724736,47079792,2958602,77,215252006
236392353,46656952,2931749,76,213189428
240829544,47487380,2984858,78,217165712
238744519,47105398,2961598,75,215396905
234561991,46191559,2897967,103,210728396
4695130,1074882,3953,17,75858
0,0,0,0,0
0,0,0,0,0
