cycles,instructions,dtlb_load_misses.walk_completed,dtlb_store_misses.walk_completed,ept_walk_cycles
1995722,2073908,2652,1090,135186
330350,488521,0,0,666
119080,177644,0,0,306
89315,133233,0,0,227
89470,133233,0,0,199
29773,44411,0,0,76
59579,88822,0,0,152
29772,44411,0,0,78
29860,44411,0,0,59
29700,44411,0,0,67
29711,44411,0,0,71
29904,44411,0,0,75
0,0,0,0,0
29857,44411,0,0,68
29815,44411,0,0,80
0,0,0,0,0
29877,44411,0,0,66
0,0,0,0,0
29841,44411,0,0,66
0,0,0,0,0
40358,46020,16,2,1912
0,0,0,0,0
104880,242152,30,3,3501
0,0,0,0,0
0,0,0,0,0
32627,44411,15,1,1791
0,0,0,0,0
0,0,0,0,0
30570,44411,5,0,443
0,0,0,0,0
0,0,0,0,0
0,0,0,0,0
30182,44411,0,0,73
0,0,0,0,0
0,0,0,0,0
0,0,0,0,0
30080,44411,0,0,74
0,0,0,0,0
0,0,0,0,0
0,0,0,0,0
67136,79377,84,6,7192
0,0,0,0,0
0,0,0,0,0
0,0,0,0,0
0,0,0,0,0
30176,44411,0,0,68
0,0,0,0,0
0,0,0,0,0
0,0,0,0,0
0,0,0,0,0
0,0,0,0,0
29955,44411,0,0,69
0,0,0,0,0
0,0,0,0,0
0,0,0,0,0
0,0,0,0,0
0,0,0,0,0
29840,44411,0,0,56
0,0,0,0,0
0,0,0,0,0
17873,3249,56,12,6088
0,0,0,0,0
0,0,0,0,0
0,0,0,0,0
57864,77358,64,4,5774
0,0,0,0,0
0,0,0,0,0
0,0,0,0,0
0,0,0,0,0
0,0,0,0,0
0,0,0,0,0
0,0,0,0,0
30422,44411,1,0,229
0,0,0,0,0
0,0,0,0,0
0,0,0,0,0
0,0,0,0,0
0,0,0,0,0
0,0,0,0,0
0,0,0,0,0
9525,2019,17,3,2142
56547,77358,67,4,5274
0,0,0,0,0
0,0,0,0,0
0,0,0,0,0
0,0,0,0,0
0,0,0,0,0
0,0,0,0,0
0,0,0,0,0
0,0,0,0,0
0,0,0,0,0
0,0,0,0,0
32626,44411,15,1,1444
0,0,0,0,0
0,0,0,0,0
0,0,0,0,0
0,0,0,0,0
0,0,0,0,0
0,0,0,0,0
0,0,0,0,0
6574,1609,7,1,993
0,0,0,0,0
0,0,0,0,0
55915,77358,62,4,5141
0,0,0,0,0
0,0,0,0,0
0,0,0,0,0
0,0,0,0,0
0,0,0,0,0
0,0,0,0,0
0,0,0,0,0
0,0,0,0,0
0,0,0,0,0
0,0,0,0,0
0,0,0,0,0
0,0,0,0,0
32919,44411,14,1,1559
0,0,0,0,0
0,0,0,0,0
6853,1671,6,0,1086
0,0,0,0,0
0,0,0,0,0
0,0,0,0,0
0,0,0,0,0
0,0,0,0,0
0,0,0,0,0
0,0,0,0,0
0,0,0,0,0
0,0,0,0,0
0,0,0,0,0
56033,77358,53,4,4370
0,0,0,0,0
0,0,0,0,0
0,0,0,0,0
0,0,0,0,0
0,0,0,0,0
0,0,0,0,0
0,0,0,0,0
0,0,0,0,0
4889,1609,1,0,250
0,0,0,0,0
0,0,0,0,0
0,0,0,0,0
0,0,0,0,0
0,0,0,0,0
0,0,0,0,0
0,0,0,0,0
57779,77358,74,5,5284
0,0,0,0,0
0,0,0,0,0
0,0,0,0,0
0,0,0,0,0
0,0,0,0,0
0,0,0,0,0
0,0,0,0,0
0,0,0,0,0
0,0,0,0,0
0,0,0,0,0
0,0,0,0,0
6472,2429,1,0,271
0,0,0,0,0
0,0,0,0,0
0,0,0,0,0
0,0,0,0,0
0,0,0,0,0
57284,77106,79,7,5629
0,0,0,0,0
0,0,0,0,0
0,0,0,0,0
0,0,0,0,0
0,0,0,0,0
0,0,0,0,0
0,0,0,0,0
0,0,0,0,0
0,0,0,0,0
0,0,0,0,0
0,0,0,0,0
0,0,0,0,0
0,0,0,0,0
4530,2019,1,0,118
0,0,0,0,0
0,0,0,0,0
0,0,0,0,0
0,0,0,0,0
0,0,0,0,0
55701,77106,68,3,5544
0,0,0,0,0
0,0,0,0,0
0,0,0,0,0
0,0,0,0,0
0,0,0,0,0
0,0,0,0,0
0,0,0,0,0
0,0,0,0,0
0,0,0,0,0
0,0,0,0,0
0,0,0,0,0
0,0,0,0,0
0,0,0,0,0
5030,1609,18,3,1770
0,0,0,0,0
0,0,0,0,0
0,0,0,0,0
0,0,0,0,0
0,0,0,0,0
55199,77106,64,3,4953
0,0,0,0,0
0,0,0,0,0
0,0,0,0,0
0,0,0,0,0
0,0,0,0,0
0,0,0,0,0
0,0,0,0,0
0,0,0,0,0
0,0,0,0,0
0,0,0,0,0
0,0,0,0,0
0,0,0,0,0
0,0,0,0,0
3742,1609,5,0,512
0,0,0,0,0
0,0,0,0,0
0,0,0,0,0
0,0,0,0,0
0,0,0,0,0
55609,77106,65,3,5353
0,0,0,0,0
0,0,0,0,0
0,0,0,0,0
0,0,0,0,0
0,0,0,0,0
0,0,0,0,0
0,0,0,0,0
0,0,0,0,0
0,0,0,0,0
0,0,0,0,0
0,0,0,0,0
0,0,0,0,0
0,0,0,0,0
4999,1671,2,0,412
0,0,0,0,0
0,0,0,0,0
0,0,0,0,0
0,0,0,0,0
52273,77106,25,1,1835
0,0,0,0,0
0,0,0,0,0
0,0,0,0,0
0,0,0,0,0
0,0,0,0,0
0,0,0,0,0
0,0,0,0,0
0,0,0,0,0
0,0,0,0,0
0,0,0,0,0
0,0,0,0,0
0,0,0,0,0
0,0,0,0,0
3722,1609,1,0,158
0,0,0,0,0
0,0,0,0,0
0,0,0,0,0
0,0,0,0,0
0,0,0,0,0
55451,77106,66,4,5604
0,0,0,0,0
0,0,0,0,0
0,0,0,0,0
0,0,0,0,0
0,0,0,0,0
0,0,0,0,0
0,0,0,0,0
0,0,0,0,0
0,0,0,0,0
0,0,0,0,0
0,0,0,0,0
0,0,0,0,0
0,0,0,0,0
4465,2019,1,0,108
0,0,0,0,0
0,0,0,0,0
0,0,0,0,0
0,0,0,0,0
0,0,0,0,0
52727,77106,24,0,1789
0,0,0,0,0
0,0,0,0,0
0,0,0,0,0
0,0,0,0,0
0,0,0,0,0
0,0,0,0,0
0,0,0,0,0
0,0,0,0,0
0,0,0,0,0
0,0,0,0,0
0,0,0,0,0
0,0,0,0,0
0,0,0,0,0
3653,1609,1,0,63
0,0,0,0,0
0,0,0,0,0
0,0,0,0,0
0,0,0,0,0
0,0,0,0,0
53398,77106,12,1,1163
0,0,0,0,0
0,0,0,0,0
0,0,0,0,0
0,0,0,0,0
0,0,0,0,0
0,0,0,0,0
0,0,0,0,0
0,0,0,0,0
0,0,0,0,0
0,0,0,0,0
0,0,0,0,0
0,0,0,0,0
0,0,0,0,0
5005,2019,1,0,92
0,0,0,0,0
0,0,0,0,0
0,0,0,0,0
0,0,0,0,0
0,0,0,0,0
55601,77106,65,3,5538
0,0,0,0,0
0,0,0,0,0
0,0,0,0,0
0,0,0,0,0
0,0,0,0,0
0,0,0,0,0
0,0,0,0,0
0,0,0,0,0
0,0,0,0,0
0,0,0,0,0
0,0,0,0,0
0,0,0,0,0
0,0,0,0,0
2894,1609,1,0,47
0,0,0,0,0
0,0,0,0,0
0,0,0,0,0
0,0,0,0,0
53725,77106,21,1,1764
0,0,0,0,0
0,0,0,0,0
0,0,0,0,0
0,0,0,0,0
0,0,0,0,0
0,0,0,0,0
0,0,0,0,0
0,0,0,0,0
0,0,0,0,0
0,0,0,0,0
0,0,0,0,0
0,0,0,0,0
0,0,0,0,0
0,0,0,0,0
8351,3311,2,0,192
0,0,0,0,0
0,0,0,0,0
0,0,0,0,0
0,0,0,0,0
55802,77106,64,3,5506
0,0,0,0,0
0,0,0,0,0
0,0,0,0,0
0,0,0,0,0
0,0,0,0,0
0,0,0,0,0
0,0,0,0,0
0,0,0,0,0
0,0,0,0,0
0,0,0,0,0
0,0,0,0,0
0,0,0,0,0
0,0,0,0,0
0,0,0,0,0
3301,1609,1,0,41
0,0,0,0,0
0,0,0,0,0
0,0,0,0,0
0,0,0,0,0
52640,77106,25,0,1705
0,0,0,0,0
0,0,0,0,0
0,0,0,0,0
0,0,0,0,0
0,0,0,0,0
0,0,0,0,0
0,0,0,0,0
0,0,0,0,0
0,0,0,0,0
0,0,0,0,0
0,0,0,0,0
0,0,0,0,0
0,0,0,0,0
3583,1609,1,0,49
0,0,0,0,0
0,0,0,0,0
0,0,0,0,0
0,0,0,0,0
0,0,0,0,0
55533,77106,63,3,5477
0,0,0,0,0
0,0,0,0,0
0,0,0,0,0
0,0,0,0,0
0,0,0,0,0
0,0,0,0,0
0,0,0,0,0
0,0,0,0,0
0,0,0,0,0
0,0,0,0,0
0,0,0,0,0
0,0,0,0,0
0,0,0,0,0
4744,1609,17,2,1757
0,0,0,0,0
0,0,0,0,0
0,0,0,0,0
0,0,0,0,0
0,0,0,0,0
55424,77106,64,4,4960
0,0,0,0,0
0,0,0,0,0
0,0,0,0,0
0,0,0,0,0
0,0,0,0,0
0,0,0,0,0
0,0,0,0,0
0,0,0,0,0
0,0,0,0,0
0,0,0,0,0
0,0,0,0,0
0,0,0,0,0
0,0,0,0,0
9182,2839,20,3,2141
0,0,0,0,0
0,0,0,0,0
0,0,0,0,0
0,0,0,0,0
0,0,0,0,0
55706,77106,63,3,5205
0,0,0,0,0
0,0,0,0,0
0,0,0,0,0
0,0,0,0,0
0,0,0,0,0
0,0,0,0,0
0,0,0,0,0
0,0,0,0,0
0,0,0,0,0
0,0,0,0,0
0,0,0,0,0
0,0,0,0,0
0,0,0,0,0
5049,2019,3,0,422
0,0,0,0,0
0,0,0,0,0
0,0,0,0,0
0,0,0,0,0
58037,77106,65,3,5060
0,0,0,0,0
0,0,0,0,0
0,0,0,0,0
0,0,0,0,0
0,0,0,0,0
0,0,0,0,0
0,0,0,0,0
0,0,0,0,0
0,0,0,0,0
0,0,0,0,0
0,0,0,0,0
0,0,0,0,0
0,0,0,0,0
0,0,0,0,0
5351,2081,2,0,115
0,0,0,0,0
0,0,0,0,0
0,0,0,0,0
0,0,0,0,0
52590,77106,16,0,1388
0,0,0,0,0
0,0,0,0,0
0,0,0,0,0
0,0,0,0,0
0,0,0,0,0
0,0,0,0,0
0,0,0,0,0
0,0,0,0,0
0,0,0,0,0
0,0,0,0,0
0,0,0,0,0
0,0,0,0,0
0,0,0,0,0
0,0,0,0,0
3105,1609,1,0,47
0,0,0,0,0
0,0,0,0,0
0,0,0,0,0
0,0,0,0,0
51518,77106,2,0,274
0,0,0,0,0
0,0,0,0,0
0,0,0,0,0
0,0,0,0,0
0,0,0,0,0
0,0,0,0,0
0,0,0,0,0
0,0,0,0,0
0,0,0,0,0
0,0,0,0,0
0,0,0,0,0
0,0,0,0,0
0,0,0,0,0
0,0,0,0,0
3008,1609,1,0,52
0,0,0,0,0
0,0,0,0,0
0,0,0,0,0
0,0,0,0,0
53339,77106,4,0,698
0,0,0,0,0
0,0,0,0,0
0,0,0,0,0
0,0,0,0,0
0,0,0,0,0
0,0,0,0,0
0,0,0,0,0
0,0,0,0,0
0,0,0,0,0
0,0,0,0,0
0,0,0,0,0
0,0,0,0,0
0,0,0,0,0
0,0,0,0,0
5802,2429,1,0,135
0,0,0,0,0
0,0,0,0,0
0,0,0,0,0
0,0,0,0,0
51454,77106,0,0,245
0,0,0,0,0
0,0,0,0,0
0,0,0,0,0
0,0,0,0,0
0,0,0,0,0
0,0,0,0,0
0,0,0,0,0
0,0,0,0,0
0,0,0,0,0
0,0,0,0,0
0,0,0,0,0
0,0,0,0,0
0,0,0,0,0
0,0,0,0,0
3554,1609,1,0,48
0,0,0,0,0
0,0,0,0,0
0,0,0,0,0
51949,77106,2,0,494
0,0,0,0,0
0,0,0,0,0
0,0,0,0,0
0,0,0,0,0
0,0,0,0,0
0,0,0,0,0
0,0,0,0,0
0,0,0,0,0
0,0,0,0,0
0,0,0,0,0
0,0,0,0,0
0,0,0,0,0
0,0,0,0,0
0,0,0,0,0
10070,2019,18,3,2105
0,0,0,0,0
0,0,0,0,0
0,0,0,0,0
0,0,0,0,0
52849,77106,3,0,752
0,0,0,0,0
0,0,0,0,0
0,0,0,0,0
0,0,0,0,0
0,0,0,0,0
0,0,0,0,0
0,0,0,0,0
0,0,0,0,0
0,0,0,0,0
0,0,0,0,0
0,0,0,0,0
0,0,0,0,0
0,0,0,0,0
0,0,0,0,0
8292,1671,16,2,1587
0,0,0,0,0
0,0,0,0,0
0,0,0,0,0
0,0,0,0,0
56643,76791,12,0,1291
0,0,0,0,0
0,0,0,0,0
0,0,0,0,0
0,0,0,0,0
0,0,0,0,0
0,0,0,0,0
0,0,0,0,0
0,0,0,0,0
0,0,0,0,0
0,0,0,0,0
0,0,0,0,0
0,0,0,0,0
0,0,0,0,0
0,0,0,0,0
4823,1609,4,0,482
0,0,0,0,0
0,0,0,0,0
0,0,0,0,0
0,0,0,0,0
54811,76791,1,0,421
0,0,0,0,0
0,0,0,0,0
0,0,0,0,0
0,0,0,0,0
0,0,0,0,0
0,0,0,0,0
0,0,0,0,0
0,0,0,0,0
0,0,0,0,0
0,0,0,0,0
0,0,0,0,0
0,0,0,0,0
0,0,0,0,0
0,0,0,0,0
10149,2429,21,3,2248
0,0,0,0,0
0,0,0,0,0
0,0,0,0,0
0,0,0,0,0
51684,76791,0,0,181
0,0,0,0,0
0,0,0,0,0
0,0,0,0,0
0,0,0,0,0
0,0,0,0,0
0,0,0,0,0
0,0,0,0,0
0,0,0,0,0
0,0,0,0,0
0,0,0,0,0
0,0,0,0,0
0,0,0,0,0
0,0,0,0,0
0,0,0,0,0
7276,1609,16,2,1506
0,0,0,0,0
0,0,0,0,0
0,0,0,0,0
0,0,0,0,0
53839,76791,1,0,378
0,0,0,0,0
0,0,0,0,0
0,0,0,0,0
0,0,0,0,0
0,0,0,0,0
0,0,0,0,0
0,0,0,0,0
0,0,0,0,0
0,0,0,0,0
0,0,0,0,0
0,0,0,0,0
0,0,0,0,0
0,0,0,0,0
0,0,0,0,0
3872,1609,4,0,518
0,0,0,0,0
0,0,0,0,0
0,0,0,0,0
53363,76791,2,0,469
0,0,0,0,0
0,0,0,0,0
0,0,0,0,0
0,0,0,0,0
0,0,0,0,0
0,0,0,0,0
0,0,0,0,0
0,0,0,0,0
0,0,0,0,0
0,0,0,0,0
0,0,0,0,0
0,0,0,0,0
0,0,0,0,0
0,0,0,0,0
0,0,0,0,0
4140,1609,1,0,199
0,0,0,0,0
0,0,0,0,0
0,0,0,0,0
50820,76791,0,0,28
0,0,0,0,0
0,0,0,0,0
0,0,0,0,0
0,0,0,0,0
0,0,0,0,0
0,0,0,0,0
0,0,0,0,0
0,0,0,0,0
0,0,0,0,0
0,0,0,0,0
0,0,0,0,0
0,0,0,0,0
0,0,0,0,0
0,0,0,0,0
4183,1671,1,0,80
0,0,0,0,0
0,0,0,0,0
0,0,0,0,0
0,0,0,0,0
50573,76791,0,0,45
0,0,0,0,0
0,0,0,0,0
0,0,0,0,0
0,0,0,0,0
0,0,0,0,0
0,0,0,0,0
0,0,0,0,0
0,0,0,0,0
0,0,0,0,0
0,0,0,0,0
0,0,0,0,0
0,0,0,0,0
0,0,0,0,0
0,0,0,0,0
8305,2019,1,0,108
0,0,0,0,0
0,0,0,0,0
0,0,0,0,0
0,0,0,0,0
50595,76791,0,0,54
0,0,0,0,0
0,0,0,0,0
0,0,0,0,0
0,0,0,0,0
0,0,0,0,0
0,0,0,0,0
0,0,0,0,0
0,0,0,0,0
0,0,0,0,0
0,0,0,0,0
0,0,0,0,0
0,0,0,0,0
0,0,0,0,0
0,0,0,0,0
2949,1609,1,0,64
0,0,0,0,0
0,0,0,0,0
0,0,0,0,0
0,0,0,0,0
52778,76791,3,0,365
0,0,0,0,0
0,0,0,0,0
0,0,0,0,0
0,0,0,0,0
0,0,0,0,0
0,0,0,0,0
0,0,0,0,0
0,0,0,0,0
0,0,0,0,0
0,0,0,0,0
0,0,0,0,0
0,0,0,0,0
0,0,0,0,0
0,0,0,0,0
5938,1609,7,1,1062
0,0,0,0,0
0,0,0,0,0
0,0,0,0,0
53203,76791,16,2,1882
0,0,0,0,0
0,0,0,0,0
0,0,0,0,0
0,0,0,0,0
0,0,0,0,0
0,0,0,0,0
0,0,0,0,0
0,0,0,0,0
0,0,0,0,0
0,0,0,0,0
0,0,0,0,0
0,0,0,0,0
0,0,0,0,0
0,0,0,0,0
0,0,0,0,0
7645,2019,2,0,888
0,0,0,0,0
0,0,0,0,0
0,0,0,0,0
51165,76791,4,0,433
0,0,0,0,0
0,0,0,0,0
0,0,0,0,0
0,0,0,0,0
0,0,0,0,0
0,0,0,0,0
0,0,0,0,0
0,0,0,0,0
0,0,0,0,0
0,0,0,0,0
0,0,0,0,0
0,0,0,0,0
0,0,0,0,0
0,0,0,0,0
0,0,0,0,0
6129,1609,5,0,714
0,0,0,0,0
0,0,0,0,0
0,0,0,0,0
50976,76791,1,0,190
0,0,0,0,0
0,0,0,0,0
0,0,0,0,0
0,0,0,0,0
0,0,0,0,0
0,0,0,0,0
0,0,0,0,0
0,0,0,0,0
0,0,0,0,0
0,0,0,0,0
0,0,0,0,0
0,0,0,0,0
0,0,0,0,0
0,0,0,0,0
0,0,0,0,0
4888,1671,4,0,428
0,0,0,0,0
0,0,0,0,0
0,0,0,0,0
52940,76791,8,0,789
0,0,0,0,0
0,0,0,0,0
0,0,0,0,0
0,0,0,0,0
0,0,0,0,0
0,0,0,0,0
0,0,0,0,0
0,0,0,0,0
0,0,0,0,0
0,0,0,0,0
0,0,0,0,0
0,0,0,0,0
0,0,0,0,0
0,0,0,0,0
4350,1609,2,0,299
0,0,0,0,0
0,0,0,0,0
0,0,0,0,0
0,0,0,0,0
51004,76791,1,0,196
0,0,0,0,0
0,0,0,0,0
0,0,0,0,0
0,0,0,0,0
0,0,0,0,0
0,0,0,0,0
0,0,0,0,0
0,0,0,0,0
0,0,0,0,0
0,0,0,0,0
0,0,0,0,0
0,0,0,0,0
0,0,0,0,0
0,0,0,0,0
4421,1609,3,0,229
0,0,0,0,0
0,0,0,0,0
0,0,0,0,0
50443,76791,0,0,73
0,0,0,0,0
0,0,0,0,0
0,0,0,0,0
0,0,0,0,0
0,0,0,0,0
0,0,0,0,0
0,0,0,0,0
0,0,0,0,0
0,0,0,0,0
0,0,0,0,0
0,0,0,0,0
0,0,0,0,0
0,0,0,0,0
0,0,0,0,0
0,0,0,0,0
3712,1609,2,0,209
0,0,0,0,0
0,0,0,0,0
0,0,0,0,0
50442,76791,0,0,54
0,0,0,0,0
0,0,0,0,0
0,0,0,0,0
0,0,0,0,0
0,0,0,0,0
0,0,0,0,0
0,0,0,0,0
0,0,0,0,0
0,0,0,0,0
0,0,0,0,0
0,0,0,0,0
0,0,0,0,0
0,0,0,0,0
0,0,0,0,0
0,0,0,0,0
10376,2429,19,3,2256
0,0,0,0,0
0,0,0,0,0
0,0,0,0,0
52991,76791,7,0,668
0,0,0,0,0
0,0,0,0,0
0,0,0,0,0
0,0,0,0,0
0,0,0,0,0
0,0,0,0,0
0,0,0,0,0
0,0,0,0,0
0,0,0,0,0
0,0,0,0,0
0,0,0,0,0
0,0,0,0,0
0,0,0,0,0
0,0,0,0,0
0,0,0,0,0
7835,2019,8,1,1204
0,0,0,0,0
0,0,0,0,0
0,0,0,0,0
53495,76792,2,2,294
0,0,0,0,0
0,0,0,0,0
0,0,0,0,0
0,0,0,0,0
0,0,0,0,0
0,0,0,0,0
0,0,0,0,0
0,0,0,0,0
0,0,0,0,0
0,0,0,0,0
0,0,0,0,0
0,0,0,0,0
0,0,0,0,0
0,0,0,0,0
0,0,0,0,0
5231,1671,5,0,480
0,0,0,0,0
0,0,0,0,0
0,0,0,0,0
50681,76791,0,0,198
0,0,0,0,0
0,0,0,0,0
0,0,0,0,0
0,0,0,0,0
0,0,0,0,0
0,0,0,0,0
0,0,0,0,0
0,0,0,0,0
0,0,0,0,0
0,0,0,0,0
0,0,0,0,0
0,0,0,0,0
0,0,0,0,0
0,0,0,0,0
4136,1609,5,0,330
0,0,0,0,0
0,0,0,0,0
0,0,0,0,0
30471,48403,15,0,124
29892,28393,10,0,71
0,0,0,0,0
0,0,0,0,0
0,0,0,0,0
0,0,0,0,0
0,0,0,0,0
0,0,0,0,0
0,0,0,0,0
0,0,0,0,0
0,0,0,0,0
0,0,0,0,0
0,0,0,0,0
0,0,0,0,0
0,0,0,0,0
0,0,0,0,0
12582,2839,12,1,1586
0,0,0,0,0
0,0,0,0,0
0,0,0,0,0
53519,76791,11,0,1173
0,0,0,0,0
0,0,0,0,0
0,0,0,0,0
0,0,0,0,0
0,0,0,0,0
0,0,0,0,0
0,0,0,0,0
0,0,0,0,0
0,0,0,0,0
0,0,0,0,0
0,0,0,0,0
0,0,0,0,0
0,0,0,0,0
0,0,0,0,0
0,0,0,0,0
4299,1609,2,0,194
0,0,0,0,0
0,0,0,0,0
0,0,0,0,0
51276,76791,2,0,218
0,0,0,0,0
0,0,0,0,0
0,0,0,0,0
0,0,0,0,0
0,0,0,0,0
0,0,0,0,0
0,0,0,0,0
0,0,0,0,0
0,0,0,0,0
0,0,0,0,0
0,0,0,0,0
0,0,0,0,0
0,0,0,0,0
0,0,0,0,0
0,0,0,0,0
6948,1609,8,1,888
0,0,0,0,0
0,0,0,0,0
0,0,0,0,0
50920,76791,0,0,134
0,0,0,0,0
0,0,0,0,0
0,0,0,0,0
0,0,0,0,0
0,0,0,0,0
0,0,0,0,0
0,0,0,0,0
0,0,0,0,0
0,0,0,0,0
0,0,0,0,0
0,0,0,0,0
0,0,0,0,0
0,0,0,0,0
0,0,0,0,0
0,0,0,0,0
3633,1609,2,0,270
0,0,0,0,0
0,0,0,0,0
0,0,0,0,0
50525,76791,0,0,57
0,0,0,0,0
0,0,0,0,0
0,0,0,0,0
0,0,0,0,0
0,0,0,0,0
0,0,0,0,0
0,0,0,0,0
0,0,0,0,0
0,0,0,0,0
0,0,0,0,0
0,0,0,0,0
0,0,0,0,0
0,0,0,0,0
0,0,0,0,0
0,0,0,0,0
3550,1671,1,0,53
0,0,0,0,0
0,0,0,0,0
0,0,0,0,0
52517,76791,2,0,359
0,0,0,0,0
0,0,0,0,0
0,0,0,0,0
0,0,0,0,0
0,0,0,0,0
0,0,0,0,0
0,0,0,0,0
0,0,0,0,0
0,0,0,0,0
0,0,0,0,0
0,0,0,0,0
0,0,0,0,0
0,0,0,0,0
0,0,0,0,0
1637,410,0,0,48
5263,2019,1,0,80
0,0,0,0,0
0,0,0,0,0
50387,76791,0,0,31
0,0,0,0,0
0,0,0,0,0
0,0,0,0,0
0,0,0,0,0
0,0,0,0,0
0,0,0,0,0
0,0,0,0,0
0,0,0,0,0
0,0,0,0,0
0,0,0,0,0
0,0,0,0,0
0,0,0,0,0
0,0,0,0,0
0,0,0,0,0
0,0,0,0,0
3439,1609,1,0,45
0,0,0,0,0
0,0,0,0,0
0,0,0,0,0
50408,76791,0,0,57
0,0,0,0,0
0,0,0,0,0
0,0,0,0,0
0,0,0,0,0
0,0,0,0,0
0,0,0,0,0
0,0,0,0,0
0,0,0,0,0
0,0,0,0,0
0,0,0,0,0
0,0,0,0,0
0,0,0,0,0
0,0,0,0,0
0,0,0,0,0
0,0,0,0,0
3065,1609,1,0,74
0,0,0,0,0
0,0,0,0,0
0,0,0,0,0
50503,76791,0,0,63
0,0,0,0,0
0,0,0,0,0
0,0,0,0,0
0,0,0,0,0
0,0,0,0,0
0,0,0,0,0
0,0,0,0,0
0,0,0,0,0
0,0,0,0,0
0,0,0,0,0
0,0,0,0,0
0,0,0,0,0
0,0,0,0,0
0,0,0,0,0
0,0,0,0,0
3815,1609,1,0,194
0,0,0,0,0
0,0,0,0,0
0,0,0,0,0
52807,76791,2,0,318
0,0,0,0,0
0,0,0,0,0
0,0,0,0,0
0,0,0,0,0
0,0,0,0,0
0,0,0,0,0
0,0,0,0,0
0,0,0,0,0
0,0,0,0,0
0,0,0,0,0
0,0,0,0,0
0,0,0,0,0
0,0,0,0,0
0,0,0,0,0
0,0,0,0,0
7986,2839,1,0,291
0,0,0,0,0
0,0,0,0,0
0,0,0,0,0
54055,76791,0,0,16
0,0,0,0,0
0,0,0,0,0
0,0,0,0,0
0,0,0,0,0
0,0,0,0,0
0,0,0,0,0
0,0,0,0,0
0,0,0,0,0
0,0,0,0,0
0,0,0,0,0
0,0,0,0,0
0,0,0,0,0
0,0,0,0,0
0,0,0,0,0
0,0,0,0,0
4105,1671,1,0,170
0,0,0,0,0
0,0,0,0,0
53190,76791,0,0,47
0,0,0,0,0
0,0,0,0,0
0,0,0,0,0
0,0,0,0,0
0,0,0,0,0
0,0,0,0,0
0,0,0,0,0
0,0,0,0,0
0,0,0,0,0
0,0,0,0,0
0,0,0,0,0
0,0,0,0,0
0,0,0,0,0
0,0,0,0,0
0,0,0,0,0
0,0,0,0,0
3403,1609,1,0,178
0,0,0,0,0
0,0,0,0,0
52409,76791,0,0,48
0,0,0,0,0
0,0,0,0,0
0,0,0,0,0
0,0,0,0,0
0,0,0,0,0
0,0,0,0,0
0,0,0,0,0
0,0,0,0,0
0,0,0,0,0
0,0,0,0,0
0,0,0,0,0
0,0,0,0,0
0,0,0,0,0
0,0,0,0,0
0,0,0,0,0
3199,1609,1,0,181
0,0,0,0,0
0,0,0,0,0
0,0,0,0,0
53322,76791,1,0,285
0,0,0,0,0
0,0,0,0,0
0,0,0,0,0
0,0,0,0,0
0,0,0,0,0
0,0,0,0,0
0,0,0,0,0
0,0,0,0,0
0,0,0,0,0
0,0,0,0,0
0,0,0,0,0
0,0,0,0,0
0,0,0,0,0
0,0,0,0,0
0,0,0,0,0
3612,1609,1,0,166
0,0,0,0,0
0,0,0,0,0
0,0,0,0,0
53604,76791,0,0,29
0,0,0,0,0
0,0,0,0,0
0,0,0,0,0
0,0,0,0,0
0,0,0,0,0
0,0,0,0,0
0,0,0,0,0
0,0,0,0,0
0,0,0,0,0
0,0,0,0,0
0,0,0,0,0
0,0,0,0,0
0,0,0,0,0
0,0,0,0,0
0,0,0,0,0
5975,2429,1,0,99
0,0,0,0,0
0,0,0,0,0
0,0,0,0,0
50610,76791,0,0,44
0,0,0,0,0
0,0,0,0,0
0,0,0,0,0
0,0,0,0,0
0,0,0,0,0
0,0,0,0,0
0,0,0,0,0
0,0,0,0,0
0,0,0,0,0
0,0,0,0,0
0,0,0,0,0
0,0,0,0,0
0,0,0,0,0
0,0,0,0,0
0,0,0,0,0
3236,1609,1,0,189
0,0,0,0,0
0,0,0,0,0
51375,76791,1,1,41
0,0,0,0,0
0,0,0,0,0
0,0,0,0,0
0,0,0,0,0
0,0,0,0,0
0,0,0,0,0
0,0,0,0,0
0,0,0,0,0
0,0,0,0,0
0,0,0,0,0
0,0,0,0,0
0,0,0,0,0
0,0,0,0,0
0,0,0,0,0
0,0,0,0,0
0,0,0,0,0
3570,1671,1,0,179
0,0,0,0,0
0,0,0,0,0
52300,76791,1,0,284
0,0,0,0,0
0,0,0,0,0
0,0,0,0,0
0,0,0,0,0
0,0,0,0,0
0,0,0,0,0
0,0,0,0,0
0,0,0,0,0
0,0,0,0,0
0,0,0,0,0
0,0,0,0,0
0,0,0,0,0
0,0,0,0,0
0,0,0,0,0
0,0,0,0,0
0,0,0,0,0
4012,1609,1,0,155
0,0,0,0,0
0,0,0,0,0
176508,183216,21,46,6797
0,0,0,0,0
0,0,0,0,0
0,0,0,0,0
0,0,0,0,0
0,0,0,0,0
0,0,0,0,0
0,0,0,0,0
0,0,0,0,0
0,0,0,0,0
0,0,0,0,0
0,0,0,0,0
0,0,0,0,0
0,0,0,0,0
0,0,0,0,0
0,0,0,0,0
3463,1609,1,0,49
0,0,0,0,0
0,0,0,0,0
0,0,0,0,0
103034,241900,1,0,234
0,0,0,0,0
0,0,0,0,0
0,0,0,0,0
0,0,0,0,0
0,0,0,0,0
0,0,0,0,0
0,0,0,0,0
0,0,0,0,0
0,0,0,0,0
0,0,0,0,0
0,0,0,0,0
0,0,0,0,0
0,0,0,0,0
0,0,0,0,0
0,0,0,0,0
4770,2019,1,0,191
0,0,0,0,0
0,0,0,0,0
0,0,0,0,0
50981,77106,0,0,41
0,0,0,0,0
0,0,0,0,0
0,0,0,0,0
0,0,0,0,0
0,0,0,0,0
0,0,0,0,0
0,0,0,0,0
0,0,0,0,0
0,0,0,0,0
0,0,0,0,0
0,0,0,0,0
0,0,0,0,0
0,0,0,0,0
0,0,0,0,0
0,0,0,0,0
3252,1609,1,0,165
0,0,0,0,0
0,0,0,0,0
51105,77106,1,0,252
0,0,0,0,0
0,0,0,0,0
0,0,0,0,0
0,0,0,0,0
0,0,0,0,0
0,0,0,0,0
0,0,0,0,0
0,0,0,0,0
0,0,0,0,0
0,0,0,0,0
0,0,0,0,0
0,0,0,0,0
0,0,0,0,0
0,0,0,0,0
0,0,0,0,0
0,0,0,0,0
3780,1609,1,0,165
0,0,0,0,0
0,0,0,0,0
50356,77106,0,0,45
0,0,0,0,0
0,0,0,0,0
0,0,0,0,0
0,0,0,0,0
0,0,0,0,0
0,0,0,0,0
0,0,0,0,0
0,0,0,0,0
0,0,0,0,0
0,0,0,0,0
0,0,0,0,0
0,0,0,0,0
0,0,0,0,0
0,0,0,0,0
0,0,0,0,0
0,0,0,0,0
3516,1671,1,0,48
0,0,0,0,0
0,0,0,0,0
50150,77106,0,0,49
0,0,0,0,0
0,0,0,0,0
0,0,0,0,0
0,0,0,0,0
0,0,0,0,0
0,0,0,0,0
0,0,0,0,0
0,0,0,0,0
0,0,0,0,0
0,0,0,0,0
0,0,0,0,0
0,0,0,0,0
0,0,0,0,0
0,0,0,0,0
0,0,0,0,0
0,0,0,0,0
6009,2429,1,0,240
0,0,0,0,0
0,0,0,0,0
50460,77106,0,0,51
0,0,0,0,0
0,0,0,0,0
0,0,0,0,0
0,0,0,0,0
0,0,0,0,0
0,0,0,0,0
0,0,0,0,0
0,0,0,0,0
0,0,0,0,0
0,0,0,0,0
0,0,0,0,0
0,0,0,0,0
0,0,0,0,0
0,0,0,0,0
0,0,0,0,0
0,0,0,0,0
2723,1609,1,0,47
0,0,0,0,0
0,0,0,0,0
50834,77106,0,0,179
0,0,0,0,0
0,0,0,0,0
0,0,0,0,0
0,0,0,0,0
0,0,0,0,0
0,0,0,0,0
0,0,0,0,0
0,0,0,0,0
0,0,0,0,0
0,0,0,0,0
0,0,0,0,0
0,0,0,0,0
0,0,0,0,0
0,0,0,0,0
0,0,0,0,0
3653,1609,1,0,187
0,0,0,0,0
0,0,0,0,0
0,0,0,0,0
50879,77106,0,0,35
0,0,0,0,0
0,0,0,0,0
0,0,0,0,0
0,0,0,0,0
0,0,0,0,0
0,0,0,0,0
0,0,0,0,0
0,0,0,0,0
0,0,0,0,0
0,0,0,0,0
0,0,0,0,0
0,0,0,0,0
0,0,0,0,0
0,0,0,0,0
0,0,0,0,0
3759,1609,1,0,56
0,0,0,0,0
0,0,0,0,0
50688,77106,0,0,50
0,0,0,0,0
0,0,0,0,0
0,0,0,0,0
0,0,0,0,0
0,0,0,0,0
0,0,0,0,0
0,0,0,0,0
0,0,0,0,0
0,0,0,0,0
0,0,0,0,0
0,0,0,0,0
0,0,0,0,0
0,0,0,0,0
0,0,0,0,0
0,0,0,0,0
0,0,0,0,0
3384,1609,1,0,169
0,0,0,0,0
0,0,0,0,0
50741,77106,0,0,50
0,0,0,0,0
0,0,0,0,0
0,0,0,0,0
0,0,0,0,0
0,0,0,0,0
0,0,0,0,0
0,0,0,0,0
0,0,0,0,0
0,0,0,0,0
0,0,0,0,0
0,0,0,0,0
0,0,0,0,0
0,0,0,0,0
0,0,0,0,0
0,0,0,0,0
0,0,0,0,0
4912,2081,2,0,67
0,0,0,0,0
0,0,0,0,0
50448,77106,0,0,26
0,0,0,0,0
0,0,0,0,0
0,0,0,0,0
0,0,0,0,0
0,0,0,0,0
0,0,0,0,0
0,0,0,0,0
0,0,0,0,0
0,0,0,0,0
0,0,0,0,0
0,0,0,0,0
0,0,0,0,0
0,0,0,0,0
0,0,0,0,0
0,0,0,0,0
0,0,0,0,0
5294,2019,1,0,183
0,0,0,0,0
0,0,0,0,0
50399,77106,0,0,35
0,0,0,0,0
0,0,0,0,0
0,0,0,0,0
0,0,0,0,0
0,0,0,0,0
0,0,0,0,0
0,0,0,0,0
0,0,0,0,0
0,0,0,0,0
0,0,0,0,0
0,0,0,0,0
0,0,0,0,0
0,0,0,0,0
0,0,0,0,0
0,0,0,0,0
0,0,0,0,0
3215,1609,1,0,38
0,0,0,0,0
0,0,0,0,0
50285,77106,0,0,40
0,0,0,0,0
0,0,0,0,0
0,0,0,0,0
0,0,0,0,0
0,0,0,0,0
0,0,0,0,0
0,0,0,0,0
0,0,0,0,0
0,0,0,0,0
0,0,0,0,0
0,0,0,0,0
0,0,0,0,0
0,0,0,0,0
0,0,0,0,0
0,0,0,0,0
3389,1609,1,0,185
0,0,0,0,0
0,0,0,0,0
50386,77106,0,0,51
0,0,0,0,0
0,0,0,0,0
0,0,0,0,0
0,0,0,0,0
0,0,0,0,0
0,0,0,0,0
0,0,0,0,0
0,0,0,0,0
0,0,0,0,0
0,0,0,0,0
0,0,0,0,0
0,0,0,0,0
0,0,0,0,0
0,0,0,0,0
0,0,0,0,0
0,0,0,0,0
2849,1609,1,0,39
0,0,0,0,0
0,0,0,0,0
50761,77106,0,0,39
0,0,0,0,0
0,0,0,0,0
0,0,0,0,0
0,0,0,0,0
0,0,0,0,0
0,0,0,0,0
0,0,0,0,0
0,0,0,0,0
0,0,0,0,0
0,0,0,0,0
0,0,0,0,0
0,0,0,0,0
0,0,0,0,0
0,0,0,0,0
0,0,0,0,0
0,0,0,0,0
3552,1609,1,0,165
0,0,0,0,0
0,0,0,0,0
50693,77106,0,0,48
0,0,0,0,0
0,0,0,0,0
0,0,0,0,0
0,0,0,0,0
0,0,0,0,0
0,0,0,0,0
0,0,0,0,0
0,0,0,0,0
0,0,0,0,0
0,0,0,0,0
0,0,0,0,0
0,0,0,0,0
0,0,0,0,0
0,0,0,0,0
0,0,0,0,0
0,0,0,0,0
3601,1671,1,0,39
0,0,0,0,0
0,0,0,0,0
50516,77106,0,0,42
0,0,0,0,0
0,0,0,0,0
0,0,0,0,0
0,0,0,0,0
0,0,0,0,0
0,0,0,0,0
0,0,0,0,0
0,0,0,0,0
0,0,0,0,0
0,0,0,0,0
0,0,0,0,0
0,0,0,0,0
0,0,0,0,0
0,0,0,0,0
0,0,0,0,0
0,0,0,0,0
4627,2019,1,0,186
0,0,0,0,0
0,0,0,0,0
50473,77106,0,0,57
0,0,0,0,0
0,0,0,0,0
0,0,0,0,0
0,0,0,0,0
0,0,0,0,0
0,0,0,0,0
0,0,0,0,0
0,0,0,0,0
0,0,0,0,0
0,0,0,0,0
0,0,0,0,0
0,0,0,0,0
0,0,0,0,0
0,0,0,0,0
0,0,0,0,0
0,0,0,0,0
5596,2019,2,0,339
0,0,0,0,0
50874,77106,0,0,43
0,0,0,0,0
0,0,0,0,0
0,0,0,0,0
0,0,0,0,0
0,0,0,0,0
0,0,0,0,0
0,0,0,0,0
0,0,0,0,0
0,0,0,0,0
0,0,0,0,0
0,0,0,0,0
0,0,0,0,0
0,0,0,0,0
0,0,0,0,0
0,0,0,0,0
0,0,0,0,0
4252,1609,2,0,258
0,0,0,0,0
0,0,0,0,0
50807,77106,0,0,45
0,0,0,0,0
0,0,0,0,0
0,0,0,0,0
0,0,0,0,0
0,0,0,0,0
0,0,0,0,0
0,0,0,0,0
0,0,0,0,0
0,0,0,0,0
0,0,0,0,0
0,0,0,0,0
0,0,0,0,0
0,0,0,0,0
0,0,0,0,0
0,0,0,0,0
0,0,0,0,0
4531,1609,3,0,352
0,0,0,0,0
0,0,0,0,0
50594,77106,0,0,45
0,0,0,0,0
0,0,0,0,0
0,0,0,0,0
0,0,0,0,0
0,0,0,0,0
0,0,0,0,0
0,0,0,0,0
0,0,0,0,0
0,0,0,0,0
0,0,0,0,0
0,0,0,0,0
0,0,0,0,0
0,0,0,0,0
0,0,0,0,0
0,0,0,0,0
0,0,0,0,0
4205,1609,2,0,260
0,0,0,0,0
0,0,0,0,0
51341,77106,0,0,58
0,0,0,0,0
0,0,0,0,0
0,0,0,0,0
0,0,0,0,0
0,0,0,0,0
0,0,0,0,0
0,0,0,0,0
0,0,0,0,0
0,0,0,0,0
0,0,0,0,0
0,0,0,0,0
0,0,0,0,0
0,0,0,0,0
0,0,0,0,0
0,0,0,0,0
0,0,0,0,0
4109,1671,2,0,173
0,0,0,0,0
0,0,0,0,0
52190,77106,0,0,63
0,0,0,0,0
0,0,0,0,0
0,0,0,0,0
0,0,0,0,0
0,0,0,0,0
0,0,0,0,0
0,0,0,0,0
0,0,0,0,0
0,0,0,0,0
0,0,0,0,0
0,0,0,0,0
0,0,0,0,0
0,0,0,0,0
0,0,0,0,0
0,0,0,0,0
0,0,0,0,0
7099,2429,2,0,397
0,0,0,0,0
51150,77106,0,0,49
0,0,0,0,0
0,0,0,0,0
0,0,0,0,0
0,0,0,0,0
0,0,0,0,0
0,0,0,0,0
0,0,0,0,0
0,0,0,0,0
0,0,0,0,0
0,0,0,0,0
0,0,0,0,0
0,0,0,0,0
0,0,0,0,0
0,0,0,0,0
0,0,0,0,0
0,0,0,0,0
0,0,0,0,0
5243,1609,4,0,294
0,0,0,0,0
51170,77106,0,0,48
0,0,0,0,0
0,0,0,0,0
0,0,0,0,0
0,0,0,0,0
0,0,0,0,0
0,0,0,0,0
0,0,0,0,0
0,0,0,0,0
0,0,0,0,0
0,0,0,0,0
0,0,0,0,0
0,0,0,0,0
0,0,0,0,0
0,0,0,0,0
0,0,0,0,0
0,0,0,0,0
3220,1609,1,0,41
0,0,0,0,0
0,0,0,0,0
51657,77106,0,0,52
0,0,0,0,0
0,0,0,0,0
0,0,0,0,0
0,0,0,0,0
0,0,0,0,0
0,0,0,0,0
0,0,0,0,0
0,0,0,0,0
0,0,0,0,0
0,0,0,0,0
0,0,0,0,0
0,0,0,0,0
0,0,0,0,0
0,0,0,0,0
0,0,0,0,0
0,0,0,0,0
2720,1609,1,0,53
0,0,0,0,0
0,0,0,0,0
50713,77106,0,0,64
0,0,0,0,0
0,0,0,0,0
0,0,0,0,0
0,0,0,0,0
0,0,0,0,0
0,0,0,0,0
0,0,0,0,0
0,0,0,0,0
0,0,0,0,0
0,0,0,0,0
0,0,0,0,0
0,0,0,0,0
0,0,0,0,0
0,0,0,0,0
0,0,0,0,0
0,0,0,0,0
7775,2839,1,0,270
0,0,0,0,0
0,0,0,0,0
50664,77106,0,0,35
0,0,0,0,0
0,0,0,0,0
0,0,0,0,0
0,0,0,0,0
0,0,0,0,0
0,0,0,0,0
0,0,0,0,0
0,0,0,0,0
0,0,0,0,0
0,0,0,0,0
0,0,0,0,0
0,0,0,0,0
0,0,0,0,0
0,0,0,0,0
0,0,0,0,0
0,0,0,0,0
3660,1671,1,0,37
0,0,0,0,0
50375,77106,0,0,45
0,0,0,0,0
0,0,0,0,0
0,0,0,0,0
0,0,0,0,0
0,0,0,0,0
0,0,0,0,0
0,0,0,0,0
0,0,0,0,0
0,0,0,0,0
0,0,0,0,0
0,0,0,0,0
0,0,0,0,0
0,0,0,0,0
0,0,0,0,0
0,0,0,0,0
0,0,0,0,0
0,0,0,0,0
4706,2019,1,0,72
0,0,0,0,0
50517,76791,0,0,69
0,0,0,0,0
0,0,0,0,0
0,0,0,0,0
0,0,0,0,0
0,0,0,0,0
0,0,0,0,0
0,0,0,0,0
0,0,0,0,0
0,0,0,0,0
0,0,0,0,0
0,0,0,0,0
0,0,0,0,0
0,0,0,0,0
0,0,0,0,0
0,0,0,0,0
0,0,0,0,0
0,0,0,0,0
2749,1609,1,0,58
0,0,0,0,0
50347,76791,0,0,48
0,0,0,0,0
0,0,0,0,0
0,0,0,0,0
0,0,0,0,0
0,0,0,0,0
0,0,0,0,0
0,0,0,0,0
0,0,0,0,0
0,0,0,0,0
0,0,0,0,0
0,0,0,0,0
0,0,0,0,0
0,0,0,0,0
0,0,0,0,0
0,0,0,0,0
0,0,0,0,0
0,0,0,0,0
3856,1609,1,0,219
0,0,0,0,0
50460,76791,0,0,53
0,0,0,0,0
0,0,0,0,0
0,0,0,0,0
0,0,0,0,0
0,0,0,0,0
0,0,0,0,0
0,0,0,0,0
0,0,0,0,0
0,0,0,0,0
0,0,0,0,0
0,0,0,0,0
0,0,0,0,0
0,0,0,0,0
0,0,0,0,0
0,0,0,0,0
0,0,0,0,0
3385,1609,1,0,34
0,0,0,0,0
0,0,0,0,0
50328,76791,0,0,45
0,0,0,0,0
0,0,0,0,0
0,0,0,0,0
0,0,0,0,0
0,0,0,0,0
0,0,0,0,0
0,0,0,0,0
0,0,0,0,0
0,0,0,0,0
0,0,0,0,0
0,0,0,0,0
0,0,0,0,0
0,0,0,0,0
0,0,0,0,0
0,0,0,0,0
0,0,0,0,0
2897,1609,1,0,57
0,0,0,0,0
50348,76791,0,0,50
0,0,0,0,0
0,0,0,0,0
0,0,0,0,0
0,0,0,0,0
0,0,0,0,0
0,0,0,0,0
0,0,0,0,0
0,0,0,0,0
0,0,0,0,0
0,0,0,0,0
0,0,0,0,0
0,0,0,0,0
0,0,0,0,0
0,0,0,0,0
0,0,0,0,0
0,0,0,0,0
0,0,0,0,0
3258,1671,1,0,61
0,0,0,0,0
50703,76791,0,0,49
0,0,0,0,0
0,0,0,0,0
0,0,0,0,0
0,0,0,0,0
0,0,0,0,0
0,0,0,0,0
0,0,0,0,0
0,0,0,0,0
0,0,0,0,0
0,0,0,0,0
0,0,0,0,0
0,0,0,0,0
0,0,0,0,0
0,0,0,0,0
0,0,0,0,0
0,0,0,0,0
0,0,0,0,0
7355,2839,1,0,146
0,0,0,0,0
50146,76791,0,0,35
0,0,0,0,0
0,0,0,0,0
0,0,0,0,0
0,0,0,0,0
0,0,0,0,0
0,0,0,0,0
0,0,0,0,0
0,0,0,0,0
0,0,0,0,0
0,0,0,0,0
0,0,0,0,0
0,0,0,0,0
0,0,0,0,0
0,0,0,0,0
0,0,0,0,0
0,0,0,0,0
0,0,0,0,0
4664,2019,1,0,108
0,0,0,0,0
50104,76791,0,0,46
0,0,0,0,0
0,0,0,0,0
0,0,0,0,0
0,0,0,0,0
0,0,0,0,0
0,0,0,0,0
0,0,0,0,0
0,0,0,0,0
0,0,0,0,0
0,0,0,0,0
0,0,0,0,0
0,0,0,0,0
0,0,0,0,0
0,0,0,0,0
0,0,0,0,0
0,0,0,0,0
0,0,0,0,0
3768,1609,2,0,113
0,0,0,0,0
50329,76791,0,0,53
0,0,0,0,0
0,0,0,0,0
0,0,0,0,0
0,0,0,0,0
0,0,0,0,0
0,0,0,0,0
0,0,0,0,0
0,0,0,0,0
0,0,0,0,0
0,0,0,0,0
0,0,0,0,0
0,0,0,0,0
0,0,0,0,0
0,0,0,0,0
0,0,0,0,0
0,0,0,0,0
3455,1609,1,0,41
0,0,0,0,0
50482,76791,0,0,202
0,0,0,0,0
0,0,0,0,0
0,0,0,0,0
0,0,0,0,0
0,0,0,0,0
0,0,0,0,0
0,0,0,0,0
0,0,0,0,0
0,0,0,0,0
0,0,0,0,0
0,0,0,0,0
0,0,0,0,0
0,0,0,0,0
0,0,0,0,0
0,0,0,0,0
0,0,0,0,0
0,0,0,0,0
3950,1609,3,0,133
0,0,0,0,0
50483,76791,0,0,44
0,0,0,0,0
0,0,0,0,0
0,0,0,0,0
0,0,0,0,0
0,0,0,0,0
0,0,0,0,0
0,0,0,0,0
0,0,0,0,0
0,0,0,0,0
0,0,0,0,0
0,0,0,0,0
0,0,0,0,0
0,0,0,0,0
0,0,0,0,0
0,0,0,0,0
0,0,0,0,0
0,0,0,0,0
4262,1671,2,0,76
0,0,0,0,0
50268,76791,0,0,39
0,0,0,0,0
0,0,0,0,0
0,0,0,0,0
0,0,0,0,0
0,0,0,0,0
0,0,0,0,0
0,0,0,0,0
0,0,0,0,0
0,0,0,0,0
0,0,0,0,0
0,0,0,0,0
0,0,0,0,0
0,0,0,0,0
0,0,0,0,0
0,0,0,0,0
0,0,0,0,0
0,0,0,0,0
6167,2019,4,1,258
0,0,0,0,0
50827,76791,0,0,59
0,0,0,0,0
0,0,0,0,0
0,0,0,0,0
0,0,0,0,0
0,0,0,0,0
0,0,0,0,0
0,0,0,0,0
0,0,0,0,0
0,0,0,0,0
0,0,0,0,0
0,0,0,0,0
0,0,0,0,0
0,0,0,0,0
0,0,0,0,0
0,0,0,0,0
0,0,0,0,0
0,0,0,0,0
3678,1609,2,0,182
0,0,0,0,0
50291,76791,0,0,43
0,0,0,0,0
0,0,0,0,0
0,0,0,0,0
0,0,0,0,0
0,0,0,0,0
0,0,0,0,0
0,0,0,0,0
0,0,0,0,0
0,0,0,0,0
0,0,0,0,0
0,0,0,0,0
0,0,0,0,0
0,0,0,0,0
0,0,0,0,0
0,0,0,0,0
0,0,0,0,0
0,0,0,0,0
5260,1609,5,0,446
50777,76791,0,0,46
0,0,0,0,0
0,0,0,0,0
0,0,0,0,0
0,0,0,0,0
0,0,0,0,0
0,0,0,0,0
0,0,0,0,0
0,0,0,0,0
0,0,0,0,0
0,0,0,0,0
0,0,0,0,0
0,0,0,0,0
0,0,0,0,0
0,0,0,0,0
0,0,0,0,0
0,0,0,0,0
0,0,0,0,0
5186,2019,1,0,61
0,0,0,0,0
50610,76791,0,0,48
0,0,0,0,0
0,0,0,0,0
0,0,0,0,0
0,0,0,0,0
0,0,0,0,0
0,0,0,0,0
0,0,0,0,0
0,0,0,0,0
0,0,0,0,0
0,0,0,0,0
0,0,0,0,0
0,0,0,0,0
0,0,0,0,0
0,0,0,0,0
0,0,0,0,0
0,0,0,0,0
0,0,0,0,0
3164,1609,1,0,42
0,0,0,0,0
50106,76791,0,0,53
0,0,0,0,0
0,0,0,0,0
0,0,0,0,0
0,0,0,0,0
0,0,0,0,0
0,0,0,0,0
0,0,0,0,0
0,0,0,0,0
0,0,0,0,0
0,0,0,0,0
0,0,0,0,0
0,0,0,0,0
0,0,0,0,0
0,0,0,0,0
0,0,0,0,0
0,0,0,0,0
0,0,0,0,0
3167,1671,1,0,41
0,0,0,0,0
50590,76791,0,0,45
0,0,0,0,0
0,0,0,0,0
0,0,0,0,0
0,0,0,0,0
0,0,0,0,0
0,0,0,0,0
0,0,0,0,0
0,0,0,0,0
0,0,0,0,0
0,0,0,0,0
0,0,0,0,0
0,0,0,0,0
0,0,0,0,0
0,0,0,0,0
0,0,0,0,0
0,0,0,0,0
0,0,0,0,0
3502,1609,1,0,40
0,0,0,0,0
50780,76791,0,0,52
0,0,0,0,0
0,0,0,0,0
0,0,0,0,0
0,0,0,0,0
0,0,0,0,0
0,0,0,0,0
0,0,0,0,0
0,0,0,0,0
0,0,0,0,0
0,0,0,0,0
0,0,0,0,0
0,0,0,0,0
0,0,0,0,0
0,0,0,0,0
0,0,0,0,0
0,0,0,0,0
0,0,0,0,0
3343,1609,1,0,43
0,0,0,0,0
50650,76791,0,0,48
0,0,0,0,0
0,0,0,0,0
0,0,0,0,0
0,0,0,0,0
0,0,0,0,0
0,0,0,0,0
0,0,0,0,0
0,0,0,0,0
0,0,0,0,0
0,0,0,0,0
0,0,0,0,0
0,0,0,0,0
0,0,0,0,0
0,0,0,0,0
0,0,0,0,0
0,0,0,0,0
0,0,0,0,0
2970,1609,1,0,40
50705,76791,0,0,59
0,0,0,0,0
0,0,0,0,0
0,0,0,0,0
0,0,0,0,0
0,0,0,0,0
0,0,0,0,0
0,0,0,0,0
0,0,0,0,0
0,0,0,0,0
0,0,0,0,0
0,0,0,0,0
0,0,0,0,0
0,0,0,0,0
0,0,0,0,0
0,0,0,0,0
0,0,0,0,0
0,0,0,0,0
2676,1609,1,0,56
0,0,0,0,0
51018,76791,0,0,47
0,0,0,0,0
0,0,0,0,0
0,0,0,0,0
0,0,0,0,0
0,0,0,0,0
0,0,0,0,0
0,0,0,0,0
0,0,0,0,0
0,0,0,0,0
0,0,0,0,0
0,0,0,0,0
0,0,0,0,0
0,0,0,0,0
0,0,0,0,0
0,0,0,0,0
0,0,0,0,0
0,0,0,0,0
7019,1610,1,2,484
0,0,0,0,0
50995,76791,0,0,36
0,0,0,0,0
0,0,0,0,0
0,0,0,0,0
0,0,0,0,0
0,0,0,0,0
0,0,0,0,0
0,0,0,0,0
0,0,0,0,0
0,0,0,0,0
0,0,0,0,0
0,0,0,0,0
0,0,0,0,0
0,0,0,0,0
0,0,0,0,0
0,0,0,0,0
0,0,0,0,0
0,0,0,0,0
4012,1671,1,0,46
0,0,0,0,0
53431,76791,0,0,67
0,0,0,0,0
0,0,0,0,0
0,0,0,0,0
0,0,0,0,0
0,0,0,0,0
0,0,0,0,0
0,0,0,0,0
0,0,0,0,0
0,0,0,0,0
0,0,0,0,0
0,0,0,0,0
0,0,0,0,0
0,0,0,0,0
0,0,0,0,0
0,0,0,0,0
0,0,0,0,0
0,0,0,0,0
6635,2429,2,0,397
0,0,0,0,0
52808,76791,0,0,60
0,0,0,0,0
0,0,0,0,0
0,0,0,0,0
0,0,0,0,0
0,0,0,0,0
0,0,0,0,0
0,0,0,0,0
0,0,0,0,0
0,0,0,0,0
0,0,0,0,0
0,0,0,0,0
0,0,0,0,0
0,0,0,0,0
0,0,0,0,0
0,0,0,0,0
0,0,0,0,0
0,0,0,0,0
2815,1609,1,0,34
51146,76791,0,0,47
0,0,0,0,0
0,0,0,0,0
0,0,0,0,0
0,0,0,0,0
0,0,0,0,0
0,0,0,0,0
0,0,0,0,0
0,0,0,0,0
0,0,0,0,0
0,0,0,0,0
0,0,0,0,0
0,0,0,0,0
0,0,0,0,0
0,0,0,0,0
0,0,0,0,0
0,0,0,0,0
0,0,0,0,0
0,0,0,0,0
3856,1609,1,0,178
52693,76791,0,0,44
0,0,0,0,0
0,0,0,0,0
0,0,0,0,0
0,0,0,0,0
0,0,0,0,0
0,0,0,0,0
0,0,0,0,0
0,0,0,0,0
0,0,0,0,0
0,0,0,0,0
0,0,0,0,0
0,0,0,0,0
0,0,0,0,0
0,0,0,0,0
0,0,0,0,0
0,0,0,0,0
0,0,0,0,0
3569,1609,1,0,47
0,0,0,0,0
50718,76791,0,0,43
0,0,0,0,0
0,0,0,0,0
0,0,0,0,0
0,0,0,0,0
0,0,0,0,0
0,0,0,0,0
0,0,0,0,0
0,0,0,0,0
0,0,0,0,0
0,0,0,0,0
0,0,0,0,0
0,0,0,0,0
0,0,0,0,0
0,0,0,0,0
0,0,0,0,0
0,0,0,0,0
0,0,0,0,0
3272,1609,1,0,160
0,0,0,0,0
50445,76791,0,0,34
0,0,0,0,0
0,0,0,0,0
0,0,0,0,0
0,0,0,0,0
0,0,0,0,0
0,0,0,0,0
0,0,0,0,0
0,0,0,0,0
0,0,0,0,0
0,0,0,0,0
0,0,0,0,0
0,0,0,0,0
0,0,0,0,0
0,0,0,0,0
0,0,0,0,0
0,0,0,0,0
0,0,0,0,0
4852,2081,2,0,102
0,0,0,0,0
50628,76791,0,0,48
0,0,0,0,0
0,0,0,0,0
0,0,0,0,0
0,0,0,0,0
0,0,0,0,0
0,0,0,0,0
0,0,0,0,0
0,0,0,0,0
0,0,0,0,0
0,0,0,0,0
0,0,0,0,0
0,0,0,0,0
0,0,0,0,0
0,0,0,0,0
0,0,0,0,0
0,0,0,0,0
0,0,0,0,0
3922,1609,1,0,165
50446,76791,0,0,58
0,0,0,0,0
0,0,0,0,0
0,0,0,0,0
0,0,0,0,0
0,0,0,0,0
0,0,0,0,0
0,0,0,0,0
0,0,0,0,0
0,0,0,0,0
0,0,0,0,0
0,0,0,0,0
0,0,0,0,0
0,0,0,0,0
0,0,0,0,0
0,0,0,0,0
0,0,0,0,0
0,0,0,0,0
0,0,0,0,0
3319,1609,1,0,40
50979,76791,0,0,181
0,0,0,0,0
0,0,0,0,0
0,0,0,0,0
0,0,0,0,0
0,0,0,0,0
0,0,0,0,0
0,0,0,0,0
0,0,0,0,0
0,0,0,0,0
0,0,0,0,0
0,0,0,0,0
0,0,0,0,0
0,0,0,0,0
0,0,0,0,0
0,0,0,0,0
0,0,0,0,0
0,0,0,0,0
0,0,0,0,0
7099,2839,1,0,276
50567,76791,0,0,49
0,0,0,0,0
0,0,0,0,0
0,0,0,0,0
0,0,0,0,0
0,0,0,0,0
0,0,0,0,0
0,0,0,0,0
0,0,0,0,0
0,0,0,0,0
0,0,0,0,0
0,0,0,0,0
0,0,0,0,0
0,0,0,0,0
0,0,0,0,0
0,0,0,0,0
0,0,0,0,0
0,0,0,0,0
0,0,0,0,0
3211,1609,1,0,42
50677,76791,0,0,96
0,0,0,0,0
0,0,0,0,0
0,0,0,0,0
0,0,0,0,0
0,0,0,0,0
0,0,0,0,0
0,0,0,0,0
0,0,0,0,0
0,0,0,0,0
0,0,0,0,0
0,0,0,0,0
0,0,0,0,0
0,0,0,0,0
0,0,0,0,0
0,0,0,0,0
0,0,0,0,0
0,0,0,0,0
3802,1609,1,0,166
0,0,0,0,0
50807,76791,0,0,24
0,0,0,0,0
0,0,0,0,0
0,0,0,0,0
0,0,0,0,0
0,0,0,0,0
0,0,0,0,0
0,0,0,0,0
0,0,0,0,0
0,0,0,0,0
0,0,0,0,0
0,0,0,0,0
0,0,0,0,0
0,0,0,0,0
0,0,0,0,0
0,0,0,0,0
0,0,0,0,0
0,0,0,0,0
3564,1671,1,0,39
49994,76791,0,0,28
0,0,0,0,0
0,0,0,0,0
0,0,0,0,0
0,0,0,0,0
0,0,0,0,0
0,0,0,0,0
0,0,0,0,0
0,0,0,0,0
0,0,0,0,0
0,0,0,0,0
0,0,0,0,0
0,0,0,0,0
0,0,0,0,0
0,0,0,0,0
0,0,0,0,0
0,0,0,0,0
0,0,0,0,0
0,0,0,0,0
3283,1609,1,0,165
50243,76791,0,0,51
0,0,0,0,0
0,0,0,0,0
0,0,0,0,0
0,0,0,0,0
0,0,0,0,0
0,0,0,0,0
0,0,0,0,0
0,0,0,0,0
0,0,0,0,0
0,0,0,0,0
0,0,0,0,0
0,0,0,0,0
0,0,0,0,0
0,0,0,0,0
0,0,0,0,0
0,0,0,0,0
0,0,0,0,0
0,0,0,0,0
2949,1609,1,0,51
50134,76791,0,0,45
0,0,0,0,0
0,0,0,0,0
0,0,0,0,0
0,0,0,0,0
0,0,0,0,0
0,0,0,0,0
0,0,0,0,0
0,0,0,0,0
0,0,0,0,0
0,0,0,0,0
0,0,0,0,0
0,0,0,0,0
0,0,0,0,0
0,0,0,0,0
0,0,0,0,0
0,0,0,0,0
0,0,0,0,0
0,0,0,0,0
5489,2019,1,0,190
50727,76791,0,0,36
0,0,0,0,0
0,0,0,0,0
0,0,0,0,0
0,0,0,0,0
0,0,0,0,0
0,0,0,0,0
0,0,0,0,0
0,0,0,0,0
0,0,0,0,0
0,0,0,0,0
0,0,0,0,0
0,0,0,0,0
0,0,0,0,0
0,0,0,0,0
0,0,0,0,0
0,0,0,0,0
0,0,0,0,0
0,0,0,0,0
3280,1609,1,0,31
50206,76791,0,0,28
0,0,0,0,0
0,0,0,0,0
0,0,0,0,0
0,0,0,0,0
0,0,0,0,0
0,0,0,0,0
0,0,0,0,0
0,0,0,0,0
0,0,0,0,0
0,0,0,0,0
0,0,0,0,0
0,0,0,0,0
0,0,0,0,0
0,0,0,0,0
0,0,0,0,0
0,0,0,0,0
0,0,0,0,0
0,0,0,0,0
6338,2429,1,0,263
50417,76791,0,0,45
0,0,0,0,0
0,0,0,0,0
0,0,0,0,0
0,0,0,0,0
0,0,0,0,0
0,0,0,0,0
0,0,0,0,0
0,0,0,0,0
0,0,0,0,0
0,0,0,0,0
0,0,0,0,0
0,0,0,0,0
0,0,0,0,0
0,0,0,0,0
0,0,0,0,0
0,0,0,0,0
0,0,0,0,0
3626,1671,1,0,44
50229,76791,0,0,45
0,0,0,0,0
0,0,0,0,0
0,0,0,0,0
0,0,0,0,0
0,0,0,0,0
0,0,0,0,0
0,0,0,0,0
0,0,0,0,0
0,0,0,0,0
0,0,0,0,0
0,0,0,0,0
0,0,0,0,0
0,0,0,0,0
0,0,0,0,0
0,0,0,0,0
0,0,0,0,0
0,0,0,0,0
0,0,0,0,0
3854,1609,1,0,158
50322,76791,0,0,35
0,0,0,0,0
0,0,0,0,0
0,0,0,0,0
0,0,0,0,0
0,0,0,0,0
0,0,0,0,0
0,0,0,0,0
0,0,0,0,0
0,0,0,0,0
0,0,0,0,0
0,0,0,0,0
0,0,0,0,0
0,0,0,0,0
0,0,0,0,0
0,0,0,0,0
0,0,0,0,0
0,0,0,0,0
0,0,0,0,0
2838,1609,1,0,48
49909,76791,0,0,31
0,0,0,0,0
0,0,0,0,0
0,0,0,0,0
0,0,0,0,0
0,0,0,0,0
0,0,0,0,0
0,0,0,0,0
0,0,0,0,0
0,0,0,0,0
0,0,0,0,0
0,0,0,0,0
0,0,0,0,0
0,0,0,0,0
0,0,0,0,0
0,0,0,0,0
0,0,0,0,0
0,0,0,0,0
0,0,0,0,0
3334,1609,1,0,167
50040,76791,0,0,57
0,0,0,0,0
0,0,0,0,0
0,0,0,0,0
0,0,0,0,0
0,0,0,0,0
0,0,0,0,0
0,0,0,0,0
0,0,0,0,0
0,0,0,0,0
0,0,0,0,0
0,0,0,0,0
0,0,0,0,0
0,0,0,0,0
0,0,0,0,0
0,0,0,0,0
0,0,0,0,0
0,0,0,0,0
0,0,0,0,0
7718,2839,1,0,146
50866,76791,0,0,56
0,0,0,0,0
0,0,0,0,0
0,0,0,0,0
0,0,0,0,0
0,0,0,0,0
0,0,0,0,0
0,0,0,0,0
0,0,0,0,0
0,0,0,0,0
0,0,0,0,0
0,0,0,0,0
0,0,0,0,0
0,0,0,0,0
0,0,0,0,0
0,0,0,0,0
0,0,0,0,0
0,0,0,0,0
0,0,0,0,0
54256,78400,1,0,206
0,0,0,0,0
0,0,0,0,0
0,0,0,0,0
0,0,0,0,0
0,0,0,0,0
0,0,0,0,0
0,0,0,0,0
0,0,0,0,0
0,0,0,0,0
0,0,0,0,0
0,0,0,0,0
0,0,0,0,0
0,0,0,0,0
0,0,0,0,0
0,0,0,0,0
0,0,0,0,0
0,0,0,0,0
0,0,0,0,0
0,0,0,0,0
53457,78462,1,0,78
0,0,0,0,0
0,0,0,0,0
0,0,0,0,0
0,0,0,0,0
0,0,0,0,0
0,0,0,0,0
0,0,0,0,0
0,0,0,0,0
0,0,0,0,0
0,0,0,0,0
0,0,0,0,0
0,0,0,0,0
0,0,0,0,0
0,0,0,0,0
0,0,0,0,0
0,0,0,0,0
0,0,0,0,0
0,0,0,0,0
3215,1609,1,0,156
50522,76791,0,0,52
0,0,0,0,0
0,0,0,0,0
0,0,0,0,0
0,0,0,0,0
0,0,0,0,0
0,0,0,0,0
0,0,0,0,0
0,0,0,0,0
0,0,0,0,0
0,0,0,0,0
0,0,0,0,0
0,0,0,0,0
0,0,0,0,0
0,0,0,0,0
0,0,0,0,0
0,0,0,0,0
0,0,0,0,0
0,0,0,0,0
3269,1609,1,0,70
51026,76791,0,0,64
0,0,0,0,0
0,0,0,0,0
0,0,0,0,0
0,0,0,0,0
0,0,0,0,0
0,0,0,0,0
0,0,0,0,0
0,0,0,0,0
0,0,0,0,0
0,0,0,0,0
0,0,0,0,0
0,0,0,0,0
0,0,0,0,0
0,0,0,0,0
0,0,0,0,0
0,0,0,0,0
0,0,0,0,0
0,0,0,0,0
5202,2019,1,0,202
50962,76791,0,0,49
0,0,0,0,0
0,0,0,0,0
0,0,0,0,0
0,0,0,0,0
0,0,0,0,0
0,0,0,0,0
0,0,0,0,0
0,0,0,0,0
0,0,0,0,0
0,0,0,0,0
0,0,0,0,0
0,0,0,0,0
0,0,0,0,0
0,0,0,0,0
0,0,0,0,0
0,0,0,0,0
0,0,0,0,0
0,0,0,0,0
3065,1609,1,0,53
50280,76791,0,0,27
0,0,0,0,0
0,0,0,0,0
0,0,0,0,0
0,0,0,0,0
0,0,0,0,0
0,0,0,0,0
0,0,0,0,0
0,0,0,0,0
0,0,0,0,0
0,0,0,0,0
0,0,0,0,0
0,0,0,0,0
0,0,0,0,0
0,0,0,0,0
0,0,0,0,0
0,0,0,0,0
0,0,0,0,0
0,0,0,0,0
54529,78400,1,0,223
0,0,0,0,0
0,0,0,0,0
0,0,0,0,0
0,0,0,0,0
0,0,0,0,0
0,0,0,0,0
0,0,0,0,0
0,0,0,0,0
0,0,0,0,0
0,0,0,0,0
0,0,0,0,0
0,0,0,0,0
0,0,0,0,0
0,0,0,0,0
0,0,0,0,0
0,0,0,0,0
0,0,0,0,0
0,0,0,0,0
0,0,0,0,0
68484,79282,3,0,259
0,0,0,0,0
0,0,0,0,0
0,0,0,0,0
0,0,0,0,0
0,0,0,0,0
0,0,0,0,0
0,0,0,0,0
0,0,0,0,0
0,0,0,0,0
0,0,0,0,0
0,0,0,0,0
0,0,0,0,0
0,0,0,0,0
0,0,0,0,0
0,0,0,0,0
0,0,0,0,0
0,0,0,0,0
0,0,0,0,0
0,0,0,0,0
57393,78400,1,0,207
0,0,0,0,0
0,0,0,0,0
0,0,0,0,0
0,0,0,0,0
0,0,0,0,0
0,0,0,0,0
0,0,0,0,0
0,0,0,0,0
0,0,0,0,0
0,0,0,0,0
0,0,0,0,0
0,0,0,0,0
0,0,0,0,0
0,0,0,0,0
0,0,0,0,0
0,0,0,0,0
0,0,0,0,0
0,0,0,0,0
3047,1609,1,0,54
51296,76791,0,0,45
0,0,0,0,0
0,0,0,0,0
0,0,0,0,0
0,0,0,0,0
0,0,0,0,0
0,0,0,0,0
0,0,0,0,0
0,0,0,0,0
0,0,0,0,0
0,0,0,0,0
0,0,0,0,0
0,0,0,0,0
0,0,0,0,0
0,0,0,0,0
0,0,0,0,0
0,0,0,0,0
0,0,0,0,0
0,0,0,0,0
3536,1609,1,0,161
52585,76791,0,0,70
0,0,0,0,0
0,0,0,0,0
0,0,0,0,0
0,0,0,0,0
0,0,0,0,0
0,0,0,0,0
0,0,0,0,0
0,0,0,0,0
0,0,0,0,0
0,0,0,0,0
0,0,0,0,0
0,0,0,0,0
0,0,0,0,0
0,0,0,0,0
0,0,0,0,0
0,0,0,0,0
0,0,0,0,0
0,0,0,0,0
7481,2839,1,0,169
50786,76791,0,0,48
0,0,0,0,0
0,0,0,0,0
0,0,0,0,0
0,0,0,0,0
0,0,0,0,0
0,0,0,0,0
0,0,0,0,0
0,0,0,0,0
0,0,0,0,0
0,0,0,0,0
0,0,0,0,0
0,0,0,0,0
0,0,0,0,0
0,0,0,0,0
0,0,0,0,0
0,0,0,0,0
0,0,0,0,0
0,0,0,0,0
54241,78400,1,0,212
0,0,0,0,0
0,0,0,0,0
0,0,0,0,0
0,0,0,0,0
0,0,0,0,0
0,0,0,0,0
0,0,0,0,0
0,0,0,0,0
0,0,0,0,0
0,0,0,0,0
0,0,0,0,0
0,0,0,0,0
0,0,0,0,0
0,0,0,0,0
0,0,0,0,0
0,0,0,0,0
0,0,0,0,0
0,0,0,0,0
0,0,0,0,0
55501,78872,2,0,120
0,0,0,0,0
0,0,0,0,0
0,0,0,0,0
0,0,0,0,0
0,0,0,0,0
0,0,0,0,0
0,0,0,0,0
0,0,0,0,0
0,0,0,0,0
0,0,0,0,0
0,0,0,0,0
0,0,0,0,0
0,0,0,0,0
0,0,0,0,0
0,0,0,0,0
0,0,0,0,0
0,0,0,0,0
0,0,0,0,0
0,0,0,0,0
55604,78810,1,0,253
0,0,0,0,0
0,0,0,0,0
0,0,0,0,0
0,0,0,0,0
0,0,0,0,0
0,0,0,0,0
0,0,0,0,0
0,0,0,0,0
0,0,0,0,0
0,0,0,0,0
0,0,0,0,0
0,0,0,0,0
0,0,0,0,0
0,0,0,0,0
0,0,0,0,0
0,0,0,0,0
0,0,0,0,0
0,0,0,0,0
0,0,0,0,0
54060,78400,1,0,77
0,0,0,0,0
0,0,0,0,0
0,0,0,0,0
0,0,0,0,0
0,0,0,0,0
0,0,0,0,0
0,0,0,0,0
0,0,0,0,0
0,0,0,0,0
0,0,0,0,0
0,0,0,0,0
0,0,0,0,0
0,0,0,0,0
0,0,0,0,0
0,0,0,0,0
0,0,0,0,0
0,0,0,0,0
0,0,0,0,0
3714,1609,1,0,158
50231,76791,0,0,37
0,0,0,0,0
0,0,0,0,0
0,0,0,0,0
0,0,0,0,0
0,0,0,0,0
0,0,0,0,0
0,0,0,0,0
0,0,0,0,0
0,0,0,0,0
0,0,0,0,0
0,0,0,0,0
0,0,0,0,0
0,0,0,0,0
0,0,0,0,0
0,0,0,0,0
0,0,0,0,0
0,0,0,0,0
0,0,0,0,0
55880,78400,16,1,2113
0,0,0,0,0
0,0,0,0,0
0,0,0,0,0
0,0,0,0,0
0,0,0,0,0
0,0,0,0,0
0,0,0,0,0
0,0,0,0,0
0,0,0,0,0
0,0,0,0,0
0,0,0,0,0
0,0,0,0,0
0,0,0,0,0
0,0,0,0,0
0,0,0,0,0
0,0,0,0,0
0,0,0,0,0
0,0,0,0,0
0,0,0,0,0
54521,78400,4,0,517
0,0,0,0,0
0,0,0,0,0
0,0,0,0,0
0,0,0,0,0
0,0,0,0,0
0,0,0,0,0
0,0,0,0,0
0,0,0,0,0
0,0,0,0,0
0,0,0,0,0
0,0,0,0,0
0,0,0,0,0
0,0,0,0,0
0,0,0,0,0
0,0,0,0,0
0,0,0,0,0
0,0,0,0,0
0,0,0,0,0
0,0,0,0,0
54373,78466,1,0,79
0,0,0,0,0
0,0,0,0,0
0,0,0,0,0
0,0,0,0,0
0,0,0,0,0
0,0,0,0,0
0,0,0,0,0
0,0,0,0,0
0,0,0,0,0
0,0,0,0,0
0,0,0,0,0
0,0,0,0,0
0,0,0,0,0
0,0,0,0,0
0,0,0,0,0
0,0,0,0,0
0,0,0,0,0
0,0,0,0,0
0,0,0,0,0
55425,78810,1,0,219
0,0,0,0,0
0,0,0,0,0
0,0,0,0,0
0,0,0,0,0
0,0,0,0,0
0,0,0,0,0
0,0,0,0,0
0,0,0,0,0
0,0,0,0,0
0,0,0,0,0
0,0,0,0,0
0,0,0,0,0
0,0,0,0,0
0,0,0,0,0
0,0,0,0,0
0,0,0,0,0
0,0,0,0,0
0,0,0,0,0
0,0,0,0,0
33018,45768,1,0,99
0,0,0,0,0
0,0,0,0,0
0,0,0,0,0
0,0,0,0,0
0,0,0,0,0
0,0,0,0,0
0,0,0,0,0
0,0,0,0,0
0,0,0,0,0
0,0,0,0,0
0,0,0,0,0
0,0,0,0,0
0,0,0,0,0
0,0,0,0,0
0,0,0,0,0
0,0,0,0,0
0,0,0,0,0
0,0,0,0,0
50527,76791,0,0,59
6555,1609,18,3,1715
0,0,0,0,0
0,0,0,0,0
0,0,0,0,0
0,0,0,0,0
0,0,0,0,0
0,0,0,0,0
0,0,0,0,0
0,0,0,0,0
0,0,0,0,0
0,0,0,0,0
0,0,0,0,0
0,0,0,0,0
0,0,0,0,0
0,0,0,0,0
0,0,0,0,0
0,0,0,0,0
0,0,0,0,0
0,0,0,0,0
54503,78400,4,0,558
0,0,0,0,0
0,0,0,0,0
0,0,0,0,0
0,0,0,0,0
0,0,0,0,0
0,0,0,0,0
0,0,0,0,0
0,0,0,0,0
0,0,0,0,0
0,0,0,0,0
0,0,0,0,0
0,0,0,0,0
0,0,0,0,0
0,0,0,0,0
0,0,0,0,0
0,0,0,0,0
0,0,0,0,0
0,0,0,0,0
0,0,0,0,0
56552,78810,5,0,742
0,0,0,0,0
0,0,0,0,0
0,0,0,0,0
0,0,0,0,0
0,0,0,0,0
0,0,0,0,0
0,0,0,0,0
0,0,0,0,0
0,0,0,0,0
0,0,0,0,0
0,0,0,0,0
0,0,0,0,0
0,0,0,0,0
0,0,0,0,0
0,0,0,0,0
0,0,0,0,0
0,0,0,0,0
0,0,0,0,0
0,0,0,0,0
53481,78466,1,0,96
0,0,0,0,0
0,0,0,0,0
0,0,0,0,0
0,0,0,0,0
0,0,0,0,0
0,0,0,0,0
0,0,0,0,0
0,0,0,0,0
0,0,0,0,0
0,0,0,0,0
0,0,0,0,0
0,0,0,0,0
0,0,0,0,0
0,0,0,0,0
0,0,0,0,0
0,0,0,0,0
0,0,0,0,0
0,0,0,0,0
0,0,0,0,0
54361,78400,2,0,385
0,0,0,0,0
0,0,0,0,0
0,0,0,0,0
0,0,0,0,0
0,0,0,0,0
0,0,0,0,0
0,0,0,0,0
0,0,0,0,0
0,0,0,0,0
0,0,0,0,0
0,0,0,0,0
0,0,0,0,0
0,0,0,0,0
0,0,0,0,0
0,0,0,0,0
0,0,0,0,0
0,0,0,0,0
0,0,0,0,0
0,0,0,0,0
56791,79220,1,0,151
0,0,0,0,0
0,0,0,0,0
0,0,0,0,0
0,0,0,0,0
0,0,0,0,0
0,0,0,0,0
0,0,0,0,0
0,0,0,0,0
0,0,0,0,0
0,0,0,0,0
0,0,0,0,0
0,0,0,0,0
0,0,0,0,0
0,0,0,0,0
0,0,0,0,0
0,0,0,0,0
0,0,0,0,0
0,0,0,0,0
50791,76791,0,1,175
3791,1609,1,0,165
0,0,0,0,0
0,0,0,0,0
0,0,0,0,0
0,0,0,0,0
0,0,0,0,0
0,0,0,0,0
0,0,0,0,0
0,0,0,0,0
0,0,0,0,0
0,0,0,0,0
0,0,0,0,0
0,0,0,0,0
0,0,0,0,0
0,0,0,0,0
0,0,0,0,0
0,0,0,0,0
0,0,0,0,0
0,0,0,0,0
50037,76791,0,0,53
2945,1609,1,0,50
0,0,0,0,0
0,0,0,0,0
0,0,0,0,0
0,0,0,0,0
0,0,0,0,0
0,0,0,0,0
0,0,0,0,0
0,0,0,0,0
0,0,0,0,0
0,0,0,0,0
0,0,0,0,0
0,0,0,0,0
0,0,0,0,0
0,0,0,0,0
0,0,0,0,0
0,0,0,0,0
0,0,0,0,0
0,0,0,0,0
53792,78400,1,0,237
0,0,0,0,0
0,0,0,0,0
0,0,0,0,0
0,0,0,0,0
0,0,0,0,0
0,0,0,0,0
0,0,0,0,0
0,0,0,0,0
0,0,0,0,0
0,0,0,0,0
0,0,0,0,0
0,0,0,0,0
0,0,0,0,0
0,0,0,0,0
0,0,0,0,0
0,0,0,0,0
0,0,0,0,0
0,0,0,0,0
0,0,0,0,0
54462,78466,1,0,268
0,0,0,0,0
0,0,0,0,0
0,0,0,0,0
0,0,0,0,0
0,0,0,0,0
0,0,0,0,0
0,0,0,0,0
0,0,0,0,0
0,0,0,0,0
0,0,0,0,0
0,0,0,0,0
0,0,0,0,0
0,0,0,0,0
0,0,0,0,0
0,0,0,0,0
0,0,0,0,0
0,0,0,0,0
0,0,0,0,0
0,0,0,0,0
54401,78400,1,0,212
0,0,0,0,0
0,0,0,0,0
0,0,0,0,0
0,0,0,0,0
0,0,0,0,0
0,0,0,0,0
0,0,0,0,0
0,0,0,0,0
0,0,0,0,0
0,0,0,0,0
0,0,0,0,0
0,0,0,0,0
0,0,0,0,0
0,0,0,0,0
0,0,0,0,0
0,0,0,0,0
0,0,0,0,0
0,0,0,0,0
50397,76791,0,0,45
4434,2019,1,0,51
0,0,0,0,0
0,0,0,0,0
0,0,0,0,0
0,0,0,0,0
0,0,0,0,0
0,0,0,0,0
0,0,0,0,0
0,0,0,0,0
0,0,0,0,0
0,0,0,0,0
0,0,0,0,0
0,0,0,0,0
0,0,0,0,0
0,0,0,0,0
0,0,0,0,0
0,0,0,0,0
0,0,0,0,0
0,0,0,0,0
50434,76791,0,0,65
3405,1609,1,0,196
0,0,0,0,0
0,0,0,0,0
0,0,0,0,0
0,0,0,0,0
0,0,0,0,0
0,0,0,0,0
0,0,0,0,0
0,0,0,0,0
0,0,0,0,0
0,0,0,0,0
0,0,0,0,0
0,0,0,0,0
0,0,0,0,0
0,0,0,0,0
0,0,0,0,0
0,0,0,0,0
0,0,0,0,0
0,0,0,0,0
51055,76791,0,0,63
6147,2429,1,0,116
0,0,0,0,0
0,0,0,0,0
0,0,0,0,0
0,0,0,0,0
0,0,0,0,0
0,0,0,0,0
0,0,0,0,0
0,0,0,0,0
0,0,0,0,0
0,0,0,0,0
0,0,0,0,0
0,0,0,0,0
0,0,0,0,0
0,0,0,0,0
0,0,0,0,0
0,0,0,0,0
0,0,0,0,0
0,0,0,0,0
54410,78400,1,0,211
0,0,0,0,0
0,0,0,0,0
0,0,0,0,0
0,0,0,0,0
0,0,0,0,0
0,0,0,0,0
0,0,0,0,0
0,0,0,0,0
0,0,0,0,0
0,0,0,0,0
0,0,0,0,0
38813144,42489582,21293,37403,1348884
67300814,97095610,5089,6637,862409
71416746,102349003,6656,3628,1051520
63455221,87498917,11045,8768,1329657
62524328,86430282,14191,9563,1627782
63886755,88674008,15870,6861,1724952
63039725,83800665,18099,6572,1987900
68872565,89874264,23728,10145,2300624
74139222,95309647,32143,12033,2679157
80011664,94926053,99298,7406,4867009
74934205,84884762,103000,11650,4618934
95030166,103456142,183422,11784,7007274
66839253,86675408,38016,13492,3278755
73200509,96909077,32539,7790,3040352
68493109,88399923,30894,13521,2958393
70429690,92293781,30635,8000,3011425
70588906,92997372,30643,6945,2951322
68295423,89462652,31448,8065,2996104
76773735,97561260,35103,13869,3314188
75351257,99130712,34763,5367,3323453
71361586,90903022,35911,8175,3436812
70643780,89102940,36935,8278,3528740
61170134,77961982,33560,6944,3103730
76033772,94072588,39454,10668,3788074
71424813,88309824,39360,8150,3778959
75524759,90968854,41961,13094,3974564
73632099,91469054,41662,3882,4112363
72707921,90779949,37961,7269,3482545
109621760,133709937,41977,14595,4025862
197580876,236283294,144794,18926,7601901
135416795,162028463,140622,12761,7029213
83511285,91818723,100013,8430,6050558
89123037,87754094,106425,9044,7308278
84170125,83925516,121416,5677,6314011
98956980,92408472,163914,8436,7977117
83823419,87267190,106161,7380,6094533
111310509,87499834,222277,13577,9735717
100567658,85087656,180713,17164,8030579
96263034,98071608,124726,7849,6735972
97769562,106314278,93046,7814,5873324
104311995,108130076,126623,10043,7335544
101394339,102262815,129773,12778,7451255
74393047,75443333,49516,8086,3988153
70407601,71003879,43800,15471,3941197
79162490,87269896,53859,16659,5168426
86970933,102785040,50619,9503,4973102
88372920,103673376,44164,6985,4523642
78257213,84880918,42983,13263,4095435
104631829,107535179,43932,13162,4526831
123023477,143247089,53236,10594,4579672
104419477,90428067,183138,12067,9604282
84008528,89182066,124351,8058,7004517
92428530,91057735,131077,9515,7768843
111821506,84328248,210193,11738,10491776
79422805,86020967,80600,9247,5811384
86030107,90973354,115546,6547,6927813
84245204,86705609,129753,11833,7212771
93632332,90715253,195367,10574,9505748
101154260,88179136,220825,14056,10558751
72534967,74166500,98485,10446,5946573
80796387,89353204,106334,7273,6228335
90031064,77664964,179825,11664,8538080
88745292,83011702,128079,6813,6993234
87158588,84053795,63137,10548,5022732
108005857,86544674,177058,12718,9151194
103091744,86147865,147992,11911,8239836
97252155,88190277,121517,10972,7250531
88639552,93718927,46839,11129,4747730
123711913,132560079,40179,15171,4703882
139906735,168953501,30485,9833,4222013
62950235,70428015,30423,8531,3487107
72076475,81422736,33895,8446,3845944
66492862,78274291,33776,6973,3581540
72205893,83955497,36154,6186,4055563
68686868,79293940,33004,9522,3737829
72419295,83212944,35815,6881,4009462
67248176,76663994,34014,10440,3854388
70380818,81101357,34547,6996,4019740
71048910,80752383,35536,7304,4058758
70072370,79065440,34690,8694,4033101
69699786,78633762,38532,11527,4362622
71265544,80894345,38849,8170,4435973
71729763,80053019,39478,8451,4464578
72129020,81508599,40667,7897,4588847
71627769,80154986,41536,10725,4622356
69967028,76359645,41423,14059,4611037
72822848,81956581,41896,9331,4720324
81990926,89657078,41797,10409,4540209
91141390,87720811,66395,10314,5901906
102499540,90241158,118796,13923,8323931
100774986,87133677,121581,12171,8347383
110370415,89438792,144566,20022,9464789
93374524,90154905,67492,15318,6538475
106664841,93341245,107048,14404,8564800
107501439,93945835,123844,10396,8641401
85196661,79650977,83017,9626,6270433
102103030,91235116,127441,14381,8442238
124846168,99292219,210614,14154,11918629
105233191,91719896,140808,15839,8979694
89193003,84210354,63289,15107,5832960
102653006,84747220,129615,17183,8865801
93221004,92684041,60424,7948,5930210
106152599,95854430,121292,12974,8490288
99631115,91115589,101707,15149,7786358
97854903,94863505,86743,18399,6982987
98100319,97944285,84065,15508,7518186
108556244,95396995,144183,18225,9971238
99825044,101697121,78673,12165,7289431
117612728,114583162,95852,15556,7400748
99270390,87537415,135147,15099,9497816
103240849,87366379,143599,13410,9850061
101888936,89733813,146194,10189,9734847
84099508,79047681,103475,15648,7207584
102638008,93738744,128733,16648,8748221
120607500,100339489,172060,18791,11350640
118799964,107309945,139090,12114,10284839
116140637,94541063,156577,17927,10706030
108339837,91350755,130971,11884,9104169
112403997,93348554,149381,13374,9529725
105554628,95308938,130312,16768,8713683
120135815,100849255,173228,16639,10723721
114493672,101997964,137079,14033,9393610
94474252,91380987,78765,16680,6536200
106809380,91163464,117575,17546,8397967
107469501,95318284,108856,14948,7937186
112488619,105816315,127417,11973,9005646
107567853,102422409,149858,15038,10155529
118349277,102539779,200692,15568,12067875
149991899,135025826,146107,17177,9265899
91973819,82354161,121493,15119,8756647
85644815,87575082,81793,10210,6954263
77910543,87648463,43267,8540,4925193
70060513,75973112,38120,7878,4632148
70770558,76481173,39812,12620,4695797
72927140,79239784,40466,10134,4825981
59793019,71986533,37372,11116,3969211
72546295,86652960,44037,12308,4969935
93762562,109411713,50226,14352,5750442
83750155,83457898,47624,17122,5645346
90393103,91704118,50149,12998,6151902
87161910,86029220,49895,18063,5861866
88449815,88193704,49638,15934,5950572
78849375,80010461,44092,9934,5139896
81302558,78296509,45003,15325,5424568
85242698,83408574,43807,10381,5312807
81322978,78549265,43335,11395,5106424
87248288,89152318,50764,13991,6056100
89567956,94483105,52196,14682,6012051
151119611,157356280,37960,18345,4576116
74936092,76561123,62238,13700,6222760
85265734,80712466,100739,10608,8043673
89177790,84051876,106375,8020,8173933
77978013,77005121,77842,12975,6475224
87064704,79907890,107830,13574,8083541
79482079,74106706,98566,12215,7488907
88608388,85714550,103153,11303,8377470
93421717,88101259,119058,12693,8959898
87498137,87552969,97482,13650,7889659
99936576,87603532,143416,18784,10014926
90983491,89635334,101850,13353,8319599
89069334,77054123,116224,7831,7993448
88891753,81987648,104419,12006,7709566
85048563,86805841,68074,14247,6379143
106354433,98671809,112112,21791,9364574
112687758,106851246,119808,14713,9913949
111899590,108696526,115358,18521,9255137
97725249,103970389,74350,16888,7259710
102134725,97767689,85529,16060,8089787
175035982,201868024,57502,24350,6766050
104178827,93960156,111526,16692,9492754
95091793,86101249,118155,14017,9978750
83147414,85464446,90886,11990,8051103
93790105,87521796,161834,12181,10873509
73666523,79964043,76932,12785,6459554
88190187,84557219,141272,14777,9770499
94905701,86236037,131303,13085,9382491
78764245,81774118,79204,11579,6790746
89046008,83125335,113123,15548,8508392
72359466,72177206,92229,11681,6935857
98547233,88136061,133860,11725,9813639
78166688,72969867,93780,11421,6924939
112649684,88165341,150858,14399,11968616
98236521,86851299,105175,11825,9215614
74026435,67048842,70995,14850,6465352
97134543,84536958,113339,12517,9775029
99892889,87737554,118528,10549,9695053
103308433,90717808,111224,17410,8650775
102358804,89479285,106845,15930,8616663
109501883,93973276,112897,15094,9151932
106068286,100321865,91547,13848,8410811
101565856,91220572,102638,17336,8651090
89995492,77190437,88070,17376,7152010
119206223,89319413,144963,16242,11662910
101480735,88475047,76027,11616,7582037
126709913,98808356,144810,17483,12856426
119503641,93215976,124481,18406,11277756
107851496,84388830,112722,16546,10038931
122453222,98016704,134415,12255,12006493
131509255,91571671,183652,19154,14620827
100534939,88590807,98009,13975,8102465
93181196,89600804,71683,16662,6844950
119520927,95673832,149152,18144,11486708
111166061,94232235,117660,16821,9712259
100132277,96901160,92297,17524,8385928
93127787,94607812,73057,16168,7633786
108382044,94856687,142271,16699,11121350
114169313,97418933,169758,18084,12112301
104279936,100270965,105129,13507,8724553
109498245,101831526,131038,16592,9427607
74321887,83008969,64284,11112,6097601
101461751,90111201,196142,12832,12590806
84058794,80492702,93979,15616,7570249
98696740,94985840,91268,12397,7772743
111794547,92862940,188045,21285,12093780
97409198,91641383,89064,13876,7496617
101946402,95160951,100981,10887,8776279
97359118,86212757,80618,17578,7878503
71227659,69294308,62351,11683,5948329
101115848,87574627,124075,18261,9682457
95261570,84886157,99447,12067,8662756
100237027,88355034,89430,12188,8508689
105366473,86270167,144821,17253,10506704
87123123,83698767,65187,15596,6863891
99407306,87947815,117862,18591,9363842
109061456,93036555,146574,13439,11198065
116819763,93071160,177613,16352,12497613
103039031,102384919,97341,16853,8550608
108528340,120812641,47914,21778,6144645
105195876,124225783,36024,14699,5279752
74574306,84207584,44271,13916,6135620
73248755,84602398,43957,12522,5941264
73118405,85102960,43596,10767,5893030
73909347,86066767,43736,10964,5943978
75532510,88740746,43981,7843,6020694
71460796,79119329,42818,16809,5753805
71878290,81094829,42461,12113,5869282
63437190,75111786,37836,8765,4961971
87571371,97189413,47740,12792,6548760
90827398,99711668,44529,13137,6168824
91846906,99414730,48576,15425,6511563
90552385,95592295,53582,20912,6901588
92697119,102585054,48581,14128,6474820
82422598,93395121,40321,9746,5500100
88989827,98395962,48831,16055,6371016
83299055,89713530,50331,17720,6422930
91081730,99442336,52156,16540,6946156
93321128,102119584,52209,15427,6931412
115897049,125218539,51804,24241,7264959
124104327,141372329,41494,16843,6381111
77342408,84988269,46327,15092,6211699
65679935,71211310,37067,6644,5091336
65553204,66841950,35220,7791,4820785
73684371,74490005,40148,11604,5872045
72859039,76024896,41162,11980,6068895
73085549,76822274,40744,10385,6069870
71418412,75420371,40418,10418,5956627
72603989,75788578,40813,11895,5999798
72973861,76487474,40646,10545,6103205
72226195,75396793,40499,11930,5987158
72960946,77171174,40513,10425,5966251
78153833,82409933,41351,9076,6227448
88069404,87553735,41406,13100,5997317
80820622,72219075,49662,16492,6327473
89483754,84004038,49656,18190,6489556
84249765,79771055,43342,11515,5921009
91645815,83624002,48911,15805,6782933
85088257,75769152,45825,16734,6237680
120195798,114618830,38950,22352,5999388
124817453,137704817,29919,13158,4827685
68983447,70196733,40035,13241,5557583
70776395,72408419,40269,11674,5721260
70160866,73102780,40042,10484,5811057
72966397,77719506,40776,7358,5965978
64321536,68084176,36106,6677,5615988
72889761,77272506,42896,13403,6336448
71606698,80281544,43491,10916,6116574
61057332,67114961,38334,11983,5111456
72883053,80456560,44069,11950,6088366
73752618,82638386,44495,9446,6214047
72464862,80513323,43784,10942,5982985
72309685,79951244,43668,11092,5992829
73722753,82331583,45491,12624,6127903
75162031,86166941,46192,9646,6249956
70811476,76676494,44000,15135,5896386
76004424,80019093,43950,13262,6104861
81277685,85709509,40744,9364,5405732
85314888,81409339,49670,18443,6194674
114690139,100860623,50345,29274,8300089
133398028,105537416,42946,51030,8490493
152002803,121910393,56943,40571,9978008
129630385,105877755,45380,37642,8660840
142327895,113714498,48290,36709,8969936
152439560,118333736,49559,36541,9496133
149475617,114643891,50423,38001,9421300
145324399,111599789,47037,41601,8886857
130854235,105289127,42936,31734,7786908
140507948,115439632,44241,34156,7933540
145353359,122068206,51396,32921,8742068
126227616,104367209,42451,30283,7121577
147066546,126699003,46805,34377,8027788
136262900,123066054,52498,37103,8678764
136437136,119263530,48823,32533,8180171
145958881,118335209,45468,27195,8358800
139745648,127226325,48432,30272,8315350
155373342,148449213,54870,32909,9135306
148837941,144386526,60735,30847,9907975
145612350,132045081,48205,30054,8029173
159867908,152889787,54192,36223,8945903
108584627,100453177,64944,23142,8898327
133109175,116448284,96169,22676,12078558
123629684,110250468,70013,25227,9655113
125700432,101759785,88900,25292,11049939
130730135,113952014,78986,20314,9424374
128139860,104765952,102942,25420,10964841
113189875,91100253,84240,19794,9845472
121476874,94597571,82984,23269,10234205
131297217,95201374,92982,23121,11092229
117158964,92532820,89161,21810,9792758
138065446,109412500,116308,24889,11519578
140643115,109281705,114396,27130,11648058
127096783,101388555,96936,24045,10947624
136133619,104804114,85529,23430,10315285
126563700,98070659,68455,21019,9723368
137939687,103120520,85111,20916,11119995
133301754,111316397,71262,18369,9799006
135083390,103193253,90443,19937,11715062
142655982,112760302,96887,21358,12207637
169597337,144105370,69149,28254,10234218
167742791,149967888,70761,24392,11017960
113644773,101074375,62872,12692,8328741
126311316,111899901,93670,15099,9870109
118637518,109832561,74589,13994,7880586
118532999,118531162,87626,14295,8706603
117948736,128876293,80807,14520,8731653
118069865,128039772,87676,14635,9264934
113300273,126265912,74721,13803,8348597
117166992,128072705,71976,15332,8038201
120116670,126910799,94082,14971,9480881
126071767,143173552,87896,14909,10952518
121124982,147874249,76497,13815,9298561
130196992,152801189,94159,13533,10510586
122941858,146730032,85506,13492,9749138
124566868,139314787,97150,17064,10756665
133012763,148903667,104787,17414,12000563
133786352,148358976,84809,17946,9559877
144368259,163498110,89526,16066,9864845
128371548,140335159,90413,15224,9571176
145824643,122149651,75692,26913,8891993
137029682,120345112,47650,21539,6114878
107469859,93018675,66138,10015,9020024
93219009,75764709,87421,8796,10421001
94657837,79110414,101837,9689,10599732
95809331,78224667,106386,9731,10625547
92689711,78364170,96536,8895,9921134
94192246,78533010,109059,9573,10288833
90454965,76254560,95422,9037,9532848
89934683,78783303,97086,9054,9243730
91400519,86332137,102864,9956,9129405
69756127,71168461,69003,8050,6838372
91867764,83535810,114390,10504,10387586
86762928,84113382,91170,8884,8824378
80970501,79863782,80776,8237,7984994
93337899,78780887,87103,8864,9115051
100927321,80814945,129071,10430,11260749
89661952,84021556,101771,10360,9165644
82518524,76055326,108296,10651,9168782
93092919,78092873,77045,10448,9068376
118319157,102109986,76781,17890,9319645
147211192,131700060,60194,22297,8698130
142638994,125387787,78206,18009,9871981
96785553,77893839,91940,10417,10328871
92851876,80945364,81654,10464,9453962
90034626,78212326,80474,11547,9090501
93140823,78245334,92128,13073,9759955
93629201,76247725,105828,13900,10237144
95465141,78039327,104508,14302,10410539
96869367,78674080,112732,14606,10606710
97471893,79290746,114760,14611,10761176
100268126,79925896,132994,15008,11433085
96416007,79525994,119517,13316,10598556
82090445,72063320,95492,10708,8668038
89847235,77976724,96185,10501,9226478
91590889,79847685,97277,10644,9508280
94127258,80328196,109869,10936,10035913
87577141,79463046,83074,9695,8650506
101939497,83296670,139741,13127,11401095
89354382,80953547,69534,10732,7961964
107753185,92070496,68161,16876,6591301
148984322,122130425,60715,18574,6538425
116362907,105834876,81082,11711,8240273
93163451,84499223,85714,10441,10500240
87663483,84374257,83037,10548,9316835
109907375,88590392,134581,12900,14161022
89867149,83683470,88847,11424,9479297
77434677,75624050,83394,10456,8152660
67976496,61728520,118076,7893,8176087
113404701,38601390,383146,1930,22836878
113181695,38845485,388152,1990,22576495
113718796,39139768,393741,1942,22687218
113941676,39318749,387417,1990,22534787
113411525,39170225,387104,1961,22557339
113907078,39367809,395071,1990,22786368
113772934,39293489,393758,1999,22816695
113703210,39279547,393592,1990,22715524
113414536,39295197,392315,2004,22689011
113613066,39373480,390023,1984,22651860
8510425,3589214,25542,679,1540617
4076832,4805981,53,1904,75621
5740034,6114966,67,2883,102071
46906983,49798067,295,10963,441201
58687375,86652554,141,4404,202929
125256,118992,12,0,5086
84506,83004,5,0,2752
72645,69764,3,0,2164
77498,77390,8,0,3026
48523,47776,3,0,1737
68795,74570,2,0,1419
42097,42871,0,0,966
45840,43644,4,0,1853
36086,35914,3,0,1300
41866,38687,2,2,1076
48952,47527,3,0,1554
36908,35880,6,0,1850
24056,23783,0,0,517
31400,29895,3,0,1150
23963,23796,3,0,805
141540,109628,110,61,24701
2120838,2360907,22,1041,47701
5139080,6305677,56,2422,83582
42652115,44424206,295,11786,514724
83991151,117320168,273,9384,485505
138525,146353,8,0,4819
100634,105250,4,0,2989
84499,87330,2,0,2341
84258,93167,0,0,1614
58858,60898,0,0,1295
66445,64647,4,0,2712
44256,45398,0,0,938
42861,43029,2,0,1432
40947,41208,2,0,1172
44892,41960,0,0,971
41198,31048,57,2,7631
45241,40912,24,0,4526
31714,26997,9,1,2230
39430,36909,13,0,2786
25634,25196,3,0,1057
96227,69061,58,7,13989
27733,26978,1,0,783
24539,25049,0,0,568
44166,41278,3,18,2553
36590,34544,1,7,2093
100620,98554,2,87,5864
18762,17886,1,0,513
50703,56646,2,0,1127
18507,18060,0,0,388
12404,11854,0,0,242
40644,39372,1,0,1031
22238,22233,1,0,591
15369,14947,1,0,439
12181,11945,0,0,237
30580,30642,0,0,620
18343,18067,0,0,371
18061,17648,1,0,595
12499,11880,0,0,250
24438,25038,0,0,514
15283,15082,0,0,319
481917,526744,49,372,19955
1881914,1986427,18,1173,113291
2089036,2227810,21,1202,59841
2433785,2993408,35,1192,44396
2500938,3025155,44,1220,90783
5052575,5689546,58,2281,120272
21387663,21779355,158,6497,422655
94072443,128451928,225,8802,472769
1975805,2960282,29,81,11907
96274,98924,11,0,3527
77646,79889,3,0,2585
66394,66404,8,0,2614
51164,51817,0,0,1086
51092,51820,0,0,1085
40710,41551,0,0,894
41407,41458,0,0,855
38850,38774,0,0,864
45073,34770,55,6,6685
33749,29696,13,0,2995
44131,41459,8,0,2079
1610589,1849622,81,757,46531
5870040,7565611,49,2237,89934
53096659,69176607,242,9463,403957
393802,424766,10,185,14208
182648,182089,8,83,7836
88535,88302,4,0,2580
72772,70694,6,0,2750
60421,59673,5,0,1984
44674,45035,1,0,1190
49424,49537,0,0,1151
37781,38661,2,0,1241
45111,39959,2,1,1585
39755,39948,0,0,926
35969,35085,0,0,887
27387,26961,0,0,626
25718,25464,1,0,737
30198,29683,0,0,699
24404,24297,0,0,592
24950,24528,0,0,581
29114,24552,11,0,2999
80949,58597,72,2,15118
25053,24286,1,0,715
19147,18874,0,0,410
42773,47721,1,1,1057
16640,16237,0,0,385
26906,25354,4,3,1742
27633,26978,1,0,795
17978,17219,1,4,986
16499,16145,1,0,600
21528,21629,0,0,502
25110,24270,1,0,776
10920,10794,0,0,245
13780,13439,0,0,314
29805,29715,0,0,672
11356,10762,0,0,235
14532,13505,0,0,285
5761,5397,0,0,123
25296,20790,4,0,1801
20803,18839,5,0,1355
13447,13498,1,0,463
42160,43623,47,4,4803
11949,10806,1,0,440
25023,24323,0,0,564
18677,25278,0,0,120
5658,5410,0,0,127
21323,20714,3,0,993
19533,18895,0,0,417
16549,16192,0,0,374
8517,8147,0,0,190
0,0,0,0,0
14644,13427,1,0,477
13674,13464,1,0,447
16714,16188,0,0,348
24743,24279,0,0,572
8630,8131,0,0,175
0,0,0,0,0
5586,5438,0,0,118
8244,8078,0,0,180
16486,16127,0,0,366
38990,45112,16,0,2077
5708,5395,0,0,136
5471,5419,0,0,114
16084,18608,6,0,625
23705,25616,0,0,117
11787,10817,2,0,563
11920,11697,0,0,242
14416,14403,0,0,322
8066,8088,0,0,198
2727,2670,0,0,60
8348,8120,0,0,178
8501,8097,1,0,363
8328,8096,0,0,183
11166,10786,0,0,235
11224,10754,0,0,238
17353,16243,1,1,366
10828,10780,0,0,250
2724,2656,0,0,58
0,0,0,0,0
11169,8131,4,0,1054
7794,4319,2,0,560
26539,35409,26,2,2435
3078,2674,0,0,111
11355,10790,0,0,260
38806,44221,0,0,576
17747,16174,1,0,497
6401,6320,0,0,119
5848,5384,0,0,112
0,0,0,0,0
5532,5380,0,0,123
5519,5419,0,0,117
8452,8090,0,0,184
0,0,0,0,0
8796,8080,0,0,181
16504,16209,0,0,355
16513,16164,0,0,374
0,0,0,0,0
5547,5401,0,0,118
8658,8086,0,0,189
8040,5384,14,1,1653
43019,39726,65,4,6063
6124,5419,0,0,159
2899,2703,1,0,237
0,0,0,0,0
18659,25296,0,0,125
5942,5368,0,0,117
15115,14442,1,0,439
8695,8088,0,0,178
5857,5422,1,0,233
11996,10737,1,0,434
2880,2712,1,0,188
5919,5387,1,0,300
2789,2709,0,0,66
16959,16162,1,0,483
5756,5437,0,0,114
2979,2703,1,0,216
0,0,0,0,0
5789,5375,0,0,112
8502,5368,4,2,1160
12157,10814,1,0,572
13809,9763,3,2,903
29493,35407,35,1,2755
0,0,0,0,0
6071,5413,0,0,168
18642,25305,0,0,125
2873,2692,0,0,60
3632,3628,0,0,57
5771,5420,0,0,106
5803,7836,5,0,166
19500,13732,1,0,468
5998,5402,1,0,284
5710,5387,0,0,120
6118,5368,1,0,299
14571,13488,0,0,309
8542,8088,1,0,322
0,0,0,0,0
2910,2697,0,0,67
2992,2701,0,0,64
0,0,0,0,0
2894,2692,0,0,67
10280,4740,3,0,962
27778,35389,8,0,797
6065,5402,0,0,128
2681,2710,0,0,68
18452,25325,0,0,113
5820,5365,0,0,117
6486,6333,0,0,116
5874,5432,0,0,111
8578,8040,0,0,180
14463,13456,0,0,318
11579,10797,1,0,369
11282,10782,1,0,380
0,0,0,0,0
0,0,0,0,0
2882,2701,0,0,59
0,0,0,0,0
2908,2697,0,0,60
3384,2688,0,0,143
0,0,0,0,0
4633,2717,0,0,409
33993,39704,21,4,2751
3585,2706,0,0,196
6016,5391,1,0,435
3007,2705,0,0,125
18953,25274,0,0,287
0,0,0,0,0
6778,6333,0,0,272
11979,10792,0,0,500
27071,17075,36,5,4590
31393,13454,88,7,8697
0,0,0,0,0
12842,5387,29,3,3502
0,0,0,0,0
6259,2697,15,2,1670
0,0,0,0,0
0,0,0,0,0
6689,2697,15,1,1761
6387,2688,16,2,1726
0,0,0,0,0
16452,7032,24,1,2877
33601,35390,87,2,6630
3319,2706,1,0,265
6255,5387,4,0,573
3047,2705,0,0,67
21018,25274,15,2,1695
0,0,0,0,0
7930,6333,9,1,1320
13249,10792,5,0,1751
22180,17075,30,2,3871
16073,13454,8,0,1676
0,0,0,0,0
6100,5387,3,0,714
0,0,0,0,0
5993,2697,15,2,1586
0,0,0,0,0
0,0,0,0,0
4131,2697,4,1,699
3404,2688,2,0,374
0,0,0,0,0
14504,7032,25,1,2904
29666,35390,85,2,6691
3412,2706,1,0,281
6141,5387,2,0,484
3137,2705,0,0,143
21254,25274,17,1,2004
0,0,0,0,0
10807,9003,11,1,1341
13101,10792,5,0,1358
18958,14405,27,1,3258
16393,13454,8,0,1662
3875,2724,1,0,421
3134,2663,2,0,409
0,0,0,0,0
3284,2697,2,0,342
0,0,0,0,0
0,0,0,0,0
3261,2697,1,0,359
3247,2688,1,0,356
0,0,0,0,0
13972,7032,29,1,3108
28891,35390,85,2,6528
6506,5394,2,0,584
2929,2699,1,0,193
3043,2705,0,0,146
20963,25274,16,1,2032
0,0,0,0,0
11091,9003,12,1,1535
16603,13488,7,0,1905
18032,11709,24,2,3316
16020,13454,8,0,1719
6360,5387,3,0,718
0,0,0,0,0
0,0,0,0,0
3246,2697,2,0,424
0,0,0,0,0
0,0,0,0,0
3279,2697,1,0,246
3152,2688,1,0,257
0,0,0,0,0
43180,39809,111,6,10093
3475,2679,2,0,357
3374,2706,1,0,385
7891,5387,2,0,628
3314,2705,1,0,293
21593,25274,18,1,2160
0,0,0,0,0
13193,9003,23,1,2774
24103,10792,67,6,6910
38526,17113,98,9,10996
13974,10746,8,1,1626
6557,5387,4,0,802
0,0,0,0,0
0,0,0,0,0
3265,2697,2,0,333
0,0,0,0,0
0,0,0,0,0
6303,2697,15,2,1828
6622,2688,16,2,1807
0,0,0,0,0
42482,39743,107,6,9749
3193,2679,1,0,324
2911,2706,1,0,228
5697,5387,2,0,357
2835,2705,0,0,65
21452,25274,18,2,2127
0,0,0,0,0
10286,9003,7,0,1137
15042,10792,24,2,2862
19883,17113,11,0,2009
11965,10746,5,0,1254
9643,5387,19,2,2212
0,0,0,0,0
0,0,0,0,0
3211,2697,2,0,386
0,0,0,0,0
0,0,0,0,0
3400,2697,1,0,326
3110,2688,2,0,465
5945,2717,17,1,1765
36133,37846,91,4,7286
3503,2679,2,0,431
6129,5394,2,0,487
3119,2699,1,0,236
3103,2705,0,0,156
21407,25274,18,1,2065
0,0,0,0,0
10133,9003,7,0,1137
17630,13488,30,1,3150
17057,14417,9,0,1803
12223,10746,5,0,1195
6369,5387,3,0,616
0,0,0,0,0
0,0,0,0,0
3053,2697,2,0,302
0,0,0,0,0
0,0,0,0,0
3406,2697,1,0,211
3061,2688,1,0,232
13906,4326,31,5,3604
28952,35417,88,2,6837
3350,2679,2,0,520
5738,5394,2,0,461
2888,2699,1,0,224
2859,2705,0,0,71
21037,25274,18,1,2153
3181,2705,2,0,416
7001,6298,5,0,712
21304,16194,28,2,3484
20689,17070,9,0,2091
6546,5387,2,0,654
6532,5387,3,0,700
0,0,0,0,0
0,0,0,0,0
3145,2697,1,0,273
0,0,0,0,0
0,0,0,0,0
6652,5385,2,0,639
0,0,0,0,0
34966,37037,100,3,8419
7753,5385,4,0,972
0,0,0,0,0
9534,5394,17,1,2315
7956,2699,19,3,2228
21091,25327,14,2,1873
3815,2652,8,0,789
3626,2705,3,0,560
7273,6298,5,0,917
21163,16194,30,1,3844
25751,22457,11,0,2368
0,0,0,0,0
6484,5387,3,0,688
0,0,0,0,0
0,0,0,0,0
3412,2697,1,0,274
0,0,0,0,0
0,0,0,0,0
6551,5385,2,0,456
0,0,0,0,0
37316,37037,111,3,8796
7089,5385,5,0,964
0,0,0,0,0
9416,8093,6,0,1053
0,0,0,0,0
24092,25327,26,2,3071
3609,2652,7,0,642
3171,2705,2,0,351
7271,6298,5,0,741
28354,22501,33,2,4547
19299,16150,7,0,1585
0,0,0,0,0
9758,5387,20,2,2323
0,0,0,0,0
0,0,0,0,0
3334,2697,2,0,431
0,0,0,0,0
0,0,0,0,0
6467,5385,3,0,641
0,0,0,0,0
48375,38333,149,13,13581
6780,5385,2,1,605
0,0,0,0,0
8731,5394,10,0,1411
3474,2699,2,0,489
20619,25327,12,1,1549
4026,2652,8,1,978
3592,2705,2,1,606
14599,6298,33,3,3874
37687,16194,101,7,10683
43623,22457,93,8,10361
0,0,0,0,0
6493,5387,4,0,715
0,0,0,0,0
0,0,0,0,0
3113,2697,2,0,310
0,0,0,0,0
0,0,0,0,0
6293,5385,2,0,526
0,0,0,0,0
42703,37447,96,8,9350
5924,5385,1,0,336
0,0,0,0,0
8484,8093,2,0,385
2959,2705,0,0,80
15984,22622,0,0,73
2947,2652,1,0,221
2953,2705,0,0,57
11883,11696,0,0,234
17679,17103,1,0,601
16439,16150,0,0,352
0,0,0,0,0
5564,5387,0,0,122
0,0,0,0,0
0,0,0,0,0
2799,2697,0,0,65
0,0,0,0,0
2979,2697,0,0,74
2726,2688,0,0,56
0,0,0,0,0
39405,37037,86,5,8277
7401,5385,3,1,938
0,0,0,0,0
8955,8093,2,0,506
2949,2705,0,0,50
15661,22622,0,0,50
3206,2652,5,0,241
6576,6333,0,0,124
9023,8068,0,0,355
20146,19799,1,0,603
14067,13454,2,0,699
0,0,0,0,0
5903,5387,2,0,429
0,0,0,0,0
0,0,0,0,0
4322,2697,1,0,415
0,0,0,0,0
3044,2697,0,0,163
5082,2688,9,0,1210
8574,1609,16,3,1849
29062,35423,56,1,5084
6504,5385,2,0,581
3164,2706,2,0,425
6797,5387,5,0,930
2916,2705,0,0,59
15647,22622,0,0,76
2902,2652,0,0,61
6342,6333,0,0,119
8243,8068,0,0,178
21333,19799,3,0,1080
14168,13454,1,0,479
0,0,0,0,0
5829,5387,1,0,290
0,0,0,0,0
2964,2697,0,0,58
0,0,0,0,0
0,0,0,0,0
3208,2697,0,0,229
3024,2688,0,0,150
14590,2429,37,8,3861
34728,38129,66,3,6517
2981,2679,0,0,62
2794,2706,0,0,48
5875,5387,1,0,331
2897,2705,0,0,64
18593,25274,0,0,105
0,0,0,0,0
6504,6333,0,0,102
8667,8068,0,0,167
20551,19799,1,0,560
13883,13454,1,0,479
0,0,0,0,0
5998,5387,2,0,417
0,0,0,0,0
3032,2697,0,0,51
0,0,0,0,0
0,0,0,0,0
2853,2697,0,0,51
2769,2688,0,0,51
11913,2019,25,7,3084
28179,38134,9,1,1000
2816,2679,0,0,68
2712,2706,0,0,48
5511,5387,0,0,105
2789,2705,0,0,48
18504,25274,0,0,104
0,0,0,0,0
6241,6333,0,0,106
11880,10792,1,0,513
17026,17075,0,0,359
13816,13454,0,0,302
3196,2724,1,0,199
2693,2663,0,0,61
0,0,0,0,0
2747,2697,0,0,59
0,0,0,0,0
0,0,0,0,0
2615,2697,0,0,50
2723,2688,0,0,48
12070,2085,26,6,3051
33667,38134,56,4,6052
2956,2679,0,0,70
2839,2706,0,0,62
6642,5387,3,0,479
6312,2705,15,1,1901
24682,25274,27,2,3120
0,0,0,0,0
14062,6333,34,2,3680
21218,13462,27,2,3623
17600,14405,10,0,1772
16349,13454,7,0,1724
3483,2724,1,0,298
3484,2663,3,0,445
0,0,0,0,0
3224,2697,1,0,267
0,0,0,0,0
0,0,0,0,0
4470,2697,8,1,887
3862,2688,1,0,276
8885,1609,16,3,1743
38999,38134,116,6,10099
6246,2679,17,1,1836
6228,2706,16,1,1746
12596,5387,33,4,3510
6304,2705,16,1,1767
24471,25274,28,4,3026
0,0,0,0,0
14756,9003,24,2,2793
13121,10792,5,0,1333
19920,17113,8,0,1994
12405,10746,5,0,1229
6330,5387,3,0,734
0,0,0,0,0
0,0,0,0,0
3255,2697,1,0,299
0,0,0,0,0
0,0,0,0,0
3273,2697,1,0,276
23333,5937,54,13,5999
32550,35428,107,3,8302
5929,2706,15,2,1829
5725,2679,16,1,1805
11170,5394,30,4,3269
5794,2699,17,1,2000
5816,2705,15,2,1702
23936,25274,28,2,3040
0,0,0,0,0
17212,9003,51,3,5316
26394,13488,81,6,8413
34106,17087,94,8,10597
15621,8076,55,6,4890
10921,5387,32,3,3414
0,0,0,0,0
0,0,0,0,0
5779,2697,15,1,1644
0,0,0,0,0
0,0,0,0,0
11155,5385,31,3,3512
7730,1609,15,4,1734
32204,35428,104,3,8474
5918,2706,16,1,2031
5788,2679,16,1,1844
10984,5394,33,2,3360
5740,2699,16,1,1681
23522,25327,27,2,3040
5766,2652,16,1,1678
5695,2705,16,1,1682
12306,6298,33,3,3586
30882,16194,95,7,9499
42259,22457,136,13,12913
0,0,0,0,0
11060,5387,29,3,3197
0,0,0,0,0
0,0,0,0,0
5720,2697,16,1,1620
0,0,0,0,0
0,0,0,0,0
11242,5385,30,3,3225
5763,1609,3,0,352
32206,35428,104,4,8404
11036,5385,33,2,3736
0,0,0,0,0
16525,8093,50,3,5158
0,0,0,0,0
23692,25327,25,3,3114
5704,2652,16,1,1785
5946,2705,16,1,1753
12140,6298,34,2,3641
43094,22501,128,12,13092
30413,16150,98,13,9587
0,0,0,0,0
12383,5387,30,3,3570
0,0,0,0,0
0,0,0,0,0
6281,2697,16,1,1731
0,0,0,0,0
0,0,0,0,0
13703,5385,32,2,3592
7435,1609,8,2,1251
33510,35428,100,4,8097
12031,5385,35,2,3757
0,0,0,0,0
17201,8093,50,3,5639
0,0,0,0,0
23992,25327,27,2,3259
5967,2652,16,2,1605
7836,2705,16,1,1795
14298,6298,34,2,3666
26041,13488,36,4,4290
19647,14417,8,0,1699
14192,10746,5,0,1162
7233,5387,3,0,621
0,0,0,0,0
0,0,0,0,0
3837,2697,1,0,264
0,0,0,0,0
0,0,0,0,0
3825,2697,1,0,249
20570,5593,47,12,5229
33394,35428,87,4,7791
4075,2706,1,0,275
3628,2679,1,0,199
6584,5394,0,0,115
3762,2699,2,0,373
3501,2705,0,0,76
19758,25274,1,0,344
0,0,0,0,0
10604,9003,0,0,178
17329,13488,3,0,893
17131,14417,1,0,505
12934,10746,1,0,345
6931,5387,2,0,483
0,0,0,0,0
0,0,0,0,0
3592,2697,1,0,265
0,0,0,0,0
0,0,0,0,0
3439,2697,0,0,62
11617,4297,16,3,2001
26637,35428,27,1,1989
3492,2706,0,0,74
3373,2679,0,0,66
6550,5394,0,0,107
4134,2699,1,0,309
3884,2705,1,0,267
19259,25274,0,0,115
3260,2705,0,0,58
7598,6298,2,0,398
19602,16194,1,0,452
17351,15496,6,0,521
11774,6962,0,0,128
6493,5387,0,0,134
0,0,0,0,0
0,0,0,0,0
3600,2697,1,0,218
0,0,0,0,0
0,0,0,0,0
14709,6994,16,4,2086
0,0,0,0,0
31369,35428,71,2,6207
4892,2706,2,1,527
3493,2679,1,0,203
6747,5394,1,0,263
3390,2699,1,0,206
3432,2705,0,0,63
19486,25274,1,0,308
3243,2705,0,0,59
7111,6298,0,0,128
20203,16194,2,0,685
17047,14381,1,0,626
11867,8077,6,0,124
6688,5387,1,0,250
0,0,0,0,0
0,0,0,0,0
3294,2697,0,0,62
0,0,0,0,0
0,0,0,0,0
21342,5536,52,15,5870
29134,35399,53,1,4708
3953,2717,1,0,237
3457,2706,1,0,174
3529,2679,1,0,172
6660,5394,0,0,108
3399,2699,0,0,62
3613,2705,0,0,72
19613,25274,0,0,124
3642,2705,0,0,62
7682,6298,1,0,338
20177,16194,2,0,693
17002,14381,1,0,438
9863,8076,1,0,313
6870,5387,2,0,409
0,0,0,0,0
0,0,0,0,0
3659,2697,0,0,90
0,0,0,0,0
0,0,0,0,0
37739,39705,32,4,3574
0,0,0,0,0
5537,2717,8,1,1137
4739,2706,2,0,452
3729,2679,1,0,274
9037,5394,7,0,1015
3921,2699,2,0,347
3445,2705,1,0,173
19777,25274,1,0,310
0,0,0,0,0
14059,9003,9,1,1580
14492,10792,4,0,969
18101,14405,4,0,987
17627,13454,4,0,988
3249,2724,0,0,64
3499,2663,1,0,250
0,0,0,0,0
3740,2697,1,0,257
0,0,0,0,0
0,0,0,0,0
11710,4306,17,2,2023
29863,35399,48,1,3465
0,0,0,0,0
7099,5423,0,0,126
3257,2679,0,0,53
6479,5394,0,0,102
5039,2699,8,0,1012
4267,2705,1,0,376
19509,25274,0,0,138
0,0,0,0,0
11269,6333,10,0,1614
15054,10792,5,0,1197
21085,17075,4,0,1084
17016,13454,4,0,951
3659,2724,1,0,229
3760,2663,2,0,394
0,0,0,0,0
3838,2697,1,0,221
0,0,0,0,0
0,0,0,0,0
38635,37083,68,5,5767
3527,2688,0,0,75
0,0,0,0,0
10704,5423,10,1,1546
3783,2679,2,0,414
3385,2706,1,0,160
7545,5387,3,0,654
3243,2705,0,0,68
19736,25274,2,0,370
0,0,0,0,0
8049,6333,2,0,518
14319,10792,4,0,1016
22013,17075,6,0,1436
17247,13454,4,0,966
0,1121,6,0,230
9543,4267,2,0,325
0,0,0,0,0
5334,2697,8,1,964
0,0,0,0,0
0,0,0,0,0
47378,38247,102,14,9660
3605,2688,0,0,68
0,0,0,0,0
6682,5423,0,0,124
3248,2679,0,0,63
3281,2706,0,0,63
6774,5387,1,0,250
3336,2705,0,0,61
19487,25274,0,0,117
0,0,0,0,0
7277,6333,0,0,124
12989,10792,0,0,245
21831,17075,6,0,1125
17040,13454,2,0,799
0,0,0,0,0
6966,5387,2,0,437
0,0,0,0,0
3829,2697,1,0,241
0,0,0,0,0
0,0,0,0,0
35679,37017,43,5,4630
3525,2688,0,0,78
0,0,0,0,0
10331,5423,12,1,1682
3773,2679,4,0,407
3363,2706,0,0,62
7340,5387,3,0,507
3702,2705,1,0,252
19777,25274,1,0,308
0,0,0,0,0
7974,6333,2,0,525
14190,10792,4,0,979
22334,17075,6,0,1435
17053,13454,3,0,812
0,0,0,0,0
7232,5387,2,0,492
0,0,0,0,0
3602,2697,1,0,225
0,0,0,0,0
7849,1609,16,3,1829
29582,35408,40,2,3067
3556,2688,0,0,62
0,0,0,0,0
9893,5423,17,1,1871
6540,2679,17,1,1764
5653,2706,5,0,558
11047,5387,8,0,1059
5510,2705,3,0,511
25157,25274,28,2,3172
0,0,0,0,0
20952,9003,51,3,5460
16718,8122,24,1,3058
23236,17075,9,0,1855
18520,13454,7,0,1529
3641,2724,1,0,257
3776,2663,2,0,400
0,0,0,0,0
3984,2697,1,0,314
0,0,0,0,0
8888,1609,16,3,1927
28573,35408,63,3,5406
3474,2688,0,0,91
0,0,0,0,0
11275,5423,13,2,2196
3862,2679,2,0,371
3363,2706,1,0,182
7333,5387,3,0,604
3641,2705,1,0,231
19833,25274,2,0,313
0,0,0,0,0
7992,6333,2,0,413
13715,10792,2,0,604
21011,17075,3,0,969
17393,13454,4,0,981
3766,2724,1,0,227
3787,2663,2,0,382
0,0,0,0,0
5412,2697,9,2,1109
0,0,0,0,0
11960,2019,26,6,3181
29031,35408,58,3,4864
3545,2688,0,0,71
0,0,0,0,0
6934,5423,0,0,147
3330,2679,0,0,62
3534,2706,1,0,225
7094,5387,0,0,246
5550,2705,7,1,1264
20776,25274,1,0,600
0,0,0,0,0
9021,6333,4,0,847
14669,10792,3,0,838
22184,17075,7,0,1476
17340,13454,4,0,962
0,0,0,0,0
7452,5387,2,0,468
0,0,0,0,0
3608,2697,0,0,80
0,0,0,0,0
8537,1675,16,3,1960
32755,35408,104,3,8342
7263,2688,17,2,2114
0,0,0,0,0
10310,5423,14,1,2007
4110,2679,3,0,472
3759,2706,2,0,403
7537,5387,4,0,644
3717,2705,1,0,218
19797,25274,2,0,308
0,0,0,0,0
8471,6333,3,0,635
14522,10792,4,0,978
22370,17075,8,0,1706
17632,13454,5,0,1072
0,0,0,0,0
7727,5387,3,0,666
0,0,0,0,0
3619,2697,1,0,283
0,0,0,0,0
8785,1609,16,3,1871
27374,35408,57,2,4266
3617,2688,0,0,66
0,0,0,0,0
6769,5423,0,0,152
3477,2679,0,0,76
3231,2706,0,0,62
6706,5387,0,0,125
3382,2705,0,0,59
19364,25274,0,0,129
0,0,0,0,0
12369,6333,18,1,2401
25010,10792,63,8,6981
38193,17075,101,9,10648
31020,13454,88,8,8423
0,0,0,0,0
12563,5387,31,3,3519
0,0,0,0,0
6359,2697,16,1,1602
8412,1609,16,3,1674
0,0,0,0,0
33130,35408,100,3,8060
6643,2688,17,2,1864
0,0,0,0,0
7717,5423,4,0,1016
3131,2679,2,0,337
2987,2706,2,0,357
6558,5387,4,0,667
3232,2705,1,0,287
25354,25274,2,0,305
0,0,0,0,0
7817,6333,3,0,668
14924,10792,4,0,1356
20624,17075,11,0,2432
15432,13454,5,0,1197
2976,2724,1,0,251
2982,2663,2,0,414
0,0,0,0,0
4807,2697,8,2,1108
15274,2429,35,9,4055
0,0,0,0,0
29599,35408,75,2,6390
3377,2688,1,0,395
0,0,0,0,0
6400,5423,1,0,465
2984,2679,1,0,289
2935,2706,1,0,291
5997,5387,2,0,632
3438,2705,0,0,180
19648,25274,1,0,436
0,0,0,0,0
9834,9003,1,0,536
11695,10792,0,0,536
15281,14405,0,0,613
15162,13454,1,0,869
6520,5387,2,0,549
0,0,0,0,0
0,0,0,0,0
3125,2697,0,0,131
8337,1609,16,3,1859
0,0,0,0,0
25845,35408,26,3,1970
5740,2688,9,1,1493
0,0,0,0,0
7078,5423,5,0,775
3097,2679,2,0,339
2836,2706,0,0,57
6217,5387,3,0,635
2884,2705,0,0,60
19109,25274,2,0,361
0,0,0,0,0
10369,9003,4,0,948
15117,13488,5,0,1250
15788,14417,4,0,1009
11359,10746,2,0,553
5825,5387,3,0,579
0,0,0,0,0
0,0,0,0,0
3232,2697,1,0,283
8523,1609,16,3,1990
0,0,0,0,0
26026,35408,36,2,2974
2945,2688,0,0,76
3009,2717,0,0,62
2775,2706,0,0,61
2796,2679,1,0,226
5814,5394,0,0,112
2716,2699,0,0,59
2815,2705,0,0,57
18462,25274,0,0,114
2777,2705,0,0,56
6382,6298,0,0,113
16509,16194,1,0,465
20096,19760,1,0,544
2698,2697,0,0,59
5382,5387,0,0,128
0,0,0,0,0
0,0,0,0,0
11527,4372,16,3,1962
0,0,0,0,0
0,0,0,0,0
30761,38096,23,1,2412
0,0,0,0,0
3720,2717,1,1,342
3132,2706,1,0,253
3345,2679,1,0,293
6169,5394,3,0,644
3170,2699,2,0,427
19207,25327,0,0,272
3395,2652,2,0,365
3113,2705,1,0,290
9336,6298,3,0,906
22241,18891,6,0,1736
22328,19760,4,0,1393
0,0,0,0,0
6451,5387,2,0,587
0,0,0,0,0
0,0,0,0,0
13624,4306,21,5,3022
0,0,0,0,0
0,0,0,0,0
33512,38096,58,2,6096
0,0,0,0,0
3308,2717,0,0,140
6138,5385,1,0,441
0,0,0,0,0
9344,8093,3,0,858
0,0,0,0,0
19014,25327,0,0,263
3059,2652,1,0,273
3164,2705,0,0,159
9935,9006,0,0,361
22103,19793,1,0,941
18229,16150,0,0,835
0,0,0,0,0
9209,5387,11,2,1826
0,0,0,0,0
0,0,0,0,0
11886,4306,17,3,2266
0,0,0,0,0
0,0,0,0,0
33328,38096,51,3,5584
0,0,0,0,0
4341,2717,3,0,544
3254,2706,3,0,1377
7550,2681,12,0,0
7212,5394,4,0,801
3185,2699,2,0,336
19114,25327,1,0,342
3488,2652,3,0,436
3242,2705,1,0,246
7315,6298,3,0,716
25595,13488,51,6,6506
29667,14417,79,8,9418
23777,10746,68,4,8074
0,0,0,0,0
20148,5387,33,2,6607
0,0,0,0,0
10791,2019,17,3,2300
57474,35403,85,5,19352
0,0,0,0,0
0,0,0,0,0
6428,5385,0,0,104
0,0,0,0,0
3306,2717,0,0,51
6135,5385,2,0,617
0,0,0,0,0
8914,8093,3,0,790
0,0,0,0,0
19530,25327,0,0,160
3120,2652,1,0,167
3628,2705,1,0,271
12718,11696,0,0,259
18230,17103,0,0,355
17841,16150,0,0,359
0,0,0,0,0
5568,5387,0,0,112
0,0,0,0,0
5314,1609,3,0,294
26233,35408,22,1,1494
0,0,0,0,0
2867,2697,0,0,68
3074,2688,0,0,53
0,0,0,0,0
3455,2717,0,0,92
5647,5385,0,0,86
0,0,0,0,0
9032,8093,0,0,228
2816,2705,0,0,59
15654,22622,0,0,50
2817,2652,0,0,59
5430,2705,13,2,1562
17905,11696,27,1,3431
20177,17103,10,0,1884
18814,16150,7,0,1566
0,0,0,0,0
6841,5387,3,0,653
14772,3249,9,2,1635
0,0,0,0,0
28690,35408,67,2,5762
0,0,0,0,0
0,2630,5,0,119
8078,2756,0,0,70
0,0,0,0,0
3454,2717,0,0,88
5672,5385,1,0,236
0,0,0,0,0
10837,8093,0,0,163
2849,2705,0,0,59
15891,22622,0,0,49
2879,2652,1,0,252
7070,6333,0,0,148
9536,8068,2,0,529
21487,19799,3,0,895
14437,13454,3,0,757
0,0,0,0,0
10228,5387,19,2,2372
5576,1675,2,0,209
0,0,0,0,0
29522,35408,87,3,6891
0,0,0,0,0
4040,2697,1,0,520
3068,2688,0,0,115
0,0,0,0,0
3375,2717,0,0,83
5904,5385,2,0,505
3040,2706,1,0,223
6915,5387,3,0,711
6454,2705,16,1,2142
21542,25274,9,0,1202
0,0,0,0,0
7936,6333,5,0,991
13279,8068,22,2,3062
23252,19799,12,0,2722
15367,13454,6,0,1321
0,0,0,0,0
6915,5387,3,0,697
7348,1609,9,2,1312
28189,35408,70,2,5677
0,0,0,0,0
0,0,0,0,0
3719,2697,0,0,237
2686,2688,0,0,59
0,0,0,0,0
6300,5423,0,0,124
3017,2679,1,0,205
2753,2706,0,0,60
6091,5387,0,0,129
2898,2705,0,0,49
19156,25274,5,0,358
0,0,0,0,0
7042,6333,0,0,221
11780,10792,2,0,582
17871,17075,2,0,656
14472,13454,2,0,655
0,0,0,0,0
6361,5387,1,0,319
5642,1609,2,0,237
25877,35408,24,1,1878
0,0,0,0,0
0,0,0,0,0
3256,2697,0,0,73
2925,2688,0,0,60
0,0,0,0,0
6524,5423,0,0,309
2776,2679,0,0,50
2890,2706,0,0,50
5553,5387,0,0,108
3289,2705,0,0,77
19539,25274,0,0,383
0,0,0,0,0
6973,6333,1,0,298
16518,10792,25,1,3438
19662,17075,9,0,1946
15512,13454,6,0,1298
0,0,0,0,0
6538,5387,3,0,655
6099,1609,4,0,688
27575,35408,66,3,5371
0,0,0,0,0
0,0,0,0,0
3600,2697,0,0,250
2822,2688,0,0,54
0,0,0,0,0
6247,5423,0,0,122
4862,2679,3,0,521
3027,2706,0,0,68
5886,5387,1,0,262
3293,2705,0,0,83
18713,25274,1,0,327
0,0,0,0,0
6720,6333,0,0,204
15170,13462,2,0,641
15359,14405,3,0,808
13794,13454,1,0,415
2947,2724,1,0,252
3327,2663,0,0,85
5236,1609,1,0,268
25925,35408,29,1,2074
0,0,0,0,0
0,0,0,0,0
3229,2697,0,0,77
2946,2688,0,0,49
0,0,0,0,0
6095,5423,0,0,138
2718,2679,0,0,44
2715,2706,0,0,49
5545,5387,0,0,89
3316,2705,0,0,88
18502,25274,0,0,102
0,0,0,0,0
12577,9003,17,1,2210
13265,10792,9,0,1358
19464,17113,9,0,1793
12141,10746,5,0,1041
6198,5387,3,0,577
6983,1609,7,0,1051
0,0,0,0,0
27802,35408,71,3,5442
0,0,0,0,0
0,0,0,0,0
3320,2697,0,0,195
2864,2688,0,0,46
2916,2717,0,0,49
2855,2706,0,0,54
2764,2679,1,0,211
5596,5394,0,0,113
2935,2699,0,0,53
2808,2705,0,0,55
18652,25274,1,0,334
0,2705,0,0,62
9524,6298,0,0,263
14260,16194,1,0,562
17632,14381,0,0,294
8404,8076,1,0,318
5650,5387,1,0,265
11096,2905,3,0,477
0,0,0,0,0
25582,35408,18,1,1611
0,0,0,0,0
0,0,0,0,0
5880,5385,0,0,153
0,0,0,0,0
3038,2717,0,0,41
2799,2706,0,0,50
2741,2679,0,0,52
5561,5394,0,0,105
2740,2699,0,0,58
18582,25327,0,0,107
3428,2652,0,0,175
2852,2705,0,0,51
6416,6298,0,0,118
23457,16194,29,1,3964
25893,19760,10,0,2004
3172,2697,1,0,239
6162,5387,3,0,600
6577,1609,6,0,816
0,0,0,0,0
27898,35408,66,3,5571
0,0,0,0,0
0,0,0,0,0
6432,5385,0,0,230
0,0,0,0,0
2986,2717,0,0,49
7424,5385,2,0,451
0,0,0,0,0
6082,5394,0,0,142
2966,2699,0,0,62
18842,25327,0,0,115
3025,2652,1,0,208
2819,2705,0,0,50
7073,6298,1,0,436
24220,22501,3,0,1023
17314,16150,2,0,705
0,0,0,0,0
6203,5387,2,0,493
5916,1609,3,0,256
0,0,0,0,0
26195,35408,22,1,2021
0,0,0,0,0
0,0,0,0,0
5772,5385,0,0,142
0,0,0,0,0
2910,2717,0,0,51
5870,5385,0,0,90
0,0,0,0,0
8231,8093,0,0,199
0,0,0,0,0
18466,25327,0,0,112
2913,2652,0,0,63
3040,2705,0,0,49
15987,11696,22,1,2672
19855,17103,10,0,1968
18355,16150,7,0,1649
0,0,0,0,0
6382,5387,3,0,616
8010,2019,5,0,855
0,0,0,0,0
27805,35408,68,3,5490
0,0,0,0,0
3453,2697,0,0,242
2772,2688,0,0,57
0,0,0,0,0
2997,2717,0,0,46
5537,5385,1,0,253
0,0,0,0,0
8311,8093,0,0,176
2701,2705,0,0,55
15716,22622,0,0,50
2761,2652,1,0,272
6236,6333,0,0,124
8654,8068,1,0,356
20479,19799,0,0,396
13921,13454,1,0,413
0,0,0,0,0
5838,5387,1,0,294
4625,1609,1,0,66
0,0,0,0,0
25776,35408,23,1,1801
0,0,0,0,0
2968,2697,0,0,68
2708,2688,0,0,55
0,0,0,0,0
5631,5423,0,0,115
2759,2679,0,0,55
2718,2706,0,0,56
5603,5387,0,0,108
2749,2705,0,0,68
18914,25274,0,0,228
0,0,0,0,0
6197,6333,0,0,117
13029,8068,22,1,2717
23062,19799,11,0,2476
15194,13454,6,0,1344
0,0,0,0,0
6124,5387,3,0,656
6027,1609,6,0,743
30845,35408,67,2,5382
0,0,0,0,0
0,0,0,0,0
2977,2697,0,0,64
2772,2688,0,0,38
0,0,0,0,0
7328,5423,1,0,210
3069,2679,1,0,225
2821,2706,0,0,55
5506,5387,0,0,111
2804,2705,0,0,61
18491,25274,1,0,332
0,0,0,0,0
6437,6333,0,0,123
12180,10792,2,0,679
18063,17075,2,0,714
13820,13454,1,0,466
0,0,0,0,0
11224,7062,3,0,625
0,0,0,0,0
28814,35408,25,1,1777
0,0,0,0,0
0,0,0,0,0
2889,2697,0,0,40
2781,2688,0,0,53
0,0,0,0,0
5605,5423,0,0,104
2757,2679,0,0,52
2692,2706,0,0,51
5689,5387,0,0,118
2962,2705,0,0,53
18451,25274,0,0,109
0,0,0,0,0
6131,6333,0,0,100
15927,10792,23,2,3042
19381,17075,9,0,1788
15454,13454,6,0,1283
3126,2724,1,0,223
10370,4272,10,2,1618
0,0,0,0,0
30613,35408,70,2,5451
0,0,0,0,0
0,0,0,0,0
3087,2697,1,0,207
2705,2688,0,0,57
0,0,0,0,0
5689,5423,0,0,116
2787,2679,1,0,242
2802,2706,0,0,63
5220,5387,0,0,98
2748,2705,0,0,46
18344,25274,1,0,303
0,0,0,0,0
9040,9003,0,0,306
11233,10792,1,0,424
14822,14405,0,0,422
14287,13454,1,0,499
2978,2724,1,0,279
8281,4272,3,0,371
0,0,0,0,0
25818,35408,22,1,1666
0,0,0,0,0
0,0,0,0,0
2987,2697,0,0,48
2699,2688,0,0,50
0,0,0,0,0
5691,5423,0,0,96
2730,2679,0,0,49
5413,5394,0,0,93
2776,2699,0,0,57
3636,2705,0,0,240
19296,25274,0,0,309
0,0,0,0,0
9948,9003,2,0,692
19824,13488,23,2,3365
16480,14417,8,0,1553
11883,10746,5,0,1049
6054,5387,3,0,604
8139,2019,5,0,877
0,0,0,0,0
30312,35408,79,2,5625
0,0,0,0,0
0,0,0,0,0
3067,2697,0,0,52
2716,2688,0,0,45
4456,2717,1,0,168
3189,2706,0,0,85
2907,2679,1,0,208
5673,5394,0,0,113
2792,2699,0,0,63
2834,2705,0,0,59
18718,25274,1,0,317
2965,2705,0,0,67
6980,6298,1,0,416
17556,16194,2,0,746
15404,14381,1,0,413
8602,8076,1,0,341
6384,5387,2,0,493
4987,1609,1,0,212
0,0,0,0,0
26426,35408,24,1,2066
0,0,0,0,0
0,0,0,0,0
5746,5385,0,0,131
0,0,0,0,0
2947,2717,0,0,50
2892,2706,0,0,55
2765,2679,0,0,56
5517,5394,0,0,117
2790,2699,0,0,57
18619,25327,0,0,122
2763,2652,0,0,66
2903,2705,0,0,54
6185,6298,0,0,112
22134,16194,25,2,3456
25056,22457,11,0,2385
0,0,0,0,0
6098,5387,3,0,619
6222,1609,5,0,792
0,0,0,0,0
27882,35408,73,2,5720
0,0,0,0,0
0,0,0,0,0
5631,5385,0,0,139
0,0,0,0,0
2898,2717,0,0,51
5453,5385,1,0,269
0,0,0,0,0
8210,8093,0,0,172
0,0,0,0,0
18555,25327,0,0,122
2887,2652,1,0,281
2719,2705,0,0,67
6079,6298,0,0,112
23946,22501,1,0,780
16154,16150,0,0,322
0,0,0,0,0
10919,7062,2,0,367
0,0,0,0,0
0,0,0,0,0
25162,35408,22,0,1351
0,0,0,0,0
0,0,0,0,0
5755,5385,0,0,101
0,0,0,0,0
2981,2717,0,0,50
5650,5385,0,0,122
0,0,0,0,0
8244,8093,0,0,168
0,0,0,0,0
20946,25327,10,1,1403
3323,2652,1,0,226
3036,2705,1,0,250
7218,6298,4,0,805
30302,22501,33,2,4693
18820,16150,7,0,1655
0,0,0,0,0
13988,6996,12,2,2194
0,0,0,0,0
0,0,0,0,0
27944,35408,67,2,5531
0,0,0,0,0
0,0,0,0,0
5498,5385,0,0,108
0,0,0,0,0
4826,2717,0,0,223
6022,5385,1,0,269
0,0,0,0,0
8472,8093,0,0,169
2878,2705,0,0,70
15932,22622,0,0,50
2889,2652,1,0,278
6581,6333,0,0,120
8957,8068,1,0,408
18503,17103,1,0,527
17729,16150,1,0,475
0,0,0,0,0
14124,6996,13,0,1764
0,0,0,0,0
0,0,0,0,0
26298,35408,22,1,1901
0,0,0,0,0
2901,2697,0,0,61
2886,2688,0,0,49
0,0,0,0,0
3047,2717,0,0,57
5681,5385,0,0,111
2815,2706,0,0,52
5907,5387,1,0,290
2924,2705,0,0,59
15631,22622,0,0,54
2956,2652,0,0,61
6299,6333,0,0,125
8510,8068,0,0,159
26824,19799,30,1,4112
15243,13454,8,0,1627
0,0,0,0,0
38191,39707,84,2,7254
0,0,0,0,0
2879,2697,0,0,71
0,0,0,0,0
0,0,0,0,0
2777,2697,0,0,50
2742,2688,0,0,52
0,0,0,0,0
5843,5423,0,0,91
2871,2679,1,0,203
2732,2706,0,0,56
5812,5387,0,0,114
2722,2705,0,0,61
18501,25274,1,0,323
0,0,0,0,0
6237,6333,0,0,109
11569,10792,0,0,230
17785,17075,0,0,459
13593,13454,0,0,281
0,0,0,0,0
35079,40117,21,1,1889
0,0,0,0,0
2898,2697,0,0,78
0,0,0,0,0
0,0,0,0,0
2904,2697,0,0,80
3443,2688,0,0,275
0,0,0,0,0
6028,5423,0,0,257
2783,2679,0,0,48
2928,2706,0,0,50
5967,5387,0,0,151
3014,2705,0,0,78
18347,25274,0,0,110
0,0,0,0,0
6221,6333,0,0,127
11300,10792,1,0,419
23278,17075,26,2,3552
15076,13454,8,0,1491
0,0,0,0,0
37811,39707,83,3,7026
0,0,0,0,0
2856,2697,0,0,117
0,0,0,0,0
0,0,0,0,0
2723,2697,0,0,68
2715,2688,0,0,49
0,0,0,0,0
7563,5423,0,0,100
2903,2679,1,0,235
2983,2706,0,0,54
5818,5387,0,0,136
2796,2705,0,0,81
19019,25274,1,0,318
0,0,0,0,0
6502,6333,0,0,127
14333,13462,0,0,275
15725,14405,2,0,589
13925,13454,0,0,266
31735,37110,24,1,2176
2945,2663,0,0,65
0,0,0,0,0
2765,2697,0,0,49
0,0,0,0,0
0,0,0,0,0
2754,2697,0,0,54
2694,2688,0,0,59
0,0,0,0,0
5655,5423,0,0,102
2693,2679,0,0,50
6263,2706,16,1,1823
7787,5387,9,0,1268
4003,2705,4,0,679
19526,25274,4,0,488
0,0,0,0,0
10389,9003,5,0,950
16349,13488,6,0,1880
20316,14417,26,2,3689
12682,10746,6,0,1280
41423,40527,81,3,7340
0,0,0,0,0
0,0,0,0,0
2951,2697,1,0,233
0,0,0,0,0
0,0,0,0,0
2857,2697,0,0,48
2777,2688,0,0,57
2976,2717,0,0,50
2907,2706,0,0,57
2953,2679,1,0,228
5776,5394,0,0,115
2826,2699,0,0,66
2993,2705,0,0,57
18832,25274,1,0,304
2888,2705,0,0,63
6343,6298,0,0,115
17685,16194,2,0,725
14720,14381,0,0,279
8595,8076,1,0,320
34574,39707,23,1,2019
0,0,0,0,0
0,0,0,0,0
2758,2697,0,0,50
0,0,0,0,0
0,0,0,0,0
5678,5385,0,0,111
0,0,0,0,0
2999,2717,0,0,50
2760,2706,0,0,55
2859,2679,0,0,55
5899,5394,0,0,143
3145,2699,0,0,91
18231,25327,0,0,106
2979,2652,0,0,55
2762,2705,0,0,57
6277,6298,0,0,99
17059,16194,0,0,361
29465,22457,32,1,4802
0,0,0,0,0
37474,39702,79,2,7240
0,0,0,0,0
0,0,0,0,0
2765,2697,1,0,177
0,0,0,0,0
0,0,0,0,0
5530,5385,0,0,101
0,0,0,0,0
4466,2717,0,0,26
6084,5385,1,0,350
0,0,0,0,0
9095,8093,0,0,199
0,0,0,0,0
18795,25327,0,0,94
2976,2652,1,0,217
3363,2705,0,0,65
6284,6298,0,0,103
24398,22501,3,0,1041
17385,16150,1,0,500
0,0,0,0,0
34180,39707,25,1,2170
0,0,0,0,0
0,0,0,0,0
2701,2697,0,0,57
0,0,0,0,0
0,0,0,0,0
6570,5385,0,0,137
0,0,0,0,0
3448,2717,0,0,116
5730,5385,1,0,206
0,0,0,0,0
8486,8093,0,0,170
3404,2705,0,0,111
15659,22622,0,0,48
2840,2652,0,0,54
2887,2705,0,0,49
12685,11696,0,0,216
21572,17103,19,1,2653
18971,16150,11,1,2160
0,0,0,0,0
38287,39707,83,2,7402
0,0,0,0,0
0,0,0,0,0
2842,2697,2,0,243
0,0,0,0,0
3329,2697,0,0,73
2850,2688,0,0,58
0,0,0,0,0
2978,2717,0,0,77
5786,5385,1,0,273
5167,2706,1,0,393
6054,5387,0,0,150
2904,2705,0,0,61
16009,22622,0,0,61
3601,2652,2,0,282
6797,6333,0,0,119
8660,8068,0,0,167
21415,19799,3,0,1027
14352,13454,2,0,592
6547,1675,9,3,1456
28986,38098,33,1,2574
0,0,0,0,0
0,0,0,0,0
2748,2697,0,0,51
0,0,0,0,0
4352,2697,0,0,36
3175,2688,0,0,113
0,0,0,0,0
6027,5423,0,0,130
2810,2679,0,0,57
3290,2706,0,0,67
6152,5387,0,0,142
2931,2705,0,0,67
19205,25274,1,0,247
0,0,0,0,0
6101,6333,0,0,131
11380,10792,0,0,253
21165,17075,17,1,2556
16062,13454,11,1,2030
11249,2019,18,3,2298
31636,38098,78,3,6891
0,0,0,0,0
2778,2697,1,0,163
0,0,0,0,0
0,0,0,0,0
2864,2697,0,0,51
2706,2688,0,0,52
0,0,0,0,0
7585,5423,0,0,123
2967,2679,1,0,233
2811,2706,0,0,54
5593,5387,0,0,124
2845,2705,0,0,59
18952,25274,1,0,313
0,0,0,0,0
6310,6333,0,0,120
11491,10792,0,0,222
18014,17075,1,0,501
15267,13454,2,0,514
3956,1609,3,0,425
29026,38098,30,1,2342
0,0,0,0,0
2845,2697,0,0,61
0,0,0,0,0
0,0,0,0,0
2809,2697,0,0,50
2881,2688,0,0,50
0,0,0,0,0
5802,5423,0,0,105
2800,2679,0,0,63
2885,2706,0,0,56
5620,5387,0,0,118
2797,2705,0,0,80
18432,25274,0,0,117
0,0,0,0,0
9270,9003,0,0,167
11648,10792,0,0,228
15099,14405,0,0,289
19496,13454,26,1,3545
34064,37044,83,3,7288
2958,2663,1,0,267
0,0,0,0,0
2845,2697,1,0,178
0,0,0,0,0
0,0,0,0,0
2749,2697,0,0,57
2732,2688,0,0,50
0,0,0,0,0
5786,5423,0,0,100
2733,2679,1,0,175
5514,5394,1,0,242
2998,2699,0,0,57
2804,2705,0,0,61
18668,25274,1,0,315
0,0,0,0,0
9383,9003,0,0,179
14291,13488,1,0,537
15193,14417,1,0,460
10950,10746,1,0,383
33356,39707,25,1,2303
0,0,0,0,0
0,0,0,0,0
2776,2697,0,0,48
0,0,0,0,0
0,0,0,0,0
2943,2697,0,0,71
2952,2688,0,0,44
3018,2717,0,0,49
3212,2706,1,0,191
2801,2679,0,0,47
6643,5394,0,0,246
3156,2699,1,0,298
4841,2705,0,0,241
19383,25274,1,0,293
2738,2705,0,0,64
6646,6298,1,0,345
18329,16194,6,0,1474
22385,17070,24,1,3305
6097,5387,2,0,517
37102,39707,87,3,7649
0,0,0,0,0
0,0,0,0,0
2907,2697,1,0,172
0,0,0,0,0
0,0,0,0,0
7527,5385,0,0,258
0,0,0,0,0
3177,2717,0,0,63
6079,5385,1,0,282
0,0,0,0,0
5750,5394,1,0,263
2865,2699,0,0,60
19075,25327,0,0,140
2933,2652,1,0,208
2860,2705,0,0,57
6519,6298,0,0,121
18489,16194,1,0,863
23736,22457,3,0,1025
4855,1675,4,0,393
29390,38098,26,1,2117
0,0,0,0,0
0,0,0,0,0
2863,2697,0,0,57
0,0,0,0,0
0,0,0,0,0
5576,5385,0,0,125
0,0,0,0,0
3048,2717,0,0,70
5683,5385,0,0,145
0,0,0,0,0
8544,8093,0,0,228
0,0,0,0,0
18361,25327,0,0,138
2855,2652,0,0,72
2846,2705,0,0,69
9331,9006,1,0,393
19962,19793,0,0,454
22096,16150,25,2,3631
4991,1609,5,0,678
32305,38098,78,3,6996
0,0,0,0,0
0,0,0,0,0
2783,2697,1,0,177
0,0,0,0,0
0,0,0,0,0
5596,5385,0,0,145
0,0,0,0,0
2811,2717,0,0,60
5777,5385,1,0,284
0,0,0,0,0
8384,8093,1,0,322
2860,2705,0,0,62
15969,22622,0,0,61
2886,2652,1,0,284
6397,6333,0,0,116
8310,8068,0,0,174
20425,19799,0,0,387
14061,13454,1,0,449
3325,1609,1,0,46
28274,38098,22,0,1674
0,0,0,0,0
0,0,0,0,0
2773,2697,0,0,52
0,0,0,0,0
2856,2697,0,0,51
2850,2688,0,0,58
0,0,0,0,0
2942,2717,0,0,60
5673,5385,0,0,119
3326,2706,0,0,210
5730,5387,0,0,130
2647,2705,0,0,59
15682,22622,0,0,40
2810,2652,0,0,62
6178,6333,0,0,104
8673,8068,0,0,181
19857,19799,0,0,375
19446,13454,26,2,3667
5290,1609,5,0,749
32362,38098,81,3,7030
0,0,0,0,0
2822,2697,1,0,157
0,0,0,0,0
0,0,0,0,0
2777,2697,0,0,51
4342,2688,0,0,26
0,0,0,0,0
6151,5423,0,0,145
2956,2679,1,0,230
2849,2706,0,0,53
5565,5387,1,0,245
2984,2705,0,0,80
18797,25274,1,0,316
0,0,0,0,0
6294,6333,0,0,111
11428,10792,0,0,237
17922,17075,1,0,447
14274,13454,1,0,453
7356,2839,2,0,224
29035,38098,23,0,1776
0,0,0,0,0
2847,2697,0,0,59
0,0,0,0,0
0,0,0,0,0
2891,2697,0,0,51
2726,2688,0,0,53
0,0,0,0,0
6369,5423,0,0,265
2859,2679,0,0,51
2820,2706,0,0,50
5650,5387,0,0,110
2874,2705,0,0,49
18477,25274,0,0,115
0,0,0,0,0
6860,6333,1,0,233
11789,10792,1,0,409
18123,17075,0,0,340
19455,13454,26,1,3415
4896,1609,4,0,538
34107,38098,85,2,7032
0,0,0,0,0
2734,2697,1,0,169
0,0,0,0,0
0,0,0,0,0
2730,2697,0,0,53
2664,2688,0,0,57
0,0,0,0,0
5816,5423,0,0,99
2944,2679,1,0,200
2745,2706,1,0,178
5523,5387,1,0,234
2889,2705,0,0,71
18557,25274,1,0,324
0,0,0,0,0
6285,6333,0,0,100
14212,13462,0,0,325
14851,14405,1,0,456
17376,15129,2,0,490
31096,35435,19,0,1491
2897,2663,0,0,70
0,0,0,0,0
2634,2697,0,0,58
0,0,0,0,0
0,0,0,0,0
2745,2697,0,0,51
2766,2688,0,0,49
0,0,0,0,0
6110,5423,0,0,112
2719,2679,0,0,55
3654,2706,0,0,293
6287,5387,2,0,486
3065,2705,0,0,80
18541,25274,0,0,105
0,0,0,0,0
9308,9003,0,0,156
11214,10792,0,0,225
18330,17113,0,0,472
20811,12355,27,3,2840
38318,38098,95,2,7565
0,0,0,0,0
0,0,0,0,0
5189,2697,2,0,487
0,0,0,0,0
0,0,0,0,0
3401,2697,0,0,93
3093,2688,0,0,51
3094,2717,0,0,48
2737,2706,1,0,223
2975,2679,1,0,257
5939,5394,2,0,370
3041,2699,0,0,51
3032,2705,0,0,87
18864,25274,1,0,286
3061,2705,0,0,80
6699,6298,1,0,307
17272,16194,0,0,327
15386,14381,1,0,613
12641,9685,2,0,454
29779,38098,25,1,2082
0,0,0,0,0
0,0,0,0,0
2914,2697,0,0,46
0,0,0,0,0
0,0,0,0,0
5865,5385,0,0,109
0,0,0,0,0
2964,2717,0,0,48
2837,2706,0,0,48
3018,2679,0,0,55
5838,5394,0,0,109
2972,2699,0,0,50
18610,25327,0,0,122
2987,2652,0,0,65
2795,2705,0,0,56
6414,6298,0,0,103
17704,16194,0,0,499
23495,22457,2,0,869
4943,1609,5,0,687
30610,38098,12,0,1108
0,0,0,0,0
0,0,0,0,0
2953,2697,0,0,56
0,0,0,0,0
0,0,0,0,0
5829,5385,0,0,108
0,0,0,0,0
3005,2717,0,0,51
5792,5385,0,0,113
0,0,0,0,0
8950,8093,0,0,237
0,0,0,0,0
18628,25327,0,0,105
2984,2652,0,0,59
2797,2705,0,0,57
6383,6298,0,0,125
23938,22501,1,0,599
17059,16150,0,0,348
8373,2019,17,4,2323
28010,38098,4,0,579
0,0,0,0,0
0,0,0,0,0
2800,2697,0,0,55
0,0,0,0,0
0,0,0,0,0
5917,5385,0,0,116
0,0,0,0,0
3287,2717,0,0,72
6544,5385,0,0,207
0,0,0,0,0
8804,8093,0,0,201
3060,2705,0,0,53
15671,22622,0,0,51
3177,2652,1,0,294
2876,2705,0,0,47
12119,11696,0,0,213
18564,17103,3,0,912
17307,16150,0,0,371
10253,1609,8,0,985
28672,38098,5,0,813
0,0,0,0,0
0,0,0,0,0
4685,2697,0,0,180
0,0,0,0,0
3185,2697,0,0,64
3009,2688,0,0,64
0,0,0,0,0
3046,2717,0,0,51
5939,5385,0,0,105
2972,2706,0,0,50
5878,5387,0,0,101
3199,2705,0,0,50
15807,22622,0,0,50
2951,2652,0,0,54
6492,6333,0,0,93
9467,8068,1,0,402
20881,19799,1,0,570
17951,15129,3,0,597
0,0,0,0,0
28178,38098,6,1,702
0,0,0,0,0
0,0,0,0,0
2966,2697,0,0,44
0,0,0,0,0
2826,2697,0,0,42
2896,2688,0,0,46
0,0,0,0,0
6501,5423,0,0,216
2882,2679,1,0,224
3045,2706,0,0,143
5742,5387,0,0,90
3199,2705,0,0,61
18803,25274,1,0,348
0,0,0,0,0
6605,6333,0,0,101
11276,10792,0,0,216
17214,17075,0,0,341
18478,15473,1,0,426
0,0,0,0,0
27693,38098,3,1,761
0,0,0,0,0
2870,2697,1,0,161
0,0,0,0,0
0,0,0,0,0
3207,2697,0,0,63
3074,2688,0,0,56
0,0,0,0,0
5829,5423,0,0,108
2861,2679,0,0,46
2920,2706,0,0,43
5632,5387,0,0,92
2882,2705,0,0,53
18553,25274,0,0,94
0,0,0,0,0
6188,6333,0,0,101
11251,10792,0,0,201
17690,17075,1,0,522
18378,15063,4,0,827
0,0,0,0,0
28082,38098,5,0,770
0,0,0,0,0
2929,2697,0,0,40
0,0,0,0,0
0,0,0,0,0
2882,2697,0,0,59
2946,2688,0,0,41
0,0,0,0,0
5842,5423,0,0,95
3346,2679,0,0,77
3373,2706,0,0,66
5661,5387,0,0,98
2944,2705,0,0,54
18852,25274,0,0,180
0,0,0,0,0
6417,6333,0,0,92
14186,13462,0,0,313
15397,14405,3,0,691
19672,15063,17,4,2275
25623,35435,6,0,702
2780,2663,0,0,52
0,0,0,0,0
5059,2697,1,0,420
0,0,0,0,0
0,0,0,0,0
3327,2697,0,0,83
3064,2688,0,0,52
0,0,0,0,0
5952,5423,0,0,108
2980,2679,0,0,52
5831,5394,0,0,136
5067,2699,1,0,351
3236,2705,0,0,85
18885,25274,0,0,108
0,0,0,0,0
9892,9003,1,0,401
14751,13488,2,0,753
15939,14417,3,0,847
19358,12765,7,2,1761
28972,38098,11,1,1510
0,0,0,0,0
0,0,0,0,0
3010,2697,0,0,71
0,0,0,0,0
0,0,0,0,0
9184,5385,3,0,987
0,0,0,0,0
3280,2717,0,0,50
2888,2706,0,0,62
3147,2679,0,0,52
6122,5394,1,0,259
3011,2699,1,0,204
3027,7070,10,0,158
27034,20913,12,0,311
2996,2705,0,0,48
6694,6298,1,0,298
17364,16194,1,0,593
23845,22457,3,0,965
2972,1609,2,0,237
28280,38098,10,1,1528
0,0,0,0,0
0,0,0,0,0
2986,2697,0,0,57
0,0,0,0,0
0,0,0,0,0
5891,5385,0,0,102
0,0,0,0,0
2941,2717,0,0,43
5861,5385,1,0,241
0,0,0,0,0
8334,8093,0,0,172
0,0,0,0,0
18437,25327,0,0,131
2936,2652,0,0,62
3105,2705,0,0,61
11953,11696,0,0,226
17806,17103,1,0,506
25074,17825,4,0,1129
0,0,0,0,0
27821,38098,5,0,895
0,0,0,0,0
0,0,0,0,0
2907,2697,0,0,45
0,0,0,0,0
2914,2697,0,0,49
2933,2688,0,0,45
0,0,0,0,0
2865,2717,0,0,46
6686,5385,0,0,120
3055,2706,2,0,311
5974,5387,0,0,125
3097,2705,0,0,58
15660,22622,0,0,68
2921,2652,0,0,66
6524,6333,0,0,114
8552,8068,0,0,181
20474,19799,1,0,603
44566,47775,5,2,1074
0,0,0,0,0
8098,5387,0,0,343
0,0,0,0,0
0,0,0,0,0
4667,2697,1,0,176
0,0,0,0,0
3233,2697,0,0,83
2912,2688,0,0,52
0,0,0,0,0
6006,5423,0,0,101
2954,2679,0,0,52
2899,2706,0,0,57
6166,5387,1,0,257
2976,2705,0,0,53
18674,25274,0,0,107
0,0,0,0,0
6487,6333,0,0,103
12028,10792,2,0,637
18592,17075,3,0,804
43849,48184,12,1,1962
0,0,0,0,0
5885,5387,0,0,128
0,0,0,0,0
2935,2697,0,0,54
0,0,0,0,0
0,0,0,0,0
2925,2697,0,0,51
2913,2688,0,0,60
0,0,0,0,0
5894,5423,0,0,110
2887,2679,0,0,54
2964,2706,0,0,52
5749,5387,0,0,115
2879,2705,0,0,54
18505,25274,0,0,122
0,0,0,0,0
6424,6333,0,0,102
11644,10792,0,0,217
18042,17075,1,0,498
40450,47769,7,0,1295
3126,2724,0,0,52
2748,2663,0,0,55
0,0,0,0,0
2900,2697,0,0,53
0,0,0,0,0
0,0,0,0,0
2899,2697,0,0,57
2850,2688,0,0,56
0,0,0,0,0
5859,5423,0,0,88
2909,2679,0,0,43
2917,2706,0,0,43
5970,5387,0,0,116
2886,2705,0,0,61
18485,25274,0,0,102
0,0,0,0,0
9460,9003,1,0,328
14203,13488,1,0,464
22935,16026,17,4,2400
33039,43457,4,1,828
5674,5387,0,0,121
0,0,0,0,0
0,0,0,0,0
3028,2697,0,0,46
0,0,0,0,0
0,0,0,0,0
3058,2697,1,0,264
5130,2688,6,0,741
3556,2717,0,0,66
3265,2706,1,0,221
3031,2679,0,0,49
6188,5394,1,0,286
3354,2699,2,0,310
3166,2705,0,0,51
19228,25274,1,0,260
3012,2705,0,0,49
6669,6298,1,0,289
19013,16194,5,0,1273
58143,56777,34,6,4506
0,0,0,0,0
5633,5387,0,0,116
0,0,0,0,0
0,0,0,0,0
4691,2697,0,0,173
0,0,0,0,0
0,0,0,0,0
5882,5385,0,0,136
0,0,0,0,0
3112,2717,0,0,55
5973,5385,0,0,121
0,0,0,0,0
9183,8093,1,0,360
0,0,0,0,0
19043,25327,0,0,87
3082,2652,0,0,55
2927,2705,0,0,53
6591,6298,1,0,295
25043,22501,3,0,992
46686,50536,22,1,3145
0,0,0,0,0
5475,5387,0,0,125
0,0,0,0,0
0,0,0,0,0
2919,2697,0,0,54
0,0,0,0,0
0,0,0,0,0
5713,5385,0,0,95
0,0,0,0,0
2932,2717,0,0,51
6845,5385,1,0,386
0,0,0,0,0
8970,8093,1,0,382
3187,2705,0,0,82
17178,22623,0,2,84
3248,2652,1,0,259
3153,2705,0,0,70
12600,11696,2,0,633
18122,17103,3,0,777
44122,50470,12,0,1627
0,0,0,0,0
6360,5387,0,0,274
0,0,0,0,0
0,0,0,0,0
2938,2697,0,0,59
0,0,0,0,0
3589,2697,0,0,223
2946,2688,0,0,54
0,0,0,0,0
3500,2717,0,0,219
5832,5385,1,0,254
2922,2706,0,0,53
5777,5387,0,0,108
3501,2705,0,0,220
15795,22622,0,0,47
3177,2652,1,0,224
6622,6333,0,0,84
8838,8068,1,0,298
20591,19799,2,0,686
51431,48594,33,7,4835
0,0,0,0,0
5570,5387,0,0,111
0,0,0,0,0
2715,2697,0,0,58
0,0,0,0,0
0,0,0,0,0
2885,2697,0,0,45
2941,2688,0,0,47
0,0,0,0,0
6624,5423,0,0,143
2847,2679,1,0,151
3070,2706,1,0,152
5810,5387,0,0,93
3004,2705,0,0,42
18683,25274,0,0,130
0,0,0,0,0
6339,6333,0,0,105
11916,10792,2,0,508
18090,17075,1,0,477
44102,47774,25,4,3218
0,0,0,0,0
5580,5387,0,0,111
0,0,0,0,0
4734,2697,0,0,170
0,0,0,0,0
0,0,0,0,0
3268,2697,0,0,87
2923,2688,0,0,61
0,0,0,0,0
5918,5423,0,0,98
2788,2679,1,0,203
3018,2706,0,0,68
6188,5387,0,0,138
3232,2705,1,0,233
18702,25274,0,0,141
0,0,0,0,0
9652,9003,1,0,368
11697,10792,1,0,393
23368,16014,19,4,2687
37568,46165,9,1,1356
3293,2724,1,0,239
2810,2663,0,0,53
0,0,0,0,0
2754,2697,0,0,62
0,0,0,0,0
0,0,0,0,0
2858,2697,0,0,46
2838,2688,0,0,52
3193,2717,1,0,216
2822,2706,0,0,55
2833,2679,0,0,55
5552,5394,1,0,314
2930,2699,0,0,38
2834,2705,0,0,44
18364,25274,0,0,114
0,0,0,0,0
12224,9003,17,2,2416
16256,13488,14,0,1841
57058,51817,98,7,11367
8728,8076,1,0,396
6480,5387,2,0,508
0,0,0,0,0
0,0,0,0,0
2776,2697,0,0,58
0,0,0,0,0
0,0,0,0,0
6125,5385,0,0,154
0,0,0,0,0
3028,2717,0,0,68
2756,2706,0,0,80
2814,2679,1,0,226
6132,5394,1,0,357
3085,2699,1,0,290
19046,25327,0,0,149
3302,2652,2,0,208
2955,2705,0,0,47
7023,6298,2,0,528
17214,16194,2,0,729
57748,58073,40,1,4752
0,0,0,0,0
6019,5387,0,0,260
0,0,0,0,0
0,0,0,0,0
2756,2697,0,0,61
0,0,0,0,0
0,0,0,0,0
6075,5385,0,0,140
0,0,0,0,0
3417,2717,0,0,64
6212,5385,0,0,227
0,0,0,0,0
8591,8093,0,0,158
0,0,0,0,0
19395,25327,0,0,301
3049,2652,0,0,69
3128,2705,0,0,77
6664,6298,0,0,235
23931,22501,5,0,1235
45907,50471,16,3,2111
0,0,0,0,0
9970,5387,18,2,2388
0,0,0,0,0
0,0,0,0,0
3522,2697,2,0,313
0,0,0,0,0
0,0,0,0,0
6497,5385,3,0,571
0,0,0,0,0
3380,2717,2,0,275
6158,5385,4,0,704
0,0,0,0,0
9640,8093,6,0,1057
3277,2705,1,0,226
15997,22622,0,0,42
3252,2652,2,0,208
3215,2705,1,0,274
13657,11696,5,0,1286
19682,17103,9,0,1857
47437,50470,68,3,6101
0,0,0,0,0
5871,5387,0,0,122
0,0,0,0,0
0,0,0,0,0
2911,2697,0,0,61
0,0,0,0,0
2938,2697,0,0,50
2943,2688,0,0,47
0,0,0,0,0
3115,2717,0,0,41
5822,5385,0,0,88
2941,2706,0,0,53
5650,5387,0,0,109
2949,2705,0,0,42
15854,22622,0,0,42
2932,2652,0,0,59
6509,6333,0,0,89
8516,8068,0,0,150
22252,20209,1,0,608
39845,47774,22,0,1677
0,0,0,0,0
8616,5387,0,0,108
0,0,0,0,0
0,0,0,0,0
2860,2697,0,0,50
0,0,0,0,0
2883,2697,0,0,54
2813,2688,0,0,60
0,0,0,0,0
5873,5423,0,0,86
2840,2679,0,0,46
2812,2706,0,0,51
5774,5387,0,0,108
2919,2705,0,0,48
18766,25274,1,0,261
0,0,0,0,0
6374,6333,0,0,90
8506,8068,0,0,158
25237,21408,4,0,1030
37014,46165,6,1,1111
0,0,0,0,0
5700,5387,1,0,277
0,0,0,0,0
3089,2697,0,0,55
0,0,0,0,0
0,0,0,0,0
2947,2697,0,0,80
3251,2688,0,0,47
0,0,0,0,0
6573,5423,0,0,125
2906,2679,0,0,44
2869,2706,1,0,155
5923,5387,2,0,474
2968,2705,0,0,48
18536,25274,0,0,102
0,0,0,0,0
6826,6333,0,0,251
11225,10792,1,0,469
47357,51395,10,1,1403
14684,13454,1,0,446
0,0,0,0,0
10081,5387,19,2,2552
0,0,0,0,0
3792,2697,3,0,411
0,0,0,0,0
0,0,0,0,0
3371,2697,1,0,244
3291,2688,2,0,348
0,0,0,0,0
6386,5423,3,0,579
3239,2679,2,0,334
3216,2706,2,0,328
6337,5387,4,0,742
3244,2705,1,0,285
19187,25274,2,0,272
0,0,0,0,0
7436,6333,3,0,676
12765,10792,4,0,1234
52832,51461,76,2,7129
14749,13454,0,0,517
2906,2724,0,0,50
2773,2663,0,0,57
0,0,0,0,0
2977,2697,0,0,55
0,0,0,0,0
0,0,0,0,0
2859,2697,0,0,52
3180,2688,0,0,61
0,0,0,0,0
6152,5423,0,0,113
2697,2679,0,0,67
3009,2706,1,0,261
5603,5387,1,0,242
2823,2705,0,0,68
18905,25274,0,0,216
0,0,0,0,0
9603,9003,0,0,333
11165,10792,1,0,342
52354,52663,24,1,2606
10915,10746,0,0,240
5923,5387,0,0,99
0,0,0,0,0
0,0,0,0,0
2850,2697,0,0,50
0,0,0,0,0
0,0,0,0,0
3184,2697,0,0,76
2886,2688,0,0,75
2922,2717,0,0,44
2839,2706,0,0,54
2895,2679,0,0,46
5766,5394,2,0,312
2915,2699,0,0,45
2732,2705,0,0,68
18482,25274,0,0,116
0,0,0,0,0
9321,9003,0,0,131
14334,13488,2,0,578
52735,51407,35,2,4668
9694,8076,4,0,1000
7056,5387,4,0,768
0,0,0,0,0
0,0,0,0,0
3301,2697,2,0,344
0,0,0,0,0
0,0,0,0,0
6801,5385,2,0,469
0,0,0,0,0
3862,2717,1,0,219
3667,2706,1,0,211
3520,2679,2,0,348
6692,5394,2,0,453
3261,2699,1,0,217
20014,25327,1,0,300
3543,2652,2,0,243
3564,2705,1,0,274
7876,6298,3,0,619
23854,17803,7,0,1728
51770,55168,60,3,4628
0,0,0,0,0
6088,5387,0,0,107
0,0,0,0,0
0,0,0,0,0
2767,2697,0,0,69
0,0,0,0,0
0,0,0,0,0
5840,5385,0,0,133
0,0,0,0,0
4695,2717,0,0,185
6228,5385,0,0,131
0,0,0,0,0
8763,8093,0,0,158
0,0,0,0,0
19179,25327,0,0,102
2914,2652,0,0,51
2914,2705,0,0,49
9421,9006,0,0,171
52461,54113,38,4,4156
16932,16150,0,0,343
0,0,0,0,0
5618,5387,0,0,122
0,0,0,0,0
0,0,0,0,0
2948,2697,0,0,52
0,0,0,0,0
0,0,0,0,0
5881,5385,0,0,116
0,0,0,0,0
2864,2717,0,0,47
5742,5385,0,0,118
0,0,0,0,0
8707,8093,0,0,157
3172,2705,0,0,64
15774,22622,0,0,64
2951,2652,0,0,47
6631,6333,0,0,111
8836,8068,1,0,336
59778,55349,57,15,7235
16940,13454,0,0,303
0,0,0,0,0
5793,5387,0,0,113
0,0,0,0,0
0,0,0,0,0
3009,2697,0,0,76
0,0,0,0,0
3100,2697,0,0,93
2830,2688,0,0,57
0,0,0,0,0
2836,2717,0,0,61
5865,5385,0,0,127
2935,2706,0,0,73
5697,5387,0,0,147
2912,2705,0,0,58
15732,22622,0,0,46
5572,2652,16,2,2021
7878,6333,10,0,1248
10803,8069,6,0,897
55747,54185,97,5,9221
13895,13454,1,0,489
0,0,0,0,0
5808,5387,1,0,235
0,0,0,0,0
0,0,0,0,0
3036,2697,0,0,77
0,0,0,0,0
3080,2697,0,0,69
3061,2688,0,0,70
0,0,0,0,0
6239,5423,0,0,229
3126,2679,1,0,224
2763,2706,0,0,51
5506,5387,0,0,96
2717,2705,0,0,47
18575,25274,0,0,103
0,0,0,0,0
6375,6333,0,0,111
8284,10792,0,0,223
51440,51395,34,7,3517
13934,13454,0,0,300
0,0,0,0,0
5641,5387,0,0,140
0,0,0,0,0
2933,2697,0,0,52
0,0,0,0,0
0,0,0,0,0
3012,2697,0,0,79
2720,2688,0,0,52
0,0,0,0,0
7616,5423,0,0,109
3048,2679,0,0,62
2778,2706,0,0,66
5643,5387,0,0,101
2993,2705,0,0,76
18872,25274,0,0,89
0,0,0,0,0
6398,6333,0,0,102
11886,10792,1,0,418
48443,51395,22,4,3321
14020,13454,0,0,328
0,0,0,0,0
5780,5387,0,0,121
0,0,0,0,0
3046,2697,0,0,56
0,0,0,0,0
0,0,0,0,0
2951,2697,0,0,66
3078,2688,0,0,64
0,0,0,0,0
5786,5423,0,0,124
2931,2679,0,0,75
2983,2706,0,0,52
5655,5387,0,0,129
2930,2705,0,0,70
18700,25274,0,0,104
0,0,0,0,0
9431,9003,0,0,186
37415,45112,7,0,943
18438,17113,1,0,454
10874,10746,0,0,237
5547,5387,0,0,122
0,0,0,0,0
0,0,0,0,0
2932,2697,0,0,52
0,0,0,0,0
0,0,0,0,0
2841,2697,0,0,53
2932,2688,0,0,66
2823,2717,0,0,52
2759,2706,0,0,63
2808,2679,0,0,66
5713,5394,0,0,118
2861,2699,0,0,63
2948,2705,0,0,52
18606,25274,0,0,100
3073,2705,0,0,55
6266,6298,0,0,123
43926,50514,18,2,2436
20624,14381,1,0,432
8227,8076,0,0,173
9585,5387,22,1,2572
0,0,0,0,0
0,0,0,0,0
3451,2697,3,0,465
0,0,0,0,0
0,0,0,0,0
3279,2697,1,0,275
3578,2688,2,0,449
3298,2717,2,0,282
3109,2706,2,0,420
3194,2679,2,0,408
6236,5394,4,0,720
3025,2699,2,0,359
3238,2705,1,0,278
18894,25274,2,0,272
3264,2705,1,0,250
6958,6298,3,0,586
50992,50514,84,5,7780
17696,17070,0,0,348
5372,5387,0,0,107
5910,5387,0,0,122
0,0,0,0,0
0,0,0,0,0
3049,2697,0,0,69
0,0,0,0,0
0,0,0,0,0
5670,5385,0,0,129
0,0,0,0,0
4771,2717,0,1,312
6120,5385,0,0,109
0,0,0,0,0
5884,5394,1,0,296
2861,2699,0,0,48
19071,25327,0,0,98
2919,2652,0,0,44
3057,2705,0,0,65
6833,6298,1,0,332
56048,56887,46,3,4770
17110,16150,0,0,357
0,0,0,0,0
6504,5387,1,0,257
0,0,0,0,0
0,0,0,0,0
2851,2697,0,0,61
0,0,0,0,0
0,0,0,0,0
5721,5385,0,0,114
0,0,0,0,0
3115,2717,0,0,68
5543,5385,0,0,118
0,0,0,0,0
9023,8093,1,0,304
0,0,0,0,0
18487,25327,0,0,105
2894,2652,0,0,53
3029,2705,0,0,63
12136,11696,0,0,209
51509,51833,28,3,3499
16934,16150,0,0,363
0,0,0,0,0
5792,5387,0,0,100
0,0,0,0,0
0,0,0,0,0
2974,2697,0,0,59
0,0,0,0,0
3003,2697,0,0,63
2837,2688,0,0,48
0,0,0,0,0
3092,2717,0,0,53
5830,5385,0,0,110
2816,2706,0,0,51
5988,5387,1,0,254
3322,2705,0,0,72
15646,22622,0,0,62
2937,2652,0,0,63
6624,6333,0,0,117
8622,8068,0,0,151
51561,54119,23,3,3211
14301,13454,0,0,287
0,0,0,0,0
6077,5387,1,0,253
0,0,0,0,0
0,0,0,0,0
2852,2697,0,0,67
0,0,0,0,0
5828,2697,16,1,1851
3815,2688,5,1,620
0,0,0,0,0
6239,5423,4,0,707
3157,2679,2,0,379
2981,2706,2,0,375
6009,5387,4,0,696
3247,2705,1,0,251
18892,25274,2,0,279
0,0,0,0,0
7026,6333,3,0,605
27759,10907,47,12,6456
46086,52505,75,2,6389
13802,13454,0,0,304
0,0,0,0,0
5900,5387,1,0,260
0,0,0,0,0
2803,2697,0,0,64
0,0,0,0,0
0,0,0,0,0
3016,2697,0,0,63
2734,2688,0,0,55
0,0,0,0,0
7640,5423,0,0,133
2962,2679,0,0,52
3003,2706,0,0,60
5683,5387,0,0,128
3131,2705,0,0,64
18877,25274,0,0,99
0,0,0,0,0
6319,6333,0,0,113
43962,45112,40,4,4617
18152,17075,1,0,519
14250,13454,0,0,284
0,0,0,0,0
6595,5387,1,1,148
0,0,0,0,0
2922,2697,0,0,49
0,0,0,0,0
0,0,0,0,0
3190,2697,0,0,165
2919,2688,0,0,53
0,0,0,0,0
8260,5423,18,1,1868
3836,2679,7,0,649
3192,2706,3,0,429
6398,5387,4,0,750
3361,2705,2,0,367
18929,25274,2,0,288
0,0,0,0,0
7353,6333,3,0,610
46664,45112,90,7,8318
18060,17075,1,0,491
14155,13454,0,0,311
2946,2724,0,0,71
2837,2663,1,0,172
0,0,0,0,0
3054,2697,0,0,49
0,0,0,0,0
0,0,0,0,0
2946,2697,0,0,80
2861,2688,0,0,54
0,0,0,0,0
5821,5423,0,0,118
2883,2679,0,0,52
2828,2706,0,0,53
5811,5387,0,0,107
2957,2705,0,0,51
18671,25274,0,0,138
0,0,0,0,0
9510,9003,1,0,362
43441,45178,38,3,4026
15028,17113,0,0,359
14223,10746,0,0,231
3027,2724,0,0,55
2836,2663,0,0,53
0,0,0,0,0
3055,2697,0,0,51
0,0,0,0,0
0,0,0,0,0
5364,2697,12,1,1407
3798,2688,5,1,540
0,0,0,0,0
6288,5423,2,0,412
3162,2679,1,0,227
2867,2706,1,0,184
6115,5387,4,0,763
3411,2705,1,0,259
18998,25274,1,0,276
0,0,0,0,0
10188,9003,4,0,800
53507,46343,74,7,8013
17762,17113,3,0,787
10930,10746,0,0,206
6355,5387,2,0,536
0,0,0,0,0
0,0,0,0,0
2998,2697,0,0,49
0,0,0,0,0
0,0,0,0,0
3079,2697,0,0,62
4715,2688,1,0,379
3247,2717,0,0,104
2872,2706,1,0,196
3160,2679,0,0,52
5884,5394,1,0,252
2826,2699,0,0,47
3142,2705,1,0,212
18986,25274,0,0,147
0,0,0,0,0
9420,9003,1,0,325
45919,47808,34,1,4076
15264,14417,1,0,437
11307,10746,0,0,239
5612,5387,0,0,103
0,0,0,0,0
0,0,0,0,0
3216,2697,1,0,194
0,0,0,0,0
0,0,0,0,0
3023,2697,0,0,55
2833,2688,0,0,71
2966,2717,0,0,53
2894,2706,0,0,48
2946,2679,0,0,79
5619,5394,0,0,123
3054,2699,0,0,58
2888,2705,0,0,54
18730,25274,0,0,112
2825,2705,0,0,50
11663,7907,3,0,356
39662,48905,13,1,1768
17787,17070,1,0,461
5287,5387,0,0,114
5608,5387,0,0,114
0,0,0,0,0
0,0,0,0,0
3025,2697,0,0,52
0,0,0,0,0
0,0,0,0,0
5939,5385,0,0,111
0,0,0,0,0
2901,2717,0,0,52
8320,5385,17,1,1784
0,0,0,0,0
7152,5394,12,0,1134
3354,2699,3,0,354
18842,25327,2,0,441
3255,2652,3,0,426
3075,2705,1,0,258
13597,7907,7,0,1260
43346,48905,75,3,6711
23768,22457,1,0,648
0,0,0,0,0
5624,5387,1,0,295
0,0,0,0,0
0,0,0,0,0
3305,2697,1,0,218
0,0,0,0,0
0,0,0,0,0
9332,5385,22,2,2505
0,0,0,0,0
3252,2717,1,0,270
6282,5385,5,0,946
0,0,0,0,0
9591,8093,7,0,1023
0,0,0,0,0
18965,25327,1,0,335
3084,2652,2,0,183
3768,2705,1,0,341
40854,43326,75,4,6751
21269,19793,2,0,673
17356,16150,1,1,399
0,0,0,0,0
5618,5387,1,0,248
0,0,0,0,0
0,0,0,0,0
3147,2697,0,0,68
0,0,0,0,0
0,0,0,0,0
7353,5385,2,0,402
0,0,0,0,0
3285,2717,0,0,63
5910,5385,1,0,239
0,0,0,0,0
9358,8093,2,1,552
2969,2705,0,0,48
15954,22622,0,0,57
2901,2652,0,0,52
3460,2705,0,0,128
44200,46082,38,1,4004
18128,17103,3,0,681
28034,16150,86,11,7713
0,0,0,0,0
11733,5387,30,3,3462
0,0,0,0,0
0,0,0,0,0
6537,2697,18,1,1776
0,0,0,0,0
6045,2697,16,1,1836
5921,2688,17,1,1894
0,0,0,0,0
6228,2717,17,1,1845
11783,5385,33,2,3624
6029,2706,16,1,1793
11494,5387,34,3,3480
6031,2705,15,1,1771
18167,22622,11,1,1419
5858,2652,16,1,1768
12274,6333,33,2,3534
48016,42388,138,6,12256
37240,19799,119,12,11509
26221,13454,85,9,7816
0,0,0,0,0
11040,5387,28,4,3319
0,0,0,0,0
0,0,0,0,0
6302,2697,17,1,1790
0,0,0,0,0
6203,2697,16,1,1835
6160,2688,18,1,1989
0,0,0,0,0
11943,5423,35,2,3854
6101,2679,17,1,1775
6230,2706,16,1,1832
11161,5387,34,2,3645
6185,2705,15,2,1912
23691,25274,29,2,3072
0,0,0,0,0
12660,6333,34,3,3592
56112,45112,163,9,15075
33032,17075,101,9,9709
28758,13454,86,9,7839
0,0,0,0,0
11503,5387,30,4,3514
0,0,0,0,0
5864,2697,16,1,1709
0,0,0,0,0
0,0,0,0,0
6322,2697,16,2,1768
5939,2688,17,1,1704
0,0,0,0,0
11102,5423,34,2,3366
5669,2679,17,1,1648
6004,2706,16,1,1640
11699,5387,35,3,3342
5992,2705,17,1,1858
23592,25274,28,3,2873
0,0,0,0,0
12831,6333,35,3,3466
49943,45112,121,5,10687
17450,17075,2,0,636
14109,13454,1,0,453
0,0,0,0,0
6490,5387,1,0,393
0,0,0,0,0
3141,2697,0,0,55
0,0,0,0,0
0,0,0,0,0
4369,2697,1,0,220
3501,2688,1,0,240
0,0,0,0,0
6238,5423,0,0,153
2867,2679,1,0,222
2861,2706,0,0,55
5993,5387,1,0,224
2818,2705,0,0,56
18896,25274,1,0,294
0,0,0,0,0
6979,6333,1,0,303
42931,45112,30,1,3623
18264,17075,1,0,499
14361,13454,0,0,333
0,0,0,0,0
6080,5387,1,0,225
0,0,0,0,0
2913,2697,0,0,60
0,0,0,0,0
0,0,0,0,0
3031,2697,0,0,66
2839,2688,0,0,54
0,0,0,0,0
5791,5423,0,0,122
2839,2679,0,0,63
2919,2706,0,0,49
5695,5387,0,0,109
3150,2705,0,0,66
18617,25274,0,0,115
0,0,0,0,0
39386,43323,9,0,959
11703,10792,0,0,257
14888,14405,0,0,294
13895,13454,0,0,296
3049,2724,0,0,47
2736,2663,0,0,49
0,0,0,0,0
3005,2697,0,0,50
0,0,0,0,0
0,0,0,0,0
2935,2697,0,0,47
2793,2688,0,0,51
0,0,0,0,0
5905,5423,0,0,95
2848,2679,0,0,47
5534,5394,0,0,108
3034,2699,0,0,60
2924,2705,0,0,60
18524,25274,0,0,110
0,0,0,0,0
40702,43389,8,0,1357
11620,10792,0,0,238
17744,17113,0,0,328
11177,10746,0,0,237
5526,5387,0,0,122
0,0,0,0,0
0,0,0,0,0
3093,2697,0,0,55
0,0,0,0,0
0,0,0,0,0
3357,2697,0,0,87
3732,2688,0,0,248
2937,2717,0,0,77
2973,2706,0,0,74
2776,2679,0,0,57
6387,5394,0,0,237
2888,2699,0,0,57
3000,2705,0,0,85
18566,25274,0,0,136
2831,2705,0,0,61
36960,40618,7,0,896
17426,16194,0,0,434
18335,14381,16,1,2182
9964,8076,14,0,1683
6712,5387,5,0,1071
0,0,0,0,0
0,0,0,0,0
3395,2697,2,0,440
0,0,0,0,0
0,0,0,0,0
8284,5385,3,1,891
0,0,0,0,0
3225,2717,1,0,208
3600,2706,1,0,260
3351,2679,2,0,312
6456,5394,4,0,877
3184,2699,1,0,261
19325,25327,1,0,382
3237,2652,2,0,217
3283,2705,1,0,282
39880,40618,73,2,6585
17900,16194,1,0,769
23530,22457,1,0,630
0,0,0,0,0
6065,5387,2,0,383
0,0,0,0,0
0,0,0,0,0
3153,2697,0,0,69
0,0,0,0,0
0,0,0,0,0
5918,5385,0,0,128
0,0,0,0,0
2917,2717,0,0,60
6071,5385,0,0,158
0,0,0,0,0
8879,8093,1,0,368
0,0,0,0,0
18756,25327,0,0,108
2911,2652,0,0,71
6395,2705,18,1,2096
48937,41028,111,6,10950
17787,16194,2,0,736
24928,22457,2,0,1183
0,0,0,0,0
6684,5387,3,0,743
0,0,0,0,0
0,0,0,0,0
3056,2697,0,0,79
0,0,0,0,0
0,0,0,0,0
6218,5385,0,0,201
0,0,0,0,0
2980,2717,0,0,50
5927,5385,1,0,275
0,0,0,0,0
9015,8093,1,0,375
0,0,0,0,0
18843,25327,0,0,121
3141,2652,1,0,239
10420,4314,7,0,1194
33481,41717,32,3,2753
21103,19793,0,0,446
28410,16150,54,5,5349
0,0,0,0,0
12808,5387,30,3,3585
0,0,0,0,0
0,0,0,0,0
6490,2697,15,2,1620
0,0,0,0,0
0,0,0,0,0
10997,5385,19,1,2581
0,0,0,0,0
3988,2717,3,0,421
6324,5385,4,0,710
0,0,0,0,0
9924,8093,7,0,1085
3914,2705,1,0,273
16361,22622,0,0,57
3464,2652,2,0,234
47396,40653,74,2,6444
9125,8068,0,0,164
18124,17103,1,0,454
17058,16150,0,0,300
0,0,0,0,0
7805,5387,3,0,565
0,0,0,0,0
0,0,0,0,0
6364,2697,16,1,1940
0,0,0,0,0
3649,2697,4,1,525
3447,2688,2,0,417
0,0,0,0,0
3697,2717,1,0,232
6884,5385,4,0,805
3190,2706,2,0,386
6374,5387,4,0,709
3309,2705,1,0,271
15935,22622,0,0,71
3181,2652,2,0,244
40120,40719,87,2,7442
9170,8068,0,0,213
21013,19799,0,0,419
14930,13454,0,0,317
0,0,0,0,0
5764,5387,1,0,277
0,0,0,0,0
0,0,0,0,0
3404,2697,0,0,189
0,0,0,0,0
2906,2697,0,0,57
2863,2688,0,0,57
0,0,0,0,0
6042,5423,0,0,117
2907,2679,0,0,59
2851,2706,0,0,61
6099,5387,1,0,235
3146,2705,0,0,47
18499,25274,0,0,106
0,0,0,0,0
39745,41883,22,1,2248
9054,8068,0,0,218
20683,19799,0,0,381
14352,13454,0,0,279
0,0,0,0,0
5762,5387,0,0,103
0,0,0,0,0
6312,2697,15,1,1947
0,0,0,0,0
0,0,0,0,0
4385,2697,4,1,628
3424,2688,2,0,400
0,0,0,0,0
7237,5423,3,0,642
3245,2679,2,0,318
3196,2706,2,0,365
6817,5387,4,0,701
3228,2705,1,0,281
19275,25274,2,0,319
0,0,0,0,0
39727,40653,83,3,7214
11467,10792,0,0,266
17477,17075,0,0,335
14060,13454,0,0,277
0,0,0,0,0
6224,5387,1,0,317
0,0,0,0,0
3589,2697,0,0,178
0,0,0,0,0
0,0,0,0,0
3349,2697,0,0,63
3157,2688,0,0,72
0,0,0,0,0
5774,5423,0,0,110
2825,2679,0,0,56
2869,2706,0,0,53
5938,5387,1,0,268
3022,2705,0,0,51
18714,25274,0,0,110
0,0,0,0,0
34960,40653,19,0,1525
11457,10792,0,0,223
17385,17075,0,0,334
13923,13454,0,0,275
0,0,0,0,0
7773,5387,0,1,340
0,0,0,0,0
6362,2697,16,1,1964
0,0,0,0,0
0,0,0,0,0
3916,2697,4,1,634
3220,2688,2,0,382
0,0,0,0,0
6556,5423,3,0,649
3214,2679,2,0,346
3046,2706,2,0,351
6295,5387,4,0,659
3261,2705,1,0,241
19305,25274,2,0,301
0,0,0,0,0
39087,40653,75,2,7021
14518,13462,0,0,272
15080,14405,1,0,431
14117,13454,0,0,279
2752,2724,0,0,59
2737,2663,1,0,191
0,0,0,0,0
3135,2697,0,0,43
0,0,0,0,0
0,0,0,0,0
3027,2697,0,0,65
2882,2688,0,0,46
0,0,0,0,0
5782,5423,0,0,84
2761,2679,0,0,70
5865,5394,0,0,219
2843,2699,0,0,44
2806,2705,0,0,41
18500,25274,0,0,90
9561,2839,1,0,115
32940,41714,25,1,2222
11822,10792,0,0,249
18026,17113,0,0,396
11703,10746,0,0,343
6020,5387,1,0,268
0,0,0,0,0
0,0,0,0,0
2749,2697,0,0,61
0,0,0,0,0
0,0,0,0,0
6330,2697,16,1,2089
3784,2688,4,1,552
3319,2717,1,0,224
3161,2706,2,0,412
3002,2679,2,0,336
6130,5394,4,0,748
3031,2699,2,0,314
3197,2705,1,0,271
19189,25274,2,0,301
35785,37091,77,2,7189
6892,6298,1,0,314
17276,16194,1,0,453
15209,14381,1,0,454
8484,8076,0,0,183
5600,5387,1,0,291
0,0,0,0,0
0,0,0,0,0
3685,2697,0,0,83
0,0,0,0,0
0,0,0,0,0
6474,5385,0,0,124
0,0,0,0,0
2946,2717,0,0,61
3030,2706,0,0,82
2834,2679,0,0,59
5552,5394,0,0,121
3026,2699,0,0,73
18759,25327,0,0,160
2859,2652,0,0,59
31327,37025,28,0,2031
6247,6298,0,0,131
16549,16194,0,0,352
19436,19760,1,0,502
2956,2697,0,0,40
5827,5387,1,0,213
0,0,0,0,0
0,0,0,0,0
2595,2697,0,0,54
0,0,0,0,0
0,0,0,0,0
5810,5385,0,0,124
0,0,0,0,0
3005,2717,0,0,49
5731,5385,0,0,107
0,0,0,0,0
8388,8093,0,0,157
0,0,0,0,0
18516,25327,0,0,102
2792,2652,0,0,51
31547,37025,11,0,1555
6423,6298,0,0,130
23344,22501,1,0,570
16271,16150,0,0,346
0,0,0,0,0
5555,5387,0,0,111
0,0,0,0,0
0,0,0,0,0
2791,2697,0,0,55
0,0,0,0,0
0,0,0,0,0
6001,5385,1,0,280
0,0,0,0,0
2745,2717,0,0,63
5356,5385,0,0,121
0,0,0,0,0
8294,8093,0,0,207
2878,2705,0,0,65
15427,22622,0,0,55
2808,2652,0,0,61
30581,37020,10,0,1234
12064,11696,0,0,256
17519,17103,1,0,494
16318,16150,0,0,343
0,0,0,0,0
5465,5387,0,0,112
0,0,0,0,0
0,0,0,0,0
2673,2697,0,0,55
0,0,0,0,0
2808,2697,0,0,65
2965,2688,0,0,51
0,0,0,0,0
2957,2717,0,0,61
5564,5385,0,0,119
0,0,0,0,0
8672,8093,1,0,360
2722,2705,0,0,61
15524,22622,0,0,42
2805,2652,0,0,59
43609,40653,7,0,1368
8638,8068,0,0,185
20554,19799,1,0,480
13714,13454,0,0,279
0,0,0,0,0
5630,5387,1,0,271
0,0,0,0,0
0,0,0,0,0
3125,2697,0,0,86
0,0,0,0,0
2992,2697,0,0,49
3009,2688,0,0,71
0,0,0,0,0
5549,5423,0,0,138
2736,2679,0,0,59
2657,2706,0,0,61
5566,5387,0,0,124
2859,2705,0,0,63
18621,25274,0,0,129
4942,1609,1,0,44
28792,39044,5,0,569
8536,8068,0,0,193
20449,19799,1,0,533
13935,13454,0,0,316
0,0,0,0,0
5592,5387,0,0,120
0,0,0,0,0
2710,2697,0,0,61
0,0,0,0,0
0,0,0,0,0
2906,2697,0,0,75
2870,2688,0,0,59
0,0,0,0,0
5918,5423,0,0,118
2778,2679,0,0,58
2797,2706,0,0,62
5647,5387,0,0,122
2843,2705,0,0,62
18537,25274,0,0,127
7000,1675,7,0,1022
28320,39044,2,0,434
11509,10792,0,0,259
17466,17075,1,0,470
14261,13454,0,0,316
0,0,0,0,0
5834,5387,1,0,212
0,0,0,0,0
2827,2697,0,0,59
0,0,0,0,0
0,0,0,0,0
2962,2697,0,0,71
2729,2688,0,0,58
0,0,0,0,0
5967,5423,0,0,117
3116,2679,0,0,60
2647,2706,0,0,58
5682,5387,1,0,259
2973,2705,0,0,58
18309,25274,0,0,135
4914,1609,1,0,35
28557,39044,8,0,745
11045,10792,0,0,242
17796,17075,1,0,464
13943,13454,0,0,298
0,0,0,0,0
5550,5387,0,0,120
0,0,0,0,0
2678,2697,0,0,57
0,0,0,0,0
0,0,0,0,0
2835,2697,0,0,66
2675,2688,0,0,64
0,0,0,0,0
5858,5423,0,0,121
2726,2679,0,0,58
2626,2706,0,0,64
5504,5387,0,0,121
2734,2705,0,0,59
18508,25274,0,0,125
6527,1609,4,0,843
30460,41714,3,0,525
10929,10792,0,0,234
14623,14405,1,0,377
13526,13454,0,0,276
2708,2724,0,0,62
2642,2663,0,0,63
0,0,0,0,0
3268,2697,0,0,87
0,0,0,0,0
0,0,0,0,0
3111,2697,0,0,67
2954,2688,0,0,65
0,0,0,0,0
5919,5423,0,0,119
2661,2679,0,0,62
5274,5394,0,0,124
2976,2699,2,0,345
2821,2705,0,0,55
18430,25274,0,0,105
12042,3249,1,0,298
59716999,71626959,720,49746,2342907
73872984,108108089,350,33302,1628688
36396365,70314125,131,9059,547022
13934,10746,4,0,1720
7153,5387,2,0,778
0,0,0,0,0
0,0,0,0,0
3535,2697,1,0,252
0,0,0,0,0
0,0,0,0,0
4665,2697,1,0,870
3367,2688,1,0,337
3896,2717,1,0,303
3014,2706,0,0,53
3327,2679,1,0,220
6870,5394,2,0,536
3493,2699,1,0,342
3942,2705,1,0,747
19873,25274,2,0,391
1443728,2446893,59,351,23761
61872496,84500253,54,12566,592148
68461280,86027366,116,13455,738042
68473615,86094300,141,15448,869321
68907189,86541540,215,19128,964613
69016949,85895877,261,24696,1213394
69485575,88644944,282,24723,1292131
69606688,93444519,229,20235,1072183
70225825,102858859,182,16648,903813
71860629,116531705,83,11784,663058
27641904,51625834,28,2841,154231
12111,5385,8,1,3026
0,0,0,0,0
3686,2717,1,0,331
3655,2706,1,0,523
3403,2679,1,0,256
7280,5394,2,0,752
3473,2699,1,0,301
20120,25327,1,0,504
3552,2652,2,0,402
4589568,9487949,77,418,29432
58847566,115252739,32,4533,205011
61115269,117506892,47,4751,242155
61547803,116599736,47,5062,267902
61569440,116586166,33,5678,281708
62074110,116643924,89,5943,308700
62642823,116530288,49,6333,309033
63153104,114080651,60,6781,345100
64111484,123670350,54,6407,361505
64235528,130839662,61,6039,291883
67108422,153154286,43,5490,201368
67659935,156688292,57,5742,191476
67794087,156667421,68,5958,191341
68318804,155251868,63,6208,303071
65952600,149875708,132,6909,282489
65681638,159971683,57,4086,195262
79301137,204080398,59,2793,161157
75996738,194915514,25,2660,182158
22816,25327,7,1,1686
11259,4327,7,0,1383
54101,38620,75,3,15603
7175,6298,1,0,450
19847,18891,0,0,383
20921,19760,2,0,677
0,0,0,0,0
5659,5387,0,0,108
0,0,0,0,0
0,0,0,0,0
5478,2697,12,2,2026
0,0,0,0,0
0,0,0,0,0
7358,5385,3,0,992
0,0,0,0,0
2952,2717,0,0,60
6293,5385,3,0,765
0,0,0,0,0
6837,5394,4,0,1047
3310,2699,1,0,411
19015,25327,1,0,306
14161,5491,1,0,669
33906,35406,60,3,7077
6625,6298,0,0,182
17168,16194,1,0,681
24109,22457,2,1,748
0,0,0,0,0
5723,5387,1,0,360
0,0,0,0,0
0,0,0,0,0
3059,2697,0,0,80
0,0,0,0,0
0,0,0,0,0
5703,5385,0,0,121
0,0,0,0,0
2757,2717,0,0,49
5356,5385,1,0,224
0,0,0,0,0
8316,8093,0,0,161
0,0,0,0,0
18375,25327,0,0,98
9555,4261,6,0,1061
26680,35406,21,0,2067
12325,11696,0,0,247
18140,17103,2,0,692
17253,16150,1,0,543
0,0,0,0,0
5976,5387,1,0,331
0,0,0,0,0
0,0,0,0,0
2885,2697,0,0,64
0,0,0,0,0
0,0,0,0,0
5813,5385,0,0,130
0,0,0,0,0
2942,2717,0,0,48
5676,5385,1,0,226
0,0,0,0,0
8404,8093,0,0,179
2923,2705,0,0,74
15536,22622,0,0,59
9299,4261,3,0,562
29171,39034,13,0,1237
8785,8068,0,0,167
20503,19799,1,0,580
13797,13454,0,0,290
0,0,0,0,0
5535,5387,0,0,109
0,0,0,0,0
0,0,0,0,0
2808,2697,0,0,59
0,0,0,0,0
2873,2697,0,0,48
2793,2688,0,0,58
0,0,0,0,0
2876,2717,0,0,49
5743,5385,0,0,110
2885,2706,0,0,45
5804,5387,0,0,97
2770,2705,0,0,58
15557,22622,0,0,55
9685,4261,5,0,1031
29978,39034,11,0,1718
8525,8068,0,0,152
20241,19799,1,0,527
13766,13454,0,0,281
0,0,0,0,0
5534,5387,0,0,126
0,0,0,0,0
3123,2697,0,0,83
0,0,0,0,0
0,0,0,0,0
3037,2697,0,0,45
2703,2688,0,0,49
0,0,0,0,0
5460,5423,0,0,123
2722,2679,1,0,218
2700,2706,0,0,45
5537,5387,0,0,98
2643,2705,0,0,63
18073,25274,0,0,118
5289,1609,1,0,155
31611,39034,3,0,487
11273,10792,0,0,236
17608,17075,1,0,508
13559,13454,0,0,290
0,0,0,0,0
5437,5387,0,0,115
0,0,0,0,0
2726,2697,0,0,55
0,0,0,0,0
0,0,0,0,0
2937,2697,0,0,70
2813,2688,0,0,44
0,0,0,0,0
5764,5423,0,0,111
2715,2679,0,0,63
2758,2706,0,0,44
5392,5387,0,0,112
2880,2705,0,0,63
25367,26949,6,0,1128
0,0,0,0,0
31640,39034,9,0,925
11326,10792,0,0,219
17585,17075,1,0,511
13918,13454,1,0,701
0,0,0,0,0
5432,5387,0,0,103
0,0,0,0,0
2772,2697,0,0,66
0,0,0,0,0
0,0,0,0,0
2834,2697,0,0,58
2759,2688,0,0,52
0,0,0,0,0
5511,5423,0,0,116
2623,2679,1,0,181
2734,2706,0,0,46
5649,5387,0,0,116
2855,2705,0,0,61
25449,27293,1,0,173
0,0,0,0,0
34663,41704,6,1,691
11062,10792,0,0,219
14717,14405,1,0,488
13653,13454,0,0,293
2737,2724,0,0,59
2736,2663,0,0,41
0,0,0,0,0
2928,2697,0,0,54
0,0,0,0,0
0,0,0,0,0
2699,2697,0,0,103
2666,2688,0,0,66
0,0,0,0,0
5529,5423,0,0,124
2641,2679,0,0,52
5572,5394,0,0,98
2764,2699,0,0,57
2704,2705,0,0,66
24940,26883,6,0,1077
0,0,0,0,0
31677,41704,6,0,738
13897,13488,0,0,275
14837,14417,1,0,458
10963,10746,0,0,247
5723,5387,1,0,345
0,0,0,0,0
0,0,0,0,0
3197,2697,0,0,76
0,0,0,0,0
0,0,0,0,0
3074,2697,0,0,71
2730,2688,0,0,54
2821,2717,0,0,46
2728,2706,0,0,50
2708,2679,1,0,211
5500,5394,0,0,93
2701,2699,0,0,64
2750,2705,0,0,43
26121,26883,17,4,2144
26889,35406,4,0,455
6432,6298,0,0,144
16830,16194,0,0,396
17307,17070,1,0,526
5442,5387,0,0,121
5692,5387,1,0,248
0,0,0,0,0
0,0,0,0,0
2746,2697,0,0,69
0,0,0,0,0
0,0,0,0,0
5749,5385,0,0,125
0,0,0,0,0
3065,2717,0,0,48
6653,5386,2,0,103
0,0,0,0,0
5551,5394,0,0,110
2769,2699,1,0,251
18233,25327,0,0,124
32465,36962,19,0,2185
3214,2705,1,0,197
6488,6298,1,0,301
16882,16194,0,0,361
22952,22457,1,0,623
0,0,0,0,0
5614,5387,1,0,224
0,0,0,0,0
0,0,0,0,0
2832,2697,0,0,65
0,0,0,0,0
0,0,0,0,0
5596,5385,0,0,112
0,0,0,0,0
2886,2717,0,0,49
5684,5385,1,0,260
0,0,0,0,0
8453,8093,0,0,167
0,0,0,0,0
18130,25327,0,0,109
29922,36968,6,0,652
2946,2705,0,0,92
6286,6298,0,0,115
23331,22501,1,0,592
16232,16150,0,0,355
0,0,0,0,0
5695,5387,1,0,219
0,0,0,0,0
0,0,0,0,0
2739,2697,0,0,60
0,0,0,0,0
0,0,0,0,0
5379,5385,0,0,127
0,0,0,0,0
2844,2717,0,0,44
5626,5385,0,0,110
0,0,0,0,0
8400,8093,0,0,143
2796,2705,0,0,45
15378,22622,0,0,54
31610,37021,9,0,1531
2981,2705,0,0,88
12144,11696,1,0,435
17554,17103,1,0,493
16520,16150,0,0,379
0,0,0,0,0
5450,5387,0,0,108
0,0,0,0,0
0,0,0,0,0
3194,2697,0,0,68
0,0,0,0,0
2978,2697,0,0,59
2799,2688,0,0,58
0,0,0,0,0
2828,2717,0,0,50
5626,5385,1,0,256
2722,2706,0,0,65
5497,5387,0,0,94
2719,2705,0,0,65
20814,24231,1,0,224
24421,35353,5,0,508
6477,6333,0,0,148
8363,8068,0,0,173
20386,19799,1,0,580
13596,13454,0,0,282
0,0,0,0,0
5974,5387,1,0,267
0,0,0,0,0
0,0,0,0,0
2859,2697,0,0,49
0,0,0,0,0
2824,2697,0,0,52
2758,2688,0,0,52
0,0,0,0,0
5748,5423,0,0,110
2823,2679,0,0,58
2756,2706,0,0,50
5693,5387,0,0,115
2898,2705,0,0,50
50011,59994,13,0,2071
0,0,0,0,0
6632,6333,0,0,175
8328,10511,5,0,246
22133,17357,1,0,538
13696,13454,0,0,323
0,0,0,0,0
5769,5387,1,0,236
0,0,0,0,0
2950,2697,0,0,49
0,0,0,0,0
0,0,0,0,0
2805,2697,0,0,65
2760,2688,0,0,48
0,0,0,0,0
5690,5423,0,0,105
2725,2679,1,0,166
2726,2706,0,0,58
5496,5387,0,0,110
2749,2705,0,0,51
49907,60814,6,0,677
0,0,0,0,0
6460,6333,0,0,138
11148,10792,0,0,237
17679,17075,1,0,520
13794,13454,0,0,313
0,0,0,0,0
5697,5387,1,0,237
0,0,0,0,0
2685,2697,0,0,65
0,0,0,0,0
0,0,0,0,0
2599,2697,0,0,61
2662,2688,0,0,63
0,0,0,0,0
5432,5423,0,0,131
2711,2679,0,0,58
2748,2706,0,0,62
5420,5387,0,0,128
2694,2705,0,0,66
46760,59584,8,0,1290
0,0,0,0,0
6293,6333,0,0,161
10695,10792,0,0,249
17004,17075,1,0,524
13720,13454,0,0,306
3099,2724,0,0,59
2919,2663,0,0,63
0,0,0,0,0
2999,2697,0,0,68
0,0,0,0,0
0,0,0,0,0
2766,2697,0,0,68
2688,2688,0,0,59
0,0,0,0,0
5821,5423,0,0,117
2775,2679,1,0,182
2907,2706,0,0,65
5603,5387,0,0,130
2842,2705,0,0,50
46099,59584,7,0,920
0,0,0,0,0
9159,9003,0,0,242
11211,10792,0,0,254
17417,17113,1,0,555
10850,10746,0,0,256
5550,5387,0,0,129
0,0,0,0,0
0,0,0,0,0
2794,2697,0,0,78
0,0,0,0,0
0,0,0,0,0
4158,2698,0,2,98
2640,2688,0,0,58
2891,2717,0,0,64
2882,2706,0,0,65
2774,2679,0,0,70
5719,5394,0,0,131
2918,2699,0,0,70
2906,2705,0,0,64
50072,60056,15,0,2300
0,0,0,0,0
9315,9003,0,0,228
13980,13488,0,0,314
14851,14417,1,0,478
10804,10746,0,0,262
5608,5387,0,0,132
0,0,0,0,0
0,0,0,0,0
2779,2697,0,0,61
0,0,0,0,0
0,0,0,0,0
5692,5385,0,0,127
0,0,0,0,0
2899,2717,0,0,64
2869,2706,0,0,65
2783,2679,1,0,182
5640,5394,0,0,126
2779,2699,0,0,65
8204,4314,3,0,464
40254,57975,4,0,494
2771,2705,0,0,68
6329,6298,0,0,131
17100,16194,0,0,383
20403,19760,1,0,577
2682,2697,0,0,61
5500,5387,0,0,118
0,0,0,0,0
0,0,0,0,0
2779,2697,0,0,65
0,0,0,0,0
0,0,0,0,0
5777,5385,0,0,124
0,0,0,0,0
2904,2717,0,0,63
5646,5385,0,0,127
0,0,0,0,0
8392,8093,0,0,195
0,0,0,0,0
46417,59637,8,0,1473
3040,2652,0,0,103
2831,2705,0,0,63
6426,6298,0,0,131
23548,22501,1,0,647
16554,16150,0,0,394
0,0,0,0,0
12457,5387,33,2,4229
0,0,0,0,0
0,0,0,0,0
4200,2697,5,1,1321
0,0,0,0,0
0,0,0,0,0
6749,5385,5,0,1130
0,0,0,0,0
3322,2717,1,0,496
6441,5385,4,0,1059
0,0,0,0,0
9579,8093,6,0,1630
3202,2705,1,0,452
53507,56932,74,2,12427
2986,2652,1,0,272
2666,2705,0,0,52
11679,11696,0,0,235
17288,17103,1,0,557
15980,16150,0,0,401
0,0,0,0,0
5390,5387,0,0,112
0,0,0,0,0
0,0,0,0,0
2828,2697,0,0,51
0,0,0,0,0
2629,2697,0,0,67
2730,2688,0,0,66
0,0,0,0,0
2771,2717,0,0,62
5270,5385,0,0,127
2622,2706,0,0,66
5338,5387,0,0,127
2688,2705,0,0,64
50853,58162,42,0,3553
2913,2652,0,0,72
6209,6333,0,0,108
8263,8068,0,0,229
20238,19799,1,0,557
13753,13454,0,0,333
0,0,0,0,0
6724,5387,1,0,505
0,0,0,0,0
0,0,0,0,0
2827,2697,0,0,84
0,0,0,0,0
2782,2697,0,0,85
2676,2688,0,0,63
0,0,0,0,0
5707,5423,0,0,116
3095,2679,1,0,217
2721,2706,0,0,46
5420,5387,0,0,108
2785,2705,0,0,48
47086,59584,21,0,1936
0,0,0,0,0
6104,6333,0,0,90
11086,10792,0,0,214
17276,17075,1,0,500
13556,13454,0,0,272
0,0,0,0,0
5388,5387,0,0,108
0,0,0,0,0
2750,2697,0,0,67
0,0,0,0,0
0,0,0,0,0
2750,2697,0,0,51
2706,2688,0,0,53
0,0,0,0,0
13990,5423,34,2,3704
4056,2679,4,1,516
3625,2706,2,0,396
6805,5387,4,0,724
3531,2705,2,0,366
54597,59646,79,3,7573
0,0,0,0,0
6565,6333,1,0,288
11860,10792,0,0,257
17701,17075,1,0,457
14683,13454,0,0,305
0,0,0,0,0
6169,5387,1,0,286
0,0,0,0,0
2988,2697,0,0,60
0,0,0,0,0
0,0,0,0,0
3086,2697,0,0,68
2805,2688,0,0,49
0,0,0,0,0
5744,5423,0,0,101
2702,2679,0,0,50
2724,2706,0,0,50
5589,5387,0,0,99
9659,4314,10,2,1552
41966,57975,18,1,1688
0,0,0,0,0
6519,6333,0,0,100
11252,10792,0,0,228
17340,17075,0,0,318
14201,13454,0,0,310
2861,2724,0,0,48
2755,2663,0,0,59
0,0,0,0,0
2776,2697,0,0,58
0,0,0,0,0
0,0,0,0,0
2815,2697,0,0,72
2771,2688,0,0,54
0,0,0,0,0
5631,5423,0,0,111
2817,2679,0,0,60
2743,2706,0,0,54
5592,5387,0,0,110
10042,4314,9,2,1364
40326,57975,3,1,633
0,0,0,0,0
8999,9003,0,0,166
11367,10792,0,0,244
17947,17113,0,0,362
10879,10746,0,0,226
5563,5387,0,0,118
0,0,0,0,0
0,0,0,0,0
3120,2697,1,0,139
0,0,0,0,0
0,0,0,0,0
2695,2697,0,0,63
2738,2688,0,0,55
2832,2717,0,0,57
2798,2706,0,0,60
2798,2679,0,0,63
5491,5394,0,0,125
2759,2699,0,0,67
8912,4314,4,0,489
40453,57975,5,0,666
0,0,0,0,0
9027,9003,0,0,180
13844,13488,0,0,307
14793,14417,1,0,429
10631,10746,0,0,215
5414,5387,0,0,120
0,0,0,0,0
0,0,0,0,0
2687,2697,0,0,64
0,0,0,0,0
0,0,0,0,0
5565,5385,0,0,121
0,0,0,0,0
3076,2717,0,0,50
2789,2706,0,0,56
2775,2679,0,0,59
5506,5394,0,0,121
2787,2699,0,0,66
9149,4314,4,0,728
40186,57975,2,0,422
2786,2705,0,0,57
6087,6298,0,0,129
16745,16194,0,0,343
17363,17070,1,0,505
5608,5387,0,0,147
5949,5387,0,0,145
0,0,0,0,0
0,0,0,0,0
2933,2697,0,0,66
0,0,0,0,0
0,0,0,0,0
6125,5385,1,0,236
0,0,0,0,0
2717,2717,0,0,61
5666,5385,0,0,106
0,0,0,0,0
5357,5394,0,0,115
2728,2699,0,0,58
51420,60877,7,1,1174
3078,2652,0,0,86
2673,2705,0,0,58
6436,6298,0,0,135
19229,18891,0,0,438
19989,19760,0,0,410
0,0,0,0,0
5758,5387,0,0,134
0,0,0,0,0
0,0,0,0,0
2758,2697,0,0,80
0,0,0,0,0
0,0,0,0,0
5462,5385,0,0,125
0,0,0,0,0
3046,2717,0,0,60
5593,5385,0,0,117
0,0,0,0,0
8217,8093,0,0,145
0,0,0,0,0
47146,59709,6,0,1140
2958,2652,0,0,66
2754,2705,0,0,57
12036,11696,0,0,233
16959,17103,0,0,338
16477,16150,0,0,344
0,0,0,0,0
5454,5387,0,0,125
0,0,0,0,0
0,0,0,0,0
3175,2697,1,0,168
0,0,0,0,0
0,2697,0,0,61
5625,2688,0,0,63
0,0,0,0,0
2703,2717,0,0,64
5406,5385,0,0,117
0,0,0,0,0
8150,8093,0,0,182
8128,4314,3,0,285
37364,55333,3,1,431
3020,2652,0,0,63
6054,6333,0,0,156
8498,8068,1,0,374
19362,19799,0,0,406
13561,13454,0,0,247
0,0,0,0,0
5234,5387,0,0,112
0,0,0,0,0
0,0,0,0,0
2678,2697,0,0,61
0,0,0,0,0
2776,2697,0,0,63
2772,2688,0,0,56
0,0,0,0,0
5608,5423,0,0,131
2725,2679,0,0,60
2769,2706,0,0,53
5533,5387,0,0,111
31904,37025,9,2,1506
18453,25274,0,0,136
0,0,0,0,0
6002,6333,0,0,127
8151,8068,0,0,163
19757,19799,0,0,428
13374,13454,0,0,279
0,0,0,0,0
6009,5387,0,0,132
0,0,0,0,0
3210,2697,1,0,183
0,0,0,0,0
0,0,0,0,0
2733,2697,0,0,50
2661,2688,0,0,56
0,0,0,0,0
5497,5423,0,0,116
2639,2679,0,0,57
2761,2706,0,0,50
5384,5387,0,0,111
31561,37025,6,2,944
18483,25274,0,0,106
0,0,0,0,0
6115,6333,0,0,115
10854,10792,0,0,237
17378,17075,1,0,452
13541,13454,0,0,273
0,0,0,0,0
5549,5387,0,0,122
0,0,0,0,0
2796,2697,0,0,73
0,0,0,0,0
0,0,0,0,0
2703,2697,0,0,50
2731,2688,0,0,52
0,0,0,0,0
5761,5423,0,0,111
2708,2679,0,0,51
2756,2706,0,0,52
5556,5387,0,0,115
31047,37025,8,1,1133
18571,25274,0,0,108
0,0,0,0,0
6405,6333,0,0,118
11042,10792,0,0,235
17649,17075,1,0,470
14028,13454,0,0,391
2789,2724,0,0,55
2707,2663,0,0,51
0,0,0,0,0
3114,2697,1,0,136
0,0,0,0,0
0,0,0,0,0
2794,2697,0,0,52
2810,2688,0,0,56
0,0,0,0,0
5691,5423,0,0,99
2726,2679,0,0,49
2853,2706,0,0,48
5567,5387,0,0,106
40639,37435,32,8,3743
18584,25274,0,0,101
0,0,0,0,0
9229,9003,0,0,155
11076,10792,0,0,224
14804,14405,1,0,374
13608,13454,0,0,282
2777,2724,0,0,62
2630,2663,0,0,57
0,0,0,0,0
2948,2697,0,0,78
0,0,0,0,0
0,0,0,0,0
2788,2697,0,0,57
2678,2688,0,0,63
0,0,0,0,0
5701,5423,0,0,104
2715,2679,0,0,49
5557,5394,0,0,99
2786,2699,0,0,52
36536,37087,19,5,2422
18613,25274,0,0,92
0,0,0,0,0
8948,9003,0,0,169
14510,13488,0,0,278
14797,14417,1,0,362
11189,10746,0,0,245
5715,5387,0,0,99
0,0,0,0,0
0,0,0,0,0
3191,2697,1,0,167
0,0,0,0,0
0,0,0,0,0
2708,2697,0,0,59
2741,2688,0,0,52
2768,2717,0,0,57
2803,2706,0,0,57
2737,2679,0,0,51
5602,5394,0,0,104
11775,4308,18,4,2089
28023,35416,4,0,442
18812,25274,0,0,139
2690,2705,0,0,49
6032,6298,0,0,114
16775,16194,0,0,324
17617,17070,1,0,469
5359,5387,0,0,114
5521,5387,0,0,110
0,0,0,0,0
0,0,0,0,0
2868,2697,0,0,66
0,0,0,0,0
0,0,0,0,0
5668,5385,0,0,111
0,0,0,0,0
2829,2717,0,0,43
5610,5385,0,0,88
0,0,0,0,0
5650,5394,0,0,86
15294,4718,31,10,3139
41193,58038,4,1,647
2913,2652,0,0,73
2742,2705,0,0,62
6176,6298,0,0,107
16904,16194,0,0,335
22603,22457,1,0,557
0,0,0,0,0
5553,5387,0,0,113
0,0,0,0,0
0,0,0,0,0
3019,2697,1,0,143
0,0,0,0,0
0,0,0,0,0
5734,5385,0,0,118
0,0,0,0,0
2791,2717,0,0,53
5597,5385,0,0,107
0,0,0,0,0
8407,8093,0,0,157
8782,1609,16,4,1910
42504,58038,3,1,469
3011,2652,0,0,53
2699,2705,0,0,61
11806,11696,0,0,222
17252,17103,1,0,477
16223,16150,0,0,356
0,0,0,0,0
5543,5387,0,0,123
0,0,0,0,0
0,0,0,0,0
2724,2697,0,0,65
0,0,0,0,0
2936,2697,0,0,67
2714,2688,0,0,63
0,0,0,0,0
2793,2717,0,0,61
5426,5385,0,0,117
2665,2706,0,0,61
5580,5387,0,0,112
32842,37025,11,0,1456
15707,22622,0,0,45
2851,2652,0,0,50
6374,6333,0,0,106
8447,8068,0,0,166
20065,19799,1,0,501
14115,13454,0,0,286
0,0,0,0,0
5428,5387,0,0,115
0,0,0,0,0
0,0,0,0,0
3025,2697,1,0,151
0,0,0,0,0
3001,2697,0,0,65
2753,2688,0,0,53
0,0,0,0,0
5914,5423,1,0,270
2762,2679,0,0,51
2796,2706,0,0,54
5723,5387,0,0,141
30016,37025,4,0,346
18615,25274,0,0,95
0,0,0,0,0
6597,6333,0,0,115
8499,8068,0,0,153
20404,19799,1,0,529
13831,13454,0,0,282
0,0,0,0,0
5574,5387,0,0,109
0,0,0,0,0
2843,2697,0,0,71
0,0,0,0,0
0,0,0,0,0
2939,2697,0,0,72
2808,2688,0,0,51
0,0,0,0,0
5671,5423,0,0,105
2758,2679,0,0,51
2931,2706,0,0,58
5608,5387,0,0,101
31809,37087,8,0,1168
18726,25274,0,0,104
0,0,0,0,0
6400,6333,0,0,101
20138,10792,54,7,6245
32415,17075,104,8,10819
28083,13455,82,9,8521
0,0,0,0,0
11344,5387,32,4,3812
0,0,0,0,0
6346,2697,15,2,1846
0,0,0,0,0
0,0,0,0,0
6226,2697,14,2,2142
5905,2688,17,1,1867
0,0,0,0,0
11447,5423,33,2,3438
5957,2679,18,1,1948
5739,2706,17,1,1811
11588,5387,33,3,3710
46067,37026,118,12,14461
23141,25274,26,4,3068
0,0,0,0,0
12407,6333,35,2,3661
21322,10792,62,6,6622
31862,17075,95,9,9829
25679,13454,86,11,7906
0,0,0,0,0
11120,5387,30,3,3506
0,0,0,0,0
5922,2697,15,1,1706
0,0,0,0,0
0,0,0,0,0
6129,2697,15,1,1708
5876,2688,18,1,1782
0,0,0,0,0
12940,5424,36,4,3660
5756,2679,15,2,1683
5670,2706,16,1,1684
10557,5387,31,3,4920
46366,37027,123,5,8990
24558,25274,27,4,3456
0,0,0,0,0
19074,9004,53,3,5447
22515,10792,68,6,6643
27919,14405,86,9,8283
25908,13454,85,10,7635
5958,2724,16,1,1681
5413,2663,15,1,1611
0,0,0,0,0
6059,2697,17,1,1666
0,0,0,0,0
0,0,0,0,0
6112,2697,15,1,1739
5937,2688,17,1,1794
0,0,0,0,0
11566,5423,33,3,3436
6050,2679,17,1,1725
11532,5394,32,3,3429
13338,4308,28,4,2755
32759,35416,109,4,8705
23751,25274,29,3,3319
0,0,0,0,0
17854,9003,52,4,5269
26832,13488,85,8,8299
27261,14417,81,8,8161
20581,10746,72,8,6183
11493,5387,30,3,3281
0,0,0,0,0
0,0,0,0,0
5883,2697,15,1,1752
0,0,0,0,0
0,0,0,0,0
5721,2697,15,2,1721
5806,2688,16,1,1801
5715,2717,16,1,1689
5836,2706,17,1,1810
5727,2679,16,1,1773
11239,5394,31,3,3273
14211,4308,27,2,3191
32543,35416,103,4,8375
23807,25274,27,2,3214
6005,2705,17,1,1801
12077,6298,32,3,3583
31595,16194,97,8,9994
32200,17070,100,8,9950
10799,5387,39,5,3300
11210,5387,31,2,3420
0,0,0,0,0
0,0,0,0,0
5786,2697,15,2,1762
0,0,0,0,0
0,0,0,0,0
11414,5385,31,2,3487
0,0,0,0,0
7283,2718,17,3,1926
11048,5385,35,2,3561
0,0,0,0,0
10987,5394,31,3,3452
11190,4308,23,1,2364
55245,58038,114,5,9867
5824,2652,17,1,1906
5754,2705,16,1,1874
12232,6298,32,3,3740
31744,16194,96,6,10295
41786,22457,141,9,12822
0,0,0,0,0
11645,5387,33,2,3457
0,0,0,0,0
0,0,0,0,0
6155,2697,15,2,1758
0,0,0,0,0
0,0,0,0,0
11619,5385,33,2,3429
0,0,0,0,0
6019,2717,17,1,1674
5833,2706,17,1,1708
6087,2679,17,1,1718
9865,5394,21,2,2250
13901,4370,27,5,3299
29980,35416,91,2,7156
19603,25274,6,0,547
0,0,0,0,0
9582,9003,1,0,287
13860,10792,14,1,1757
19845,17113,7,0,1371
11425,10746,1,0,359
5858,5387,2,0,424
0,0,0,0,0
0,0,0,0,0
3428,2697,1,0,271
0,0,0,0,0
0,0,0,0,0
2951,2697,0,0,73
3106,2688,0,0,168
3049,2717,0,0,58
2834,2706,0,0,59
4415,2679,10,1,850
6772,5394,4,0,694
36585,37019,74,7,6937
3422,2705,1,0,389
18690,25274,1,0,316
0,0,0,0,0
9292,9003,0,0,188
14213,13488,0,0,274
19670,14417,22,1,2763
12916,10746,6,0,1421
6949,5387,4,0,848
0,0,0,0,0
0,0,0,0,0
3193,2697,2,0,397
0,0,0,0,0
0,0,0,0,0
6694,5385,2,0,599
0,0,0,0,0
3144,2717,1,0,224
3176,2706,1,0,274
3126,2679,2,0,390
16487,6624,30,9,4069
39805,37424,93,11,8578
19003,25327,0,0,135
5053,2653,1,2,315
3572,2705,1,0,289
6589,6298,0,0,99
18029,16194,1,0,663
24447,22457,2,0,945
0,0,0,0,0
6230,5387,2,0,438
0,0,0,0,0
0,0,0,0,0
3026,2697,0,0,78
0,0,0,0,0
0,0,0,0,0
6318,5385,0,0,252
0,0,0,0,0
3322,2717,0,0,187
5640,5385,0,0,95
0,0,0,0,0
40283,42413,46,5,4240
0,0,0,0,0
18747,25327,0,0,114
2828,2652,0,0,58
3110,2705,0,0,66
12084,11696,0,0,216
17602,17103,0,0,331
17045,16150,0,0,337
0,0,0,0,0
5977,5387,1,0,235
0,0,0,0,0
0,0,0,0,0
3011,2697,0,0,63
0,0,0,0,0
3140,2697,0,0,187
2771,2688,0,0,52
0,0,0,0,0
3015,2717,0,0,64
5602,5385,0,0,103
0,0,10,1,1394
50847,42414,96,6,8829
5159,2705,9,1,1174
15864,22622,0,0,60
3314,2652,1,0,350
5038,2705,10,1,1032
9610,6298,10,1,1504
22370,16194,22,4,2927
12382,11711,13,1,1724
16647,10747,5,0,621
6136,5387,2,0,445
0,0,0,0,0
0,0,0,0,0
4616,2697,10,1,857
0,0,0,0,0
0,0,0,0,0
3776,2697,3,0,522
3059,2688,1,0,214
3049,2717,0,0,76
2871,2706,0,0,52
3105,2679,2,0,367
41922,40124,72,4,6986
2933,2699,0,0,53
2843,2705,0,0,61
18725,25274,0,0,103
2944,2705,0,0,47
6503,6298,0,0,113
21903,16194,26,1,3360
16647,14381,7,0,1377
9231,8076,4,0,944
6278,5387,3,0,546
0,0,0,0,0
0,0,0,0,0
3699,2697,1,0,283
0,0,0,0,0
0,0,0,0,0
6602,5385,2,1,629
0,0,0,0,0
3301,2717,1,0,196
3034,2706,1,0,186
3100,2679,2,0,344
38848,39776,73,3,6261
2846,2699,0,0,51
18690,25327,0,0,123
2859,2652,1,0,198
2937,2705,0,0,58
6403,6298,0,0,134
17637,16194,1,0,582
23488,22457,1,0,663
0,0,0,0,0
6062,5387,1,0,294
0,0,0,0,0
0,0,0,0,0
2775,2697,0,0,64
0,0,0,0,0
0,0,0,0,0
5804,5385,0,0,127
0,0,0,0,0
3045,2717,0,0,56
5712,5385,0,0,92
9009,1609,16,3,1824
31705,40804,20,0,1808
0,0,0,0,0
18432,25327,0,0,97
3026,2652,0,0,71
3014,2705,0,0,59
12079,11696,0,0,246
18014,17103,0,0,376
16907,16150,0,0,400
0,0,0,0,0
5869,5387,1,0,230
0,0,0,0,0
0,0,0,0,0
2849,2697,0,0,73
0,0,0,0,0
2999,2697,0,0,55
2812,2688,0,0,57
0,0,0,0,0
3090,2717,0,0,48
5699,5385,0,0,119
33753,37026,24,4,2746
6362,5387,1,0,275
2951,2705,0,0,68
15601,22622,0,0,38
2895,2652,0,0,56
7068,6333,1,0,263
8574,8068,0,0,144
20836,19799,1,0,577
14160,13454,0,0,273
0,0,0,0,0
5947,5387,1,0,212
0,0,0,0,0
0,0,0,0,0
2753,2697,0,0,62
0,0,0,0,0
2974,2697,0,0,70
2799,2688,0,0,61
0,0,0,0,0
3029,5423,0,0,112
5629,2679,0,0,55
35823,38256,10,1,1592
5837,5387,0,0,149
3836,2705,0,0,199
18802,25274,0,0,156
0,0,0,0,0
6309,6333,0,0,109
13284,8068,22,2,2711
23123,19799,11,0,2192
15695,13454,6,0,1333
0,0,0,0,0
6369,5387,3,0,580
0,0,0,0,0
3068,2697,1,0,226
0,0,0,0,0
0,0,0,0,0
3189,2697,1,0,250
3006,2688,1,0,258
0,0,0,0,0
8329,5423,7,1,1470
3684,2679,2,0,466
36017,37026,77,3,6676
7036,5387,1,0,422
3223,2705,0,0,63
19453,25274,1,0,424
0,0,0,0,0
7414,6333,0,0,222
11449,10792,0,0,250
18998,17075,2,0,719
13875,13454,0,0,283
0,0,0,0,0
6729,5387,1,0,320
0,0,0,0,0
3028,2697,0,0,52
0,0,0,0,0
0,0,0,0,0
2973,2697,0,0,69
3128,2688,1,0,232
0,0,0,0,0
5865,5423,0,0,118
2851,2679,0,0,58
31692,37026,25,0,2251
6016,5387,1,0,302
3009,2705,0,0,54
18626,25274,0,0,90
0,0,0,0,0
6287,6333,0,0,101
11331,10792,0,0,215
17347,17075,0,0,351
13903,13454,0,0,286
0,0,0,0,0
5590,5387,0,0,113
0,0,0,0,0
3030,2697,0,0,55
0,0,0,0,0
0,0,0,0,0
3026,2697,0,0,64
2781,2688,0,0,62
0,0,0,0,0
5929,5423,0,0,111
2826,2679,0,0,64
32924,37088,15,1,1785
5684,5387,0,0,119
2853,2705,0,0,50
18742,25274,0,0,109
0,0,0,0,0
10002,9003,0,0,191
11453,10792,0,0,264
14941,14405,0,0,293
14051,13454,0,0,302
3131,2724,1,0,247
2774,2663,0,0,55
0,0,0,0,0
3129,2697,0,0,63
0,0,0,0,0
0,0,0,0,0
3105,2697,0,0,70
2877,2688,0,0,73
0,0,0,0,0
5955,5423,0,0,124
8229,4288,1,0,277
25796,35417,7,0,1025
5918,5387,0,0,131
3083,2705,0,0,63
18635,25274,0,0,111
0,0,0,0,0
12552,9003,17,1,2149
13539,10792,9,0,1632
19955,17113,9,0,1872
12393,10746,5,0,1036
6300,5387,3,0,693
0,0,0,0,0
0,0,0,0,0
3296,2697,1,0,312
0,0,0,0,0
0,0,0,0,0
3304,2697,1,0,266
3069,2688,1,0,236
3190,2717,1,0,221
3072,2706,1,0,220
9572,4288,8,0,1150
30531,38105,62,3,4706
2942,2699,0,0,41
2928,2705,0,0,47
19703,25274,1,0,455
3011,2705,0,0,51
6550,6298,0,0,177
17664,16194,2,0,775
14863,14381,0,0,288
8270,8076,0,0,185
5869,5387,1,0,316
0,0,0,0,0
0,0,0,0,0
3143,2697,0,0,46
0,0,0,0,0
0,0,0,0,0
8530,5385,16,1,2020
0,0,0,0,0
6006,2717,16,1,1850
5742,2706,16,1,1854
12024,4288,18,2,2335
37835,38105,122,6,10378
5656,2699,16,1,1883
23387,25327,26,2,3305
5608,2652,17,1,1727
5689,2705,16,2,1853
11817,6298,33,3,3602
30988,16194,95,10,9939
41864,22457,135,14,13264
0,0,0,0,0
11175,5387,31,2,3387
0,0,0,0,0
0,0,0,0,0
5989,2697,15,1,1773
0,0,0,0,0
0,0,0,0,0
11169,5385,30,3,3388
0,0,0,0,0
5556,2717,15,2,1709
11183,5385,33,2,3517
8709,1609,12,0,1655
38639,38105,116,8,10753
5870,2699,16,2,1728
23785,25327,26,3,3116
6054,2652,18,1,1783
6222,2705,17,1,1908
12605,6298,35,2,3676
37438,18891,121,8,11407
38302,19760,121,10,11406
0,0,0,0,0
11286,5387,30,4,3487
0,0,0,0,0
0,0,0,0,0
6002,2697,16,2,1688
0,0,0,0,0
0,0,0,0,0
11688,5385,33,2,3534
0,0,0,0,0
6055,2717,16,2,1703
11523,5385,32,4,3520
7922,1609,9,2,1103
45468,40804,133,5,12151
0,0,0,0,0
23570,25327,26,4,3275
5937,2652,19,1,1766
6029,2705,16,2,1736
23596,11696,68,5,6783
33346,17103,105,7,10224
32006,16150,101,10,9712
0,0,0,0,0
11564,5387,32,2,3754
0,0,0,0,0
0,0,0,0,0
6097,2697,17,1,1717
0,0,0,0,0
0,0,0,0,0
11825,5385,32,2,3580
0,0,0,0,0
7661,2718,20,3,2083
11311,5385,34,3,3504
8041,1671,11,2,1511
46040,40804,143,6,11629
6032,2705,17,2,1736
17950,22622,11,1,1381
5996,2652,17,1,1714
12636,6333,35,2,3750
16685,8068,51,3,5148
37188,19799,115,11,11372
25764,13454,85,6,8146
0,0,0,0,0
11109,5387,30,2,3247
0,0,0,0,0
0,0,0,0,0
5823,2697,15,1,1684
0,0,0,0,0
5968,2697,16,1,1647
5638,2688,17,1,1725
0,0,0,0,0
5701,2717,17,1,1577
11564,5385,34,2,3461
44118,37846,113,3,8742
11168,5387,31,3,3555
5817,2705,15,1,1775
18084,22622,11,1,1411
5632,2652,16,1,1624
12218,6333,33,2,3769
16190,8068,48,3,5188
38407,19800,113,10,11924
27059,13455,87,10,8168
0,0,0,0,0
11290,5387,30,3,3391
0,0,0,0,0
5815,2697,15,2,1668
0,0,0,0,0
0,0,0,0,0
5831,2697,16,1,1707
5929,2688,17,2,1835
0,0,0,0,0
5788,2717,17,1,1671
11500,5385,32,3,3494
7654,1609,12,0,1258
44614,40804,136,6,12044
6095,2705,16,1,1936
18059,22622,11,1,1423
5901,2652,17,1,1774
12603,6333,36,2,3646
16823,8068,52,4,5230
38499,19799,119,7,12172
26223,13454,91,10,8132
0,0,0,0,0
11328,5387,31,2,3573
0,0,0,0,0
0,0,0,0,0
5813,2697,16,1,1614
0,0,0,0,0
6037,2697,15,2,1636
6058,2688,17,1,1749
0,0,0,0,0
0,0,0,0,0
20057,7032,50,5,5234
34103,35390,92,3,8049
3753,2706,2,0,268
6758,5387,3,0,609
3274,2705,1,0,197
19140,25274,1,0,243
0,0,0,0,0
14514,9003,25,2,2813
12932,12257,12,0,1552
22053,15649,6,0,1291
12875,10746,5,0,1134
7069,5387,3,0,629
0,0,0,0,0
0,0,0,0,0
3695,2697,1,0,273
0,0,0,0,0
0,0,0,0,0
3181,2697,1,0,244
3150,2688,1,0,203
3734,2717,1,0,337
12846,4725,10,0,1484
29021,35390,64,3,4910
6130,5394,1,0,302
3286,2699,2,0,361
3041,2705,0,0,64
18831,25274,1,0,258
3147,2705,0,0,79
6831,6298,0,0,130
17608,16194,0,0,430
15915,14381,1,0,438
8630,8076,0,0,188
6199,5387,1,0,330
0,0,0,0,0
0,0,0,0,0
5136,2697,4,1,1067
0,0,0,0,0
0,0,0,0,0
7427,5385,3,0,716
0,0,0,0,0
3666,2717,0,0,94
10985,4725,1,0,503
28356,35390,50,1,4240
7192,5394,2,0,505
3413,2699,1,0,325
21896,25327,11,1,1459
6448,2652,16,1,1891
6287,2705,16,2,1776
11696,6298,21,2,2657
19558,16194,10,0,2126
26701,22457,10,0,2213
0,0,0,0,0
6604,5387,3,0,595
0,0,0,0,0
0,0,0,0,0
3326,2697,1,0,332
0,0,0,0,0
0,0,0,0,0
12853,5385,33,3,3432
0,0,0,0,0
6474,2717,17,1,1702
13431,4377,22,1,2799
32227,35390,89,2,7209
6982,5394,5,0,1003
3395,2699,4,0,502
22585,25327,21,1,2494
3675,2652,4,0,539
3504,2705,3,0,528
10660,6298,7,0,1008
22002,16194,13,0,2977
26672,22457,11,0,2507
0,0,0,0,0
7110,5387,3,0,687
0,0,0,0,0
0,0,0,0,0
5090,2697,2,0,511
0,0,0,0,0
0,0,0,0,0
7859,5385,3,0,953
0,0,0,0,0
3324,2717,1,0,233
36587,39705,69,2,5972
0,0,0,0,0
9469,8093,5,0,834
0,0,0,0,0
18876,25327,2,0,304
3004,2652,1,0,162
3199,2705,1,0,179
8036,6298,4,0,696
26015,22501,8,0,1650
17896,16150,6,0,943
0,0,0,0,0
6186,5387,3,0,432
0,0,0,0,0
0,0,0,0,0
3724,2697,1,0,325
0,0,0,0,0
0,0,0,0,0
7435,5385,4,0,749
0,0,0,0,0
2958,2717,1,0,147
41718,40935,40,2,4244
0,0,0,0,0
9121,8093,3,0,489
0,0,0,0,0
19393,25327,2,0,366
3019,2652,1,0,155
2883,2705,1,0,147
13223,11696,5,0,757
19125,17103,7,0,1356
17670,16150,6,0,1005
0,0,0,0,0
6180,5387,3,0,408
0,0,0,0,0
0,0,0,0,0
3652,2697,1,0,245
0,0,0,0,0
0,0,0,0,0
6830,5385,3,0,574
0,0,0,0,0
3454,2717,1,0,173
34499,39705,27,3,2911
0,0,0,0,0
9192,8093,4,0,575
3370,2705,1,0,178
15687,22622,1,0,164
3066,2652,1,0,153
6533,6333,2,0,309
8446,8068,0,0,175
22164,19799,1,0,839
14632,13454,0,0,312
0,0,0,0,0
6567,5387,1,0,407
0,0,0,0,0
0,0,0,0,0
3360,2697,0,0,75
0,0,0,0,0
3183,2697,0,0,67
2950,2688,0,0,71
0,0,0,0,0
15054,4736,14,1,2442
30889,38096,41,5,4284
3637,2706,0,0,179
8536,5387,18,1,2041
4219,2705,6,0,687
15748,22622,0,0,38
3152,2652,3,0,417
9626,6333,6,0,1124
10462,8068,4,0,945
23576,19799,11,0,2229
15841,13454,5,0,1145
0,0,0,0,0
11140,5387,16,1,2107
0,0,0,0,0
0,0,0,0,0
6914,2697,16,1,1755
0,0,0,0,0
4278,2697,5,0,579
4133,2688,2,0,506
0,0,0,0,0
38811,39743,82,2,7178
3588,2679,1,0,363
3595,2706,1,0,215
6976,5387,2,0,543
3265,2705,0,0,73
23327,25274,18,2,2302
0,0,0,0,0
8063,6333,6,0,970
14389,8068,23,2,2911
24534,19799,13,1,2402
16947,13454,6,0,1492
0,0,0,0,0
6996,5387,3,0,629
0,0,0,0,0
3302,2697,1,0,307
0,0,0,0,0
0,0,0,0,0
3201,2697,1,0,336
3130,2688,1,0,264
0,0,0,0,0
39471,39805,68,2,6207
3043,2679,1,0,272
2794,2706,0,0,57
5781,5387,0,0,132
2978,2705,0,0,62
19138,25274,1,0,299
0,0,0,0,0
6470,6333,0,0,132
11392,10792,0,0,234
17828,17075,0,0,416
14434,13454,1,0,445
0,0,0,0,0
6403,5387,0,0,222
0,0,0,0,0
2926,2697,0,0,58
0,0,0,0,0
0,0,0,0,0
3022,2697,0,0,80
5212,2688,15,2,1829
0,0,0,0,0
47329,40153,122,12,12125
3438,2679,2,0,357
3628,2706,2,0,457
6163,5387,2,0,645
2980,2705,0,0,63
18831,25274,1,0,291
0,0,0,0,0
6521,6333,0,0,125
11480,10792,0,0,261
19257,17075,3,0,981
13997,13454,0,0,322
3034,2724,1,0,235
2696,2663,1,0,228
0,0,0,0,0
3172,2697,0,0,85
0,0,0,0,0
0,0,0,0,0
3313,2697,0,0,106
2830,2688,0,0,68
0,0,0,0,0
40718,40148,55,7,5361
3085,2679,0,0,95
3651,2706,0,0,253
5684,5387,0,0,120
4726,2705,6,1,1016
19716,25274,2,0,487
0,0,0,0,0
7161,6333,4,0,916
18171,13463,11,0,1257
15923,14405,6,0,1256
15280,13454,4,0,1012
3030,2724,1,0,278
3109,2663,2,0,330
0,0,0,0,0
3520,2697,2,0,380
0,0,0,0,0
0,0,0,0,0
3187,2697,1,0,263
3527,2688,0,0,218
0,0,0,0,0
41929,39743,89,7,8031
2889,2679,1,0,212
3189,2706,1,0,240
5966,5387,3,0,560
2815,2705,0,0,51
18883,25274,0,0,272
0,0,0,0,0
9477,9003,0,0,213
11474,10792,1,0,497
14927,14405,2,0,634
14087,13454,0,0,370
2810,2724,0,0,68
2963,2663,2,0,360
0,0,0,0,0
3217,2697,1,0,202
0,0,0,0,0
0,0,0,0,0
4074,2697,5,0,634
3549,2688,1,0,253
8450,1609,16,3,1906
30977,38134,38,1,3530
2825,2679,0,0,63
5060,2706,13,1,1146
7470,5387,7,2,1451
3002,2705,0,0,193
18632,25274,0,0,113
0,0,0,0,0
9782,9003,2,0,644
13344,10792,5,0,1385
18635,17113,5,0,1289
12430,10746,4,0,984
7130,5387,3,0,671
0,0,0,0,0
0,0,0,0,0
3639,2697,2,0,436
0,0,0,0,0
0,0,0,0,0
2816,2697,0,0,59
3895,2688,1,0,369
7445,1609,16,3,1699
30490,38134,55,2,4355
2844,2679,1,0,196
6935,5394,1,0,376
2787,2699,1,0,209
2770,2705,0,0,58
18823,25274,0,0,151
0,0,0,0,0
10373,9003,2,0,559
14508,13488,4,0,885
15905,14417,2,0,773
11017,10746,1,0,474
6599,5387,1,0,292
0,0,0,0,0
0,0,0,0,0
4327,2697,2,0,439
0,0,0,0,0
0,0,0,0,0
5169,2697,15,2,1818
3597,2688,6,0,650
51504,39149,154,19,14076
3068,2706,1,0,256
3078,2679,1,0,157
8435,5394,7,0,1301
4110,2699,4,0,793
3109,2705,1,0,229
19098,25274,6,0,477
0,0,0,0,0
10661,9003,4,0,859
15972,13488,6,0,1424
15491,14417,5,0,1019
10934,10746,2,0,553
6518,5387,3,0,520
0,0,0,0,0
0,0,0,0,0
3653,2697,1,0,294
0,0,0,0,0
0,0,0,0,0
6058,5385,1,0,404
0,0,0,0,0
36795,37037,70,4,6198
3072,2706,0,0,77
2705,2679,1,0,196
6003,5394,0,0,148
2973,2699,0,0,66
19190,25327,0,0,259
2939,2652,0,0,65
3185,2705,0,0,88
6269,6298,0,0,102
21202,18891,2,0,831
20873,19760,2,0,736
0,0,0,0,0
6233,5387,2,0,438
0,0,0,0,0
0,0,0,0,0
2881,2697,0,0,74
0,0,0,0,0
0,0,0,0,0
7327,5385,1,0,473
0,0,0,0,0
39501,37447,67,8,6248
5798,5385,2,0,384
0,0,0,0,0
9304,8093,1,0,345
2878,2705,0,0,53
15631,22622,0,0,50
2843,2652,0,0,53
3247,2705,0,0,65
12105,11696,1,0,389
18770,17103,2,0,729
17246,16150,1,0,600
0,0,0,0,0
6957,5387,3,0,629
0,0,0,0,0
0,0,0,0,0
2729,2697,0,0,62
0,0,0,0,0
3233,2697,0,0,92
3413,2688,1,0,288
8329,1609,16,3,1762
26737,35428,35,1,3034
5744,5385,1,0,278
3240,2706,0,0,40
6332,5387,1,0,313
2844,2705,0,0,55
17440,22622,1,1,176
5456,2653,5,0,2
7455,6333,4,0,653
8933,8068,0,0,210
22070,19799,7,0,1625
13788,13454,0,0,292
0,0,0,0,0
6829,5387,1,0,349
0,0,0,0,0
2898,2697,0,0,69
0,0,0,0,0
0,0,0,0,0
3349,2697,0,0,84
3141,2688,1,0,202
8428,1609,16,3,1901
30457,38134,35,1,2720
4772,2679,6,1,1014
4690,2706,8,1,941
6808,5387,4,0,861
3637,2705,3,0,497
15730,22622,0,0,47
2995,2652,1,0,217
7755,6333,5,0,834
9749,8068,3,0,639
21937,19799,7,0,1662
14729,13454,3,0,925
0,0,0,0,0
6710,5387,4,0,837
0,0,0,0,0
3108,2697,1,0,318
0,0,0,0,0
0,0,0,0,0
5241,2697,15,1,1681
3814,2688,6,0,729
8819,1609,16,3,1816
33138,38134,87,4,7720
2794,2679,1,0,118
3676,2706,1,0,411
5992,5387,3,0,690
4192,2705,5,0,524
19045,25274,2,0,286
0,0,0,0,0
6661,6333,2,0,385
12764,10792,3,0,830
18383,17075,5,0,1132
14698,13454,2,0,754
0,0,0,0,0
7367,5387,5,0,891
0,0,0,0,0
2872,2697,0,0,49
0,0,0,0,0
0,0,0,0,0
3700,2697,1,0,335
3241,2688,1,0,246
8752,1671,16,3,1866
30475,38134,35,1,3170
2793,2679,1,0,159
3059,2706,1,0,199
5747,5387,2,0,400
6817,2705,16,1,1907
22707,25274,7,0,996
0,0,0,0,0
15277,9003,25,1,2964
17926,10792,24,2,3125
20955,17113,11,0,1831
12775,10746,5,0,1111
6829,5387,3,0,642
0,0,0,0,0
0,0,0,0,0
3746,2697,2,0,291
0,0,0,0,0
0,0,0,0,0
3372,2697,1,0,264
20320,5527,46,11,5168
29952,35428,65,3,5298
3220,2706,0,0,119
3066,2679,1,0,253
6170,5394,0,0,140
2947,2699,0,0,58
3056,2705,0,0,77
18959,25274,1,0,256
3494,2705,0,0,76
6518,6298,0,0,130
17268,16194,0,0,422
17611,17070,0,0,399
5491,5387,0,0,121
5919,5387,1,0,358
0,0,0,0,0
0,0,0,0,0
3017,2697,0,0,60
0,0,0,0,0
0,0,0,0,0
5950,5385,0,0,127
12325,2019,26,9,3084
25614,35428,18,0,1158
6171,5385,0,0,146
0,0,0,0,0
8588,5394,8,2,1377
3503,2699,3,0,401
19480,25327,0,0,319
3043,2652,0,0,53
3071,2705,0,0,64
7084,6298,2,0,451
18470,16194,4,0,1145
24544,22457,5,0,1671
0,0,0,0,0
6116,5387,3,0,722
0,0,0,0,0
0,0,0,0,0
3532,2697,1,0,241
0,0,0,0,0
0,0,0,0,0
6665,5385,3,0,663
7872,1609,17,3,1596
32940,35428,101,4,8316
10957,5385,21,2,2615
0,0,0,0,0
12011,8093,10,0,1437
0,0,0,0,0
20122,25327,3,0,591
3220,2652,2,0,257
3139,2705,1,0,268
7950,6298,3,0,594
25926,22501,11,0,2392
18549,16150,6,0,1421
0,0,0,0,0
6931,5387,3,0,663
0,0,0,0,0
0,0,0,0,0
3585,2697,1,0,277
0,0,0,0,0
0,0,0,0,0
6847,5385,2,0,489
10758,2019,14,2,2179
28267,35428,51,5,4301
6923,5385,0,0,256
0,0,0,0,0
8530,8093,0,0,221
3473,2705,0,0,81
15745,22622,0,0,72
3069,2652,0,0,89
3138,2705,0,0,80
12863,11696,1,0,417
23671,17103,15,2,2969
17951,16150,4,0,1232
0,0,0,0,0
6741,5387,3,0,756
0,0,0,0,0
0,0,0,0,0
5219,2697,11,1,1345
0,0,0,0,0
0,0,0,0,0
8369,5385,7,0,1135
8915,1609,17,3,2105
30532,35428,64,1,5289
3320,2706,1,0,406
3246,2679,2,0,279
8044,5394,10,0,1131
3353,2699,3,0,482
4534,2705,4,0,640
19976,25274,7,0,776
0,0,0,0,0
11170,9003,6,0,1163
9203,5398,24,2,2519
20192,17103,13,1,2359
18491,16150,7,0,1873
0,0,0,0,0
8810,5387,11,2,1720
0,0,0,0,0
0,0,0,0,0
3816,2697,4,0,458
0,0,0,0,0
0,0,0,0,0
46210,40177,99,2,8068
0,0,0,0,0
5579,2717,16,1,1958
8148,5385,8,1,1532
0,0,0,0,0
12051,8093,7,0,1338
3624,2705,2,0,337
16335,22622,1,0,263
3708,2652,2,0,427
3642,2705,1,0,314
16068,11696,8,0,1647
20681,17103,11,0,2127
18431,16150,6,0,1357
0,0,0,0,0
7257,5387,4,0,821
0,0,0,0,0
0,0,0,0,0
4065,2697,2,0,475
0,0,0,0,0
4009,2697,3,0,466
36064,37008,67,2,4918
0,0,0,0,0
3420,2717,0,0,108
6533,5385,2,0,472
0,0,0,0,0
9340,8093,1,0,333
2810,2705,0,0,52
16210,22622,0,0,65
2922,2652,0,0,51
7401,6333,2,0,413
8671,8068,1,0,294
20888,19799,2,0,718
13581,13454,0,0,299
0,0,0,0,0
6201,5387,0,0,126
0,0,0,0,0
0,0,0,0,0
3309,2697,0,0,66
0,0,0,0,0
8950,4306,1,0,307
27124,35399,36,1,2648
0,0,0,0,0
3788,2717,1,0,278
6397,5385,1,0,349
2827,2706,1,0,149
5780,5387,2,0,344
3427,2705,0,0,84
15592,22622,0,0,187
5551,2653,6,0,106
6630,6333,2,0,362
9715,8068,1,0,486
21143,19799,1,0,608
14289,13454,1,0,422
0,0,0,0,0
6456,5387,1,0,360
0,0,0,0,0
0,0,0,1,1023
8914,2699,19,0,234
0,0,0,0,0
39717,37017,80,1,7464
3014,2688,0,0,92
0,0,0,0,0
6289,5423,0,0,131
2951,2679,1,0,192
2883,2706,1,0,199
5595,5387,2,0,387
3476,2705,0,0,87
18534,25274,0,0,100
0,0,0,0,0
7090,6333,1,0,336
12529,10792,2,0,586
19055,17075,2,0,859
14204,13454,1,0,488
0,0,0,0,0
7043,5387,1,0,383
0,0,0,0,0
3575,2697,0,0,157
0,0,0,0,0
0,0,0,0,0
33575,37017,25,3,2953
2989,2688,0,0,99
0,0,0,0,0
10050,5423,24,1,2686
3184,2679,3,0,436
3176,2706,2,0,389
9765,5387,14,1,2166
3659,2705,3,0,426
19256,25274,5,0,665
0,0,0,0,0
7310,6333,6,0,835
11315,8068,6,0,990
23165,19799,17,0,2601
15557,13454,11,0,1589
0,0,0,0,0
6249,5387,5,0,725
0,0,0,0,0
3107,2697,2,0,292
0,0,0,0,0
0,0,0,0,0
39368,38247,65,3,5647
3215,2688,1,0,211
0,0,0,0,0
6130,5423,2,0,331
2864,2679,2,0,301
3380,2706,1,0,185
6066,5387,2,0,328
3007,2705,1,0,163
20715,25275,2,2,427
0,0,0,0,0
8687,6333,6,0,1177
11812,10792,4,0,835
17934,17075,3,0,867
14908,13454,2,0,696
0,0,0,0,0
5905,5387,1,0,298
0,0,0,0,0
3693,2697,1,0,369
0,0,0,0,0
0,0,0,0,0
32474,37079,38,3,3153
3129,2688,1,0,225
0,0,0,0,0
7250,5423,0,0,463
3156,2679,1,0,234
2838,2706,0,0,48
6146,5387,1,0,274
3303,2705,0,0,140
18586,25274,0,0,111
0,0,0,0,0
6380,6333,0,0,184
11354,10792,1,0,410
18273,17075,7,0,1207
13982,13454,6,0,877
0,0,0,0,0
5624,5387,2,0,308
0,0,0,0,0
2872,2697,1,0,146
0,0,0,0,0
0,0,0,0,0
32450,37017,20,1,2384
4000,2688,1,0,327
0,0,0,0,0
6060,5423,0,0,108
3258,2679,0,0,217
2756,2706,0,0,49
6176,5387,2,0,407
2773,2705,0,0,69
18976,25274,0,0,175
0,0,0,0,0
6936,6333,0,0,112
15101,13462,1,0,602
14756,14405,1,0,414
14401,13454,0,0,395
3200,2724,1,0,239
2877,2663,0,0,53
0,0,0,0,0
2828,2697,0,0,54
0,0,0,0,0
0,0,0,0,0
31179,37017,15,0,1503
4044,2688,1,0,343
0,0,0,0,0
9680,5423,24,3,2712
3998,2679,5,0,693
5622,2706,14,1,1273
7923,5387,8,0,1097
3455,2705,3,0,429
19649,25274,2,0,307
0,0,0,0,0
13175,9003,6,0,1305
13571,10792,4,0,1316
17192,14405,7,0,1555
15475,13454,5,0,1068
3144,2724,1,0,215
3098,2663,2,0,400
0,0,0,0,0
3668,2697,1,0,265
0,0,0,0,0
19830,3249,53,13,5857
28081,35408,56,3,4709
3030,2688,0,0,74
0,0,0,0,0
6662,5423,0,0,244
2844,2679,1,0,221
7119,5394,1,0,384
2824,2699,0,0,69
2903,2705,0,0,64
19234,25274,0,0,142
0,0,0,0,0
9473,9003,1,0,366
17657,16194,1,0,585
15446,14381,1,0,672
8225,8076,0,0,191
5865,5387,1,0,296
0,0,0,0,0
0,0,0,0,0
3361,2697,0,0,74
0,0,0,0,0
11573,2019,26,8,3017
29654,38096,32,1,2594
0,0,0,0,0
3253,2717,0,0,177
2781,2706,0,0,75
2836,2679,0,0,85
6367,5394,2,0,464
3232,2699,1,0,184
18562,25327,0,0,127
3414,2652,0,0,150
3420,2705,0,0,83
10687,6298,18,1,2183
27140,18891,18,0,2921
23650,19760,9,0,1982
0,0,0,0,0
6661,5387,3,0,708
0,0,0,0,0
0,0,0,0,0
3768,2697,1,0,420
0,0,0,0,0
8176,1609,16,3,1845
32250,38096,66,3,5516
0,0,0,0,0
3163,2717,0,0,55
5983,5385,1,0,407
0,0,0,0,0
8438,8093,0,0,204
3072,2705,0,0,81
16318,22622,0,0,57
2830,2652,1,0,227
2821,2705,0,0,43
12599,11696,1,0,312
17610,17103,0,0,339
17291,16150,0,0,345
0,0,0,0,0
5651,5387,0,0,119
0,0,0,0,0
0,0,0,0,0
2889,2697,0,0,50
0,0,0,0,0
38012,37489,48,6,4742
2986,2688,0,0,63
0,0,0,0,0
4863,2717,8,0,1104
6799,5385,4,0,673
0,0,0,0,0
9503,8093,6,0,1228
3065,2705,0,0,84
15739,22622,0,0,47
2835,2652,1,0,225
7140,6333,2,0,501
9282,8068,2,0,475
21406,19799,6,0,1290
18318,13454,14,0,2151
0,0,0,0,0
6931,5387,5,0,678
0,0,0,0,0
0,0,0,0,0
3046,2697,0,0,51
0,0,0,0,0
35592,37017,67,5,6411
3055,2688,0,0,77
0,0,0,0,0
4440,2717,1,0,184
6211,5385,1,0,289
2823,2706,0,0,46
5875,5387,2,0,452
3088,2705,0,0,66
15977,22622,0,0,43
2993,2652,1,0,251
6774,6333,1,0,297
9024,8068,1,0,345
20862,19799,3,0,948
14283,13454,1,0,519
0,0,0,0,0
5598,5387,1,0,273
0,0,0,0,0
2964,2697,0,0,67
0,0,0,0,0
8049,1609,16,3,1871
25898,35403,17,1,1718
2952,2688,0,0,93
0,0,0,0,0
6401,5423,0,0,107
3022,2679,0,0,46
2780,2706,1,0,181
6221,5387,1,0,285
4716,2705,8,1,1074
19516,25274,6,0,470
0,0,0,0,0
6888,6333,1,0,237
12441,10792,5,0,916
18581,17075,4,0,984
15518,13454,4,0,1302
0,0,0,0,0
6233,5387,3,0,548
0,0,0,0,0
3340,2697,0,0,206
0,0,0,0,0
14602,2429,37,10,4351
26467,35408,33,1,3021
2883,2688,0,0,58
0,0,0,0,0
5811,5423,0,0,114
2750,2679,1,0,198
2729,2706,0,0,58
5637,5387,0,0,116
3118,2705,0,0,56
18517,25274,0,0,131
0,0,0,0,0
6215,6333,0,0,107
11478,10792,0,0,236
17578,17075,1,0,499
13933,13454,0,0,285
2782,2724,0,0,68
2746,2663,0,0,60
0,0,0,0,0
3031,2697,0,0,63
0,0,0,0,0
11549,2019,26,7,3162
25124,35408,9,1,815
2963,2688,0,0,61
0,0,0,0,0
7993,5423,9,1,1153
6253,2679,17,1,1812
5164,2706,5,0,711
10746,5387,18,2,2513
4765,2705,5,0,796
20033,25274,5,0,662
0,0,0,0,0
11129,6333,8,1,1568
14598,10792,9,0,1707
20401,17075,9,0,2068
16327,13454,8,0,1786
0,0,0,0,0
6965,5387,5,0,798
0,0,0,0,0
4928,2697,9,1,1028
0,0,0,0,0
10777,2019,20,4,2409
30517,35408,77,2,6413
4020,2688,1,0,382
0,0,0,0,0
6696,5423,3,0,622
3070,2679,2,0,330
3013,2706,2,0,387
6310,5387,4,0,740
3488,2705,1,0,245
18649,25274,0,0,140
0,0,0,0,0
6583,6333,1,0,313
12664,10792,2,0,716
18063,17075,1,0,462
14792,13454,0,0,485
0,0,0,0,0
6425,5387,1,0,316
0,0,0,0,0
2823,2697,0,0,54
0,0,0,0,0
6522,1671,5,0,657
26787,35408,28,1,2144
3536,2688,1,0,278
0,0,0,0,0
6616,5423,0,0,173
3293,2679,0,0,66
2869,2706,1,0,202
5836,5387,1,0,284
3371,2705,0,0,73
21258,25274,7,0,1393
0,0,0,0,0
7400,6333,4,0,727
13041,10792,4,0,936
18528,17075,4,0,960
14393,13454,3,0,835
0,0,0,0,0
14890258,9620350,6796,631,2159040
19640616,14367656,9604,670,2224490
19308380,15125574,9824,713,2014832
19756430,16382836,10325,1047,1983686
20099490,17218615,10469,1197,1931483
20305365,17808398,10669,1219,1913190
20130039,18104269,10404,1470,1836689
19982109,18314222,10019,1478,1754034
20166373,18581192,10050,1707,1776043
19754792,18424347,9833,1772,1706703
19547228,18487223,9742,1864,1709110
19625176,18518250,9809,1889,1698144
19681671,18609182,9519,2064,1664272
19522470,18578284,9374,2002,1650843
19579377,18726185,9448,2103,1668620
19468695,18717444,9502,2176,1635179
19577392,18846346,9181,2132,1581290
19696217,18837516,9109,2251,1555240
19282406,18382485,8919,2372,1549745
19384360,18683858,9047,2202,1574020
19535176,18780527,9104,2286,1600539
19370905,18708042,9223,2271,1572872
16969627,16711658,8044,2109,1350238
19026567,18421271,8876,2460,1537620
19258018,18988351,9032,2415,1568310
19049168,18819339,9173,2489,1563791
19348483,19081000,9175,2426,1560487
19694033,19355281,8978,2541,1556713
19629356,19272089,8952,2483,1526520
19139958,18862493,8767,2401,1508400
18961672,18801638,8869,2331,1515679
19237766,19134549,8957,2545,1527892
19477459,19259461,8973,2538,1529494
19416662,19154439,8962,2457,1532908
19451758,19119656,8934,2499,1534156
19653255,19327478,8979,2543,1536040
19546244,19151704,9000,2509,1523410
19405952,19065208,8970,2435,1531947
19414205,18975217,8815,2660,1484436
20007826,19599059,8856,2547,1515588
19743847,19277667,9101,2538,1535679
20032002,19561314,8988,2504,1526679
19825711,19369094,9107,2651,1551480
19985292,19469812,9053,2564,1542878
20386814,19675422,9066,2570,1538892
20281468,19645419,9134,2730,1552833
20085458,19397964,9112,2537,1545565
19893971,19384389,9104,2443,1518218
19836248,19240308,9104,2483,1537063
19748420,19352375,8902,2605,1509959
19802123,19300995,8868,2512,1508869
20209287,19519800,9039,2622,1536748
19969360,19443738,8949,2551,1518223
19880698,19297946,9106,2749,1557992
19866082,19489641,8954,2674,1526236
19715529,19351042,9077,2726,1546818
19882088,19373774,9018,2693,1534527
19743270,19271055,8898,2471,1510434
19455748,18958699,8818,2485,1485374
19875165,19391902,9120,2583,1547505
20192763,19796118,8955,2600,1519500
19919612,19373702,9015,2593,1536621
19895257,19438833,8925,2573,1523968
20051035,19505860,9224,2590,1538490
19910607,19478487,9086,2636,1526555
19848154,19414859,9058,2550,1535249
19837701,19479213,9045,2599,1526139
19583751,18994485,8799,2564,1486996
19603281,19170333,8890,2637,1497667
19956404,19414630,8982,2599,1502665
19515681,19095222,8982,2645,1518691
19545199,19175750,8878,2649,1499256
19511503,19094135,8970,2549,1512588
19895624,19400497,8994,2649,1522035
19923692,19454259,8961,2775,1529631
19909128,19253838,9016,2589,1533123
20022577,19434887,9199,2612,1552543
20119940,19491101,8895,2610,1515345
19970091,19185205,8879,2644,1518271
20220987,19546615,8931,2652,1530203
19821177,19328765,8932,2601,1533285
19881360,19358235,8970,2606,1538362
19632750,19331114,9063,2680,1544389
19960262,19552397,9129,2805,1570178
19793552,19413759,9006,2717,1535550
19874576,19392315,8906,2585,1526468
19650257,19249372,9058,2568,1544593
19857708,19444201,9100,2795,1557384
19811845,19406543,9036,2716,1556091
20588178,19760344,9136,2802,1539590
20059672,19341812,9097,2539,1540196
19886919,19391715,8986,2533,1520461
19775709,19235169,8965,2529,1530141
19694610,19185988,9036,2626,1534996
19878107,19346494,9064,2474,1528788
20092962,19397973,9016,2703,1548544
19849934,19271413,8968,2520,1518113
20266510,19636900,9111,2792,1539071
19626663,18914367,8812,2599,1500738
20278062,19548091,9068,2679,1530619
20203712,19430561,8970,2459,1514656
20264962,19498457,9181,2665,1553579
20000751,19423821,9004,2602,1526580
20344220,19606795,8915,2735,1536109
19757946,19236804,8929,2511,1530526
19807441,19444396,8839,2744,1516770
19730960,19329849,8839,2527,1513141
19711972,19189351,9063,2542,1524188
20114408,19607857,8910,2613,1528805
19718162,19242069,8998,2565,1522389
19709605,19345170,8955,2592,1513745
19754722,19421486,8906,2654,1518390
19853477,19388267,8920,2446,1517838
19604174,19251121,8971,2570,1526481
19635088,19312019,9058,2470,1520419
19890419,19429196,9002,2489,1515372
19975201,19403124,9032,2561,1517195
19672834,19304416,8923,2621,1513050
20180924,19667498,8958,2680,1535365
19979636,19264939,9118,2601,1546099
19875713,19283472,9042,2675,1546527
20011681,19295147,9118,2555,1550742
19871712,19345295,9016,2510,1536978
19678573,19116016,9064,2492,1533546
19816896,19183951,8889,2560,1519345
20054060,19361149,8954,2561,1515963
19681652,19130115,8835,2571,1511782
19896688,19359949,8967,2604,1532895
19807349,19319947,8945,2583,1529997
20113856,19494318,8858,2547,1513902
19940181,19337875,8733,2441,1513157
19792464,19142289,8798,2559,1525142
19812547,19201334,8876,2490,1511548
20268521,19510711,9152,2832,1558141
20042796,19335222,8991,2500,1513662
20040660,19369127,8919,2638,1522266
20058753,19499991,8982,2590,1527121
19734440,19095783,8769,2556,1482076
20106992,19427446,8983,2458,1531789
20082745,19467887,8933,2639,1530582
19695228,19172986,8987,2555,1533170
20106343,19544299,9124,2680,1520209
20131410,19548948,8997,2719,1520587
19696701,19216840,8989,2546,1518860
19889850,19452367,8944,2662,1528170
19958591,19469233,8941,2730,1524184
19805759,19347600,8861,2627,1503739
19640655,19190835,8838,2532,1476611
19644309,19201582,8744,2610,1487056
19631073,19232431,8929,2489,1507736
19737430,19229712,9012,2534,1529917
20039129,19354154,9008,2634,1524552
20125065,19330672,8960,2655,1519996
19993657,19335957,8874,2421,1503612
20650578,19751731,8957,2580,1514750
19996473,19255351,9024,2533,1518717
19999482,19311202,8995,2542,1517219
19366858,18898033,8863,2571,1496284
19849089,19355106,9004,2513,1523554
19816741,19261331,9022,2634,1537939
20127466,19513568,8872,2556,1514898
19990384,19357159,9025,2627,1538403
20003757,19298496,9148,2615,1547165
19918277,19285503,9024,2543,1526185
19556154,19047713,8859,2503,1515148
19887270,19249685,9045,2556,1522974
20086591,19389571,9408,2939,1589423
20138593,19318106,9083,2823,1551996
20169181,19426713,8920,2618,1537157
19678345,19076071,8897,2640,1535710
19746308,19238068,8900,2546,1517610
20092541,19424091,8849,2537,1534689
19805246,19199348,8916,2568,1525599
20014796,19394554,9015,2639,1553557
19808744,19288587,9082,2655,1543921
19904254,19306048,8935,2529,1539513
20109208,19382788,9053,2579,1527536
19438313,18885071,8768,2620,1483199
20284380,19503773,9117,2661,1530358
20105687,19450046,8976,2732,1534070
19658514,19212851,8894,2544,1521276
19869526,19323434,8872,2625,1512607
19471551,19210271,8906,2504,1504265
20255709,19589682,9092,2768,1531280
19697287,19323774,8939,2474,1521593
19728285,19307423,9043,2736,1521165
19782713,19288200,8962,2585,1523697
19943509,19465470,8939,2482,1501689
19813023,19281215,8964,2457,1518071
20107849,19563687,9011,2717,1554167
20215825,19507359,9279,2608,1557279
20396932,19573487,9044,2654,1532774
20135354,19501866,8961,2546,1511782
20273698,19432388,8974,2655,1541864
19968995,19381149,8944,2679,1521067
20026423,19494798,9035,2650,1532987
20065498,19461556,8969,2548,1534215
19799190,19212532,9019,2619,1504529
19945863,19152909,8980,2686,1542217
19520856,18974802,8795,2594,1522222
19920269,19291745,8954,2686,1528348
19595650,18985872,8774,2542,1494400
20064303,19281122,8941,2554,1499398
20059597,19180562,8887,2585,1499355
19830044,19147229,8904,2562,1498799
19506695,18930841,8842,2585,1512464
19886544,19103163,8771,2543,1494478
20257258,19324009,8842,2693,1496080
20195358,19238682,8891,2464,1500888
20152876,19285954,8938,2534,1509031
19758047,19101034,9011,2541,1515825
19741053,19212384,8913,2439,1503027
20089045,19427647,8974,2559,1529125
19910728,19156596,9148,2558,1549203
19944389,19249487,8931,2548,1532360
20118380,19550337,9025,2666,1559450
20278979,19580234,9072,2688,1567582
19668307,19004868,8760,2680,1500744
19796775,19164212,9122,2440,1548063
20468146,19623774,9197,2776,1559195
20211868,19444822,8964,2633,1527109
19923767,19253879,9039,2464,1547598
20091371,19390156,9021,2539,1536682
20034603,19346663,8902,2575,1547103
20175042,19478780,9018,2671,1556549
20256056,19450437,9043,2489,1538133
19990186,19317678,9087,2551,1546392
20237344,19538387,9054,2637,1534433
20128063,19397846,9119,2706,1559849
19816801,19289822,9027,2509,1530462
19995531,19370428,9020,2554,1522703
20272631,19591410,8909,2625,1502267
19964970,19310957,9046,2361,1531975
20241183,19553346,9178,2653,1531642
20225755,19455491,8946,2641,1529883
17863765,17323298,8250,2405,1371375
20313069,19449724,9052,2544,1527811
19594759,18827383,8666,2486,1500333
19879532,19300120,8957,2717,1523556
20108593,19486035,9005,2571,1507346
20515368,19681714,9011,2669,1519156
20225752,19466239,9028,2558,1540267
20038990,19349739,9025,2471,1515161
20079427,19440201,9162,2712,1552525
19778874,19235110,9062,2574,1524375
19913851,19181065,8855,2500,1516330
19862332,19412582,8857,2611,1505435
19924270,19294594,8833,2627,1498419
19555823,19116010,8925,2666,1510642
19658398,19227827,8970,2628,1506043
19662520,19098986,8883,2575,1513570
19532552,18969786,8846,2578,1510375
19449512,18980027,9046,2611,1517425
19807553,19292171,8741,2575,1492616
19666622,19255097,8896,2769,1527671
19829173,19142694,8988,2650,1516862
20031068,19319882,8819,2610,1490367
19696786,19029956,8886,2602,1499016
19789675,19163925,8893,2582,1516634
19895812,19258291,9080,2663,1528967
19852835,19251830,9029,2698,1534313
19873444,19246027,8991,2571,1526180
20205909,19538499,9151,2623,1542223
19772143,19125683,8999,2622,1516961
19701557,19066479,9119,2495,1516516
19966671,19362190,8998,2650,1499521
20148865,19452276,8929,2648,1525196
20317742,19433714,9001,2399,1526035
20305546,19440262,9016,2636,1538982
19842942,19153866,8825,2559,1518186
20025209,19432382,9119,2599,1547548
19881275,19342155,8961,2545,1544049
19870674,19260344,9099,2609,1537170
19610196,19077293,8852,2461,1515415
19868040,19346758,8929,2668,1525879
19655986,19146049,8956,2674,1522481
19646426,18914664,8712,2536,1482826
19788129,19137908,8956,2520,1533181
19798331,19358094,8990,2668,1544301
19761240,19263660,9047,2740,1543864
19596836,18999566,8757,2602,1508311
19593719,19143436,8922,2519,1507344
20265398,19639303,9024,2537,1526036
19985763,19359963,8954,2573,1530961
20094630,19583428,8903,2572,1510027
20157972,19461469,8967,2841,1524641
19736575,19223376,8888,2556,1522817
19788092,19250370,8843,2500,1507992
20042149,19397897,8847,2586,1516704
19924505,19341881,8916,2542,1516104
20106245,19423085,9131,2686,1547872
19954253,19310006,9014,2706,1524761
20651570,19854014,9094,2761,1544420
20144873,19280982,9072,2699,1546806
20029815,19343840,9008,2702,1540934
19499023,19110939,9073,2565,1527368
19400166,18916668,8719,2562,1480544
19808555,19368983,8930,2697,1512488
20120409,19514915,9074,2700,1555935
19682108,19140435,9007,2558,1519381
20141591,19474094,9233,2765,1532807
19815430,19220714,9177,2683,1543064
19996840,19341879,9096,2588,1549641
19708653,19219773,9019,2520,1504152
20152806,19509419,9109,2654,1509328
20061435,19428615,8906,2628,1508258
19756815,18171567,9018,2428,1601835
21403336,19080204,10166,2742,1655139
21149193,19759933,10202,2922,1653477
20581563,19536664,10430,2912,1661108
20317577,19582040,10231,2787,1648844
17577442,17120287,9616,2573,1454896
19982087,19001528,10168,2856,1631529
20271936,19499035,10509,2761,1687942
20239572,19608137,10365,2980,1662077
19793442,19239030,10117,2773,1644136
19640457,19081581,9994,2742,1618404
19881999,19343738,10134,2650,1628259
19831199,19404065,10424,2859,1657977
20065214,19504640,10341,2879,1664583
19876954,19384084,10275,2862,1647215
19794998,19205287,10286,2509,1654080
20249985,19791917,10436,2858,1664131
19940033,19417607,10281,2558,1650893
19821629,19340933,10002,2613,1625774
19712102,19301571,9869,2648,1615291
19823394,19442073,9977,2736,1625908
19926852,19592024,10313,2826,1635880
19779372,19341312,10358,2679,1645624
19882995,19583619,10168,2926,1648050
19800159,19359222,10208,2748,1639105
19899827,19532045,10417,3056,1676820
19999331,19651773,10524,2940,1667133
19866266,19516406,10252,2864,1640211
19819987,19395658,10477,2873,1668161
20079618,19563097,10284,2915,1661121
19482814,19105069,10159,2786,1634553
19831827,19448367,10490,2736,1669822
19902942,19489081,10240,2674,1648767
20044405,19585398,10416,2934,1658704
20025713,19578048,10496,2854,1671195
19824157,19376500,10198,2648,1641170
19938368,19603200,10214,2703,1632932
19828374,19363008,10184,2749,1633228
20018161,19608168,10247,2915,1643013
19834348,19417378,10184,2719,1623693
20022951,19607092,10227,2910,1653245
19913834,19509625,10200,2722,1638469
20203986,19805113,10190,2790,1626054
19981947,19481478,10248,2826,1638307
20057111,19510108,10463,2859,1653222
19785108,19295590,10289,2601,1661506
19884020,19448555,10120,2825,1619526
20122742,19667326,10274,2857,1653792
19992251,19512474,10229,2810,1635918
20078467,19488874,10288,2685,1647141
19629923,19071227,10125,2851,1639807
19921124,19273165,10339,2783,1651238
20235421,19546954,10400,2887,1662296
20127442,19493899,10599,2871,1685204
20032052,19452314,10148,2634,1625875
19925662,19425387,10468,2746,1656938
20239073,19772268,10287,2901,1672115
20012750,19368997,10297,2717,1647706
20155122,19599049,10429,2755,1651417
20155855,19681401,10488,2834,1664422
20165050,19668769,10327,2835,1640707
19847885,19182009,10194,2657,1641548
19862466,19284669,10107,2689,1628884
20232550,19658235,10524,2768,1659691
20039779,19450762,10336,2717,1653900
20186234,19545334,10662,2875,1692442
20033263,19550194,9566,2832,1604763
20055716,19589485,9010,2736,1562962
20020451,19588363,8942,2690,1545996
19993894,19444525,9058,2610,1547854
19921172,19499203,8874,2659,1538983
20039629,19509552,9213,2643,1562318
19903249,19490796,8955,2509,1527854
19873354,19349932,9153,2617,1545071
20003865,19525210,9020,2770,1553368
20153131,19723060,9052,2737,1552908
20195529,19668954,9090,2724,1577582
20110619,19659689,9035,2827,1575327
19973437,19442239,8860,2385,1548177
20036727,19670686,8879,2642,1533851
20209712,19825118,8939,2774,1568437
19770541,19399531,9054,2652,1555770
19971888,19403450,9079,2613,1542089
20183772,19416437,9015,2751,1547255
20479103,19524906,9193,2728,1557484
20394057,19077019,8923,2641,1551973
20955255,19725543,9216,2761,1580146
21041442,19782411,9121,2852,1565474
20750615,19501217,9170,2643,1572361
20576766,19410757,9235,2795,1582321
20256483,19075941,9076,2752,1563775
20613624,19497751,9137,2860,1577843
20619880,19665037,9188,2800,1562575
20250508,19422088,9171,2896,1578388
20842496,19787889,9230,2672,1565429
20675852,19459924,9445,2797,1614697
20780917,19548816,9344,2821,1596081
21522670,20215319,9319,3102,1584474
20969786,19715474,9243,2751,1586545
19599702,17929098,9584,2610,1520149
20417640,18634674,10232,2780,1605782
19706423,18734184,10074,2588,1591392
19755249,19009544,10283,2999,1607905
19909016,19004665,10544,2988,1634467
20139134,19190900,10594,3009,1599992
20233968,19269335,10556,2983,1616120
19987600,19095402,10691,2992,1615024
20232349,19277462,10614,2942,1596665
19844212,19009092,10510,2702,1612948
19829810,19206632,10418,3033,1587972
19721298,18951259,10524,2735,1591031
19441215,18803570,10173,2715,1614079
19547905,18874320,10491,2841,1679514
19961781,19113827,10548,2950,1682927
19655320,18985476,10395,2862,1667728
19421558,18918585,10320,2880,1660403
19392675,18870392,10188,2888,1645510
19668986,18987360,10300,2867,1623520
19280736,18713283,10190,2812,1626340
19302748,18887508,10253,2834,1631991
19921491,19104213,10429,2998,1639242
19723062,19012744,10297,2783,1662261
20349726,19409349,10775,3031,1689952
19836779,18913515,10575,2961,1699127
19569709,18869520,10439,2975,1667257
19920925,19167662,10543,3030,1648156
19830891,18991505,10564,2848,1691587
19780424,19056876,10547,2775,1674301
19746864,19016266,10563,2842,1687898
19154642,18490866,10195,2598,1645061
19713290,19065340,10165,2848,1648968
19959973,19137808,10346,2860,1672528
20024220,19111540,10461,3030,1646006
19646094,18943949,10411,2745,1654931
19852342,19085019,10505,2781,1669556
19838605,18944423,10559,2786,1686208
19645847,19015628,10111,2694,1635243
19640328,18983744,10093,2685,1650189
19668266,19017697,10231,2979,1667203
19553718,18924576,10235,2824,1638932
17242360,16600153,9134,2440,1424948
20362005,18878416,10349,2837,1695099
20408235,18936776,10240,2986,1739807
19892294,18814027,9872,2731,1755420
20096103,18751457,10210,2823,1772097
20054706,18807976,10522,2719,1807397
20371273,19098723,10308,3046,1762995
20217337,18940429,10323,2889,1772646
20042010,18999728,10518,2878,1731023
19760705,18556651,9115,2759,1643642
20383291,19135981,9212,2777,1619759
19769174,18744966,9039,2731,1602458
19866935,18870289,9041,2684,1640868
19940702,18833646,9016,2708,1663605
19576781,18338111,9046,2763,1637106
18098528,17267672,8155,2469,1403280
19954775,19024628,9038,2712,1585564
19533006,18864027,8899,2660,1571951
19489630,18908963,8884,2643,1596989
19622388,19015762,8993,2709,1575635
19406746,18756938,9066,2659,1566050
19638376,19037568,9069,2766,1564418
19950305,19350116,9211,2983,1597809
19827529,19105496,9091,2807,1583126
19789835,19180040,9208,2856,1570995
19882180,19171050,9142,2803,1589470
19662757,19077917,8986,2625,1533220
16961545,16523315,7897,2470,1307600
19961572,18767117,9070,2618,1543721
18380740,17434193,8392,2624,1411799
20256097,18961933,9060,2753,1615489
19865399,18757781,9023,2532,1555202
19464070,18676641,9099,2480,1568772
19439987,17510637,9405,2619,1484241
21046708,19474516,10210,3008,1577664
20308888,19257084,10342,2854,1587422
20277350,19566874,10429,2946,1607767
20211921,19632711,10610,2978,1621653
20049475,19491017,10553,2780,1616650
20275069,19753095,10749,2945,1641651
20046485,19498255,10500,2848,1628216
20200829,19829626,10738,2915,1625375
19835732,19366637,10363,2796,1595127
20158389,19814609,10515,3050,1622441
20096743,19632977,10453,2906,1599496
20240897,19944549,10537,3109,1663314
19758275,19431815,10441,2824,1661341
20098143,19735322,10837,2834,1683167
20194016,19681279,10553,2936,1682496
19715961,19135146,10432,2902,1635886
20018086,19504308,10550,2895,1659689
20346130,19850936,10654,3030,1677952
20273363,19815530,10678,2916,1674345
20054021,19550638,10444,2716,1670681
20151641,19675899,10702,2958,1695066
20006669,19414411,10680,2669,1676475
20025047,19498266,10492,2862,1672999
19928614,19489652,10459,2675,1665046
20058682,19679445,10404,3011,1662107
20215423,19771411,10549,2854,1648623
20106857,19575616,10535,2971,1681615
20148284,19694882,10530,2905,1676655
20044921,19656132,10491,2698,1673870
20021227,19579238,10091,2827,1645645
19772157,19462798,9244,2640,1576111
19849964,19477035,9248,2582,1582711
19917005,19654881,9358,2715,1592372
20102820,19868274,9199,2860,1596980
19670854,19581760,9224,2693,1579229
19375290,19219415,8945,2637,1534065
19793743,19514357,9172,2656,1571441
19816722,19651069,9104,2741,1561236
20256511,20064994,9353,2863,1586226
19957528,19759779,9115,2644,1557687
20034574,19814382,9286,2775,1592263
19954637,19767366,9094,2593,1568443
20014012,19745895,9213,2739,1575556
19885743,19569998,9056,2613,1562113
19975989,19723752,9133,2846,1569523
19774692,19425303,9101,2568,1560874
19978735,19793589,9193,2768,1565489
19881802,19846472,9031,2957,1567292
19924315,19577454,9110,2775,1565379
20008131,19795611,9060,2769,1546383
19892113,19543520,9293,2715,1556024
20049748,19713254,9145,2722,1562552
19984257,19674063,9349,2937,1593647
19789102,19647714,9067,2577,1560244
19861202,19606101,9209,2673,1570829
19580801,19309795,8841,2697,1526465
20221933,19948217,9276,2910,1571149
19898525,19616707,9028,2480,1550107
20139922,19747728,9284,2836,1591062
19994111,19569540,8999,2805,1576374
20005524,19857691,9200,2863,1567738
19930015,19628062,9232,2624,1579485
19702920,19456904,9172,2698,1576004
19526917,19384973,9127,2647,1548027
19607167,19477139,9277,2718,1568336
19442870,19313293,9061,2674,1564112
19740755,19608307,9211,2747,1591764
19779789,19668028,9109,2771,1570392
19567022,19416821,9170,2592,1563635
19562136,19399337,9093,2565,1561949
19598611,19395006,9194,2752,1589984
19872168,19799668,9025,2717,1557716
19722723,19475331,9348,2559,1575283
19693120,19491338,9257,2574,1574245
19781847,19597007,9087,2765,1563379
19357402,19213072,8904,2588,1526368
19967784,19792005,9257,2952,1558018
19729567,19369001,9047,2671,1524768
19884812,19534602,9138,2784,1558257
19672626,19562918,9058,2623,1544769
19769631,19609290,9177,2744,1562622
19983357,19809955,9150,2815,1550678
19762434,19587077,9176,2750,1553333
19855136,19563063,9110,2789,1571982
19948333,19348119,9082,2773,1564271
19989981,19755308,9180,2696,1567650
19786490,19618685,9257,2728,1588802
20134964,19789731,9135,2812,1589812
19915823,19612403,9173,2628,1569729
20279463,19986307,9095,2858,1560293
20048576,19784041,9191,2823,1576840
19934329,19655628,9031,2614,1563551
20137128,19840403,9109,2739,1571288
19818004,19468070,9007,2654,1568441
19459599,19274289,9013,2679,1536444
19856431,19489813,9109,2611,1577816
20137556,19884670,9362,2889,1599263
20026155,19772437,9143,2722,1549852
19821187,19591187,9096,2676,1568856
19794649,19628801,9173,2723,1564304
19693357,19464011,9211,2680,1583154
19699747,19534078,9157,2659,1578310
19815992,19624178,9107,2768,1578316
20089774,19896332,9116,2968,1580386
19880784,19741053,9197,2748,1564057
20021067,19797557,9191,2760,1568705
19971145,19806671,9192,2745,1560293
19869425,19645792,9294,2609,1576852
19982512,19708386,9210,2814,1588031
20064181,19876419,9259,2858,1592117
19699215,19520033,9217,2746,1579962
19937626,19760350,9196,2819,1581021
19701570,19457595,9249,2604,1570908
19884497,19738800,9327,2766,1566373
19258527,19093638,9112,2536,1541230
19921759,19829763,9259,2875,1588740
19871660,19725574,9123,2828,1569549
19887184,19728006,9118,2693,1575071
19805653,19597603,9171,2541,1578663
19957243,19812173,9229,2776,1572290
20206079,20011711,9283,2918,1590377
20395839,19563918,10442,2810,1659010
20308113,19594482,9598,2786,1585654
20417737,19678787,9187,2800,1570234
20151656,19498911,9205,2670,1561745
20269642,19617845,9265,2650,1570699
20609923,19843246,9217,2770,1565379
20206341,19544346,8999,2665,1544083
20539661,19786698,9275,2733,1566756
20507261,19835919,9232,2899,1571007
20262953,19530388,9171,2623,1562720
20270982,19582256,9173,2719,1544839
19960124,19376327,9133,2708,1562928
20133322,19504173,9183,2665,1548974
19636937,19090744,8860,2534,1509481
20539102,19819995,9265,2855,1578819
20188693,19514753,9237,2744,1557732
20474625,19711786,9412,2896,1575353
20197167,19516726,9187,2628,1556353
20288835,19659438,9219,2770,1572784
20186129,19573614,9204,2718,1561065
19999537,19481313,9124,2687,1545382
20255874,19651344,9134,2673,1544440
20127418,19473474,9157,2680,1563736
20529200,19843907,9154,2650,1565879
20153655,19456558,9149,2589,1565667
20349432,19616617,9321,2757,1580545
20592935,19707142,9205,2666,1564732
20138068,19460626,9206,2583,1545766
20549009,19785691,9182,2817,1555369
20399725,19635773,9233,2695,1558441
20284130,19624457,9295,2579,1541870
20414260,19584514,9219,2568,1547191
20510441,19707508,9237,2770,1566982
20117831,19196990,8993,2551,1532313
20524869,19611401,9251,2689,1557981
20357891,19534813,9235,2594,1551889
20297248,19613559,9126,2518,1533335
20782720,19813883,9255,2690,1532270
20350675,19575435,9081,2669,1550287
20241479,19698436,9215,2848,1566442
20290091,19449600,9354,2718,1572231
20548627,19799845,9231,2712,1571103
20455624,19628159,9065,2550,1557724
20465219,19669170,9195,2676,1569997
20105144,19410725,9157,2601,1560271
20103921,19431994,9082,2452,1558754
20313727,19596633,9186,2589,1554683
20497725,19710011,9052,2570,1554845
20433414,19653398,9170,2681,1554104
20678989,19881253,9368,2723,1592565
20886834,19904539,9254,2684,1578316
20419478,19467899,9222,2589,1554208
20088750,19521804,9233,2667,1547209
19931503,19205178,8947,2528,1532481
20338730,19515848,9154,2662,1546588
20820599,19709859,10491,2958,1659295
20287710,19505571,10524,2806,1654977
20502398,19659815,10402,2994,1632628
20792546,19814373,10714,3091,1659095
20665697,19720400,10762,2932,1660895
20273136,19417672,10404,2789,1658549
20020235,19442211,10260,2749,1634754
20338442,19576327,10360,2839,1649588
20683877,19766172,10592,3064,1664971
20506864,19631099,10696,2788,1660482
20891844,19936580,10601,2936,1662822
20602787,19623110,10669,2762,1671057
20325444,19527910,10304,2820,1634464
20474936,19702667,10331,3024,1660709
20621983,19731192,10537,3021,1673867
20201644,19410710,10450,2675,1654283
20470733,19749529,10346,2867,1658084
20544516,19663349,10455,2968,1663849
20068976,19137159,10599,2845,1650450
20033854,19321100,10553,2597,1663124
21007904,19965804,10713,3031,1686128
20943284,19750653,10888,2880,1704053
20641596,19606908,10679,2970,1671746
20424845,19539467,10693,2847,1684849
20327661,19626248,10537,2870,1660669
20114389,19452168,10480,2834,1659757
20281485,19586048,10433,2955,1636868
20713835,19714592,10739,3029,1663543
20377004,19609210,10540,2775,1658203
20713183,19653989,10877,2953,1684379
20583689,19659633,10004,2821,1622619
20367097,19642603,8984,2688,1540708
20093221,19520440,9131,2772,1556091
20787246,19935403,9235,2772,1562510
20421107,19669144,9024,2629,1536912
20182672,19467780,9125,2667,1547531
20195018,19547831,9265,2687,1565244
20545037,19730283,9149,2676,1563685
19938740,19302874,9059,2596,1527219
20398314,19637113,9155,2602,1567970
20405123,19664084,9099,2566,1536722
20924366,19831874,9154,2738,1545683
20703667,19732408,9073,2671,1545326
20673899,19687137,9085,2868,1555831
20713348,19836442,9197,2784,1572294
20956142,19853485,9159,2710,1560671
20510302,19554679,9103,2516,1553113
20257425,19447576,9007,2573,1554185
20177234,19510678,8986,2661,1532174
20308516,19551467,9041,2581,1533974
20294318,19507040,9051,2721,1548857
20633310,19695814,9182,2758,1557543
20700870,19676744,9138,2735,1551493
20497534,19585055,9108,2638,1552169
20299768,19609784,9270,2640,1575186
19990040,19391423,9267,2604,1573568
19938728,19394884,9062,2523,1550012
19453339,19006828,9014,2660,1536983
19967341,19503258,9153,2809,1571566
20197254,19620671,9235,2704,1574362
20505849,19841518,9288,2869,1576058
20444026,19733093,9291,2612,1576477
20279101,19683117,9133,2712,1559296
20138589,19502397,9238,2761,1571463
20242724,19604887,9163,2730,1569891
20269713,19587286,9160,2690,1576538
20265480,19589013,9197,2661,1572360
20012962,19381489,9393,2503,1588793
20168748,19619801,9093,2689,1581344
19827204,19328216,9178,2598,1574603
20221485,19731220,9220,2702,1569817
20024324,19418614,9079,2612,1563666
20310963,19664912,9194,2744,1580872
20260757,19690489,9186,2764,1579309
20198768,19597213,9160,2704,1575155
20683581,19966195,9163,2627,1562807
20066587,19458174,9141,2541,1553696
20005925,19310317,9046,2699,1525544
20177108,19515696,9117,2703,1559591
20399064,19764180,9099,2701,1569155
20463955,19768034,9203,2667,1577248
20419516,19810386,9064,2636,1555268
20432292,19699562,9159,2628,1560027
20351098,19667563,9125,2609,1573812
20061111,19437854,9201,2555,1584615
20311212,19673401,9122,2857,1576545
20253493,19546791,9233,2628,1574463
20654990,19906443,9260,2764,1576347
20222267,19507207,9105,2638,1547890
20621591,19729113,9224,2662,1566624
20160855,19530575,9189,2647,1571677
20260334,19619137,9252,2731,1571424
20222255,19576149,9199,2844,1566677
20331054,19548732,9266,2835,1570092
20744088,19868856,9273,2880,1576457
20524267,19567544,9138,2602,1565421
20216533,19534333,9000,2563,1530689
19715869,19057497,8873,2443,1511084
20262104,19434294,9109,2712,1555479
20711271,19743469,9154,2723,1564227
20694094,19576034,9230,2696,1574493
20368724,19487122,9103,2643,1574236
20554637,19684487,9083,2619,1549329
20588123,19626490,9247,2732,1564047
20624205,19629961,9186,2606,1572837
20754684,19727552,9233,2768,1572648
20531808,19573632,9221,2751,1566988
20414813,19614331,9057,2651,1547701
20406770,19531105,9038,2677,1565257
20273573,19421001,9117,2542,1527948
19920629,19261506,8974,2579,1520958
20183288,19521557,9062,2601,1519914
20035525,19507394,8969,2665,1519067
20000220,19477823,9198,2604,1551820
20177680,19430390,9163,2619,1549441
19905243,19195847,8989,2565,1516956
20012061,19292074,9143,2598,1549751
19822473,18907301,8867,2588,1509910
20505039,19364746,8896,2484,1545017
20601352,19603726,9234,2748,1569000
20730832,19706026,9210,2828,1568600
20560042,19625344,9066,2721,1536015
20352517,19395767,9120,2752,1539217
20483554,19517172,9166,2571,1521764
20314745,19491465,9133,2583,1540370
20073326,19222934,9164,2676,1534621
20786687,19750057,9236,2836,1548655
20363228,19444432,9116,2727,1541218
20295031,19403272,9174,2658,1534443
20598588,19668954,9294,2764,1563895
20573130,19581632,9243,2854,1563222
20419307,19563620,9197,2784,1550671
20562048,19670918,9340,2893,1564450
20375089,19509355,9177,2927,1541218
20222778,19479724,9197,2651,1541507
19846207,19289683,9172,2673,1538141
20358440,19532020,9101,2750,1540700
19936045,19143338,9094,2882,1531186
20012383,19425541,9179,2820,1535853
20071872,19463840,9262,2626,1531539
20091537,19318108,9200,2720,1526779
20076533,19474771,9329,2700,1535249
20045146,19532874,9138,2710,1520865
19872324,19351832,9217,2608,1537189
19980118,19408768,9130,2686,1534941
20251147,19551555,9245,2604,1545643
20128014,19432690,9047,2598,1520826
19975194,19344454,9146,2582,1538519
20068238,19364277,9048,2685,1527262
20176327,19439252,9072,2584,1525880
19978799,19418814,9054,2687,1529756
19790631,19305761,9153,2645,1545218
20258301,19631679,9044,2815,1519000
19859814,19335658,9073,2672,1508144
19914879,19434933,9088,2738,1532072
18867195,18327029,8806,2561,1446333
18739153,17631800,8403,2393,1394297
19962697,18910853,8817,2561,1528035
20686673,19556482,9215,2681,1587433
20740320,19592473,9086,2562,1559775
20188876,19116546,8972,2598,1531556
20112754,19182689,8961,2446,1531215
20359083,19442909,9215,2519,1564022
20220566,19149926,10447,2651,1666106
20590515,19448027,10274,2954,1643868
21088619,19803709,10711,3059,1678705
20524231,19396520,10521,2877,1664586
20529069,19439153,10279,2760,1662503
20235012,19166505,10292,2649,1628040
20402998,19232864,10442,2886,1673310
20274749,19316100,10103,2738,1639676
20524567,19533113,10146,2939,1654184
20451396,19415160,10151,2857,1634004
20930863,19764392,10378,3126,1660154
20535104,19246640,10478,2851,1657505
20306608,19341241,10235,2840,1629991
20476356,19378198,10438,2838,1641009
19896999,18884155,9870,2627,1594921
20777748,19570637,10701,3080,1685581
20326184,19270454,10405,2650,1664052
20533425,19374475,10515,2945,1657186
20400532,19351665,10508,2991,1649329
20348594,19381473,10261,2798,1640968
20377226,19303569,10366,2904,1643871
20335437,19186556,10122,2868,1601864
20332802,19165945,10365,2790,1626251
20415676,19320575,10209,2862,1628356
20204346,19253775,9074,2740,1554467
20381835,19349204,9085,2764,1553691
20277446,19283253,9076,2589,1548457
20133429,19140063,9103,2580,1549466
20476669,19432643,9129,2709,1551923
20467705,19481653,9113,2714,1564408
20538205,19466945,9355,2791,1565577
20511003,19466162,9132,2755,1544506
20650165,19617608,9129,2696,1537411
20310877,19275239,9078,2688,1555310
19954849,18922571,8957,2433,1533360
20475579,19514921,9173,2667,1568445
20767663,19702598,9207,2731,1567063
20624794,19453792,9120,2665,1565215
20413033,19358441,9157,2574,1550616
20594346,19552430,9134,2660,1564660
20273410,19307170,9217,2638,1577872
20637584,19590993,9148,2763,1554286
20255267,19261695,9196,2671,1572414
20163852,19270397,9118,2662,1535667
20440328,19408425,9100,2656,1542345
20173071,19234919,9131,2679,1545571
20083533,19233357,9129,2622,1544686
20335385,19456718,9071,2668,1535198
20588966,19452849,9192,2641,1557868
20559916,19457484,9122,2658,1544061
20464507,19350379,9169,2798,1576930
20454443,19477378,9220,2643,1552790
20313162,19021643,9151,2910,1574640
20386650,19160613,9017,2641,1531607
20537670,19381967,9483,2693,1600827
20720046,19620755,9270,2735,1591648
20578512,19518917,9259,2764,1591049
20777678,19713672,9335,2790,1616540
21087896,19810424,9629,2893,1636785
21009788,19775319,9230,2738,1588574
20786026,19673193,9272,2759,1585528
20473213,19487599,9194,2568,1575278
20643529,19593006,9234,2592,1564489
20804950,19606112,8895,2637,1534193
20228769,19296709,9030,2524,1571618
20672394,19586606,9014,2715,1578310
20399752,19495903,9055,2610,1573803
20279752,19155914,8974,2717,1550941
20135766,19218619,9281,2648,1569934
20462712,19397505,9160,2814,1562444
20491470,19448949,9309,2626,1561694
20258652,19361899,9136,2677,1552120
19823699,19073920,9105,2466,1557341
19919502,19006574,8930,2713,1537753
20674249,19593883,9111,2586,1560862
20478999,19479160,9199,2701,1574476
20479590,19466899,9145,2633,1554818
19892224,19053663,9034,2624,1536046
20304108,19360520,9198,2791,1568018
20749341,19590159,9383,2843,1616357
20275486,19369342,9147,2738,1565844
20295678,19375351,9082,2792,1557515
20897250,19755553,9112,2821,1565178
19982104,17874120,9230,2475,1566937
21198115,18832126,10421,2873,1743500
20617743,18902802,10407,2835,1700778
20574013,19141561,10692,2789,1699789
20510297,19289147,9492,2834,1614306
20105441,19034898,9069,2610,1654487
20531367,19526163,9309,2881,1628932
19838905,18814169,8743,2525,1570187
20287211,19329994,9285,2790,1614126
20321925,19238384,9154,2740,1669289
19684070,19047414,9243,2772,1635676
20085919,19410557,9170,2685,1687150
20013600,19255597,9247,2633,1723637
19121939,15802096,12440,4039,1839206
21054390,17815098,13998,4617,2059639
20443481,17966732,13452,4390,2010952
20221415,18462048,11931,3498,1813387
20206871,17998009,14268,4758,2078633
20562894,19318286,10564,3035,1610983
20673340,19436804,10242,3051,1585077
20753632,19506169,10252,2919,1602533
20991555,19534351,10594,3078,1633196
20435353,19285133,9384,2751,1502021
20275329,19220065,9012,2588,1489769
20233420,19244572,9032,2636,1519346
20122677,19254201,8831,2708,1481955
20542952,19396831,9217,2913,1490264
20635364,19397665,9128,2759,1483416
20300502,19241844,9172,2662,1516229
20608295,19487174,9121,2676,1503936
19762600,18804315,8842,2581,1447778
20185814,19305572,9050,2463,1470192
20560599,19227173,9087,2717,1497958
20254786,19106778,9002,2752,1495390
20952289,19663671,9258,2821,1511908
20629455,19385457,8987,2739,1483441
20742409,19429973,9252,2734,1531550
20821255,19510737,9222,2885,1534690
20877365,19419038,9128,2885,1505497
20463347,19234459,9121,2701,1510301
20827850,19554145,9147,2760,1532712
20729068,19513522,9107,2835,1500749
20728338,19363619,9240,2799,1500284
20655009,19444588,9133,2737,1503114
20882315,19568471,9164,2923,1494106
20213510,19016255,8924,2573,1466888
20504058,19314936,9192,2832,1514525
20796693,19621909,9077,2901,1515158
20652069,19303265,9217,2849,1501025
20677577,19400202,9054,2806,1500138
19916662,18746437,8912,2686,1480411
20642507,19450127,9079,2930,1509320
20543434,19243753,9124,2693,1501681
20687423,19342669,9076,2779,1491101
20307532,19110357,9082,2656,1497078
18527787,17502570,8514,2601,1408281
20660377,19663137,9385,2858,1559270
20060457,19319273,9127,2597,1540933
20195968,19501080,9321,2849,1573146
20217392,19541650,9191,2771,1558328
20303096,19608050,9412,2843,1575296
20227723,19478023,9214,2673,1573217
20164032,19581099,9261,2794,1579559
20041105,19320082,9188,2551,1549041
20357188,19644348,9334,2852,1567242
20396573,19612824,9102,2805,1552720
20285463,19475300,9299,2745,1559485
20446582,19680903,9120,2743,1569569
20377151,19573658,9301,2761,1572714
20265624,19462212,9235,2595,1568753
19895368,19006605,9151,2819,1565209
20246207,19667117,9326,3023,1567405
20093239,19431052,9285,2971,1554149
20305573,19634234,9246,2888,1533449
20294026,19523932,9385,2906,1582345
20255312,19513548,9284,2856,1569811
20691557,19916381,9247,2906,1561976
20047613,19420246,9183,2629,1564354
20640235,19849436,9296,3046,1594983
17887811,17119646,8377,2532,1392894
20437191,18991756,9030,2800,1534602
20529463,19307577,9051,2660,1548785
20553377,19353917,9116,2709,1558642
20873156,19691197,9131,3084,1578817
20611337,19376677,9029,2753,1541513
20607701,19445498,9260,2775,1577991
20775181,19524824,9241,2856,1578298
20801664,19571198,9082,3026,1568616
20246177,19293625,9118,2590,1533355
20601100,19615112,9189,2752,1553335
19934930,18914737,8878,2711,1518329
20214785,19283905,9169,2671,1566885
20775031,19608532,9124,2895,1555357
20644252,19464732,9182,2757,1561146
20191737,19119551,9029,2538,1544607
20490311,19351615,9284,2856,1558376
20547154,19455387,9004,2810,1549593
20154998,19265094,9221,2656,1551713
20442415,19449373,9076,2810,1556872
20304658,19247706,9164,2592,1576334
20272649,19272639,8969,2748,1544662
20459420,19338145,9114,2642,1550653
20231883,19140123,8959,2647,1559833
20749692,19569861,9238,2802,1565162
20135735,19263539,9005,2600,1538217
20423145,19473686,9202,2715,1546457
20598066,19534894,9084,2763,1543217
20425368,19380269,9274,2848,1565572
18835224,17451001,9009,2685,1464269
19996230,18352723,9854,2855,1585624
20160902,19336447,10423,2938,1678074
19943882,19445554,10384,2890,1669450
20022386,19540961,10819,3052,1714631
19755278,19352407,10609,2906,1681443
19716145,19395955,10720,2994,1679686
19904895,19576507,10552,2816,1696167
19814079,19393035,10690,2859,1720455
19493740,19173364,10258,2712,1677240
20146651,19810210,10757,3019,1743403
19894367,19529903,10533,2907,1706256
19335076,18648485,10244,2861,1723084
19743240,18816625,10267,2766,1686179
19323208,18652323,10040,2580,1651594
19566096,18806995,10339,2909,1684398
19682046,18863765,10243,2673,1662241
19500770,18727400,10106,2899,1638231
19769868,18886718,10281,2780,1664626
17724685,16600578,9144,2581,1476158
20476225,19023466,10533,3042,1698221
19731672,18391266,10271,2681,1699982
20238143,18880036,10255,2846,1750329
20109738,18922657,10323,2706,1741224
19871763,18894554,10142,2783,1689820
19806116,18819700,10094,2884,1709600
20084092,18928329,10187,2833,1742102
19824548,18793552,10011,2893,1671460
20163482,18948198,10335,2913,1724413
20261915,19034481,10256,2854,1723615
19932233,18834311,10128,2798,1692665
20240599,19094122,10137,2902,1640533
20090021,18975939,10304,2891,1661270
20057655,18825388,10219,2890,1646936
19724312,18678027,10079,2691,1670249
20086058,19017246,10122,2743,1716063
19658813,18773899,8961,2539,1540896
20216024,19190917,8935,2895,1542412
19948561,18939511,8842,2701,1543809
19700032,18760561,8971,2584,1551916
19798213,18835507,9088,2659,1607851
19428384,18502807,8835,2547,1564944
19832357,18918838,9137,2746,1592098
20072518,19004461,9030,2644,1585316
20034469,19059470,9001,2843,1635227
19948396,19042589,9039,2727,1583349
20075840,18937843,9058,2718,1667790
20222877,19144354,9010,2781,1603236
19790579,18717106,9083,2475,1642146
19642226,18911493,9062,2707,1590473
19783199,18802825,8948,2753,1623807
19774336,18881981,9059,2658,1588406
20078872,19088670,8974,2900,1693562
19884140,18916774,8978,2602,1635457
20150036,19242376,8979,2885,1575802
20263923,19200525,9067,2856,1605549
17437688,16567559,8080,2369,1351919
19779465,18736943,9165,2766,1574512
19716383,18871478,9080,2782,1586982
20027853,19121014,9209,2967,1610822
19742981,18920012,9049,2740,1587061
19480982,18733890,8928,2815,1554158
20204592,19237522,9177,2770,1566619
19979906,19105062,9310,2731,1588591
19875126,19031908,9107,2920,1585567
19900299,19126022,9113,2758,1550366
20058619,19202988,9115,2668,1568179
19568667,18877082,9019,2473,1548135
19518980,18906219,9048,2580,1580730
19641747,19001096,9205,2720,1576164
19519598,18914970,9100,2680,1565864
19939938,19205270,9159,2723,1568929
19881359,19178867,9109,2879,1562311
19807774,19050519,9046,2803,1538730
19661235,18989472,8987,2671,1544497
19762888,18994475,9171,2777,1590741
19609981,18922023,8998,2868,1589300
19829862,19035052,9287,2869,1615962
19878055,19073547,9089,2801,1557162
19740100,18998709,9234,2776,1578447
19425499,18877458,9066,2510,1562388
19327152,18692010,8806,2743,1524305
19883934,19212320,8985,2853,1545790
19911882,19089896,9030,2792,1560786
19981735,19142516,9041,2805,1557737
19599426,18863678,9201,2765,1577915
20094302,19240143,8988,2773,1559179
19839124,19010470,9169,2833,1574176
19901002,19024139,9114,2824,1589159
19898140,19108014,9143,2845,1583164
19696279,19039631,8907,2753,1548660
19898914,19060696,9205,2826,1565376
19954442,19085316,9130,2971,1581313
19689252,18957789,9138,2768,1586893
19535503,18870060,8902,2668,1568104
19809571,19119752,9135,2836,1585935
19661994,18986440,9134,2782,1579601
19711242,17701272,9561,2636,1541115
20799586,19093876,10187,2777,1659859
20410422,19540063,10251,2963,1670394
20130027,19495362,10456,3003,1667021
16946339,16569201,8946,2479,1379492
20453943,19401078,10465,2887,1680230
20347038,19599403,10331,2986,1649247
20024688,19398417,10216,2745,1636443
20167812,19510754,10323,2918,1667779
19867432,19313496,10227,2704,1651373
20162797,19591439,10511,2991,1692021
20091588,19406159,10494,2833,1688269
20087961,19645140,10412,2955,1681213
20106915,19451209,10270,2902,1668494
20131131,19618178,10276,3025,1676553
20283775,19865643,10670,3046,1714048
20273056,19660884,10661,2955,1686635
20108970,19588990,10393,2843,1669688
19935545,19241317,10360,2727,1671822
19980920,19349541,10182,2804,1670278
20049622,19460686,10185,2871,1665128
20225190,19666474,10444,2974,1668477
20136125,19587905,10503,2811,1662199
20027432,19533110,10232,2848,1645265
19803224,19217746,10248,2843,1637225
20087655,19535290,10331,2815,1673298
20105892,19411175,10334,2800,1672762
19983140,19394071,10408,2710,1660185
20141919,19503307,10432,2855,1668088
20275423,19658234,10315,2924,1669932
20005658,19361628,10377,2796,1664231
20110447,19463637,10427,2853,1658377
20462016,19855371,10635,2911,1694701
20010154,19426293,10317,2693,1664174
20172852,19465395,10499,2922,1679165
20046068,19536084,10248,2867,1663879
19985863,19323075,10518,2857,1684419
19822199,19315994,10246,2746,1664423
19839229,19241779,10252,2716,1654395
20307346,19823183,10337,2993,1645645
20231355,19642448,10407,2777,1659522
20363296,19726199,10429,3003,1685615
20038628,19305914,10234,2766,1667459
19932123,19394129,10215,2776,1634157
20075703,19452021,10134,2848,1651075
19901577,19210744,10222,2739,1650846
20005324,19274106,10312,2814,1657429
20052559,19385725,10182,2848,1639193
20026417,19424981,10417,2786,1674794
19985634,19379418,10281,2689,1672422
20145157,19568440,10259,2946,1661525
20195986,19485679,10446,2722,1683227
20154693,19450110,10390,2768,1672459
20125284,19548873,10198,2815,1643554
20223157,19548406,10486,2921,1655254
20318290,19610653,10443,2826,1669596
20167839,19459404,10367,2861,1647533
20450242,19790799,10691,3002,1690041
20168520,19399626,10385,2828,1678854
20291694,19558900,10579,2968,1688374
20364746,19647621,10865,2831,1715224
20049002,19565262,10366,2774,1676958
20172672,19767585,10282,2907,1664271
19756425,19175045,10370,2813,1658734
20216196,19576549,10595,2910,1686932
20183642,19557159,10698,2864,1682551
20204482,19629097,10558,2923,1682780
20187646,19556233,10432,2790,1667280
20258108,19631110,10655,3031,1691056
20251111,19601947,10702,2962,1686555
20249552,19661242,10240,2764,1664936
20316797,19638328,10417,2880,1684230
20117839,19438194,10216,2735,1667086
20411915,19935353,10365,3014,1671238
20126704,19489978,10588,2798,1678387
20147282,19670736,9222,2927,1584800
20049983,19516189,9288,2751,1597326
20317927,19814356,9295,2919,1610228
20306723,19717774,9120,2894,1575494
20149548,19678216,9256,2784,1591464
20103278,19625815,9148,2727,1582160
19958019,19447387,9001,2677,1568789
20002045,19529940,9096,2777,1573230
19666488,19360162,8819,2577,1523188
20048272,19565024,9173,2755,1583994
19986389,19576097,9137,2664,1563079
20128915,19744343,9166,2865,1575375
20118066,19658405,9073,2718,1568009
20052491,19571747,8985,2764,1539370
20046582,19684552,9246,2735,1587903
20195320,19629579,9192,2734,1586814
20184063,19595695,9193,2785,1598622
20067446,19514233,9013,2753,1575493
19984116,19605250,9061,2701,1572571
19775963,19343228,9008,2718,1557702
19788389,19354243,9234,2745,1566597
20046660,19709623,9041,2772,1550319
19686537,19439330,9220,2689,1556959
19700992,19510257,9129,2837,1551872
19716657,19333120,9076,2739,1543526
19898072,19725989,8969,2728,1530585
19541943,19143552,8991,2638,1547507
19521894,19017257,8921,2691,1532670
19381116,19008299,8892,2555,1521437
19983538,19553964,9089,2729,1571996
19914510,19641089,9100,2705,1554366
19968553,19622038,9171,2706,1562750
20074060,19663802,9161,2823,1571604
19410664,18995832,8905,2541,1522534
19733502,19335412,9130,2592,1553805
19951972,19573564,9204,2584,1571404
20098104,19648838,9145,2867,1576635
19960909,19494192,9039,2816,1544720
20071055,19379788,9258,2679,1579969
20320454,19573725,9038,2653,1581157
20105870,19470311,9041,2663,1565604
20187507,19576514,9034,2863,1591488
20203167,19691205,9050,2796,1597357
20097789,19486661,9053,2654,1592217
19910011,19310844,8976,2789,1582914
20204118,19704417,9164,2716,1598529
20080224,19352566,9015,2704,1604435
20083347,19453274,9043,2631,1604181
19861570,19310000,8970,2743,1590886
20215180,19590218,9128,2831,1621885
20373044,19739176,9114,2919,1617558
20235888,19596340,9178,2675,1610948
20209024,19652942,9197,2607,1584529
20124454,19535808,9130,2552,1591863
20262214,19704005,9021,2823,1600896
20232697,19635170,9172,2765,1617032
20197942,19581618,9174,2749,1602614
20076357,19430331,9077,2816,1594054
20223599,19634153,9086,2689,1612221
20276948,19632902,9051,2782,1603614
20185666,19615731,9153,2701,1590215
20276105,19723494,9146,2607,1590232
20266748,19684475,9243,2744,1607281
20176580,19579953,9177,2741,1583944
19921027,19218770,9124,2689,1586991
19754178,19294368,9092,2619,1557320
19825501,19375833,9133,2720,1585302
19975385,19464179,9114,2749,1578785
19619064,19178004,8942,2707,1540617
19939545,19424404,9028,2724,1566960
20176427,19643482,9045,2869,1580118
20061171,19492652,9048,2633,1572232
19402867,18785993,8790,2478,1526466
19679134,19235696,8976,2615,1549236
19802559,19352933,9077,2625,1575654
20401267,20024617,9227,2894,1643255
20010270,19495274,9000,2702,1562513
19743275,19241453,9047,2577,1564625
20092355,19763466,9154,2834,1571725
19815176,19362608,9020,2568,1549256
19949010,19511038,9101,2868,1574333
20084168,19659692,9054,2751,1573225
20140851,19653702,9214,2815,1595804
19918305,19435441,9129,2650,1571717
20007198,19537934,9332,2710,1594478
20178963,19742894,9114,2795,1596275
19781938,19315810,9168,2595,1578857
20002940,19445850,9138,2709,1569302
19744091,19244292,9081,2658,1563869
20133166,19645435,9252,2791,1589737
20021033,19460303,9171,2756,1566877
20055412,19532427,9075,2716,1584054
19850486,19343544,9143,2663,1582750
19704596,19325369,9092,2707,1551299
19993487,19493166,9282,2658,1575853
20200378,19842389,9185,2939,1582444
20094385,19639796,9110,2793,1587560
19962068,19595908,8989,2616,1575593
19907982,19485012,9101,2552,1582532
19658495,19204126,8987,2541,1579693
19790948,19452569,9092,2603,1572409
19999687,19656168,9125,2795,1599518
19371355,17130360,9359,2558,1594595
20998397,19032643,10389,3068,1667144
20630196,19122735,10610,2949,1651309
20478215,19186235,10499,2747,1713187
20950209,19571010,10679,3155,1742328
20274045,18937531,10533,2916,1736818
20536348,19430595,10609,2951,1657365
20551906,19423012,10638,2885,1775796
20846664,19561778,10893,3132,1706538
20480798,19367756,10654,2851,1665897
20286106,19374368,10446,2912,1659663
20592307,19300776,10615,3021,1729620
20540178,18891658,10549,2896,1768082
20264052,18834568,10683,2918,1801852
19783250,18914009,10342,2795,1676306
19571223,18424958,10278,2780,1686792
19885645,18808524,10209,2711,1731379
20207205,19094966,10648,2914,1759937
20017961,18786629,10389,2870,1691417
20427344,19110472,10496,2917,1719819
19870189,18940631,10312,2996,1720709
19949645,18991573,10205,2886,1783929
20345048,19140205,10470,3115,1764406
19983546,18813724,10477,3061,1689709
20141835,18855577,10472,2749,1717925
19676795,18555023,10008,2793,1715472
19882946,18778029,10201,2807,1756534
19639303,18620589,10058,2801,1666004
19876046,18857865,10204,2848,1683704
20399924,19148377,10426,3063,1729649
19957148,18798218,10660,2804,1681321
19809264,18727175,10181,2800,1666618
20012855,18956822,10415,3008,1699600
20329613,19146466,10205,3023,1708810
20188452,18801567,10294,2810,1772722
20255667,18993299,10577,2940,1774411
20054319,18916869,10474,2852,1684431
19751565,18593153,10092,2660,1717026
20603329,19336476,10342,2888,1718136
20170338,18983427,10190,2740,1735411
20598343,19374070,10268,3036,1757574
20669807,19400841,10636,3118,1684045
20673143,19493618,10384,3099,1749336
20813125,19347453,10778,3034,1859519
20638444,19349539,10689,2928,1736240
20176005,18925199,10262,2949,1724176
20316845,19187423,10586,2795,1764374
20375491,19466649,10295,2878,1701549
20477084,19305020,10564,2894,1750420
20178217,19068849,10187,2850,1768560
20687020,19386914,10465,3017,1809007
20262815,19161804,10346,2809,1692448
20497233,19320527,10426,2954,1682025
19804343,18326549,9922,2815,1715001
20025746,18882152,10324,2826,1711937
19909457,18802110,10174,2737,1771429
20177999,18919968,10225,2860,1705433
19778537,18815815,9976,2727,1657010
19903013,19085708,10298,2990,1689768
19651092,18865698,10167,2728,1646329
20196449,19308003,10512,2978,1651021
19716242,18913280,10143,2738,1636318
19513392,18735929,10161,2737,1654432
19668405,18910281,10107,2918,1640854
19507326,18801459,10494,2729,1688755
17535087,17035384,9413,2689,1481291
19534315,18323472,9997,2821,1594039
20175998,19037393,10308,2800,1636772
19960396,18991310,10247,2766,1634918
20266375,19231001,10575,3037,1664643
19672265,18823275,10277,2775,1618102
19556566,18832725,10278,2708,1636362
20052835,19136294,10442,2996,1676001
20006381,19128550,10381,2969,1647824
20287211,19320245,10730,2966,1655319
20083276,18950885,10596,2902,1677071
18207724,17425181,9521,2627,1500334
19541041,18763897,10140,2725,1620003
20203423,19312693,10902,3012,1684324
20095888,19201485,10512,2950,1651950
19408542,18869097,9971,2742,1629778
19664482,18938755,10224,2772,1654140
19571355,18996472,10248,2720,1621600
19600619,18927812,10121,2709,1626473
19717031,19002005,10364,2856,1639591
19459260,18898513,9940,2719,1599705
19404121,18761833,9738,2810,1606875
19431202,18932225,10133,2553,1647779
19756759,19229099,10244,2787,1680235
20414940,19640743,10631,2931,1704381
20375057,19529433,10686,2992,1710913
20062587,19386561,10340,2825,1668308
20622718,19873466,10742,3185,1667005
20052142,19312502,10563,2794,1658335
19934416,19381182,10408,2884,1704496
20035807,19471951,10514,2932,1696203
20111517,19544951,10395,2965,1708233
19829300,19327326,10196,2779,1679522
19833960,19320473,10548,2822,1701580
20080068,19519524,10644,2882,1699756
20518116,19465423,10634,2925,1702403
20244386,19311857,10540,2845,1704042
20305534,19382747,10533,2932,1676340
19933942,18992722,10414,2893,1687927
20140818,19253165,10519,2774,1660302
19589341,18848903,10331,2671,1614564
17319309,16459647,9114,2545,1461416
185122,150993,175,12,20289
178969,163743,111,4,15989
108402,96494,56,0,8543
97122,76120,107,5,12084
96778,88318,68,2,8317
137416,109434,154,5,16654
65801,64683,6,0,1966
84929,68301,92,3,10390
65745,55669,47,4,6535
68100,57146,53,0,5747
62232,54346,43,2,5275
54129,44277,45,0,5498
54405,46168,51,1,5602
43117,34613,36,0,4687
56281,44666,59,3,6186
31547,25424,26,0,3138
51133,41459,60,2,6337
28242,22629,30,0,3198
38809,31909,43,1,4721
42228,34967,47,1,5128
24884,19168,35,1,3678
39428,31949,40,1,4836
37740,42150,19,0,1766
28230,18876,51,2,5295
40217,31966,44,1,4635
66880,53480,118,6,12866
26340,19381,47,4,4426
29271,26270,37,0,3518
28839,16304,40,2,4447
29691,24581,22,0,2779
24566,19252,34,1,3775
23807,18715,30,1,3279
30943,22208,43,1,4809
18957,15872,20,0,2241
18000,15682,15,0,1574
28539,21664,44,2,5121
26920,19461,47,1,5114
19640,15868,16,0,2090
21181,15753,32,1,3232
12724,9786,18,0,1709
22172,15618,32,1,3694
24607,21041,37,1,3641
40572,36705,34,2,3654
15580,13059,15,0,1491
26511,18778,43,2,4631
46920,43771,94,4,8144
22812,16279,41,2,4793
8194,6386,8,0,938
27061,18900,42,1,4550
18636,15230,13,0,1774
15052,9786,35,2,3422
21569,17794,18,1,2617
27204,19483,45,2,4943
0,0,0,0,0
21951,15493,41,1,4168
22562,18725,20,0,2466
10682,6319,22,1,2410
8036,6487,14,0,1328
16452,9451,25,1,2701
39147,22177,133,8,11852
0,0,0,0,0
24212,12841,80,5,7623
42011,35407,96,8,8479
12426,6578,41,2,3860
57543,47106,163,11,14179
23517,12210,70,6,7404
24111,12929,81,6,7508
18935,9756,63,4,6591
12063,5917,36,2,3754
23129,11823,71,5,7176
22175,12684,65,5,6569
23078,12569,74,6,7150
6317,3233,20,1,2004
6245,3254,21,1,2062
23608,11921,71,5,7320
45981,25346,163,10,14607
0,0,0,0,0
10939,6439,27,2,2692
12351,5914,30,2,3429
12951,9742,17,1,1906
15975,9166,31,4,3813
8463,6578,13,1,1298
22238,25855,15,2,2082
9074,6526,16,1,1613
60664,45054,168,18,15609
22523,19151,16,1,2544
10308,6325,20,1,2246
5011,3216,10,2,1051
10593,6443,25,2,2425
11679,8665,11,1,1610
15791,9158,34,2,3716
11947,9524,10,0,1383
11962,5987,30,1,4045
6162,3234,10,0,0
6354,3254,22,1,1919
15628,12105,17,0,2205
7537,5984,8,0,1053
19250,12853,42,2,3849
10343,6246,22,1,2470
5540,3216,9,2,1290
10560,6243,25,2,2695
5250,3220,13,1,1373
11984,6560,37,3,3371
4545,3182,5,1,764
74451,69570,149,11,14738
10628,6512,15,1,1899
10404,6298,23,2,2564
0,0,0,0,0
20263,12707,39,2,4752
8507,6523,13,0,1366
6610,3225,20,1,2085
21421,15120,25,2,2862
0,0,0,1,1741
15840,6441,40,0,1269
9689,5928,20,2,2125
10018,6298,14,0,1745
11741,5934,29,2,3156
7876,5843,10,1,1272
23380,12461,47,5,5849
7777,5927,6,0,802
3786,3279,4,0,503
0,0,0,0,0
16371,9730,36,1,4028
8078,6300,8,0,1011
50052,41155,143,10,13527
24500,29153,7,0,1079
7085,3202,19,1,2267
14011,9514,18,0,2254
6916,3223,21,2,2223
5507,3220,9,1,1179
6833,3278,19,1,2073
8634,6302,14,0,1583
10962,5387,23,3,3092
16216,12706,20,0,2113
0,9,22,2,1812
18575,9213,17,0,1544
5923,2694,16,1,1739
4209,2652,7,0,676
20411,12114,38,2,4614
11505,9514,12,0,1514
6431,3200,24,1,1872
4511,3225,9,0,1109
11560,6531,31,1,3196
4165,3202,5,0,481
15088,4887,36,4,3915
32163,35934,95,2,7791
23128,25842,21,2,2808
7865,3278,29,3,2215
13888,9580,17,0,1905
0,0,0,0,0
10937,6315,25,2,2655
11652,9407,12,0,1494
6681,3233,21,1,1916
9181,5387,9,1,1551
6666,3279,20,1,2128
6772,3204,22,1,2101
13708,8670,15,1,2409
12305,9554,13,0,1845
10900,5852,30,2,2971
7974,5886,8,0,1427
15320,9468,33,1,3494
6544,3198,20,1,2245
5478,3216,13,1,1396
8035,3220,20,3,1966
7842,1609,16,3,1882
31897,35927,97,4,7659
7054,3274,27,4,2164
22489,25900,14,2,1937
0,0,0,0,0
17959,9593,43,3,4819
0,0,0,0,0
17910,12411,30,1,2799
6740,3229,21,1,2117
0,0,0,0,0
14135,8662,25,2,2947
17799,3200,24,1,4739
8889,3268,22,1,2142
27710,11690,61,3,7409
4257,3250,8,0,658
11834,9069,12,0,1280
3224,2661,1,0,264
12298,9460,9,0,1308
8401,6410,7,0,772
0,0,0,0,0
39722,37539,93,5,8280
5033,3216,3,0,599
0,0,0,0,0
25844,29174,6,0,955
0,0,0,0,0
0,0,0,0,0
10931,9593,2,0,359
14519,12411,8,0,1148
4580,3229,5,0,574
0,0,0,0,0
9934,8662,5,0,666
3909,3200,2,0,240
8181,5958,6,0,841
9716,9000,1,0,367
3158,3250,0,0,57
9983,9069,2,0,423
6211,5962,1,0,282
6966,6159,1,0,290
7323,6410,1,0,340
7659,1609,17,3,1931
27305,35930,38,0,2776
3895,3216,2,0,227
0,0,0,0,0
24280,29174,5,0,988
0,0,0,0,0
10269,9593,1,0,295
0,0,0,0,0
13502,12411,1,0,393
3649,3229,1,0,235
0,0,0,0,0
9333,8662,0,0,194
3325,3200,0,0,52
7841,5958,3,0,491
13003,12250,1,0,418
0,0,0,0,0
9716,9069,1,0,354
6396,5962,0,0,107
6946,6159,1,0,313
7016,6410,2,0,516
7547,1609,16,3,1913
30681,35930,70,3,5870
4527,3216,3,0,385
0,0,0,0,0
24653,29174,9,0,1348
0,0,0,0,0
11884,9593,7,0,792
0,0,0,0,0
14168,12411,7,0,1049
3733,3229,1,0,240
0,0,0,0,0
10080,8662,4,0,675
3505,3200,1,0,180
8102,5958,6,0,967
14020,12250,8,0,1044
0,0,0,0,0
10356,9069,3,0,530
6521,5962,1,0,272
7104,6159,3,0,563
7090,6410,5,0,510
12226,2019,25,7,3026
27303,35930,41,2,3148
4050,3216,2,0,287
0,0,0,0,0
24222,29174,6,0,856
0,0,0,0,0
10351,9593,2,0,424
0,0,0,0,0
13592,12411,3,0,589
4549,3229,3,0,480
0,0,0,0,0
14024,8663,11,3,1449
3697,3200,0,0,147
11040,8666,9,0,1050
11613,9542,9,0,1051
0,0,0,0,0
10706,9069,6,0,819
7377,5962,4,0,790
7383,6159,4,0,576
8232,6410,6,0,682
15028,2491,35,8,4300
28125,35930,51,2,4236
4068,3216,2,0,345
0,0,0,0,0
23146,29174,3,0,531
0,0,0,0,0
12170,9593,10,0,1193
0,0,0,0,0
15347,12411,11,0,1276
3885,3229,4,0,371
0,0,0,0,0
9900,8662,3,0,676
3301,3200,0,0,51
10739,8666,6,1,1265
10836,9542,6,0,753
0,0,0,0,0
9796,9069,1,0,334
7041,5962,3,0,590
7147,6159,4,0,584
7213,6410,6,0,569
8060,1609,16,3,1947
27298,35930,43,2,3420
4061,3216,2,0,301
0,0,0,0,0
24478,29174,8,0,988
0,0,0,0,0
9981,9593,1,0,356
0,0,0,0,0
13565,12411,3,0,596
3505,3229,2,0,316
0,0,0,0,0
9131,8662,1,0,309
3195,3200,0,0,60
10430,8666,3,0,681
9999,9542,2,0,455
3565,3196,1,0,235
6123,5873,0,0,142
6423,5962,1,0,296
6742,6159,1,0,284
9128,6410,14,1,1567
12275,2019,27,8,3216
29113,35925,60,2,4799
4221,3216,2,0,433
0,0,0,0,0
24862,29174,8,0,1149
0,0,0,0,0
10126,9593,3,0,609
0,0,0,0,0
15327,12411,9,0,1502
3487,3229,1,0,171
0,0,0,0,0
9494,8662,2,0,435
3114,3200,0,0,82
10551,8666,5,0,879
10297,9542,6,0,626
4783,3196,3,0,573
6868,5873,1,0,304
6580,5962,2,0,384
6657,6159,1,0,290
8378,6410,3,0,646
9047,1609,16,3,1950
27447,35930,36,1,3084
4357,3216,3,0,431
3746,3274,1,0,215
19830,25900,4,0,534
0,0,0,0,0
11506,9593,3,0,729
0,0,0,0,0
13880,12411,4,0,862
4095,3229,1,0,254
3595,3275,1,0,137
6438,5387,3,0,620
3661,3200,1,0,273
14259,11639,3,0,903
6748,6569,1,0,322
3759,3196,1,0,234
5991,5873,1,0,236
7602,5962,3,1,620
7080,6159,4,0,578
15346,8019,18,2,2226
27439,35930,33,1,2511
0,0,0,0,0
4124,3216,4,0,450
3663,3274,1,0,248
19444,25900,3,0,586
0,0,0,0,0
10694,9593,3,0,618
0,0,0,0,0
17037,15640,4,0,887
0,0,0,0,0
4258,3275,2,0,355
6238,5387,1,0,270
6841,6468,0,0,138
12746,11690,2,0,599
3265,3250,0,0,81
6878,6417,2,0,528
2788,2652,0,0,88
9840,9184,2,0,555
2956,2937,0,0,79
15554,8019,17,2,2124
26319,35930,21,0,1547
0,0,0,0,0
3809,3216,2,0,245
3447,3274,0,0,102
19557,25900,3,0,477
0,0,0,0,0
9967,9593,1,0,386
3514,3178,1,0,177
13378,12462,2,0,710
0,0,0,0,0
6057,5999,0,0,149
2793,2663,0,0,76
6645,6468,0,0,233
12611,11690,2,0,615
3194,3250,0,0,72
9731,9069,1,0,449
2717,2661,0,0,59
9895,9460,1,0,365
5127,3198,8,1,1014
13167,4883,21,4,2406
28223,35930,53,1,4237
0,0,0,0,0
4254,3216,2,0,281
3815,3274,2,0,312
19388,25900,1,0,250
0,0,0,0,0
9718,9593,1,0,358
3265,3178,1,0,198
13580,12462,4,0,824
0,0,0,0,0
8977,8662,0,0,203
0,0,0,0,0
6073,6468,0,0,139
12671,11690,5,0,720
3073,3250,0,0,51
9824,9069,2,0,485
2586,2661,0,0,56
10029,9460,3,0,662
6630,6410,2,0,445
15512,2429,34,6,4327
25986,35930,17,0,1301
0,0,0,0,0
3448,3216,0,0,91
3470,3274,0,0,117
19212,25900,1,0,288
0,0,0,0,0
10511,9593,2,0,619
13355,12411,3,0,885
3480,3229,1,0,206
0,0,0,0,0
9119,8662,1,0,370
0,0,0,0,0
6439,6468,0,0,129
12685,11690,3,0,585
3381,3250,1,0,176
9473,9069,1,0,301
2657,2661,0,0,62
9873,9460,1,0,351
6535,6410,2,0,325
8460,1609,16,2,1719
25925,35930,19,1,1970
3739,3216,1,0,205
0,0,0,0,0
3345,3274,0,0,49
19138,25900,1,0,260
0,0,0,0,0
9756,9593,2,0,396
12829,12411,2,0,655
3620,3229,1,0,164
0,0,0,0,0
8895,8662,0,0,243
3488,3200,0,0,70
3284,3268,0,0,77
12622,11690,3,0,727
3370,3250,0,0,240
9370,9069,1,0,304
2650,2661,0,0,78
10066,9460,2,0,481
14630,8019,17,2,2138
0,0,0,0,0
25465,35930,17,0,1390
3730,3216,1,0,227
0,0,0,0,0
22655,29174,2,0,422
0,0,0,0,0
0,0,0,0,0
9579,9593,1,0,343
12699,12411,2,0,539
3297,3229,1,0,201
0,0,0,0,0
8557,8662,0,0,207
3129,3200,0,0,97
6237,5958,1,0,235
9292,9000,1,0,359
3057,3250,0,0,75
9603,9069,1,0,355
5972,5962,0,0,117
10012,6159,12,1,1699
42906,40730,73,3,6144
0,0,0,0,0
3674,3219,1,0,199
4094,3216,5,0,676
0,0,0,0,0
24112,29174,8,0,1094
0,0,0,0,0
0,0,0,0,0
10185,9593,2,0,568
14149,12411,6,0,1207
3929,3229,2,0,283
0,0,0,0,0
9660,8662,2,0,402
3405,3200,1,0,180
6779,5958,3,0,484
10621,9000,7,0,902
3750,3250,2,0,360
10351,9069,4,0,700
6819,5962,4,0,534
6735,6159,2,0,363
46473,41140,129,6,10784
0,0,0,0,0
6871,3219,22,1,2302
6779,3216,21,1,2154
0,0,0,0,0
30621,29174,59,5,5482
0,0,0,0,0
0,0,0,0,0
19882,9593,52,4,6036
18996,9473,58,4,5849
13153,6167,39,2,4121
0,0,0,0,0
7053,3275,21,1,2030
12507,5387,31,3,3888
7055,3200,21,1,1907
16065,11639,13,1,2232
8010,6569,10,0,1108
6582,3196,3,0,309
7168,5873,6,0,850
11895,9184,10,0,1503
12306,4608,14,2,1937
34338,39121,74,4,6093
3864,3219,2,0,234
0,0,0,0,0
3768,3216,2,0,262
4625,3274,2,0,287
20111,25900,2,0,416
0,0,0,0,0
12124,9594,3,2,606
0,0,0,0,0
17849,15640,8,0,1299
0,0,0,0,0
6734,5999,2,0,416
2789,2663,0,0,67
6492,6468,0,0,122
12172,11690,0,0,236
3204,3250,0,0,57
9599,9069,0,0,171
2763,2661,0,0,65
6939,6523,1,0,311
36099,40455,32,0,2828
4011,3212,0,0,412
3182,3219,0,0,52
0,0,0,0,0
3713,3216,1,0,242
3440,3274,0,0,65
19386,25900,1,0,291
0,0,0,0,0
10221,9593,3,0,779
3237,3178,0,0,62
13098,12462,1,0,469
0,0,0,0,0
6542,5999,1,0,344
2773,2663,0,0,71
7004,6468,0,0,158
12785,11690,0,0,251
3264,3250,0,0,72
9430,9069,1,0,400
3198,2661,2,0,318
10024,9460,1,0,440
38827,41550,21,1,2582
0,0,0,0,0
3931,3219,1,0,175
0,0,0,0,0
3654,3216,0,0,51
3422,3274,0,0,62
19336,25900,0,0,116
0,0,0,0,0
9969,9593,2,0,542
12835,12411,1,0,459
3191,3229,0,0,57
0,0,0,0,0
9064,8662,0,0,167
0,0,0,0,0
6564,6468,0,0,113
12377,11690,0,0,235
3479,3250,1,0,206
9161,9069,0,0,174
2721,2661,0,0,61
18144,11069,6,0,1333
29501,39121,7,1,1158
0,0,0,0,0
3800,3219,1,0,252
3481,3216,0,0,53
0,0,0,0,0
3518,3274,0,0,54
19227,25900,0,0,100
0,0,0,0,0
10029,9593,3,0,617
13706,12411,3,0,861
3236,3229,0,0,52
0,0,0,0,0
8850,8662,1,0,300
3241,3200,0,0,56
3233,3268,0,0,60
12282,11690,0,0,227
3154,3250,0,0,63
9490,9069,0,0,199
3315,2661,2,0,342
15871,11069,7,1,1207
29517,39121,12,1,1321
0,0,0,0,0
3446,3219,1,0,152
3208,3216,0,0,65
0,0,0,0,0
22781,29174,0,0,370
0,0,0,0,0
0,0,0,0,0
9818,9593,1,0,336
12801,12411,2,0,495
3259,3229,0,0,57
0,0,0,0,0
9352,8662,1,0,277
6084,3200,20,1,2173
7215,5958,13,0,1118
10192,9000,11,0,1173
3531,3250,4,0,475
10148,9069,10,0,1009
6773,5962,4,0,635
16032,8178,13,0,2142
33944,39121,78,2,5591
0,0,0,0,0
3734,3219,2,0,292
3981,3216,2,0,349
0,0,0,0,0
23234,29174,4,0,653
0,0,0,0,0
9382,5965,3,0,606
3410,3628,0,0,64
14123,12411,8,0,1328
3717,3229,3,0,440
0,0,0,0,0
9512,8662,2,0,468
3496,3200,1,0,245
6156,5958,0,0,94
9250,9000,0,0,175
3175,3250,0,0,56
9656,9069,1,0,335
6888,5962,3,0,557
14010,8240,3,0,861
32614,39121,26,3,2302
0,0,0,0,0
3995,3219,2,0,278
3682,3216,0,0,41
0,0,0,0,0
22061,29174,0,0,158
0,0,0,0,0
9532,9593,1,0,352
0,0,0,0,0
12767,12411,1,0,345
3208,3229,0,0,64
0,0,0,0,0
8892,8662,0,0,153
3082,3200,0,0,49
8915,8666,0,0,192
9537,9542,0,0,177
0,0,0,0,0
10021,9069,2,0,538
7377,5962,0,0,78
13722,7768,7,0,1372
33487,39121,16,2,1587
0,0,0,0,0
3756,3219,1,0,245
3355,3216,0,0,59
0,0,0,0,0
22844,29174,0,0,178
0,0,0,0,0
10266,9593,3,0,813
0,0,0,0,0
12803,12411,1,0,367
3164,3229,0,0,54
0,0,0,0,0
8657,8662,0,0,149
3164,3200,0,0,69
9152,8666,0,0,152
9535,9542,0,0,170
3196,3196,0,0,60
6275,5873,1,0,297
6385,5962,1,0,339
16624,9408,4,0,808
29981,39121,15,1,1283
0,0,0,0,0
3511,3219,1,0,153
3202,3216,0,0,66
0,0,0,0,0
22246,29174,0,0,173
0,0,0,0,0
9820,9593,2,0,481
0,0,0,0,0
12965,12411,1,0,365
3231,3229,0,0,57
0,0,0,0,0
9067,8662,1,0,295
2994,3200,0,0,53
9011,8666,0,0,156
9640,9542,0,0,169
3303,3196,0,0,55
6000,5873,0,0,107
5946,5962,0,0,94
15232,8178,21,3,2501
30381,39121,3,0,482
0,0,0,0,0
7144,3219,21,1,2078
6119,3216,9,0,910
4559,3274,4,0,567
21057,25900,5,0,751
0,0,0,0,0
11845,9593,8,0,1294
0,0,0,0,0
14035,12411,10,0,1001
4120,3229,4,0,503
5225,3275,4,0,519
6906,5387,3,0,758
3940,3200,4,0,431
14179,11639,8,0,1273
7693,6569,6,0,695
3852,3196,3,0,277
7078,5873,6,0,616
7397,5962,5,0,844
44418,40479,83,6,7361
8678,6410,5,0,972
4276,3219,1,0,359
0,0,0,0,0
3885,3216,2,0,560
3687,3274,0,0,158
20221,25900,1,0,559
0,0,0,0,0
11071,9593,2,0,793
0,0,0,0,0
17895,15640,6,0,1431
0,0,0,0,0
3467,3275,0,0,132
5955,5387,0,0,260
7106,6468,1,0,451
13151,11690,0,0,589
3456,3250,0,0,138
7357,6417,1,0,476
2847,2652,0,0,141
18938,10793,12,0,2152
26745,35648,27,1,2126
7212,6410,1,0,426
4015,3219,1,0,339
0,0,0,0,0
3622,3216,0,0,155
3648,3274,0,0,113
19869,25900,1,0,352
0,0,0,0,0
11814,9593,3,0,956
3767,3178,2,0,310
13924,12462,2,0,929
0,0,0,0,0
6989,5999,2,0,467
2990,2663,0,0,162
7440,6468,1,0,505
13451,11690,1,0,803
3680,3250,1,0,268
10296,9069,3,0,850
2962,2661,0,0,137
38708,43842,16,1,2001
3396,3198,0,0,158
3283,3212,0,0,140
3670,3219,1,0,262
0,0,0,0,0
3622,3216,0,0,106
3543,3274,0,0,127
19348,25900,0,0,244
0,0,0,0,0
10089,9593,0,0,416
7016,6194,2,0,481
10023,9446,1,0,577
0,0,0,0,0
9859,8662,1,0,647
0,0,0,0,0
6345,6468,0,0,246
13377,11690,1,0,720
3482,3250,1,0,139
9523,9069,1,0,356
2865,2661,0,0,86
40389,44190,16,1,2630
6500,6410,0,0,115
0,0,0,0,0
3570,3219,1,0,143
0,0,0,0,0
3534,3216,1,0,176
3336,3274,0,0,47
19213,25900,0,0,99
0,0,0,0,0
9861,9593,1,0,358
12748,12411,4,0,830
6094,3229,0,0,72
0,0,0,0,0
8730,8662,0,0,178
0,0,0,0,0
6442,6468,0,0,124
12257,11690,0,0,220
3166,3250,0,0,54
9642,9069,1,0,278
2675,2661,0,0,56
36858,43780,6,1,1089
6930,6410,1,0,258
0,0,0,0,0
4107,3219,2,0,265
3726,3216,1,0,295
0,0,0,0,0
3304,3274,0,0,52
19136,25900,0,0,88
0,0,0,0,0
9704,9593,1,0,396
12937,12411,2,0,643
4426,3229,1,0,340
0,0,0,0,0
9544,8662,1,0,355
3102,3200,0,0,56
3567,3268,1,0,211
12424,11690,1,0,450
3154,3250,0,0,60
9547,9069,1,0,365
4629,2661,0,0,205
41555,43780,30,2,3848
6711,6410,1,0,323
0,0,0,0,0
3753,3219,1,0,195
3798,3216,1,0,175
0,0,0,0,0
23313,29174,2,0,536
0,0,0,0,0
0,0,0,0,0
10063,9593,3,0,518
13000,12411,1,0,620
3223,3229,0,0,52
0,0,0,0,0
8811,8662,0,0,163
3011,3200,0,0,57
6173,5958,0,0,101
9168,9000,0,0,148
3222,3250,0,0,62
9844,9069,1,0,321
5857,5962,0,0,110
35933,40889,10,1,1461
6521,6410,0,0,122
0,0,0,0,0
3226,3219,0,0,66
3521,3216,0,0,50
0,0,0,0,0
22278,29174,0,0,144
0,0,0,0,0
6289,5965,2,0,452
3581,3628,0,0,47
12897,12411,1,0,419
3672,3229,2,0,266
0,0,0,0,0
9045,8662,1,0,371
3113,3200,0,0,49
6212,5958,0,0,114
12567,12250,0,0,219
0,0,0,0,0
9489,9069,1,0,313
5998,5962,0,0,112
36274,40479,21,4,2670
6359,6410,0,0,123
0,0,0,0,0
3705,3219,1,0,175
3581,3216,1,0,145
0,0,0,0,0
22179,29174,0,0,152
0,0,0,0,0
9839,9593,1,0,348
0,0,0,0,0
14611,12412,1,2,349
3579,3229,1,0,207
0,0,0,0,0
9083,8662,0,0,167
3079,3200,0,0,61
9001,8666,0,0,194
9454,9542,0,0,170
0,0,0,0,0
10048,9069,1,0,296
10810,7633,4,0,594
28358,38870,5,0,532
6895,6410,0,0,124
0,0,0,0,0
3876,3219,1,0,176
3489,3216,1,0,198
0,0,0,0,0
22654,29174,1,0,371
0,0,0,0,0
9891,9593,1,0,324
0,0,0,0,0
13196,12411,2,0,478
3269,3229,0,0,54
0,0,0,0,0
8961,8662,0,0,197
3146,3200,0,0,56
9003,8666,0,0,166
9612,9542,0,0,173
3199,3196,0,0,67
5955,5873,0,0,138
19031,7981,18,2,2731
28997,38870,7,1,985
6427,6410,0,0,123
0,0,0,0,0
3449,3219,1,0,170
3421,3216,0,0,53
3430,3274,0,0,60
19338,25900,0,0,107
0,0,0,0,0
10265,9593,3,0,671
0,0,0,0,0
13033,12411,2,0,628
3268,3229,0,0,49
3296,3275,0,0,72
5614,5387,0,0,126
3073,3200,0,0,59
12113,11639,0,0,246
6688,6569,0,0,102
3569,3196,1,0,196
6442,5873,1,0,206
36396,43499,5,2,1192
3272,2937,0,0,77
6360,6410,0,0,132
3481,3219,1,0,146
0,0,0,0,0
3348,3216,0,0,49
3258,3274,0,0,57
19152,25900,0,0,116
0,0,0,0,0
9960,9593,1,0,332
0,0,0,0,0
16099,15640,3,0,666
0,0,0,0,0
3268,3275,0,0,67
5482,5387,0,0,128
6298,6468,0,0,111
12224,11690,0,0,291
3103,3250,0,0,49
9152,9069,0,0,165
2717,2661,0,0,50
39486,42483,7,0,1571
6489,6135,0,0,115
3432,3212,0,0,59
3278,3219,0,0,49
0,0,0,0,0
3640,3216,1,0,139
3290,3274,0,0,49
18966,25900,0,0,122
0,0,0,0,0
9857,9593,1,0,306
3476,3178,2,0,276
13980,12462,4,0,778
0,0,0,0,0
6172,5999,0,0,125
2825,2663,0,0,60
6474,6468,0,0,101
12390,11690,0,0,212
3294,3250,0,0,57
9707,9069,1,0,300
2778,2661,0,0,56
37186,43780,11,1,1361
6745,6410,0,0,114
0,0,0,0,0
3874,3219,1,0,184
0,0,0,0,0
3375,3216,0,0,68
3447,3274,0,0,69
19307,25900,1,0,300
0,0,0,0,0
9988,9593,1,0,336
10027,9473,2,0,326
6423,6167,0,0,142
0,0,0,0,0
9063,8662,0,0,164
0,0,0,0,0
6488,6468,0,0,105
12439,11690,0,0,214
3188,3250,0,0,62
11018,9069,1,0,308
3175,2661,0,0,64
40394,44190,13,1,2245
6547,6410,0,0,131
0,0,0,0,0
3543,3219,1,0,181
3687,3216,1,0,183
0,0,0,0,0
3515,3274,0,0,64
19444,25900,0,0,122
0,0,0,0,0
10123,9593,2,0,422
13036,12411,3,0,693
3165,3229,0,0,54
0,0,0,0,0
8658,8662,0,0,168
3118,3200,0,0,58
3230,3268,0,0,56
12028,11690,0,0,255
3284,3250,0,0,70
9625,9069,2,0,501
2680,2661,0,0,54
36224,43842,4,1,628
6184,6410,0,0,134
0,0,0,0,0
3162,3219,0,0,61
3339,3216,0,0,61
0,0,0,0,0
22297,29174,0,0,177
0,0,0,0,0
0,0,0,0,0
9694,9593,1,0,345
12277,12411,1,0,396
3427,3229,1,0,233
0,0,0,0,0
8524,8662,0,0,180
3042,3200,0,0,55
3087,3268,0,0,49
11789,11690,0,0,222
3101,3250,0,0,55
9089,9069,0,0,181
8579,4270,4,0,887
31114,42171,1,0,375
6254,6410,0,0,127
0,0,0,0,0
3459,3219,1,0,190
3472,3216,1,0,156
0,0,0,0,0
22153,29174,0,0,184
0,0,0,0,0
0,0,0,0,0
9540,9593,0,0,193
12459,12411,1,0,384
3189,3229,0,0,61
0,0,0,0,0
8882,8662,0,0,196
3064,3200,0,0,55
6166,5958,0,0,114
9366,9000,0,0,198
3171,3250,0,0,58
9369,9069,0,0,194
32340,40282,4,1,727
6873,6159,0,0,166
6655,6410,0,0,155
0,0,0,0,0
3290,3219,0,0,63
3771,3216,0,0,82
0,0,0,0,0
22426,29174,0,0,168
0,0,0,0,0
9533,9593,0,0,185
0,0,0,0,0
12874,12411,1,0,359
3330,3229,0,0,62
0,0,0,0,0
8840,8662,0,0,180
3152,3200,0,0,67
6050,5958,0,0,108
12455,12250,0,0,267
0,0,0,0,0
12159,9069,3,0,601
35771,40692,9,1,1478
6413,6159,0,0,131
6511,6410,0,0,116
0,0,0,0,0
3473,3219,1,0,172
3370,3216,0,0,52
0,0,0,0,0
22568,29174,0,0,177
0,0,0,0,0
10050,9593,3,0,560
0,0,0,0,0
13108,12411,1,0,356
3224,3229,0,0,51
0,0,0,0,0
8784,8662,0,0,163
3098,3200,0,0,58
9173,8666,0,0,146
9909,9542,1,0,318
3377,3196,0,0,53
5996,5873,0,0,115
36061,41512,6,1,1149
6512,6159,0,0,111
6267,6410,0,0,118
0,0,0,0,0
3232,3219,0,0,60
3390,3216,0,0,54
0,0,0,0,0
22301,29174,0,0,165
0,0,0,0,0
9774,9593,1,0,267
0,0,0,0,0
12955,12411,4,0,631
3179,3229,0,0,59
0,0,0,0,0
9512,8662,1,0,280
3302,3200,0,0,74
9136,8666,0,0,218
10455,9542,1,0,363
3174,3196,0,0,70
5822,5873,0,0,108
33667,40282,12,1,1392
6334,6159,0,0,111
6754,6410,1,0,229
0,0,0,0,0
3536,3219,1,0,154
4014,3216,2,0,252
3441,3274,0,0,77
18966,25900,0,0,102
0,0,0,0,0
9998,9593,2,0,357
0,0,0,0,0
13344,12411,5,0,846
3205,3229,0,0,65
3255,3275,0,0,50
5506,5387,0,0,121
3164,3200,0,0,66
12591,11639,1,0,371
6954,6569,2,0,346
3454,3196,1,0,195
5944,5873,0,0,130
39480,43976,8,1,1336
3083,2937,0,0,68
6304,6410,0,0,102
3439,3219,1,0,144
0,0,0,0,0
3311,3216,0,0,55
3264,3274,0,0,65
19090,25900,0,0,113
0,0,0,0,0
9601,9593,1,0,253
0,0,0,0,0
16145,15640,2,0,674
0,0,0,0,0
3224,3275,0,0,49
5344,5387,0,0,105
6214,6468,0,0,106
11962,11690,0,0,213
3116,3250,0,0,54
8633,6417,1,0,271
3129,2652,0,0,62
39991,43914,13,1,2097
3190,2937,0,0,60
6234,6410,0,0,121
3595,3219,1,0,214
0,0,0,0,0
3568,3216,1,0,142
3351,3274,0,0,51
19403,25900,0,0,92
0,0,0,0,0
9779,9593,1,0,374
3409,3178,1,0,204
12805,12462,1,0,560
0,0,0,0,0
5977,5999,0,0,110
2903,2663,0,0,99
6427,6468,0,0,106
12628,11690,2,0,436
3128,3250,0,0,63
9328,9069,0,0,171
2786,2661,0,0,59
35593,43780,5,0,709
3108,3198,0,0,61
3120,3212,0,0,64
3162,3219,0,0,59
0,0,0,0,0
3314,3216,0,0,53
3254,3274,0,0,55
18963,25900,0,0,100
0,0,0,0,0
9457,9593,0,0,176
3315,3178,1,0,150
13031,12462,1,0,576
0,0,0,0,0
9005,8662,0,0,151
0,0,0,0,0
6284,6468,0,0,108
12124,11690,0,0,204
3172,3250,0,0,49
9227,9069,0,0,165
8460,4270,4,0,834
43310083,49206400,1554,41414,2041871
72573726,98654605,502,38432,1935163
56058211,104065358,159,16212,877907
7931,3219,23,1,2920
0,0,0,0,0
7505,3216,20,1,2424
7530,3274,28,2,2413
25460,25900,35,3,3436
0,0,0,0,0
20573,9593,54,6,5893
19671,9473,65,4,6137
14358,6167,40,4,4430
0,0,0,0,0
19036,8662,54,5,5673
0,0,0,0,0
14690,6468,42,3,5017
25138,11690,69,7,7816
7495,3250,22,1,2437
19746,9069,61,5,6183
13763,4270,24,1,3018
42182479,59509664,1561,10283,566471
66341966,83400328,2069,18161,1037488
66446150,83663437,2045,23810,1204718
66297593,83868437,2251,32330,1446107
66189913,83735963,2339,38914,1654495
66183208,82904215,2449,42297,1885543
67556649,90758849,1640,32948,1508005
69509144,98957467,211,18687,954630
70147412,112666066,115,14206,788615
57065848,103059573,70,7677,386294
12840,9473,5,0,1140
9313,6167,7,0,2232
0,0,0,0,0
11514,8662,4,0,1327
0,0,0,0,0
8403,6468,4,0,918
15053,11690,4,0,1321
4042,3250,2,0,392
15299,9069,9,0,2299
8422805,16148377,45,746,41311
60262559,119414703,53,4659,212747
61200780,119230563,41,4774,240917
61558720,118396625,17,5131,263322
61646372,118409469,33,5895,263982
61702199,117758989,51,5839,287972
62301070,117240961,55,6271,307435
54634254,102859009,120,6330,291119
63231088,125584190,58,6088,327810
63916967,131814962,63,6055,279824
65733900,152397242,65,5376,191056
67562466,158032473,50,5727,187114
67437672,157789717,49,5862,190488
67755777,155611642,54,6263,296104
68059483,156255577,95,6519,270874
73905267,183960474,58,4346,224729
79233754,205159970,40,3025,142340
56347782,145247772,42,2095,151465
5645,3250,4,0,920
13341,9069,8,0,1580
72562,40257,87,2,14875
12752,9460,6,0,1553
8289,6410,6,0,1003
0,0,0,0,0
4133,3219,2,0,397
4498,3216,3,0,441
0,0,0,0,0
4170,3274,2,0,243
20414,25900,2,0,485
0,0,0,0,0
11176,9593,3,0,709
16296,12411,8,0,1385
4153,3229,3,0,445
0,0,0,0,0
10212,8662,1,0,438
3893,3200,2,0,363
4203,3268,2,0,390
13949,11690,5,0,1322
3973,3250,0,0,231
9578,9069,1,0,320
34405,36981,30,0,2698
10541,9460,2,0,535
7299,6410,2,0,381
0,0,0,0,0
3481,3219,1,0,182
3615,3216,1,0,194
0,0,0,0,0
23151,29174,1,0,338
0,0,0,0,0
0,0,0,0,0
12394,9593,4,0,847
13310,12411,3,0,603
3658,3229,2,0,254
0,0,0,0,0
9306,8662,0,0,195
3119,3200,0,0,53
6530,5958,0,0,129
9572,9000,1,0,394
3151,3250,0,0,59
10226,9069,2,0,608
38650,41102,30,1,2826
6569,6159,1,0,281
7264,6410,1,0,328
0,0,0,0,0
3502,3219,1,0,159
5457,3216,3,0,478
0,0,0,0,0
24167,29174,2,0,525
0,0,0,0,0
6550,5965,2,0,424
3386,3628,0,0,57
14062,12411,4,0,692
3690,3229,2,0,444
0,0,0,0,0
10013,8662,4,0,1080
3280,3200,0,0,56
6141,5958,0,0,98
13129,12250,2,0,480
0,0,0,0,0
10331,9069,2,0,408
38510,40282,28,1,2801
6739,6159,1,0,293
6447,6410,0,0,118
0,0,0,0,0
3445,3219,1,0,161
3469,3216,0,0,49
0,0,0,0,0
22768,29174,1,0,264
0,0,0,0,0
11143,9593,3,0,819
0,0,0,0,0
13014,12411,1,0,386
3635,3229,3,0,385
0,0,0,0,0
9178,8662,1,0,331
3094,3200,0,0,57
8959,8666,0,0,136
9459,9542,0,0,157
0,0,0,0,0
13953,10678,2,0,480
29477,38673,16,0,1645
6988,6159,1,0,296
6272,6410,0,0,127
0,0,0,0,0
3393,3219,1,0,161
3339,3216,0,0,57
0,0,0,0,0
22405,29174,0,0,158
0,0,0,0,0
10022,9593,2,0,452
0,0,0,0,0
12458,12411,0,0,266
3167,3229,0,0,59
0,0,0,0,0
8620,8662,0,0,164
2961,3200,0,0,47
12329,8666,24,2,2359
18563,9542,62,4,5742
7470,3196,25,1,2303
22019,7482,48,3,7441
41846,38673,125,8,12471
12275,6159,38,2,3766
12074,6410,41,3,3600
0,0,0,0,0
6708,3219,20,2,1998
6658,3216,21,2,2007
0,0,0,0,0
30629,29174,53,4,4959
0,0,0,0,0
18015,9593,52,4,5124
0,0,0,0,0
23323,12411,78,6,6989
6526,3229,20,1,1903
0,0,0,0,0
16839,8662,51,4,5104
6337,3200,19,2,1902
17190,8666,51,3,5133
18557,9542,60,4,5671
6643,3196,22,1,1786
18187,7548,46,2,4576
38886,38673,132,4,10961
12634,6159,40,3,3950
12637,6410,41,3,3764
0,0,0,0,0
6878,3219,21,1,1907
6778,3216,21,1,2168
6594,3274,19,1,1895
24508,25900,33,2,3450
0,0,0,0,0
17747,9593,50,5,5320
0,0,0,0,0
23037,12411,76,4,7005
6380,3229,20,1,1905
6588,3275,20,1,1955
11215,5387,32,2,3413
6313,3200,20,1,1894
16758,8666,50,4,5047
17980,9542,59,4,5660
6973,3196,23,1,2017
11703,5873,66,9,14090
52135,40284,98,0,662
7824,6159,6,0,923
8104,6410,7,0,775
0,0,0,0,0
3656,3219,2,0,252
3841,3216,2,0,261
0,0,0,0,0
24589,29174,5,0,861
0,0,0,0,0
10633,9593,3,0,562
0,0,0,0,0
14342,12411,9,0,1611
3833,3229,2,0,255
0,0,0,0,0
9688,8662,2,0,408
3597,3200,2,0,202
6798,5958,3,0,491
13871,12250,6,0,864
0,0,0,0,0
10103,9069,5,0,802
33890,40282,24,2,2451
6419,6159,0,0,166
6724,6410,1,0,274
0,0,0,0,0
3292,3219,0,0,59
3441,3216,0,0,57
0,0,0,0,0
22789,29174,1,0,328
0,0,0,0,0
10482,9593,2,0,452
0,0,0,0,0
13948,12411,3,0,784
3566,3229,1,0,243
0,0,0,0,0
9371,8662,1,0,321
3158,3200,0,0,58
9072,8666,0,0,168
9621,9542,0,0,158
0,0,0,0,0
9234,9069,0,0,166
35186,40282,22,0,2597
6659,6159,1,0,306
7048,6410,1,0,367
0,0,0,0,0
3400,3219,1,0,208
3339,3216,0,0,59
0,0,0,0,0
22727,29174,2,0,421
0,0,0,0,0
9547,9593,0,0,184
0,0,0,0,0
12993,12411,1,0,353
3081,3229,0,0,55
0,0,0,0,0
9259,8662,1,0,338
5370,3200,12,1,1464
11216,8666,6,0,1018
11065,9542,10,0,1184
0,0,0,0,0
10261,9069,5,0,801
38157,40282,67,1,5773
7007,6159,2,0,446
6915,6410,4,0,476
0,0,0,0,0
3355,3219,1,0,187
3599,3216,1,0,217
0,0,0,0,0
23156,29174,2,0,539
0,0,0,0,0
10228,9593,2,0,518
0,0,0,0,0
13670,12411,5,0,1120
3303,3229,0,0,50
0,0,0,0,0
9763,8662,2,0,476
3163,3200,0,0,67
9788,8666,0,0,203
9848,9542,1,0,411
3292,3196,0,0,51
11562,7482,5,0,848
30076,38673,30,0,2205
6738,6159,1,0,257
6529,6410,1,0,261
0,0,0,0,0
3303,3219,1,0,174
3406,3216,0,0,58
3847,3274,0,0,70
19614,25900,2,0,413
0,0,0,0,0
9887,9593,1,0,422
0,0,0,0,0
13332,12411,2,0,695
3488,3229,0,0,66
3212,3275,0,0,63
5787,5387,1,0,243
3109,3200,0,0,68
12386,11639,1,0,381
7050,6569,2,0,652
3457,3196,0,0,49
10001,7548,2,0,366
28928,38673,13,1,1478
6590,6159,1,0,274
6553,6410,1,0,221
3365,3219,1,0,182
0,0,0,0,0
3406,3216,0,0,59
3296,3274,0,0,58
19233,25900,1,0,296
0,0,0,0,0
10049,9593,3,0,594
0,0,0,0,0
16436,15640,3,0,881
0,0,0,0,0
3877,3275,0,0,83
5726,5387,0,0,117
6986,6468,0,0,140
12763,11690,2,0,548
3163,3250,0,0,49
6433,6417,0,0,108
8794,4261,5,0,834
33309,41895,20,1,2320
2999,2937,0,0,53
6678,6410,1,0,263
3502,3219,1,0,207
0,0,0,0,0
3639,3216,1,0,196
3226,3274,0,0,52
19499,25900,2,0,412
0,0,0,0,0
9902,9593,1,0,387
3406,3178,1,0,200
13395,12462,2,0,515
0,0,0,0,0
6161,5999,0,0,123
2740,2663,0,0,54
8048,6468,0,0,443
12669,11690,2,0,605
3462,3250,1,0,220
8983,9069,0,0,165
29604,36981,14,1,1469
9879,9460,1,0,280
3420,3198,1,0,181
3072,3212,0,0,60
3555,3219,1,0,173
0,0,0,0,0
3283,3216,0,0,60
3267,3274,0,0,60
19390,25900,1,0,311
0,0,0,0,0
10147,9593,3,0,536
6523,6194,1,0,234
12609,9446,2,0,547
0,0,0,0,0
8986,8662,0,0,177
0,0,0,0,0
6466,6468,0,0,115
12203,11690,0,0,247
3188,3250,0,0,54
9694,9069,1,0,327
31018,36976,18,0,2039
10205,9460,1,0,390
6444,6410,1,0,260
0,0,0,0,0
3560,3219,1,0,200
0,0,0,0,0
3304,3216,0,0,53
3869,3274,0,0,49
19339,25900,1,0,297
0,0,0,0,0
9952,9593,1,0,413
13005,12411,2,0,664
3476,3229,1,0,214
0,0,0,0,0
8888,8662,0,0,156
3150,3200,0,0,69
3194,3268,0,0,46
12282,11690,1,0,395
3146,3250,0,0,54
13559,10678,3,0,612
25260,35367,12,1,1152
10217,9460,1,0,313
6474,6410,1,0,252
0,0,0,0,0
3400,3219,1,0,176
3284,3216,0,0,65
0,0,0,0,0
19408,25896,0,0,132
3592,3278,1,0,238
0,0,0,0,0
10399,9593,2,0,523
13028,12411,2,0,668
3573,3229,1,0,252
0,0,0,0,0
8828,8662,0,0,174
3091,3200,0,0,60
3196,3268,0,0,64
12076,11690,0,0,282
3087,3250,0,0,49
15813,10678,9,0,1563
25266,35372,12,1,1216
10374,9460,2,0,565
6610,6410,1,0,233
0,0,0,0,0
3568,3219,1,0,168
3352,3216,0,0,56
0,0,0,0,0
22498,29174,1,0,318
0,0,0,0,0
0,0,0,0,0
9452,9593,0,0,195
12538,12411,1,0,408
3203,3229,0,0,101
0,0,0,0,0
8651,8662,0,0,170
4039,3200,0,0,352
6617,5958,1,0,237
9075,9000,0,0,173
3230,3250,0,0,53
19466,12384,5,0,832
28802,38673,10,1,1241
6404,6159,1,0,222
6708,6410,1,0,225
0,0,0,0,0
3567,3219,1,0,171
3260,3216,0,0,51
0,0,0,0,0
22324,29174,1,0,313
0,0,0,0,0
6617,5965,2,0,475
3419,3628,0,0,51
12974,12411,3,0,604
3347,3229,1,0,201
0,0,0,0,0
8905,8662,0,0,177
3509,3200,0,0,71
6072,5958,0,0,116
12913,12250,1,0,370
0,0,0,0,0
14797,10678,3,0,895
29294,38673,14,1,1434
6453,6159,1,0,267
6544,6410,1,0,233
0,0,0,0,0
3396,3219,1,0,179
3309,3216,0,0,65
0,0,0,0,0
22562,29174,1,0,349
0,0,0,0,0
9566,9593,0,0,182
0,0,0,0,0
12913,12411,2,0,660
3183,3229,0,0,59
0,0,0,0,0
9180,8662,1,0,365
2974,3200,0,0,70
9060,8666,1,0,295
9362,9542,0,0,155
0,0,0,0,0
13954,10678,3,0,611
28557,38673,8,0,1016
6626,6159,1,0,276
6476,6410,1,0,231
0,0,0,0,0
3166,3219,0,0,58
3584,3216,1,0,206
0,0,0,0,0
22633,29174,1,0,355
0,0,0,0,0
9519,9593,0,0,190
0,0,0,0,0
13044,12411,2,0,596
3219,3229,0,0,53
0,0,0,0,0
8543,8662,0,0,154
3024,3200,0,0,47
8862,8666,0,0,157
9701,9542,1,0,334
3211,3196,0,0,54
33425,40193,11,0,1664
6066,5962,0,0,124
6712,6159,1,0,261
6758,6410,1,0,230
0,0,0,0,0
3320,3219,1,0,171
3681,3216,1,0,178
3078,3274,0,0,65
18947,25900,0,0,127
0,0,0,0,0
9417,9593,0,0,165
0,0,0,0,0
12457,12411,1,0,385
3085,3229,0,0,62
3414,3275,0,0,67
5992,5387,1,0,287
3093,3200,0,0,52
12029,11639,0,0,268
6153,6569,0,0,103
3056,3196,0,0,49
32299,40193,5,0,819
5877,5962,0,0,105
6481,6159,1,0,220
6639,6410,1,0,219
0,0,0,0,0
3297,3219,1,0,165
3385,3216,0,0,52
3446,3274,0,0,87
18850,25900,0,0,96
0,0,0,0,0
9590,9593,0,0,177
0,0,0,0,0
13195,12411,3,0,591
3217,3229,0,0,49
3121,3275,0,0,49
5811,5387,1,0,280
6177,6468,0,0,108
12378,11690,1,0,442
3149,3250,0,0,54
37189,40737,23,3,3391
2900,2652,0,0,56
9394,9184,1,0,276
2902,2937,0,0,61
6346,6410,0,0,109
3319,3219,1,0,160
0,0,0,0,0
3320,3216,0,0,49
3211,3274,0,0,56
18816,25900,0,0,102
0,0,0,0,0
9356,9593,0,0,180
0,0,0,0,0
16085,15640,2,0,666
0,0,0,0,0
6026,5999,0,0,126
2596,2663,0,0,60
6796,6468,0,0,115
11953,11690,0,0,280
3069,3250,0,0,53
37559,43865,8,0,1110
2860,2661,0,0,72
9317,9460,1,0,287
3188,3198,1,0,225
3262,3212,0,0,57
3305,3219,1,0,207
0,0,0,0,0
3266,3216,0,0,49
3088,3274,0,0,59
19480,25900,1,0,406
0,0,0,0,0
10290,9593,2,0,534
3312,3178,1,0,201
12944,12462,2,0,650
0,0,0,0,0
8796,8662,0,0,175
0,0,0,0,0
6237,6468,0,0,125
11956,11690,0,0,215
3366,3250,1,0,198
36762,43389,16,0,1788
2741,2661,0,0,58
9794,9460,1,0,311
6223,6410,0,0,117
0,0,0,0,0
3347,3219,1,0,170
0,0,0,0,0
3188,3216,0,0,57
3251,3274,0,0,60
18840,25900,0,0,101
0,0,0,0,0
9123,9593,0,0,169
9765,9473,2,0,405
6580,6167,2,0,537
0,0,0,0,0
10147,8662,2,0,674
0,0,0,0,0
6604,6468,0,0,119
12633,11690,0,0,256
3188,3250,0,0,61
36349,43389,10,0,1371
2796,2661,0,0,64
9461,9460,0,0,180
6483,6410,1,0,228
0,0,0,0,0
3355,3219,1,0,170
0,0,0,0,0
3232,3216,0,0,65
3273,3274,0,0,67
19103,25900,0,0,108
0,0,0,0,0
9605,9593,1,0,362
12911,12411,3,0,645
3518,3229,1,0,217
0,0,0,0,0
9129,8662,0,0,181
7621,3200,20,1,1996
7797,3268,21,1,2079
15380,11690,15,1,2050
4091,3250,6,0,540
45528,43789,89,4,7395
2798,2661,0,0,71
10950,9460,6,0,911
7187,6410,4,0,440
0,0,0,0,0
3672,3219,3,0,318
3940,3216,2,0,288
0,0,0,0,0
20292,25896,3,0,485
3898,3278,2,0,321
0,0,0,0,0
10500,9593,2,0,384
14463,12411,6,0,974
3690,3229,2,0,191
0,0,0,0,0
9358,8662,1,0,300
3548,3200,2,0,192
3276,3268,0,0,52
12299,11690,0,0,207
3225,3250,0,0,53
41773,44609,27,0,2626
2765,2661,0,0,49
9784,9460,0,0,169
6374,6410,0,0,114
0,0,0,0,0
3433,3219,0,0,51
3550,3216,0,0,76
0,0,0,0,0
22575,29174,0,0,150
0,0,0,0,0
0,0,0,0,0
9751,9593,0,0,187
13046,12411,0,0,265
6032,3229,0,0,65
0,0,0,0,0
9100,8662,0,0,176
3827,3200,0,0,199
6406,5958,0,0,105
9319,9000,0,0,193
3065,3250,0,0,50
39130,43389,6,0,725
6036,5962,0,0,97
6477,6159,0,0,109
6222,6410,0,0,101
0,0,0,0,0
3243,3219,0,0,66
3441,3216,0,0,82
0,0,0,0,0
22687,29174,1,0,329
0,0,0,0,0
9505,9593,0,0,196
0,0,0,0,0
13235,12411,2,0,526
3365,3229,1,0,174
0,0,0,0,0
11346,8662,1,0,834
3473,3200,0,0,79
9096,8666,0,0,161
10119,9542,2,0,427
5455,1675,4,0,703
35614,41780,9,1,1203
6077,5962,0,0,100
13621,6159,30,1,2883
10819,6410,13,1,1454
0,0,0,0,0
4055,3219,3,0,274
4246,3216,4,0,516
0,0,0,0,0
24811,29174,7,0,872
0,0,0,0,0
11555,9593,6,0,1176
0,0,0,0,0
15049,12411,10,0,1094
4110,3229,4,0,450
0,0,0,0,0
10431,8662,5,0,882
3979,3200,3,0,266
10457,8666,6,0,857
11427,9542,8,0,994
36838,37516,66,2,4884
6746,5873,4,0,523
6778,5962,2,0,368
6944,6159,1,0,310
6579,6410,0,0,126
0,0,0,0,0
3524,3219,0,0,81
3437,3216,0,0,55
3536,3274,0,0,66
19324,25900,1,0,220
0,0,0,0,0
10412,9593,2,0,441
0,0,0,0,0
14342,12411,4,0,1183
3378,3229,0,0,54
4109,3275,1,1,114
5837,5387,0,0,129
3490,3200,0,0,57
12493,11639,0,0,211
6945,6569,2,0,299
33111,37516,29,1,2848
6455,5873,0,0,155
6219,5962,0,0,125
7008,6159,1,0,281
6393,6410,0,0,118
0,0,0,0,0
3432,3219,0,0,51
6805,3216,20,1,2063
4944,3274,7,1,778
20025,25900,7,0,836
0,0,0,0,0
11360,9593,8,0,1190
0,0,0,0,0
14977,12411,10,0,1322
3938,3229,4,0,457
4091,3275,3,0,346
6326,5387,2,0,451
3898,3200,3,0,230
13936,11639,8,0,1277
7529,6569,6,0,586
40334,37516,90,5,7593
6974,5873,3,0,568
10579,9184,4,0,745
3470,2937,2,0,352
7462,6410,4,0,450
3847,3219,3,0,346
0,0,0,0,0
3724,3216,1,0,201
3654,3274,0,0,55
19357,25900,0,0,112
0,0,0,0,0
10135,9593,1,0,317
0,0,0,0,0
18284,15640,3,0,1049
0,0,0,0,0
5278,3275,7,1,899
7718,5387,2,0,598
3419,3200,2,0,338
13684,11639,5,0,820
7333,6569,3,0,498
172143,192187,92,61,10555
6913,5873,2,0,319
6992,5962,3,0,490
7135,6159,4,0,666
7426,6410,2,0,422
3856,3219,2,0,251
0,0,0,0,0
3481,3216,0,0,67
95777,118652,4,64,1919
40846,50402,1,20,1481
3649,3189,0,0,81
10709,9593,1,0,377
0,0,0,0,0
71949,80004,9,54,3626
0,0,0,0,0
3552,3275,0,0,61
6281,5387,2,0,467
55771,63932,4,46,2451
17223,14968,4,0,917
67539,71148,20,42,3649
371765,488229,27,66,4259
324361,454828,0,38,1406
69746,78437,2,54,3032
548591,747651,3,92,2884
87813,107343,4,60,2883
26663,31463,0,24,1201
0,0,0,0,0
910840,1288499,4,145,4878
118281,166053,2,10,468
369967,481451,3,70,4031
726226,1058959,10,180,5257
283863,375970,6,91,3694
13923,11910,5,0,881
26933,25555,7,12,2394
96063,121642,4,28,1119
358071,508966,6,63,2862
16220,14321,4,0,947
146356,181445,6,80,3632
670576,1009807,7,71,3662
340910,528190,42,24,5988
80068,118950,0,3,579
12536,11556,3,0,721
21885,20418,1,0,566
20308,18784,4,0,1090
19091,17829,2,2,864
13044,11843,2,0,570
9128,8860,0,0,203
10024,8848,1,0,335
163352,253109,0,20,896
25169,31508,0,0,265
6480,5919,0,0,143
10351,9286,1,0,369
10226,8878,3,1,601
6499,6072,0,0,116
21533,20462,0,0,458
9664,8617,2,0,486
15135,14578,0,0,323
6360,5955,0,0,111
18914,17206,0,0,458
54650,50928,44,7,5617
6140,5604,0,0,119
9327,8573,0,0,172
0,0,0,0,0
6073,5878,0,0,142
3177,2967,0,0,69
19210,17895,2,0,788
9434,8647,1,0,296
9437,8896,1,0,310
3130,2988,0,0,59
24958,31503,0,0,259
3300,3030,0,0,70
15833,15152,0,0,323
12312,11882,0,0,255
3009,3015,0,0,65
4832,2967,9,1,1098
7496,5934,3,2,883
10012,8365,4,0,853
3483,2934,2,0,272
17730,14257,6,0,1093
42785,43230,78,5,6602
3283,2967,0,0,85
19263,17381,5,0,1303
2846,2661,0,0,72
6526,5914,1,0,269
0,0,0,0,0
12732,11803,2,0,558
6610,5997,0,0,125
6361,5903,2,0,452
8988,8855,0,0,183
15888,22622,0,0,58
12751,12027,0,0,247
9462,9265,0,0,182
6608,5875,1,0,267
0,0,0,0,0
0,0,0,0,0
6194,5694,0,0,115
6049,5615,0,0,134
12114,11624,0,0,220
9054,8371,0,0,208
39530,43209,30,3,2933
9169,8724,0,0,159
11830,11516,0,0,229
3262,2937,0,0,71
6113,5943,0,0,125
3118,3026,0,0,60
6443,5914,1,0,303
6093,5880,0,0,116
0,0,0,0,0
6590,5897,3,0,452
15802,22622,0,0,68
3183,2941,0,0,55
9386,9355,0,0,163
6268,5960,0,0,244
9368,8900,1,0,305
0,0,0,0,0
15995,14347,4,0,956
2881,2663,0,0,65
6029,5961,0,0,139
12218,11323,0,0,272
35137,37662,26,3,3280
3174,2652,0,0,166
5990,5602,0,0,117
6100,5892,0,0,130
3112,2967,0,0,67
9621,9030,2,0,419
2997,3015,0,0,53
6445,5858,1,0,267
6316,5908,0,0,118
0,0,0,0,0
18713,25589,0,0,113
0,0,0,0,0
12572,12228,0,0,276
3069,2941,0,0,58
9356,8921,0,0,162
0,0,0,0,0
14677,14032,0,0,288
0,0,0,0,0
3537,2973,0,0,76
12135,11428,0,0,219
36456,40267,23,3,2721
2935,2652,0,0,52
2891,2661,0,0,49
6157,5892,0,0,97
3210,2945,0,0,64
6208,5973,0,0,118
9648,8849,1,0,340
6200,5869,0,0,105
3579,2963,1,0,213
3132,2963,0,0,63
18813,25596,0,0,117
0,0,0,0,0
6615,6298,0,0,122
3196,2984,0,0,77
4749,2966,6,1,826
3983,3057,1,0,267
16233,14032,7,0,1140
3620,3015,2,0,321
3265,2973,0,0,58
9302,8371,2,0,566
39533,40285,63,6,5879
3224,2652,0,0,189
9434,8543,1,0,269
9599,8844,2,0,471
0,0,0,0,0
6692,5973,1,0,321
3418,2930,1,0,207
3028,2928,0,0,62
3341,2963,1,0,206
3317,2963,1,0,215
19121,25596,1,0,233
0,0,0,0,0
6589,6298,0,0,122
3287,2984,1,0,254
6262,6019,0,0,117
9282,8897,0,0,168
12115,11113,1,0,392
0,0,0,0,0
3307,2973,0,0,52
19695,12921,16,3,2198
25491,35643,11,0,906
6246,5600,0,0,142
6041,5602,0,0,112
6171,5892,0,0,101
0,0,0,0,0
6636,5973,1,0,263
6587,5858,2,0,308
0,0,0,0,0
3481,2963,2,0,301
3017,2963,0,0,59
18909,25596,1,0,235
0,0,0,0,0
13237,12249,0,0,427
3284,3053,0,0,48
3068,2966,0,0,54
9339,8672,1,0,277
9225,8371,1,0,358
3197,2937,0,0,68
3192,2973,0,0,58
21193,11210,18,3,2820
25475,35638,9,0,1067
11866,5600,29,2,3237
7529,5602,9,0,1185
7067,5892,7,0,915
0,0,0,0,0
7259,5973,4,0,741
6442,5858,6,0,758
0,0,0,0,0
3665,2963,2,0,278
3210,2963,3,0,299
19577,25596,3,0,469
3484,2963,2,0,385
10720,9282,5,0,1001
3696,3053,3,0,455
3480,2966,2,0,327
9725,8672,5,0,816
9808,8371,4,0,897
3607,2937,2,0,247
3398,2973,2,0,335
17284,9980,22,3,2680
26748,35643,58,4,4147
6189,5600,0,0,139
6033,5602,1,0,346
6026,5892,0,0,112
0,0,0,0,0
6618,5973,0,0,235
6110,5858,1,0,238
0,0,0,0,0
7030,5926,0,0,231
15777,22622,0,0,55
3107,2974,0,0,60
3153,2963,0,0,64
10484,9282,0,0,333
5096,3053,11,1,1233
4401,2966,2,0,553
10034,8672,7,0,1037
9374,8371,3,0,536
3663,2937,1,0,205
3284,2973,0,0,53
41354,42691,62,5,5966
3245,2932,0,0,58
6539,5600,1,0,320
5994,5602,0,0,109
6709,5892,1,0,317
0,0,0,0,0
6801,5973,1,0,361
6268,5858,1,0,282
0,0,0,0,0
6749,5926,3,0,502
15862,22622,0,0,71
3331,2974,2,0,238
3329,2963,1,0,265
10085,9282,3,0,599
3338,3053,0,0,65
3323,2966,2,0,255
12523,11656,1,0,439
6116,5387,1,0,286
3371,2937,1,0,191
6304,5663,0,0,132
39398,42933,35,2,3772
0,0,0,0,0
6140,5600,0,0,145
6076,5602,0,0,132
6115,5892,0,0,146
0,0,0,0,0
6209,5973,0,0,131
6158,5858,1,0,243
0,0,0,0,0
6464,5926,2,0,328
15651,22622,0,0,63
3128,2974,0,0,65
5992,5633,0,0,141
6700,6612,0,0,149
3563,3053,1,0,243
3308,2966,1,0,212
12511,11656,1,0,368
6007,5387,0,0,119
3301,2937,1,0,204
6170,5663,0,0,119
39762,42999,22,4,3129
0,0,0,0,0
6090,5600,0,0,126
6020,5602,0,0,105
6056,5892,0,0,132
0,0,0,0,0
6265,5973,0,0,108
6286,5858,1,0,232
0,0,0,0,0
6104,5926,0,0,122
15827,22622,0,0,52
3123,2974,0,0,54
9693,9261,0,0,186
3052,2984,0,0,51
3284,3053,0,0,55
3319,2966,2,0,303
12445,11656,1,0,392
5704,5387,0,0,100
3296,2937,1,0,171
38479,42691,19,3,2496
6227,5905,0,0,137
0,0,0,0,0
9073,8541,0,0,157
2933,2661,0,0,48
6092,5892,0,0,115
3052,3026,0,0,52
3051,2947,0,0,58
6450,5858,1,0,233
0,0,0,0,0
6122,5926,0,0,101
15727,22622,0,0,51
3201,2974,0,0,54
9699,9261,0,0,168
5021,2984,4,1,875
3770,3053,1,0,217
3454,2966,1,0,236
13146,11656,10,0,1347
5839,5387,1,0,267
3101,2937,1,0,186
43849,43101,50,7,5929
6051,5905,0,0,139
0,0,0,0,0
9609,8541,1,0,516
2824,2661,0,0,51
6470,5892,3,0,502
3344,3026,1,0,246
3397,2947,1,0,215
6301,5858,1,0,271
0,0,0,0,0
6388,5926,3,0,433
15864,22622,0,0,54
3226,2974,0,0,52
9922,9261,1,0,365
2935,2984,0,0,53
6654,6019,1,0,274
0,0,0,0,0
12124,11656,0,0,235
6032,5387,1,0,261
3250,2937,1,0,223
39293,42691,28,4,3170
6120,5905,0,0,124
0,0,0,0,0
8902,8541,0,0,175
2910,2661,0,0,60
5927,5892,0,0,115
3009,3026,0,0,61
3016,2947,0,0,57
6582,5858,1,0,240
0,0,0,0,0
5984,5926,1,0,284
15667,22622,0,0,53
3469,2974,1,0,217
9929,9261,1,0,342
2967,2984,0,0,50
6496,6019,2,0,440
3298,3011,0,0,66
9248,8645,2,0,457
5900,5387,1,0,237
3336,2937,1,0,239
42811,45664,26,3,3076
2947,2932,0,0,65
0,0,0,0,0
9362,8541,0,0,281
2957,2661,0,0,54
6067,5892,0,0,114
2999,3026,0,0,51
3099,2947,0,0,54
6486,5858,2,0,297
0,0,0,0,0
6698,5926,1,0,233
15671,22622,0,0,72
3254,2974,0,0,71
9601,9261,0,0,163
2974,2984,0,0,52
6682,6019,1,0,291
3267,3011,0,0,63
12113,11369,1,0,362
2879,2663,0,0,54
6361,5910,1,0,274
42890,43101,36,7,4055
3000,2932,0,0,50
2956,2652,0,0,68
8860,8550,0,0,179
6118,5892,0,0,119
0,0,0,0,0
6065,5973,0,0,107
0,0,0,0,0
6149,5858,1,0,230
3302,2963,1,0,172
3173,2963,1,0,180
18606,25596,0,0,105
0,0,0,0,0
9683,9261,0,0,199
4823,2984,8,0,952
7859,6019,5,0,1020
4047,3011,5,0,642
16380,14032,6,0,1262
0,0,0,0,0
15281,7585,19,4,2350
33592,41082,51,3,4159
3004,2932,0,0,49
3185,2652,0,0,184
9255,8550,1,0,350
6760,5892,3,0,609
0,0,0,0,0
6718,5973,2,0,431
0,0,0,0,0
6286,5858,1,0,281
3315,2963,0,0,60
3341,2963,1,0,197
19247,25596,1,0,277
0,0,0,0,0
10226,9261,0,0,193
3277,2984,0,0,70
6344,6019,1,0,309
6656,5930,2,0,600
11946,11113,1,0,386
0,0,0,0,0
15620,7519,17,4,2341
31927,41082,12,0,1379
3174,2932,0,0,62
5932,5600,0,0,126
5940,5602,1,0,278
6663,5892,1,0,291
0,0,0,0,0
5972,5973,0,0,130
3275,2930,1,0,215
2995,2928,0,0,61
3280,2963,0,0,51
3060,2963,0,0,82
18891,25596,0,0,108
3306,2963,0,0,59
9286,9282,0,0,182
3052,3053,0,0,58
3219,2966,1,0,241
12323,11656,1,0,386
7001,5388,3,0,265
3129,2937,1,0,241
34663,37293,26,3,3157
11266,8371,6,0,935
3443,2932,1,0,243
6895,5600,1,0,573
6099,5602,1,0,269
6652,5892,4,0,603
0,0,0,0,0
6999,5973,3,0,478
6108,5858,1,0,263
0,0,0,0,0
6789,5926,4,0,524
15718,22622,0,0,60
3344,2974,1,0,212
3471,2963,1,0,221
10949,9282,4,1,700
3517,3053,2,0,290
3290,2966,2,0,370
12877,11656,6,0,1012
5897,5387,0,0,117
3205,2937,1,0,258
43615,41213,62,9,6440
9121,8613,0,0,168
0,0,0,0,0
5971,5600,0,0,109
5990,5602,0,0,122
6228,5892,1,0,249
0,0,0,0,0
6229,5973,0,0,120
6297,5858,1,0,267
0,0,0,0,0
6158,5926,0,0,106
15677,22622,0,0,52
3376,2974,1,0,239
4431,2963,3,1,733
11276,9282,5,0,904
3503,3053,2,0,288
3464,2966,2,0,404
12919,11656,6,0,1050
6157,5387,1,0,291
3216,2937,1,0,277
39132,39983,53,8,5529
8920,8613,0,0,163
0,0,0,0,0
6249,5600,1,0,431
6433,5602,1,0,302
6587,5892,3,0,588
0,0,0,0,0
7088,5973,3,0,623
6299,5858,1,0,273
0,0,0,0,0
6846,5926,4,0,728
15795,22622,0,0,51
3151,2974,0,0,70
9653,9261,0,0,180
3308,2984,0,0,50
3181,3053,0,0,54
3436,2966,2,0,362
12927,11656,2,0,546
6210,5387,1,0,285
11478,4546,17,2,2055
34714,41082,12,0,1193
6158,5905,0,0,137
0,0,0,0,0
9343,8541,0,0,167
5044,2661,4,0,730
7475,5892,2,0,515
0,0,0,0,0
7047,5973,3,0,580
6526,5858,2,0,435
0,0,0,0,0
6570,5926,4,0,471
15613,22622,0,0,51
3077,2974,0,0,75
9883,9261,1,0,330
3470,2984,2,0,289
6727,6019,3,0,510
0,0,0,0,0
12410,11656,3,0,563
5906,5387,1,0,261
11784,4612,17,4,2232
35756,41082,39,2,3087
5909,5905,0,0,105
0,0,0,0,0
9567,8541,2,0,513
2792,2661,0,0,52
6182,5892,0,0,123
3187,3026,0,0,57
2998,2947,0,0,64
6135,5858,2,0,376
0,0,0,0,0
6167,5926,1,0,260
15702,22622,0,0,57
3142,2974,0,0,49
9555,9261,0,0,156
3064,2984,0,0,52
6451,6019,1,0,271
3767,3012,5,0,71
10453,8645,1,0,279
6174,5387,1,0,275
10855,4546,17,4,2149
38050,44055,15,1,1590
3040,2932,0,0,51
0,0,0,0,0
9309,8541,0,0,171
2894,2661,0,0,75
6186,5892,0,0,108
3154,3026,0,0,54
3036,2947,0,0,51
6441,5858,1,0,266
0,0,0,0,0
6412,5926,0,0,134
15768,22622,0,0,59
3396,2974,1,0,210
12348,9261,7,0,1224
3290,2984,1,0,233
8010,6019,7,0,920
3420,3011,1,0,210
9679,8645,5,0,924
6282,5387,2,0,452
39691,37667,74,9,6913
12683,11344,2,0,576
2972,2932,0,0,66
0,0,0,0,0
10237,8541,3,0,730
6596,2661,15,1,1963
9783,5892,19,1,2299
3968,3026,4,0,567
4404,2947,4,0,549
7035,5858,6,0,808
0,0,0,0,0
6834,5926,7,0,752
16415,22622,1,0,212
3648,2974,2,0,253
10642,9261,6,0,944
3336,2984,2,0,308
7947,6019,7,0,930
3547,3011,2,0,357
10274,8645,6,0,1152
6446,5387,2,0,512
42524,37667,96,10,8674
13516,11344,4,0,890
3447,2932,2,0,315
0,0,0,0,0
10368,8541,5,0,1271
2870,2661,0,0,63
6276,5892,0,0,119
3158,3026,0,0,78
3011,2947,0,0,64
7086,5858,1,0,475
0,0,0,0,0
6386,5926,1,0,333
15768,22622,0,0,66
4167,2974,1,0,441
10036,9261,1,0,325
3120,2984,0,0,60
7482,6019,1,0,487
3192,3011,0,0,72
12650,11369,2,0,562
2867,2663,0,0,64
38707,40230,51,4,4888
9067,8371,0,0,204
3039,2932,0,0,64
2920,2652,0,0,67
10084,8550,2,0,531
0,0,0,0,0
6099,5892,0,0,115
3089,3026,0,0,73
2983,2947,0,0,64
6988,5858,1,0,404
0,0,0,0,0
6292,5926,1,0,252
19780,25596,1,0,444
0,0,0,0,0
10085,9261,1,0,353
3298,2984,0,0,53
6624,6019,1,0,280
3932,3011,0,0,218
12648,11369,4,0,778
14179,4682,26,6,3234
29953,38621,20,0,1777
8953,8371,0,0,208
3017,2932,0,0,65
2861,2652,0,0,51
10007,8550,2,0,561
6106,5892,0,0,123
0,0,0,0,0
6527,5973,0,0,117
0,0,0,0,0
7114,5858,1,0,404
3128,2963,0,0,62
3033,2963,0,0,63
18893,25596,2,0,275
0,0,0,0,0
13411,9261,19,4,2004
3478,2984,0,0,70
7457,6019,4,0,781
3707,3011,2,0,365
13378,11369,6,0,1002
11022,4338,16,5,1928
30741,38621,49,2,4127
9724,8371,1,0,378
3077,2932,0,0,59
3060,2652,0,0,48
9409,8550,3,0,567
6484,5892,1,0,311
0,0,0,0,0
6848,5973,2,0,477
0,0,0,0,0
6610,5858,2,0,428
3487,2963,1,0,237
3211,2963,1,0,188
19006,25596,1,0,287
0,0,0,0,0
9769,9261,0,0,164
3041,2984,0,0,58
6858,6019,2,0,423
6491,5930,1,0,324
12158,11113,0,0,254
7357,1609,16,5,1777
29440,38621,16,0,1502
9147,8371,0,0,161
3091,2932,0,0,61
5958,5600,0,0,124
6350,5602,1,0,238
6453,5892,1,0,319
0,0,0,0,0
6495,5973,0,0,112
3117,2930,1,0,214
2955,2928,0,0,57
3193,2963,0,0,90
3045,2963,0,0,74
18833,25596,0,0,136
3195,2963,0,0,52
9591,9282,0,0,191
0,0,0,0,0
6534,6019,1,0,299
9281,8672,1,0,291
12016,8371,6,1,1177
7952,1609,17,4,2018
31657,38621,39,2,3928
10589,8371,2,0,682
3190,2932,0,0,74
6134,5600,0,0,308
6305,5602,4,0,724
7425,5892,5,0,953
0,0,0,0,0
6959,5973,5,0,760
3364,2930,1,0,228
3329,2928,2,0,434
4127,2963,2,0,423
3357,2963,1,0,219
18827,25596,0,0,126
4063,2963,1,0,284
10025,9282,2,0,446
0,0,0,0,0
6698,6019,3,0,526
10234,8672,2,0,515
9317,8371,2,0,538
11412,2019,25,9,3090
29147,38621,12,1,1313
8928,8371,0,0,195
4030,2932,1,0,367
6122,5600,0,0,128
6066,5602,1,0,230
6863,5892,2,0,409
0,0,0,0,0
6541,5973,1,0,308
6588,5858,1,0,297
0,0,0,0,0
7059,5926,1,0,329
15755,22622,0,0,63
4816,2974,8,1,882
0,0,0,0,0
14861,12245,12,2,1310
0,0,0,0,0
7002,6019,5,0,713
11216,8672,6,0,981
9454,8371,3,0,512
8217,1609,15,3,2004
30765,38621,46,2,4342
9360,8371,1,0,337
4084,2932,1,0,342
6086,5600,0,0,120
6104,5602,0,0,125
6530,5892,2,0,446
0,0,0,0,0
7565,5973,3,0,585
7270,5858,1,0,562
0,0,0,0,0
7195,5926,1,0,399
15842,22622,0,0,56
3402,2974,1,0,197
3366,2963,0,0,62
10637,9282,1,0,427
3355,3053,0,0,64
3339,2966,1,0,241
12836,11656,2,0,582
14647,6996,17,3,2186
25922,35648,18,0,1674
6455,5663,0,0,124
6106,5681,0,0,106
3171,2932,0,0,56
6678,5600,0,0,247
5851,5602,0,0,106
6074,5892,0,0,108
0,0,0,0,0
7182,5973,2,0,419
6460,5858,1,0,274
0,0,0,0,0
7151,5926,0,0,238
15786,22622,0,0,56
3082,2974,0,0,56
6094,5633,0,0,113
7582,6612,0,0,247
3396,3053,0,0,60
3340,2966,2,0,363
12685,11656,2,0,484
15068,7062,17,6,2354
25920,35648,14,0,1462
6373,5663,0,0,129
9066,8613,0,0,271
0,0,0,0,0
6874,5600,0,0,251
5973,5602,0,0,115
6059,5892,0,0,106
0,0,0,0,0
7170,5973,2,0,433
6261,5858,1,0,270
0,0,0,0,0
7222,5926,0,0,237
15712,22622,0,0,60
3189,2974,0,0,56
9590,9261,0,0,170
3832,2984,0,0,220
6493,6019,2,0,413
0,0,0,0,0
12663,11656,2,0,567
13437,6996,16,6,1946
25998,35648,10,0,1159
9231,8371,0,0,192
6036,5905,0,0,97
0,0,0,0,0
9782,8541,0,0,312
3027,2661,0,0,56
6111,5892,0,0,122
3988,3026,0,0,178
3119,2947,0,0,58
6284,5858,1,0,241
0,0,0,0,0
6887,5926,0,0,237
17241,22622,6,1,785
4095,2974,2,0,417
10419,9261,3,0,679
4133,2984,1,0,383
7488,6019,4,0,764
0,0,0,0,0
13675,11656,7,0,1091
41174,40112,68,13,6903
3988,2937,0,0,219
9341,8371,1,0,313
6175,5905,0,0,122
0,0,0,0,0
10859,8541,3,0,773
3040,2661,0,0,67
6212,5892,0,0,125
4210,3026,1,0,374
3428,2947,2,0,275
6450,5858,1,0,286
0,0,0,0,0
6666,5926,3,0,559
16309,22622,0,0,213
3410,2974,0,0,71
10280,9261,1,0,307
3043,2984,0,0,70
7558,6019,2,0,560
3123,3011,0,0,72
9944,8645,2,0,611
36028,39707,26,3,3236
3623,2937,0,0,96
12283,11344,0,0,283
3065,2932,0,0,66
0,0,0,0,0
9807,8541,0,0,238
3070,2661,0,0,66
6274,5892,0,0,127
3406,3026,1,0,257
4016,2947,2,0,332
6402,5858,0,0,133
0,0,0,0,0
8026,5926,1,0,430
16240,22622,0,0,181
3585,2974,0,0,62
11125,9261,5,0,909
3603,2984,1,0,223
8174,6019,7,0,956
3372,3011,1,0,203
17753,10254,18,3,2353
30895,38098,37,3,3362
4043,2937,1,0,258
13003,11344,2,0,706
3113,2932,0,0,82
0,0,0,0,0
9766,8541,0,0,235
2944,2661,0,0,75
6369,5892,1,0,266
3363,3026,1,0,241
3986,2947,1,0,241
6411,5858,1,0,294
0,0,0,0,0
6693,5926,1,0,299
19416,25596,0,0,165
0,0,0,0,0
9839,9261,1,0,293
2984,2984,0,0,52
6940,6019,1,0,317
3124,3011,0,0,65
42034,45689,26,4,3187
3050,2663,0,0,50
6753,5910,1,0,270
8831,8371,0,0,198
2963,2932,0,0,65
2807,2652,0,0,60
9419,8550,0,0,236
3001,2937,0,0,73
3006,2955,0,0,62
3042,3026,0,0,68
3077,2947,0,0,54
6285,5858,0,0,145
3332,2963,1,0,208
3043,2963,0,0,52
21315,25596,10,1,1361
0,0,0,0,0
11212,9261,4,0,826
3635,2984,4,0,465
7305,6019,4,0,660
3451,3011,1,0,225
45865,45755,69,6,6929
3055,2663,0,0,83
6632,5910,1,0,230
9142,8371,1,0,376
3716,2932,1,0,583
2935,2652,0,0,63
9463,8550,1,0,306
3444,5892,1,0,254
3091,0,0,0,0
6840,5973,2,0,487
0,0,0,0,0
6500,5858,2,0,573
3209,2963,1,0,170
3171,2963,1,0,178
18956,25596,0,0,150
0,0,0,0,0
9818,9261,0,0,213
2978,2984,0,0,53
6558,6019,2,0,434
3178,3011,0,0,55
47582,48762,28,5,3441
0,0,0,0,0
6331,5910,0,0,121
8964,8371,0,0,209
2973,2932,0,0,68
5927,5600,0,0,109
6074,5602,0,0,135
6130,5892,0,0,136
0,0,0,0,0
6080,5973,0,0,111
3194,2930,0,0,71
3019,2928,0,0,75
3232,2963,0,0,57
3086,2963,0,0,76
18829,25596,0,0,124
0,0,0,0,0
9544,9261,0,0,181
3084,2984,0,0,54
6305,6019,0,0,128
6255,5930,0,0,147
43819,45843,17,3,2924
0,0,0,0,0
6254,5910,0,0,106
9128,8371,0,0,208
2980,2932,0,0,53
6019,5600,0,0,129
6174,5602,0,0,106
6131,5892,0,0,145
0,0,0,0,0
6065,5973,0,0,277
6098,5858,0,0,132
0,0,0,0,0
6092,5926,0,0,109
0,0,0,0,30
22206,25598,7,0,107
3344,2963,0,0,78
9391,9282,0,0,158
3055,3053,0,0,52
3031,2966,0,0,52
12615,11656,0,0,238
35486,39707,18,3,2368
2933,2937,0,0,52
3056,2973,0,0,52
8925,8371,0,0,279
3092,2932,0,0,66
5942,5600,0,0,105
5944,5602,0,0,124
6008,5892,0,0,125
0,0,0,0,0
6093,5973,0,0,104
5961,5858,0,0,108
0,0,0,0,0
6381,5926,0,0,127
15635,22622,0,0,50
3005,2974,0,0,54
3195,2963,0,0,76
9333,9282,0,0,186
3222,3053,0,0,50
2924,2966,0,0,53
12094,11672,20,3,2385
42091,39694,13,0,620
3120,2937,0,0,50
6148,5663,0,0,108
9191,8613,0,0,215
0,0,0,0,0
5950,5600,0,0,103
6119,5602,0,0,108
6239,5892,0,0,122
0,0,0,0,0
6241,5973,0,0,105
6011,5858,0,0,111
0,0,0,0,0
6311,5926,0,0,155
15600,22622,0,0,54
3152,2974,0,0,60
9754,9261,0,0,211
3036,2984,0,0,62
3148,3053,0,0,53
3003,2966,0,0,54
20188,13265,17,4,2140
27812,38098,2,0,403
3069,2937,0,0,58
5948,5663,0,0,125
8970,8613,0,0,195
0,0,0,0,0
5877,5600,0,0,133
5875,5602,0,0,105
6058,5892,0,0,145
0,0,0,0,0
6204,5973,0,0,107
6420,5858,0,0,151
0,0,0,0,0
6294,5926,0,0,119
15598,22622,0,0,45
2956,2974,0,0,48
9994,9261,0,0,209
2839,2984,0,0,54
6071,6019,0,0,137
0,0,0,0,0
44328,46042,18,4,2497
5991,5387,0,0,122
2957,2937,0,0,51
8946,8371,0,0,171
6031,5905,0,0,169
0,0,0,0,0
9113,8541,0,0,151
2984,2661,0,0,56
6141,5892,0,0,108
3273,3026,0,0,72
2903,2947,0,0,51
6070,5858,0,0,109
0,0,0,0,0
6254,5926,0,0,123
15771,22622,0,0,51
3135,2974,0,0,53
9701,9261,0,0,205
2884,2984,0,0,51
6181,6019,0,0,107
3106,3012,5,0,81
42853,43375,18,3,2602
6055,5387,0,0,126
3016,2937,0,0,53
8831,8371,0,0,183
6022,5905,0,0,99
0,0,0,0,0
9139,8541,0,0,208
2962,2661,0,0,51
6036,5892,0,0,105
3250,3026,0,0,51
3157,2947,0,0,55
5888,5858,0,0,100
0,0,0,0,0
8663,5926,8,1,1159
15879,22622,0,0,60
3200,2974,0,0,55
10519,9261,3,0,689
3557,2984,3,0,390
7015,6019,4,0,768
3346,3011,1,0,243
41555,42965,47,6,5520
6015,5387,0,0,132
3385,2937,1,0,251
9043,8371,1,0,389
6095,5905,0,0,117
0,0,0,0,0
9459,8541,3,0,535
3054,2661,0,0,57
6252,5892,1,0,262
3378,3026,0,0,65
3281,2947,1,0,222
6241,5858,0,0,115
0,0,0,0,0
6362,5926,0,0,110
15766,22622,0,0,58
3479,2974,1,0,181
9683,9261,0,0,205
3112,2984,0,0,77
6500,6019,1,0,308
3079,3011,0,0,71
43638,43375,37,6,4069
5947,5387,0,0,122
2952,2937,0,0,59
11883,11344,0,0,242
2929,2932,0,0,58
0,0,0,0,0
8963,8541,0,0,212
3135,2661,0,0,58
6059,5892,0,0,150
3289,3026,0,0,70
2998,2947,0,0,72
6040,5858,0,0,118
0,0,0,0,0
5989,5926,0,0,139
15451,22622,0,0,60
3111,2974,0,0,70
9820,9261,0,0,208
3115,2984,0,0,56
6290,6019,1,0,268
3359,3011,1,0,218
42995,45689,19,2,2723
2836,2663,0,0,67
6397,5910,0,0,137
8965,8371,0,0,225
2933,2932,0,0,77
3007,2652,0,0,90
8938,8550,0,0,206
0,0,0,0,0
5918,5892,0,0,141
3144,3026,0,0,65
2975,2947,0,0,65
5980,5858,0,0,119
0,0,0,0,0
6043,5926,0,0,123
18848,25596,0,0,163
0,0,0,0,0
9699,9261,0,0,192
2861,2984,0,0,77
6368,6019,1,0,278
10514,4620,17,3,1971
38864,46743,3,0,621
0,0,0,0,0
6325,5910,0,0,136
9234,8371,0,0,246
2986,2932,0,0,61
2991,2652,0,0,81
9086,8550,0,0,186
6012,5892,0,0,118
0,0,0,0,0
6076,5973,0,0,125
0,0,0,0,0
6072,5858,0,0,116
4363,2963,5,1,747
3908,2963,3,0,527
19272,25596,2,0,405
0,0,0,0,0
10312,9261,3,0,664
3385,2984,3,0,398
6937,6019,2,0,482
12061,4686,18,4,2241
42128,46743,31,2,3308
0,0,0,0,0
6183,5910,0,0,122
8937,8371,1,0,342
2935,2932,0,0,53
2991,2652,1,0,192
9155,8550,0,0,199
7319,5892,3,1,388
0,0,0,0,0
7096,5973,3,0,464
0,0,0,0,0
6296,5858,1,0,293
3068,2963,0,0,58
3147,2963,0,0,74
19238,25596,1,0,284
0,0,0,0,0
9770,9261,0,0,155
2936,2984,0,0,88
6677,6019,2,0,364
39098,40250,23,4,2544
11875,11113,0,0,259
0,0,0,0,0
6443,5910,0,0,130
9016,8371,1,0,296
3012,2932,0,0,51
6087,5600,0,0,138
6029,5602,0,0,153
6113,5892,0,0,123
0,0,0,0,0
6290,5973,0,0,105
3136,2930,0,0,51
2969,2928,0,0,55
3010,2963,0,0,52
3095,2963,0,0,73
19123,25596,1,0,279
3059,2963,0,0,56
9649,9282,0,0,175
3119,3053,0,0,52
3557,2966,2,0,332
43449,43402,36,6,4083
9296,8371,1,0,268
3034,2937,0,0,51
3187,2973,0,0,79
8957,8371,0,0,206
3080,2932,0,0,51
5988,5600,0,0,103
6037,5602,0,0,152
6125,5892,0,0,105
0,0,0,0,0
6099,5973,0,0,110
6106,5858,0,0,103
0,0,0,0,0
6140,5926,0,0,128
15684,22622,0,0,58
3240,2974,0,0,71
3071,2963,0,0,55
9661,9282,0,0,174
3240,3053,0,0,66
3379,2966,2,0,276
43713,45976,20,3,2450
5719,5387,0,0,106
3002,2937,0,0,54
6178,5663,0,0,102
9236,8613,0,0,165
0,0,0,0,0
5853,5600,0,0,108
6140,5602,0,0,124
5964,5892,0,0,108
0,0,0,0,0
6256,5973,0,0,114
6119,5858,0,0,106
0,0,0,0,0
8723,5926,7,1,1115
15733,22622,0,0,77
3188,2974,1,0,211
3119,2963,1,0,205
10330,9282,3,0,639
3200,3053,0,0,58
3466,2966,2,0,360
44641,45976,44,7,5235
5802,5387,0,0,115
2949,2937,0,0,62
6373,5663,1,0,334
9124,8613,0,0,183
0,0,0,0,0
5868,5600,0,0,114
6256,5602,1,0,277
6732,5892,3,0,483
0,0,0,0,0
6481,5973,1,0,260
6468,5858,1,0,269
0,0,0,0,0
6061,5926,0,0,123
15958,22622,0,0,93
3007,2974,0,0,54
6461,5633,0,0,146
6637,6612,0,0,118
3227,3053,0,0,77
9883,4575,18,4,2294
35093,44367,6,0,957
5599,5387,0,0,122
3041,2937,0,0,63
6236,5663,0,0,121
8918,8613,0,0,205
0,0,0,0,0
5953,5600,0,0,127
5674,5602,0,0,122
6126,5892,0,0,133
0,0,0,0,0
6217,5973,0,0,124
5941,5858,0,0,115
0,0,0,0,0
6309,5926,0,0,163
15636,22622,0,0,76
3158,2974,0,0,61
9821,9261,0,0,219
2865,2984,0,0,61
3014,3053,0,0,52
10929,4641,18,3,2472
34594,44367,6,0,993
5861,5387,0,0,119
2920,2937,0,0,61
9281,8371,0,0,193
5852,5905,0,0,122
0,0,0,0,0
5954,5600,0,0,135
5970,5602,0,0,150
6253,5892,0,0,135
2971,3026,0,0,61
2994,2947,0,0,57
5900,5858,0,0,121
0,0,0,0,0
6653,5926,1,0,280
15640,22622,0,0,71
3309,2974,1,0,231
9705,9261,0,0,177
2814,2984,0,0,53
6598,6019,2,0,368
8214,1609,17,4,1982
34095,44367,3,0,718
5981,5387,0,0,142
2955,2937,0,0,59
8797,8371,0,0,187
6156,5905,0,0,107
0,0,0,0,0
8827,8541,0,0,175
2880,2661,0,0,66
6075,5892,0,0,127
2889,3026,0,0,61
2994,2947,0,0,52
6428,5858,0,0,150
0,0,0,0,0
6526,5926,1,0,436
15616,22622,0,0,57
3055,2974,0,0,54
9578,9261,0,0,187
3091,2984,0,0,51
6343,6019,0,0,108
35507,37741,21,2,2999
9385,8645,0,0,160
5774,5387,0,0,136
3028,2937,0,0,51
9134,8371,0,0,195
6219,5905,0,0,131
0,0,0,0,0
9060,8541,0,0,182
2960,2661,0,0,52
6101,5892,0,0,108
3198,3026,0,0,70
3048,2947,0,0,51
6171,5858,0,0,116
0,0,0,0,0
6398,5926,1,0,251
15669,22622,0,0,56
3149,2974,0,0,58
9338,9261,0,0,196
3047,2984,0,0,51
6074,6019,0,0,102
32448,37331,18,3,2110
9353,8645,0,0,180
5899,5387,0,0,162
2914,2937,0,0,54
11884,11344,0,0,225
3044,2932,0,0,51
0,0,0,0,0
9111,8541,0,0,153
2932,2661,0,0,56
6049,5892,0,0,104
3185,3026,0,0,51
2972,2947,0,0,51
6025,5858,0,0,108
0,0,0,0,0
6359,5926,1,0,222
15726,22622,0,0,58
3106,2974,0,0,54
9973,9261,0,0,232
3160,2984,0,0,71
6166,6019,0,0,126
31963,37331,20,3,2843
8922,8645,0,0,223
5825,5387,0,0,121
6170,5910,0,0,139
8841,8371,0,0,169
2968,2932,0,0,58
0,0,0,0,0
9006,8541,0,0,207
2862,2661,0,0,71
6377,5892,1,0,281
3234,3026,0,0,71
2973,2947,0,0,74
6018,5858,0,0,132
0,0,0,0,0
6146,5926,0,0,111
18947,25596,0,0,133
0,0,0,0,0
9594,9261,0,0,172
3236,2984,0,0,65
6413,6019,2,0,383
34376,37741,19,4,2613
11998,11369,0,0,270
2951,2663,0,0,64
6236,5910,0,0,122
8765,8371,0,0,181
2914,2932,0,0,65
3207,2652,0,0,75
8957,8550,0,0,189
2975,2937,0,0,62
3040,2955,0,0,61
3076,3026,0,0,65
2974,2947,0,0,66
6535,5858,0,0,138
3395,2963,1,0,173
3039,2963,0,0,57
18911,25596,0,0,148
0,0,0,0,0
9725,9261,0,0,184
2891,2984,0,0,57
14544,7694,17,4,2150
25264,35722,4,0,793
14880,14032,0,0,274
0,0,0,0,0
6178,5910,0,0,125
8713,8371,0,0,166
3096,2932,0,0,50
3108,2652,0,0,64
8970,8550,0,0,210
6121,5892,1,0,266
0,0,0,0,0
6099,5973,0,0,125
0,0,0,0,0
5925,5858,0,0,105
3197,2963,1,0,177
3053,2963,0,0,71
18859,25596,0,0,122
0,0,0,0,0
9445,9261,0,0,176
2879,2984,0,0,48
16551,8038,18,3,2472
24830,35722,2,0,282
14730,14032,0,0,311
0,0,0,0,0
6114,5910,0,0,124
8797,8371,0,0,155
3043,2932,0,0,55
6080,5600,0,0,144
6196,5602,0,0,134
5955,5892,0,0,107
0,0,0,0,0
12305,5973,40,2,4022
4118,2930,8,1,917
3758,2928,6,0,587
3512,2963,3,0,438
3332,2963,6,0,551
19306,25596,2,0,356
0,0,0,0,0
10601,9261,6,0,1097
3370,2984,2,0,246
15410,7628,21,4,2676
32365,41378,76,3,6488
12540,8371,2,0,493
0,0,0,0,0
6949,5910,2,0,497
9531,8371,2,0,497
3338,2932,1,0,223
6348,5600,2,0,599
6200,5602,1,0,254
6813,5892,4,0,693
0,0,0,0,0
6927,5973,3,0,526
6265,5858,1,0,301
0,0,0,0,0
6273,5926,2,0,384
15835,22622,0,0,51
3196,2974,0,0,56
3035,2963,0,0,51
9559,9282,0,0,149
3119,3053,0,0,49
11923,4575,17,3,2075
35216,44367,28,1,2275
5911,5387,0,0,106
3060,2937,0,0,51
3253,2973,0,0,65
9017,8371,0,0,161
3058,2932,0,0,52
6030,5600,0,0,105
5960,5602,0,0,106
5963,5892,0,0,112
0,0,0,0,0
6305,5973,0,0,107
9839,5858,14,2,2455
0,0,0,0,0
7506,5926,6,1,1082
15819,22622,0,0,68
3906,2974,1,0,263
3394,2963,2,0,464
11051,9282,6,0,1021
3716,3053,1,0,260
12397,4575,19,3,2473
38313,44367,57,2,5174
5696,5387,0,0,134
2905,2937,0,0,69
3788,2973,1,0,209
11219,8371,7,0,1332
3291,2932,0,0,88
6347,5600,2,0,422
6483,5602,1,0,317
7026,5892,4,0,704
0,0,0,0,0
6899,5973,3,0,664
6542,5858,0,0,192
0,0,0,0,0
6624,5926,1,0,340
15811,22622,0,0,50
3646,2974,0,0,92
3525,2963,1,0,209
9789,9282,2,0,564
3018,3053,0,0,69
13008,4985,17,3,2159
36765,44367,30,0,3132
5806,5387,0,0,120
2883,2937,0,0,58
6649,5663,0,0,140
8600,8613,0,0,183
0,0,0,0,0
6013,5600,0,0,122
6306,5602,0,0,147
6167,5892,0,0,126
0,0,0,0,0
6002,5973,0,0,124
7528,5858,3,0,634
0,0,0,0,0
6121,5926,1,0,255
15662,22622,0,0,61
3089,2974,0,0,65
10407,9261,2,0,468
3158,2984,1,0,161
3005,3053,0,0,65
12994,5051,18,4,2386
36676,44367,29,1,2664
5740,5387,0,0,124
2886,2937,0,0,64
6737,5663,1,0,235
9251,8613,1,0,378
0,0,0,0,0
5882,5600,0,0,127
6182,5602,2,0,344
7202,5892,1,0,478
0,0,0,0,0
6528,5973,2,0,434
6441,5858,0,0,223
0,0,0,0,0
6910,5926,2,0,513
15807,22622,0,0,53
3060,2974,0,0,61
10103,9261,1,0,299
3106,2984,0,0,63
11080,4662,17,3,1833
25574,35677,12,0,1133
13026,11656,2,0,479
5919,5387,1,0,258
2980,2937,0,0,53
9208,8371,0,0,196
6141,5905,0,0,121
0,0,0,0,0
9139,8541,0,0,159
2775,2661,0,0,55
6532,5892,0,0,145
3128,3026,0,0,61
3404,2947,0,0,87
6259,5858,0,0,122
0,0,0,0,0
6996,5926,1,0,407
15687,22622,0,0,54
3155,2974,0,0,56
10271,9261,1,0,402
2991,2984,0,0,54
36524,40339,29,3,3131
0,0,0,0,0
12762,11656,1,0,526
5548,5387,0,0,103
2876,2937,0,0,54
8821,8371,0,0,175
6527,5905,0,0,131
0,0,0,0,0
8786,8541,0,0,178
2829,2661,0,0,56
7002,5892,2,0,490
3336,3026,2,0,405
3148,2947,1,0,215
5785,5858,0,0,109
0,0,0,0,0
6926,5926,2,0,378
15504,22622,0,0,52
3153,2974,0,0,49
10330,9261,3,0,559
3015,2984,0,0,50
41458,41979,22,3,2639
3292,3011,0,0,61
9706,8645,2,0,491
5541,5387,0,0,111
2850,2937,0,0,52
12111,11344,0,0,246
3655,2932,1,0,164
0,0,0,0,0
10148,8541,1,0,587
2889,2661,0,0,58
6199,5892,0,0,118
3815,3026,2,0,382
3098,2947,0,0,69
6126,5858,1,0,297
0,0,0,0,0
7035,5926,1,0,387
15831,22622,0,0,73
3206,2974,0,0,57
11035,9261,3,0,648
3278,2984,1,0,255
35904,40339,30,2,3190
3140,3011,0,0,58
9558,8645,2,0,526
5679,5387,0,0,112
3072,2937,1,0,195
11699,11344,0,0,243
3934,2932,1,0,271
0,0,0,0,0
9074,8541,0,0,272
3138,2661,1,0,189
5945,5892,0,0,106
3308,3026,0,0,64
2868,2947,0,0,60
5841,5858,0,0,107
0,0,0,0,0
6454,5926,1,0,286
15612,22622,0,0,51
3112,2974,0,0,51
9705,9261,0,0,154
3038,2984,0,0,70
35852,40339,25,4,2527
3116,3011,0,0,56
12028,11369,1,0,409
2828,2663,0,0,57
6286,5910,1,0,274
8864,8371,0,0,164
2943,2932,0,0,53
3107,2652,0,0,57
8752,8550,0,0,190
0,0,0,0,0
6098,5892,0,0,105
3752,3026,0,0,152
3402,2947,0,0,79
6656,5858,0,0,320
0,0,0,0,0
6364,5926,1,0,268
18865,25596,0,0,108
0,0,0,0,0
9657,9261,0,0,214
3977,2984,1,0,240
36458,40405,25,4,2722
3194,3011,0,0,50
12593,11369,2,0,546
2800,2663,0,0,65
6346,5910,1,0,279
8972,8371,0,0,181
3049,2932,0,0,57
3345,2652,1,0,179
8915,8550,0,0,167
3140,2937,0,0,83
3031,2955,0,0,61
3724,3026,1,0,187
3121,2947,0,0,69
6284,5858,1,0,232
3238,2963,0,0,51
3604,2963,1,0,178
19126,25596,0,0,133
0,0,0,0,0
10241,9261,1,0,348
3591,2984,1,0,173
36222,40339,22,2,2355
3177,3011,0,0,59
24166,14032,66,5,6507
0,0,0,0,0
12468,5910,38,3,3879
17037,8371,48,3,4969
6167,2932,18,1,1911
5792,2652,16,2,1739
17072,8550,50,4,5262
11548,5892,36,2,3511
0,0,0,0,0
12404,5973,35,3,3794
0,0,0,0,0
7791,5858,12,1,1378
3563,2963,4,0,662
3397,2963,6,0,547
20900,25596,4,0,869
0,0,0,0,0
10920,9261,6,0,1134
11764,4593,19,3,2231
32864,38730,76,3,6409
3263,3011,1,0,213
15589,14032,4,0,1011
0,0,0,0,0
8100,5910,6,0,1032
9567,8371,3,0,625
3300,2932,1,0,215
3589,2652,2,0,403
10554,8550,4,0,882
6694,5892,3,0,456
0,0,0,0,0
7056,5973,2,0,603
0,0,0,0,0
5966,5858,1,0,243
3165,2963,1,0,237
3494,2963,4,0,416
19982,25596,2,0,435
0,0,0,0,0
9880,9261,1,0,318
10930,4593,16,2,1680
30580,38730,36,1,3229
6396,5930,1,0,238
11827,11113,1,0,438
0,0,0,0,0
7697,5910,4,1,414
9051,8371,0,0,181
2888,2932,0,0,56
6748,5600,1,0,250
5908,5602,0,0,122
6106,5892,0,0,136
0,0,0,0,0
9723,5973,18,2,2263
3795,2930,3,0,440
3300,2928,1,0,229
3383,2963,2,0,262
3317,2963,3,0,408
19697,25596,2,0,294
0,0,0,0,0
10340,9261,5,1,962
12571,4593,19,3,2325
32191,38730,62,4,5386
6648,5930,3,0,598
12049,11113,1,0,465
0,0,0,0,0
7137,5910,3,0,534
9064,8371,1,0,304
3149,2932,2,0,322
6045,5600,1,0,268
6742,5602,2,0,367
6669,5892,3,0,567
0,0,0,0,0
6523,5973,1,0,474
3626,2930,1,0,172
3149,2928,1,0,214
3366,2963,1,0,239
3300,2963,2,0,212
19444,25596,1,0,207
2998,2963,0,0,51
9467,9282,0,0,159
41483,37783,54,8,5371
4283,2966,1,0,457
9717,8672,1,0,349
9613,8371,3,0,638
0,0,0,0,0
7400,5910,2,0,491
9040,8371,0,0,250
2942,2932,0,0,55
5757,5600,0,0,110
6548,5602,0,0,270
6152,5892,0,0,209
0,0,0,0,0
6394,5973,2,0,453
6962,5858,0,0,273
0,0,0,0,0
6115,5926,0,0,109
15638,22622,0,0,65
3827,2974,0,0,216
3215,2963,0,0,63
9388,9282,0,0,174
38290,37439,35,3,3660
3495,2966,1,0,253
13719,11656,3,0,900
5757,5387,1,0,365
3218,2937,1,0,249
7226,5663,1,0,554
8702,8613,0,0,203
0,0,0,0,0
5749,5600,0,0,279
6455,5602,1,0,281
5763,5892,0,0,129
0,0,0,0,0
6617,5973,3,0,681
9418,5858,2,0,486
0,0,0,0,0
6313,5926,2,0,360
15599,22622,0,0,58
3365,2974,1,0,223
6365,5633,0,0,156
7100,6612,2,0,435
44774,38603,62,10,6675
3326,2966,1,0,217
12913,11656,3,0,764
5964,5387,1,0,326
3173,2937,1,0,253
6437,5663,0,0,140
9288,8613,0,0,215
0,0,0,0,0
5966,5600,0,0,123
5895,5602,0,0,122
6859,5892,1,0,342
0,0,0,0,0
9279,5973,11,0,1562
7296,5858,2,0,686
0,0,0,0,0
6672,5926,5,0,587
15613,22622,0,0,54
3423,2974,1,0,256
10778,9261,5,0,898
11322,4593,20,3,2154
28580,35764,59,2,4430
3426,2966,1,0,246
13173,11656,2,0,602
6184,5387,2,0,387
4926,2937,6,1,917
8075,5663,2,0,656
9976,8613,2,0,384
0,0,0,0,0
6541,5600,1,0,464
6861,5602,3,0,497
7297,5892,2,0,315
0,0,0,0,0
7276,5973,5,0,711
6642,5858,2,0,453
0,0,0,0,0
6721,5926,5,0,609
15847,22622,0,0,48
3269,2974,1,0,204
10388,9261,4,0,665
11767,4593,17,3,2109
29819,35764,49,2,3966
3543,2966,1,0,204
12541,11656,2,0,498
5618,5387,0,0,107
3214,2937,1,0,234
8913,8371,0,0,180
5941,5905,0,0,108
0,0,0,0,0
5679,5600,0,0,103
5769,5602,0,0,123
6113,5892,0,0,137
3020,3026,0,0,54
2936,2947,0,0,54
5928,5858,0,0,111
0,0,0,0,0
6186,5926,0,0,127
15660,22622,0,0,48
3060,2974,0,0,49
9534,9261,0,0,173
19648,5823,45,13,4954
29350,38730,11,1,1254
0,0,0,0,0
12151,11656,1,0,349
5593,5387,0,0,112
3256,2937,1,0,202
8591,8371,0,0,165
5991,5905,0,0,100
0,0,0,0,0
8660,8541,0,0,158
2884,2661,0,0,50
6270,5892,0,0,139
3067,3026,0,0,50
3361,2947,2,0,240
6206,5858,1,0,265
0,0,0,0,0
6342,5926,2,0,312
15661,22622,0,0,53
3013,2974,0,0,54
9549,9261,0,0,163
10771,4593,16,3,2071
28350,38730,5,1,981
3078,3011,0,0,52
9375,8645,1,0,321
5705,5387,0,0,104
3150,2937,1,0,205
11501,11344,0,0,205
3248,2932,0,0,59
0,0,0,0,0
8652,8541,0,0,153
2861,2661,0,0,51
7388,5892,8,1,1206
4687,3026,3,0,511
3924,2947,2,0,356
6758,5858,3,0,643
0,0,0,0,0
7715,5926,5,0,784
15675,22622,0,0,74
3348,2974,2,0,278
11530,9261,4,0,881
35976,37370,56,5,5499
6691,6019,1,0,312
3018,3011,0,0,71
10399,8645,5,0,905
5727,5387,0,0,137
3424,2937,1,0,215
12328,11344,1,0,411
3815,2932,0,0,178
0,0,0,0,0
9406,8541,2,0,478
2981,2661,0,0,59
6503,5892,1,0,295
3738,3026,1,0,175
3134,2947,0,0,68
6700,5858,0,0,251
0,0,0,0,0
6884,5926,3,0,300
15783,22622,0,0,67
3212,2974,0,0,69
9862,9261,0,0,192
41184,38124,57,9,6550
6717,6019,2,0,485
3123,3011,0,0,61
9453,8645,3,0,544
6040,5387,0,0,137
3200,2937,1,0,232
12347,11344,2,0,605
2914,2932,0,0,50
0,0,0,0,0
9085,8541,1,0,352
2823,2661,0,0,70
6568,5892,2,0,411
3545,3026,1,0,188
3107,2947,0,0,58
5961,5858,0,0,144
0,0,0,0,0
7040,5926,2,0,402
18674,25596,0,0,118
0,0,0,0,0
17533,10870,15,2,2054
26280,35695,15,1,1663
6554,6019,1,0,326
3073,3011,0,0,51
12783,11369,3,0,709
2871,2663,1,0,200
6711,5910,1,0,263
11647,8371,6,1,1161
3693,2932,2,0,444
0,0,0,0,0
10503,8541,4,0,1046
3304,2661,1,0,277
6936,5892,3,0,543
4311,3026,2,0,542
3896,2947,3,1,322
6756,5858,4,0,613
0,0,0,0,0
7445,5926,3,0,674
19186,25596,2,0,278
0,0,0,0,0
18619,10870,19,2,2558
27658,35695,46,2,4168
6943,6019,3,0,579
3082,3011,0,0,55
12350,11369,3,0,663
2774,2663,0,0,53
6883,5910,4,0,405
8969,8371,0,0,179
3064,2932,0,0,51
3443,2652,1,0,184
8933,8550,0,0,167
0,0,0,0,279
10879,5893,16,1,1091
4199,3026,4,0,481
3403,2947,3,0,429
6285,5858,2,0,471
0,0,0,0,0
7054,5926,4,0,648
19142,25596,1,0,276
0,0,0,0,0
18807,10870,20,3,2646
27254,35695,43,2,3933
7239,6019,2,0,497
3052,3011,0,0,51
12270,11369,3,0,743
3407,2663,1,0,168
6844,5910,3,0,408
9021,8371,0,0,182
2905,2932,0,0,68
2810,2652,0,0,58
9386,8550,2,0,541
5976,5892,0,0,135
0,0,0,0,0
6772,5973,1,0,302
0,0,0,0,0
6114,5858,2,0,310
2986,2963,0,0,67
3253,2963,1,0,218
19339,25596,1,0,258
0,0,0,0,0
20958,11280,27,6,3331
26141,35695,21,1,2082
7292,6019,2,0,662
3186,3011,0,0,58
14939,14032,3,0,762
0,0,0,0,0
6913,5910,1,0,404
8521,8371,0,0,186
2835,2932,0,0,66
6829,5600,0,0,354
5912,5602,1,0,233
5969,5892,0,0,116
0,0,0,0,0
6685,5973,0,0,232
3244,2930,0,0,155
2914,2928,0,0,55
3583,2963,0,0,56
3305,2963,0,0,50
19367,25596,0,0,122
0,0,0,0,0
21386,11346,27,6,3492
25344,35695,13,0,1249
6939,6019,1,0,319
6270,5930,2,0,402
12182,11113,1,0,406
0,0,0,0,0
6762,5910,1,0,354
8709,8371,0,0,198
2759,2932,0,0,57
6483,5600,0,0,139
5927,5602,1,0,251
6251,5892,1,0,297
0,0,0,0,0
6163,5973,0,0,102
7532,5858,1,0,469
0,0,0,0,0
6549,5926,1,0,220
0,0,0,0,0
19872,25596,1,0,454
3045,2963,0,0,55
39338,43602,28,3,3140
4004,3053,0,0,219
3178,2966,1,0,234
8943,8672,2,0,456
9092,8371,1,0,335
3084,2937,1,0,203
4039,2973,0,0,215
8997,8371,0,0,159
3024,2932,0,0,54
6178,5600,0,0,102
11459,5602,30,2,3388
8189,5892,13,1,1369
0,0,0,0,0
7203,5973,5,0,755
7628,5858,8,0,1027
0,0,0,0,0
6844,5926,6,0,694
0,0,0,0,0
19781,25596,4,0,490
3764,2963,3,0,474
43620,43597,96,5,8338
3614,3053,2,0,411
3751,2966,2,0,453
9575,8672,4,0,816
9940,8371,4,0,960
3316,2937,2,0,250
4007,2973,4,0,689
9396,8371,2,0,478
3322,2932,1,0,239
6174,5600,2,0,413
6447,5602,3,0,515
5976,5892,0,0,116
0,0,0,0,0
6591,5973,3,0,420
7088,5858,3,0,488
0,0,0,0,0
6288,5926,2,0,299
15892,22622,0,0,56
4024,2974,2,0,350
34152,37283,48,3,4366
9911,9282,0,0,157
3250,3053,0,0,51
3366,2966,1,0,275
13544,11656,4,0,844
6036,5387,2,0,373
3205,2937,1,0,210
6776,5663,2,0,441
8984,8613,0,0,165
0,0,0,0,0
5860,5600,0,0,119
7111,5602,2,0,488
6056,5892,0,0,112
0,0,0,0,0
6519,5973,2,0,475
7177,5858,2,0,397
0,0,0,0,0
7108,5926,2,0,579
15623,22622,0,0,54
2950,2974,0,0,55
52242,42413,93,17,9402
6424,6612,0,0,117
3059,3053,0,0,51
3220,2966,1,0,240
13205,11656,4,0,850
6164,5387,2,0,403
3235,2937,1,0,213
6689,5663,1,0,356
8824,8613,0,0,157
0,0,0,0,0
5682,5600,0,0,117
5904,5602,0,0,110
6732,5892,0,0,237
0,0,0,0,0
6533,5973,2,0,443
7192,5858,2,0,528
0,0,0,0,0
6250,5926,3,0,308
16423,22622,0,0,351
3186,2974,0,0,60
40156,43581,37,4,3631
2860,2984,0,0,51
6176,6019,2,0,443
0,0,0,0,0
13551,11656,2,0,653
6045,5387,2,0,398
3289,2937,2,0,276
9600,8371,0,0,354
6054,5905,0,0,107
0,0,0,0,0
5722,5600,0,0,118
8934,5602,12,2,1795
7290,5892,5,0,790
0,0,0,0,0
7025,5973,6,0,826
6193,5858,1,0,349
0,0,0,0,0
7057,5926,4,0,671
15595,22622,0,0,55
3486,2974,1,0,209
43459,43647,60,5,6270
2952,2984,0,0,59
6587,6019,2,0,470
0,0,0,0,0
12993,11656,4,0,891
6231,5387,2,0,454
3149,2937,1,0,206
8792,8371,1,0,348
6370,5905,0,0,130
0,0,0,0,0
8645,8541,0,0,169
3244,2661,1,0,231
6372,5892,0,0,137
3559,3026,1,0,253
2901,2947,0,0,235
6082,5858,2,0,403
0,0,0,0,0
6715,5926,2,0,337
15597,22622,0,0,50
3135,2974,0,0,54
41537,43581,37,4,4076
2986,2984,0,0,53
6374,6019,1,0,331
0,0,0,0,0
12745,11656,2,0,504
5871,5387,2,0,399
3182,2937,1,0,209
8573,8371,0,0,163
6411,5905,0,0,139
0,0,0,0,0
8652,8541,0,0,165
2746,2661,0,0,60
5826,5892,0,0,101
3749,3026,1,0,223
2872,2947,0,0,205
5760,5858,0,0,103
0,0,0,0,0
6528,5926,1,0,284
15571,22622,0,0,48
2940,2974,0,0,48
48390,44401,49,9,5866
2930,2984,0,0,51
6405,6019,1,0,290
3033,3011,0,0,58
9594,8645,2,0,507
5976,5387,2,0,414
3276,2937,1,0,235
11345,11344,0,0,231
3543,2932,0,0,83
0,0,0,0,0
8518,8541,0,0,171
3088,2661,1,0,258
5937,5892,0,0,142
3770,3026,1,0,289
3320,2947,0,0,76
6216,5858,1,0,281
0,0,0,0,0
7046,5926,2,0,394
15557,22622,0,0,61
11662,4583,18,3,2219
31985,41972,16,1,2066
3511,2984,0,0,95
5987,6019,1,0,254
2894,3011,0,0,60
9376,8645,2,0,490
6199,5387,1,0,274
6337,5910,2,0,262
8162,8371,0,0,156
2799,2932,0,0,51
3171,2652,0,0,88
9056,5889,13,2,2032
3040,2661,2,0,400
6435,5892,3,0,536
3538,3026,2,0,357
3259,2947,1,0,287
6011,5858,3,0,486
0,0,0,0,0
6656,5926,4,0,556
15732,22622,0,0,51
14542,4993,26,6,3100
33381,41972,42,1,3890
3379,2984,1,0,278
6185,6019,1,0,226
3008,3011,0,0,54
9316,11369,3,0,673
5950,2663,0,0,55
6415,5910,2,0,352
8532,8371,0,0,156
2925,2932,0,0,53
2976,2652,0,0,51
8710,8550,0,0,164
0,0,0,0,0
6198,5892,1,0,282
3552,3026,1,0,181
3006,2947,0,0,64
6093,5858,1,0,254
0,0,0,0,0
6359,5926,1,0,260
19194,25596,0,0,124
10743,1609,16,3,1823
32112,41972,8,1,1349
3131,2984,0,0,53
6362,6019,1,0,234
3075,3011,0,0,50
12005,11369,2,0,520
2755,2663,0,0,57
6352,5910,1,0,256
8842,8371,0,0,163
4512,2933,0,2,53
3061,2652,0,0,69
8703,8550,0,0,202
6112,5892,1,0,281
0,0,0,0,0
6074,5973,0,0,105
0,0,0,0,0
5737,5858,0,0,100
3429,2963,0,0,86
3164,2963,0,0,70
18783,25596,0,0,110
8237,1675,17,2,1958
32000,41972,6,1,979
2776,2984,0,0,54
6565,6019,2,0,382
2969,3011,0,0,61
14799,14032,1,0,412
0,0,0,0,0
6352,5910,1,0,273
8557,8371,0,0,198
3053,2932,0,0,67
6011,5600,0,0,147
5762,5602,0,0,111
6142,5892,0,0,137
0,0,0,0,0
6020,5973,0,0,117
2999,2930,0,0,51
3074,2928,1,0,241
2873,2963,0,0,59
3102,2963,1,0,224
18887,25596,1,0,259
10418,1609,16,2,1716
31310,41972,3,0,943
3272,2984,1,0,201
6258,6019,1,0,279
6045,5930,1,0,241
11488,11113,1,0,359
0,0,0,0,0
6182,5910,1,0,252
8538,8371,0,0,195
2880,2932,0,0,53
8210,5600,9,0,1176
6499,5602,2,0,351
6536,5892,4,0,669
0,0,0,0,0
7047,5973,4,0,648
3135,2930,1,0,232
2974,2928,0,0,57
3538,2963,2,0,256
3206,2963,2,0,255
19046,25596,1,0,286
43579,38513,86,12,8353
9358,9282,0,0,155
0,0,0,0,0
6448,6019,1,0,258
8939,8672,1,0,310
9014,8371,2,0,542
0,0,0,0,0
6470,5910,2,0,316
8815,8371,0,0,201
2913,2932,0,0,56
6211,5600,1,0,320
6540,5602,3,0,628
5995,5892,0,0,118
0,0,0,0,0
6391,5973,2,0,361
5986,5858,1,0,276
0,0,0,0,0
6323,5926,4,0,303
15960,22622,0,0,64
11995,4583,17,3,2106
26336,35674,24,1,2088
9391,9282,0,0,164
3255,3053,0,0,51
3202,2966,1,0,212
12456,11656,5,0,840
5721,5387,1,0,252
3235,2937,1,0,166
7104,5663,3,0,731
5986,5681,1,0,210
2863,2932,1,0,196
6007,5600,1,0,287
6017,5602,1,0,211
5914,5892,0,0,98
0,0,0,0,0
7112,5973,2,0,518
6133,5858,0,0,124
0,0,0,0,0
6137,5926,1,0,245
15766,22622,0,0,62
14226,4993,17,2,2539
29514,38344,19,2,2123
6707,6612,1,0,301
3053,3053,0,0,51
3436,2966,1,0,203
12165,11656,3,0,619
5741,5387,0,0,99
3230,2937,1,0,207
6074,5663,0,0,113
8674,8613,0,0,153
0,0,0,0,0
6223,5600,0,0,127
6087,5602,0,0,133
5895,5892,0,0,117
0,0,0,0,0
6439,5973,2,0,439
9073,5858,19,1,2015
0,0,0,0,0
12276,5926,36,2,3771
18108,22622,11,2,1511
18885,4993,46,8,5285
48713,41973,143,12,11995
6144,2984,18,2,1823
6395,3053,18,1,1907
5999,2966,18,1,1842
22966,11656,72,6,6703
10926,5387,31,2,3357
6393,2937,22,1,2028
16356,8371,51,4,4648
11727,5905,35,3,3570
0,0,0,0,0
11895,5600,36,3,3557
11524,5602,34,3,3433
12629,5892,35,3,3451
0,0,0,0,0
8326,5973,15,1,1424
7502,5858,8,0,849
0,0,0,0,0
7453,5926,5,0,697
15730,22622,0,0,68
13137,4649,21,4,2279
35237,38344,84,2,6465
6758,6612,1,0,326
3560,3053,2,0,346
3581,2966,2,0,524
13350,11656,3,0,864
5737,5387,0,0,105
3338,2937,2,0,297
6761,5663,2,0,461
9516,8613,2,0,554
0,0,0,0,0
6197,5600,2,0,448
6504,5602,1,0,412
6498,5892,1,0,253
0,0,0,0,0
6106,5973,0,0,145
6444,5858,1,0,302
0,0,0,0,0
6446,5926,3,0,492
15703,22622,0,0,42
37099,37294,40,4,3960
9594,9261,0,0,155
3201,2984,1,0,171
2974,3053,0,0,51
3243,2966,1,0,238
12147,11656,2,0,538
5547,5387,0,0,109
3145,2937,1,0,175
8932,8371,0,0,177
5947,5905,0,0,114
0,0,0,0,0
8913,8541,0,0,149
3182,2661,0,0,69
6243,5892,0,0,128
2998,3026,0,0,48
3234,2947,0,0,258
5884,5858,0,0,111
0,0,0,0,0
6312,5926,1,0,235
15695,22622,0,0,64
36123,37704,33,4,3516
9564,9261,0,0,174
2945,2984,0,0,51
6312,6019,2,0,421
0,0,0,0,0
12410,11656,1,0,397
5922,5387,1,0,249
3205,2937,1,0,188
8844,8371,0,0,175
6048,5905,0,0,156
0,0,0,0,0
8793,8541,0,0,160
2722,2661,0,0,51
6355,5892,1,0,284
2950,3026,0,0,54
2980,2947,0,0,60
6244,5858,1,0,321
0,0,0,0,0
6477,5926,1,0,317
20550,24231,5,0,737
27329,35685,8,0,880
9598,9261,0,0,167
2919,2984,0,0,48
6303,6019,1,0,289
3184,3011,0,0,50
9421,8645,3,0,626
5618,5387,0,0,128
3107,2937,1,0,169
11716,11344,0,0,201
3081,2932,0,0,70
0,0,0,0,0
12289,8541,10,1,1520
2879,2661,1,0,204
6373,5892,1,0,293
3012,3026,0,0,51
3277,2947,2,0,425
6252,5858,2,0,316
0,0,0,0,0
6877,5926,3,0,531
24134,24231,16,3,1995
27071,35685,31,2,3078
10302,9261,0,0,456
3049,2984,0,0,54
6880,6019,2,0,404
3080,3011,0,0,68
9697,8645,2,0,643
6155,5387,1,0,386
3347,2937,1,0,233
12022,11344,1,0,425
3234,2932,0,0,50
0,0,0,0,0
9047,8541,0,0,158
3213,2661,1,0,234
6000,5892,0,0,126
3221,3026,0,0,60
3181,2947,1,0,172
6035,5858,1,0,227
0,0,0,0,0
6648,5926,3,0,427
25747,25871,4,0,751
25527,35685,8,0,1210
9672,9261,0,0,164
2944,2984,0,0,51
6076,6019,0,0,109
2998,3011,0,0,57
9136,8645,0,0,144
5921,5387,0,0,107
2929,2937,0,0,54
11790,11344,0,0,245
2927,2932,0,0,59
0,0,0,0,0
8861,8541,0,0,155
3108,2661,1,0,160
6014,5892,0,0,115
3230,3026,0,0,57
3123,2947,0,0,49
6075,5858,0,0,147
0,0,0,0,0
6238,5926,0,0,109
46521,59982,8,0,1501
0,0,0,0,0
9581,9261,0,0,159
3201,2984,0,0,54
6013,6019,0,0,122
2981,3011,0,0,58
12173,11369,0,0,235
2829,2663,0,0,51
6080,5910,0,0,109
8676,8371,0,0,169
2928,2932,0,0,53
2976,2652,0,0,55
8830,8550,1,0,330
2898,2937,0,0,44
3063,2955,0,0,68
3521,3026,0,0,162
3221,2947,1,0,204
6224,5858,1,0,253
3278,2963,0,0,55
3112,2963,1,0,172
44307,59916,2,0,675
0,0,0,0,0
9760,9261,0,0,185
3069,2984,0,0,55
6161,6019,0,0,119
3112,3011,0,0,54
15667,14032,1,0,742
0,0,0,0,0
7371,5910,3,0,698
8744,8371,0,0,164
3532,2932,0,0,158
3694,2652,1,0,292
9075,8550,2,0,376
6182,5892,1,0,332
0,0,0,0,0
6892,5973,1,0,261
0,0,0,0,0
6014,5858,0,0,115
3046,2963,0,0,51
2978,2963,0,0,64
52151,60326,38,4,4321
0,0,0,0,0
9509,9261,0,0,170
2941,2984,0,0,58
7123,6019,4,0,743
3035,3011,0,0,59
17591,14032,3,0,801
0,0,0,0,0
6762,5910,3,0,331
8746,8371,0,0,196
2972,2932,0,0,63
6531,5600,1,0,259
6473,5602,3,0,473
6182,5892,0,0,128
0,0,0,0,0
6517,5973,2,0,470
2971,2930,0,0,65
3213,2928,1,0,218
3487,2963,1,0,209
3291,2963,2,0,203
49230,59916,32,3,3471
0,0,0,0,0
9595,9261,0,0,187
2890,2984,0,0,53
6628,6019,1,0,332
6088,5930,0,0,115
12019,11113,2,0,484
0,0,0,0,0
6310,5910,0,0,112
9006,8371,0,0,170
2941,2932,0,0,58
6211,5600,0,0,103
5754,5602,0,0,111
5952,5892,0,0,117
0,0,0,0,0
5976,5973,0,0,108
5769,5858,0,0,111
0,0,0,0,0
6108,5926,0,0,104
45473,56942,20,5,2321
3260,2974,0,0,77
3156,2963,0,0,58
9260,9282,0,0,168
3241,3053,0,0,62
2933,2966,0,0,63
11812,11656,0,0,209
5622,5387,0,0,111
3287,2937,0,0,50
3027,2973,0,0,52
8540,8371,0,0,159
2920,2932,0,0,50
5851,5600,0,0,106
6290,5602,1,0,243
6120,5892,0,0,130
0,0,0,0,0
6308,5973,1,0,286
6278,5858,1,0,267
0,0,0,0,0
6266,5926,1,0,220
45557,56942,21,3,2625
3279,2974,0,0,65
5841,5633,0,0,129
6396,6612,0,0,106
3067,3053,0,0,51
3242,2966,0,0,55
11654,11656,0,0,234
5443,5387,0,0,111
2898,2937,0,0,51
6223,5663,0,0,120
7854,5681,9,1,1145
3614,2932,1,0,236
6369,5600,2,0,702
6345,5602,4,0,685
6274,5892,1,0,329
0,0,0,0,0
6776,5973,3,0,608
6493,5858,3,0,536
0,0,0,0,0
6362,5926,2,0,262
51809,57418,63,6,6292
3664,2974,1,0,176
3168,2963,0,0,58
9638,9282,2,0,445
3094,3053,0,0,57
3362,2966,1,0,231
12479,11656,1,0,544
5670,5387,0,0,129
3314,2937,1,0,287
6392,5663,1,0,243
9201,8613,0,0,221
0,0,0,0,0
5907,5600,0,0,122
5694,5602,0,0,113
6342,5892,0,0,133
0,0,0,0,0
6142,5973,0,0,117
6471,5858,2,0,308
0,0,0,0,0
6393,5926,3,0,343
50351,57352,39,5,4264
3604,2974,1,0,317
9423,9261,0,0,186
3100,2984,0,0,54
3062,3053,0,0,54
3295,2966,1,0,205
12245,11656,0,0,220
5437,5387,0,0,111
3097,2937,1,0,227
8796,8371,0,0,161
5824,5905,0,0,108
0,0,0,0,0
5976,5600,0,0,101
5774,5602,0,0,113
6182,5892,0,0,115
3044,3026,0,0,55
2908,2947,0,0,65
5837,5858,0,0,114
0,0,0,0,0
6611,5926,0,0,225
45879,56937,20,2,2317
3275,2974,0,0,54
9858,9261,0,0,192
3020,2984,0,0,61
6479,6019,1,0,291
0,0,0,0,0
11801,11656,0,0,296
5981,5387,1,0,250
3665,2937,1,0,377
8979,8371,0,0,156
6148,5905,0,0,121
0,0,0,0,0
8538,8541,0,0,191
2754,2661,0,0,56
6066,5892,0,0,129
2951,3026,0,0,53
3350,2947,1,0,262
6109,5858,1,0,228
0,0,0,0,0
6311,5926,1,0,275
52063,57762,43,9,5203
3194,2974,0,0,54
9379,9261,0,0,174
2942,2984,0,0,61
6459,6019,1,0,271
0,3011,0,0,54
11948,8645,0,0,177
5485,5387,0,0,111
3120,2937,1,0,230
10778,8371,5,1,743
6819,5905,1,0,306
0,0,0,0,0
9360,8541,5,0,796
3087,2661,1,0,201
6378,5892,2,0,323
2933,3026,0,0,57
2877,2947,0,0,54
6050,5858,3,0,440
0,0,0,0,0
17636,7535,18,2,2137
39729,55333,29,3,2803
3254,2974,0,0,71
9667,9261,0,0,189
3145,2984,2,0,426
6676,6019,3,0,687
2934,3011,0,0,57
9800,8645,2,0,690
5516,5387,0,0,108
3099,2937,1,0,230
12251,11344,0,0,276
3128,2932,0,0,54
0,0,0,0,0
8770,8541,0,0,175
2784,2661,0,0,51
5955,5892,0,0,102
3237,3026,0,0,51
2949,2947,0,0,53
6239,5858,2,0,414
0,0,0,0,0
14687,7535,18,3,2084
38026,55333,7,0,972
3366,2974,0,0,70
9720,9261,0,0,209
3153,2984,0,0,65
6306,6019,1,0,259
3162,3011,0,0,52
8725,8645,0,0,167
5554,5387,0,0,111
3160,2937,1,0,228
11780,11344,0,0,238
2931,2932,0,0,59
0,0,0,0,0
9194,8541,0,0,188
2792,2661,0,0,55
6134,5892,0,0,106
7427,3026,20,1,2170
4356,2947,10,1,835
7094,5858,8,0,984
0,0,0,0,0
24369,10061,24,2,3252
41890,55333,80,3,6311
4152,2974,2,0,446
10068,9261,2,0,476
3706,2984,2,0,503
7348,6019,4,0,697
3413,3011,1,0,240
9588,8645,2,0,436
6120,5387,1,0,307
6949,5910,3,0,529
9549,8371,2,0,465
3381,2932,1,0,163
3039,2652,1,0,255
9460,8550,3,0,565
0,0,0,0,0
6889,5892,2,0,423
3389,3026,0,0,60
3275,2947,1,0,193
6624,5858,2,0,448
0,0,0,0,0
11493,7535,4,0,785
42331,58307,29,0,2334
0,0,0,0,0
9975,9261,0,0,168
3224,2984,0,0,52
6298,6019,0,0,124
3149,3011,0,0,51
12182,11369,1,0,401
2941,2663,0,0,53
6758,5910,0,0,127
9023,8371,0,0,209
3035,2932,0,0,51
3048,2652,0,0,51
9051,8550,1,0,303
6679,5892,4,0,717
0,0,0,0,0
6169,5973,0,0,110
0,0,0,0,0
6254,5858,2,0,386
3397,2963,1,0,238
11156,4572,19,6,2060
41616,58307,11,0,1426
0,0,0,0,0
9784,9261,0,0,171
2914,2984,0,0,55
6487,6019,2,0,496
5994,5930,0,0,121
12338,11113,1,0,397
0,0,0,0,0
6497,5910,1,0,341
8888,8371,0,0,192
2973,2932,0,0,59
6325,5600,1,0,225
5847,5602,0,0,110
6219,5892,0,0,107
0,0,0,0,0
6260,5973,0,0,110
3275,2930,0,0,56
3159,2928,1,0,233
2995,2963,0,0,61
8938,4572,6,0,644
41552,58307,7,0,1032
3429,2963,0,0,55
9554,9282,0,0,182
0,0,0,0,0
6747,6019,1,0,278
9187,8672,0,0,194
8809,8371,0,0,191
0,0,0,0,0
6510,5910,1,0,392
8697,8371,0,0,171
2966,2932,0,0,61
6189,5600,0,0,136
5799,5602,0,0,120
6151,5892,0,0,119
0,0,0,0,0
6226,5973,0,0,106
6270,5858,1,0,288
0,0,0,0,0
14052,7535,11,2,1969
37530,55333,2,0,425
3331,2974,0,0,60
3252,2963,0,0,52
9446,9282,0,0,199
3304,3053,0,0,57
3281,2966,2,0,377
11938,11656,0,0,268
5490,5387,0,0,117
3558,2937,1,0,300
6075,5663,0,0,147
5768,5681,0,0,118
3014,2932,0,0,58
5896,5600,0,0,128
6011,5602,0,0,127
5918,5892,0,0,115
0,0,0,0,0
6000,5973,0,0,108
6655,5858,2,0,442
0,0,0,0,0
34078,40246,12,0,1676
15943,22622,0,0,52
3492,2974,1,0,279
5744,5633,0,0,113
6780,6612,0,0,110
3252,3053,0,0,61
3524,2966,1,0,255
12018,11656,0,0,236
5610,5387,0,0,111
3283,2937,0,0,69
6245,5663,0,0,115
9045,8613,0,0,210
0,0,0,0,0
5915,5600,0,0,114
6199,5602,0,0,159
6443,5892,3,0,545
0,0,0,0,0
5939,5973,0,0,121
6197,5858,1,0,256
0,0,0,0,0
43099,41952,25,4,3758
15794,22622,0,0,62
3340,2974,0,0,68
9349,9261,0,0,163
3149,2984,0,0,51
3023,3053,0,0,52
3209,2966,0,0,64
11724,11656,0,0,207
5727,5387,0,0,117
3141,2937,0,0,64
8974,8371,0,0,181
5954,5905,0,0,113
0,0,0,0,0
8966,8541,0,0,180
3092,2661,0,0,73
6049,5892,0,0,145
3042,3026,0,0,51
3031,2947,0,0,53
7080,5858,2,0,329
0,0,0,0,0
33863,40246,9,0,1274
15867,22622,0,0,61
3364,2974,0,0,62
9283,9261,0,0,170
2897,2984,0,0,51
6289,6019,0,0,116
0,0,0,0,0
12389,11656,0,0,232
6411,5387,4,0,623
3124,2937,0,0,54
9706,8371,3,0,562
5935,5905,1,0,256
0,0,0,0,0
8811,8541,1,0,291
2814,2661,0,0,56
6528,5892,1,0,287
3525,3026,1,0,238
3270,2947,1,0,238
6789,5858,4,0,597
0,0,0,0,0
34908,40246,23,3,2550
15890,22622,0,0,56
3414,2974,1,0,267
9416,9261,0,0,163
3017,2984,0,0,58
6289,6019,0,0,119
3038,3011,0,0,50
9291,8645,1,0,297
5756,5387,0,0,112
3104,2937,0,0,59
12056,11344,0,0,231
2932,2932,0,0,57
0,0,0,0,0
8968,8541,0,0,165
2792,2661,0,0,51
5961,5892,0,0,125
3361,3026,1,0,252
2949,2947,0,0,59
6569,5858,2,0,385
0,0,0,0,0
35845,40656,13,0,1782
15745,22622,0,0,53
3119,2974,0,0,56
9720,9261,0,0,180
3043,2984,0,0,64
6198,6019,0,0,112
3272,3011,0,0,52
8901,8645,0,0,162
5725,5387,0,0,114
6692,5910,0,0,126
8912,8371,0,0,179
2954,2932,0,0,59
0,0,0,0,0
9600,11202,0,0,320
2929,0,0,0,0
6193,5892,0,0,129
3512,3026,1,0,194
3047,2947,0,0,51
6093,5858,1,0,240
0,0,0,0,0
36805,40246,19,4,2585
19157,25596,1,0,269
0,0,0,0,0
9988,9261,0,0,175
3012,2984,0,0,48
6295,6019,0,0,118
2985,3011,0,0,56
11910,11369,0,0,231
2835,2663,0,0,57
6077,5910,0,0,105
8675,8371,0,0,160
3306,2932,0,0,76
2818,2652,0,0,57
8920,8550,0,0,178
3002,5685,5,0,138
5337,208,0,0,0
6680,5973,1,0,255
0,0,0,0,0
6472,5858,3,0,461
32216,37693,10,0,1349
3081,2963,0,0,54
18960,25596,2,0,347
0,0,0,0,0
9423,9261,0,0,175
2897,2984,0,0,52
6182,6019,0,0,116
3312,3011,0,0,51
15065,14032,1,0,399
0,0,0,0,0
5951,5910,0,0,109
8743,8371,0,0,196
3101,2932,0,0,51
2761,2652,0,0,53
8831,8550,0,0,158
5943,5892,0,0,113
0,0,0,0,0
6661,5973,2,0,464
0,0,0,0,0
6639,5858,1,0,292
34514,37349,8,0,1280
3143,2963,0,0,56
18804,25596,0,0,122
0,0,0,0,0
9639,9261,0,0,181
2964,2984,0,0,56
6063,6019,0,0,107
6182,5930,1,0,216
11829,11113,0,0,228
0,0,0,0,0
6046,5910,0,0,106
8926,8371,0,0,200
3020,2932,0,0,68
5828,5600,0,0,130
5952,5602,0,0,110
6366,5892,0,0,138
0,0,0,0,0
6696,5973,1,0,278
3395,2930,1,0,176
3230,2928,1,0,212
32974,37283,7,0,837
3231,2963,0,0,64
18903,25596,0,0,101
0,0,0,0,0
9497,9261,0,0,161
3234,2984,0,0,69
6250,6019,0,0,103
9106,8672,0,0,162
8980,8371,0,0,163
0,0,0,0,0
6439,5910,0,0,136
8818,8371,0,0,173
2997,2932,0,0,53
5922,5600,0,0,110
5926,5602,0,0,117
6226,5892,0,0,107
0,0,0,0,0
6542,5973,1,0,228
6226,5858,2,0,400
0,0,0,0,0
36979,40246,19,4,2562
15628,22622,0,0,48
3139,2974,0,0,56
3169,2963,0,0,53
9663,9282,0,0,159
3148,3053,0,0,56
3004,2966,0,0,59
12151,11656,0,0,236
6025,5387,0,0,115
3224,2937,0,0,58
3143,2973,0,0,53
9906,8371,0,0,185
3229,2932,0,0,178
5780,5600,0,0,110
5613,5602,0,0,116
5995,5892,0,0,110
0,0,0,0,0
6298,5973,1,0,261
6577,5858,2,0,390
0,0,0,0,0
34939,40246,10,0,1181
15710,22622,0,0,78
3532,2974,1,0,225
3274,2963,0,0,65
9368,9282,0,0,157
3173,3053,0,0,55
3017,2966,0,0,52
12171,11656,2,0,408
5695,5387,0,0,110
3123,2937,0,0,73
5977,5663,0,0,105
8874,8613,0,0,214
0,0,0,0,0
5959,5600,0,0,112
5733,5602,0,0,108
6164,5892,0,0,118
0,0,0,0,0
6559,5973,1,0,264
6081,5858,2,0,375
0,0,0,0,0
37555,40246,26,1,3410
16551,22622,4,0,415
3781,2974,4,0,551
7004,5633,5,0,641
7205,6612,6,0,771
3694,3053,3,0,415
3598,2966,3,0,534
13580,11656,9,0,1240
6486,5387,2,0,523
3498,2937,3,0,254
6876,5663,4,0,502
9987,8613,5,0,703
0,0,0,0,0
6577,5600,4,0,456
6426,5602,3,0,460
6787,5892,4,0,542
0,0,0,0,0
7420,5973,4,0,593
6621,5858,4,0,500
0,888,11,0,765
38310,39359,63,2,4708
15712,22622,0,0,52
3202,2974,0,0,53
10003,9261,2,0,492
3083,2984,0,0,53
3510,3053,1,0,218
3329,2966,1,0,217
12531,11656,0,0,227
6217,5387,1,0,273
3267,2937,0,0,62
8720,8371,0,0,162
5931,5905,0,0,111
0,0,0,0,0
9031,8541,0,0,185
2801,2661,0,0,53
6424,5892,0,0,124
3337,3026,2,0,382
3098,2947,0,0,51
6486,5858,1,0,262
8377,1675,17,3,2029
28805,38637,20,0,1561
15817,22622,0,0,59
3222,2974,0,0,50
9687,9261,0,0,170
2978,2984,0,0,56
6348,6019,0,0,123
0,0,0,0,0
12102,11656,0,0,218
5833,5387,0,0,124
3317,2937,0,0,79
9304,8371,0,0,194
6082,5905,0,0,128
0,0,0,0,0
9016,8541,0,0,184
2915,2661,0,0,51
5909,5892,0,0,119
3279,3026,1,0,208
3134,2947,0,0,59
6227,5858,0,0,110
9764,3249,4,0,676
28552,38637,8,0,820
15690,22622,0,0,59
3240,2974,0,0,70
9501,9261,0,0,158
2954,2984,0,0,59
6081,6019,0,0,112
3310,3011,0,0,58
8908,8645,0,0,160
5598,5387,0,0,100
2960,2937,0,0,53
11999,11344,0,0,212
2965,2932,0,0,52
0,0,0,0,0
9569,8541,0,0,243
2905,2661,0,0,66
6058,5892,0,0,116
3214,3026,1,0,169
2947,2947,0,0,51
6469,5858,1,0,285
5501,1609,5,0,696
27868,38637,3,0,373
15684,22622,0,0,70
3175,2974,0,0,51
9513,9261,0,0,162
2971,2984,0,0,54
6084,6019,0,0,105
3344,3011,0,0,51
8731,8645,0,0,161
5727,5387,0,0,104
2899,2937,0,0,56
12220,11344,0,0,218
2923,2932,0,0,52
0,0,0,0,0
8935,8541,0,0,159
2871,2661,0,0,56
6269,5892,0,0,125
3350,3026,1,0,172
3016,2947,0,0,54
6252,5858,1,0,227
4255,1609,2,0,305
27729,38637,2,0,404
15711,22622,0,0,54
3210,2974,0,0,55
9837,9261,0,0,197
3083,2984,0,0,59
6363,6019,2,0,399
3330,3011,0,0,53
9077,8645,0,0,169
6346,5387,0,0,126
6436,5910,1,0,267
8845,8371,0,0,170
2972,2932,0,0,62
0,0,0,0,0
8866,11202,0,0,252
2936,0,0,0,0
6343,5892,0,0,125
3425,3026,1,0,237
2897,2947,0,0,60
6285,5858,2,0,323
14270,3249,19,4,2997
27984,38637,2,0,354
18565,25596,0,0,110
0,0,0,0,0
9512,9261,0,0,208
2973,2984,0,0,62
6484,6019,1,0,276
3329,3011,0,0,90
11631,11369,0,0,252
2775,2663,0,0,60
6268,5910,1,0,284
8954,8371,0,0,196
2959,2932,0,0,82
2820,2652,0,0,58
8722,8550,0,0,167
6430,5892,0,0,142
0,0,0,0,0
6306,5973,1,0,330
0,0,0,0,0
5976,5858,1,0,237
30353,37283,9,0,1206
3130,2963,0,0,56
18723,25596,0,0,148
0,0,0,0,0
9604,9261,0,0,177
2919,2984,0,0,69
6296,6019,1,0,299
2896,3011,0,0,53
14689,14032,0,0,339
0,0,0,0,0
6338,5910,1,0,276
8572,8371,0,0,169
3002,2932,0,0,82
5650,5600,0,0,133
6065,5602,0,0,131
6105,5892,0,0,141
0,0,0,0,0
6271,5973,2,0,401
3227,2930,2,0,266
3091,2928,0,0,63
31133,37349,8,0,1355
3143,2963,0,0,204
18676,25596,0,0,119
0,0,0,0,0
9776,9261,0,0,176
2927,2984,0,0,57
6377,6019,1,0,260
6254,5930,0,0,125
12125,11113,1,0,356
0,0,0,0,0
6392,5910,1,0,300
9038,8371,0,0,190
3121,2932,0,0,58
5740,5600,0,0,114
6087,5602,0,0,128
6392,5892,1,0,277
0,0,0,0,0
6595,5973,1,0,300
6286,5858,1,0,242
4529,1609,3,0,324
28234,38637,5,0,677
0,0,0,0,0
18753,25596,0,0,127
3121,2963,0,0,54
9450,9282,0,0,184
3132,3053,0,0,51
3283,2966,1,0,208
8968,8672,0,0,158
9563,8371,0,0,193
3252,2937,1,0,230
3239,2973,0,0,51
9493,8371,0,0,189
3011,2932,0,0,69
6269,5600,1,0,299
5810,5602,0,0,103
6258,5892,1,0,265
0,0,0,0,0
6431,5973,1,0,278
6055,5858,1,0,233
5982,1609,2,0,392
28337,38632,4,0,629
15709,22622,0,0,47
3030,2974,0,0,64
3006,2963,0,0,56
9577,9282,0,0,178
3034,3053,0,0,51
3169,2966,1,0,200
12162,11656,0,0,218
6189,5387,1,0,235
3380,2937,1,0,202
6430,5663,0,0,141
5816,5681,0,0,160
3020,2932,0,0,56
5883,5600,0,0,124
5802,5602,0,0,108
5995,5892,0,0,106
0,0,0,0,0
6400,5973,2,0,385
6252,5858,1,0,237
5797,1609,8,0,1099
30023,38638,4,2,569
15472,22622,0,0,43
3157,2974,0,0,48
3059,2964,7,0,118
12527,9283,0,0,113
3045,3053,0,0,64
3285,2966,1,0,212
11740,11656,0,0,240
5915,5387,1,0,249
3360,2937,1,0,210
6120,5663,0,0,104
8947,8613,0,0,154
0,0,0,0,0
6108,5600,0,0,105
5862,5602,0,0,105
5873,5892,0,0,122
0,0,0,0,0
6577,5973,1,0,301
6235,5858,1,0,235
6959,2019,2,0,389
28104,38637,2,0,416
15647,22622,0,0,64
3124,2974,0,0,56
9544,9261,0,0,164
2799,2984,0,0,55
3261,3053,0,0,48
3276,2966,2,0,254
11849,11656,0,0,208
5693,5387,0,0,110
3486,2937,1,0,205
9084,8371,0,0,171
5926,5905,0,0,102
0,0,0,0,0
5994,5600,0,0,110
5859,5602,0,0,113
6016,5892,0,0,104
3582,3026,0,0,61
3024,2947,0,0,56
6270,5858,1,0,244
5980,1609,7,0,1024
28145,38637,3,0,468
15714,22622,0,0,44
3181,2974,0,0,53
9711,9261,0,0,173
3082,2984,0,0,51
6514,6019,0,0,119
0,0,0,0,0
15602,11656,10,1,1699
6507,5387,2,0,415
3515,2937,1,0,209
9537,8371,2,0,403
6844,5905,3,0,618
0,0,0,0,0
10079,8541,5,0,697
3271,2661,1,0,257
6528,5892,3,0,507
3528,3026,1,0,223
3480,2947,2,0,299
6616,5858,2,0,470
8237,1675,16,3,1881
30591,38637,38,2,3303
15869,22622,0,0,63
3202,2974,0,0,56
9723,9261,0,0,183
3329,2984,1,0,230
7163,6019,2,0,463
0,0,0,0,0
12248,11656,0,0,242
6045,5387,0,0,142
4066,2937,3,0,412
9228,8371,0,0,208
6646,5905,0,0,120
0,0,0,0,0
10266,8541,3,0,604
3168,2661,1,0,237
6015,5892,0,0,114
3425,3026,1,0,176
4190,2947,4,0,500
6552,5858,1,0,315
5692,1609,7,0,1023
29741,38637,22,0,1899
16588,22622,2,0,368
3308,2974,0,0,59
9435,9261,0,0,179
2940,2984,0,0,55
7335,6019,3,0,507
0,0,0,0,0
13057,11656,2,0,843
6196,5387,2,0,411
4079,2937,4,0,548
8941,8371,0,0,202
5990,5905,0,0,123
0,0,0,0,0
9747,8541,2,0,427
2889,2661,0,0,54
5872,5892,0,0,122
3312,3026,2,0,264
3025,2947,0,0,64
11789,7467,5,0,797
0,0,0,0,0
28585,38637,12,0,1196
15811,22622,0,0,59
3951,2974,1,0,274
9803,9261,1,0,307
2945,2984,0,0,51
7178,6019,2,0,434
2973,3011,0,0,72
9499,8645,1,0,350
6176,5387,2,0,366
3317,2937,1,0,202
12932,11344,1,0,500
3039,2932,0,0,55
0,0,0,0,0
8941,8541,0,0,194
3788,2661,2,0,419
6178,5892,0,0,109
3339,3026,1,0,188
3474,2947,1,0,235
12141,7467,8,0,1145
0,0,0,0,0
28806,38637,16,0,1438
15769,22622,0,0,60
4008,2974,0,0,224
9887,9261,1,0,306
3083,2984,0,0,51
6302,6019,1,0,273
4015,3011,0,0,218
12582,11369,1,0,402
3000,2663,1,0,189
6595,5910,2,0,298
8898,8371,0,0,169
2937,2932,0,0,52
2737,2652,0,0,56
9456,8550,1,0,317
3340,2937,1,0,238
3001,2955,0,0,64
3393,3026,1,0,254
3145,2947,0,0,56
14598,7877,4,0,920
0,0,0,0,0
28682,38637,6,0,674
18885,25596,0,0,97
0,0,0,0,0
9588,9261,0,0,185
3022,2984,0,0,61
6489,6019,1,0,254
3251,3011,0,0,54
12306,14020,6,0,547
4940,13,0,0,0
6622,5910,1,0,248
9168,8371,0,0,197
3011,2932,0,0,60
3055,2652,0,0,58
9247,8550,0,0,175
6250,5892,0,0,120
0,0,0,0,0
6723,5973,2,0,404
0,0,0,0,0
11648,7467,5,0,1037
25559,35674,9,0,812
3580,2963,0,0,247
18728,25596,0,0,117
0,0,0,0,0
9751,9261,0,0,170
2997,2984,0,0,53
6332,6019,1,0,237
3264,3011,0,0,69
14912,14032,0,0,286
0,0,0,0,0
6488,5910,2,0,325
9044,8371,0,0,180
2907,2932,0,0,58
6008,5600,0,0,111
5945,5602,0,0,124
7159,5892,1,0,474
0,0,0,0,0
6536,5973,1,0,250
3193,2930,1,0,173
8396,4603,2,0,396
26418,35674,9,0,1156
3006,2963,0,0,63
18582,25596,0,0,121
0,0,0,0,0
10092,9261,0,0,308
2959,2984,0,0,54
6090,6019,1,0,228
6885,5930,0,0,231
11683,11113,1,0,388
0,0,0,0,0
6134,5910,1,0,255
8880,8371,0,0,205
3878,2932,0,0,182
5917,5600,0,0,113
6155,5602,1,0,307
6781,5892,0,0,263
0,0,0,0,0
6369,5973,1,0,239
6130,5858,1,0,274
5209,1609,4,0,802
29426,38637,8,0,890
0,0,0,0,0
18762,25596,0,0,121
3865,2963,0,0,206
9610,9282,1,0,287
3067,3053,0,0,55
3240,2966,1,0,210
10657,8672,0,0,461
9337,8371,2,0,473
3671,2937,2,0,216
3253,2973,0,0,70
8837,8371,0,0,182
3750,2932,0,0,234
5860,5600,0,0,105
5879,5602,0,0,115
6383,5892,1,0,297
0,0,0,0,0
7482,5973,2,0,600
10450,6678,3,0,935
5874,2019,1,0,96
29917,38637,8,0,1114
15734,22622,0,0,51
3051,2974,0,0,57
3032,2963,0,0,56
10399,9282,0,0,321
3122,3053,0,0,56
3394,2966,1,0,207
12344,11656,1,0,370
6472,5387,0,0,266
3461,2937,1,0,203
5901,5663,0,0,118
9089,8613,0,0,177
0,0,0,0,0
6857,5600,0,0,264
6180,5602,1,0,249
6009,5892,0,0,110
0,0,0,0,0
7384,5973,1,0,466
11284,7467,7,0,1015
0,0,0,0,0
29986,38637,13,0,1345
15745,22622,0,0,54
3123,2974,0,0,65
5783,5633,0,0,110
7410,6612,0,0,295
3081,3053,0,0,56
3300,2966,2,0,298
15175,11656,3,0,868
6635,5387,1,0,470
3304,2937,1,0,173
6067,5663,0,0,103
9118,8613,0,0,169
0,0,0,0,0
6797,5600,0,0,243
5909,5602,0,0,100
6328,5892,2,0,455
0,0,0,0,0
7502,5973,3,0,578
12253,7467,3,0,702
0,0,0,0,0
37502,38637,107,5,8951
16120,22622,0,0,48
4194,2974,4,0,614
10370,9261,2,0,575
4151,2984,3,0,648
3680,3053,2,0,380
3436,2966,2,0,423
13809,11656,4,0,1080
6149,5387,1,0,313
3557,2937,2,0,261
9478,8371,3,0,687
7181,5905,3,0,855
0,0,0,0,0
10540,8541,5,0,946
3244,2661,1,0,274
6837,5892,3,0,641
3724,3026,2,0,403
3283,2947,1,0,232
39160,40178,38,0,3561
0,0,0,0,0
7365,5926,2,0,512
15847,22622,0,0,72
3206,2974,0,0,68
9475,9261,0,0,177
5549,2984,20,1,2042
12355,6019,36,2,3768
0,0,0,0,0
22952,11656,73,4,6986
10927,5387,32,2,3422
6169,2937,19,2,1863
16499,8371,51,4,5001
11828,5905,32,4,3654
0,0,0,0,0
17089,8541,54,3,5288
5985,2661,14,2,1667
11808,5892,36,2,3506
6413,3026,19,1,2070
6255,2947,18,1,2134
51003,40244,131,5,12435
0,0,0,0,0
12212,5926,37,3,3536
18659,22622,11,1,1516
6549,2974,19,1,1955
18231,9261,54,5,5271
6191,2984,18,1,1994
12220,6019,36,3,3665
0,0,0,0,0
23098,11656,70,4,7188
10965,5387,29,3,3346
6422,2937,20,1,1873
16937,8371,49,4,5297
11750,5905,34,2,3698
0,0,0,0,0
17163,8541,55,3,5409
5962,2661,16,2,1687
11506,5892,36,2,3459
6495,3026,19,1,2193
6436,2947,19,1,2026
47805,40178,136,5,11325
0,0,0,0,0
8368,5926,6,0,1112
16001,22622,0,0,57
3562,2974,1,0,267
10117,9261,2,0,511
3620,2984,2,0,454
7735,6019,3,0,607
3288,3011,1,0,238
9792,8645,4,0,947
5885,5387,1,0,315
3532,2937,1,0,222
13467,11344,3,0,709
3446,2932,1,0,177
0,0,0,0,0
9831,8541,3,0,639
2856,2661,0,0,59
6604,5892,3,0,518
6992,3026,20,1,2199
4353,2947,6,1,676
46429,40998,108,5,9908
0,0,0,0,0
7381,5926,6,0,978
16064,22622,0,0,61
3477,2974,1,0,267
10064,9261,2,0,505
3384,2984,1,0,284
7726,6019,3,0,631
7151,3011,18,2,1975
12110,8645,14,1,1855
6508,5387,6,0,1144
3609,2937,3,0,442
14312,11344,11,0,1470
3839,2932,5,0,681
0,0,0,0,0
10952,8541,6,0,894
3182,2661,1,0,257
6969,5892,4,0,601
4248,3026,2,0,400
4054,2947,2,0,354
43685,40588,78,2,6636
0,0,0,0,0
7152,5926,2,0,366
16498,22622,0,0,73
3705,2974,2,0,343
10321,9261,1,0,410
3315,2984,1,0,241
7302,6019,2,0,515
3305,3011,0,0,53
9636,8645,3,0,537
5737,5387,0,0,104
2911,2937,0,0,55
11778,11344,0,0,232
3137,2932,0,0,51
0,0,0,0,0
10948,8541,2,0,480
3067,2661,0,0,55
6168,5892,0,0,101
4772,3026,1,0,133
3737,2947,1,0,246
36438,40178,28,1,2638
0,0,0,0,0
6342,5926,1,0,295
15987,22622,0,0,54
3147,2974,0,0,50
9744,9261,0,0,177
3069,2984,0,0,48
6189,6019,0,0,82
3162,3011,0,0,46
12415,11369,3,0,642
2863,2663,0,0,48
6123,5910,0,0,114
8943,8371,0,0,141
3036,2932,0,0,51
3075,2652,0,0,61
9025,8550,0,0,154
3035,2937,0,0,49
2987,2955,0,0,55
3445,3026,0,0,57
9144,4556,5,0,838
29006,38569,11,0,1060
3369,2963,0,0,51
3238,2963,0,0,69
18924,25596,0,0,122
0,0,0,0,0
9704,9261,1,0,338
3038,2984,0,0,62
6121,6019,0,0,123
5350,3011,6,0,1104
16067,14032,8,0,1707
0,0,0,0,0
7724,5910,5,0,959
10951,8371,1,0,731
3408,2932,0,0,177
3231,2652,0,0,65
9630,8550,0,0,195
6948,5892,3,0,742
0,0,0,0,0
7553,5973,3,0,686
4503,1675,1,0,220
30191,38569,34,1,2968
3971,2963,2,0,359
3436,2963,1,0,180
19296,25596,3,0,471
0,0,0,0,0
9802,9261,3,0,467
3109,2984,1,0,161
6788,6019,2,0,398
5076,3011,9,1,1068
16826,14032,9,0,1770
0,0,0,0,0
6743,5910,1,0,341
11462,8371,9,1,1694
5128,2932,8,0,1023
0,0,0,0,0
10253,8541,7,0,983
3487,2661,2,0,316
6710,5892,7,0,755
4604,3026,7,1,760
12079,4966,10,0,1748
31877,38569,70,1,5613
0,0,0,0,0
6642,5926,4,0,564
15727,22622,0,0,57
3673,2974,2,0,517
9521,9261,0,0,143
3566,2984,1,0,230
7338,6019,2,0,489
3413,3011,0,0,50
9860,8645,9,0,860
7947,5388,0,0,60
6720,5910,3,0,563
10339,8371,1,0,517
3006,2932,0,0,60
4868,2652,2,0,532
10786,8550,7,0,1227
0,0,0,0,0
6554,5892,4,0,646
5424,3026,2,0,541
11372,4963,3,0,713
39464,38569,125,4,10478
0,0,0,0,0
8972,5926,12,0,1558
20844,25596,2,0,613
0,0,0,0,0
10660,9261,6,0,1033
3579,2984,3,0,448
8065,6019,6,0,1054
3706,3011,2,0,282
13448,11369,8,0,1312
3251,2663,1,0,294
6716,5910,4,0,521
10636,8371,5,0,889
3627,2932,3,0,538
3202,2652,2,0,243
9875,8550,5,0,784
6761,5892,4,0,561
0,0,0,0,0
6453,5973,4,0,575
5557,1609,5,0,967
30230,38569,54,2,4233
3247,2963,1,0,194
2960,2963,0,0,58
18675,25596,0,0,114
0,0,0,0,0
9508,9261,0,0,196
2865,2984,0,0,46
6076,6019,0,0,95
3067,3011,0,0,61
15092,14032,1,0,422
0,0,0,0,0
7128,5910,0,0,326
8808,8371,0,0,149
2906,2932,0,0,48
5818,5600,0,0,99
5872,5602,0,0,98
6040,5892,0,0,105
0,0,0,0,0
6333,5973,1,0,281
31253,37660,26,1,1795
3035,2928,0,0,79
3555,2963,0,0,156
3440,2963,0,0,151
18783,25596,0,0,100
0,0,0,0,0
9408,9261,0,0,159
2953,2984,0,0,52
5994,6019,0,0,98
7178,5930,1,0,349
11866,11113,1,0,388
0,0,0,0,0
5865,5910,0,0,136
9868,8371,0,0,329
3419,2932,1,0,296
5849,5600,0,0,123
5737,5602,0,0,130
5807,5892,0,0,121
0,0,0,0,0
6043,5973,0,0,120
31322,37312,20,1,2200
3162,2928,0,0,53
3211,2963,1,0,267
3268,2963,0,0,203
19599,25596,0,0,240
3881,2963,0,0,137
10416,9282,0,0,387
3745,3053,0,0,131
3368,2966,0,0,145
9288,8672,1,0,290
9582,8371,1,0,443
3362,2937,0,0,126
3689,2973,0,0,148
9073,8371,0,0,269
2934,2932,0,0,58
8767,5600,1,0,369
12214,5602,24,1,2565
7586,5892,7,0,978
0,0,0,0,0
7370,5973,4,0,709
40274,37250,96,6,8615
3716,2928,2,0,412
3898,2963,1,0,246
3691,2963,3,0,429
20713,25596,4,0,863
3561,2963,3,0,466
10262,9282,3,0,621
0,0,0,0,0
9259,6019,6,0,1048
10185,8672,2,0,483
12223,8371,11,0,1670
0,0,0,0,0
8556,5910,9,0,1138
9975,8371,5,0,937
3433,2932,2,0,303
6725,5600,4,0,730
6469,5602,3,0,363
7193,5892,6,0,714
0,0,0,0,0
44028,40293,95,6,8961
3634,2930,2,0,500
3440,2928,2,0,411
3887,2963,2,0,320
3458,2963,4,0,593
19005,25596,0,0,105
0,0,0,0,0
10332,9261,3,0,743
3178,2984,2,0,254
6548,6019,3,0,620
7217,5930,4,0,606
12344,11113,3,1,525
0,0,0,0,0
7139,5910,2,0,520
8547,8371,0,0,211
3138,2932,1,0,203
6426,5600,3,0,589
6076,5602,2,0,382
6332,5892,2,0,392
0,0,0,0,0
37978,40703,38,2,3621
7419,5858,1,0,461
0,0,0,0,0
7234,2963,20,1,2149
6490,2963,19,1,2082
24604,25596,33,2,3433
6513,2963,26,2,1798
17855,9282,53,4,5300
6392,3053,19,1,1854
6520,2966,18,2,2077
17502,8672,52,5,5247
16791,8371,49,3,5012
6690,2937,20,1,1723
6476,2973,19,1,1837
16214,8371,47,5,4803
5828,2932,18,1,1854
11519,5600,34,3,3723
11376,5602,33,3,3520
11607,5892,34,2,3495
0,0,0,0,0
46719,40293,136,9,12156
12364,5858,38,2,3864
0,0,0,0,0
12157,5926,36,2,3757
18186,22622,12,1,1670
6533,2974,18,1,2005
6474,2963,22,4,1998
18417,9282,50,3,5622
6190,3053,18,1,1795
6305,2966,18,1,1904
22138,11656,71,5,6791
10842,5387,29,5,3186
6036,2937,21,2,1797
11328,5663,33,3,3226
17197,8613,47,6,5321
0,0,0,0,0
11242,5600,35,3,3526
11247,5602,33,2,3479
11568,5892,34,4,3485
0,0,0,0,0
19007,7582,47,3,4571
38291,38569,126,5,10142
0,0,0,0,0
14173,5926,38,3,3893
16941,22622,2,1,440
4131,2974,4,0,519
14827,9261,29,4,2962
3617,2984,4,0,577
3728,3053,3,0,413
3814,2966,4,0,575
13798,11656,9,0,1546
6355,5387,2,0,566
3644,2937,2,0,246
6555,5663,4,0,589
10122,8613,6,0,1200
0,0,0,0,0
6569,5600,4,0,567
6399,5602,3,0,492
6624,5892,4,0,584
0,0,0,0,0
23913,9284,23,3,3371
32423,38569,61,4,5259
0,0,0,0,0
6742,5926,3,0,495
16066,22622,0,0,55
3326,2974,1,0,251
9953,9261,1,0,357
3188,2984,0,0,60
6290,6019,0,0,119
0,0,0,0,0
12295,11656,1,0,351
5945,5387,1,0,312
3006,2937,0,0,58
8807,8371,0,0,155
6066,5905,0,0,118
0,0,0,0,0
9209,8541,1,0,336
2827,2661,0,0,57
5900,5892,0,0,114
3040,3026,0,0,57
11205,4966,5,0,840
29132,38569,22,0,1926
0,0,0,0,0
6256,5926,0,0,131
15695,22622,0,0,58
3029,2974,0,0,66
9350,9261,0,0,178
3069,2984,0,0,59
5997,6019,0,0,120
0,0,0,0,0
11849,11656,0,0,257
5790,5387,1,0,257
2959,2937,0,0,61
8783,8371,0,0,169
6011,5905,0,0,123
0,0,0,0,0
8896,8541,0,0,191
2809,2661,0,0,51
5905,5892,0,0,108
3084,3026,0,0,60
11499,4966,6,0,1163
28011,38569,7,0,971
0,0,0,0,0
6433,5926,2,0,436
15616,22622,0,0,58
3061,2974,0,0,55
10461,9261,1,0,368
3219,2984,0,0,68
6211,6019,0,0,100
3078,3011,0,0,49
9434,8645,4,0,729
5953,5387,2,0,448
3042,2937,0,0,61
12105,11344,0,0,244
3022,2932,0,0,49
0,0,0,0,0
9448,8541,0,0,182
2815,2661,0,0,64
6252,5892,1,0,270
3014,3026,0,0,60
30082,37267,10,0,1094
6323,5858,1,0,215
0,0,0,0,0
6057,5926,0,0,112
15490,22622,0,0,51
3096,2974,0,0,60
14469,9261,31,3,3305
3501,2984,4,0,557
7359,6019,6,0,1005
3542,3011,3,0,322
9866,8645,7,0,965
6193,5387,2,0,501
3377,2937,2,0,277
13161,11344,7,0,1054
3383,2932,3,0,458
0,0,0,0,0
9923,8541,6,0,800
3086,2661,1,0,216
6478,5892,4,0,572
3365,3026,2,0,325
36052,37267,78,7,6764
6496,5858,2,0,401
0,0,0,0,0
6530,5926,3,0,453
15799,22622,0,0,54
3615,2974,1,0,213
9783,9261,1,0,331
3004,2984,0,0,64
6317,6019,1,0,237
3017,3011,0,0,48
11997,11369,1,0,404
2705,2663,0,0,60
5916,5910,0,0,110
8792,8371,0,0,183
2973,2932,0,0,68
2832,2652,0,0,53
9339,8550,0,0,331
2763,2937,0,0,54
3139,2955,1,0,201
8037,4635,3,0,371
28064,35659,25,2,1811
6302,5858,1,0,249
3229,2963,2,0,342
3027,2963,0,0,72
18763,25596,0,0,112
0,0,0,0,0
9442,9261,0,0,186
2957,2984,0,0,63
6159,6019,0,0,111
3015,3011,0,0,54
14586,14032,0,0,319
0,0,0,0,0
6029,5910,0,0,108
8584,8371,0,0,161
3101,2932,0,0,49
2845,2652,0,0,58
8631,8550,0,0,172
6082,5892,0,0,114
0,0,0,0,0
38136,40765,18,0,2284
0,0,0,0,0
6318,5858,1,0,241
3093,2963,1,0,192
3275,2963,1,0,209
18950,25596,0,0,141
0,0,0,0,0
9884,9261,0,0,205
3067,2984,0,0,61
6109,6019,0,0,113
3131,3011,0,0,54
15449,14032,5,0,1000
0,0,0,0,0
5910,5910,0,0,127
8882,8371,0,0,175
2968,2932,0,0,54
5700,5600,0,0,114
5846,5602,0,0,118
5746,5892,0,0,127
0,0,0,0,0
36985,40703,11,0,1409
3393,2930,1,0,166
2940,2928,0,0,64
2909,2963,0,0,67
2946,2963,0,0,65
22049,25596,19,2,2169
0,0,0,0,0
11186,9261,10,1,1476
3474,2984,6,0,609
7237,6019,6,0,874
6939,5930,6,0,824
12423,11113,5,0,927
0,0,0,0,0
6670,5910,4,0,550
9777,8371,5,0,857
3316,2932,3,0,474
6621,5600,4,0,539
6402,5602,3,0,489
6671,5892,4,0,629
0,0,0,0,0
42558,40703,83,7,7477
6775,5858,3,0,532
0,0,0,0,0
6534,5926,3,0,461
0,0,0,0,0
19109,25596,0,0,95
3256,2963,0,0,65
9185,9282,0,0,181
3078,3053,0,0,54
2976,2966,0,0,66
9037,8672,0,0,176
9214,8371,2,0,537
2954,2937,0,0,65
3126,2973,0,0,61
8835,8371,0,0,210
2990,2932,0,0,63
5721,5600,0,0,124
5905,5602,0,0,117
6282,5892,1,0,313
0,0,0,0,0
34499,40293,22,0,1687
6522,5858,1,0,283
0,0,0,0,0
6197,5926,2,0,354
15591,22622,0,0,50
3065,2974,0,0,52
3092,2963,0,0,52
9384,9282,0,0,184
3137,3053,0,0,44
2894,2966,0,0,68
12182,11656,0,0,220
5661,5387,0,0,129
2970,2937,0,0,66
5956,5663,0,0,94
8889,8613,0,0,198
0,0,0,0,0
5785,5600,0,0,106
6526,5602,0,0,244
5861,5892,0,0,122
0,0,0,0,0
39651,41113,15,0,2559
6825,5858,2,0,372
0,0,0,0,0
6588,5926,1,0,239
15827,22622,0,0,52
3350,2974,0,0,60
6722,5633,0,0,130
6525,6612,0,0,109
3106,3053,0,0,49
3058,2966,0,0,54
12846,11656,3,0,491
5919,5387,1,0,283
3194,2937,1,0,215
6114,5663,0,0,155
9939,8613,0,0,191
0,0,0,0,0
6127,5600,0,0,105
6074,5602,0,0,118
6310,5892,0,0,131
0,0,0,0,0
35300,40293,12,0,1345
6224,5858,1,0,260
0,0,0,0,0
6335,5926,1,0,242
15811,22622,0,0,65
6531,2974,20,1,2146
11511,9261,10,1,1400
3639,2984,4,0,557
3911,3053,3,0,429
3537,2966,3,0,578
13445,11656,9,0,1419
6182,5387,2,0,419
3409,2937,2,0,261
10388,8371,5,0,873
6846,5905,5,0,751
0,0,0,0,0
9780,8541,6,0,856
3233,2661,1,0,265
6707,5892,4,0,596
3674,3026,2,0,274
41010,37329,87,6,6942
6785,5858,2,0,452
0,0,0,0,0
6928,5926,2,0,368
15973,22622,0,0,72
3220,2974,0,0,52
9483,9261,0,0,172
2993,2984,0,0,66
6178,6019,0,0,104
0,0,0,0,0
12354,11656,1,0,382
5867,5387,0,0,100
3019,2937,0,0,64
9557,8371,0,0,169
5934,5905,0,0,118
0,0,0,0,0
8524,8541,0,0,143
2795,2661,0,0,47
6506,5892,0,0,106
8720,4635,3,0,366
28866,35658,24,0,1747
6268,5858,0,0,120
0,0,0,0,0
6288,5926,1,0,242
15665,22622,0,0,50
3159,2974,0,0,57
9744,9261,0,0,193
3150,2984,0,0,63
6749,6019,0,0,219
0,0,0,0,0
11879,11656,0,0,243
6063,5387,1,0,276
3220,2937,0,0,45
9147,8371,0,0,184
6196,5905,0,0,118
0,0,0,0,0
9343,8541,0,0,188
2806,2661,0,0,53
5916,5892,0,0,108
9937,4635,3,0,857
28735,35658,13,0,1221
6681,5858,1,0,228
0,0,0,0,0
6629,5926,1,0,277
16109,22622,0,0,81
3701,2974,0,0,70
9976,9261,1,0,369
2979,2984,0,0,59
6086,6019,0,0,107
3015,3011,0,0,59
9572,8645,4,0,635
5797,5387,1,0,236
3438,2937,1,0,190
11878,11344,0,0,225
2945,2932,0,0,70
0,0,0,0,0
8897,8541,1,0,369
2848,2661,0,0,49
6165,5892,0,0,110
31753,37346,9,0,1170
3273,2947,1,0,261
6064,5858,2,0,385
0,0,0,0,0
6796,5926,1,0,216
18480,22622,11,1,1682
4996,2974,9,1,908
10844,9261,7,0,1252
3625,2984,4,0,525
7124,6019,7,0,1007
3704,3011,3,0,448
9907,8645,6,0,919
6557,5387,2,0,464
7740,5910,4,0,609
9938,8371,5,0,803
3583,2932,3,0,480
3288,2652,2,0,257
9840,8550,5,0,752
0,0,0,0,0
6403,5892,4,0,584
48577,39396,85,6,7616
3584,2947,2,0,315
6571,5858,2,0,487
0,0,0,0,0
7013,5926,2,0,409
19617,25596,0,0,275
0,0,0,0,0
9934,9261,0,0,259
2916,2984,0,0,69
6276,6019,0,0,136
3035,3011,0,0,70
12284,11369,2,0,535
2784,2663,0,0,65
6247,5910,0,0,125
8795,8371,0,0,195
2998,2932,0,0,50
2913,2652,0,0,44
9049,8550,1,0,340
6198,5892,1,0,290
0,0,0,0,0
37859,40703,28,0,2492
0,0,0,0,0
6157,5858,1,0,307
3768,2963,2,0,291
3035,2963,0,0,52
18854,25596,0,0,120
0,0,0,0,0
9411,9261,0,0,164
2925,2984,0,0,54
6288,6019,0,0,120
3093,3011,0,0,66
15256,14032,1,0,432
0,0,0,0,0
6348,5910,0,0,129
8517,8371,0,0,229
3018,2932,0,0,72
5839,5600,0,0,136
5886,5602,0,0,140
5861,5892,0,0,148
0,0,0,0,0
38035,40765,14,0,2000
3445,2930,1,0,230
2963,2928,0,0,73
3231,2963,0,0,80
3292,2963,1,0,257
20034,25596,0,0,300
0,0,0,0,0
9778,9261,0,0,204
3373,2984,0,0,66
6200,6019,0,0,122
3092,3011,0,1,1261
23787,14034,22,0,1428
0,0,0,0,0
8672,5910,10,1,1222
9763,8371,2,0,633
3007,2932,0,0,57
3266,2652,1,0,209
9404,8550,2,0,532
3248,2937,3,0,399
3287,2955,1,0,262
40443,38986,49,1,4476
3351,2947,1,0,228
6598,5858,4,0,713
3479,2963,1,0,203
3254,2963,2,0,240
23502,25596,20,3,2465
0,0,0,0,0
10807,9261,7,0,1198
4693,2984,5,1,558
8293,6019,7,0,1037
3801,3011,3,0,432
16422,14032,9,0,1835
0,0,0,0,0
6688,5910,4,0,505
9679,8371,5,0,738
3229,2932,3,0,410
6429,5600,4,0,542
6405,5602,3,0,450
6458,5892,4,0,601
0,0,0,0,0
42583,40703,81,5,7753
3329,2930,1,0,253
3502,2928,3,0,595
3657,2963,1,0,227
3592,2963,2,0,399
19974,25596,1,0,500
0,0,0,0,0
11002,9261,1,0,596
3392,2984,1,0,218
6478,6019,3,0,490
6269,5930,1,0,268
12177,11113,2,0,612
0,0,0,0,0
6422,5910,1,0,237
9002,8371,0,0,181
2888,2932,0,0,62
6049,5600,1,0,294
5819,5602,0,0,95
6032,5892,0,0,115
0,0,0,0,0
35166,40293,38,0,3009
6240,5858,2,0,399
0,0,0,0,0
6343,5926,1,0,269
0,0,0,0,0
18633,25596,0,0,95
3056,2963,0,0,55
9278,9282,0,0,172
3130,3053,0,0,43
3301,2966,2,0,327
9061,8672,2,0,545
11940,8371,9,0,1524
0,0,0,0,0
7926,5910,4,1,851
10302,8371,4,0,982
2969,2932,0,0,50
6641,5600,2,0,385
6382,5602,4,0,820
6759,5892,4,0,627
7672,1609,10,2,1744
33249,38684,53,1,4978
3561,2930,2,0,267
3400,2928,1,0,278
4037,2963,2,0,417
3282,2963,2,0,355
20260,25596,0,0,268
0,0,0,0,0
10139,9261,0,0,186
3438,2984,2,0,382
7001,6019,2,0,477
6607,5930,2,0,479
12854,11113,3,0,729
0,0,0,0,0
6679,5910,2,0,391
9455,8371,0,0,234
3426,2932,0,0,48
6251,5600,0,0,116
5992,5602,0,0,110
6481,5892,3,0,502
6715,1609,4,2,815
29641,38684,17,0,2042
6372,5858,1,0,265
0,0,0,0,0
10702,5926,27,1,2835
0,0,0,0,0
19795,25596,3,0,501
3738,2963,3,0,512
10685,9282,7,0,1202
3585,3053,3,0,414
3451,2966,3,0,541
13182,11656,8,0,1462
6395,5387,2,0,633
3323,2937,2,0,244
3371,2973,2,0,332
9738,8371,5,0,805
3517,2932,2,0,301
6627,5600,5,0,657
7097,5602,3,0,548
7223,5892,4,0,686
9036,1671,17,4,2126
31729,38684,66,2,5053
6546,5858,3,0,637
0,0,0,0,0
6868,5926,2,0,367
15710,22622,0,0,48
3718,2974,0,0,165
3080,2963,0,0,64
10104,9282,2,0,586
3804,3053,1,0,176
3846,2966,2,0,404
12884,11656,3,0,707
5989,5387,1,0,283
8059,2937,22,1,1975
8747,5663,9,0,827
11588,8613,10,0,1344
0,0,0,0,0
7288,5600,4,0,724
6640,5602,4,0,629
7097,5892,5,0,638
12782,3249,6,0,892
34334,38684,70,3,6185
7230,5858,3,0,574
0,0,0,0,0
7170,5926,2,0,435
16096,22622,0,0,52
3373,2974,1,0,224
10480,9261,1,0,421
3571,2984,1,0,229
3526,3053,1,0,214
3403,2966,1,0,268
14739,11657,6,0,802
5954,5387,1,0,246
3396,2937,0,0,63
8733,8371,0,0,168
5812,5905,0,0,290
0,0,0,0,0
6651,5600,0,0,138
5880,5602,0,0,115
6273,5892,0,0,127
35726,37751,35,0,3353
3162,2947,0,0,68
5932,5858,0,0,130
0,0,0,0,0
7084,5926,0,0,149
16279,22622,0,0,70
3757,2974,0,0,79
9457,9261,0,0,194
2971,2984,0,0,67
6996,6019,2,0,480
0,0,0,0,0
13320,11656,2,0,496
5877,5387,1,0,229
3803,2937,2,0,283
8880,8371,0,0,223
6069,5905,0,0,125
0,0,0,0,0
9437,8541,0,0,204
2834,2661,0,0,59
8250,5892,1,0,411
32350,37346,23,0,2040
3651,2947,0,0,107
6096,5858,1,0,273
0,0,0,0,0
6632,5926,3,0,478
16265,22622,0,0,83
3357,2974,0,0,67
10483,9261,0,0,322
3039,2984,0,0,60
6945,6019,1,0,314
3082,3011,0,0,80
9588,8645,2,0,528
6152,5387,2,0,424
3987,2937,1,0,296
12834,11344,0,0,235
3040,2932,0,0,66
0,0,0,0,0
9477,8541,0,0,425
2925,2661,0,0,49
6060,5892,0,0,115
34368,37346,32,4,3517
3889,2947,1,0,227
6394,5858,0,0,108
0,0,0,0,0
7545,5926,1,0,427
16232,22622,0,0,80
3558,2974,0,0,63
10066,9261,1,0,290
2988,2984,0,0,58
7030,6019,1,0,309
3051,3011,0,0,41
9464,8645,1,0,315
6117,5387,2,0,420
3734,2937,1,0,239
11824,11344,0,0,199
2996,2932,0,0,47
0,0,0,0,0
9894,8541,1,0,414
2889,2661,0,0,41
11907,7501,3,0,494
27935,35737,20,0,1968
3324,2947,0,0,85
6980,5858,2,0,443
0,0,0,0,0
6713,5926,1,0,266
19612,25596,1,0,250
0,0,0,0,0
10307,9261,1,0,342
3574,2984,0,0,89
7214,6019,2,0,349
3336,3011,0,0,60
12511,11369,3,0,639
3234,2663,1,0,195
7055,5910,1,0,222
8755,8371,0,0,155
3415,2932,1,0,160
2771,2652,0,0,54
9575,8550,2,0,574
3352,2937,1,0,237
12752,5036,7,0,981
25764,35737,13,0,1388
3195,2947,0,0,120
6792,5858,0,0,144
3631,2963,1,0,198
3388,2963,2,0,354
19472,25596,0,0,110
0,0,0,0,0
9775,9261,0,0,198
3136,2984,0,0,70
6344,6019,1,0,256
3312,3011,0,0,66
15108,14032,2,0,566
0,0,0,0,0
6402,5910,1,0,269
9006,8371,0,0,170
3155,2932,0,0,72
3281,2652,0,0,62
14045,8550,25,1,2784
9141,5892,8,0,1093
9918,2019,19,4,2264
33483,38684,85,3,7183
0,0,0,0,0
7398,5858,5,0,1018
3818,2963,2,0,391
4447,2963,3,0,692
20514,25596,2,0,599
0,0,0,0,0
12778,9261,21,1,2055
3804,2984,3,0,437
7498,6019,5,0,805
3861,3011,3,0,400
16581,14032,8,0,1363
0,0,0,0,0
7131,5910,4,0,683
9485,8371,3,0,544
3284,2932,3,0,451
3233,2652,2,0,289
10055,8550,5,0,746
4997,2937,8,0,983
12813,4564,19,4,2463
28792,35737,60,1,4773
3487,2947,1,0,220
7584,5858,3,0,657
3592,2963,1,0,191
3318,2963,1,0,224
19790,25596,1,0,369
0,0,0,0,0
9712,9261,0,0,213
3243,2984,1,0,213
7180,6019,3,0,567
3400,3011,0,0,89
15768,14032,3,0,780
0,0,0,0,0
6559,5910,1,0,226
9478,8371,2,0,452
3310,2932,1,0,211
2991,2652,0,0,78
10024,8550,1,0,328
6519,5892,1,0,304
6082,1609,9,0,885
29635,38684,26,3,2495
0,0,0,0,0
6518,5858,0,0,137
3619,2963,2,0,312
2922,2963,0,0,81
18901,25596,0,0,124
0,0,0,0,0
9848,9261,0,0,214
2999,2984,0,0,68
6721,6019,2,0,390
6394,5930,2,0,385
12050,11113,1,0,433
0,0,0,0,0
6413,5910,1,0,298
9069,8371,0,0,240
3025,2932,0,0,65
6805,5600,0,0,153
5999,5602,0,0,107
6897,5892,1,0,253
6979,1609,8,0,1133
29204,38684,13,1,1280
3010,2930,0,0,58
3142,2928,1,0,222
3879,2963,1,0,158
3395,2963,0,0,75
19322,25596,0,0,278
4028,2963,0,0,163
9977,9282,0,0,202
0,0,0,0,0
6457,6019,1,0,282
9753,8672,2,0,456
8928,8371,1,0,379
0,0,0,0,0
6787,5910,1,0,288
8970,8371,0,0,180
2989,2932,0,0,66
6065,5600,0,0,125
14334,5602,35,2,3627
13398,5892,36,2,3853
6802,1609,5,0,741
38931,38684,110,4,9001
7980,5858,8,0,1166
0,0,0,0,0
7785,5926,7,0,903
17322,22622,1,0,197
4279,2974,2,0,313
4507,2963,3,0,555
10629,9282,3,0,521
3658,3053,2,0,382
4046,2966,4,0,603
13624,11656,5,0,928
6313,5387,1,0,407
3906,2937,2,0,314
6658,5663,2,0,454
6278,5681,1,0,295
3282,2932,1,0,195
6446,5600,3,0,530
6345,5602,1,0,312
15883,7563,20,4,2417
0,0,0,0,0
30543,38684,36,2,3161
6579,5858,0,0,112
0,0,0,0,0
6494,5926,2,0,351
16288,22622,1,0,177
4131,2974,1,0,266
6743,5633,1,0,330
6714,6612,0,0,131
3257,3053,0,0,61
3363,2966,2,0,427
12576,11656,3,0,603
6183,5387,1,0,237
3789,2937,1,0,242
6253,5663,0,0,130
9247,8613,0,0,184
0,0,0,0,0
5919,5600,0,0,132
6042,5602,0,0,126
14813,7911,7,0,1009
0,0,0,0,0
30819,38684,24,2,2372
6875,5858,1,0,280
0,0,0,0,0
7409,5926,3,0,710
15832,22622,0,0,72
3122,2974,0,0,67
10677,9261,3,0,631
3947,2984,1,0,234
3909,3053,2,0,338
3399,2966,1,0,204
12621,11656,3,0,572
6483,5387,1,0,318
3454,2937,1,0,233
9094,8371,0,0,202
5992,5905,0,0,115
0,0,0,0,0
6420,5600,0,0,126
6037,5602,2,0,334
13048,7501,8,0,1495
26230,35737,21,2,1907
3611,2947,2,0,347
6238,5858,1,0,310
0,0,0,0,0
6909,5926,3,0,538
15811,22622,0,0,62
3155,2974,0,0,54
10077,9261,1,0,375
3205,2984,1,0,162
6354,6019,1,0,281
0,0,0,0,0
12275,11656,3,0,540
6308,5387,0,0,123
3314,2937,1,0,190
9120,8371,0,0,204
6280,5905,0,0,162
0,0,0,0,0
9883,8541,1,0,318
3091,2661,0,0,89
12314,7501,3,1,363
26574,35737,15,1,1462
3493,2947,1,0,250
6438,5858,0,0,135
0,0,0,0,0
8235,5926,2,0,462
16050,22622,0,0,50
3457,2974,1,0,193
10598,9261,3,0,662
3335,2984,2,0,422
6528,6019,2,0,358
3121,3011,0,0,62
9305,8645,3,0,475
5977,5387,1,0,401
3772,2937,1,0,164
13079,11344,0,0,226
2931,2932,0,0,50
0,0,0,0,0
10304,8541,3,0,534
2849,2661,0,0,51
38672,40212,37,5,3883
3184,3026,0,0,61
3252,2947,1,0,205
7081,5858,3,0,468
0,0,0,0,0
7150,5926,4,0,468
16123,22622,1,0,187
3401,2974,1,0,164
10524,9261,2,0,500
3182,2984,1,0,182
6221,6019,1,0,268
2991,3011,0,0,60
9225,8645,4,0,617
5899,5387,0,0,97
7388,5910,3,0,415
9625,8371,0,0,160
3161,2932,0,0,79
0,0,0,0,0
8779,8541,3,0,537
2705,2661,0,0,58
41767,41442,27,1,2871
3527,3026,0,0,70
3332,2947,1,0,175
6242,5858,2,0,411
0,0,0,0,0
6935,5926,1,0,217
19710,25596,1,0,264
0,0,0,0,0
10302,9261,2,0,381
3265,2984,1,0,196
7236,6019,2,0,445
3308,3011,0,0,61
13218,11369,5,0,808
2872,2663,0,0,71
7227,5910,1,0,270
9254,8371,0,0,228
3098,2932,0,0,49
2781,2652,0,0,65
9296,8550,2,0,467
36888,37319,23,1,2495
3080,2955,0,0,69
3267,3026,0,0,64
3262,2947,1,0,256
6821,5858,2,0,383
3834,2963,2,0,320
3046,2963,0,0,51
19093,25596,0,0,115
0,0,0,0,0
9496,9261,1,0,297
2873,2984,0,0,63
7214,6019,3,0,485
3064,3011,0,0,60
16149,14032,5,0,905
0,0,0,0,0
7409,5910,1,0,296
9172,8371,1,0,333
3371,2932,1,0,217
2892,2652,0,0,87
8925,8550,1,0,349
38410,40212,26,1,2549
0,0,0,0,0
7185,5973,2,0,455
2934,2930,0,0,65
3439,2928,1,0,174
4864,2963,1,0,196
3205,2963,0,0,74
19674,25596,1,0,358
0,0,0,0,0
10335,9261,2,0,519
3190,2984,1,0,174
6620,6019,2,0,378
7299,5930,2,0,460
12401,11113,3,0,646
0,0,0,0,0
6649,5910,1,0,218
9370,8371,1,0,416
3162,2932,1,0,188
6583,5600,1,0,277
6235,5602,1,0,234
48590,41852,40,4,4647
0,0,0,0,0
6463,5973,1,0,267
6553,5858,2,0,436
0,0,0,0,0
6854,5926,2,0,347
0,0,0,0,0
18930,25596,1,0,242
3876,2963,1,0,236
9545,9282,1,0,289
3095,3053,0,0,57
3307,2966,3,0,331
9163,8672,2,0,389
9740,8371,3,0,548
3200,2937,1,0,177
3068,2973,0,0,47
8639,8371,0,0,166
3119,2932,1,0,181
5654,5600,0,0,111
6053,5602,1,0,252
38909,40622,32,4,3428
0,0,0,0,0
6409,5973,2,0,306
6786,5858,2,0,424
0,0,0,0,0
6714,5926,2,0,313
15528,22622,0,0,52
3342,2974,1,0,187
3802,2963,2,0,294
9577,9282,1,0,356
3312,3053,0,0,44
3587,2966,2,0,329
13586,11656,6,0,1064
5821,5387,1,0,371
3439,2937,1,0,240
6332,5663,0,0,167
8740,8613,0,0,204
0,0,0,0,0
6110,5600,0,0,117
6209,5602,1,0,243
41397,40622,31,1,3849
0,0,0,0,0
7091,5973,2,0,436
6611,5858,1,0,304
0,0,0,0,0
6745,5926,2,0,372
15914,22622,0,0,67
3663,2974,1,0,264
9810,9261,1,0,344
3159,2984,1,0,211
3054,3053,0,0,58
3474,2966,1,0,212
13023,11656,5,0,767
6383,5387,1,0,372
3232,2937,0,0,75
5893,5663,0,0,121
9405,8613,2,0,494
0,0,0,0,0
6695,5600,1,0,264
6216,5602,1,0,236
41132,41442,19,2,2502
0,0,0,0,0
7528,5973,2,0,559
6549,5858,2,0,302
0,0,0,0,0
8261,5926,3,0,446
16096,22622,0,0,46
3715,2974,1,0,273
10552,9261,2,0,538
3528,2984,1,0,187
8388,6019,2,1,616
0,0,0,0,0
14900,11656,11,0,1455
6355,5387,2,0,485
3734,2937,1,0,250
9500,8371,1,0,308
6324,5905,1,0,234
0,0,0,0,0
9690,8541,3,0,708
3466,2661,1,0,283
57596,40275,64,10,10825
3635,3026,0,0,56
4000,2947,1,0,251
6472,5858,2,0,365
0,0,0,0,0
6889,5926,3,0,424
16208,22622,1,0,179
3249,2974,0,0,58
9688,9261,2,0,418
3045,2984,0,0,55
7090,6019,3,0,460
0,0,0,0,0
13675,11656,3,0,589
5653,5387,0,0,116
3271,2937,0,0,46
9319,8371,0,0,168
6100,5905,0,0,183
0,0,0,0,0
8556,8541,0,0,199
2821,2661,0,0,69
38737,40212,38,4,4657
3781,3026,0,0,96
3877,2947,2,0,314
10999,5858,17,1,1993
0,0,0,0,0
10118,5926,11,0,1470
16808,22622,0,0,86
4153,2974,1,0,369
13056,9261,16,2,1575
3842,2984,3,0,379
7920,6019,6,0,977
4074,3011,3,0,385
11395,8645,6,0,1233
6462,5387,2,0,555
3548,2937,2,0,256
13694,11344,5,0,1239
3537,2932,2,0,454
0,0,0,0,0
12176,8541,4,0,1257
32956,4680,27,4,9785
36992,38603,67,3,6280
3907,3026,1,0,254
3660,2947,2,0,451
7114,5858,3,0,658
0,0,0,0,0
8684,5926,6,0,1380
15852,22622,0,0,58
3693,2974,1,0,247
10908,9261,2,0,563
3421,2984,3,0,296
6586,6019,1,0,290
3195,3011,0,0,63
10360,8645,3,0,678
6020,5387,1,0,328
6366,5910,1,0,265
9457,8371,2,0,551
3048,2932,0,0,80
0,0,0,0,0
9201,8541,1,0,363
10728,4270,18,3,2102
30514,38603,36,2,3041
3733,3026,2,0,382
3826,2947,1,0,281
6189,5858,1,0,261
0,0,0,0,0
8804,5926,2,0,493
19991,25596,0,0,223
0,0,0,0,0
11859,9261,13,0,1354
3796,2984,3,0,409
6624,6019,2,0,494
3407,3011,1,0,321
12454,11369,5,0,899
2842,2663,0,0,57
6543,5910,2,0,507
9249,8371,0,0,395
3254,2932,1,0,242
3237,2652,0,0,43
9948,8550,1,0,390
35066,37257,51,4,5087
3350,2955,2,0,395
3520,3026,1,0,210
3331,2947,1,0,225
6482,5858,4,0,762
3670,2963,2,0,255
3387,2963,1,0,171
19464,25596,3,0,451
0,0,0,0,0
10434,9261,1,0,560
3281,2984,1,0,184
6163,6019,0,0,137
3059,3011,0,0,67
15365,14032,4,0,848
0,0,0,0,0
6029,5910,0,0,119
9301,8371,0,0,196
4193,2932,1,0,254
2957,2652,0,0,61
9765,8550,1,0,355
37266,40212,43,5,4218
0,0,0,0,0
6891,5973,2,0,340
3187,2930,1,0,215
3202,2928,1,0,221
3097,2963,1,0,156
2917,2963,0,0,68
19282,25596,0,0,134
0,0,0,0,0
10748,9261,1,0,484
3232,2984,1,0,249
6382,6019,2,0,434
7208,5930,3,0,485
11953,11113,2,0,506
0,0,0,0,0
7589,5910,2,0,547
8760,8371,0,0,173
3179,2932,1,0,204
6075,5600,1,0,284
5726,5602,0,0,111
38125,40274,39,3,4267
0,0,0,0,0
7049,5973,2,0,410
4143,2930,3,0,611
3535,2928,3,0,413
3735,2963,2,0,231
3397,2963,1,0,199
19120,25596,1,0,267
3394,2963,1,0,288
9835,9282,1,0,269
0,0,0,0,0
7362,6019,6,0,960
10310,8672,3,0,460
9260,8371,3,0,586
0,0,0,0,0
5990,5910,1,0,281
8706,8371,0,0,173
2958,2932,0,0,56
5890,5600,0,0,124
6129,5602,0,0,109
35576,40212,35,4,3230
0,0,0,0,0
6845,5973,1,0,276
6199,5858,1,0,283
0,0,0,0,0
8758,5926,1,0,338
16240,22622,0,0,50
3592,2974,0,0,53
3781,2963,1,0,189
11139,9282,2,0,673
3264,3053,0,0,54
4039,2966,3,0,513
12749,11656,3,0,545
6078,5387,1,0,234
3357,2937,1,0,234
6500,5663,1,0,283
6312,5681,0,0,144
3197,2932,1,0,199
6106,5600,1,0,331
13675,7211,16,3,2200
30197,38598,25,1,2561
0,0,0,0,0
6507,5973,3,0,593
6073,5858,1,0,275
0,0,0,0,0
6551,5926,2,0,353
15812,22622,0,0,66
3089,2974,0,0,46
6930,5633,1,0,358
7344,6612,3,0,522
2974,3053,0,0,72
3332,2966,1,0,263
13205,11656,5,0,771
6121,5387,1,0,270
3173,2937,1,0,236
6068,5663,0,0,146
9696,8613,0,0,199
0,0,0,0,0
6455,5600,1,0,223
12260,7211,18,3,1735
29073,38603,15,1,1632
0,0,0,0,0
6877,5973,2,0,440
5767,5858,0,0,141
0,0,0,0,0
6320,5926,2,0,349
15835,22622,0,0,74
3465,2974,0,0,65
10381,9261,2,0,592
3673,2984,1,0,216
3491,3053,0,0,65
3305,2966,1,0,186
12283,11656,3,0,510
5846,5387,1,0,228
3191,2937,1,0,219
5916,5663,0,0,115
8951,8613,0,0,178
0,0,0,0,0
6416,5600,1,0,296
13918,7211,17,3,2383
29280,38603,17,1,1643
3001,3026,0,0,61
3676,2947,2,0,368
6499,5858,1,0,315
0,0,0,0,0
6241,5926,2,0,326
15695,22622,0,0,70
3043,2974,0,0,61
10460,9261,1,0,304
3258,2984,0,0,74
6233,6019,1,0,273
0,0,0,0,0
12452,11656,4,0,595
5908,5387,1,0,289
3157,2937,1,0,212
9007,8371,1,0,317
5925,5905,0,0,115
0,0,0,0,0
10338,8541,2,0,532
9797,4270,18,3,1950
30554,38603,24,2,2886
3341,3026,0,0,54
3301,2947,1,0,181
11644,5858,23,1,2487
0,0,0,0,0
11985,5926,25,3,3012
17569,22622,3,0,519
4627,2974,4,0,605
15040,9261,31,4,3426
6502,2984,18,1,1899
9133,6019,7,1,1297
0,0,0,0,0
17834,11656,30,2,3705
6934,5387,4,0,1011
6630,2937,20,1,1995
15509,8371,26,2,3180
7835,5905,10,1,1608
0,0,0,0,0
14087,8541,31,1,3488
10883,4332,18,2,2515
36291,38603,110,5,8971
6300,3026,19,1,1851
5103,2947,7,0,763
11567,5858,26,2,2701
0,0,0,0,0
11829,5926,23,2,2623
17745,22622,4,0,527
4405,2974,3,0,598
15199,9261,29,5,3253
6468,2984,18,2,1988
8391,6019,10,0,1335
4020,3011,4,0,492
10057,8645,6,0,1177
6462,5387,3,0,752
3446,2937,3,0,442
13401,11344,7,0,1366
3604,2932,4,0,518
0,0,0,0,0
9857,8541,6,0,854
9345,4270,19,3,1958
31348,38603,66,4,5780
4213,3026,2,0,417
3893,2947,2,0,410
8183,5858,7,0,1007
0,0,0,0,0
7634,5926,5,0,669
16163,22622,1,0,169
3381,2974,2,0,293
10515,9261,5,0,697
3689,2984,2,0,327
6660,6019,3,0,493
3153,3011,1,0,142
12566,11369,5,0,831
3017,2663,1,0,203
6824,5910,4,0,761
9642,8371,5,0,778
3334,2932,2,0,266
3225,2652,1,0,155
20559,10979,23,3,3093
0,0,0,0,0
30647,38603,33,0,3157
3725,3026,1,0,200
3854,2947,4,0,541
5691,5858,0,0,139
3233,2963,1,0,168
2980,2963,0,0,62
18979,25596,0,0,126
0,0,0,0,0
10303,9261,1,0,295
3006,2984,0,0,55
6241,6019,2,0,369
2999,3011,0,0,55
14587,14032,0,0,311
0,0,0,0,0
6160,5910,1,0,260
9376,8371,1,0,336
3030,2932,0,0,61
2784,2652,0,0,65
16875,10569,18,3,2278
28653,38603,12,1,1267
0,0,0,0,0
7091,5973,2,0,545
0,0,0,0,0
8457,5858,6,0,819
3710,2963,1,0,209
3339,2963,0,0,53
19388,25596,0,0,113
0,0,0,0,0
10170,9261,1,0,352
3159,2984,0,0,71
7618,6019,4,0,650
6939,5930,1,0,242
11949,11113,1,0,452
0,0,0,0,0
6842,5910,3,0,457
8758,8371,0,0,147
3058,2932,0,0,47
6163,5600,1,0,277
35579,39922,25,3,3219
6411,5892,1,0,257
0,0,0,0,0
6373,5973,1,0,276
2987,2930,0,0,46
2907,2928,0,0,65
3199,2963,1,0,186
3030,2963,0,0,55
18629,25596,0,0,114
3116,2963,0,0,53
9587,9282,1,0,288
0,0,0,0,0
6226,6019,1,0,303
9198,8672,2,0,453
9136,8371,0,0,158
0,0,0,0,0
6837,5910,1,0,287
8842,8371,0,0,157
2936,2932,0,0,48
5871,5600,1,0,268
33906,39922,25,4,2303
6661,5892,1,0,259
0,0,0,0,0
6474,5973,0,0,119
5779,5858,0,0,135
0,0,0,0,0
6611,5926,1,0,256
15755,22622,0,0,50
3201,2974,0,0,51
3005,2963,0,0,46
9347,9282,0,0,176
3088,3053,0,0,47
3344,2966,1,0,245
12103,11656,2,0,470
14075,5387,29,3,3516
8234,2937,21,2,1947
5476,2973,7,0,822
11999,8371,6,1,1316
4104,2932,4,0,526
6919,5600,4,0,734
41165,39984,98,9,8643
7386,5892,4,0,676
0,0,0,0,0
8102,5973,4,0,888
6792,5858,4,0,606
0,0,0,0,0
8888,5926,9,1,1353
16620,22622,0,0,80
4221,2974,3,0,616
7749,5633,3,0,847
17281,6612,21,1,2189
4393,3053,8,1,839
4216,2966,5,0,823
14995,11656,13,0,2134
7159,5387,3,0,761
4188,2937,4,0,555
8476,5663,4,0,797
10309,8613,6,0,1114
0,0,0,0,0
7544,5600,4,0,666
40854,40332,82,6,7731
7699,5892,2,0,650
0,0,0,0,0
7562,5973,3,0,763
6607,5858,2,0,401
0,0,0,0,0
7887,5926,3,0,611
16634,22622,0,0,165
4080,2974,1,0,227
10707,9261,3,0,522
3342,2984,0,0,50
3774,3053,1,0,236
3386,2966,1,0,208
12575,11656,1,0,377
5798,5387,0,0,106
3298,2937,1,0,232
9041,8371,0,0,193
6098,5905,0,0,108
0,0,0,0,0
6591,5600,0,0,115
38638,40332,45,3,4392
6478,5892,0,0,312
3078,3026,0,0,58
3870,2947,2,0,343
6292,5858,0,0,121
0,0,0,0,0
6997,5926,1,0,273
16249,22622,0,0,161
3546,2974,2,0,383
9765,9261,0,0,305
3051,2984,0,0,57
6467,6019,4,0,541
0,0,0,0,0
12505,11656,1,0,380
5640,5387,0,0,111
3428,2937,1,0,221
9052,8371,0,0,221
6001,5905,0,0,123
0,0,0,0,0
14790,10150,18,3,1788
26134,35372,14,1,1411
6761,5892,0,0,222
2958,3026,0,0,60
3072,2947,0,0,55
5990,5858,0,0,104
0,0,0,0,0
7069,5926,1,0,330
15863,22622,0,0,51
3465,2974,1,0,261
9996,9261,0,0,209
2950,2984,0,0,80
7086,6019,2,0,438
3273,3011,0,0,82
9096,8645,1,0,317
5855,5387,1,0,300
3229,2937,1,0,224
15525,11344,30,2,3367
3592,2932,5,0,536
0,0,0,0,0
42530,42861,108,9,9036
3316,2661,0,0,103
7104,5892,3,0,627
4288,3026,2,0,579
3664,2947,3,0,483
7103,5858,4,0,776
0,0,0,0,0
7110,5926,4,0,762
15843,22622,0,0,60
3354,2974,2,0,323
9866,9261,2,0,451
6683,2984,19,1,2100
8130,6019,11,1,1485
3591,3011,4,0,525
10059,8645,7,0,1182
6218,5387,3,0,678
3381,2937,3,0,465
14580,11344,7,0,1244
3116,2932,3,0,392
0,0,0,0,0
41500,42861,94,8,7615
3502,2661,0,0,90
6799,5892,3,0,522
3717,3026,1,0,259
4141,2947,3,0,426
6930,5858,2,0,485
0,0,0,0,0
6960,5926,3,0,534
16410,22622,0,0,53
3704,2974,1,0,171
10925,9261,3,0,684
3731,2984,0,0,202
9674,6019,11,1,1603
3588,3011,2,0,461
10286,8645,4,0,634
6208,5387,1,0,301
3466,2937,1,0,222
13013,11344,5,0,972
3275,2932,1,0,246
0,0,0,0,0
45586,42923,76,3,7115
3090,2661,0,0,54
6663,5892,2,0,510
3439,3026,1,0,200
3493,2947,2,0,259
6383,5858,2,0,395
0,0,0,0,0
6527,5926,2,0,379
19253,25596,1,0,247
0,0,0,0,0
9592,9261,0,0,184
2967,2984,0,0,58
6501,6019,1,0,350
3047,3011,0,0,69
12179,11369,1,0,407
2774,2663,0,0,62
6102,5910,0,0,119
8857,8371,0,0,173
3024,2932,0,0,58
2880,2652,0,0,67
43751,42871,38,5,3694
3023,2937,0,0,67
2951,2955,0,0,55
3035,3026,0,0,64
3065,2947,0,0,71
6237,5858,1,0,267
3163,2963,2,0,352
3087,2963,0,0,71
18877,25596,0,0,119
0,0,0,0,0
9599,9261,0,0,193
2943,2984,0,0,62
6208,6019,0,0,127
3162,3011,0,0,65
15659,14032,3,0,711
0,0,0,0,0
5888,5910,0,0,126
9127,8371,0,0,205
3040,2932,0,0,64
2870,2652,0,0,54
41476,42870,24,2,2896
6033,5892,0,0,137
0,0,0,0,0
7121,5973,1,0,243
0,0,0,0,0
6240,5858,1,0,275
3220,2963,2,0,313
2972,2963,0,0,68
18940,25596,0,0,125
0,0,0,0,0
14566,9261,34,4,3409
3508,2984,4,0,503
7211,6019,6,0,946
6871,5930,7,0,892
12978,11113,5,0,1006
0,0,0,0,0
9338,5910,28,1,2426
9584,8371,8,0,1076
3266,2932,4,0,439
40112,39920,100,4,7976
6340,5602,2,0,425
6511,5892,3,0,597
0,0,0,0,0
6532,5973,3,0,492
3366,2930,2,0,381
3287,2928,1,0,228
3220,2963,1,0,200
3414,2963,1,0,206
19237,25596,1,0,288
3389,2963,1,0,215
9999,9282,1,0,384
0,0,0,0,0
6648,6019,3,0,634
9622,8672,3,0,568
8935,8371,1,0,360
0,0,0,0,0
5946,5910,0,0,105
9160,8371,0,0,204
2897,2932,0,0,54
6540700,8097107,307,9018,420937
68239802,82906970,583,49696,2388878
75597918,118577198,276,31062,1559840
20065287,42443207,46,4343,277118
8149,5973,2,0,536
6812,5858,1,0,384
0,0,0,0,0
6885,5926,1,0,332
16634,22622,0,0,43
3236,2974,0,0,46
3308,2963,0,0,43
10320,9282,0,0,377
3534,3053,0,0,196
3215,2966,0,0,53
13361,11656,1,0,524
5832,5387,0,0,128
3220,2937,0,0,60
6844,5663,0,0,126
6687,8375,5,0,196
5790,239,0,0,0
17504014,25779664,50,3767,172828
68124398,88487978,64,13296,705980
68664491,87532801,75,13908,734149
68150195,87922092,104,16905,893376
68449981,87584387,157,21203,1031468
68495940,87228464,265,26965,1363529
68868915,92566154,242,22714,1143478
69552338,98568362,187,19148,935879
70011842,112108549,91,14653,827578
64489893,115171027,65,9119,458400
7291,5633,0,0,135
7078,6612,0,0,110
3430,3053,0,0,52
3159,2966,0,0,66
12910,11656,0,0,285
6231,5387,0,0,106
3040,2937,0,0,54
6328,5663,0,0,127
9922,8613,0,0,209
0,0,0,0,0
21365465,42566218,44,1685,83235
61077100,120435818,33,4750,212396
61325223,119137225,35,4799,234086
61647053,118855868,36,5404,272068
61699966,118025613,35,5963,280587
61781930,117885802,44,5976,291753
62629673,116580255,51,6508,319200
63131457,115667532,33,7181,356319
63900259,132082945,48,6053,319431
65365700,139982175,42,6281,251153
67567051,158025990,80,5837,193357
67704214,158354891,40,6041,192165
67933641,157709183,56,6302,284425
68206242,156881693,71,6606,292354
68181253,156572675,67,6787,226512
76760975,198628407,50,3165,196559
79731187,206015240,43,3101,192364
27170044,70060058,25,1053,51502
8564,5905,5,0,1336
0,0,0,0,0
64585,46075,88,5,15481
2893,2661,0,0,55
7215,5892,2,0,629
3592,3026,1,0,296
3648,2947,1,0,316
6974,5858,3,0,518
0,0,0,0,0
7321,5926,2,0,562
16113,22622,0,0,59
3736,2974,1,0,370
9671,9261,0,0,175
3148,2984,0,0,50
6622,6019,0,0,105
0,0,0,0,0
12723,11656,1,0,477
6370,5387,1,0,463
6981,2937,29,3,3015
10600,8371,12,1,1725
7045,5905,6,0,966
0,0,0,0,0
44707,42861,102,5,10414
2874,2661,0,0,55
6734,5892,3,0,658
3346,3026,1,0,207
3655,2947,4,0,447
6733,5858,3,0,703
0,0,0,0,0
6417,5926,4,0,577
15738,22622,0,0,52
3333,2974,1,0,211
9658,9261,2,0,414
3529,2984,2,0,454
6965,6019,2,0,647
3599,3011,2,0,584
9699,8645,2,0,559
5896,5387,0,0,127
2897,2937,0,0,54
12002,11344,0,0,246
2942,2932,0,0,59
0,0,0,0,0
37773,42861,39,4,3284
2807,2661,0,0,49
5909,5892,0,0,116
3057,3026,0,0,59
3078,2947,0,0,50
6327,5858,1,0,335
0,0,0,0,0
6249,5926,1,0,229
15567,22622,0,0,46
3088,2974,0,0,55
9666,9261,0,0,165
2961,2984,0,0,75
5939,6019,0,0,103
3119,3011,0,0,55
8938,8645,0,0,181
5718,5387,0,0,127
2946,2937,0,0,67
12148,11344,0,0,232
2994,2932,0,0,49
6915,1609,17,4,2112
30623,41252,8,0,696
2901,2661,0,0,59
6751,5892,0,0,135
3358,3026,0,0,78
3213,2947,1,0,217
6650,5858,1,0,328
0,0,0,0,0
6185,5926,1,0,238
18681,25596,0,0,106
0,0,0,0,0
14744,9261,35,3,3466
3590,2984,5,0,563
7131,6019,7,0,1005
3762,3011,3,0,397
12935,11369,7,0,1170
3055,2663,1,0,269
6781,5910,4,0,600
9773,8371,6,0,839
3301,2932,3,0,475
35102,36972,87,6,7026
9565,8550,3,0,865
3455,2937,1,0,233
3238,2955,1,0,195
3241,3026,1,0,240
3688,2947,3,0,382
6464,5858,2,0,487
3134,2963,1,0,213
3227,2963,1,0,197
18965,25596,1,0,239
0,0,0,0,0
9497,9261,0,0,191
2836,2984,0,0,58
5950,6019,0,0,116
3080,3011,0,0,50
14410,14032,0,0,378
0,0,0,0,0
6178,5910,0,0,111
8977,8371,0,0,202
2926,2932,0,0,59
34470,37444,35,2,3396
8914,8550,0,0,194
6177,5892,0,0,130
0,0,0,0,0
6118,5973,1,0,263
3332,2930,1,0,282
3015,2928,0,0,93
3058,2963,1,0,179
3017,2963,0,0,88
18827,25596,0,0,117
0,0,0,0,0
9473,9261,0,0,200
2911,2984,0,0,52
5949,6019,0,0,119
6390,5930,2,0,335
11811,11113,1,0,442
0,0,0,0,0
9321,5910,30,1,2816
9595,8371,6,0,974
3322,2932,4,0,507
39956,40330,98,5,8536
5970,5602,2,0,462
6365,5892,3,0,584
0,0,0,0,0
6614,5973,4,0,583
6326,5858,3,0,583
0,0,0,0,0
6205,5926,2,0,432
0,0,0,0,0
18606,25596,1,0,253
3234,2963,1,0,229
9340,9282,1,0,408
3267,3053,2,0,405
3312,2966,1,0,274
12514,11656,3,0,793
5599,5387,0,0,194
2872,2937,0,0,71
3179,2973,0,0,57
8969,8371,0,0,199
2892,2932,0,0,67
35140,39920,38,3,3482
5748,5602,0,0,146
6454,5892,0,0,155
0,0,0,0,0
7122,5973,1,0,424
6019,5858,0,0,195
0,0,0,0,0
6199,5926,1,0,319
15636,22622,0,0,51
3219,2974,0,0,77
6646,2963,23,4,2236
11541,9282,12,0,1715
3838,3053,3,0,481
3555,2966,3,0,508
13585,11656,9,0,1354
6338,5387,2,0,492
3265,2937,3,0,320
6673,5663,4,0,573
9894,8613,6,0,1108
0,0,0,0,0
37603,39915,83,6,7091
6150,5602,1,0,267
6916,5892,2,0,399
0,0,0,0,0
7429,5973,5,0,733
6724,5858,2,0,419
0,0,0,0,0
6622,5926,2,0,433
15790,22622,0,0,39
3348,2974,1,0,175
9316,9261,0,0,162
2921,2984,0,0,62
2970,3053,1,0,193
2943,2966,0,0,58
12341,11656,1,0,376
5945,5387,1,0,268
2975,2937,0,0,61
9076,8371,0,0,155
6159,5905,0,0,123
6830,1609,17,3,2028
29493,38306,24,0,2202
6274,5602,2,0,363
6253,5892,0,0,119
3647,3026,2,0,480
3412,2947,2,0,303
6328,5858,1,0,308
0,0,0,0,0
6761,5926,3,0,577
15575,22622,0,0,49
3031,2974,0,0,62
9887,9261,1,0,337
3285,2984,1,0,217
7299,6019,2,0,585
0,0,0,0,0
13014,11656,3,0,671
6090,5387,1,0,301
3176,2937,1,0,208
9303,8371,0,0,190
6118,5905,0,0,114
6450,1609,16,2,1566
32286,41252,19,1,2208
2909,2661,0,0,50
6141,5892,0,0,111
3185,3026,0,0,58
3083,2947,0,0,49
6017,5858,0,0,105
0,0,0,0,0
6245,5926,1,0,382
15601,22622,0,0,40
3135,2974,0,0,53
9325,9261,0,0,161
2956,2984,0,0,49
6495,6019,1,0,287
2948,3011,0,0,67
9046,8645,0,0,159
8901,5387,36,6,2400
3640,2937,8,0,504
13283,11344,11,0,1321
3388,2932,3,0,463
10140,2081,18,2,2239
34807,41252,80,5,6655
3281,2661,0,0,50
6863,5892,3,0,574
3605,3026,1,0,274
3609,2947,4,0,436
6558,5858,4,0,678
0,0,0,0,0
6394,5926,2,0,432
15666,22622,0,0,57
6388,2974,19,1,1871
11147,9261,10,0,1360
3467,2984,4,0,571
7190,6019,7,0,1028
3751,3011,3,0,404
14253,8645,23,1,2590
8240,5387,7,1,1132
4203,4966,12,0,887
16564,9316,6,0,982
3574,2932,4,0,514
6806,1609,16,2,1688
38136,41252,79,3,6654
3002,2661,0,0,63
6793,5892,3,0,615
4159,3026,1,0,401
3534,2947,1,0,244
6509,5858,2,0,405
0,0,0,0,0
6952,5926,3,0,445
19731,25596,1,0,258
0,0,0,0,0
10652,9261,1,0,510
3541,2984,1,0,236
7085,6019,3,0,679
3594,3011,1,0,212
12378,11369,1,0,360
2966,2663,0,0,50
6075,5910,0,0,106
9094,8371,0,0,149
3048,2932,0,0,49
32517,36972,31,3,3081
9414,8550,0,0,195
6301,5892,0,0,128
0,0,0,0,0
6651,5973,0,0,156
0,0,0,0,0
6112,5858,0,0,119
3180,2963,0,0,58
3158,2963,0,0,63
19207,25596,0,0,112
0,0,0,0,0
9652,9261,0,0,179
3061,2984,0,0,67
6904,6019,1,0,240
3200,3011,0,0,58
15267,14032,1,0,474
0,0,0,0,0
6380,5910,0,0,107
9052,8371,0,0,173
8863,4541,18,2,1737
28120,38311,3,0,342
6000,5602,0,0,121
6269,5892,0,0,134
0,0,0,0,0
6403,5973,0,0,116
3062,2930,0,0,58
3013,2928,0,0,57
3219,2963,0,0,68
3142,2963,0,0,56
18959,25596,0,0,106
0,0,0,0,0
9786,9261,0,0,169
3007,2984,0,0,60
6501,6019,0,0,119
6268,5930,0,0,122
11743,11113,0,0,223
0,0,0,0,0
6330,5910,0,0,110
8929,8371,0,0,160
9726,4541,18,4,2142
27703,38311,0,0,282
6599,5602,0,0,131
6281,5892,0,0,132
0,0,0,0,0
6214,5973,0,0,133
5833,5858,0,0,140
0,0,0,0,0
6168,5926,0,0,157
0,0,0,0,0
18926,25596,0,0,145
2910,2963,0,0,60
9367,9282,0,0,191
4236,3053,1,0,207
3606,2966,1,0,177
9288,8672,3,0,562
8963,8371,0,0,195
3163,2937,0,0,63
3157,2973,0,0,71
8755,8371,0,0,191
8909,4541,17,3,1659
28093,38311,2,0,557
6223,5602,0,0,136
6001,5892,0,0,141
0,0,0,0,0
6154,5973,0,0,302
6037,5858,0,0,112
0,0,0,0,0
5897,5926,0,0,108
15816,22622,0,0,58
3240,2974,0,0,69
2975,2963,0,0,54
9083,9282,0,0,169
3259,3053,0,0,66
3080,2966,0,0,54
12024,11656,0,0,223
5645,5387,0,0,115
3185,2937,0,0,54
5849,5663,0,0,127
8895,8613,0,0,192
13809,3311,19,3,2599
27619,38311,2,0,389
7025,5602,1,0,435
5902,5892,0,0,121
0,0,0,0,0
6532,5973,2,0,489
6471,5858,1,0,250
0,0,0,0,0
6275,5926,2,0,459
15645,22622,0,0,54
3883,2974,2,0,352
10005,9261,1,0,385
3068,2984,0,0,49
3231,3053,0,0,62
3695,2966,2,0,284
12378,11656,1,0,480
5930,5387,1,0,270
3289,2937,1,0,253
6699,5663,1,0,275
8895,8613,0,0,162
5836,1609,18,5,1578
28566,38311,10,0,1110
6713,5602,1,0,271
6121,5892,0,0,130
3840,3026,2,0,317
3118,2947,0,0,74
6869,5858,1,0,321
0,0,0,0,0
6505,5926,1,0,310
15837,22622,0,0,73
3919,2974,1,0,216
9609,9261,0,0,196
3069,2984,0,0,54
6133,6019,0,0,120
0,0,0,0,0
13019,11656,2,0,557
5986,5387,1,0,322
3550,2937,1,0,255
16757,8371,27,1,3173
9275,5905,8,0,1237
6631,1609,20,6,2071
39780,41252,92,4,7702
2991,2661,0,0,64
7036,5892,3,0,544
3646,3026,2,0,426
3632,2947,1,0,216
6735,5858,3,0,546
0,0,0,0,0
7027,5926,3,0,534
16149,22622,0,0,51
3536,2974,1,0,210
10401,9261,2,0,431
6650,2984,19,1,2117
8146,6019,10,0,1261
0,0,0,0,0
13984,11656,11,0,1787
6458,5387,3,0,816
5349,2937,4,0,645
10597,8371,5,0,786
6960,6315,16,3,1907
8139,1609,8,0,904
44212,41252,71,4,5975
2836,2661,0,0,53
6694,5892,2,0,455
4098,3026,2,0,398
3872,2947,1,0,310
6727,5858,3,0,608
0,0,0,0,0
6736,5926,3,0,425
16149,22622,0,0,73
3475,2974,2,0,378
10173,9261,2,0,336
3468,2984,0,0,101
10894,6019,23,1,2637
3769,3011,4,0,542
10524,8645,8,0,1406
6390,5387,3,0,697
3922,2937,4,0,548
13606,11344,7,0,1232
10344,4541,20,3,2572
0,0,0,0,0
43313,41252,108,7,9239
6166,2661,16,1,1702
10732,5892,24,2,2693
3932,3026,4,0,571
6817,2947,20,1,2126
7752,5858,9,1,1152
0,0,0,0,0
6814,5926,7,0,965
18446,22622,10,2,1470
4923,2974,10,0,1097
14486,9261,31,4,3066
3617,2984,4,0,584
7516,6019,6,0,907
6455,3011,19,1,1894
11157,8645,11,0,1399
10146,5387,20,1,2436
3857,2937,4,0,546
17249,11344,28,2,3407
9702,4541,23,3,2185
0,0,0,0,0
36484,41252,84,3,7309
6217,2661,15,2,1759
7639,5892,11,1,1232
3716,3026,3,0,440
3626,2947,3,0,406
6869,5858,6,0,819
0,0,0,0,0
6842,5926,5,0,571
22530,25596,19,1,1973
0,0,0,0,0
16022,9262,32,5,3061
3600,2984,4,0,502
7322,6019,7,0,981
3882,3011,4,0,524
13492,11369,8,0,1281
3154,2663,1,0,246
6888,5910,4,0,562
9816,8371,5,0,800
16676,6243,22,3,2994
31396,35363,74,3,5321
10283,8550,2,0,455
3225,2937,1,0,208
3283,2955,1,0,191
3549,3026,1,0,244
3490,2947,1,0,328
6635,5858,2,0,431
3223,2963,1,0,174
3335,2963,2,0,209
19334,25596,1,0,231
0,0,0,0,0
9799,9261,1,0,299
6557,2984,20,1,2132
7834,6019,11,0,1213
3537,3011,4,0,536
16250,14032,10,0,1482
0,0,0,0,0
6907,5910,5,0,618
9872,8371,5,0,802
9452,4541,21,3,1932
31389,35363,77,2,5298
9856,8550,2,0,468
6724,5892,2,0,383
0,0,0,0,0
6904,5973,2,0,498
0,0,0,0,0
6556,5858,3,0,480
3237,2963,2,0,249
3334,2963,1,0,169
19273,25596,1,0,277
0,0,0,0,0
9988,9261,1,0,350
2999,2984,0,0,49
6265,6019,0,0,102
3259,3011,0,0,67
15162,14032,1,0,467
0,0,0,0,0
6352,5910,0,0,92
8987,8371,0,0,126
12021,4951,19,3,2374
31921,38311,24,0,1537
5945,5602,0,0,105
6105,5892,0,0,109
0,0,0,0,0
6391,5973,1,0,241
3135,2930,0,0,47
3025,2928,0,0,46
3113,2963,0,0,56
3289,2963,1,0,219
18908,25596,0,0,101
0,0,0,0,0
9368,9261,0,0,154
15408,2984,27,3,5182
10956,6019,15,0,2559
5483,3011,4,0,1833
21613,14032,10,0,4017
0,0,0,0,0
9004,5910,5,0,1682
12160,8371,5,0,1770
63319,37252,90,5,21303
7270,5600,3,0,785
6890,5602,1,0,441
7765,5892,3,0,971
0,0,0,0,0
12097,5973,23,3,3058
4108,2930,5,0,749
3575,2928,3,0,505
4177,2963,2,0,865
4098,2963,5,0,685
20241,25596,2,0,453
3942,2963,3,0,564
11367,9282,5,0,946
0,0,0,0,0
7110,6019,5,0,807
14239,8672,28,1,3178
10237,8371,7,0,1432
0,0,0,0,0
7044,5910,6,0,940
9841,8371,6,0,930
38663,37242,97,4,7997
7550,5600,2,0,535
6417,5602,1,0,258
6630,5892,3,0,633
0,0,0,0,0
7166,5973,4,0,821
6612,5858,2,0,486
0,0,0,0,0
6681,5926,4,0,616
17857,22622,11,1,1391
6646,2974,18,1,1999
6727,2963,24,3,2067
18408,9282,51,4,5498
6417,3053,18,1,1819
6467,2966,19,1,1802
6059,3011,18,1,1774
22808,14032,29,2,3750
0,0,0,0,0
9493,5910,28,2,2137
17412,9980,17,2,2563
31135,35633,88,2,6539
7247,5600,4,0,936
6381,5602,4,0,591
6671,5892,4,0,578
0,0,0,0,0
6768,5973,3,0,605
3436,2930,2,0,390
3508,2928,2,0,382
5354,2963,18,1,1971
3840,2963,7,1,715
19642,25596,4,0,499
3644,2963,3,0,488
11036,9282,7,0,1183
0,0,0,0,0
7152,6019,7,0,814
14294,5930,27,2,3029
13780,11113,11,0,1996
0,0,0,0,0
9418,5910,29,2,2287
19777,10042,36,5,4009
30126,35643,86,2,6866
7149,5600,5,0,1045
6764,5602,4,0,762
6714,5892,3,0,545
0,0,0,0,0
6676,5973,3,0,499
3289,2930,2,0,368
3231,2928,2,0,355
5259,2963,18,1,1830
3813,2963,7,1,644
19333,25596,4,0,573
3614,2963,3,0,488
11800,9282,7,0,1300
0,0,0,0,0
7567,6019,8,0,1022
10673,8672,6,0,1006
9744,8371,4,0,827
0,0,0,0,0
9134,5910,27,2,2315
42316,42691,97,5,8393
3489,2932,3,0,515
6526,5600,4,0,726
6119,5602,3,0,407
6501,5892,4,0,707
0,0,0,0,0
6650,5973,2,0,505
6306,5858,4,0,622
0,0,0,0,0
8913,5926,26,3,2470
15777,22622,0,0,58
3440,2974,4,0,591
3481,2963,3,0,396
10492,9282,7,0,1120
3507,3053,3,0,356
3556,2966,4,0,478
14024,8672,27,2,3224
9858,8371,7,0,1324
0,0,0,0,0
9333,5910,27,1,2108
44980,43101,100,6,9094
3715,2932,4,0,627
9487,5600,11,0,1612
6316,5602,4,0,546
6846,5892,5,0,685
0,0,0,0,0
6632,5973,3,0,725
6410,5858,4,0,648
0,0,0,0,0
18997,5926,28,1,2368
0,0,0,0,0
19117,25596,4,0,511
3366,2963,3,0,424
10623,9282,7,0,1039
3496,3053,3,0,388
3457,2966,4,0,561
9864,8672,6,0,1044
9775,8371,4,0,946
5355,2937,19,2,1726
3805,2973,8,1,739
45652,43101,104,6,8969
3487,2932,3,0,436
6932,5600,4,0,754
6201,5602,2,0,481
6450,5892,4,0,820
0,0,0,0,0
7106,5973,3,0,473
8741,5858,20,1,2334
0,0,0,0,0
7245,5926,14,2,1271
16209,22622,0,0,165
3494,2974,2,0,298
3432,2963,3,0,408
10696,9282,6,0,1038
3629,3053,3,0,415
5490,2966,9,1,1448
10456,5930,13,1,2209
14971,11113,22,1,2935
0,0,0,0,0
9464,5910,29,3,2383
43443,42691,108,6,9030
3561,2932,3,0,389
6811,5600,3,0,868
6712,5602,3,0,603
7293,5892,4,0,961
0,0,0,0,0
7416,5973,4,0,870
9101,5858,25,3,2536
0,0,0,0,0
7092,5926,9,0,945
16120,22622,0,0,164
3968,2974,2,0,447
3688,2963,4,0,510
10940,9282,6,0,1215
4313,3053,4,0,585
3760,2966,2,0,506
10634,11656,8,0,1542
12135,5387,22,2,2338
3587,2937,5,0,582
10462,4582,15,4,1855
36456,41082,81,3,7021
3335,2932,2,0,431
6795,5600,2,0,777
6686,5602,2,0,497
6888,5892,3,0,670
0,0,0,0,0
7372,5973,4,0,743
9115,5858,27,1,2703
0,0,0,0,0
7209,5926,8,0,959
15880,22622,0,0,123
3494,2974,2,0,367
3512,2963,3,0,416
10948,9282,5,0,1143
3647,3053,3,0,441
3695,2966,4,0,567
13251,8672,19,0,2354
12138,8371,25,1,2681
3730,2937,5,0,654
10944,4644,16,4,1884
36614,41082,87,2,7169
3595,2932,2,0,437
9174,5600,9,1,1936
7070,5602,5,0,851
7010,5892,4,0,729
0,0,0,0,0
7544,5973,4,0,706
9389,5858,30,1,2479
0,0,0,0,0
7647,5926,9,1,1038
16049,22622,0,0,208
3924,2974,2,0,421
3864,2963,3,0,458
11395,9282,7,0,1370
4100,3053,3,0,562
3829,2966,3,0,493
14373,11656,9,0,1656
8471,5387,23,2,2199
3625,2937,4,1,501
17279,6222,18,3,2629
36711,41082,90,2,6986
3559,2932,3,0,433
7033,5600,3,0,774
6678,5602,2,0,499
6999,5892,4,0,772
0,0,0,0,0
7375,5973,4,0,701
9238,5858,28,1,2571
0,0,0,0,0
7185,5926,9,0,957
15799,22622,0,0,72
3538,2974,2,0,292
3699,2963,3,0,356
10630,9282,5,0,844
3696,3053,3,0,411
3992,2966,3,0,605
18308,11656,33,3,4357
7025,5387,9,0,1156
5326,2937,20,1,1511
36755,37288,98,5,8503
9722,8371,3,0,736
3604,2932,4,0,519
6667,5600,3,0,608
6053,5602,2,0,335
6739,5892,5,0,941
0,0,0,0,0
7095,5973,4,0,675
8969,5858,26,2,2597
0,0,0,0,0
6701,5926,9,0,936
15872,22622,0,0,64
3466,2974,2,0,255
3489,2963,3,0,498
10473,9282,5,0,898
3787,3053,3,0,425
3581,2966,3,0,426
16674,11656,16,1,2334
6545,5387,3,0,688
3224,2937,2,0,263
35980,37293,87,5,7275
9612,8371,3,0,917
3267,2932,1,0,227
6305,5600,3,0,685
6105,5602,1,0,264
6418,5892,5,0,900
0,0,0,0,0
6491,5973,2,0,485
6469,5858,2,0,456
0,0,0,0,0
6499,5926,1,0,316
15870,22622,0,0,58
3322,2974,0,0,69
2874,2963,0,0,56
9548,9282,1,0,359
3580,3053,1,0,240
3523,2966,4,0,591
16427,11656,15,1,2755
6618,5387,4,0,758
3402,2937,3,0,478
35430,37293,66,3,5868
9934,8371,3,1,712
3035,2932,0,0,60
9357,5600,11,1,1972
6282,5602,2,0,277
6978,5892,5,0,865
0,0,0,0,0
7214,5973,4,0,729
6222,5858,3,0,495
0,0,0,0,0
6532,5926,4,0,598
15821,22622,0,0,60
3186,2974,0,0,53
3279,2963,1,0,200
10029,9282,3,0,652
3465,3053,1,0,261
3586,2966,4,0,568
12386,11656,3,0,735
6134,5387,1,0,312
33127,37257,48,3,4174
3361,2973,1,0,229
8849,8371,1,0,365
2859,2932,0,0,77
6434,5600,2,0,599
6317,5602,1,0,265
6353,5892,0,0,139
0,0,0,0,0
6698,5973,1,0,281
6092,5858,1,0,315
0,0,0,0,0
6381,5926,4,0,570
15758,22622,0,0,74
3063,2974,0,0,60
3023,2963,0,0,61
9307,9282,0,0,210
3713,3053,4,0,635
3262,2966,3,0,351
16362,11656,15,1,2478
6016,5387,2,0,470
38541,37319,114,7,9728
7178,5663,7,0,1170
6463,5681,2,0,425
3252,2932,3,0,504
6434,5600,3,0,604
5741,5602,3,0,388
6674,5892,4,0,658
0,0,0,0,0
6598,5973,2,0,472
6139,5858,4,0,631
0,0,0,0,0
6451,5926,5,0,723
15763,22622,0,0,70
3439,2974,1,0,256
3512,2963,1,0,269
9983,9282,2,0,462
3557,3053,2,0,485
3680,2966,3,0,556
12821,11656,4,0,869
5758,5387,1,0,273
33918,37667,40,2,3713
6431,5663,2,0,341
8737,8613,0,0,165
0,0,0,0,0
6085,5600,1,0,296
9303,5602,11,0,1575
6873,5892,3,0,585
0,0,0,0,0
6667,5973,3,0,585
7055,5858,5,0,726
0,0,0,0,0
6460,5926,4,0,437
15829,22622,0,0,73
3302,2974,2,0,316
3291,2963,1,0,259
10131,9282,2,0,545
3209,3053,2,0,262
3453,2966,4,0,573
15999,11656,18,1,2587
6108,5387,3,0,637
35260,37257,72,3,5936
6335,5663,3,0,526
43133,7695,49,10,9136
6177,2932,13,1,1597
11357,5600,26,3,3001
7112,5602,7,0,922
11098,5892,24,2,2829
0,0,0,0,0
6054,3026,24,4,3533
9450,2949,18,0,0
7140,5858,9,0,986
6503,2963,18,1,1963
4459,2963,7,1,899
29321,25596,20,3,2656
0,0,0,0,0
15312,9261,29,1,3331
6514,2984,21,1,2163
10859,6019,19,2,2633
6105,3011,18,1,1885
11553,8645,16,1,1910
94004,44519,193,25,23904
132050,34896,244,27,34081
