
 METRIC 
Avg CPU Cycles (per interval) : 2411609.00
EPT Cycles / Exec Cycles      : 0.0541
Memory Accesses (load+store)  : 1007392
Memory Access Rate (MAR)      : 10073.92 accesses/sample_interval(100ms)
RSS (Resident Set Size)       : 0.00 GB



 METRIC 
Avg CPU Cycles (per interval) : 1309624.00
EPT Cycles / Exec Cycles      : 0.0500
Memory Accesses (load+store)  : 571792
Memory Access Rate (MAR)      : 5717.92 accesses/sample_interval(100ms)
RSS (Resident Set Size)       : 0.00 GB



 METRIC 
Avg CPU Cycles (per interval) : 912853.33
EPT Cycles / Exec Cycles      : 0.0480
Memory Accesses (load+store)  : 407136
Memory Access Rate (MAR)      : 4071.36 accesses/sample_interval(100ms)
RSS (Resident Set Size)       : 0.00 GB



 METRIC 
Avg CPU Cycles (per interval) : 707231.75
EPT Cycles / Exec Cycles      : 0.0466
Memory Accesses (load+store)  : 319944
Memory Access Rate (MAR)      : 3199.44 accesses/sample_interval(100ms)
RSS (Resident Set Size)       : 0.00 GB



 METRIC 
Avg CPU Cycles (per interval) : 577760.20
EPT Cycles / Exec Cycles      : 0.0457
Memory Accesses (load+store)  : 263738
Memory Access Rate (MAR)      : 2637.38 accesses/sample_interval(100ms)
RSS (Resident Set Size)       : 0.00 GB



 METRIC 
Avg CPU Cycles (per interval) : 491559.50
EPT Cycles / Exec Cycles      : 0.0449
Memory Accesses (load+store)  : 226267
Memory Access Rate (MAR)      : 2262.67 accesses/sample_interval(100ms)
RSS (Resident Set Size)       : 0.00 GB



 METRIC 
Avg CPU Cycles (per interval) : 425632.71
EPT Cycles / Exec Cycles      : 0.0445
Memory Accesses (load+store)  : 196722
Memory Access Rate (MAR)      : 1967.22 accesses/sample_interval(100ms)
RSS (Resident Set Size)       : 0.00 GB



 METRIC 
Avg CPU Cycles (per interval) : 376163.50
EPT Cycles / Exec Cycles      : 0.0441
Memory Accesses (load+store)  : 174564
Memory Access Rate (MAR)      : 1745.64 accesses/sample_interval(100ms)
RSS (Resident Set Size)       : 0.00 GB



 METRIC 
Avg CPU Cycles (per interval) : 337947.22
EPT Cycles / Exec Cycles      : 0.0440
Memory Accesses (load+store)  : 157330
Memory Access Rate (MAR)      : 1573.30 accesses/sample_interval(100ms)
RSS (Resident Set Size)       : 0.00 GB



 METRIC 
Avg CPU Cycles (per interval) : 307897.40
EPT Cycles / Exec Cycles      : 0.0438
Memory Accesses (load+store)  : 143542
Memory Access Rate (MAR)      : 1435.42 accesses/sample_interval(100ms)
RSS (Resident Set Size)       : 0.00 GB



 METRIC 
Avg CPU Cycles (per interval) : 290422.45
EPT Cycles / Exec Cycles      : 0.0440
Memory Accesses (load+store)  : 136051
Memory Access Rate (MAR)      : 1360.51 accesses/sample_interval(100ms)
RSS (Resident Set Size)       : 0.00 GB



 METRIC 
Avg CPU Cycles (per interval) : 268742.92
EPT Cycles / Exec Cycles      : 0.0437
Memory Accesses (load+store)  : 126335
Memory Access Rate (MAR)      : 1263.35 accesses/sample_interval(100ms)
RSS (Resident Set Size)       : 0.00 GB



 METRIC 
Avg CPU Cycles (per interval) : 248070.38
EPT Cycles / Exec Cycles      : 0.0437
Memory Accesses (load+store)  : 116617
Memory Access Rate (MAR)      : 1166.17 accesses/sample_interval(100ms)
RSS (Resident Set Size)       : 0.00 GB



 METRIC 
Avg CPU Cycles (per interval) : 232640.43
EPT Cycles / Exec Cycles      : 0.0438
Memory Accesses (load+store)  : 109677
Memory Access Rate (MAR)      : 1096.77 accesses/sample_interval(100ms)
RSS (Resident Set Size)       : 0.00 GB



 METRIC 
Avg CPU Cycles (per interval) : 219236.47
EPT Cycles / Exec Cycles      : 0.0438
Memory Accesses (load+store)  : 103662
Memory Access Rate (MAR)      : 1036.62 accesses/sample_interval(100ms)
RSS (Resident Set Size)       : 0.00 GB



 METRIC 
Avg CPU Cycles (per interval) : 205534.19
EPT Cycles / Exec Cycles      : 0.0438
Memory Accesses (load+store)  : 97183
Memory Access Rate (MAR)      : 971.83 accesses/sample_interval(100ms)
RSS (Resident Set Size)       : 0.00 GB



 METRIC 
Avg CPU Cycles (per interval) : 195246.88
EPT Cycles / Exec Cycles      : 0.0436
Memory Accesses (load+store)  : 92611
Memory Access Rate (MAR)      : 926.11 accesses/sample_interval(100ms)
RSS (Resident Set Size)       : 0.00 GB



 METRIC 
Avg CPU Cycles (per interval) : 184399.83
EPT Cycles / Exec Cycles      : 0.0436
Memory Accesses (load+store)  : 87466
Memory Access Rate (MAR)      : 874.66 accesses/sample_interval(100ms)
RSS (Resident Set Size)       : 0.00 GB



 METRIC 
Avg CPU Cycles (per interval) : 176293.63
EPT Cycles / Exec Cycles      : 0.0433
Memory Accesses (load+store)  : 83887
Memory Access Rate (MAR)      : 838.87 accesses/sample_interval(100ms)
RSS (Resident Set Size)       : 0.00 GB



 METRIC 
Avg CPU Cycles (per interval) : 167478.95
EPT Cycles / Exec Cycles      : 0.0433
Memory Accesses (load+store)  : 79692
Memory Access Rate (MAR)      : 796.92 accesses/sample_interval(100ms)
RSS (Resident Set Size)       : 0.00 GB



 METRIC 
Avg CPU Cycles (per interval) : 50293.90
EPT Cycles / Exec Cycles      : 0.0209
Memory Accesses (load+store)  : 31088
Memory Access Rate (MAR)      : 310.88 accesses/sample_interval(100ms)
RSS (Resident Set Size)       : 0.00 GB



 METRIC 
Avg CPU Cycles (per interval) : 39911.95
EPT Cycles / Exec Cycles      : 0.0257
Memory Accesses (load+store)  : 24279
Memory Access Rate (MAR)      : 242.79 accesses/sample_interval(100ms)
RSS (Resident Set Size)       : 0.00 GB



 METRIC 
Avg CPU Cycles (per interval) : 33946.35
EPT Cycles / Exec Cycles      : 0.0296
Memory Accesses (load+store)  : 20387
Memory Access Rate (MAR)      : 203.87 accesses/sample_interval(100ms)
RSS (Resident Set Size)       : 0.00 GB



 METRIC 
Avg CPU Cycles (per interval) : 30946.35
EPT Cycles / Exec Cycles      : 0.0321
Memory Accesses (load+store)  : 18442
Memory Access Rate (MAR)      : 184.42 accesses/sample_interval(100ms)
RSS (Resident Set Size)       : 0.00 GB



 METRIC 
Avg CPU Cycles (per interval) : 27952.65
EPT Cycles / Exec Cycles      : 0.0353
Memory Accesses (load+store)  : 16496
Memory Access Rate (MAR)      : 164.96 accesses/sample_interval(100ms)
RSS (Resident Set Size)       : 0.00 GB



 METRIC 
Avg CPU Cycles (per interval) : 24924.85
EPT Cycles / Exec Cycles      : 0.0385
Memory Accesses (load+store)  : 14551
Memory Access Rate (MAR)      : 145.51 accesses/sample_interval(100ms)
RSS (Resident Set Size)       : 0.00 GB



 METRIC 
Avg CPU Cycles (per interval) : 24946.90
EPT Cycles / Exec Cycles      : 0.0387
Memory Accesses (load+store)  : 14551
Memory Access Rate (MAR)      : 145.51 accesses/sample_interval(100ms)
RSS (Resident Set Size)       : 0.00 GB



 METRIC 
Avg CPU Cycles (per interval) : 23452.95
EPT Cycles / Exec Cycles      : 0.0411
Memory Accesses (load+store)  : 13578
Memory Access Rate (MAR)      : 135.78 accesses/sample_interval(100ms)
RSS (Resident Set Size)       : 0.00 GB



 METRIC 
Avg CPU Cycles (per interval) : 21842.10
EPT Cycles / Exec Cycles      : 0.0413
Memory Accesses (load+store)  : 12605
Memory Access Rate (MAR)      : 126.05 accesses/sample_interval(100ms)
RSS (Resident Set Size)       : 0.00 GB



 METRIC 
Avg CPU Cycles (per interval) : 21477.65
EPT Cycles / Exec Cycles      : 0.0404
Memory Accesses (load+store)  : 12605
Memory Access Rate (MAR)      : 126.05 accesses/sample_interval(100ms)
RSS (Resident Set Size)       : 0.00 GB



 METRIC 
Avg CPU Cycles (per interval) : 16103.30
EPT Cycles / Exec Cycles      : 0.0424
Memory Accesses (load+store)  : 9584
Memory Access Rate (MAR)      : 95.84 accesses/sample_interval(100ms)
RSS (Resident Set Size)       : 0.00 GB



 METRIC 
Avg CPU Cycles (per interval) : 14589.90
EPT Cycles / Exec Cycles      : 0.0454
Memory Accesses (load+store)  : 8611
Memory Access Rate (MAR)      : 86.11 accesses/sample_interval(100ms)
RSS (Resident Set Size)       : 0.00 GB



 METRIC 
Avg CPU Cycles (per interval) : 17348.55
EPT Cycles / Exec Cycles      : 0.0437
Memory Accesses (load+store)  : 10332
Memory Access Rate (MAR)      : 103.32 accesses/sample_interval(100ms)
RSS (Resident Set Size)       : 0.00 GB



 METRIC 
Avg CPU Cycles (per interval) : 15746.00
EPT Cycles / Exec Cycles      : 0.0433
Memory Accesses (load+store)  : 9359
Memory Access Rate (MAR)      : 93.59 accesses/sample_interval(100ms)
RSS (Resident Set Size)       : 0.00 GB



 METRIC 
Avg CPU Cycles (per interval) : 14166.95
EPT Cycles / Exec Cycles      : 0.0432
Memory Accesses (load+store)  : 8386
Memory Access Rate (MAR)      : 83.86 accesses/sample_interval(100ms)
RSS (Resident Set Size)       : 0.00 GB



 METRIC 
Avg CPU Cycles (per interval) : 14166.95
EPT Cycles / Exec Cycles      : 0.0432
Memory Accesses (load+store)  : 8386
Memory Access Rate (MAR)      : 83.86 accesses/sample_interval(100ms)
RSS (Resident Set Size)       : 0.00 GB



 METRIC 
Avg CPU Cycles (per interval) : 14274.00
EPT Cycles / Exec Cycles      : 0.0473
Memory Accesses (load+store)  : 8386
Memory Access Rate (MAR)      : 83.86 accesses/sample_interval(100ms)
RSS (Resident Set Size)       : 0.00 GB



 METRIC 
Avg CPU Cycles (per interval) : 14274.00
EPT Cycles / Exec Cycles      : 0.0473
Memory Accesses (load+store)  : 8386
Memory Access Rate (MAR)      : 83.86 accesses/sample_interval(100ms)
RSS (Resident Set Size)       : 0.00 GB



 METRIC 
Avg CPU Cycles (per interval) : 12754.90
EPT Cycles / Exec Cycles      : 0.0517
Memory Accesses (load+store)  : 7413
Memory Access Rate (MAR)      : 74.13 accesses/sample_interval(100ms)
RSS (Resident Set Size)       : 0.00 GB



 METRIC 
Avg CPU Cycles (per interval) : 12754.90
EPT Cycles / Exec Cycles      : 0.0517
Memory Accesses (load+store)  : 7413
Memory Access Rate (MAR)      : 74.13 accesses/sample_interval(100ms)
RSS (Resident Set Size)       : 0.00 GB



 METRIC 
Avg CPU Cycles (per interval) : 9758.80
EPT Cycles / Exec Cycles      : 0.0441
Memory Accesses (load+store)  : 5684
Memory Access Rate (MAR)      : 56.84 accesses/sample_interval(100ms)
RSS (Resident Set Size)       : 0.00 GB



 METRIC 
Avg CPU Cycles (per interval) : 12493.55
EPT Cycles / Exec Cycles      : 0.0495
Memory Accesses (load+store)  : 7404
Memory Access Rate (MAR)      : 74.04 accesses/sample_interval(100ms)
RSS (Resident Set Size)       : 0.00 GB



 METRIC 
Avg CPU Cycles (per interval) : 12493.55
EPT Cycles / Exec Cycles      : 0.0495
Memory Accesses (load+store)  : 7404
Memory Access Rate (MAR)      : 74.04 accesses/sample_interval(100ms)
RSS (Resident Set Size)       : 0.00 GB



 METRIC 
Avg CPU Cycles (per interval) : 10975.20
EPT Cycles / Exec Cycles      : 0.0548
Memory Accesses (load+store)  : 6432
Memory Access Rate (MAR)      : 64.31 accesses/sample_interval(100ms)
RSS (Resident Set Size)       : 0.00 GB



 METRIC 
Avg CPU Cycles (per interval) : 10975.20
EPT Cycles / Exec Cycles      : 0.0548
Memory Accesses (load+store)  : 6432
Memory Access Rate (MAR)      : 64.31 accesses/sample_interval(100ms)
RSS (Resident Set Size)       : 0.00 GB



 METRIC 
Avg CPU Cycles (per interval) : 10975.20
EPT Cycles / Exec Cycles      : 0.0548
Memory Accesses (load+store)  : 6432
Memory Access Rate (MAR)      : 64.31 accesses/sample_interval(100ms)
RSS (Resident Set Size)       : 0.00 GB



 METRIC 
Avg CPU Cycles (per interval) : 10984.95
EPT Cycles / Exec Cycles      : 0.0563
Memory Accesses (load+store)  : 6432
Memory Access Rate (MAR)      : 64.31 accesses/sample_interval(100ms)
RSS (Resident Set Size)       : 0.00 GB



 METRIC 
Avg CPU Cycles (per interval) : 10984.95
EPT Cycles / Exec Cycles      : 0.0563
Memory Accesses (load+store)  : 6432
Memory Access Rate (MAR)      : 64.31 accesses/sample_interval(100ms)
RSS (Resident Set Size)       : 0.00 GB



 METRIC 
Avg CPU Cycles (per interval) : 10984.95
EPT Cycles / Exec Cycles      : 0.0563
Memory Accesses (load+store)  : 6432
Memory Access Rate (MAR)      : 64.31 accesses/sample_interval(100ms)
RSS (Resident Set Size)       : 0.00 GB



 METRIC 
Avg CPU Cycles (per interval) : 9476.95
EPT Cycles / Exec Cycles      : 0.0641
Memory Accesses (load+store)  : 5459
Memory Access Rate (MAR)      : 54.59 accesses/sample_interval(100ms)
RSS (Resident Set Size)       : 0.00 GB



 METRIC 
Avg CPU Cycles (per interval) : 9720.05
EPT Cycles / Exec Cycles      : 0.0745
Memory Accesses (load+store)  : 5477
Memory Access Rate (MAR)      : 54.77 accesses/sample_interval(100ms)
RSS (Resident Set Size)       : 0.00 GB



 METRIC 
Avg CPU Cycles (per interval) : 9720.05
EPT Cycles / Exec Cycles      : 0.0745
Memory Accesses (load+store)  : 5477
Memory Access Rate (MAR)      : 54.77 accesses/sample_interval(100ms)
RSS (Resident Set Size)       : 0.00 GB



 METRIC 
Avg CPU Cycles (per interval) : 10045.40
EPT Cycles / Exec Cycles      : 0.0752
Memory Accesses (load+store)  : 5477
Memory Access Rate (MAR)      : 54.77 accesses/sample_interval(100ms)
RSS (Resident Set Size)       : 0.00 GB



 METRIC 
Avg CPU Cycles (per interval) : 10045.40
EPT Cycles / Exec Cycles      : 0.0752
Memory Accesses (load+store)  : 5477
Memory Access Rate (MAR)      : 54.77 accesses/sample_interval(100ms)
RSS (Resident Set Size)       : 0.00 GB



 METRIC 
Avg CPU Cycles (per interval) : 10045.40
EPT Cycles / Exec Cycles      : 0.0752
Memory Accesses (load+store)  : 5477
Memory Access Rate (MAR)      : 54.77 accesses/sample_interval(100ms)
RSS (Resident Set Size)       : 0.00 GB



 METRIC 
Avg CPU Cycles (per interval) : 10045.40
EPT Cycles / Exec Cycles      : 0.0752
Memory Accesses (load+store)  : 5477
Memory Access Rate (MAR)      : 54.77 accesses/sample_interval(100ms)
RSS (Resident Set Size)       : 0.00 GB



 METRIC 
Avg CPU Cycles (per interval) : 8405.85
EPT Cycles / Exec Cycles      : 0.0787
Memory Accesses (load+store)  : 4504
Memory Access Rate (MAR)      : 45.04 accesses/sample_interval(100ms)
RSS (Resident Set Size)       : 0.00 GB



 METRIC 
Avg CPU Cycles (per interval) : 8405.85
EPT Cycles / Exec Cycles      : 0.0787
Memory Accesses (load+store)  : 4504
Memory Access Rate (MAR)      : 45.04 accesses/sample_interval(100ms)
RSS (Resident Set Size)       : 0.00 GB



 METRIC 
Avg CPU Cycles (per interval) : 9927.70
EPT Cycles / Exec Cycles      : 0.0679
Memory Accesses (load+store)  : 5477
Memory Access Rate (MAR)      : 54.77 accesses/sample_interval(100ms)
RSS (Resident Set Size)       : 0.00 GB



 METRIC 
Avg CPU Cycles (per interval) : 9927.70
EPT Cycles / Exec Cycles      : 0.0679
Memory Accesses (load+store)  : 5477
Memory Access Rate (MAR)      : 54.77 accesses/sample_interval(100ms)
RSS (Resident Set Size)       : 0.00 GB



 METRIC 
Avg CPU Cycles (per interval) : 9962.20
EPT Cycles / Exec Cycles      : 0.0677
Memory Accesses (load+store)  : 5478
Memory Access Rate (MAR)      : 54.78 accesses/sample_interval(100ms)
RSS (Resident Set Size)       : 0.00 GB



 METRIC 
Avg CPU Cycles (per interval) : 7227.45
EPT Cycles / Exec Cycles      : 0.0674
Memory Accesses (load+store)  : 3757
Memory Access Rate (MAR)      : 37.57 accesses/sample_interval(100ms)
RSS (Resident Set Size)       : 0.00 GB



 METRIC 
Avg CPU Cycles (per interval) : 7227.45
EPT Cycles / Exec Cycles      : 0.0674
Memory Accesses (load+store)  : 3757
Memory Access Rate (MAR)      : 37.57 accesses/sample_interval(100ms)
RSS (Resident Set Size)       : 0.00 GB



 METRIC 
Avg CPU Cycles (per interval) : 7227.45
EPT Cycles / Exec Cycles      : 0.0674
Memory Accesses (load+store)  : 3757
Memory Access Rate (MAR)      : 37.57 accesses/sample_interval(100ms)
RSS (Resident Set Size)       : 0.00 GB



 METRIC 
Avg CPU Cycles (per interval) : 7227.45
EPT Cycles / Exec Cycles      : 0.0674
Memory Accesses (load+store)  : 3757
Memory Access Rate (MAR)      : 37.57 accesses/sample_interval(100ms)
RSS (Resident Set Size)       : 0.00 GB



 METRIC 
Avg CPU Cycles (per interval) : 9934.90
EPT Cycles / Exec Cycles      : 0.0685
Memory Accesses (load+store)  : 5478
Memory Access Rate (MAR)      : 54.78 accesses/sample_interval(100ms)
RSS (Resident Set Size)       : 0.00 GB



 METRIC 
Avg CPU Cycles (per interval) : 8399.50
EPT Cycles / Exec Cycles      : 0.0775
Memory Accesses (load+store)  : 4505
Memory Access Rate (MAR)      : 45.05 accesses/sample_interval(100ms)
RSS (Resident Set Size)       : 0.00 GB



 METRIC 
Avg CPU Cycles (per interval) : 8399.50
EPT Cycles / Exec Cycles      : 0.0775
Memory Accesses (load+store)  : 4505
Memory Access Rate (MAR)      : 45.05 accesses/sample_interval(100ms)
RSS (Resident Set Size)       : 0.00 GB



 METRIC 
Avg CPU Cycles (per interval) : 8399.50
EPT Cycles / Exec Cycles      : 0.0775
Memory Accesses (load+store)  : 4505
Memory Access Rate (MAR)      : 45.05 accesses/sample_interval(100ms)
RSS (Resident Set Size)       : 0.00 GB



 METRIC 
Avg CPU Cycles (per interval) : 8399.50
EPT Cycles / Exec Cycles      : 0.0775
Memory Accesses (load+store)  : 4505
Memory Access Rate (MAR)      : 45.05 accesses/sample_interval(100ms)
RSS (Resident Set Size)       : 0.00 GB



 METRIC 
Avg CPU Cycles (per interval) : 8138.75
EPT Cycles / Exec Cycles      : 0.0653
Memory Accesses (load+store)  : 4487
Memory Access Rate (MAR)      : 44.87 accesses/sample_interval(100ms)
RSS (Resident Set Size)       : 0.00 GB



 METRIC 
Avg CPU Cycles (per interval) : 8138.75
EPT Cycles / Exec Cycles      : 0.0653
Memory Accesses (load+store)  : 4487
Memory Access Rate (MAR)      : 44.87 accesses/sample_interval(100ms)
RSS (Resident Set Size)       : 0.00 GB



 METRIC 
Avg CPU Cycles (per interval) : 5054.75
EPT Cycles / Exec Cycles      : 0.0801
Memory Accesses (load+store)  : 2767
Memory Access Rate (MAR)      : 27.67 accesses/sample_interval(100ms)
RSS (Resident Set Size)       : 0.00 GB



 METRIC 
Avg CPU Cycles (per interval) : 5054.75
EPT Cycles / Exec Cycles      : 0.0801
Memory Accesses (load+store)  : 2767
Memory Access Rate (MAR)      : 27.67 accesses/sample_interval(100ms)
RSS (Resident Set Size)       : 0.00 GB



 METRIC 
Avg CPU Cycles (per interval) : 7656.40
EPT Cycles / Exec Cycles      : 0.0615
Memory Accesses (load+store)  : 4487
Memory Access Rate (MAR)      : 44.87 accesses/sample_interval(100ms)
RSS (Resident Set Size)       : 0.00 GB



 METRIC 
Avg CPU Cycles (per interval) : 7656.40
EPT Cycles / Exec Cycles      : 0.0615
Memory Accesses (load+store)  : 4487
Memory Access Rate (MAR)      : 44.87 accesses/sample_interval(100ms)
RSS (Resident Set Size)       : 0.00 GB



 METRIC 
Avg CPU Cycles (per interval) : 7656.40
EPT Cycles / Exec Cycles      : 0.0615
Memory Accesses (load+store)  : 4487
Memory Access Rate (MAR)      : 44.87 accesses/sample_interval(100ms)
RSS (Resident Set Size)       : 0.00 GB



 METRIC 
Avg CPU Cycles (per interval) : 7656.40
EPT Cycles / Exec Cycles      : 0.0615
Memory Accesses (load+store)  : 4487
Memory Access Rate (MAR)      : 44.87 accesses/sample_interval(100ms)
RSS (Resident Set Size)       : 0.00 GB



 METRIC 
Avg CPU Cycles (per interval) : 6134.55
EPT Cycles / Exec Cycles      : 0.0747
Memory Accesses (load+store)  : 3514
Memory Access Rate (MAR)      : 35.14 accesses/sample_interval(100ms)
RSS (Resident Set Size)       : 0.00 GB



 METRIC 
Avg CPU Cycles (per interval) : 6811.60
EPT Cycles / Exec Cycles      : 0.0994
Memory Accesses (load+store)  : 3568
Memory Access Rate (MAR)      : 35.68 accesses/sample_interval(100ms)
RSS (Resident Set Size)       : 0.00 GB



 METRIC 
Avg CPU Cycles (per interval) : 6377.80
EPT Cycles / Exec Cycles      : 0.0911
Memory Accesses (load+store)  : 3531
Memory Access Rate (MAR)      : 35.31 accesses/sample_interval(100ms)
RSS (Resident Set Size)       : 0.00 GB



 METRIC 
Avg CPU Cycles (per interval) : 6377.80
EPT Cycles / Exec Cycles      : 0.0911
Memory Accesses (load+store)  : 3531
Memory Access Rate (MAR)      : 35.31 accesses/sample_interval(100ms)
RSS (Resident Set Size)       : 0.00 GB



 METRIC 
Avg CPU Cycles (per interval) : 6377.80
EPT Cycles / Exec Cycles      : 0.0911
Memory Accesses (load+store)  : 3531
Memory Access Rate (MAR)      : 35.31 accesses/sample_interval(100ms)
RSS (Resident Set Size)       : 0.00 GB



 METRIC 
Avg CPU Cycles (per interval) : 8999.00
EPT Cycles / Exec Cycles      : 0.0686
Memory Accesses (load+store)  : 5245
Memory Access Rate (MAR)      : 52.45 accesses/sample_interval(100ms)
RSS (Resident Set Size)       : 0.00 GB



 METRIC 
Avg CPU Cycles (per interval) : 8999.00
EPT Cycles / Exec Cycles      : 0.0686
Memory Accesses (load+store)  : 5245
Memory Access Rate (MAR)      : 52.45 accesses/sample_interval(100ms)
RSS (Resident Set Size)       : 0.00 GB



 METRIC 
Avg CPU Cycles (per interval) : 6291.55
EPT Cycles / Exec Cycles      : 0.0674
Memory Accesses (load+store)  : 3525
Memory Access Rate (MAR)      : 35.25 accesses/sample_interval(100ms)
RSS (Resident Set Size)       : 0.00 GB



 METRIC 
Avg CPU Cycles (per interval) : 6291.55
EPT Cycles / Exec Cycles      : 0.0674
Memory Accesses (load+store)  : 3525
Memory Access Rate (MAR)      : 35.25 accesses/sample_interval(100ms)
RSS (Resident Set Size)       : 0.00 GB



 METRIC 
Avg CPU Cycles (per interval) : 6291.55
EPT Cycles / Exec Cycles      : 0.0674
Memory Accesses (load+store)  : 3525
Memory Access Rate (MAR)      : 35.25 accesses/sample_interval(100ms)
RSS (Resident Set Size)       : 0.00 GB



 METRIC 
Avg CPU Cycles (per interval) : 6291.55
EPT Cycles / Exec Cycles      : 0.0674
Memory Accesses (load+store)  : 3525
Memory Access Rate (MAR)      : 35.25 accesses/sample_interval(100ms)
RSS (Resident Set Size)       : 0.00 GB



 METRIC 
Avg CPU Cycles (per interval) : 6707.55
EPT Cycles / Exec Cycles      : 0.0784
Memory Accesses (load+store)  : 3561
Memory Access Rate (MAR)      : 35.61 accesses/sample_interval(100ms)
RSS (Resident Set Size)       : 0.00 GB



 METRIC 
Avg CPU Cycles (per interval) : 6315.90
EPT Cycles / Exec Cycles      : 0.0671
Memory Accesses (load+store)  : 3525
Memory Access Rate (MAR)      : 35.25 accesses/sample_interval(100ms)
RSS (Resident Set Size)       : 0.00 GB



 METRIC 
Avg CPU Cycles (per interval) : 6315.90
EPT Cycles / Exec Cycles      : 0.0671
Memory Accesses (load+store)  : 3525
Memory Access Rate (MAR)      : 35.25 accesses/sample_interval(100ms)
RSS (Resident Set Size)       : 0.00 GB



 METRIC 
Avg CPU Cycles (per interval) : 6315.90
EPT Cycles / Exec Cycles      : 0.0671
Memory Accesses (load+store)  : 3525
Memory Access Rate (MAR)      : 35.25 accesses/sample_interval(100ms)
RSS (Resident Set Size)       : 0.00 GB



 METRIC 
Avg CPU Cycles (per interval) : 9196.75
EPT Cycles / Exec Cycles      : 0.0674
Memory Accesses (load+store)  : 5239
Memory Access Rate (MAR)      : 52.39 accesses/sample_interval(100ms)
RSS (Resident Set Size)       : 0.00 GB



 METRIC 
Avg CPU Cycles (per interval) : 6595.10
EPT Cycles / Exec Cycles      : 0.0840
Memory Accesses (load+store)  : 3518
Memory Access Rate (MAR)      : 35.19 accesses/sample_interval(100ms)
RSS (Resident Set Size)       : 0.00 GB



 METRIC 
Avg CPU Cycles (per interval) : 6595.10
EPT Cycles / Exec Cycles      : 0.0840
Memory Accesses (load+store)  : 3518
Memory Access Rate (MAR)      : 35.19 accesses/sample_interval(100ms)
RSS (Resident Set Size)       : 0.00 GB



 METRIC 
Avg CPU Cycles (per interval) : 6595.10
EPT Cycles / Exec Cycles      : 0.0840
Memory Accesses (load+store)  : 3518
Memory Access Rate (MAR)      : 35.19 accesses/sample_interval(100ms)
RSS (Resident Set Size)       : 0.00 GB



 METRIC 
Avg CPU Cycles (per interval) : 6595.10
EPT Cycles / Exec Cycles      : 0.0840
Memory Accesses (load+store)  : 3518
Memory Access Rate (MAR)      : 35.19 accesses/sample_interval(100ms)
RSS (Resident Set Size)       : 0.00 GB



 METRIC 
Avg CPU Cycles (per interval) : 6595.10
EPT Cycles / Exec Cycles      : 0.0840
Memory Accesses (load+store)  : 3518
Memory Access Rate (MAR)      : 35.19 accesses/sample_interval(100ms)
RSS (Resident Set Size)       : 0.00 GB



 METRIC 
Avg CPU Cycles (per interval) : 6579.30
EPT Cycles / Exec Cycles      : 0.0852
Memory Accesses (load+store)  : 3518
Memory Access Rate (MAR)      : 35.19 accesses/sample_interval(100ms)
RSS (Resident Set Size)       : 0.00 GB



 METRIC 
Avg CPU Cycles (per interval) : 6579.30
EPT Cycles / Exec Cycles      : 0.0852
Memory Accesses (load+store)  : 3518
Memory Access Rate (MAR)      : 35.19 accesses/sample_interval(100ms)
RSS (Resident Set Size)       : 0.00 GB



 METRIC 
Avg CPU Cycles (per interval) : 6579.30
EPT Cycles / Exec Cycles      : 0.0852
Memory Accesses (load+store)  : 3518
Memory Access Rate (MAR)      : 35.19 accesses/sample_interval(100ms)
RSS (Resident Set Size)       : 0.00 GB



 METRIC 
Avg CPU Cycles (per interval) : 6579.30
EPT Cycles / Exec Cycles      : 0.0852
Memory Accesses (load+store)  : 3518
Memory Access Rate (MAR)      : 35.19 accesses/sample_interval(100ms)
RSS (Resident Set Size)       : 0.00 GB



 METRIC 
Avg CPU Cycles (per interval) : 6597.75
EPT Cycles / Exec Cycles      : 0.0882
Memory Accesses (load+store)  : 3518
Memory Access Rate (MAR)      : 35.18 accesses/sample_interval(100ms)
RSS (Resident Set Size)       : 0.00 GB



 METRIC 
Avg CPU Cycles (per interval) : 6597.75
EPT Cycles / Exec Cycles      : 0.0882
Memory Accesses (load+store)  : 3518
Memory Access Rate (MAR)      : 35.18 accesses/sample_interval(100ms)
RSS (Resident Set Size)       : 0.00 GB



 METRIC 
Avg CPU Cycles (per interval) : 6597.75
EPT Cycles / Exec Cycles      : 0.0882
Memory Accesses (load+store)  : 3518
Memory Access Rate (MAR)      : 35.18 accesses/sample_interval(100ms)
RSS (Resident Set Size)       : 0.00 GB



 METRIC 
Avg CPU Cycles (per interval) : 6597.75
EPT Cycles / Exec Cycles      : 0.0882
Memory Accesses (load+store)  : 3518
Memory Access Rate (MAR)      : 35.18 accesses/sample_interval(100ms)
RSS (Resident Set Size)       : 0.00 GB



 METRIC 
Avg CPU Cycles (per interval) : 6597.75
EPT Cycles / Exec Cycles      : 0.0882
Memory Accesses (load+store)  : 3518
Memory Access Rate (MAR)      : 35.18 accesses/sample_interval(100ms)
RSS (Resident Set Size)       : 0.00 GB



 METRIC 
Avg CPU Cycles (per interval) : 6597.75
EPT Cycles / Exec Cycles      : 0.0882
Memory Accesses (load+store)  : 3518
Memory Access Rate (MAR)      : 35.18 accesses/sample_interval(100ms)
RSS (Resident Set Size)       : 0.00 GB



 METRIC 
Avg CPU Cycles (per interval) : 6586.70
EPT Cycles / Exec Cycles      : 0.0890
Memory Accesses (load+store)  : 3518
Memory Access Rate (MAR)      : 35.18 accesses/sample_interval(100ms)
RSS (Resident Set Size)       : 0.00 GB



 METRIC 
Avg CPU Cycles (per interval) : 6586.70
EPT Cycles / Exec Cycles      : 0.0890
Memory Accesses (load+store)  : 3518
Memory Access Rate (MAR)      : 35.18 accesses/sample_interval(100ms)
RSS (Resident Set Size)       : 0.00 GB



 METRIC 
Avg CPU Cycles (per interval) : 6586.70
EPT Cycles / Exec Cycles      : 0.0890
Memory Accesses (load+store)  : 3518
Memory Access Rate (MAR)      : 35.18 accesses/sample_interval(100ms)
RSS (Resident Set Size)       : 0.00 GB



 METRIC 
Avg CPU Cycles (per interval) : 6586.70
EPT Cycles / Exec Cycles      : 0.0890
Memory Accesses (load+store)  : 3518
Memory Access Rate (MAR)      : 35.18 accesses/sample_interval(100ms)
RSS (Resident Set Size)       : 0.00 GB



 METRIC 
Avg CPU Cycles (per interval) : 6276.30
EPT Cycles / Exec Cycles      : 0.0654
Memory Accesses (load+store)  : 3518
Memory Access Rate (MAR)      : 35.18 accesses/sample_interval(100ms)
RSS (Resident Set Size)       : 0.00 GB



 METRIC 
Avg CPU Cycles (per interval) : 6276.30
EPT Cycles / Exec Cycles      : 0.0654
Memory Accesses (load+store)  : 3518
Memory Access Rate (MAR)      : 35.18 accesses/sample_interval(100ms)
RSS (Resident Set Size)       : 0.00 GB



 METRIC 
Avg CPU Cycles (per interval) : 6276.30
EPT Cycles / Exec Cycles      : 0.0654
Memory Accesses (load+store)  : 3518
Memory Access Rate (MAR)      : 35.18 accesses/sample_interval(100ms)
RSS (Resident Set Size)       : 0.00 GB



 METRIC 
Avg CPU Cycles (per interval) : 6276.30
EPT Cycles / Exec Cycles      : 0.0654
Memory Accesses (load+store)  : 3518
Memory Access Rate (MAR)      : 35.18 accesses/sample_interval(100ms)
RSS (Resident Set Size)       : 0.00 GB



 METRIC 
Avg CPU Cycles (per interval) : 6276.30
EPT Cycles / Exec Cycles      : 0.0654
Memory Accesses (load+store)  : 3518
Memory Access Rate (MAR)      : 35.18 accesses/sample_interval(100ms)
RSS (Resident Set Size)       : 0.00 GB



 METRIC 
Avg CPU Cycles (per interval) : 6276.30
EPT Cycles / Exec Cycles      : 0.0654
Memory Accesses (load+store)  : 3518
Memory Access Rate (MAR)      : 35.18 accesses/sample_interval(100ms)
RSS (Resident Set Size)       : 0.00 GB



 METRIC 
Avg CPU Cycles (per interval) : 6018.90
EPT Cycles / Exec Cycles      : 0.0465
Memory Accesses (load+store)  : 3502
Memory Access Rate (MAR)      : 35.02 accesses/sample_interval(100ms)
RSS (Resident Set Size)       : 0.00 GB



 METRIC 
Avg CPU Cycles (per interval) : 6018.90
EPT Cycles / Exec Cycles      : 0.0465
Memory Accesses (load+store)  : 3502
Memory Access Rate (MAR)      : 35.02 accesses/sample_interval(100ms)
RSS (Resident Set Size)       : 0.00 GB



 METRIC 
Avg CPU Cycles (per interval) : 6018.90
EPT Cycles / Exec Cycles      : 0.0465
Memory Accesses (load+store)  : 3502
Memory Access Rate (MAR)      : 35.02 accesses/sample_interval(100ms)
RSS (Resident Set Size)       : 0.00 GB



 METRIC 
Avg CPU Cycles (per interval) : 6018.90
EPT Cycles / Exec Cycles      : 0.0465
Memory Accesses (load+store)  : 3502
Memory Access Rate (MAR)      : 35.02 accesses/sample_interval(100ms)
RSS (Resident Set Size)       : 0.00 GB



 METRIC 
Avg CPU Cycles (per interval) : 5942.55
EPT Cycles / Exec Cycles      : 0.0404
Memory Accesses (load+store)  : 3502
Memory Access Rate (MAR)      : 35.02 accesses/sample_interval(100ms)
RSS (Resident Set Size)       : 0.00 GB



 METRIC 
Avg CPU Cycles (per interval) : 5942.55
EPT Cycles / Exec Cycles      : 0.0404
Memory Accesses (load+store)  : 3502
Memory Access Rate (MAR)      : 35.02 accesses/sample_interval(100ms)
RSS (Resident Set Size)       : 0.00 GB



 METRIC 
Avg CPU Cycles (per interval) : 5942.55
EPT Cycles / Exec Cycles      : 0.0404
Memory Accesses (load+store)  : 3502
Memory Access Rate (MAR)      : 35.02 accesses/sample_interval(100ms)
RSS (Resident Set Size)       : 0.00 GB



 METRIC 
Avg CPU Cycles (per interval) : 5942.55
EPT Cycles / Exec Cycles      : 0.0404
Memory Accesses (load+store)  : 3502
Memory Access Rate (MAR)      : 35.02 accesses/sample_interval(100ms)
RSS (Resident Set Size)       : 0.00 GB



 METRIC 
Avg CPU Cycles (per interval) : 5942.55
EPT Cycles / Exec Cycles      : 0.0404
Memory Accesses (load+store)  : 3502
Memory Access Rate (MAR)      : 35.02 accesses/sample_interval(100ms)
RSS (Resident Set Size)       : 0.00 GB



 METRIC 
Avg CPU Cycles (per interval) : 5942.55
EPT Cycles / Exec Cycles      : 0.0404
Memory Accesses (load+store)  : 3502
Memory Access Rate (MAR)      : 35.02 accesses/sample_interval(100ms)
RSS (Resident Set Size)       : 0.00 GB



 METRIC 
Avg CPU Cycles (per interval) : 6202.35
EPT Cycles / Exec Cycles      : 0.0563
Memory Accesses (load+store)  : 3520
Memory Access Rate (MAR)      : 35.20 accesses/sample_interval(100ms)
RSS (Resident Set Size)       : 0.00 GB



 METRIC 
Avg CPU Cycles (per interval) : 6202.35
EPT Cycles / Exec Cycles      : 0.0563
Memory Accesses (load+store)  : 3520
Memory Access Rate (MAR)      : 35.20 accesses/sample_interval(100ms)
RSS (Resident Set Size)       : 0.00 GB



 METRIC 
Avg CPU Cycles (per interval) : 6202.35
EPT Cycles / Exec Cycles      : 0.0563
Memory Accesses (load+store)  : 3520
Memory Access Rate (MAR)      : 35.20 accesses/sample_interval(100ms)
RSS (Resident Set Size)       : 0.00 GB



 METRIC 
Avg CPU Cycles (per interval) : 6202.35
EPT Cycles / Exec Cycles      : 0.0563
Memory Accesses (load+store)  : 3520
Memory Access Rate (MAR)      : 35.20 accesses/sample_interval(100ms)
RSS (Resident Set Size)       : 0.00 GB



 METRIC 
Avg CPU Cycles (per interval) : 6365.85
EPT Cycles / Exec Cycles      : 0.0828
Memory Accesses (load+store)  : 3520
Memory Access Rate (MAR)      : 35.20 accesses/sample_interval(100ms)
RSS (Resident Set Size)       : 0.00 GB



 METRIC 
Avg CPU Cycles (per interval) : 6365.85
EPT Cycles / Exec Cycles      : 0.0828
Memory Accesses (load+store)  : 3520
Memory Access Rate (MAR)      : 35.20 accesses/sample_interval(100ms)
RSS (Resident Set Size)       : 0.00 GB



 METRIC 
Avg CPU Cycles (per interval) : 6365.85
EPT Cycles / Exec Cycles      : 0.0828
Memory Accesses (load+store)  : 3520
Memory Access Rate (MAR)      : 35.20 accesses/sample_interval(100ms)
RSS (Resident Set Size)       : 0.00 GB



 METRIC 
Avg CPU Cycles (per interval) : 6365.85
EPT Cycles / Exec Cycles      : 0.0828
Memory Accesses (load+store)  : 3520
Memory Access Rate (MAR)      : 35.20 accesses/sample_interval(100ms)
RSS (Resident Set Size)       : 0.00 GB



 METRIC 
Avg CPU Cycles (per interval) : 6365.85
EPT Cycles / Exec Cycles      : 0.0828
Memory Accesses (load+store)  : 3520
Memory Access Rate (MAR)      : 35.20 accesses/sample_interval(100ms)
RSS (Resident Set Size)       : 0.00 GB



 METRIC 
Avg CPU Cycles (per interval) : 6365.85
EPT Cycles / Exec Cycles      : 0.0828
Memory Accesses (load+store)  : 3520
Memory Access Rate (MAR)      : 35.20 accesses/sample_interval(100ms)
RSS (Resident Set Size)       : 0.00 GB



 METRIC 
Avg CPU Cycles (per interval) : 6358.85
EPT Cycles / Exec Cycles      : 0.0838
Memory Accesses (load+store)  : 3518
Memory Access Rate (MAR)      : 35.18 accesses/sample_interval(100ms)
RSS (Resident Set Size)       : 0.00 GB



 METRIC 
Avg CPU Cycles (per interval) : 6358.85
EPT Cycles / Exec Cycles      : 0.0838
Memory Accesses (load+store)  : 3518
Memory Access Rate (MAR)      : 35.18 accesses/sample_interval(100ms)
RSS (Resident Set Size)       : 0.00 GB



 METRIC 
Avg CPU Cycles (per interval) : 6358.85
EPT Cycles / Exec Cycles      : 0.0838
Memory Accesses (load+store)  : 3518
Memory Access Rate (MAR)      : 35.18 accesses/sample_interval(100ms)
RSS (Resident Set Size)       : 0.00 GB



 METRIC 
Avg CPU Cycles (per interval) : 6358.85
EPT Cycles / Exec Cycles      : 0.0838
Memory Accesses (load+store)  : 3518
Memory Access Rate (MAR)      : 35.18 accesses/sample_interval(100ms)
RSS (Resident Set Size)       : 0.00 GB



 METRIC 
Avg CPU Cycles (per interval) : 6550.10
EPT Cycles / Exec Cycles      : 0.1086
Memory Accesses (load+store)  : 3518
Memory Access Rate (MAR)      : 35.18 accesses/sample_interval(100ms)
RSS (Resident Set Size)       : 0.00 GB


=========== ACTION : ENABLE TPT ===========

 METRIC 
Avg CPU Cycles (per interval) : 6550.10
EPT Cycles / Exec Cycles      : 0.1086
Memory Accesses (load+store)  : 3518
Memory Access Rate (MAR)      : 35.18 accesses/sample_interval(100ms)
RSS (Resident Set Size)       : 0.00 GB


=========== ACTION : ENABLE TPT ===========

 METRIC 
Avg CPU Cycles (per interval) : 6550.10
EPT Cycles / Exec Cycles      : 0.1086
Memory Accesses (load+store)  : 3518
Memory Access Rate (MAR)      : 35.18 accesses/sample_interval(100ms)
RSS (Resident Set Size)       : 0.00 GB


=========== ACTION : ENABLE TPT ===========

 METRIC 
Avg CPU Cycles (per interval) : 6550.10
EPT Cycles / Exec Cycles      : 0.1086
Memory Accesses (load+store)  : 3518
Memory Access Rate (MAR)      : 35.18 accesses/sample_interval(100ms)
RSS (Resident Set Size)       : 0.00 GB


=========== ACTION : ENABLE TPT ===========

 METRIC 
Avg CPU Cycles (per interval) : 6550.10
EPT Cycles / Exec Cycles      : 0.1086
Memory Accesses (load+store)  : 3518
Memory Access Rate (MAR)      : 35.18 accesses/sample_interval(100ms)
RSS (Resident Set Size)       : 0.00 GB


=========== ACTION : ENABLE TPT ===========

 METRIC 
Avg CPU Cycles (per interval) : 6550.10
EPT Cycles / Exec Cycles      : 0.1086
Memory Accesses (load+store)  : 3518
Memory Access Rate (MAR)      : 35.18 accesses/sample_interval(100ms)
RSS (Resident Set Size)       : 0.00 GB


=========== ACTION : ENABLE TPT ===========

 METRIC 
Avg CPU Cycles (per interval) : 6549.00
EPT Cycles / Exec Cycles      : 0.1088
Memory Accesses (load+store)  : 3518
Memory Access Rate (MAR)      : 35.18 accesses/sample_interval(100ms)
RSS (Resident Set Size)       : 0.00 GB


=========== ACTION : ENABLE TPT ===========

 METRIC 
Avg CPU Cycles (per interval) : 6549.00
EPT Cycles / Exec Cycles      : 0.1088
Memory Accesses (load+store)  : 3518
Memory Access Rate (MAR)      : 35.18 accesses/sample_interval(100ms)
RSS (Resident Set Size)       : 0.00 GB


=========== ACTION : ENABLE TPT ===========

 METRIC 
Avg CPU Cycles (per interval) : 6549.00
EPT Cycles / Exec Cycles      : 0.1088
Memory Accesses (load+store)  : 3518
Memory Access Rate (MAR)      : 35.18 accesses/sample_interval(100ms)
RSS (Resident Set Size)       : 0.00 GB


=========== ACTION : ENABLE TPT ===========

 METRIC 
Avg CPU Cycles (per interval) : 6549.00
EPT Cycles / Exec Cycles      : 0.1088
Memory Accesses (load+store)  : 3518
Memory Access Rate (MAR)      : 35.18 accesses/sample_interval(100ms)
RSS (Resident Set Size)       : 0.00 GB


=========== ACTION : ENABLE TPT ===========

 METRIC 
Avg CPU Cycles (per interval) : 6443.80
EPT Cycles / Exec Cycles      : 0.0925
Memory Accesses (load+store)  : 3518
Memory Access Rate (MAR)      : 35.18 accesses/sample_interval(100ms)
RSS (Resident Set Size)       : 0.00 GB



 METRIC 
Avg CPU Cycles (per interval) : 6443.80
EPT Cycles / Exec Cycles      : 0.0925
Memory Accesses (load+store)  : 3518
Memory Access Rate (MAR)      : 35.18 accesses/sample_interval(100ms)
RSS (Resident Set Size)       : 0.00 GB



 METRIC 
Avg CPU Cycles (per interval) : 6443.80
EPT Cycles / Exec Cycles      : 0.0925
Memory Accesses (load+store)  : 3518
Memory Access Rate (MAR)      : 35.18 accesses/sample_interval(100ms)
RSS (Resident Set Size)       : 0.00 GB



 METRIC 
Avg CPU Cycles (per interval) : 6443.80
EPT Cycles / Exec Cycles      : 0.0925
Memory Accesses (load+store)  : 3518
Memory Access Rate (MAR)      : 35.18 accesses/sample_interval(100ms)
RSS (Resident Set Size)       : 0.00 GB



 METRIC 
Avg CPU Cycles (per interval) : 6443.80
EPT Cycles / Exec Cycles      : 0.0925
Memory Accesses (load+store)  : 3518
Memory Access Rate (MAR)      : 35.18 accesses/sample_interval(100ms)
RSS (Resident Set Size)       : 0.00 GB



 METRIC 
Avg CPU Cycles (per interval) : 6443.80
EPT Cycles / Exec Cycles      : 0.0925
Memory Accesses (load+store)  : 3518
Memory Access Rate (MAR)      : 35.18 accesses/sample_interval(100ms)
RSS (Resident Set Size)       : 0.00 GB



 METRIC 
Avg CPU Cycles (per interval) : 6455.85
EPT Cycles / Exec Cycles      : 0.0935
Memory Accesses (load+store)  : 3518
Memory Access Rate (MAR)      : 35.18 accesses/sample_interval(100ms)
RSS (Resident Set Size)       : 0.00 GB



 METRIC 
Avg CPU Cycles (per interval) : 6455.85
EPT Cycles / Exec Cycles      : 0.0935
Memory Accesses (load+store)  : 3518
Memory Access Rate (MAR)      : 35.18 accesses/sample_interval(100ms)
RSS (Resident Set Size)       : 0.00 GB



 METRIC 
Avg CPU Cycles (per interval) : 6455.85
EPT Cycles / Exec Cycles      : 0.0935
Memory Accesses (load+store)  : 3518
Memory Access Rate (MAR)      : 35.18 accesses/sample_interval(100ms)
RSS (Resident Set Size)       : 0.00 GB



 METRIC 
Avg CPU Cycles (per interval) : 9055.50
EPT Cycles / Exec Cycles      : 0.0713
Memory Accesses (load+store)  : 5233
Memory Access Rate (MAR)      : 52.33 accesses/sample_interval(100ms)
RSS (Resident Set Size)       : 0.00 GB



 METRIC 
Avg CPU Cycles (per interval) : 6300.95
EPT Cycles / Exec Cycles      : 0.0712
Memory Accesses (load+store)  : 3518
Memory Access Rate (MAR)      : 35.18 accesses/sample_interval(100ms)
RSS (Resident Set Size)       : 0.00 GB



 METRIC 
Avg CPU Cycles (per interval) : 6300.95
EPT Cycles / Exec Cycles      : 0.0712
Memory Accesses (load+store)  : 3518
Memory Access Rate (MAR)      : 35.18 accesses/sample_interval(100ms)
RSS (Resident Set Size)       : 0.00 GB



 METRIC 
Avg CPU Cycles (per interval) : 6300.95
EPT Cycles / Exec Cycles      : 0.0712
Memory Accesses (load+store)  : 3518
Memory Access Rate (MAR)      : 35.18 accesses/sample_interval(100ms)
RSS (Resident Set Size)       : 0.00 GB



 METRIC 
Avg CPU Cycles (per interval) : 6300.95
EPT Cycles / Exec Cycles      : 0.0712
Memory Accesses (load+store)  : 3518
Memory Access Rate (MAR)      : 35.18 accesses/sample_interval(100ms)
RSS (Resident Set Size)       : 0.00 GB



 METRIC 
Avg CPU Cycles (per interval) : 6300.95
EPT Cycles / Exec Cycles      : 0.0712
Memory Accesses (load+store)  : 3518
Memory Access Rate (MAR)      : 35.18 accesses/sample_interval(100ms)
RSS (Resident Set Size)       : 0.00 GB



 METRIC 
Avg CPU Cycles (per interval) : 6300.95
EPT Cycles / Exec Cycles      : 0.0712
Memory Accesses (load+store)  : 3518
Memory Access Rate (MAR)      : 35.18 accesses/sample_interval(100ms)
RSS (Resident Set Size)       : 0.00 GB



 METRIC 
Avg CPU Cycles (per interval) : 6331.80
EPT Cycles / Exec Cycles      : 0.0727
Memory Accesses (load+store)  : 3518
Memory Access Rate (MAR)      : 35.18 accesses/sample_interval(100ms)
RSS (Resident Set Size)       : 0.00 GB



 METRIC 
Avg CPU Cycles (per interval) : 6331.80
EPT Cycles / Exec Cycles      : 0.0727
Memory Accesses (load+store)  : 3518
Memory Access Rate (MAR)      : 35.18 accesses/sample_interval(100ms)
RSS (Resident Set Size)       : 0.00 GB



 METRIC 
Avg CPU Cycles (per interval) : 6331.80
EPT Cycles / Exec Cycles      : 0.0727
Memory Accesses (load+store)  : 3518
Memory Access Rate (MAR)      : 35.18 accesses/sample_interval(100ms)
RSS (Resident Set Size)       : 0.00 GB



 METRIC 
Avg CPU Cycles (per interval) : 9053.70
EPT Cycles / Exec Cycles      : 0.0728
Memory Accesses (load+store)  : 5233
Memory Access Rate (MAR)      : 52.33 accesses/sample_interval(100ms)
RSS (Resident Set Size)       : 0.00 GB



 METRIC 
Avg CPU Cycles (per interval) : 6424.95
EPT Cycles / Exec Cycles      : 0.0898
Memory Accesses (load+store)  : 3518
Memory Access Rate (MAR)      : 35.18 accesses/sample_interval(100ms)
RSS (Resident Set Size)       : 0.00 GB



 METRIC 
Avg CPU Cycles (per interval) : 6424.95
EPT Cycles / Exec Cycles      : 0.0898
Memory Accesses (load+store)  : 3518
Memory Access Rate (MAR)      : 35.18 accesses/sample_interval(100ms)
RSS (Resident Set Size)       : 0.00 GB



 METRIC 
Avg CPU Cycles (per interval) : 6424.95
EPT Cycles / Exec Cycles      : 0.0898
Memory Accesses (load+store)  : 3518
Memory Access Rate (MAR)      : 35.18 accesses/sample_interval(100ms)
RSS (Resident Set Size)       : 0.00 GB



 METRIC 
Avg CPU Cycles (per interval) : 6424.95
EPT Cycles / Exec Cycles      : 0.0898
Memory Accesses (load+store)  : 3518
Memory Access Rate (MAR)      : 35.18 accesses/sample_interval(100ms)
RSS (Resident Set Size)       : 0.00 GB



 METRIC 
Avg CPU Cycles (per interval) : 6424.95
EPT Cycles / Exec Cycles      : 0.0898
Memory Accesses (load+store)  : 3518
Memory Access Rate (MAR)      : 35.18 accesses/sample_interval(100ms)
RSS (Resident Set Size)       : 0.00 GB



 METRIC 
Avg CPU Cycles (per interval) : 6424.95
EPT Cycles / Exec Cycles      : 0.0898
Memory Accesses (load+store)  : 3518
Memory Access Rate (MAR)      : 35.18 accesses/sample_interval(100ms)
RSS (Resident Set Size)       : 0.00 GB



 METRIC 
Avg CPU Cycles (per interval) : 6419.15
EPT Cycles / Exec Cycles      : 0.0869
Memory Accesses (load+store)  : 3520
Memory Access Rate (MAR)      : 35.20 accesses/sample_interval(100ms)
RSS (Resident Set Size)       : 0.00 GB



 METRIC 
Avg CPU Cycles (per interval) : 6419.15
EPT Cycles / Exec Cycles      : 0.0869
Memory Accesses (load+store)  : 3520
Memory Access Rate (MAR)      : 35.20 accesses/sample_interval(100ms)
RSS (Resident Set Size)       : 0.00 GB



 METRIC 
Avg CPU Cycles (per interval) : 6419.15
EPT Cycles / Exec Cycles      : 0.0869
Memory Accesses (load+store)  : 3520
Memory Access Rate (MAR)      : 35.20 accesses/sample_interval(100ms)
RSS (Resident Set Size)       : 0.00 GB



 METRIC 
Avg CPU Cycles (per interval) : 6453.95
EPT Cycles / Exec Cycles      : 0.0937
Memory Accesses (load+store)  : 3520
Memory Access Rate (MAR)      : 35.20 accesses/sample_interval(100ms)
RSS (Resident Set Size)       : 0.00 GB



 METRIC 
Avg CPU Cycles (per interval) : 6453.95
EPT Cycles / Exec Cycles      : 0.0937
Memory Accesses (load+store)  : 3520
Memory Access Rate (MAR)      : 35.20 accesses/sample_interval(100ms)
RSS (Resident Set Size)       : 0.00 GB



 METRIC 
Avg CPU Cycles (per interval) : 6453.95
EPT Cycles / Exec Cycles      : 0.0937
Memory Accesses (load+store)  : 3520
Memory Access Rate (MAR)      : 35.20 accesses/sample_interval(100ms)
RSS (Resident Set Size)       : 0.00 GB



 METRIC 
Avg CPU Cycles (per interval) : 6453.95
EPT Cycles / Exec Cycles      : 0.0937
Memory Accesses (load+store)  : 3520
Memory Access Rate (MAR)      : 35.20 accesses/sample_interval(100ms)
RSS (Resident Set Size)       : 0.00 GB



 METRIC 
Avg CPU Cycles (per interval) : 6453.95
EPT Cycles / Exec Cycles      : 0.0937
Memory Accesses (load+store)  : 3520
Memory Access Rate (MAR)      : 35.20 accesses/sample_interval(100ms)
RSS (Resident Set Size)       : 0.00 GB



 METRIC 
Avg CPU Cycles (per interval) : 6453.95
EPT Cycles / Exec Cycles      : 0.0937
Memory Accesses (load+store)  : 3520
Memory Access Rate (MAR)      : 35.20 accesses/sample_interval(100ms)
RSS (Resident Set Size)       : 0.00 GB



 METRIC 
Avg CPU Cycles (per interval) : 6453.95
EPT Cycles / Exec Cycles      : 0.0937
Memory Accesses (load+store)  : 3520
Memory Access Rate (MAR)      : 35.20 accesses/sample_interval(100ms)
RSS (Resident Set Size)       : 0.00 GB



 METRIC 
Avg CPU Cycles (per interval) : 6553.30
EPT Cycles / Exec Cycles      : 0.0986
Memory Accesses (load+store)  : 3529
Memory Access Rate (MAR)      : 35.29 accesses/sample_interval(100ms)
RSS (Resident Set Size)       : 0.00 GB



 METRIC 
Avg CPU Cycles (per interval) : 6553.30
EPT Cycles / Exec Cycles      : 0.0986
Memory Accesses (load+store)  : 3529
Memory Access Rate (MAR)      : 35.29 accesses/sample_interval(100ms)
RSS (Resident Set Size)       : 0.00 GB



 METRIC 
Avg CPU Cycles (per interval) : 6553.30
EPT Cycles / Exec Cycles      : 0.0986
Memory Accesses (load+store)  : 3529
Memory Access Rate (MAR)      : 35.29 accesses/sample_interval(100ms)
RSS (Resident Set Size)       : 0.00 GB



 METRIC 
Avg CPU Cycles (per interval) : 6434.25
EPT Cycles / Exec Cycles      : 0.0760
Memory Accesses (load+store)  : 3529
Memory Access Rate (MAR)      : 35.29 accesses/sample_interval(100ms)
RSS (Resident Set Size)       : 0.00 GB



 METRIC 
Avg CPU Cycles (per interval) : 6434.25
EPT Cycles / Exec Cycles      : 0.0760
Memory Accesses (load+store)  : 3529
Memory Access Rate (MAR)      : 35.29 accesses/sample_interval(100ms)
RSS (Resident Set Size)       : 0.00 GB



 METRIC 
Avg CPU Cycles (per interval) : 6434.25
EPT Cycles / Exec Cycles      : 0.0760
Memory Accesses (load+store)  : 3529
Memory Access Rate (MAR)      : 35.29 accesses/sample_interval(100ms)
RSS (Resident Set Size)       : 0.00 GB



 METRIC 
Avg CPU Cycles (per interval) : 6434.25
EPT Cycles / Exec Cycles      : 0.0760
Memory Accesses (load+store)  : 3529
Memory Access Rate (MAR)      : 35.29 accesses/sample_interval(100ms)
RSS (Resident Set Size)       : 0.00 GB



 METRIC 
Avg CPU Cycles (per interval) : 6434.25
EPT Cycles / Exec Cycles      : 0.0760
Memory Accesses (load+store)  : 3529
Memory Access Rate (MAR)      : 35.29 accesses/sample_interval(100ms)
RSS (Resident Set Size)       : 0.00 GB



 METRIC 
Avg CPU Cycles (per interval) : 6434.25
EPT Cycles / Exec Cycles      : 0.0760
Memory Accesses (load+store)  : 3529
Memory Access Rate (MAR)      : 35.29 accesses/sample_interval(100ms)
RSS (Resident Set Size)       : 0.00 GB



 METRIC 
Avg CPU Cycles (per interval) : 6434.25
EPT Cycles / Exec Cycles      : 0.0760
Memory Accesses (load+store)  : 3529
Memory Access Rate (MAR)      : 35.29 accesses/sample_interval(100ms)
RSS (Resident Set Size)       : 0.00 GB



 METRIC 
Avg CPU Cycles (per interval) : 6418.90
EPT Cycles / Exec Cycles      : 0.0767
Memory Accesses (load+store)  : 3527
Memory Access Rate (MAR)      : 35.27 accesses/sample_interval(100ms)
RSS (Resident Set Size)       : 0.00 GB



 METRIC 
Avg CPU Cycles (per interval) : 6418.90
EPT Cycles / Exec Cycles      : 0.0767
Memory Accesses (load+store)  : 3527
Memory Access Rate (MAR)      : 35.27 accesses/sample_interval(100ms)
RSS (Resident Set Size)       : 0.00 GB



 METRIC 
Avg CPU Cycles (per interval) : 6418.90
EPT Cycles / Exec Cycles      : 0.0767
Memory Accesses (load+store)  : 3527
Memory Access Rate (MAR)      : 35.27 accesses/sample_interval(100ms)
RSS (Resident Set Size)       : 0.00 GB



 METRIC 
Avg CPU Cycles (per interval) : 6362.75
EPT Cycles / Exec Cycles      : 0.0678
Memory Accesses (load+store)  : 3527
Memory Access Rate (MAR)      : 35.27 accesses/sample_interval(100ms)
RSS (Resident Set Size)       : 0.00 GB



 METRIC 
Avg CPU Cycles (per interval) : 6362.75
EPT Cycles / Exec Cycles      : 0.0678
Memory Accesses (load+store)  : 3527
Memory Access Rate (MAR)      : 35.27 accesses/sample_interval(100ms)
RSS (Resident Set Size)       : 0.00 GB



 METRIC 
Avg CPU Cycles (per interval) : 6362.75
EPT Cycles / Exec Cycles      : 0.0678
Memory Accesses (load+store)  : 3527
Memory Access Rate (MAR)      : 35.27 accesses/sample_interval(100ms)
RSS (Resident Set Size)       : 0.00 GB



 METRIC 
Avg CPU Cycles (per interval) : 6362.75
EPT Cycles / Exec Cycles      : 0.0678
Memory Accesses (load+store)  : 3527
Memory Access Rate (MAR)      : 35.27 accesses/sample_interval(100ms)
RSS (Resident Set Size)       : 0.00 GB



 METRIC 
Avg CPU Cycles (per interval) : 6362.75
EPT Cycles / Exec Cycles      : 0.0678
Memory Accesses (load+store)  : 3527
Memory Access Rate (MAR)      : 35.27 accesses/sample_interval(100ms)
RSS (Resident Set Size)       : 0.00 GB



 METRIC 
Avg CPU Cycles (per interval) : 6362.75
EPT Cycles / Exec Cycles      : 0.0678
Memory Accesses (load+store)  : 3527
Memory Access Rate (MAR)      : 35.27 accesses/sample_interval(100ms)
RSS (Resident Set Size)       : 0.00 GB



 METRIC 
Avg CPU Cycles (per interval) : 6362.75
EPT Cycles / Exec Cycles      : 0.0678
Memory Accesses (load+store)  : 3527
Memory Access Rate (MAR)      : 35.27 accesses/sample_interval(100ms)
RSS (Resident Set Size)       : 0.00 GB



 METRIC 
Avg CPU Cycles (per interval) : 6263.45
EPT Cycles / Exec Cycles      : 0.0646
Memory Accesses (load+store)  : 3518
Memory Access Rate (MAR)      : 35.18 accesses/sample_interval(100ms)
RSS (Resident Set Size)       : 0.00 GB



 METRIC 
Avg CPU Cycles (per interval) : 6263.45
EPT Cycles / Exec Cycles      : 0.0646
Memory Accesses (load+store)  : 3518
Memory Access Rate (MAR)      : 35.18 accesses/sample_interval(100ms)
RSS (Resident Set Size)       : 0.00 GB



 METRIC 
Avg CPU Cycles (per interval) : 6263.45
EPT Cycles / Exec Cycles      : 0.0646
Memory Accesses (load+store)  : 3518
Memory Access Rate (MAR)      : 35.18 accesses/sample_interval(100ms)
RSS (Resident Set Size)       : 0.00 GB



 METRIC 
Avg CPU Cycles (per interval) : 6378.95
EPT Cycles / Exec Cycles      : 0.0872
Memory Accesses (load+store)  : 3518
Memory Access Rate (MAR)      : 35.18 accesses/sample_interval(100ms)
RSS (Resident Set Size)       : 0.00 GB



 METRIC 
Avg CPU Cycles (per interval) : 6378.95
EPT Cycles / Exec Cycles      : 0.0872
Memory Accesses (load+store)  : 3518
Memory Access Rate (MAR)      : 35.18 accesses/sample_interval(100ms)
RSS (Resident Set Size)       : 0.00 GB



 METRIC 
Avg CPU Cycles (per interval) : 6378.95
EPT Cycles / Exec Cycles      : 0.0872
Memory Accesses (load+store)  : 3518
Memory Access Rate (MAR)      : 35.18 accesses/sample_interval(100ms)
RSS (Resident Set Size)       : 0.00 GB



 METRIC 
Avg CPU Cycles (per interval) : 6378.95
EPT Cycles / Exec Cycles      : 0.0872
Memory Accesses (load+store)  : 3518
Memory Access Rate (MAR)      : 35.18 accesses/sample_interval(100ms)
RSS (Resident Set Size)       : 0.00 GB



 METRIC 
Avg CPU Cycles (per interval) : 6378.95
EPT Cycles / Exec Cycles      : 0.0872
Memory Accesses (load+store)  : 3518
Memory Access Rate (MAR)      : 35.18 accesses/sample_interval(100ms)
RSS (Resident Set Size)       : 0.00 GB



 METRIC 
Avg CPU Cycles (per interval) : 6378.95
EPT Cycles / Exec Cycles      : 0.0872
Memory Accesses (load+store)  : 3518
Memory Access Rate (MAR)      : 35.18 accesses/sample_interval(100ms)
RSS (Resident Set Size)       : 0.00 GB



 METRIC 
Avg CPU Cycles (per interval) : 6378.95
EPT Cycles / Exec Cycles      : 0.0872
Memory Accesses (load+store)  : 3518
Memory Access Rate (MAR)      : 35.18 accesses/sample_interval(100ms)
RSS (Resident Set Size)       : 0.00 GB



 METRIC 
Avg CPU Cycles (per interval) : 6382.85
EPT Cycles / Exec Cycles      : 0.0879
Memory Accesses (load+store)  : 3518
Memory Access Rate (MAR)      : 35.18 accesses/sample_interval(100ms)
RSS (Resident Set Size)       : 0.00 GB



 METRIC 
Avg CPU Cycles (per interval) : 6382.85
EPT Cycles / Exec Cycles      : 0.0879
Memory Accesses (load+store)  : 3518
Memory Access Rate (MAR)      : 35.18 accesses/sample_interval(100ms)
RSS (Resident Set Size)       : 0.00 GB



 METRIC 
Avg CPU Cycles (per interval) : 6382.85
EPT Cycles / Exec Cycles      : 0.0879
Memory Accesses (load+store)  : 3518
Memory Access Rate (MAR)      : 35.18 accesses/sample_interval(100ms)
RSS (Resident Set Size)       : 0.00 GB



 METRIC 
Avg CPU Cycles (per interval) : 3804.55
EPT Cycles / Exec Cycles      : 0.1475
Memory Accesses (load+store)  : 1804
Memory Access Rate (MAR)      : 18.04 accesses/sample_interval(100ms)
RSS (Resident Set Size)       : 0.00 GB


=========== ACTION : ENABLE TPT ===========

 METRIC 
Avg CPU Cycles (per interval) : 6693.00
EPT Cycles / Exec Cycles      : 0.1076
Memory Accesses (load+store)  : 3519
Memory Access Rate (MAR)      : 35.19 accesses/sample_interval(100ms)
RSS (Resident Set Size)       : 0.00 GB


=========== ACTION : ENABLE TPT ===========

 METRIC 
Avg CPU Cycles (per interval) : 6693.00
EPT Cycles / Exec Cycles      : 0.1076
Memory Accesses (load+store)  : 3519
Memory Access Rate (MAR)      : 35.19 accesses/sample_interval(100ms)
RSS (Resident Set Size)       : 0.00 GB


=========== ACTION : ENABLE TPT ===========

 METRIC 
Avg CPU Cycles (per interval) : 6693.00
EPT Cycles / Exec Cycles      : 0.1076
Memory Accesses (load+store)  : 3519
Memory Access Rate (MAR)      : 35.19 accesses/sample_interval(100ms)
RSS (Resident Set Size)       : 0.00 GB


=========== ACTION : ENABLE TPT ===========

 METRIC 
Avg CPU Cycles (per interval) : 6693.00
EPT Cycles / Exec Cycles      : 0.1076
Memory Accesses (load+store)  : 3519
Memory Access Rate (MAR)      : 35.19 accesses/sample_interval(100ms)
RSS (Resident Set Size)       : 0.00 GB


=========== ACTION : ENABLE TPT ===========

 METRIC 
Avg CPU Cycles (per interval) : 6693.00
EPT Cycles / Exec Cycles      : 0.1076
Memory Accesses (load+store)  : 3519
Memory Access Rate (MAR)      : 35.19 accesses/sample_interval(100ms)
RSS (Resident Set Size)       : 0.00 GB


=========== ACTION : ENABLE TPT ===========

 METRIC 
Avg CPU Cycles (per interval) : 6693.00
EPT Cycles / Exec Cycles      : 0.1076
Memory Accesses (load+store)  : 3519
Memory Access Rate (MAR)      : 35.19 accesses/sample_interval(100ms)
RSS (Resident Set Size)       : 0.00 GB


=========== ACTION : ENABLE TPT ===========

 METRIC 
Avg CPU Cycles (per interval) : 6408.00
EPT Cycles / Exec Cycles      : 0.0909
Memory Accesses (load+store)  : 3501
Memory Access Rate (MAR)      : 35.01 accesses/sample_interval(100ms)
RSS (Resident Set Size)       : 0.00 GB



 METRIC 
Avg CPU Cycles (per interval) : 6408.00
EPT Cycles / Exec Cycles      : 0.0909
Memory Accesses (load+store)  : 3501
Memory Access Rate (MAR)      : 35.01 accesses/sample_interval(100ms)
RSS (Resident Set Size)       : 0.00 GB



 METRIC 
Avg CPU Cycles (per interval) : 6408.00
EPT Cycles / Exec Cycles      : 0.0909
Memory Accesses (load+store)  : 3501
Memory Access Rate (MAR)      : 35.01 accesses/sample_interval(100ms)
RSS (Resident Set Size)       : 0.00 GB



 METRIC 
Avg CPU Cycles (per interval) : 3689.65
EPT Cycles / Exec Cycles      : 0.1053
Memory Accesses (load+store)  : 1787
Memory Access Rate (MAR)      : 17.87 accesses/sample_interval(100ms)
RSS (Resident Set Size)       : 0.00 GB


=========== ACTION : ENABLE TPT ===========

 METRIC 
Avg CPU Cycles (per interval) : 6312.40
EPT Cycles / Exec Cycles      : 0.0726
Memory Accesses (load+store)  : 3501
Memory Access Rate (MAR)      : 35.01 accesses/sample_interval(100ms)
RSS (Resident Set Size)       : 0.00 GB



 METRIC 
Avg CPU Cycles (per interval) : 6312.40
EPT Cycles / Exec Cycles      : 0.0726
Memory Accesses (load+store)  : 3501
Memory Access Rate (MAR)      : 35.01 accesses/sample_interval(100ms)
RSS (Resident Set Size)       : 0.00 GB



 METRIC 
Avg CPU Cycles (per interval) : 6312.40
EPT Cycles / Exec Cycles      : 0.0726
Memory Accesses (load+store)  : 3501
Memory Access Rate (MAR)      : 35.01 accesses/sample_interval(100ms)
RSS (Resident Set Size)       : 0.00 GB



 METRIC 
Avg CPU Cycles (per interval) : 6312.40
EPT Cycles / Exec Cycles      : 0.0726
Memory Accesses (load+store)  : 3501
Memory Access Rate (MAR)      : 35.01 accesses/sample_interval(100ms)
RSS (Resident Set Size)       : 0.00 GB



 METRIC 
Avg CPU Cycles (per interval) : 6312.40
EPT Cycles / Exec Cycles      : 0.0726
Memory Accesses (load+store)  : 3501
Memory Access Rate (MAR)      : 35.01 accesses/sample_interval(100ms)
RSS (Resident Set Size)       : 0.00 GB



 METRIC 
Avg CPU Cycles (per interval) : 6312.40
EPT Cycles / Exec Cycles      : 0.0726
Memory Accesses (load+store)  : 3501
Memory Access Rate (MAR)      : 35.01 accesses/sample_interval(100ms)
RSS (Resident Set Size)       : 0.00 GB



 METRIC 
Avg CPU Cycles (per interval) : 6745.70
EPT Cycles / Exec Cycles      : 0.0992
Memory Accesses (load+store)  : 3529
Memory Access Rate (MAR)      : 35.29 accesses/sample_interval(100ms)
RSS (Resident Set Size)       : 0.00 GB



 METRIC 
Avg CPU Cycles (per interval) : 6745.70
EPT Cycles / Exec Cycles      : 0.0992
Memory Accesses (load+store)  : 3529
Memory Access Rate (MAR)      : 35.29 accesses/sample_interval(100ms)
RSS (Resident Set Size)       : 0.00 GB



 METRIC 
Avg CPU Cycles (per interval) : 6745.70
EPT Cycles / Exec Cycles      : 0.0992
Memory Accesses (load+store)  : 3529
Memory Access Rate (MAR)      : 35.29 accesses/sample_interval(100ms)
RSS (Resident Set Size)       : 0.00 GB



 METRIC 
Avg CPU Cycles (per interval) : 6745.70
EPT Cycles / Exec Cycles      : 0.0951
Memory Accesses (load+store)  : 3529
Memory Access Rate (MAR)      : 35.29 accesses/sample_interval(100ms)
RSS (Resident Set Size)       : 0.00 GB



 METRIC 
Avg CPU Cycles (per interval) : 6441.20
EPT Cycles / Exec Cycles      : 0.0798
Memory Accesses (load+store)  : 3529
Memory Access Rate (MAR)      : 35.29 accesses/sample_interval(100ms)
RSS (Resident Set Size)       : 0.00 GB



 METRIC 
Avg CPU Cycles (per interval) : 6441.20
EPT Cycles / Exec Cycles      : 0.0798
Memory Accesses (load+store)  : 3529
Memory Access Rate (MAR)      : 35.29 accesses/sample_interval(100ms)
RSS (Resident Set Size)       : 0.00 GB



 METRIC 
Avg CPU Cycles (per interval) : 6441.20
EPT Cycles / Exec Cycles      : 0.0798
Memory Accesses (load+store)  : 3529
Memory Access Rate (MAR)      : 35.29 accesses/sample_interval(100ms)
RSS (Resident Set Size)       : 0.00 GB



 METRIC 
Avg CPU Cycles (per interval) : 6441.20
EPT Cycles / Exec Cycles      : 0.0798
Memory Accesses (load+store)  : 3529
Memory Access Rate (MAR)      : 35.29 accesses/sample_interval(100ms)
RSS (Resident Set Size)       : 0.00 GB



 METRIC 
Avg CPU Cycles (per interval) : 6441.20
EPT Cycles / Exec Cycles      : 0.0798
Memory Accesses (load+store)  : 3529
Memory Access Rate (MAR)      : 35.29 accesses/sample_interval(100ms)
RSS (Resident Set Size)       : 0.00 GB



 METRIC 
Avg CPU Cycles (per interval) : 6441.20
EPT Cycles / Exec Cycles      : 0.0798
Memory Accesses (load+store)  : 3529
Memory Access Rate (MAR)      : 35.29 accesses/sample_interval(100ms)
RSS (Resident Set Size)       : 0.00 GB



 METRIC 
Avg CPU Cycles (per interval) : 6400.15
EPT Cycles / Exec Cycles      : 0.0787
Memory Accesses (load+store)  : 3529
Memory Access Rate (MAR)      : 35.29 accesses/sample_interval(100ms)
RSS (Resident Set Size)       : 0.00 GB



 METRIC 
Avg CPU Cycles (per interval) : 6400.15
EPT Cycles / Exec Cycles      : 0.0787
Memory Accesses (load+store)  : 3529
Memory Access Rate (MAR)      : 35.29 accesses/sample_interval(100ms)
RSS (Resident Set Size)       : 0.00 GB



 METRIC 
Avg CPU Cycles (per interval) : 6400.15
EPT Cycles / Exec Cycles      : 0.0787
Memory Accesses (load+store)  : 3529
Memory Access Rate (MAR)      : 35.29 accesses/sample_interval(100ms)
RSS (Resident Set Size)       : 0.00 GB



 METRIC 
Avg CPU Cycles (per interval) : 6400.15
EPT Cycles / Exec Cycles      : 0.0787
Memory Accesses (load+store)  : 3529
Memory Access Rate (MAR)      : 35.29 accesses/sample_interval(100ms)
RSS (Resident Set Size)       : 0.00 GB



 METRIC 
Avg CPU Cycles (per interval) : 6512.80
EPT Cycles / Exec Cycles      : 0.0978
Memory Accesses (load+store)  : 3529
Memory Access Rate (MAR)      : 35.29 accesses/sample_interval(100ms)
RSS (Resident Set Size)       : 0.00 GB



 METRIC 
Avg CPU Cycles (per interval) : 6512.80
EPT Cycles / Exec Cycles      : 0.0978
Memory Accesses (load+store)  : 3529
Memory Access Rate (MAR)      : 35.29 accesses/sample_interval(100ms)
RSS (Resident Set Size)       : 0.00 GB



 METRIC 
Avg CPU Cycles (per interval) : 6512.80
EPT Cycles / Exec Cycles      : 0.0978
Memory Accesses (load+store)  : 3529
Memory Access Rate (MAR)      : 35.29 accesses/sample_interval(100ms)
RSS (Resident Set Size)       : 0.00 GB



 METRIC 
Avg CPU Cycles (per interval) : 6512.80
EPT Cycles / Exec Cycles      : 0.0978
Memory Accesses (load+store)  : 3529
Memory Access Rate (MAR)      : 35.29 accesses/sample_interval(100ms)
RSS (Resident Set Size)       : 0.00 GB



 METRIC 
Avg CPU Cycles (per interval) : 6512.80
EPT Cycles / Exec Cycles      : 0.0978
Memory Accesses (load+store)  : 3529
Memory Access Rate (MAR)      : 35.29 accesses/sample_interval(100ms)
RSS (Resident Set Size)       : 0.00 GB



 METRIC 
Avg CPU Cycles (per interval) : 6512.80
EPT Cycles / Exec Cycles      : 0.0978
Memory Accesses (load+store)  : 3529
Memory Access Rate (MAR)      : 35.29 accesses/sample_interval(100ms)
RSS (Resident Set Size)       : 0.00 GB



 METRIC 
Avg CPU Cycles (per interval) : 6330.80
EPT Cycles / Exec Cycles      : 0.0879
Memory Accesses (load+store)  : 3518
Memory Access Rate (MAR)      : 35.18 accesses/sample_interval(100ms)
RSS (Resident Set Size)       : 0.00 GB



 METRIC 
Avg CPU Cycles (per interval) : 6330.80
EPT Cycles / Exec Cycles      : 0.0879
Memory Accesses (load+store)  : 3518
Memory Access Rate (MAR)      : 35.18 accesses/sample_interval(100ms)
RSS (Resident Set Size)       : 0.00 GB



 METRIC 
Avg CPU Cycles (per interval) : 6330.80
EPT Cycles / Exec Cycles      : 0.0879
Memory Accesses (load+store)  : 3518
Memory Access Rate (MAR)      : 35.18 accesses/sample_interval(100ms)
RSS (Resident Set Size)       : 0.00 GB



 METRIC 
Avg CPU Cycles (per interval) : 9193.55
EPT Cycles / Exec Cycles      : 0.0848
Memory Accesses (load+store)  : 5233
Memory Access Rate (MAR)      : 52.33 accesses/sample_interval(100ms)
RSS (Resident Set Size)       : 0.00 GB



 METRIC 
Avg CPU Cycles (per interval) : 6609.60
EPT Cycles / Exec Cycles      : 0.1133
Memory Accesses (load+store)  : 3519
Memory Access Rate (MAR)      : 35.19 accesses/sample_interval(100ms)
RSS (Resident Set Size)       : 0.00 GB


=========== ACTION : ENABLE TPT ===========

 METRIC 
Avg CPU Cycles (per interval) : 6609.60
EPT Cycles / Exec Cycles      : 0.1133
Memory Accesses (load+store)  : 3519
Memory Access Rate (MAR)      : 35.19 accesses/sample_interval(100ms)
RSS (Resident Set Size)       : 0.00 GB


=========== ACTION : ENABLE TPT ===========

 METRIC 
Avg CPU Cycles (per interval) : 6609.60
EPT Cycles / Exec Cycles      : 0.1133
Memory Accesses (load+store)  : 3519
Memory Access Rate (MAR)      : 35.19 accesses/sample_interval(100ms)
RSS (Resident Set Size)       : 0.00 GB


=========== ACTION : ENABLE TPT ===========

 METRIC 
Avg CPU Cycles (per interval) : 6609.60
EPT Cycles / Exec Cycles      : 0.1133
Memory Accesses (load+store)  : 3519
Memory Access Rate (MAR)      : 35.19 accesses/sample_interval(100ms)
RSS (Resident Set Size)       : 0.00 GB


=========== ACTION : ENABLE TPT ===========

 METRIC 
Avg CPU Cycles (per interval) : 6609.60
EPT Cycles / Exec Cycles      : 0.1133
Memory Accesses (load+store)  : 3519
Memory Access Rate (MAR)      : 35.19 accesses/sample_interval(100ms)
RSS (Resident Set Size)       : 0.00 GB


=========== ACTION : ENABLE TPT ===========

 METRIC 
Avg CPU Cycles (per interval) : 6609.60
EPT Cycles / Exec Cycles      : 0.1133
Memory Accesses (load+store)  : 3519
Memory Access Rate (MAR)      : 35.19 accesses/sample_interval(100ms)
RSS (Resident Set Size)       : 0.00 GB


=========== ACTION : ENABLE TPT ===========

 METRIC 
Avg CPU Cycles (per interval) : 7003.60
EPT Cycles / Exec Cycles      : 0.1336
Memory Accesses (load+store)  : 3546
Memory Access Rate (MAR)      : 35.46 accesses/sample_interval(100ms)
RSS (Resident Set Size)       : 0.00 GB


=========== ACTION : ENABLE TPT ===========

 METRIC 
Avg CPU Cycles (per interval) : 7003.60
EPT Cycles / Exec Cycles      : 0.1336
Memory Accesses (load+store)  : 3546
Memory Access Rate (MAR)      : 35.46 accesses/sample_interval(100ms)
RSS (Resident Set Size)       : 0.00 GB


=========== ACTION : ENABLE TPT ===========

 METRIC 
Avg CPU Cycles (per interval) : 7003.60
EPT Cycles / Exec Cycles      : 0.1336
Memory Accesses (load+store)  : 3546
Memory Access Rate (MAR)      : 35.46 accesses/sample_interval(100ms)
RSS (Resident Set Size)       : 0.00 GB


=========== ACTION : ENABLE TPT ===========

 METRIC 
Avg CPU Cycles (per interval) : 9751.65
EPT Cycles / Exec Cycles      : 0.1151
Memory Accesses (load+store)  : 5260
Memory Access Rate (MAR)      : 52.60 accesses/sample_interval(100ms)
RSS (Resident Set Size)       : 0.00 GB


=========== ACTION : ENABLE TPT ===========

 METRIC 
Avg CPU Cycles (per interval) : 7016.25
EPT Cycles / Exec Cycles      : 0.1310
Memory Accesses (load+store)  : 3546
Memory Access Rate (MAR)      : 35.46 accesses/sample_interval(100ms)
RSS (Resident Set Size)       : 0.00 GB


=========== ACTION : ENABLE TPT ===========

 METRIC 
Avg CPU Cycles (per interval) : 7016.25
EPT Cycles / Exec Cycles      : 0.1310
Memory Accesses (load+store)  : 3546
Memory Access Rate (MAR)      : 35.46 accesses/sample_interval(100ms)
RSS (Resident Set Size)       : 0.00 GB


=========== ACTION : ENABLE TPT ===========

 METRIC 
Avg CPU Cycles (per interval) : 7016.25
EPT Cycles / Exec Cycles      : 0.1310
Memory Accesses (load+store)  : 3546
Memory Access Rate (MAR)      : 35.46 accesses/sample_interval(100ms)
RSS (Resident Set Size)       : 0.00 GB


=========== ACTION : ENABLE TPT ===========

 METRIC 
Avg CPU Cycles (per interval) : 7016.25
EPT Cycles / Exec Cycles      : 0.1310
Memory Accesses (load+store)  : 3546
Memory Access Rate (MAR)      : 35.46 accesses/sample_interval(100ms)
RSS (Resident Set Size)       : 0.00 GB


=========== ACTION : ENABLE TPT ===========

 METRIC 
Avg CPU Cycles (per interval) : 7016.25
EPT Cycles / Exec Cycles      : 0.1310
Memory Accesses (load+store)  : 3546
Memory Access Rate (MAR)      : 35.46 accesses/sample_interval(100ms)
RSS (Resident Set Size)       : 0.00 GB


=========== ACTION : ENABLE TPT ===========

 METRIC 
Avg CPU Cycles (per interval) : 7016.25
EPT Cycles / Exec Cycles      : 0.1310
Memory Accesses (load+store)  : 3546
Memory Access Rate (MAR)      : 35.46 accesses/sample_interval(100ms)
RSS (Resident Set Size)       : 0.00 GB


=========== ACTION : ENABLE TPT ===========

 METRIC 
Avg CPU Cycles (per interval) : 6788.00
EPT Cycles / Exec Cycles      : 0.1172
Memory Accesses (load+store)  : 3528
Memory Access Rate (MAR)      : 35.28 accesses/sample_interval(100ms)
RSS (Resident Set Size)       : 0.00 GB


=========== ACTION : ENABLE TPT ===========

 METRIC 
Avg CPU Cycles (per interval) : 6788.00
EPT Cycles / Exec Cycles      : 0.1172
Memory Accesses (load+store)  : 3528
Memory Access Rate (MAR)      : 35.28 accesses/sample_interval(100ms)
RSS (Resident Set Size)       : 0.00 GB


=========== ACTION : ENABLE TPT ===========

 METRIC 
Avg CPU Cycles (per interval) : 6788.00
EPT Cycles / Exec Cycles      : 0.1172
Memory Accesses (load+store)  : 3528
Memory Access Rate (MAR)      : 35.28 accesses/sample_interval(100ms)
RSS (Resident Set Size)       : 0.00 GB


=========== ACTION : ENABLE TPT ===========

 METRIC 
Avg CPU Cycles (per interval) : 6626.10
EPT Cycles / Exec Cycles      : 0.1008
Memory Accesses (load+store)  : 3527
Memory Access Rate (MAR)      : 35.27 accesses/sample_interval(100ms)
RSS (Resident Set Size)       : 0.00 GB


=========== ACTION : ENABLE TPT ===========

 METRIC 
Avg CPU Cycles (per interval) : 6626.10
EPT Cycles / Exec Cycles      : 0.1008
Memory Accesses (load+store)  : 3527
Memory Access Rate (MAR)      : 35.27 accesses/sample_interval(100ms)
RSS (Resident Set Size)       : 0.00 GB


=========== ACTION : ENABLE TPT ===========

 METRIC 
Avg CPU Cycles (per interval) : 6626.10
EPT Cycles / Exec Cycles      : 0.1008
Memory Accesses (load+store)  : 3527
Memory Access Rate (MAR)      : 35.27 accesses/sample_interval(100ms)
RSS (Resident Set Size)       : 0.00 GB


=========== ACTION : ENABLE TPT ===========

 METRIC 
Avg CPU Cycles (per interval) : 6626.10
EPT Cycles / Exec Cycles      : 0.1008
Memory Accesses (load+store)  : 3527
Memory Access Rate (MAR)      : 35.27 accesses/sample_interval(100ms)
RSS (Resident Set Size)       : 0.00 GB


=========== ACTION : ENABLE TPT ===========

 METRIC 
Avg CPU Cycles (per interval) : 6626.10
EPT Cycles / Exec Cycles      : 0.1008
Memory Accesses (load+store)  : 3527
Memory Access Rate (MAR)      : 35.27 accesses/sample_interval(100ms)
RSS (Resident Set Size)       : 0.00 GB


=========== ACTION : ENABLE TPT ===========

 METRIC 
Avg CPU Cycles (per interval) : 6626.10
EPT Cycles / Exec Cycles      : 0.1008
Memory Accesses (load+store)  : 3527
Memory Access Rate (MAR)      : 35.27 accesses/sample_interval(100ms)
RSS (Resident Set Size)       : 0.00 GB


=========== ACTION : ENABLE TPT ===========

 METRIC 
Avg CPU Cycles (per interval) : 6626.10
EPT Cycles / Exec Cycles      : 0.1008
Memory Accesses (load+store)  : 3527
Memory Access Rate (MAR)      : 35.27 accesses/sample_interval(100ms)
RSS (Resident Set Size)       : 0.00 GB


=========== ACTION : ENABLE TPT ===========

 METRIC 
Avg CPU Cycles (per interval) : 6407.45
EPT Cycles / Exec Cycles      : 0.0859
Memory Accesses (load+store)  : 3509
Memory Access Rate (MAR)      : 35.09 accesses/sample_interval(100ms)
RSS (Resident Set Size)       : 0.00 GB



 METRIC 
Avg CPU Cycles (per interval) : 6407.45
EPT Cycles / Exec Cycles      : 0.0859
Memory Accesses (load+store)  : 3509
Memory Access Rate (MAR)      : 35.09 accesses/sample_interval(100ms)
RSS (Resident Set Size)       : 0.00 GB



 METRIC 
Avg CPU Cycles (per interval) : 6407.45
EPT Cycles / Exec Cycles      : 0.0859
Memory Accesses (load+store)  : 3509
Memory Access Rate (MAR)      : 35.09 accesses/sample_interval(100ms)
RSS (Resident Set Size)       : 0.00 GB



 METRIC 
Avg CPU Cycles (per interval) : 6444.60
EPT Cycles / Exec Cycles      : 0.0854
Memory Accesses (load+store)  : 3509
Memory Access Rate (MAR)      : 35.09 accesses/sample_interval(100ms)
RSS (Resident Set Size)       : 0.00 GB



 METRIC 
Avg CPU Cycles (per interval) : 6444.60
EPT Cycles / Exec Cycles      : 0.0854
Memory Accesses (load+store)  : 3509
Memory Access Rate (MAR)      : 35.09 accesses/sample_interval(100ms)
RSS (Resident Set Size)       : 0.00 GB



 METRIC 
Avg CPU Cycles (per interval) : 6444.60
EPT Cycles / Exec Cycles      : 0.0854
Memory Accesses (load+store)  : 3509
Memory Access Rate (MAR)      : 35.09 accesses/sample_interval(100ms)
RSS (Resident Set Size)       : 0.00 GB



 METRIC 
Avg CPU Cycles (per interval) : 6444.60
EPT Cycles / Exec Cycles      : 0.0854
Memory Accesses (load+store)  : 3509
Memory Access Rate (MAR)      : 35.09 accesses/sample_interval(100ms)
RSS (Resident Set Size)       : 0.00 GB



 METRIC 
Avg CPU Cycles (per interval) : 6444.60
EPT Cycles / Exec Cycles      : 0.0854
Memory Accesses (load+store)  : 3509
Memory Access Rate (MAR)      : 35.09 accesses/sample_interval(100ms)
RSS (Resident Set Size)       : 0.00 GB



 METRIC 
Avg CPU Cycles (per interval) : 6444.60
EPT Cycles / Exec Cycles      : 0.0854
Memory Accesses (load+store)  : 3509
Memory Access Rate (MAR)      : 35.09 accesses/sample_interval(100ms)
RSS (Resident Set Size)       : 0.00 GB



 METRIC 
Avg CPU Cycles (per interval) : 967659.10
EPT Cycles / Exec Cycles      : 0.0598
Memory Accesses (load+store)  : 286888
Memory Access Rate (MAR)      : 2868.88 accesses/sample_interval(100ms)
RSS (Resident Set Size)       : 0.03 GB



 METRIC 
Avg CPU Cycles (per interval) : 5956772.00
EPT Cycles / Exec Cycles      : 0.0300
Memory Accesses (load+store)  : 2722563
Memory Access Rate (MAR)      : 27225.63 accesses/sample_interval(100ms)
RSS (Resident Set Size)       : 0.03 GB



 METRIC 
Avg CPU Cycles (per interval) : 12385873.70
EPT Cycles / Exec Cycles      : 0.0267
Memory Accesses (load+store)  : 5883979
Memory Access Rate (MAR)      : 58839.79 accesses/sample_interval(100ms)
RSS (Resident Set Size)       : 0.04 GB



 METRIC 
Avg CPU Cycles (per interval) : 18973976.70
EPT Cycles / Exec Cycles      : 0.0284
Memory Accesses (load+store)  : 9078819
Memory Access Rate (MAR)      : 90788.19 accesses/sample_interval(100ms)
RSS (Resident Set Size)       : 0.04 GB



 METRIC 
Avg CPU Cycles (per interval) : 26005102.45
EPT Cycles / Exec Cycles      : 0.0295
Memory Accesses (load+store)  : 12371977
Memory Access Rate (MAR)      : 123719.77 accesses/sample_interval(100ms)
RSS (Resident Set Size)       : 0.05 GB



 METRIC 
Avg CPU Cycles (per interval) : 32878761.90
EPT Cycles / Exec Cycles      : 0.0314
Memory Accesses (load+store)  : 15676910
Memory Access Rate (MAR)      : 156769.10 accesses/sample_interval(100ms)
RSS (Resident Set Size)       : 0.06 GB



 METRIC 
Avg CPU Cycles (per interval) : 39497033.75
EPT Cycles / Exec Cycles      : 0.0333
Memory Accesses (load+store)  : 18584327
Memory Access Rate (MAR)      : 185843.27 accesses/sample_interval(100ms)
RSS (Resident Set Size)       : 0.07 GB



 METRIC 
Avg CPU Cycles (per interval) : 46535233.75
EPT Cycles / Exec Cycles      : 0.0353
Memory Accesses (load+store)  : 21723371
Memory Access Rate (MAR)      : 217233.71 accesses/sample_interval(100ms)
RSS (Resident Set Size)       : 0.07 GB



 METRIC 
Avg CPU Cycles (per interval) : 53571002.45
EPT Cycles / Exec Cycles      : 0.0378
Memory Accesses (load+store)  : 24784190
Memory Access Rate (MAR)      : 247841.90 accesses/sample_interval(100ms)
RSS (Resident Set Size)       : 0.08 GB



 METRIC 
Avg CPU Cycles (per interval) : 61042611.25
EPT Cycles / Exec Cycles      : 0.0398
Memory Accesses (load+store)  : 28000802
Memory Access Rate (MAR)      : 280008.02 accesses/sample_interval(100ms)
RSS (Resident Set Size)       : 0.09 GB



 METRIC 
Avg CPU Cycles (per interval) : 67625975.05
EPT Cycles / Exec Cycles      : 0.0417
Memory Accesses (load+store)  : 30795992
Memory Access Rate (MAR)      : 307959.92 accesses/sample_interval(100ms)
RSS (Resident Set Size)       : 0.10 GB



 METRIC 
Avg CPU Cycles (per interval) : 76276384.75
EPT Cycles / Exec Cycles      : 0.0460
Memory Accesses (load+store)  : 33301868
Memory Access Rate (MAR)      : 333018.68 accesses/sample_interval(100ms)
RSS (Resident Set Size)       : 0.10 GB



 METRIC 
Avg CPU Cycles (per interval) : 86585483.95
EPT Cycles / Exec Cycles      : 0.0503
Memory Accesses (load+store)  : 36020423
Memory Access Rate (MAR)      : 360204.23 accesses/sample_interval(100ms)
RSS (Resident Set Size)       : 0.11 GB



 METRIC 
Avg CPU Cycles (per interval) : 93665586.05
EPT Cycles / Exec Cycles      : 0.0506
Memory Accesses (load+store)  : 38717705
Memory Access Rate (MAR)      : 387177.05 accesses/sample_interval(100ms)
RSS (Resident Set Size)       : 0.11 GB



 METRIC 
Avg CPU Cycles (per interval) : 100742010.15
EPT Cycles / Exec Cycles      : 0.0501
Memory Accesses (load+store)  : 41516974
Memory Access Rate (MAR)      : 415169.74 accesses/sample_interval(100ms)
RSS (Resident Set Size)       : 0.12 GB



 METRIC 
Avg CPU Cycles (per interval) : 114215278.40
EPT Cycles / Exec Cycles      : 0.0466
Memory Accesses (load+store)  : 46714605
Memory Access Rate (MAR)      : 467146.05 accesses/sample_interval(100ms)
RSS (Resident Set Size)       : 0.13 GB



 METRIC 
Avg CPU Cycles (per interval) : 122215152.00
EPT Cycles / Exec Cycles      : 0.0466
Memory Accesses (load+store)  : 49622287
Memory Access Rate (MAR)      : 496222.87 accesses/sample_interval(100ms)
RSS (Resident Set Size)       : 0.13 GB



 METRIC 
Avg CPU Cycles (per interval) : 129927240.40
EPT Cycles / Exec Cycles      : 0.0466
Memory Accesses (load+store)  : 52416918
Memory Access Rate (MAR)      : 524169.18 accesses/sample_interval(100ms)
RSS (Resident Set Size)       : 0.13 GB



 METRIC 
Avg CPU Cycles (per interval) : 137725785.15
EPT Cycles / Exec Cycles      : 0.0469
Memory Accesses (load+store)  : 55120530
Memory Access Rate (MAR)      : 551205.30 accesses/sample_interval(100ms)
RSS (Resident Set Size)       : 0.14 GB



 METRIC 
Avg CPU Cycles (per interval) : 145930841.60
EPT Cycles / Exec Cycles      : 0.0473
Memory Accesses (load+store)  : 58000750
Memory Access Rate (MAR)      : 580007.50 accesses/sample_interval(100ms)
RSS (Resident Set Size)       : 0.15 GB



 METRIC 
Avg CPU Cycles (per interval) : 153142545.90
EPT Cycles / Exec Cycles      : 0.0474
Memory Accesses (load+store)  : 60567732
Memory Access Rate (MAR)      : 605677.32 accesses/sample_interval(100ms)
RSS (Resident Set Size)       : 0.15 GB



 METRIC 
Avg CPU Cycles (per interval) : 159225502.45
EPT Cycles / Exec Cycles      : 0.0486
Memory Accesses (load+store)  : 61983150
Memory Access Rate (MAR)      : 619831.50 accesses/sample_interval(100ms)
RSS (Resident Set Size)       : 0.16 GB



 METRIC 
Avg CPU Cycles (per interval) : 161491730.45
EPT Cycles / Exec Cycles      : 0.0516
Memory Accesses (load+store)  : 61350583
Memory Access Rate (MAR)      : 613505.83 accesses/sample_interval(100ms)
RSS (Resident Set Size)       : 0.16 GB



 METRIC 
Avg CPU Cycles (per interval) : 163958701.95
EPT Cycles / Exec Cycles      : 0.0544
Memory Accesses (load+store)  : 60774554
Memory Access Rate (MAR)      : 607745.54 accesses/sample_interval(100ms)
RSS (Resident Set Size)       : 0.17 GB



 METRIC 
Avg CPU Cycles (per interval) : 165091352.15
EPT Cycles / Exec Cycles      : 0.0567
Memory Accesses (load+store)  : 60117652
Memory Access Rate (MAR)      : 601176.53 accesses/sample_interval(100ms)
RSS (Resident Set Size)       : 0.18 GB



 METRIC 
Avg CPU Cycles (per interval) : 168388376.90
EPT Cycles / Exec Cycles      : 0.0595
Memory Accesses (load+store)  : 59740468
Memory Access Rate (MAR)      : 597404.68 accesses/sample_interval(100ms)
RSS (Resident Set Size)       : 0.19 GB



 METRIC 
Avg CPU Cycles (per interval) : 170281178.15
EPT Cycles / Exec Cycles      : 0.0604
Memory Accesses (load+store)  : 59902386
Memory Access Rate (MAR)      : 599023.86 accesses/sample_interval(100ms)
RSS (Resident Set Size)       : 0.19 GB



 METRIC 
Avg CPU Cycles (per interval) : 171001102.25
EPT Cycles / Exec Cycles      : 0.0605
Memory Accesses (load+store)  : 59553481
Memory Access Rate (MAR)      : 595534.81 accesses/sample_interval(100ms)
RSS (Resident Set Size)       : 0.19 GB



 METRIC 
Avg CPU Cycles (per interval) : 172255622.20
EPT Cycles / Exec Cycles      : 0.0604
Memory Accesses (load+store)  : 59474776
Memory Access Rate (MAR)      : 594747.76 accesses/sample_interval(100ms)
RSS (Resident Set Size)       : 0.20 GB



 METRIC 
Avg CPU Cycles (per interval) : 173037168.95
EPT Cycles / Exec Cycles      : 0.0604
Memory Accesses (load+store)  : 59211553
Memory Access Rate (MAR)      : 592115.53 accesses/sample_interval(100ms)
RSS (Resident Set Size)       : 0.20 GB



 METRIC 
Avg CPU Cycles (per interval) : 174865926.90
EPT Cycles / Exec Cycles      : 0.0603
Memory Accesses (load+store)  : 59461800
Memory Access Rate (MAR)      : 594618.00 accesses/sample_interval(100ms)
RSS (Resident Set Size)       : 0.21 GB



 METRIC 
Avg CPU Cycles (per interval) : 178465992.55
EPT Cycles / Exec Cycles      : 0.0582
Memory Accesses (load+store)  : 61238415
Memory Access Rate (MAR)      : 612384.15 accesses/sample_interval(100ms)
RSS (Resident Set Size)       : 0.22 GB



 METRIC 
Avg CPU Cycles (per interval) : 177707313.55
EPT Cycles / Exec Cycles      : 0.0587
Memory Accesses (load+store)  : 61244716
Memory Access Rate (MAR)      : 612447.16 accesses/sample_interval(100ms)
RSS (Resident Set Size)       : 0.22 GB



 METRIC 
Avg CPU Cycles (per interval) : 180146011.45
EPT Cycles / Exec Cycles      : 0.0603
Memory Accesses (load+store)  : 61436627
Memory Access Rate (MAR)      : 614366.27 accesses/sample_interval(100ms)
RSS (Resident Set Size)       : 0.23 GB



 METRIC 
Avg CPU Cycles (per interval) : 181008810.90
EPT Cycles / Exec Cycles      : 0.0616
Memory Accesses (load+store)  : 61387567
Memory Access Rate (MAR)      : 613875.67 accesses/sample_interval(100ms)
RSS (Resident Set Size)       : 0.24 GB



 METRIC 
Avg CPU Cycles (per interval) : 177146602.30
EPT Cycles / Exec Cycles      : 0.0659
Memory Accesses (load+store)  : 59251711
Memory Access Rate (MAR)      : 592517.11 accesses/sample_interval(100ms)
RSS (Resident Set Size)       : 0.24 GB



 METRIC 
Avg CPU Cycles (per interval) : 179802419.70
EPT Cycles / Exec Cycles      : 0.0680
Memory Accesses (load+store)  : 59398910
Memory Access Rate (MAR)      : 593989.10 accesses/sample_interval(100ms)
RSS (Resident Set Size)       : 0.25 GB



 METRIC 
Avg CPU Cycles (per interval) : 180439686.80
EPT Cycles / Exec Cycles      : 0.0692
Memory Accesses (load+store)  : 59642151
Memory Access Rate (MAR)      : 596421.51 accesses/sample_interval(100ms)
RSS (Resident Set Size)       : 0.26 GB



 METRIC 
Avg CPU Cycles (per interval) : 183191754.40
EPT Cycles / Exec Cycles      : 0.0707
Memory Accesses (load+store)  : 60359159
Memory Access Rate (MAR)      : 603591.59 accesses/sample_interval(100ms)
RSS (Resident Set Size)       : 0.27 GB



 METRIC 
Avg CPU Cycles (per interval) : 185398640.80
EPT Cycles / Exec Cycles      : 0.0716
Memory Accesses (load+store)  : 61023024
Memory Access Rate (MAR)      : 610230.24 accesses/sample_interval(100ms)
RSS (Resident Set Size)       : 0.27 GB



 METRIC 
Avg CPU Cycles (per interval) : 187208764.55
EPT Cycles / Exec Cycles      : 0.0728
Memory Accesses (load+store)  : 61481123
Memory Access Rate (MAR)      : 614811.23 accesses/sample_interval(100ms)
RSS (Resident Set Size)       : 0.28 GB



 METRIC 
Avg CPU Cycles (per interval) : 185661135.40
EPT Cycles / Exec Cycles      : 0.0735
Memory Accesses (load+store)  : 60795716
Memory Access Rate (MAR)      : 607957.16 accesses/sample_interval(100ms)
RSS (Resident Set Size)       : 0.28 GB



 METRIC 
Avg CPU Cycles (per interval) : 185572314.45
EPT Cycles / Exec Cycles      : 0.0720
Memory Accesses (load+store)  : 61335012
Memory Access Rate (MAR)      : 613350.12 accesses/sample_interval(100ms)
RSS (Resident Set Size)       : 0.29 GB



 METRIC 
Avg CPU Cycles (per interval) : 185264053.00
EPT Cycles / Exec Cycles      : 0.0706
Memory Accesses (load+store)  : 62028804
Memory Access Rate (MAR)      : 620288.04 accesses/sample_interval(100ms)
RSS (Resident Set Size)       : 0.29 GB



 METRIC 
Avg CPU Cycles (per interval) : 185674105.40
EPT Cycles / Exec Cycles      : 0.0695
Memory Accesses (load+store)  : 62803026
Memory Access Rate (MAR)      : 628030.26 accesses/sample_interval(100ms)
RSS (Resident Set Size)       : 0.30 GB



 METRIC 
Avg CPU Cycles (per interval) : 184004170.10
EPT Cycles / Exec Cycles      : 0.0678
Memory Accesses (load+store)  : 63031854
Memory Access Rate (MAR)      : 630318.54 accesses/sample_interval(100ms)
RSS (Resident Set Size)       : 0.31 GB



 METRIC 
Avg CPU Cycles (per interval) : 184097897.20
EPT Cycles / Exec Cycles      : 0.0674
Memory Accesses (load+store)  : 63081847
Memory Access Rate (MAR)      : 630818.47 accesses/sample_interval(100ms)
RSS (Resident Set Size)       : 0.31 GB



 METRIC 
Avg CPU Cycles (per interval) : 185433014.80
EPT Cycles / Exec Cycles      : 0.0679
Memory Accesses (load+store)  : 63785599
Memory Access Rate (MAR)      : 637855.99 accesses/sample_interval(100ms)
RSS (Resident Set Size)       : 0.32 GB



 METRIC 
Avg CPU Cycles (per interval) : 186210333.35
EPT Cycles / Exec Cycles      : 0.0682
Memory Accesses (load+store)  : 64459883
Memory Access Rate (MAR)      : 644598.83 accesses/sample_interval(100ms)
RSS (Resident Set Size)       : 0.33 GB



 METRIC 
Avg CPU Cycles (per interval) : 186858700.80
EPT Cycles / Exec Cycles      : 0.0685
Memory Accesses (load+store)  : 64940409
Memory Access Rate (MAR)      : 649404.09 accesses/sample_interval(100ms)
RSS (Resident Set Size)       : 0.33 GB



 METRIC 
Avg CPU Cycles (per interval) : 187469697.95
EPT Cycles / Exec Cycles      : 0.0688
Memory Accesses (load+store)  : 65384507
Memory Access Rate (MAR)      : 653845.07 accesses/sample_interval(100ms)
RSS (Resident Set Size)       : 0.34 GB



 METRIC 
Avg CPU Cycles (per interval) : 185460385.40
EPT Cycles / Exec Cycles      : 0.0711
Memory Accesses (load+store)  : 64764193
Memory Access Rate (MAR)      : 647641.93 accesses/sample_interval(100ms)
RSS (Resident Set Size)       : 0.35 GB



 METRIC 
Avg CPU Cycles (per interval) : 186284837.20
EPT Cycles / Exec Cycles      : 0.0704
Memory Accesses (load+store)  : 65703170
Memory Access Rate (MAR)      : 657031.70 accesses/sample_interval(100ms)
RSS (Resident Set Size)       : 0.35 GB



 METRIC 
Avg CPU Cycles (per interval) : 186835442.35
EPT Cycles / Exec Cycles      : 0.0702
Memory Accesses (load+store)  : 65970976
Memory Access Rate (MAR)      : 659709.76 accesses/sample_interval(100ms)
RSS (Resident Set Size)       : 0.36 GB



 METRIC 
Avg CPU Cycles (per interval) : 188856107.05
EPT Cycles / Exec Cycles      : 0.0705
Memory Accesses (load+store)  : 66264967
Memory Access Rate (MAR)      : 662649.67 accesses/sample_interval(100ms)
RSS (Resident Set Size)       : 0.37 GB



 METRIC 
Avg CPU Cycles (per interval) : 190397190.40
EPT Cycles / Exec Cycles      : 0.0707
Memory Accesses (load+store)  : 66578104
Memory Access Rate (MAR)      : 665781.04 accesses/sample_interval(100ms)
RSS (Resident Set Size)       : 0.37 GB



 METRIC 
Avg CPU Cycles (per interval) : 190046409.80
EPT Cycles / Exec Cycles      : 0.0702
Memory Accesses (load+store)  : 66934758
Memory Access Rate (MAR)      : 669347.58 accesses/sample_interval(100ms)
RSS (Resident Set Size)       : 0.38 GB



 METRIC 
Avg CPU Cycles (per interval) : 191534445.85
EPT Cycles / Exec Cycles      : 0.0704
Memory Accesses (load+store)  : 67438934
Memory Access Rate (MAR)      : 674389.34 accesses/sample_interval(100ms)
RSS (Resident Set Size)       : 0.39 GB



 METRIC 
Avg CPU Cycles (per interval) : 191688715.55
EPT Cycles / Exec Cycles      : 0.0705
Memory Accesses (load+store)  : 67713152
Memory Access Rate (MAR)      : 677131.52 accesses/sample_interval(100ms)
RSS (Resident Set Size)       : 0.39 GB



 METRIC 
Avg CPU Cycles (per interval) : 191802096.50
EPT Cycles / Exec Cycles      : 0.0712
Memory Accesses (load+store)  : 67723866
Memory Access Rate (MAR)      : 677238.66 accesses/sample_interval(100ms)
RSS (Resident Set Size)       : 0.40 GB



 METRIC 
Avg CPU Cycles (per interval) : 191987954.75
EPT Cycles / Exec Cycles      : 0.0715
Memory Accesses (load+store)  : 67962946
Memory Access Rate (MAR)      : 679629.46 accesses/sample_interval(100ms)
RSS (Resident Set Size)       : 0.40 GB



 METRIC 
Avg CPU Cycles (per interval) : 191663860.30
EPT Cycles / Exec Cycles      : 0.0721
Memory Accesses (load+store)  : 67873526
Memory Access Rate (MAR)      : 678735.26 accesses/sample_interval(100ms)
RSS (Resident Set Size)       : 0.41 GB



 METRIC 
Avg CPU Cycles (per interval) : 192243967.95
EPT Cycles / Exec Cycles      : 0.0740
Memory Accesses (load+store)  : 67756183
Memory Access Rate (MAR)      : 677561.83 accesses/sample_interval(100ms)
RSS (Resident Set Size)       : 0.42 GB



 METRIC 
Avg CPU Cycles (per interval) : 192870010.60
EPT Cycles / Exec Cycles      : 0.0748
Memory Accesses (load+store)  : 67808766
Memory Access Rate (MAR)      : 678087.66 accesses/sample_interval(100ms)
RSS (Resident Set Size)       : 0.42 GB



 METRIC 
Avg CPU Cycles (per interval) : 193984587.10
EPT Cycles / Exec Cycles      : 0.0757
Memory Accesses (load+store)  : 67368270
Memory Access Rate (MAR)      : 673682.70 accesses/sample_interval(100ms)
RSS (Resident Set Size)       : 0.43 GB



 METRIC 
Avg CPU Cycles (per interval) : 195594138.65
EPT Cycles / Exec Cycles      : 0.0768
Memory Accesses (load+store)  : 67494594
Memory Access Rate (MAR)      : 674945.94 accesses/sample_interval(100ms)
RSS (Resident Set Size)       : 0.44 GB



 METRIC 
Avg CPU Cycles (per interval) : 198060038.65
EPT Cycles / Exec Cycles      : 0.0784
Memory Accesses (load+store)  : 67821270
Memory Access Rate (MAR)      : 678212.70 accesses/sample_interval(100ms)
RSS (Resident Set Size)       : 0.44 GB



 METRIC 
Avg CPU Cycles (per interval) : 199983431.30
EPT Cycles / Exec Cycles      : 0.0797
Memory Accesses (load+store)  : 67600446
Memory Access Rate (MAR)      : 676004.46 accesses/sample_interval(100ms)
RSS (Resident Set Size)       : 0.45 GB



 METRIC 
Avg CPU Cycles (per interval) : 201442101.00
EPT Cycles / Exec Cycles      : 0.0808
Memory Accesses (load+store)  : 67133512
Memory Access Rate (MAR)      : 671335.12 accesses/sample_interval(100ms)
RSS (Resident Set Size)       : 0.46 GB



 METRIC 
Avg CPU Cycles (per interval) : 203618990.05
EPT Cycles / Exec Cycles      : 0.0819
Memory Accesses (load+store)  : 67079579
Memory Access Rate (MAR)      : 670795.79 accesses/sample_interval(100ms)
RSS (Resident Set Size)       : 0.47 GB



 METRIC 
Avg CPU Cycles (per interval) : 207125494.55
EPT Cycles / Exec Cycles      : 0.0832
Memory Accesses (load+store)  : 67172514
Memory Access Rate (MAR)      : 671725.14 accesses/sample_interval(100ms)
RSS (Resident Set Size)       : 0.47 GB



 METRIC 
Avg CPU Cycles (per interval) : 208298138.40
EPT Cycles / Exec Cycles      : 0.0819
Memory Accesses (load+store)  : 67526154
Memory Access Rate (MAR)      : 675261.54 accesses/sample_interval(100ms)
RSS (Resident Set Size)       : 0.48 GB



 METRIC 
Avg CPU Cycles (per interval) : 205005503.65
EPT Cycles / Exec Cycles      : 0.0819
Memory Accesses (load+store)  : 66642059
Memory Access Rate (MAR)      : 666420.59 accesses/sample_interval(100ms)
RSS (Resident Set Size)       : 0.48 GB



 METRIC 
Avg CPU Cycles (per interval) : 201903307.45
EPT Cycles / Exec Cycles      : 0.0815
Memory Accesses (load+store)  : 66498932
Memory Access Rate (MAR)      : 664989.32 accesses/sample_interval(100ms)
RSS (Resident Set Size)       : 0.49 GB



 METRIC 
Avg CPU Cycles (per interval) : 198871546.10
EPT Cycles / Exec Cycles      : 0.0811
Memory Accesses (load+store)  : 66407850
Memory Access Rate (MAR)      : 664078.50 accesses/sample_interval(100ms)
RSS (Resident Set Size)       : 0.50 GB



 METRIC 
Avg CPU Cycles (per interval) : 194671942.65
EPT Cycles / Exec Cycles      : 0.0803
Memory Accesses (load+store)  : 65761496
Memory Access Rate (MAR)      : 657614.96 accesses/sample_interval(100ms)
RSS (Resident Set Size)       : 0.50 GB



 METRIC 
Avg CPU Cycles (per interval) : 193465764.25
EPT Cycles / Exec Cycles      : 0.0796
Memory Accesses (load+store)  : 65610288
Memory Access Rate (MAR)      : 656102.88 accesses/sample_interval(100ms)
RSS (Resident Set Size)       : 0.51 GB



 METRIC 
Avg CPU Cycles (per interval) : 192296483.90
EPT Cycles / Exec Cycles      : 0.0790
Memory Accesses (load+store)  : 65358695
Memory Access Rate (MAR)      : 653586.95 accesses/sample_interval(100ms)
RSS (Resident Set Size)       : 0.51 GB



 METRIC 
Avg CPU Cycles (per interval) : 190032291.80
EPT Cycles / Exec Cycles      : 0.0782
Memory Accesses (load+store)  : 64865733
Memory Access Rate (MAR)      : 648657.33 accesses/sample_interval(100ms)
RSS (Resident Set Size)       : 0.52 GB



 METRIC 
Avg CPU Cycles (per interval) : 188027897.75
EPT Cycles / Exec Cycles      : 0.0770
Memory Accesses (load+store)  : 64259242
Memory Access Rate (MAR)      : 642592.42 accesses/sample_interval(100ms)
RSS (Resident Set Size)       : 0.53 GB



 METRIC 
Avg CPU Cycles (per interval) : 186453919.00
EPT Cycles / Exec Cycles      : 0.0762
Memory Accesses (load+store)  : 63823004
Memory Access Rate (MAR)      : 638230.04 accesses/sample_interval(100ms)
RSS (Resident Set Size)       : 0.53 GB



 METRIC 
Avg CPU Cycles (per interval) : 189278927.45
EPT Cycles / Exec Cycles      : 0.0754
Memory Accesses (load+store)  : 65046656
Memory Access Rate (MAR)      : 650466.56 accesses/sample_interval(100ms)
RSS (Resident Set Size)       : 0.54 GB



 METRIC 
Avg CPU Cycles (per interval) : 188590697.60
EPT Cycles / Exec Cycles      : 0.0752
Memory Accesses (load+store)  : 64895172
Memory Access Rate (MAR)      : 648951.72 accesses/sample_interval(100ms)
RSS (Resident Set Size)       : 0.54 GB



 METRIC 
Avg CPU Cycles (per interval) : 188188514.00
EPT Cycles / Exec Cycles      : 0.0764
Memory Accesses (load+store)  : 64268877
Memory Access Rate (MAR)      : 642688.77 accesses/sample_interval(100ms)
RSS (Resident Set Size)       : 0.55 GB



 METRIC 
Avg CPU Cycles (per interval) : 188424808.25
EPT Cycles / Exec Cycles      : 0.0774
Memory Accesses (load+store)  : 64180641
Memory Access Rate (MAR)      : 641806.41 accesses/sample_interval(100ms)
RSS (Resident Set Size)       : 0.56 GB



 METRIC 
Avg CPU Cycles (per interval) : 186868618.10
EPT Cycles / Exec Cycles      : 0.0780
Memory Accesses (load+store)  : 63609043
Memory Access Rate (MAR)      : 636090.43 accesses/sample_interval(100ms)
RSS (Resident Set Size)       : 0.56 GB



 METRIC 
Avg CPU Cycles (per interval) : 185417888.55
EPT Cycles / Exec Cycles      : 0.0783
Memory Accesses (load+store)  : 63085904
Memory Access Rate (MAR)      : 630859.04 accesses/sample_interval(100ms)
RSS (Resident Set Size)       : 0.57 GB



 METRIC 
Avg CPU Cycles (per interval) : 182695354.10
EPT Cycles / Exec Cycles      : 0.0782
Memory Accesses (load+store)  : 62554240
Memory Access Rate (MAR)      : 625542.40 accesses/sample_interval(100ms)
RSS (Resident Set Size)       : 0.58 GB



 METRIC 
Avg CPU Cycles (per interval) : 181776900.70
EPT Cycles / Exec Cycles      : 0.0782
Memory Accesses (load+store)  : 62414060
Memory Access Rate (MAR)      : 624140.60 accesses/sample_interval(100ms)
RSS (Resident Set Size)       : 0.58 GB



 METRIC 
Avg CPU Cycles (per interval) : 180772208.05
EPT Cycles / Exec Cycles      : 0.0775
Memory Accesses (load+store)  : 62368549
Memory Access Rate (MAR)      : 623685.49 accesses/sample_interval(100ms)
RSS (Resident Set Size)       : 0.59 GB



 METRIC 
Avg CPU Cycles (per interval) : 178715452.85
EPT Cycles / Exec Cycles      : 0.0770
Memory Accesses (load+store)  : 62148641
Memory Access Rate (MAR)      : 621486.41 accesses/sample_interval(100ms)
RSS (Resident Set Size)       : 0.60 GB



 METRIC 
Avg CPU Cycles (per interval) : 177707391.90
EPT Cycles / Exec Cycles      : 0.0790
Memory Accesses (load+store)  : 61637923
Memory Access Rate (MAR)      : 616379.23 accesses/sample_interval(100ms)
RSS (Resident Set Size)       : 0.61 GB



 METRIC 
Avg CPU Cycles (per interval) : 181269740.60
EPT Cycles / Exec Cycles      : 0.0795
Memory Accesses (load+store)  : 62534690
Memory Access Rate (MAR)      : 625346.91 accesses/sample_interval(100ms)
RSS (Resident Set Size)       : 0.61 GB



 METRIC 
Avg CPU Cycles (per interval) : 185015957.25
EPT Cycles / Exec Cycles      : 0.0805
Memory Accesses (load+store)  : 63212729
Memory Access Rate (MAR)      : 632127.29 accesses/sample_interval(100ms)
RSS (Resident Set Size)       : 0.62 GB



 METRIC 
Avg CPU Cycles (per interval) : 188755811.55
EPT Cycles / Exec Cycles      : 0.0816
Memory Accesses (load+store)  : 63864548
Memory Access Rate (MAR)      : 638645.48 accesses/sample_interval(100ms)
RSS (Resident Set Size)       : 0.62 GB



 METRIC 
Avg CPU Cycles (per interval) : 191934175.35
EPT Cycles / Exec Cycles      : 0.0825
Memory Accesses (load+store)  : 64729339
Memory Access Rate (MAR)      : 647293.39 accesses/sample_interval(100ms)
RSS (Resident Set Size)       : 0.63 GB



 METRIC 
Avg CPU Cycles (per interval) : 193606473.95
EPT Cycles / Exec Cycles      : 0.0839
Memory Accesses (load+store)  : 65109962
Memory Access Rate (MAR)      : 651099.62 accesses/sample_interval(100ms)
RSS (Resident Set Size)       : 0.64 GB



 METRIC 
Avg CPU Cycles (per interval) : 195783154.65
EPT Cycles / Exec Cycles      : 0.0857
Memory Accesses (load+store)  : 65331743
Memory Access Rate (MAR)      : 653317.43 accesses/sample_interval(100ms)
RSS (Resident Set Size)       : 0.65 GB



 METRIC 
Avg CPU Cycles (per interval) : 197509270.90
EPT Cycles / Exec Cycles      : 0.0864
Memory Accesses (load+store)  : 65364280
Memory Access Rate (MAR)      : 653642.80 accesses/sample_interval(100ms)
RSS (Resident Set Size)       : 0.65 GB



 METRIC 
Avg CPU Cycles (per interval) : 200183293.20
EPT Cycles / Exec Cycles      : 0.0877
Memory Accesses (load+store)  : 65615641
Memory Access Rate (MAR)      : 656156.41 accesses/sample_interval(100ms)
RSS (Resident Set Size)       : 0.66 GB



 METRIC 
Avg CPU Cycles (per interval) : 201246976.70
EPT Cycles / Exec Cycles      : 0.0884
Memory Accesses (load+store)  : 65705292
Memory Access Rate (MAR)      : 657052.92 accesses/sample_interval(100ms)
RSS (Resident Set Size)       : 0.66 GB



 METRIC 
Avg CPU Cycles (per interval) : 199565908.95
EPT Cycles / Exec Cycles      : 0.0900
Memory Accesses (load+store)  : 64760372
Memory Access Rate (MAR)      : 647603.72 accesses/sample_interval(100ms)
RSS (Resident Set Size)       : 0.67 GB



 METRIC 
Avg CPU Cycles (per interval) : 201422799.30
EPT Cycles / Exec Cycles      : 0.0899
Memory Accesses (load+store)  : 65412892
Memory Access Rate (MAR)      : 654128.92 accesses/sample_interval(100ms)
RSS (Resident Set Size)       : 0.68 GB



 METRIC 
Avg CPU Cycles (per interval) : 203232992.70
EPT Cycles / Exec Cycles      : 0.0898
Memory Accesses (load+store)  : 66126055
Memory Access Rate (MAR)      : 661260.55 accesses/sample_interval(100ms)
RSS (Resident Set Size)       : 0.68 GB



 METRIC 
Avg CPU Cycles (per interval) : 203541945.70
EPT Cycles / Exec Cycles      : 0.0895
Memory Accesses (load+store)  : 66571768
Memory Access Rate (MAR)      : 665717.68 accesses/sample_interval(100ms)
RSS (Resident Set Size)       : 0.69 GB



 METRIC 
Avg CPU Cycles (per interval) : 205029001.95
EPT Cycles / Exec Cycles      : 0.0894
Memory Accesses (load+store)  : 67138858
Memory Access Rate (MAR)      : 671388.58 accesses/sample_interval(100ms)
RSS (Resident Set Size)       : 0.70 GB



 METRIC 
Avg CPU Cycles (per interval) : 205966456.35
EPT Cycles / Exec Cycles      : 0.0891
Memory Accesses (load+store)  : 67901268
Memory Access Rate (MAR)      : 679012.68 accesses/sample_interval(100ms)
RSS (Resident Set Size)       : 0.70 GB



 METRIC 
Avg CPU Cycles (per interval) : 207791809.70
EPT Cycles / Exec Cycles      : 0.0890
Memory Accesses (load+store)  : 68860563
Memory Access Rate (MAR)      : 688605.63 accesses/sample_interval(100ms)
RSS (Resident Set Size)       : 0.71 GB



 METRIC 
Avg CPU Cycles (per interval) : 208117246.05
EPT Cycles / Exec Cycles      : 0.0898
Memory Accesses (load+store)  : 69079675
Memory Access Rate (MAR)      : 690796.75 accesses/sample_interval(100ms)
RSS (Resident Set Size)       : 0.72 GB



 METRIC 
Avg CPU Cycles (per interval) : 208025163.00
EPT Cycles / Exec Cycles      : 0.0905
Memory Accesses (load+store)  : 69308302
Memory Access Rate (MAR)      : 693083.02 accesses/sample_interval(100ms)
RSS (Resident Set Size)       : 0.72 GB



 METRIC 
Avg CPU Cycles (per interval) : 208089919.10
EPT Cycles / Exec Cycles      : 0.0911
Memory Accesses (load+store)  : 69453994
Memory Access Rate (MAR)      : 694539.94 accesses/sample_interval(100ms)
RSS (Resident Set Size)       : 0.73 GB



 METRIC 
Avg CPU Cycles (per interval) : 207982839.00
EPT Cycles / Exec Cycles      : 0.0923
Memory Accesses (load+store)  : 69058762
Memory Access Rate (MAR)      : 690587.62 accesses/sample_interval(100ms)
RSS (Resident Set Size)       : 0.74 GB



 METRIC 
Avg CPU Cycles (per interval) : 208196776.55
EPT Cycles / Exec Cycles      : 0.0933
Memory Accesses (load+store)  : 68453294
Memory Access Rate (MAR)      : 684532.94 accesses/sample_interval(100ms)
RSS (Resident Set Size)       : 0.74 GB



 METRIC 
Avg CPU Cycles (per interval) : 207617824.45
EPT Cycles / Exec Cycles      : 0.0929
Memory Accesses (load+store)  : 68209608
Memory Access Rate (MAR)      : 682096.08 accesses/sample_interval(100ms)
RSS (Resident Set Size)       : 0.75 GB



 METRIC 
Avg CPU Cycles (per interval) : 206454616.55
EPT Cycles / Exec Cycles      : 0.0920
Memory Accesses (load+store)  : 67729631
Memory Access Rate (MAR)      : 677296.31 accesses/sample_interval(100ms)
RSS (Resident Set Size)       : 0.75 GB



 METRIC 
Avg CPU Cycles (per interval) : 205080083.90
EPT Cycles / Exec Cycles      : 0.0912
Memory Accesses (load+store)  : 67420770
Memory Access Rate (MAR)      : 674207.70 accesses/sample_interval(100ms)
RSS (Resident Set Size)       : 0.76 GB



 METRIC 
Avg CPU Cycles (per interval) : 202860488.90
EPT Cycles / Exec Cycles      : 0.0902
Memory Accesses (load+store)  : 67040125
Memory Access Rate (MAR)      : 670401.25 accesses/sample_interval(100ms)
RSS (Resident Set Size)       : 0.76 GB



 METRIC 
Avg CPU Cycles (per interval) : 200839914.60
EPT Cycles / Exec Cycles      : 0.0888
Memory Accesses (load+store)  : 66632406
Memory Access Rate (MAR)      : 666324.06 accesses/sample_interval(100ms)
RSS (Resident Set Size)       : 0.77 GB



 METRIC 
Avg CPU Cycles (per interval) : 199458482.85
EPT Cycles / Exec Cycles      : 0.0882
Memory Accesses (load+store)  : 66597117
Memory Access Rate (MAR)      : 665971.17 accesses/sample_interval(100ms)
RSS (Resident Set Size)       : 0.77 GB



 METRIC 
Avg CPU Cycles (per interval) : 197200216.35
EPT Cycles / Exec Cycles      : 0.0868
Memory Accesses (load+store)  : 66569019
Memory Access Rate (MAR)      : 665690.19 accesses/sample_interval(100ms)
RSS (Resident Set Size)       : 0.78 GB



 METRIC 
Avg CPU Cycles (per interval) : 196316820.75
EPT Cycles / Exec Cycles      : 0.0859
Memory Accesses (load+store)  : 66503308
Memory Access Rate (MAR)      : 665033.08 accesses/sample_interval(100ms)
RSS (Resident Set Size)       : 0.78 GB



 METRIC 
Avg CPU Cycles (per interval) : 195501324.75
EPT Cycles / Exec Cycles      : 0.0843
Memory Accesses (load+store)  : 67002427
Memory Access Rate (MAR)      : 670024.27 accesses/sample_interval(100ms)
RSS (Resident Set Size)       : 0.79 GB



 METRIC 
Avg CPU Cycles (per interval) : 192539368.35
EPT Cycles / Exec Cycles      : 0.0838
Memory Accesses (load+store)  : 66661570
Memory Access Rate (MAR)      : 666615.69 accesses/sample_interval(100ms)
RSS (Resident Set Size)       : 0.80 GB



 METRIC 
Avg CPU Cycles (per interval) : 189270911.80
EPT Cycles / Exec Cycles      : 0.0828
Memory Accesses (load+store)  : 66371515
Memory Access Rate (MAR)      : 663715.15 accesses/sample_interval(100ms)
RSS (Resident Set Size)       : 0.81 GB



 METRIC 
Avg CPU Cycles (per interval) : 186461125.90
EPT Cycles / Exec Cycles      : 0.0820
Memory Accesses (load+store)  : 66217468
Memory Access Rate (MAR)      : 662174.68 accesses/sample_interval(100ms)
RSS (Resident Set Size)       : 0.81 GB



 METRIC 
Avg CPU Cycles (per interval) : 184582090.20
EPT Cycles / Exec Cycles      : 0.0808
Memory Accesses (load+store)  : 66151547
Memory Access Rate (MAR)      : 661515.47 accesses/sample_interval(100ms)
RSS (Resident Set Size)       : 0.82 GB



 METRIC 
Avg CPU Cycles (per interval) : 182623535.65
EPT Cycles / Exec Cycles      : 0.0796
Memory Accesses (load+store)  : 65439681
Memory Access Rate (MAR)      : 654396.81 accesses/sample_interval(100ms)
RSS (Resident Set Size)       : 0.83 GB



 METRIC 
Avg CPU Cycles (per interval) : 181089297.45
EPT Cycles / Exec Cycles      : 0.0786
Memory Accesses (load+store)  : 64795264
Memory Access Rate (MAR)      : 647952.64 accesses/sample_interval(100ms)
RSS (Resident Set Size)       : 0.83 GB



 METRIC 
Avg CPU Cycles (per interval) : 179552419.90
EPT Cycles / Exec Cycles      : 0.0768
Memory Accesses (load+store)  : 64534748
Memory Access Rate (MAR)      : 645347.48 accesses/sample_interval(100ms)
RSS (Resident Set Size)       : 0.84 GB



 METRIC 
Avg CPU Cycles (per interval) : 178029324.10
EPT Cycles / Exec Cycles      : 0.0757
Memory Accesses (load+store)  : 64061921
Memory Access Rate (MAR)      : 640619.21 accesses/sample_interval(100ms)
RSS (Resident Set Size)       : 0.84 GB



 METRIC 
Avg CPU Cycles (per interval) : 176709576.35
EPT Cycles / Exec Cycles      : 0.0740
Memory Accesses (load+store)  : 64004973
Memory Access Rate (MAR)      : 640049.73 accesses/sample_interval(100ms)
RSS (Resident Set Size)       : 0.85 GB



 METRIC 
Avg CPU Cycles (per interval) : 177100118.50
EPT Cycles / Exec Cycles      : 0.0707
Memory Accesses (load+store)  : 64951582
Memory Access Rate (MAR)      : 649515.82 accesses/sample_interval(100ms)
RSS (Resident Set Size)       : 0.85 GB



 METRIC 
Avg CPU Cycles (per interval) : 173311494.05
EPT Cycles / Exec Cycles      : 0.0688
Memory Accesses (load+store)  : 64611544
Memory Access Rate (MAR)      : 646115.44 accesses/sample_interval(100ms)
RSS (Resident Set Size)       : 0.86 GB



 METRIC 
Avg CPU Cycles (per interval) : 170270588.00
EPT Cycles / Exec Cycles      : 0.0684
Memory Accesses (load+store)  : 63898454
Memory Access Rate (MAR)      : 638984.54 accesses/sample_interval(100ms)
RSS (Resident Set Size)       : 0.87 GB



 METRIC 
Avg CPU Cycles (per interval) : 168065779.40
EPT Cycles / Exec Cycles      : 0.0688
Memory Accesses (load+store)  : 63615481
Memory Access Rate (MAR)      : 636154.81 accesses/sample_interval(100ms)
RSS (Resident Set Size)       : 0.87 GB



 METRIC 
Avg CPU Cycles (per interval) : 166399880.75
EPT Cycles / Exec Cycles      : 0.0693
Memory Accesses (load+store)  : 63023429
Memory Access Rate (MAR)      : 630234.29 accesses/sample_interval(100ms)
RSS (Resident Set Size)       : 0.88 GB



 METRIC 
Avg CPU Cycles (per interval) : 165094643.30
EPT Cycles / Exec Cycles      : 0.0698
Memory Accesses (load+store)  : 62539781
Memory Access Rate (MAR)      : 625397.81 accesses/sample_interval(100ms)
RSS (Resident Set Size)       : 0.89 GB



 METRIC 
Avg CPU Cycles (per interval) : 163628806.20
EPT Cycles / Exec Cycles      : 0.0704
Memory Accesses (load+store)  : 62265809
Memory Access Rate (MAR)      : 622658.09 accesses/sample_interval(100ms)
RSS (Resident Set Size)       : 0.89 GB



 METRIC 
Avg CPU Cycles (per interval) : 163201488.50
EPT Cycles / Exec Cycles      : 0.0706
Memory Accesses (load+store)  : 62046338
Memory Access Rate (MAR)      : 620463.38 accesses/sample_interval(100ms)
RSS (Resident Set Size)       : 0.90 GB



 METRIC 
Avg CPU Cycles (per interval) : 162753510.85
EPT Cycles / Exec Cycles      : 0.0707
Memory Accesses (load+store)  : 61933657
Memory Access Rate (MAR)      : 619336.57 accesses/sample_interval(100ms)
RSS (Resident Set Size)       : 0.90 GB



 METRIC 
Avg CPU Cycles (per interval) : 162439785.35
EPT Cycles / Exec Cycles      : 0.0711
Memory Accesses (load+store)  : 61814973
Memory Access Rate (MAR)      : 618149.73 accesses/sample_interval(100ms)
RSS (Resident Set Size)       : 0.91 GB



 METRIC 
Avg CPU Cycles (per interval) : 161678426.25
EPT Cycles / Exec Cycles      : 0.0716
Memory Accesses (load+store)  : 61096426
Memory Access Rate (MAR)      : 610964.26 accesses/sample_interval(100ms)
RSS (Resident Set Size)       : 0.92 GB



 METRIC 
Avg CPU Cycles (per interval) : 162596201.55
EPT Cycles / Exec Cycles      : 0.0713
Memory Accesses (load+store)  : 60959885
Memory Access Rate (MAR)      : 609598.85 accesses/sample_interval(100ms)
RSS (Resident Set Size)       : 0.92 GB



 METRIC 
Avg CPU Cycles (per interval) : 164380794.10
EPT Cycles / Exec Cycles      : 0.0712
Memory Accesses (load+store)  : 61126371
Memory Access Rate (MAR)      : 611263.71 accesses/sample_interval(100ms)
RSS (Resident Set Size)       : 0.93 GB



 METRIC 
Avg CPU Cycles (per interval) : 165866308.95
EPT Cycles / Exec Cycles      : 0.0712
Memory Accesses (load+store)  : 61072127
Memory Access Rate (MAR)      : 610721.27 accesses/sample_interval(100ms)
RSS (Resident Set Size)       : 0.94 GB



 METRIC 
Avg CPU Cycles (per interval) : 166514871.65
EPT Cycles / Exec Cycles      : 0.0717
Memory Accesses (load+store)  : 60963968
Memory Access Rate (MAR)      : 609639.68 accesses/sample_interval(100ms)
RSS (Resident Set Size)       : 0.94 GB



 METRIC 
Avg CPU Cycles (per interval) : 166788016.70
EPT Cycles / Exec Cycles      : 0.0721
Memory Accesses (load+store)  : 61084045
Memory Access Rate (MAR)      : 610840.45 accesses/sample_interval(100ms)
RSS (Resident Set Size)       : 0.95 GB



 METRIC 
Avg CPU Cycles (per interval) : 167056836.60
EPT Cycles / Exec Cycles      : 0.0722
Memory Accesses (load+store)  : 61156681
Memory Access Rate (MAR)      : 611566.81 accesses/sample_interval(100ms)
RSS (Resident Set Size)       : 0.95 GB



 METRIC 
Avg CPU Cycles (per interval) : 167178302.95
EPT Cycles / Exec Cycles      : 0.0723
Memory Accesses (load+store)  : 61095494
Memory Access Rate (MAR)      : 610954.94 accesses/sample_interval(100ms)
RSS (Resident Set Size)       : 0.96 GB



 METRIC 
Avg CPU Cycles (per interval) : 167819198.45
EPT Cycles / Exec Cycles      : 0.0726
Memory Accesses (load+store)  : 61219364
Memory Access Rate (MAR)      : 612193.64 accesses/sample_interval(100ms)
RSS (Resident Set Size)       : 0.97 GB



 METRIC 
Avg CPU Cycles (per interval) : 167033284.15
EPT Cycles / Exec Cycles      : 0.0730
Memory Accesses (load+store)  : 60776185
Memory Access Rate (MAR)      : 607761.85 accesses/sample_interval(100ms)
RSS (Resident Set Size)       : 0.97 GB



 METRIC 
Avg CPU Cycles (per interval) : 165489949.85
EPT Cycles / Exec Cycles      : 0.0748
Memory Accesses (load+store)  : 60259531
Memory Access Rate (MAR)      : 602595.31 accesses/sample_interval(100ms)
RSS (Resident Set Size)       : 0.98 GB



 METRIC 
Avg CPU Cycles (per interval) : 167512641.70
EPT Cycles / Exec Cycles      : 0.0747
Memory Accesses (load+store)  : 61115168
Memory Access Rate (MAR)      : 611151.68 accesses/sample_interval(100ms)
RSS (Resident Set Size)       : 0.98 GB



 METRIC 
Avg CPU Cycles (per interval) : 169128487.65
EPT Cycles / Exec Cycles      : 0.0746
Memory Accesses (load+store)  : 61778632
Memory Access Rate (MAR)      : 617786.32 accesses/sample_interval(100ms)
RSS (Resident Set Size)       : 0.99 GB



 METRIC 
Avg CPU Cycles (per interval) : 171031598.25
EPT Cycles / Exec Cycles      : 0.0742
Memory Accesses (load+store)  : 62591832
Memory Access Rate (MAR)      : 625918.32 accesses/sample_interval(100ms)
RSS (Resident Set Size)       : 1.00 GB



 METRIC 
Avg CPU Cycles (per interval) : 173106935.30
EPT Cycles / Exec Cycles      : 0.0740
Memory Accesses (load+store)  : 63444361
Memory Access Rate (MAR)      : 634443.61 accesses/sample_interval(100ms)
RSS (Resident Set Size)       : 1.01 GB



 METRIC 
Avg CPU Cycles (per interval) : 175148075.00
EPT Cycles / Exec Cycles      : 0.0737
Memory Accesses (load+store)  : 64336604
Memory Access Rate (MAR)      : 643366.04 accesses/sample_interval(100ms)
RSS (Resident Set Size)       : 1.01 GB



 METRIC 
Avg CPU Cycles (per interval) : 176782349.85
EPT Cycles / Exec Cycles      : 0.0734
Memory Accesses (load+store)  : 65001524
Memory Access Rate (MAR)      : 650015.24 accesses/sample_interval(100ms)
RSS (Resident Set Size)       : 1.02 GB



 METRIC 
Avg CPU Cycles (per interval) : 177945362.85
EPT Cycles / Exec Cycles      : 0.0737
Memory Accesses (load+store)  : 65780158
Memory Access Rate (MAR)      : 657801.58 accesses/sample_interval(100ms)
RSS (Resident Set Size)       : 1.02 GB



 METRIC 
Avg CPU Cycles (per interval) : 179156722.45
EPT Cycles / Exec Cycles      : 0.0747
Memory Accesses (load+store)  : 66308074
Memory Access Rate (MAR)      : 663080.74 accesses/sample_interval(100ms)
RSS (Resident Set Size)       : 1.02 GB



 METRIC 
Avg CPU Cycles (per interval) : 181445696.30
EPT Cycles / Exec Cycles      : 0.0757
Memory Accesses (load+store)  : 67072554
Memory Access Rate (MAR)      : 670725.54 accesses/sample_interval(100ms)
RSS (Resident Set Size)       : 1.02 GB



 METRIC 
Avg CPU Cycles (per interval) : 182232488.10
EPT Cycles / Exec Cycles      : 0.0779
Memory Accesses (load+store)  : 67100152
Memory Access Rate (MAR)      : 671001.52 accesses/sample_interval(100ms)
RSS (Resident Set Size)       : 1.02 GB



 METRIC 
Avg CPU Cycles (per interval) : 183766631.25
EPT Cycles / Exec Cycles      : 0.0798
Memory Accesses (load+store)  : 67220775
Memory Access Rate (MAR)      : 672207.75 accesses/sample_interval(100ms)
RSS (Resident Set Size)       : 1.02 GB



 METRIC 
Avg CPU Cycles (per interval) : 184334969.55
EPT Cycles / Exec Cycles      : 0.0805
Memory Accesses (load+store)  : 66679146
Memory Access Rate (MAR)      : 666791.46 accesses/sample_interval(100ms)
RSS (Resident Set Size)       : 1.02 GB



 METRIC 
Avg CPU Cycles (per interval) : 185756989.70
EPT Cycles / Exec Cycles      : 0.0814
Memory Accesses (load+store)  : 66452756
Memory Access Rate (MAR)      : 664527.56 accesses/sample_interval(100ms)
RSS (Resident Set Size)       : 1.02 GB



 METRIC 
Avg CPU Cycles (per interval) : 187501927.50
EPT Cycles / Exec Cycles      : 0.0822
Memory Accesses (load+store)  : 66351957
Memory Access Rate (MAR)      : 663519.57 accesses/sample_interval(100ms)
RSS (Resident Set Size)       : 1.02 GB



 METRIC 
Avg CPU Cycles (per interval) : 189712993.55
EPT Cycles / Exec Cycles      : 0.0831
Memory Accesses (load+store)  : 66310219
Memory Access Rate (MAR)      : 663102.19 accesses/sample_interval(100ms)
RSS (Resident Set Size)       : 1.02 GB



 METRIC 
Avg CPU Cycles (per interval) : 191654568.85
EPT Cycles / Exec Cycles      : 0.0840
Memory Accesses (load+store)  : 66228515
Memory Access Rate (MAR)      : 662285.15 accesses/sample_interval(100ms)
RSS (Resident Set Size)       : 1.02 GB



 METRIC 
Avg CPU Cycles (per interval) : 193019004.20
EPT Cycles / Exec Cycles      : 0.0845
Memory Accesses (load+store)  : 66337881
Memory Access Rate (MAR)      : 663378.81 accesses/sample_interval(100ms)
RSS (Resident Set Size)       : 1.02 GB



 METRIC 
Avg CPU Cycles (per interval) : 194407264.40
EPT Cycles / Exec Cycles      : 0.0856
Memory Accesses (load+store)  : 66586933
Memory Access Rate (MAR)      : 665869.33 accesses/sample_interval(100ms)
RSS (Resident Set Size)       : 1.02 GB



 METRIC 
Avg CPU Cycles (per interval) : 197151611.85
EPT Cycles / Exec Cycles      : 0.0855
Memory Accesses (load+store)  : 66940912
Memory Access Rate (MAR)      : 669409.12 accesses/sample_interval(100ms)
RSS (Resident Set Size)       : 1.02 GB



 METRIC 
Avg CPU Cycles (per interval) : 198295884.55
EPT Cycles / Exec Cycles      : 0.0862
Memory Accesses (load+store)  : 66551157
Memory Access Rate (MAR)      : 665511.57 accesses/sample_interval(100ms)
RSS (Resident Set Size)       : 1.02 GB



 METRIC 
Avg CPU Cycles (per interval) : 199188579.10
EPT Cycles / Exec Cycles      : 0.0877
Memory Accesses (load+store)  : 65892898
Memory Access Rate (MAR)      : 658928.98 accesses/sample_interval(100ms)
RSS (Resident Set Size)       : 1.03 GB



 METRIC 
Avg CPU Cycles (per interval) : 199749259.40
EPT Cycles / Exec Cycles      : 0.0888
Memory Accesses (load+store)  : 65438907
Memory Access Rate (MAR)      : 654389.07 accesses/sample_interval(100ms)
RSS (Resident Set Size)       : 1.03 GB



 METRIC 
Avg CPU Cycles (per interval) : 200432161.15
EPT Cycles / Exec Cycles      : 0.0899
Memory Accesses (load+store)  : 64804944
Memory Access Rate (MAR)      : 648049.44 accesses/sample_interval(100ms)
RSS (Resident Set Size)       : 1.03 GB



 METRIC 
Avg CPU Cycles (per interval) : 201630433.55
EPT Cycles / Exec Cycles      : 0.0908
Memory Accesses (load+store)  : 64451653
Memory Access Rate (MAR)      : 644516.53 accesses/sample_interval(100ms)
RSS (Resident Set Size)       : 1.03 GB



 METRIC 
Avg CPU Cycles (per interval) : 202352587.25
EPT Cycles / Exec Cycles      : 0.0913
Memory Accesses (load+store)  : 63622779
Memory Access Rate (MAR)      : 636227.79 accesses/sample_interval(100ms)
RSS (Resident Set Size)       : 1.03 GB



 METRIC 
Avg CPU Cycles (per interval) : 203473190.95
EPT Cycles / Exec Cycles      : 0.0920
Memory Accesses (load+store)  : 63156111
Memory Access Rate (MAR)      : 631561.11 accesses/sample_interval(100ms)
RSS (Resident Set Size)       : 1.03 GB



 METRIC 
Avg CPU Cycles (per interval) : 204064364.60
EPT Cycles / Exec Cycles      : 0.0925
Memory Accesses (load+store)  : 62241908
Memory Access Rate (MAR)      : 622419.08 accesses/sample_interval(100ms)
RSS (Resident Set Size)       : 1.03 GB



 METRIC 
Avg CPU Cycles (per interval) : 204401197.25
EPT Cycles / Exec Cycles      : 0.0926
Memory Accesses (load+store)  : 61482377
Memory Access Rate (MAR)      : 614823.77 accesses/sample_interval(100ms)
RSS (Resident Set Size)       : 1.03 GB



 METRIC 
Avg CPU Cycles (per interval) : 204759967.00
EPT Cycles / Exec Cycles      : 0.0923
Memory Accesses (load+store)  : 61011045
Memory Access Rate (MAR)      : 610110.45 accesses/sample_interval(100ms)
RSS (Resident Set Size)       : 1.03 GB



 METRIC 
Avg CPU Cycles (per interval) : 206411576.40
EPT Cycles / Exec Cycles      : 0.0904
Memory Accesses (load+store)  : 61438594
Memory Access Rate (MAR)      : 614385.94 accesses/sample_interval(100ms)
RSS (Resident Set Size)       : 1.03 GB



 METRIC 
Avg CPU Cycles (per interval) : 205261156.85
EPT Cycles / Exec Cycles      : 0.0905
Memory Accesses (load+store)  : 61316986
Memory Access Rate (MAR)      : 613169.86 accesses/sample_interval(100ms)
RSS (Resident Set Size)       : 1.03 GB



 METRIC 
Avg CPU Cycles (per interval) : 204456298.35
EPT Cycles / Exec Cycles      : 0.0915
Memory Accesses (load+store)  : 61514264
Memory Access Rate (MAR)      : 615142.64 accesses/sample_interval(100ms)
RSS (Resident Set Size)       : 1.03 GB



 METRIC 
Avg CPU Cycles (per interval) : 202464131.65
EPT Cycles / Exec Cycles      : 0.0919
Memory Accesses (load+store)  : 61627852
Memory Access Rate (MAR)      : 616278.52 accesses/sample_interval(100ms)
RSS (Resident Set Size)       : 1.03 GB



 METRIC 
Avg CPU Cycles (per interval) : 201276251.65
EPT Cycles / Exec Cycles      : 0.0922
Memory Accesses (load+store)  : 61797034
Memory Access Rate (MAR)      : 617970.34 accesses/sample_interval(100ms)
RSS (Resident Set Size)       : 1.03 GB



 METRIC 
Avg CPU Cycles (per interval) : 200284740.00
EPT Cycles / Exec Cycles      : 0.0920
Memory Accesses (load+store)  : 62301496
Memory Access Rate (MAR)      : 623014.96 accesses/sample_interval(100ms)
RSS (Resident Set Size)       : 1.03 GB



 METRIC 
Avg CPU Cycles (per interval) : 200130041.50
EPT Cycles / Exec Cycles      : 0.0924
Memory Accesses (load+store)  : 62781190
Memory Access Rate (MAR)      : 627811.90 accesses/sample_interval(100ms)
RSS (Resident Set Size)       : 1.03 GB



 METRIC 
Avg CPU Cycles (per interval) : 200591224.85
EPT Cycles / Exec Cycles      : 0.0927
Memory Accesses (load+store)  : 63036213
Memory Access Rate (MAR)      : 630362.13 accesses/sample_interval(100ms)
RSS (Resident Set Size)       : 1.03 GB



 METRIC 
Avg CPU Cycles (per interval) : 201002898.35
EPT Cycles / Exec Cycles      : 0.0930
Memory Accesses (load+store)  : 62928455
Memory Access Rate (MAR)      : 629284.55 accesses/sample_interval(100ms)
RSS (Resident Set Size)       : 1.03 GB



 METRIC 
Avg CPU Cycles (per interval) : 201665815.75
EPT Cycles / Exec Cycles      : 0.0935
Memory Accesses (load+store)  : 63315596
Memory Access Rate (MAR)      : 633155.96 accesses/sample_interval(100ms)
RSS (Resident Set Size)       : 1.03 GB



 METRIC 
Avg CPU Cycles (per interval) : 202746267.90
EPT Cycles / Exec Cycles      : 0.0925
Memory Accesses (load+store)  : 64270123
Memory Access Rate (MAR)      : 642701.23 accesses/sample_interval(100ms)
RSS (Resident Set Size)       : 1.03 GB



 METRIC 
Avg CPU Cycles (per interval) : 202451560.55
EPT Cycles / Exec Cycles      : 0.0930
Memory Accesses (load+store)  : 64377007
Memory Access Rate (MAR)      : 643770.07 accesses/sample_interval(100ms)
RSS (Resident Set Size)       : 1.03 GB



 METRIC 
Avg CPU Cycles (per interval) : 202233598.25
EPT Cycles / Exec Cycles      : 0.0936
Memory Accesses (load+store)  : 64416807
Memory Access Rate (MAR)      : 644168.07 accesses/sample_interval(100ms)
RSS (Resident Set Size)       : 1.03 GB



 METRIC 
Avg CPU Cycles (per interval) : 201459928.80
EPT Cycles / Exec Cycles      : 0.0944
Memory Accesses (load+store)  : 64393059
Memory Access Rate (MAR)      : 643930.59 accesses/sample_interval(100ms)
RSS (Resident Set Size)       : 1.03 GB



 METRIC 
Avg CPU Cycles (per interval) : 200211577.35
EPT Cycles / Exec Cycles      : 0.0950
Memory Accesses (load+store)  : 64232949
Memory Access Rate (MAR)      : 642329.49 accesses/sample_interval(100ms)
RSS (Resident Set Size)       : 1.03 GB



 METRIC 
Avg CPU Cycles (per interval) : 200950194.50
EPT Cycles / Exec Cycles      : 0.0967
Memory Accesses (load+store)  : 64545749
Memory Access Rate (MAR)      : 645457.49 accesses/sample_interval(100ms)
RSS (Resident Set Size)       : 1.03 GB



 METRIC 
Avg CPU Cycles (per interval) : 200840487.30
EPT Cycles / Exec Cycles      : 0.0970
Memory Accesses (load+store)  : 64745080
Memory Access Rate (MAR)      : 647450.80 accesses/sample_interval(100ms)
RSS (Resident Set Size)       : 1.03 GB



 METRIC 
Avg CPU Cycles (per interval) : 200688201.25
EPT Cycles / Exec Cycles      : 0.0973
Memory Accesses (load+store)  : 65086420
Memory Access Rate (MAR)      : 650864.20 accesses/sample_interval(100ms)
RSS (Resident Set Size)       : 1.03 GB



 METRIC 
Avg CPU Cycles (per interval) : 200496121.60
EPT Cycles / Exec Cycles      : 0.0998
Memory Accesses (load+store)  : 64675508
Memory Access Rate (MAR)      : 646755.08 accesses/sample_interval(100ms)
RSS (Resident Set Size)       : 1.03 GB



 METRIC 
Avg CPU Cycles (per interval) : 198721528.05
EPT Cycles / Exec Cycles      : 0.1050
Memory Accesses (load+store)  : 62325710
Memory Access Rate (MAR)      : 623257.10 accesses/sample_interval(100ms)
RSS (Resident Set Size)       : 1.04 GB


=========== ACTION : ENABLE TPT ===========

 METRIC 
Avg CPU Cycles (per interval) : 197675330.65
EPT Cycles / Exec Cycles      : 0.1079
Memory Accesses (load+store)  : 61123471
Memory Access Rate (MAR)      : 611234.71 accesses/sample_interval(100ms)
RSS (Resident Set Size)       : 1.04 GB


=========== ACTION : ENABLE TPT ===========

 METRIC 
Avg CPU Cycles (per interval) : 200043077.70
EPT Cycles / Exec Cycles      : 0.1127
Memory Accesses (load+store)  : 59105573
Memory Access Rate (MAR)      : 591055.73 accesses/sample_interval(100ms)
RSS (Resident Set Size)       : 1.04 GB


=========== ACTION : ENABLE TPT ===========

 METRIC 
Avg CPU Cycles (per interval) : 202219661.45
EPT Cycles / Exec Cycles      : 0.1171
Memory Accesses (load+store)  : 57102721
Memory Access Rate (MAR)      : 571027.21 accesses/sample_interval(100ms)
RSS (Resident Set Size)       : 1.05 GB


=========== ACTION : ENABLE TPT ===========

 METRIC 
Avg CPU Cycles (per interval) : 205154761.10
EPT Cycles / Exec Cycles      : 0.1219
Memory Accesses (load+store)  : 55079537
Memory Access Rate (MAR)      : 550795.37 accesses/sample_interval(100ms)
RSS (Resident Set Size)       : 1.05 GB


=========== ACTION : ENABLE TPT ===========

 METRIC 
Avg CPU Cycles (per interval) : 205360467.00
EPT Cycles / Exec Cycles      : 0.1262
Memory Accesses (load+store)  : 52741393
Memory Access Rate (MAR)      : 527413.93 accesses/sample_interval(100ms)
RSS (Resident Set Size)       : 1.04 GB


=========== ACTION : ENABLE TPT ===========

 METRIC 
Avg CPU Cycles (per interval) : 195276423.40
EPT Cycles / Exec Cycles      : 0.1282
Memory Accesses (load+store)  : 49186873
Memory Access Rate (MAR)      : 491868.73 accesses/sample_interval(100ms)
RSS (Resident Set Size)       : 1.04 GB


=========== ACTION : ENABLE TPT ===========

 METRIC 
Avg CPU Cycles (per interval) : 184639740.50
EPT Cycles / Exec Cycles      : 0.1301
Memory Accesses (load+store)  : 45662078
Memory Access Rate (MAR)      : 456620.78 accesses/sample_interval(100ms)
RSS (Resident Set Size)       : 1.04 GB


=========== ACTION : ENABLE TPT ===========

 METRIC 
Avg CPU Cycles (per interval) : 174300568.70
EPT Cycles / Exec Cycles      : 0.1325
Memory Accesses (load+store)  : 42353132
Memory Access Rate (MAR)      : 423531.32 accesses/sample_interval(100ms)
RSS (Resident Set Size)       : 1.04 GB


=========== ACTION : ENABLE TPT ===========

 METRIC 
Avg CPU Cycles (per interval) : 163404898.75
EPT Cycles / Exec Cycles      : 0.1345
Memory Accesses (load+store)  : 38999757
Memory Access Rate (MAR)      : 389997.57 accesses/sample_interval(100ms)
RSS (Resident Set Size)       : 1.04 GB


=========== ACTION : ENABLE TPT ===========

 METRIC 
Avg CPU Cycles (per interval) : 151741829.55
EPT Cycles / Exec Cycles      : 0.1382
Memory Accesses (load+store)  : 35326262
Memory Access Rate (MAR)      : 353262.62 accesses/sample_interval(100ms)
RSS (Resident Set Size)       : 1.04 GB


=========== ACTION : ENABLE TPT ===========

 METRIC 
Avg CPU Cycles (per interval) : 141028838.50
EPT Cycles / Exec Cycles      : 0.1427
Memory Accesses (load+store)  : 31519613
Memory Access Rate (MAR)      : 315196.13 accesses/sample_interval(100ms)
RSS (Resident Set Size)       : 1.04 GB


=========== ACTION : ENABLE TPT ===========

 METRIC 
Avg CPU Cycles (per interval) : 136478989.50
EPT Cycles / Exec Cycles      : 0.1390
Memory Accesses (load+store)  : 30908314
Memory Access Rate (MAR)      : 309083.14 accesses/sample_interval(100ms)
RSS (Resident Set Size)       : 1.04 GB


=========== ACTION : ENABLE TPT ===========

 METRIC 
Avg CPU Cycles (per interval) : 127436298.80
EPT Cycles / Exec Cycles      : 0.1409
Memory Accesses (load+store)  : 27929432
Memory Access Rate (MAR)      : 279294.32 accesses/sample_interval(100ms)
RSS (Resident Set Size)       : 1.04 GB


=========== ACTION : ENABLE TPT ===========

 METRIC 
Avg CPU Cycles (per interval) : 118327209.50
EPT Cycles / Exec Cycles      : 0.1430
Memory Accesses (load+store)  : 24933773
Memory Access Rate (MAR)      : 249337.73 accesses/sample_interval(100ms)
RSS (Resident Set Size)       : 1.04 GB


=========== ACTION : ENABLE TPT ===========

 METRIC 
Avg CPU Cycles (per interval) : 109218603.75
EPT Cycles / Exec Cycles      : 0.1459
Memory Accesses (load+store)  : 21905908
Memory Access Rate (MAR)      : 219059.08 accesses/sample_interval(100ms)
RSS (Resident Set Size)       : 1.04 GB


=========== ACTION : ENABLE TPT ===========

 METRIC 
Avg CPU Cycles (per interval) : 98476169.35
EPT Cycles / Exec Cycles      : 0.1489
Memory Accesses (load+store)  : 18756039
Memory Access Rate (MAR)      : 187560.39 accesses/sample_interval(100ms)
RSS (Resident Set Size)       : 1.04 GB


=========== ACTION : ENABLE TPT ===========

 METRIC 
Avg CPU Cycles (per interval) : 88476005.60
EPT Cycles / Exec Cycles      : 0.1550
Memory Accesses (load+store)  : 15529689
Memory Access Rate (MAR)      : 155296.89 accesses/sample_interval(100ms)
RSS (Resident Set Size)       : 1.04 GB


=========== ACTION : ENABLE TPT ===========

 METRIC 
Avg CPU Cycles (per interval) : 78519753.55
EPT Cycles / Exec Cycles      : 0.1625
Memory Accesses (load+store)  : 12346314
Memory Access Rate (MAR)      : 123463.14 accesses/sample_interval(100ms)
RSS (Resident Set Size)       : 1.04 GB


=========== ACTION : ENABLE TPT ===========

 METRIC 
Avg CPU Cycles (per interval) : 68678988.55
EPT Cycles / Exec Cycles      : 0.1660
Memory Accesses (load+store)  : 9932073
Memory Access Rate (MAR)      : 99320.73 accesses/sample_interval(100ms)
RSS (Resident Set Size)       : 1.04 GB


=========== ACTION : ENABLE TPT ===========

 METRIC 
Avg CPU Cycles (per interval) : 59362654.40
EPT Cycles / Exec Cycles      : 0.1624
Memory Accesses (load+store)  : 8982630
Memory Access Rate (MAR)      : 89826.30 accesses/sample_interval(100ms)
RSS (Resident Set Size)       : 1.04 GB


=========== ACTION : ENABLE TPT ===========

 METRIC 
Avg CPU Cycles (per interval) : 50051188.40
EPT Cycles / Exec Cycles      : 0.1670
Memory Accesses (load+store)  : 7033013
Memory Access Rate (MAR)      : 70330.13 accesses/sample_interval(100ms)
RSS (Resident Set Size)       : 1.04 GB


=========== ACTION : ENABLE TPT ===========

 METRIC 
Avg CPU Cycles (per interval) : 44679994.25
EPT Cycles / Exec Cycles      : 0.1397
Memory Accesses (load+store)  : 8706438
Memory Access Rate (MAR)      : 87064.38 accesses/sample_interval(100ms)
RSS (Resident Set Size)       : 1.04 GB


=========== ACTION : ENABLE TPT ===========

 METRIC 
Avg CPU Cycles (per interval) : 33454433.40
EPT Cycles / Exec Cycles      : 0.1221
Memory Accesses (load+store)  : 7731539
Memory Access Rate (MAR)      : 77315.39 accesses/sample_interval(100ms)
RSS (Resident Set Size)       : 1.04 GB


=========== ACTION : ENABLE TPT ===========

 METRIC 
Avg CPU Cycles (per interval) : 22184541.10
EPT Cycles / Exec Cycles      : 0.0868
Memory Accesses (load+store)  : 6750685
Memory Access Rate (MAR)      : 67506.85 accesses/sample_interval(100ms)
RSS (Resident Set Size)       : 1.04 GB



 METRIC 
Avg CPU Cycles (per interval) : 12615641.95
EPT Cycles / Exec Cycles      : 0.0075
Memory Accesses (load+store)  : 5918839
Memory Access Rate (MAR)      : 59188.39 accesses/sample_interval(100ms)
RSS (Resident Set Size)       : 1.04 GB



 METRIC 
Avg CPU Cycles (per interval) : 12612805.45
EPT Cycles / Exec Cycles      : 0.0074
Memory Accesses (load+store)  : 5919856
Memory Access Rate (MAR)      : 59198.56 accesses/sample_interval(100ms)
RSS (Resident Set Size)       : 1.04 GB



 METRIC 
Avg CPU Cycles (per interval) : 12612846.35
EPT Cycles / Exec Cycles      : 0.0074
Memory Accesses (load+store)  : 5920322
Memory Access Rate (MAR)      : 59203.21 accesses/sample_interval(100ms)
RSS (Resident Set Size)       : 1.04 GB



 METRIC 
Avg CPU Cycles (per interval) : 12612333.25
EPT Cycles / Exec Cycles      : 0.0074
Memory Accesses (load+store)  : 5920348
Memory Access Rate (MAR)      : 59203.48 accesses/sample_interval(100ms)
RSS (Resident Set Size)       : 1.04 GB



 METRIC 
Avg CPU Cycles (per interval) : 12611379.25
EPT Cycles / Exec Cycles      : 0.0074
Memory Accesses (load+store)  : 5919850
Memory Access Rate (MAR)      : 59198.50 accesses/sample_interval(100ms)
RSS (Resident Set Size)       : 1.04 GB



 METRIC 
Avg CPU Cycles (per interval) : 12441136.40
EPT Cycles / Exec Cycles      : 0.0073
Memory Accesses (load+store)  : 5846455
Memory Access Rate (MAR)      : 58464.55 accesses/sample_interval(100ms)
RSS (Resident Set Size)       : 1.04 GB



 METRIC 
Avg CPU Cycles (per interval) : 11786528.70
EPT Cycles / Exec Cycles      : 0.0070
Memory Accesses (load+store)  : 5550179
Memory Access Rate (MAR)      : 55501.79 accesses/sample_interval(100ms)
RSS (Resident Set Size)       : 1.04 GB



 METRIC 
Avg CPU Cycles (per interval) : 6653187.85
EPT Cycles / Exec Cycles      : 0.0086
Memory Accesses (load+store)  : 3129626
Memory Access Rate (MAR)      : 31296.26 accesses/sample_interval(100ms)
RSS (Resident Set Size)       : 1.04 GB



 METRIC 
Avg CPU Cycles (per interval) : 6646326.25
EPT Cycles / Exec Cycles      : 0.0086
Memory Accesses (load+store)  : 3125386
Memory Access Rate (MAR)      : 31253.86 accesses/sample_interval(100ms)
RSS (Resident Set Size)       : 1.04 GB



 METRIC 
Avg CPU Cycles (per interval) : 6648002.20
EPT Cycles / Exec Cycles      : 0.0086
Memory Accesses (load+store)  : 3125370
Memory Access Rate (MAR)      : 31253.70 accesses/sample_interval(100ms)
RSS (Resident Set Size)       : 1.04 GB



 METRIC 
Avg CPU Cycles (per interval) : 6643348.50
EPT Cycles / Exec Cycles      : 0.0086
Memory Accesses (load+store)  : 3122967
Memory Access Rate (MAR)      : 31229.67 accesses/sample_interval(100ms)
RSS (Resident Set Size)       : 1.04 GB



 METRIC 
Avg CPU Cycles (per interval) : 6639636.55
EPT Cycles / Exec Cycles      : 0.0085
Memory Accesses (load+store)  : 3121044
Memory Access Rate (MAR)      : 31210.44 accesses/sample_interval(100ms)
RSS (Resident Set Size)       : 1.04 GB



 METRIC 
Avg CPU Cycles (per interval) : 6639349.85
EPT Cycles / Exec Cycles      : 0.0085
Memory Accesses (load+store)  : 3121020
Memory Access Rate (MAR)      : 31210.20 accesses/sample_interval(100ms)
RSS (Resident Set Size)       : 1.04 GB



 METRIC 
Avg CPU Cycles (per interval) : 6637205.45
EPT Cycles / Exec Cycles      : 0.0085
Memory Accesses (load+store)  : 3119821
Memory Access Rate (MAR)      : 31198.21 accesses/sample_interval(100ms)
RSS (Resident Set Size)       : 1.04 GB



 METRIC 
Avg CPU Cycles (per interval) : 6635552.50
EPT Cycles / Exec Cycles      : 0.0085
Memory Accesses (load+store)  : 3119065
Memory Access Rate (MAR)      : 31190.65 accesses/sample_interval(100ms)
RSS (Resident Set Size)       : 1.04 GB



 METRIC 
Avg CPU Cycles (per interval) : 6634924.15
EPT Cycles / Exec Cycles      : 0.0085
Memory Accesses (load+store)  : 3116632
Memory Access Rate (MAR)      : 31166.32 accesses/sample_interval(100ms)
RSS (Resident Set Size)       : 1.04 GB



 METRIC 
Avg CPU Cycles (per interval) : 5917574.80
EPT Cycles / Exec Cycles      : 0.0083
Memory Accesses (load+store)  : 2737345
Memory Access Rate (MAR)      : 27373.45 accesses/sample_interval(100ms)
RSS (Resident Set Size)       : 1.04 GB



 METRIC 
Avg CPU Cycles (per interval) : 472287.65
EPT Cycles / Exec Cycles      : 0.0261
Memory Accesses (load+store)  : 221682
Memory Access Rate (MAR)      : 2216.82 accesses/sample_interval(100ms)
RSS (Resident Set Size)       : 1.04 GB



 METRIC 
Avg CPU Cycles (per interval) : 875988.25
EPT Cycles / Exec Cycles      : 0.0206
Memory Accesses (load+store)  : 408751
Memory Access Rate (MAR)      : 4087.51 accesses/sample_interval(100ms)
RSS (Resident Set Size)       : 1.04 GB



 METRIC 
Avg CPU Cycles (per interval) : 6254019.80
EPT Cycles / Exec Cycles      : 0.0076
Memory Accesses (load+store)  : 2891356
Memory Access Rate (MAR)      : 28913.56 accesses/sample_interval(100ms)
RSS (Resident Set Size)       : 1.04 GB



 METRIC 
Avg CPU Cycles (per interval) : 6257785.55
EPT Cycles / Exec Cycles      : 0.0077
Memory Accesses (load+store)  : 2893460
Memory Access Rate (MAR)      : 28934.60 accesses/sample_interval(100ms)
RSS (Resident Set Size)       : 1.04 GB



 METRIC 
Avg CPU Cycles (per interval) : 6259771.50
EPT Cycles / Exec Cycles      : 0.0077
Memory Accesses (load+store)  : 2894606
Memory Access Rate (MAR)      : 28946.06 accesses/sample_interval(100ms)
RSS (Resident Set Size)       : 1.04 GB



 METRIC 
Avg CPU Cycles (per interval) : 6260623.20
EPT Cycles / Exec Cycles      : 0.0077
Memory Accesses (load+store)  : 2894974
Memory Access Rate (MAR)      : 28949.74 accesses/sample_interval(100ms)
RSS (Resident Set Size)       : 1.04 GB



 METRIC 
Avg CPU Cycles (per interval) : 6260610.10
EPT Cycles / Exec Cycles      : 0.0077
Memory Accesses (load+store)  : 2894959
Memory Access Rate (MAR)      : 28949.59 accesses/sample_interval(100ms)
RSS (Resident Set Size)       : 1.04 GB



 METRIC 
Avg CPU Cycles (per interval) : 6261129.30
EPT Cycles / Exec Cycles      : 0.0077
Memory Accesses (load+store)  : 2895303
Memory Access Rate (MAR)      : 28953.03 accesses/sample_interval(100ms)
RSS (Resident Set Size)       : 1.04 GB



 METRIC 
Avg CPU Cycles (per interval) : 6260212.70
EPT Cycles / Exec Cycles      : 0.0076
Memory Accesses (load+store)  : 2895370
Memory Access Rate (MAR)      : 28953.70 accesses/sample_interval(100ms)
RSS (Resident Set Size)       : 1.04 GB



 METRIC 
Avg CPU Cycles (per interval) : 6259543.55
EPT Cycles / Exec Cycles      : 0.0076
Memory Accesses (load+store)  : 2895284
Memory Access Rate (MAR)      : 28952.84 accesses/sample_interval(100ms)
RSS (Resident Set Size)       : 1.04 GB



 METRIC 
Avg CPU Cycles (per interval) : 6254331.90
EPT Cycles / Exec Cycles      : 0.0075
Memory Accesses (load+store)  : 2893117
Memory Access Rate (MAR)      : 28931.17 accesses/sample_interval(100ms)
RSS (Resident Set Size)       : 1.04 GB



 METRIC 
Avg CPU Cycles (per interval) : 6253888.15
EPT Cycles / Exec Cycles      : 0.0075
Memory Accesses (load+store)  : 2893057
Memory Access Rate (MAR)      : 28930.57 accesses/sample_interval(100ms)
RSS (Resident Set Size)       : 1.04 GB



 METRIC 
Avg CPU Cycles (per interval) : 6248505.65
EPT Cycles / Exec Cycles      : 0.0075
Memory Accesses (load+store)  : 2890768
Memory Access Rate (MAR)      : 28907.68 accesses/sample_interval(100ms)
RSS (Resident Set Size)       : 1.04 GB



 METRIC 
Avg CPU Cycles (per interval) : 6247576.00
EPT Cycles / Exec Cycles      : 0.0075
Memory Accesses (load+store)  : 2890358
Memory Access Rate (MAR)      : 28903.58 accesses/sample_interval(100ms)
RSS (Resident Set Size)       : 1.04 GB



 METRIC 
Avg CPU Cycles (per interval) : 6248798.20
EPT Cycles / Exec Cycles      : 0.0075
Memory Accesses (load+store)  : 2891135
Memory Access Rate (MAR)      : 28911.35 accesses/sample_interval(100ms)
RSS (Resident Set Size)       : 1.04 GB



 METRIC 
Avg CPU Cycles (per interval) : 6247695.15
EPT Cycles / Exec Cycles      : 0.0075
Memory Accesses (load+store)  : 2890543
Memory Access Rate (MAR)      : 28905.43 accesses/sample_interval(100ms)
RSS (Resident Set Size)       : 1.04 GB



 METRIC 
Avg CPU Cycles (per interval) : 6247541.50
EPT Cycles / Exec Cycles      : 0.0075
Memory Accesses (load+store)  : 2890496
Memory Access Rate (MAR)      : 28904.96 accesses/sample_interval(100ms)
RSS (Resident Set Size)       : 1.04 GB



 METRIC 
Avg CPU Cycles (per interval) : 6246930.95
EPT Cycles / Exec Cycles      : 0.0075
Memory Accesses (load+store)  : 2890195
Memory Access Rate (MAR)      : 28901.95 accesses/sample_interval(100ms)
RSS (Resident Set Size)       : 1.04 GB



 METRIC 
Avg CPU Cycles (per interval) : 6232641.05
EPT Cycles / Exec Cycles      : 0.0074
Memory Accesses (load+store)  : 2883781
Memory Access Rate (MAR)      : 28837.81 accesses/sample_interval(100ms)
RSS (Resident Set Size)       : 1.04 GB



 METRIC 
Avg CPU Cycles (per interval) : 6103173.95
EPT Cycles / Exec Cycles      : 0.0071
Memory Accesses (load+store)  : 2825074
Memory Access Rate (MAR)      : 28250.74 accesses/sample_interval(100ms)
RSS (Resident Set Size)       : 1.04 GB



 METRIC 
Avg CPU Cycles (per interval) : 5857981.75
EPT Cycles / Exec Cycles      : 0.0067
Memory Accesses (load+store)  : 2712238
Memory Access Rate (MAR)      : 27122.38 accesses/sample_interval(100ms)
RSS (Resident Set Size)       : 1.04 GB



 METRIC 
Avg CPU Cycles (per interval) : 5445094.20
EPT Cycles / Exec Cycles      : 0.0061
Memory Accesses (load+store)  : 2519931
Memory Access Rate (MAR)      : 25199.31 accesses/sample_interval(100ms)
RSS (Resident Set Size)       : 1.04 GB



 METRIC 
Avg CPU Cycles (per interval) : 60955.00
EPT Cycles / Exec Cycles      : 0.0527
Memory Accesses (load+store)  : 33849
Memory Access Rate (MAR)      : 338.49 accesses/sample_interval(100ms)
RSS (Resident Set Size)       : 1.04 GB



 METRIC 
Avg CPU Cycles (per interval) : 53552.90
EPT Cycles / Exec Cycles      : 0.0552
Memory Accesses (load+store)  : 29520
Memory Access Rate (MAR)      : 295.19 accesses/sample_interval(100ms)
RSS (Resident Set Size)       : 1.04 GB



 METRIC 
Avg CPU Cycles (per interval) : 48788.30
EPT Cycles / Exec Cycles      : 0.0575
Memory Accesses (load+store)  : 26836
Memory Access Rate (MAR)      : 268.36 accesses/sample_interval(100ms)
RSS (Resident Set Size)       : 1.04 GB



 METRIC 
Avg CPU Cycles (per interval) : 45135.10
EPT Cycles / Exec Cycles      : 0.0600
Memory Accesses (load+store)  : 24707
Memory Access Rate (MAR)      : 247.07 accesses/sample_interval(100ms)
RSS (Resident Set Size)       : 1.04 GB



 METRIC 
Avg CPU Cycles (per interval) : 42642.55
EPT Cycles / Exec Cycles      : 0.0619
Memory Accesses (load+store)  : 23285
Memory Access Rate (MAR)      : 232.85 accesses/sample_interval(100ms)
RSS (Resident Set Size)       : 1.04 GB



 METRIC 
Avg CPU Cycles (per interval) : 40501.95
EPT Cycles / Exec Cycles      : 0.0639
Memory Accesses (load+store)  : 22041
Memory Access Rate (MAR)      : 220.41 accesses/sample_interval(100ms)
RSS (Resident Set Size)       : 1.04 GB



 METRIC 
Avg CPU Cycles (per interval) : 37618.70
EPT Cycles / Exec Cycles      : 0.0651
Memory Accesses (load+store)  : 20727
Memory Access Rate (MAR)      : 207.27 accesses/sample_interval(100ms)
RSS (Resident Set Size)       : 1.04 GB



 METRIC 
Avg CPU Cycles (per interval) : 35326.75
EPT Cycles / Exec Cycles      : 0.0666
Memory Accesses (load+store)  : 19421
Memory Access Rate (MAR)      : 194.21 accesses/sample_interval(100ms)
RSS (Resident Set Size)       : 1.04 GB



 METRIC 
Avg CPU Cycles (per interval) : 35385.00
EPT Cycles / Exec Cycles      : 0.0667
Memory Accesses (load+store)  : 19484
Memory Access Rate (MAR)      : 194.84 accesses/sample_interval(100ms)
RSS (Resident Set Size)       : 1.04 GB



 METRIC 
Avg CPU Cycles (per interval) : 33825.60
EPT Cycles / Exec Cycles      : 0.0679
Memory Accesses (load+store)  : 18580
Memory Access Rate (MAR)      : 185.80 accesses/sample_interval(100ms)
RSS (Resident Set Size)       : 1.04 GB



 METRIC 
Avg CPU Cycles (per interval) : 31814.25
EPT Cycles / Exec Cycles      : 0.0689
Memory Accesses (load+store)  : 17515
Memory Access Rate (MAR)      : 175.15 accesses/sample_interval(100ms)
RSS (Resident Set Size)       : 1.04 GB



 METRIC 
Avg CPU Cycles (per interval) : 31125.80
EPT Cycles / Exec Cycles      : 0.0678
Memory Accesses (load+store)  : 17131
Memory Access Rate (MAR)      : 171.31 accesses/sample_interval(100ms)
RSS (Resident Set Size)       : 1.04 GB



 METRIC 
Avg CPU Cycles (per interval) : 29719.40
EPT Cycles / Exec Cycles      : 0.0688
Memory Accesses (load+store)  : 16388
Memory Access Rate (MAR)      : 163.88 accesses/sample_interval(100ms)
RSS (Resident Set Size)       : 1.04 GB



 METRIC 
Avg CPU Cycles (per interval) : 28746.45
EPT Cycles / Exec Cycles      : 0.0696
Memory Accesses (load+store)  : 15807
Memory Access Rate (MAR)      : 158.07 accesses/sample_interval(100ms)
RSS (Resident Set Size)       : 1.04 GB



 METRIC 
Avg CPU Cycles (per interval) : 28951.80
EPT Cycles / Exec Cycles      : 0.0719
Memory Accesses (load+store)  : 15807
Memory Access Rate (MAR)      : 158.07 accesses/sample_interval(100ms)
RSS (Resident Set Size)       : 1.04 GB



 METRIC 
Avg CPU Cycles (per interval) : 27786.05
EPT Cycles / Exec Cycles      : 0.0748
Memory Accesses (load+store)  : 15083
Memory Access Rate (MAR)      : 150.83 accesses/sample_interval(100ms)
RSS (Resident Set Size)       : 1.04 GB



 METRIC 
Avg CPU Cycles (per interval) : 26838.40
EPT Cycles / Exec Cycles      : 0.0713
Memory Accesses (load+store)  : 14742
Memory Access Rate (MAR)      : 147.43 accesses/sample_interval(100ms)
RSS (Resident Set Size)       : 1.04 GB



 METRIC 
Avg CPU Cycles (per interval) : 25357.45
EPT Cycles / Exec Cycles      : 0.0683
Memory Accesses (load+store)  : 14000
Memory Access Rate (MAR)      : 140.00 accesses/sample_interval(100ms)
RSS (Resident Set Size)       : 1.04 GB



 METRIC 
Avg CPU Cycles (per interval) : 24892.95
EPT Cycles / Exec Cycles      : 0.0674
Memory Accesses (load+store)  : 13759
Memory Access Rate (MAR)      : 137.59 accesses/sample_interval(100ms)
RSS (Resident Set Size)       : 1.04 GB



 METRIC 
Avg CPU Cycles (per interval) : 23456.40
EPT Cycles / Exec Cycles      : 0.0649
Memory Accesses (load+store)  : 13016
Memory Access Rate (MAR)      : 130.16 accesses/sample_interval(100ms)
RSS (Resident Set Size)       : 1.04 GB



 METRIC 
Avg CPU Cycles (per interval) : 24125.65
EPT Cycles / Exec Cycles      : 0.0661
Memory Accesses (load+store)  : 13356
Memory Access Rate (MAR)      : 133.56 accesses/sample_interval(100ms)
RSS (Resident Set Size)       : 1.04 GB



 METRIC 
Avg CPU Cycles (per interval) : 23817.10
EPT Cycles / Exec Cycles      : 0.0662
Memory Accesses (load+store)  : 13196
Memory Access Rate (MAR)      : 131.96 accesses/sample_interval(100ms)
RSS (Resident Set Size)       : 1.04 GB



 METRIC 
Avg CPU Cycles (per interval) : 23004.95
EPT Cycles / Exec Cycles      : 0.0679
Memory Accesses (load+store)  : 12695
Memory Access Rate (MAR)      : 126.95 accesses/sample_interval(100ms)
RSS (Resident Set Size)       : 1.04 GB



 METRIC 
Avg CPU Cycles (per interval) : 22321.95
EPT Cycles / Exec Cycles      : 0.0687
Memory Accesses (load+store)  : 12292
Memory Access Rate (MAR)      : 122.92 accesses/sample_interval(100ms)
RSS (Resident Set Size)       : 1.04 GB



 METRIC 
Avg CPU Cycles (per interval) : 21814.75
EPT Cycles / Exec Cycles      : 0.0714
Memory Accesses (load+store)  : 11970
Memory Access Rate (MAR)      : 119.70 accesses/sample_interval(100ms)
RSS (Resident Set Size)       : 1.04 GB



 METRIC 
Avg CPU Cycles (per interval) : 21702.95
EPT Cycles / Exec Cycles      : 0.0719
Memory Accesses (load+store)  : 11890
Memory Access Rate (MAR)      : 118.90 accesses/sample_interval(100ms)
RSS (Resident Set Size)       : 1.04 GB



 METRIC 
Avg CPU Cycles (per interval) : 22430.10
EPT Cycles / Exec Cycles      : 0.0662
Memory Accesses (load+store)  : 12239
Memory Access Rate (MAR)      : 122.39 accesses/sample_interval(100ms)
RSS (Resident Set Size)       : 1.04 GB



 METRIC 
Avg CPU Cycles (per interval) : 22123.55
EPT Cycles / Exec Cycles      : 0.0665
Memory Accesses (load+store)  : 12078
Memory Access Rate (MAR)      : 120.78 accesses/sample_interval(100ms)
RSS (Resident Set Size)       : 1.04 GB



 METRIC 
Avg CPU Cycles (per interval) : 20052.25
EPT Cycles / Exec Cycles      : 0.0702
Memory Accesses (load+store)  : 10852
Memory Access Rate (MAR)      : 108.52 accesses/sample_interval(100ms)
RSS (Resident Set Size)       : 1.04 GB



 METRIC 
Avg CPU Cycles (per interval) : 19894.50
EPT Cycles / Exec Cycles      : 0.0702
Memory Accesses (load+store)  : 10772
Memory Access Rate (MAR)      : 107.72 accesses/sample_interval(100ms)
RSS (Resident Set Size)       : 1.04 GB



 METRIC 
Avg CPU Cycles (per interval) : 20201.55
EPT Cycles / Exec Cycles      : 0.0706
Memory Accesses (load+store)  : 10933
Memory Access Rate (MAR)      : 109.33 accesses/sample_interval(100ms)
RSS (Resident Set Size)       : 1.04 GB



 METRIC 
Avg CPU Cycles (per interval) : 20761.20
EPT Cycles / Exec Cycles      : 0.0708
Memory Accesses (load+store)  : 11254
Memory Access Rate (MAR)      : 112.54 accesses/sample_interval(100ms)
RSS (Resident Set Size)       : 1.04 GB



 METRIC 
Avg CPU Cycles (per interval) : 20034.60
EPT Cycles / Exec Cycles      : 0.0726
Memory Accesses (load+store)  : 10852
Memory Access Rate (MAR)      : 108.52 accesses/sample_interval(100ms)
RSS (Resident Set Size)       : 1.04 GB



 METRIC 
Avg CPU Cycles (per interval) : 19318.00
EPT Cycles / Exec Cycles      : 0.0740
Memory Accesses (load+store)  : 10450
Memory Access Rate (MAR)      : 104.50 accesses/sample_interval(100ms)
RSS (Resident Set Size)       : 1.04 GB



 METRIC 
Avg CPU Cycles (per interval) : 18846.45
EPT Cycles / Exec Cycles      : 0.0721
Memory Accesses (load+store)  : 10289
Memory Access Rate (MAR)      : 102.89 accesses/sample_interval(100ms)
RSS (Resident Set Size)       : 1.04 GB



 METRIC 
Avg CPU Cycles (per interval) : 18495.15
EPT Cycles / Exec Cycles      : 0.0709
Memory Accesses (load+store)  : 10110
Memory Access Rate (MAR)      : 101.10 accesses/sample_interval(100ms)
RSS (Resident Set Size)       : 1.04 GB



 METRIC 
Avg CPU Cycles (per interval) : 17884.35
EPT Cycles / Exec Cycles      : 0.0662
Memory Accesses (load+store)  : 9780
Memory Access Rate (MAR)      : 97.80 accesses/sample_interval(100ms)
RSS (Resident Set Size)       : 1.04 GB



 METRIC 
Avg CPU Cycles (per interval) : 18741.85
EPT Cycles / Exec Cycles      : 0.0645
Memory Accesses (load+store)  : 10281
Memory Access Rate (MAR)      : 102.81 accesses/sample_interval(100ms)
RSS (Resident Set Size)       : 1.04 GB



 METRIC 
Avg CPU Cycles (per interval) : 18853.75
EPT Cycles / Exec Cycles      : 0.0639
Memory Accesses (load+store)  : 10362
Memory Access Rate (MAR)      : 103.62 accesses/sample_interval(100ms)
RSS (Resident Set Size)       : 1.04 GB



 METRIC 
Avg CPU Cycles (per interval) : 18536.30
EPT Cycles / Exec Cycles      : 0.0622
Memory Accesses (load+store)  : 10201
Memory Access Rate (MAR)      : 102.01 accesses/sample_interval(100ms)
RSS (Resident Set Size)       : 1.04 GB



 METRIC 
Avg CPU Cycles (per interval) : 16832.00
EPT Cycles / Exec Cycles      : 0.0584
Memory Accesses (load+store)  : 9297
Memory Access Rate (MAR)      : 92.97 accesses/sample_interval(100ms)
RSS (Resident Set Size)       : 1.04 GB



 METRIC 
Avg CPU Cycles (per interval) : 16218.80
EPT Cycles / Exec Cycles      : 0.0572
Memory Accesses (load+store)  : 8975
Memory Access Rate (MAR)      : 89.75 accesses/sample_interval(100ms)
RSS (Resident Set Size)       : 1.04 GB



 METRIC 
Avg CPU Cycles (per interval) : 17208.05
EPT Cycles / Exec Cycles      : 0.0615
Memory Accesses (load+store)  : 9458
Memory Access Rate (MAR)      : 94.58 accesses/sample_interval(100ms)
RSS (Resident Set Size)       : 1.04 GB



 METRIC 
Avg CPU Cycles (per interval) : 17047.40
EPT Cycles / Exec Cycles      : 0.0619
Memory Accesses (load+store)  : 9378
Memory Access Rate (MAR)      : 93.78 accesses/sample_interval(100ms)
RSS (Resident Set Size)       : 1.04 GB



 METRIC 
Avg CPU Cycles (per interval) : 17050.80
EPT Cycles / Exec Cycles      : 0.0617
Memory Accesses (load+store)  : 9378
Memory Access Rate (MAR)      : 93.78 accesses/sample_interval(100ms)
RSS (Resident Set Size)       : 1.04 GB



 METRIC 
Avg CPU Cycles (per interval) : 17307.55
EPT Cycles / Exec Cycles      : 0.0643
Memory Accesses (load+store)  : 9458
Memory Access Rate (MAR)      : 94.58 accesses/sample_interval(100ms)
RSS (Resident Set Size)       : 1.04 GB



 METRIC 
Avg CPU Cycles (per interval) : 16444.50
EPT Cycles / Exec Cycles      : 0.0665
Memory Accesses (load+store)  : 9038
Memory Access Rate (MAR)      : 90.38 accesses/sample_interval(100ms)
RSS (Resident Set Size)       : 1.04 GB



 METRIC 
Avg CPU Cycles (per interval) : 16168.75
EPT Cycles / Exec Cycles      : 0.0672
Memory Accesses (load+store)  : 8877
Memory Access Rate (MAR)      : 88.77 accesses/sample_interval(100ms)
RSS (Resident Set Size)       : 1.04 GB



 METRIC 
Avg CPU Cycles (per interval) : 16289.80
EPT Cycles / Exec Cycles      : 0.0715
Memory Accesses (load+store)  : 8877
Memory Access Rate (MAR)      : 88.77 accesses/sample_interval(100ms)
RSS (Resident Set Size)       : 1.04 GB



 METRIC 
Avg CPU Cycles (per interval) : 16052.55
EPT Cycles / Exec Cycles      : 0.0735
Memory Accesses (load+store)  : 8715
Memory Access Rate (MAR)      : 87.15 accesses/sample_interval(100ms)
RSS (Resident Set Size)       : 1.04 GB



 METRIC 
Avg CPU Cycles (per interval) : 15775.05
EPT Cycles / Exec Cycles      : 0.0749
Memory Accesses (load+store)  : 8555
Memory Access Rate (MAR)      : 85.55 accesses/sample_interval(100ms)
RSS (Resident Set Size)       : 1.04 GB



 METRIC 
Avg CPU Cycles (per interval) : 14660.70
EPT Cycles / Exec Cycles      : 0.0780
Memory Accesses (load+store)  : 7892
Memory Access Rate (MAR)      : 78.92 accesses/sample_interval(100ms)
RSS (Resident Set Size)       : 1.04 GB



 METRIC 
Avg CPU Cycles (per interval) : 14994.95
EPT Cycles / Exec Cycles      : 0.0803
Memory Accesses (load+store)  : 8054
Memory Access Rate (MAR)      : 80.54 accesses/sample_interval(100ms)
RSS (Resident Set Size)       : 1.04 GB



 METRIC 
Avg CPU Cycles (per interval) : 17021.10
EPT Cycles / Exec Cycles      : 0.0813
Memory Accesses (load+store)  : 9118
Memory Access Rate (MAR)      : 91.17 accesses/sample_interval(100ms)
RSS (Resident Set Size)       : 1.04 GB



 METRIC 
Avg CPU Cycles (per interval) : 16321.70
EPT Cycles / Exec Cycles      : 0.0842
Memory Accesses (load+store)  : 8715
Memory Access Rate (MAR)      : 87.15 accesses/sample_interval(100ms)
RSS (Resident Set Size)       : 1.04 GB



 METRIC 
Avg CPU Cycles (per interval) : 16046.75
EPT Cycles / Exec Cycles      : 0.0851
Memory Accesses (load+store)  : 8554
Memory Access Rate (MAR)      : 85.54 accesses/sample_interval(100ms)
RSS (Resident Set Size)       : 1.04 GB



 METRIC 
Avg CPU Cycles (per interval) : 16242.35
EPT Cycles / Exec Cycles      : 0.0960
Memory Accesses (load+store)  : 8579
Memory Access Rate (MAR)      : 85.79 accesses/sample_interval(100ms)
RSS (Resident Set Size)       : 1.04 GB



 METRIC 
Avg CPU Cycles (per interval) : 15098.30
EPT Cycles / Exec Cycles      : 0.1010
Memory Accesses (load+store)  : 7917
Memory Access Rate (MAR)      : 79.17 accesses/sample_interval(100ms)
RSS (Resident Set Size)       : 1.04 GB


=========== ACTION : ENABLE TPT ===========

 METRIC 
Avg CPU Cycles (per interval) : 14727.95
EPT Cycles / Exec Cycles      : 0.1035
Memory Accesses (load+store)  : 7676
Memory Access Rate (MAR)      : 76.76 accesses/sample_interval(100ms)
RSS (Resident Set Size)       : 1.04 GB


=========== ACTION : ENABLE TPT ===========

 METRIC 
Avg CPU Cycles (per interval) : 14608.80
EPT Cycles / Exec Cycles      : 0.1044
Memory Accesses (load+store)  : 7595
Memory Access Rate (MAR)      : 75.95 accesses/sample_interval(100ms)
RSS (Resident Set Size)       : 1.04 GB


=========== ACTION : ENABLE TPT ===========

 METRIC 
Avg CPU Cycles (per interval) : 14812.45
EPT Cycles / Exec Cycles      : 0.1061
Memory Accesses (load+store)  : 7675
Memory Access Rate (MAR)      : 76.75 accesses/sample_interval(100ms)
RSS (Resident Set Size)       : 1.04 GB


=========== ACTION : ENABLE TPT ===========

 METRIC 
Avg CPU Cycles (per interval) : 15128.30
EPT Cycles / Exec Cycles      : 0.1061
Memory Accesses (load+store)  : 7836
Memory Access Rate (MAR)      : 78.36 accesses/sample_interval(100ms)
RSS (Resident Set Size)       : 1.04 GB


=========== ACTION : ENABLE TPT ===========

 METRIC 
Avg CPU Cycles (per interval) : 15489.05
EPT Cycles / Exec Cycles      : 0.1054
Memory Accesses (load+store)  : 8095
Memory Access Rate (MAR)      : 80.95 accesses/sample_interval(100ms)
RSS (Resident Set Size)       : 1.04 GB


=========== ACTION : ENABLE TPT ===========

 METRIC 
Avg CPU Cycles (per interval) : 16148.70
EPT Cycles / Exec Cycles      : 0.1041
Memory Accesses (load+store)  : 8434
Memory Access Rate (MAR)      : 84.34 accesses/sample_interval(100ms)
RSS (Resident Set Size)       : 1.04 GB


=========== ACTION : ENABLE TPT ===========

 METRIC 
Avg CPU Cycles (per interval) : 15680.30
EPT Cycles / Exec Cycles      : 0.1048
Memory Accesses (load+store)  : 8192
Memory Access Rate (MAR)      : 81.92 accesses/sample_interval(100ms)
RSS (Resident Set Size)       : 1.04 GB


=========== ACTION : ENABLE TPT ===========

 METRIC 
Avg CPU Cycles (per interval) : 14410.95
EPT Cycles / Exec Cycles      : 0.1070
Memory Accesses (load+store)  : 7530
Memory Access Rate (MAR)      : 75.30 accesses/sample_interval(100ms)
RSS (Resident Set Size)       : 1.04 GB


=========== ACTION : ENABLE TPT ===========

 METRIC 
Avg CPU Cycles (per interval) : 14269.15
EPT Cycles / Exec Cycles      : 0.1079
Memory Accesses (load+store)  : 7441
Memory Access Rate (MAR)      : 74.41 accesses/sample_interval(100ms)
RSS (Resident Set Size)       : 1.04 GB


=========== ACTION : ENABLE TPT ===========

 METRIC 
Avg CPU Cycles (per interval) : 14269.15
EPT Cycles / Exec Cycles      : 0.1079
Memory Accesses (load+store)  : 7441
Memory Access Rate (MAR)      : 74.41 accesses/sample_interval(100ms)
RSS (Resident Set Size)       : 1.04 GB


=========== ACTION : ENABLE TPT ===========

 METRIC 
Avg CPU Cycles (per interval) : 14133.50
EPT Cycles / Exec Cycles      : 0.1034
Memory Accesses (load+store)  : 7441
Memory Access Rate (MAR)      : 74.41 accesses/sample_interval(100ms)
RSS (Resident Set Size)       : 1.04 GB


=========== ACTION : ENABLE TPT ===========

 METRIC 
Avg CPU Cycles (per interval) : 14230.30
EPT Cycles / Exec Cycles      : 0.1013
Memory Accesses (load+store)  : 7521
Memory Access Rate (MAR)      : 75.21 accesses/sample_interval(100ms)
RSS (Resident Set Size)       : 1.04 GB


=========== ACTION : ENABLE TPT ===========

 METRIC 
Avg CPU Cycles (per interval) : 14060.60
EPT Cycles / Exec Cycles      : 0.1007
Memory Accesses (load+store)  : 7441
Memory Access Rate (MAR)      : 74.41 accesses/sample_interval(100ms)
RSS (Resident Set Size)       : 1.04 GB


=========== ACTION : ENABLE TPT ===========

 METRIC 
Avg CPU Cycles (per interval) : 14176.95
EPT Cycles / Exec Cycles      : 0.0994
Memory Accesses (load+store)  : 7521
Memory Access Rate (MAR)      : 75.21 accesses/sample_interval(100ms)
RSS (Resident Set Size)       : 1.04 GB



 METRIC 
Avg CPU Cycles (per interval) : 14968.75
EPT Cycles / Exec Cycles      : 0.0942
Memory Accesses (load+store)  : 8021
Memory Access Rate (MAR)      : 80.21 accesses/sample_interval(100ms)
RSS (Resident Set Size)       : 1.04 GB



 METRIC 
Avg CPU Cycles (per interval) : 13805.45
EPT Cycles / Exec Cycles      : 0.0910
Memory Accesses (load+store)  : 7458
Memory Access Rate (MAR)      : 74.58 accesses/sample_interval(100ms)
RSS (Resident Set Size)       : 1.04 GB



 METRIC 
Avg CPU Cycles (per interval) : 13651.25
EPT Cycles / Exec Cycles      : 0.0903
Memory Accesses (load+store)  : 7377
Memory Access Rate (MAR)      : 73.77 accesses/sample_interval(100ms)
RSS (Resident Set Size)       : 1.04 GB



 METRIC 
Avg CPU Cycles (per interval) : 13651.25
EPT Cycles / Exec Cycles      : 0.0903
Memory Accesses (load+store)  : 7377
Memory Access Rate (MAR)      : 73.77 accesses/sample_interval(100ms)
RSS (Resident Set Size)       : 1.04 GB



 METRIC 
Avg CPU Cycles (per interval) : 13485.70
EPT Cycles / Exec Cycles      : 0.0780
Memory Accesses (load+store)  : 7368
Memory Access Rate (MAR)      : 73.68 accesses/sample_interval(100ms)
RSS (Resident Set Size)       : 1.04 GB



 METRIC 
Avg CPU Cycles (per interval) : 13485.70
EPT Cycles / Exec Cycles      : 0.0780
Memory Accesses (load+store)  : 7368
Memory Access Rate (MAR)      : 73.68 accesses/sample_interval(100ms)
RSS (Resident Set Size)       : 1.04 GB



 METRIC 
Avg CPU Cycles (per interval) : 13462.95
EPT Cycles / Exec Cycles      : 0.0774
Memory Accesses (load+store)  : 7368
Memory Access Rate (MAR)      : 73.68 accesses/sample_interval(100ms)
RSS (Resident Set Size)       : 1.04 GB



 METRIC 
Avg CPU Cycles (per interval) : 13665.60
EPT Cycles / Exec Cycles      : 0.0793
Memory Accesses (load+store)  : 7448
Memory Access Rate (MAR)      : 74.48 accesses/sample_interval(100ms)
RSS (Resident Set Size)       : 1.04 GB



 METRIC 
Avg CPU Cycles (per interval) : 13461.95
EPT Cycles / Exec Cycles      : 0.0771
Memory Accesses (load+store)  : 7368
Memory Access Rate (MAR)      : 73.68 accesses/sample_interval(100ms)
RSS (Resident Set Size)       : 1.04 GB



 METRIC 
Avg CPU Cycles (per interval) : 13664.40
EPT Cycles / Exec Cycles      : 0.0785
Memory Accesses (load+store)  : 7448
Memory Access Rate (MAR)      : 74.48 accesses/sample_interval(100ms)
RSS (Resident Set Size)       : 1.04 GB



 METRIC 
Avg CPU Cycles (per interval) : 13519.00
EPT Cycles / Exec Cycles      : 0.0772
Memory Accesses (load+store)  : 7368
Memory Access Rate (MAR)      : 73.68 accesses/sample_interval(100ms)
RSS (Resident Set Size)       : 1.04 GB



 METRIC 
Avg CPU Cycles (per interval) : 13528.10
EPT Cycles / Exec Cycles      : 0.0776
Memory Accesses (load+store)  : 7368
Memory Access Rate (MAR)      : 73.68 accesses/sample_interval(100ms)
RSS (Resident Set Size)       : 1.04 GB



 METRIC 
Avg CPU Cycles (per interval) : 13523.25
EPT Cycles / Exec Cycles      : 0.0777
Memory Accesses (load+store)  : 7368
Memory Access Rate (MAR)      : 73.68 accesses/sample_interval(100ms)
RSS (Resident Set Size)       : 1.04 GB



 METRIC 
Avg CPU Cycles (per interval) : 13523.25
EPT Cycles / Exec Cycles      : 0.0777
Memory Accesses (load+store)  : 7368
Memory Access Rate (MAR)      : 73.68 accesses/sample_interval(100ms)
RSS (Resident Set Size)       : 1.04 GB



 METRIC 
Avg CPU Cycles (per interval) : 13459.35
EPT Cycles / Exec Cycles      : 0.0766
Memory Accesses (load+store)  : 7386
Memory Access Rate (MAR)      : 73.86 accesses/sample_interval(100ms)
RSS (Resident Set Size)       : 1.04 GB



 METRIC 
Avg CPU Cycles (per interval) : 13459.35
EPT Cycles / Exec Cycles      : 0.0766
Memory Accesses (load+store)  : 7386
Memory Access Rate (MAR)      : 73.86 accesses/sample_interval(100ms)
RSS (Resident Set Size)       : 1.04 GB



 METRIC 
Avg CPU Cycles (per interval) : 13523.90
EPT Cycles / Exec Cycles      : 0.0774
Memory Accesses (load+store)  : 7386
Memory Access Rate (MAR)      : 73.86 accesses/sample_interval(100ms)
RSS (Resident Set Size)       : 1.04 GB



 METRIC 
Avg CPU Cycles (per interval) : 13698.00
EPT Cycles / Exec Cycles      : 0.0772
Memory Accesses (load+store)  : 7466
Memory Access Rate (MAR)      : 74.66 accesses/sample_interval(100ms)
RSS (Resident Set Size)       : 1.04 GB



 METRIC 
Avg CPU Cycles (per interval) : 13552.55
EPT Cycles / Exec Cycles      : 0.0771
Memory Accesses (load+store)  : 7386
Memory Access Rate (MAR)      : 73.86 accesses/sample_interval(100ms)
RSS (Resident Set Size)       : 1.04 GB



 METRIC 
Avg CPU Cycles (per interval) : 13569.45
EPT Cycles / Exec Cycles      : 0.0763
Memory Accesses (load+store)  : 7386
Memory Access Rate (MAR)      : 73.86 accesses/sample_interval(100ms)
RSS (Resident Set Size)       : 1.04 GB



 METRIC 
Avg CPU Cycles (per interval) : 13800.90
EPT Cycles / Exec Cycles      : 0.0768
Memory Accesses (load+store)  : 7466
Memory Access Rate (MAR)      : 74.66 accesses/sample_interval(100ms)
RSS (Resident Set Size)       : 1.04 GB



 METRIC 
Avg CPU Cycles (per interval) : 13700.45
EPT Cycles / Exec Cycles      : 0.0776
Memory Accesses (load+store)  : 7386
Memory Access Rate (MAR)      : 73.86 accesses/sample_interval(100ms)
RSS (Resident Set Size)       : 1.04 GB



 METRIC 
Avg CPU Cycles (per interval) : 13705.70
EPT Cycles / Exec Cycles      : 0.0776
Memory Accesses (load+store)  : 7386
Memory Access Rate (MAR)      : 73.86 accesses/sample_interval(100ms)
RSS (Resident Set Size)       : 1.04 GB



 METRIC 
Avg CPU Cycles (per interval) : 13705.70
EPT Cycles / Exec Cycles      : 0.0785
Memory Accesses (load+store)  : 7467
Memory Access Rate (MAR)      : 74.67 accesses/sample_interval(100ms)
RSS (Resident Set Size)       : 1.04 GB



 METRIC 
Avg CPU Cycles (per interval) : 13640.40
EPT Cycles / Exec Cycles      : 0.0766
Memory Accesses (load+store)  : 7370
Memory Access Rate (MAR)      : 73.70 accesses/sample_interval(100ms)
RSS (Resident Set Size)       : 1.04 GB



 METRIC 
Avg CPU Cycles (per interval) : 13640.40
EPT Cycles / Exec Cycles      : 0.0766
Memory Accesses (load+store)  : 7370
Memory Access Rate (MAR)      : 73.70 accesses/sample_interval(100ms)
RSS (Resident Set Size)       : 1.04 GB



 METRIC 
Avg CPU Cycles (per interval) : 13643.05
EPT Cycles / Exec Cycles      : 0.0766
Memory Accesses (load+store)  : 7370
Memory Access Rate (MAR)      : 73.70 accesses/sample_interval(100ms)
RSS (Resident Set Size)       : 1.04 GB



 METRIC 
Avg CPU Cycles (per interval) : 13564.75
EPT Cycles / Exec Cycles      : 0.0743
Memory Accesses (load+store)  : 7370
Memory Access Rate (MAR)      : 73.70 accesses/sample_interval(100ms)
RSS (Resident Set Size)       : 1.04 GB



 METRIC 
Avg CPU Cycles (per interval) : 13564.75
EPT Cycles / Exec Cycles      : 0.0743
Memory Accesses (load+store)  : 7370
Memory Access Rate (MAR)      : 73.70 accesses/sample_interval(100ms)
RSS (Resident Set Size)       : 1.04 GB



 METRIC 
Avg CPU Cycles (per interval) : 13553.35
EPT Cycles / Exec Cycles      : 0.0747
Memory Accesses (load+store)  : 7370
Memory Access Rate (MAR)      : 73.70 accesses/sample_interval(100ms)
RSS (Resident Set Size)       : 1.04 GB



 METRIC 
Avg CPU Cycles (per interval) : 13903.00
EPT Cycles / Exec Cycles      : 0.0748
Memory Accesses (load+store)  : 7548
Memory Access Rate (MAR)      : 75.48 accesses/sample_interval(100ms)
RSS (Resident Set Size)       : 1.04 GB



 METRIC 
Avg CPU Cycles (per interval) : 13539.30
EPT Cycles / Exec Cycles      : 0.0738
Memory Accesses (load+store)  : 7370
Memory Access Rate (MAR)      : 73.70 accesses/sample_interval(100ms)
RSS (Resident Set Size)       : 1.04 GB



 METRIC 
Avg CPU Cycles (per interval) : 13546.45
EPT Cycles / Exec Cycles      : 0.0735
Memory Accesses (load+store)  : 7370
Memory Access Rate (MAR)      : 73.70 accesses/sample_interval(100ms)
RSS (Resident Set Size)       : 1.04 GB



 METRIC 
Avg CPU Cycles (per interval) : 13704.90
EPT Cycles / Exec Cycles      : 0.0736
Memory Accesses (load+store)  : 7450
Memory Access Rate (MAR)      : 74.50 accesses/sample_interval(100ms)
RSS (Resident Set Size)       : 1.04 GB



 METRIC 
Avg CPU Cycles (per interval) : 2885109.95
EPT Cycles / Exec Cycles      : 0.0472
Memory Accesses (load+store)  : 946677
Memory Access Rate (MAR)      : 9466.77 accesses/sample_interval(100ms)
RSS (Resident Set Size)       : 1.04 GB



 METRIC 
Avg CPU Cycles (per interval) : 9602392.35
EPT Cycles / Exec Cycles      : 0.0374
Memory Accesses (load+store)  : 3148920
Memory Access Rate (MAR)      : 31489.20 accesses/sample_interval(100ms)
RSS (Resident Set Size)       : 1.04 GB



 METRIC 
Avg CPU Cycles (per interval) : 16303158.45
EPT Cycles / Exec Cycles      : 0.0332
Memory Accesses (load+store)  : 5381034
Memory Access Rate (MAR)      : 53810.34 accesses/sample_interval(100ms)
RSS (Resident Set Size)       : 1.04 GB



 METRIC 
Avg CPU Cycles (per interval) : 22984293.20
EPT Cycles / Exec Cycles      : 0.0308
Memory Accesses (load+store)  : 7643362
Memory Access Rate (MAR)      : 76433.62 accesses/sample_interval(100ms)
RSS (Resident Set Size)       : 1.04 GB



 METRIC 
Avg CPU Cycles (per interval) : 29648008.65
EPT Cycles / Exec Cycles      : 0.0286
Memory Accesses (load+store)  : 9922669
Memory Access Rate (MAR)      : 99226.69 accesses/sample_interval(100ms)
RSS (Resident Set Size)       : 1.04 GB



 METRIC 
Avg CPU Cycles (per interval) : 36333303.60
EPT Cycles / Exec Cycles      : 0.0269
Memory Accesses (load+store)  : 12226565
Memory Access Rate (MAR)      : 122265.65 accesses/sample_interval(100ms)
RSS (Resident Set Size)       : 1.04 GB



 METRIC 
Avg CPU Cycles (per interval) : 43017355.10
EPT Cycles / Exec Cycles      : 0.0253
Memory Accesses (load+store)  : 14577660
Memory Access Rate (MAR)      : 145776.60 accesses/sample_interval(100ms)
RSS (Resident Set Size)       : 1.04 GB



 METRIC 
Avg CPU Cycles (per interval) : 49669079.90
EPT Cycles / Exec Cycles      : 0.0238
Memory Accesses (load+store)  : 16964637
Memory Access Rate (MAR)      : 169646.37 accesses/sample_interval(100ms)
RSS (Resident Set Size)       : 1.04 GB



 METRIC 
Avg CPU Cycles (per interval) : 56259821.25
EPT Cycles / Exec Cycles      : 0.0225
Memory Accesses (load+store)  : 19410578
Memory Access Rate (MAR)      : 194105.78 accesses/sample_interval(100ms)
RSS (Resident Set Size)       : 1.04 GB



 METRIC 
Avg CPU Cycles (per interval) : 62878059.80
EPT Cycles / Exec Cycles      : 0.0211
Memory Accesses (load+store)  : 22018633
Memory Access Rate (MAR)      : 220186.33 accesses/sample_interval(100ms)
RSS (Resident Set Size)       : 1.04 GB



 METRIC 
Avg CPU Cycles (per interval) : 69412850.90
EPT Cycles / Exec Cycles      : 0.0195
Memory Accesses (load+store)  : 25107649
Memory Access Rate (MAR)      : 251076.49 accesses/sample_interval(100ms)
RSS (Resident Set Size)       : 1.04 GB



 METRIC 
Avg CPU Cycles (per interval) : 76133648.30
EPT Cycles / Exec Cycles      : 0.0181
Memory Accesses (load+store)  : 28508236
Memory Access Rate (MAR)      : 285082.36 accesses/sample_interval(100ms)
RSS (Resident Set Size)       : 1.04 GB



 METRIC 
Avg CPU Cycles (per interval) : 82813479.55
EPT Cycles / Exec Cycles      : 0.0174
Memory Accesses (load+store)  : 31794608
Memory Access Rate (MAR)      : 317946.08 accesses/sample_interval(100ms)
RSS (Resident Set Size)       : 1.04 GB



 METRIC 
Avg CPU Cycles (per interval) : 90088978.90
EPT Cycles / Exec Cycles      : 0.0162
Memory Accesses (load+store)  : 35325006
Memory Access Rate (MAR)      : 353250.06 accesses/sample_interval(100ms)
RSS (Resident Set Size)       : 1.04 GB



 METRIC 
Avg CPU Cycles (per interval) : 96562234.60
EPT Cycles / Exec Cycles      : 0.0152
Memory Accesses (load+store)  : 38378183
Memory Access Rate (MAR)      : 383781.83 accesses/sample_interval(100ms)
RSS (Resident Set Size)       : 1.04 GB



 METRIC 
Avg CPU Cycles (per interval) : 96562329.05
EPT Cycles / Exec Cycles      : 0.0152
Memory Accesses (load+store)  : 38378183
Memory Access Rate (MAR)      : 383781.83 accesses/sample_interval(100ms)
RSS (Resident Set Size)       : 1.04 GB



 METRIC 
Avg CPU Cycles (per interval) : 96562602.95
EPT Cycles / Exec Cycles      : 0.0152
Memory Accesses (load+store)  : 38378183
Memory Access Rate (MAR)      : 383781.83 accesses/sample_interval(100ms)
RSS (Resident Set Size)       : 1.04 GB



 METRIC 
Avg CPU Cycles (per interval) : 96562685.65
EPT Cycles / Exec Cycles      : 0.0152
Memory Accesses (load+store)  : 38378183
Memory Access Rate (MAR)      : 383781.83 accesses/sample_interval(100ms)
RSS (Resident Set Size)       : 1.04 GB



 METRIC 
Avg CPU Cycles (per interval) : 96562705.95
EPT Cycles / Exec Cycles      : 0.0152
Memory Accesses (load+store)  : 38378183
Memory Access Rate (MAR)      : 383781.83 accesses/sample_interval(100ms)
RSS (Resident Set Size)       : 1.04 GB



 METRIC 
Avg CPU Cycles (per interval) : 96562715.00
EPT Cycles / Exec Cycles      : 0.0152
Memory Accesses (load+store)  : 38378183
Memory Access Rate (MAR)      : 383781.83 accesses/sample_interval(100ms)
RSS (Resident Set Size)       : 1.04 GB



 METRIC 
Avg CPU Cycles (per interval) : 93692298.00
EPT Cycles / Exec Cycles      : 0.0143
Memory Accesses (load+store)  : 37438900
Memory Access Rate (MAR)      : 374389.00 accesses/sample_interval(100ms)
RSS (Resident Set Size)       : 1.04 GB



 METRIC 
Avg CPU Cycles (per interval) : 86975015.60
EPT Cycles / Exec Cycles      : 0.0128
Memory Accesses (load+store)  : 35236657
Memory Access Rate (MAR)      : 352366.57 accesses/sample_interval(100ms)
RSS (Resident Set Size)       : 1.04 GB



 METRIC 
Avg CPU Cycles (per interval) : 80274214.85
EPT Cycles / Exec Cycles      : 0.0116
Memory Accesses (load+store)  : 33004542
Memory Access Rate (MAR)      : 330045.42 accesses/sample_interval(100ms)
RSS (Resident Set Size)       : 1.04 GB



 METRIC 
Avg CPU Cycles (per interval) : 73593067.75
EPT Cycles / Exec Cycles      : 0.0104
Memory Accesses (load+store)  : 30742215
Memory Access Rate (MAR)      : 307422.15 accesses/sample_interval(100ms)
RSS (Resident Set Size)       : 1.04 GB



 METRIC 
Avg CPU Cycles (per interval) : 66929352.30
EPT Cycles / Exec Cycles      : 0.0093
Memory Accesses (load+store)  : 28462908
Memory Access Rate (MAR)      : 284629.08 accesses/sample_interval(100ms)
RSS (Resident Set Size)       : 1.04 GB



 METRIC 
Avg CPU Cycles (per interval) : 60244078.85
EPT Cycles / Exec Cycles      : 0.0082
Memory Accesses (load+store)  : 26159012
Memory Access Rate (MAR)      : 261590.12 accesses/sample_interval(100ms)
RSS (Resident Set Size)       : 1.04 GB



 METRIC 
Avg CPU Cycles (per interval) : 53560144.55
EPT Cycles / Exec Cycles      : 0.0071
Memory Accesses (load+store)  : 23808015
Memory Access Rate (MAR)      : 238080.15 accesses/sample_interval(100ms)
RSS (Resident Set Size)       : 1.04 GB



 METRIC 
Avg CPU Cycles (per interval) : 46908213.55
EPT Cycles / Exec Cycles      : 0.0062
Memory Accesses (load+store)  : 21420940
Memory Access Rate (MAR)      : 214209.40 accesses/sample_interval(100ms)
RSS (Resident Set Size)       : 1.04 GB



 METRIC 
Avg CPU Cycles (per interval) : 40317478.20
EPT Cycles / Exec Cycles      : 0.0052
Memory Accesses (load+store)  : 18974998
Memory Access Rate (MAR)      : 189749.98 accesses/sample_interval(100ms)
RSS (Resident Set Size)       : 1.04 GB



 METRIC 
Avg CPU Cycles (per interval) : 33699389.50
EPT Cycles / Exec Cycles      : 0.0044
Memory Accesses (load+store)  : 16366944
Memory Access Rate (MAR)      : 163669.44 accesses/sample_interval(100ms)
RSS (Resident Set Size)       : 1.04 GB



 METRIC 
Avg CPU Cycles (per interval) : 27164835.05
EPT Cycles / Exec Cycles      : 0.0044
Memory Accesses (load+store)  : 13277926
Memory Access Rate (MAR)      : 132779.26 accesses/sample_interval(100ms)
RSS (Resident Set Size)       : 1.04 GB



 METRIC 
Avg CPU Cycles (per interval) : 20444037.65
EPT Cycles / Exec Cycles      : 0.0045
Memory Accesses (load+store)  : 9877339
Memory Access Rate (MAR)      : 98773.39 accesses/sample_interval(100ms)
RSS (Resident Set Size)       : 1.04 GB



 METRIC 
Avg CPU Cycles (per interval) : 13764208.90
EPT Cycles / Exec Cycles      : 0.0025
Memory Accesses (load+store)  : 6590968
Memory Access Rate (MAR)      : 65909.68 accesses/sample_interval(100ms)
RSS (Resident Set Size)       : 1.04 GB



 METRIC 
Avg CPU Cycles (per interval) : 6488806.40
EPT Cycles / Exec Cycles      : 0.0021
Memory Accesses (load+store)  : 3060569
Memory Access Rate (MAR)      : 30605.69 accesses/sample_interval(100ms)
RSS (Resident Set Size)       : 1.04 GB



 METRIC 
Avg CPU Cycles (per interval) : 15550.70
EPT Cycles / Exec Cycles      : 0.0968
Memory Accesses (load+store)  : 7392
Memory Access Rate (MAR)      : 73.92 accesses/sample_interval(100ms)
RSS (Resident Set Size)       : 1.04 GB



 METRIC 
Avg CPU Cycles (per interval) : 15468.80
EPT Cycles / Exec Cycles      : 0.0950
Memory Accesses (load+store)  : 7392
Memory Access Rate (MAR)      : 73.92 accesses/sample_interval(100ms)
RSS (Resident Set Size)       : 1.04 GB



 METRIC 
Avg CPU Cycles (per interval) : 15222.25
EPT Cycles / Exec Cycles      : 0.0889
Memory Accesses (load+store)  : 7392
Memory Access Rate (MAR)      : 73.92 accesses/sample_interval(100ms)
RSS (Resident Set Size)       : 1.04 GB



 METRIC 
Avg CPU Cycles (per interval) : 15137.20
EPT Cycles / Exec Cycles      : 0.0866
Memory Accesses (load+store)  : 7392
Memory Access Rate (MAR)      : 73.92 accesses/sample_interval(100ms)
RSS (Resident Set Size)       : 1.04 GB



 METRIC 
Avg CPU Cycles (per interval) : 15104.90
EPT Cycles / Exec Cycles      : 0.0858
Memory Accesses (load+store)  : 7392
Memory Access Rate (MAR)      : 73.92 accesses/sample_interval(100ms)
RSS (Resident Set Size)       : 1.04 GB



 METRIC 
Avg CPU Cycles (per interval) : 15091.70
EPT Cycles / Exec Cycles      : 0.0852
Memory Accesses (load+store)  : 7392
Memory Access Rate (MAR)      : 73.92 accesses/sample_interval(100ms)
RSS (Resident Set Size)       : 1.04 GB



 METRIC 
Avg CPU Cycles (per interval) : 13884.85
EPT Cycles / Exec Cycles      : 0.0763
Memory Accesses (load+store)  : 7359
Memory Access Rate (MAR)      : 73.59 accesses/sample_interval(100ms)
RSS (Resident Set Size)       : 1.04 GB



 METRIC 
Avg CPU Cycles (per interval) : 13884.85
EPT Cycles / Exec Cycles      : 0.0763
Memory Accesses (load+store)  : 7359
Memory Access Rate (MAR)      : 73.59 accesses/sample_interval(100ms)
RSS (Resident Set Size)       : 1.04 GB



 METRIC 
Avg CPU Cycles (per interval) : 13880.20
EPT Cycles / Exec Cycles      : 0.0759
Memory Accesses (load+store)  : 7359
Memory Access Rate (MAR)      : 73.59 accesses/sample_interval(100ms)
RSS (Resident Set Size)       : 1.04 GB



 METRIC 
Avg CPU Cycles (per interval) : 13893.55
EPT Cycles / Exec Cycles      : 0.0757
Memory Accesses (load+store)  : 7359
Memory Access Rate (MAR)      : 73.59 accesses/sample_interval(100ms)
RSS (Resident Set Size)       : 1.04 GB



 METRIC 
Avg CPU Cycles (per interval) : 13893.55
EPT Cycles / Exec Cycles      : 0.0757
Memory Accesses (load+store)  : 7359
Memory Access Rate (MAR)      : 73.59 accesses/sample_interval(100ms)
RSS (Resident Set Size)       : 1.04 GB



 METRIC 
Avg CPU Cycles (per interval) : 13899.65
EPT Cycles / Exec Cycles      : 0.0757
Memory Accesses (load+store)  : 7359
Memory Access Rate (MAR)      : 73.59 accesses/sample_interval(100ms)
RSS (Resident Set Size)       : 1.04 GB



 METRIC 
Avg CPU Cycles (per interval) : 13897.00
EPT Cycles / Exec Cycles      : 0.0750
Memory Accesses (load+store)  : 7359
Memory Access Rate (MAR)      : 73.59 accesses/sample_interval(100ms)
RSS (Resident Set Size)       : 1.04 GB



 METRIC 
Avg CPU Cycles (per interval) : 13902.00
EPT Cycles / Exec Cycles      : 0.0751
Memory Accesses (load+store)  : 7359
Memory Access Rate (MAR)      : 73.59 accesses/sample_interval(100ms)
RSS (Resident Set Size)       : 1.04 GB



 METRIC 
Avg CPU Cycles (per interval) : 13900.80
EPT Cycles / Exec Cycles      : 0.0754
Memory Accesses (load+store)  : 7359
Memory Access Rate (MAR)      : 73.59 accesses/sample_interval(100ms)
RSS (Resident Set Size)       : 1.04 GB



 METRIC 
Avg CPU Cycles (per interval) : 14293.45
EPT Cycles / Exec Cycles      : 0.0855
Memory Accesses (load+store)  : 7378
Memory Access Rate (MAR)      : 73.78 accesses/sample_interval(100ms)
RSS (Resident Set Size)       : 1.04 GB



 METRIC 
Avg CPU Cycles (per interval) : 13860.55
EPT Cycles / Exec Cycles      : 0.0922
Memory Accesses (load+store)  : 7387
Memory Access Rate (MAR)      : 73.87 accesses/sample_interval(100ms)
RSS (Resident Set Size)       : 1.04 GB



 METRIC 
Avg CPU Cycles (per interval) : 13860.55
EPT Cycles / Exec Cycles      : 0.0922
Memory Accesses (load+store)  : 7387
Memory Access Rate (MAR)      : 73.87 accesses/sample_interval(100ms)
RSS (Resident Set Size)       : 1.04 GB



 METRIC 
Avg CPU Cycles (per interval) : 13858.00
EPT Cycles / Exec Cycles      : 0.0922
Memory Accesses (load+store)  : 7387
Memory Access Rate (MAR)      : 73.87 accesses/sample_interval(100ms)
RSS (Resident Set Size)       : 1.04 GB



 METRIC 
Avg CPU Cycles (per interval) : 13756.30
EPT Cycles / Exec Cycles      : 0.0905
Memory Accesses (load+store)  : 7387
Memory Access Rate (MAR)      : 73.87 accesses/sample_interval(100ms)
RSS (Resident Set Size)       : 1.04 GB



 METRIC 
Avg CPU Cycles (per interval) : 13756.30
EPT Cycles / Exec Cycles      : 0.0905
Memory Accesses (load+store)  : 7387
Memory Access Rate (MAR)      : 73.87 accesses/sample_interval(100ms)
RSS (Resident Set Size)       : 1.04 GB



 METRIC 
Avg CPU Cycles (per interval) : 13763.40
EPT Cycles / Exec Cycles      : 0.0892
Memory Accesses (load+store)  : 7387
Memory Access Rate (MAR)      : 73.87 accesses/sample_interval(100ms)
RSS (Resident Set Size)       : 1.04 GB



 METRIC 
Avg CPU Cycles (per interval) : 13849.45
EPT Cycles / Exec Cycles      : 0.0881
Memory Accesses (load+store)  : 7388
Memory Access Rate (MAR)      : 73.88 accesses/sample_interval(100ms)
RSS (Resident Set Size)       : 1.04 GB



 METRIC 
Avg CPU Cycles (per interval) : 13854.30
EPT Cycles / Exec Cycles      : 0.0877
Memory Accesses (load+store)  : 7388
Memory Access Rate (MAR)      : 73.88 accesses/sample_interval(100ms)
RSS (Resident Set Size)       : 1.04 GB



 METRIC 
Avg CPU Cycles (per interval) : 14002.00
EPT Cycles / Exec Cycles      : 0.0939
Memory Accesses (load+store)  : 7388
Memory Access Rate (MAR)      : 73.88 accesses/sample_interval(100ms)
RSS (Resident Set Size)       : 1.04 GB



 METRIC 
Avg CPU Cycles (per interval) : 14000.50
EPT Cycles / Exec Cycles      : 0.0945
Memory Accesses (load+store)  : 7388
Memory Access Rate (MAR)      : 73.88 accesses/sample_interval(100ms)
RSS (Resident Set Size)       : 1.04 GB



 METRIC 
Avg CPU Cycles (per interval) : 14104.10
EPT Cycles / Exec Cycles      : 0.1016
Memory Accesses (load+store)  : 7379
Memory Access Rate (MAR)      : 73.79 accesses/sample_interval(100ms)
RSS (Resident Set Size)       : 1.04 GB


=========== ACTION : ENABLE TPT ===========

 METRIC 
Avg CPU Cycles (per interval) : 14104.10
EPT Cycles / Exec Cycles      : 0.1016
Memory Accesses (load+store)  : 7379
Memory Access Rate (MAR)      : 73.79 accesses/sample_interval(100ms)
RSS (Resident Set Size)       : 1.04 GB


=========== ACTION : ENABLE TPT ===========

 METRIC 
Avg CPU Cycles (per interval) : 14145.40
EPT Cycles / Exec Cycles      : 0.1026
Memory Accesses (load+store)  : 7379
Memory Access Rate (MAR)      : 73.79 accesses/sample_interval(100ms)
RSS (Resident Set Size)       : 1.04 GB


=========== ACTION : ENABLE TPT ===========

 METRIC 
Avg CPU Cycles (per interval) : 14140.60
EPT Cycles / Exec Cycles      : 0.1029
Memory Accesses (load+store)  : 7379
Memory Access Rate (MAR)      : 73.79 accesses/sample_interval(100ms)
RSS (Resident Set Size)       : 1.04 GB


=========== ACTION : ENABLE TPT ===========

 METRIC 
Avg CPU Cycles (per interval) : 14140.60
EPT Cycles / Exec Cycles      : 0.1029
Memory Accesses (load+store)  : 7379
Memory Access Rate (MAR)      : 73.79 accesses/sample_interval(100ms)
RSS (Resident Set Size)       : 1.04 GB


=========== ACTION : ENABLE TPT ===========

 METRIC 
Avg CPU Cycles (per interval) : 14125.40
EPT Cycles / Exec Cycles      : 0.1039
Memory Accesses (load+store)  : 7379
Memory Access Rate (MAR)      : 73.79 accesses/sample_interval(100ms)
RSS (Resident Set Size)       : 1.04 GB


=========== ACTION : ENABLE TPT ===========

 METRIC 
Avg CPU Cycles (per interval) : 15324.40
EPT Cycles / Exec Cycles      : 0.1308
Memory Accesses (load+store)  : 7379
Memory Access Rate (MAR)      : 73.79 accesses/sample_interval(100ms)
RSS (Resident Set Size)       : 1.04 GB


=========== ACTION : ENABLE TPT ===========

 METRIC 
Avg CPU Cycles (per interval) : 15661.45
EPT Cycles / Exec Cycles      : 0.1382
Memory Accesses (load+store)  : 7379
Memory Access Rate (MAR)      : 73.79 accesses/sample_interval(100ms)
RSS (Resident Set Size)       : 1.04 GB


=========== ACTION : ENABLE TPT ===========

 METRIC 
Avg CPU Cycles (per interval) : 16003.40
EPT Cycles / Exec Cycles      : 0.1454
Memory Accesses (load+store)  : 7379
Memory Access Rate (MAR)      : 73.79 accesses/sample_interval(100ms)
RSS (Resident Set Size)       : 1.04 GB


=========== ACTION : ENABLE TPT ===========

 METRIC 
Avg CPU Cycles (per interval) : 15774.45
EPT Cycles / Exec Cycles      : 0.1415
Memory Accesses (load+store)  : 7360
Memory Access Rate (MAR)      : 73.59 accesses/sample_interval(100ms)
RSS (Resident Set Size)       : 1.04 GB


=========== ACTION : ENABLE TPT ===========

 METRIC 
Avg CPU Cycles (per interval) : 16073.85
EPT Cycles / Exec Cycles      : 0.1476
Memory Accesses (load+store)  : 7360
Memory Access Rate (MAR)      : 73.59 accesses/sample_interval(100ms)
RSS (Resident Set Size)       : 1.04 GB


=========== ACTION : ENABLE TPT ===========

 METRIC 
Avg CPU Cycles (per interval) : 16073.85
EPT Cycles / Exec Cycles      : 0.1476
Memory Accesses (load+store)  : 7360
Memory Access Rate (MAR)      : 73.59 accesses/sample_interval(100ms)
RSS (Resident Set Size)       : 1.04 GB


=========== ACTION : ENABLE TPT ===========

 METRIC 
Avg CPU Cycles (per interval) : 16242.95
EPT Cycles / Exec Cycles      : 0.1518
Memory Accesses (load+store)  : 7360
Memory Access Rate (MAR)      : 73.59 accesses/sample_interval(100ms)
RSS (Resident Set Size)       : 1.04 GB


=========== ACTION : ENABLE TPT ===========

 METRIC 
Avg CPU Cycles (per interval) : 16505.45
EPT Cycles / Exec Cycles      : 0.1573
Memory Accesses (load+store)  : 7360
Memory Access Rate (MAR)      : 73.59 accesses/sample_interval(100ms)
RSS (Resident Set Size)       : 1.04 GB


=========== ACTION : ENABLE TPT ===========

 METRIC 
Avg CPU Cycles (per interval) : 16505.45
EPT Cycles / Exec Cycles      : 0.1573
Memory Accesses (load+store)  : 7360
Memory Access Rate (MAR)      : 73.59 accesses/sample_interval(100ms)
RSS (Resident Set Size)       : 1.04 GB


=========== ACTION : ENABLE TPT ===========

 METRIC 
Avg CPU Cycles (per interval) : 16918.25
EPT Cycles / Exec Cycles      : 0.1659
Memory Accesses (load+store)  : 7360
Memory Access Rate (MAR)      : 73.59 accesses/sample_interval(100ms)
RSS (Resident Set Size)       : 1.04 GB


=========== ACTION : ENABLE TPT ===========

 METRIC 
Avg CPU Cycles (per interval) : 17281.00
EPT Cycles / Exec Cycles      : 0.1704
Memory Accesses (load+store)  : 7359
Memory Access Rate (MAR)      : 73.59 accesses/sample_interval(100ms)
RSS (Resident Set Size)       : 1.04 GB


=========== ACTION : ENABLE TPT ===========

 METRIC 
Avg CPU Cycles (per interval) : 17355.00
EPT Cycles / Exec Cycles      : 0.1706
Memory Accesses (load+store)  : 7359
Memory Access Rate (MAR)      : 73.59 accesses/sample_interval(100ms)
RSS (Resident Set Size)       : 1.04 GB


=========== ACTION : ENABLE TPT ===========

 METRIC 
Avg CPU Cycles (per interval) : 17260.45
EPT Cycles / Exec Cycles      : 0.1661
Memory Accesses (load+store)  : 7359
Memory Access Rate (MAR)      : 73.59 accesses/sample_interval(100ms)
RSS (Resident Set Size)       : 1.04 GB


=========== ACTION : ENABLE TPT ===========

 METRIC 
Avg CPU Cycles (per interval) : 17107.65
EPT Cycles / Exec Cycles      : 0.1664
Memory Accesses (load+store)  : 7279
Memory Access Rate (MAR)      : 72.79 accesses/sample_interval(100ms)
RSS (Resident Set Size)       : 1.04 GB


=========== ACTION : ENABLE TPT ===========

 METRIC 
Avg CPU Cycles (per interval) : 17394.80
EPT Cycles / Exec Cycles      : 0.1611
Memory Accesses (load+store)  : 7386
Memory Access Rate (MAR)      : 73.86 accesses/sample_interval(100ms)
RSS (Resident Set Size)       : 1.04 GB


=========== ACTION : ENABLE TPT ===========

 METRIC 
Avg CPU Cycles (per interval) : 17394.80
EPT Cycles / Exec Cycles      : 0.1611
Memory Accesses (load+store)  : 7386
Memory Access Rate (MAR)      : 73.86 accesses/sample_interval(100ms)
RSS (Resident Set Size)       : 1.04 GB


=========== ACTION : ENABLE TPT ===========

 METRIC 
Avg CPU Cycles (per interval) : 17369.30
EPT Cycles / Exec Cycles      : 0.1596
Memory Accesses (load+store)  : 7386
Memory Access Rate (MAR)      : 73.86 accesses/sample_interval(100ms)
RSS (Resident Set Size)       : 1.04 GB


=========== ACTION : ENABLE TPT ===========

 METRIC 
Avg CPU Cycles (per interval) : 17403.60
EPT Cycles / Exec Cycles      : 0.1589
Memory Accesses (load+store)  : 7386
Memory Access Rate (MAR)      : 73.86 accesses/sample_interval(100ms)
RSS (Resident Set Size)       : 1.04 GB


=========== ACTION : ENABLE TPT ===========

 METRIC 
Avg CPU Cycles (per interval) : 17403.60
EPT Cycles / Exec Cycles      : 0.1589
Memory Accesses (load+store)  : 7386
Memory Access Rate (MAR)      : 73.86 accesses/sample_interval(100ms)
RSS (Resident Set Size)       : 1.04 GB


=========== ACTION : ENABLE TPT ===========

 METRIC 
Avg CPU Cycles (per interval) : 17429.85
EPT Cycles / Exec Cycles      : 0.1596
Memory Accesses (load+store)  : 7386
Memory Access Rate (MAR)      : 73.86 accesses/sample_interval(100ms)
RSS (Resident Set Size)       : 1.04 GB


=========== ACTION : ENABLE TPT ===========

 METRIC 
Avg CPU Cycles (per interval) : 15957.50
EPT Cycles / Exec Cycles      : 0.1403
Memory Accesses (load+store)  : 7207
Memory Access Rate (MAR)      : 72.07 accesses/sample_interval(100ms)
RSS (Resident Set Size)       : 1.04 GB


=========== ACTION : ENABLE TPT ===========

 METRIC 
Avg CPU Cycles (per interval) : 15978.55
EPT Cycles / Exec Cycles      : 0.1308
Memory Accesses (load+store)  : 7386
Memory Access Rate (MAR)      : 73.86 accesses/sample_interval(100ms)
RSS (Resident Set Size)       : 1.04 GB


=========== ACTION : ENABLE TPT ===========

 METRIC 
Avg CPU Cycles (per interval) : 15622.05
EPT Cycles / Exec Cycles      : 0.1223
Memory Accesses (load+store)  : 7386
Memory Access Rate (MAR)      : 73.86 accesses/sample_interval(100ms)
RSS (Resident Set Size)       : 1.04 GB


=========== ACTION : ENABLE TPT ===========

 METRIC 
Avg CPU Cycles (per interval) : 15308.50
EPT Cycles / Exec Cycles      : 0.1189
Memory Accesses (load+store)  : 7306
Memory Access Rate (MAR)      : 73.06 accesses/sample_interval(100ms)
RSS (Resident Set Size)       : 1.04 GB


=========== ACTION : ENABLE TPT ===========

 METRIC 
Avg CPU Cycles (per interval) : 15033.25
EPT Cycles / Exec Cycles      : 0.1087
Memory Accesses (load+store)  : 7377
Memory Access Rate (MAR)      : 73.77 accesses/sample_interval(100ms)
RSS (Resident Set Size)       : 1.04 GB


=========== ACTION : ENABLE TPT ===========

 METRIC 
Avg CPU Cycles (per interval) : 15033.25
EPT Cycles / Exec Cycles      : 0.1087
Memory Accesses (load+store)  : 7377
Memory Access Rate (MAR)      : 73.77 accesses/sample_interval(100ms)
RSS (Resident Set Size)       : 1.04 GB


=========== ACTION : ENABLE TPT ===========

 METRIC 
Avg CPU Cycles (per interval) : 14897.90
EPT Cycles / Exec Cycles      : 0.1044
Memory Accesses (load+store)  : 7377
Memory Access Rate (MAR)      : 73.77 accesses/sample_interval(100ms)
RSS (Resident Set Size)       : 1.04 GB


=========== ACTION : ENABLE TPT ===========

 METRIC 
Avg CPU Cycles (per interval) : 14614.95
EPT Cycles / Exec Cycles      : 0.0932
Memory Accesses (load+store)  : 7377
Memory Access Rate (MAR)      : 73.77 accesses/sample_interval(100ms)
RSS (Resident Set Size)       : 1.04 GB



 METRIC 
Avg CPU Cycles (per interval) : 14614.95
EPT Cycles / Exec Cycles      : 0.0932
Memory Accesses (load+store)  : 7377
Memory Access Rate (MAR)      : 73.77 accesses/sample_interval(100ms)
RSS (Resident Set Size)       : 1.04 GB



 METRIC 
Avg CPU Cycles (per interval) : 14134.85
EPT Cycles / Exec Cycles      : 0.0778
Memory Accesses (load+store)  : 7377
Memory Access Rate (MAR)      : 73.77 accesses/sample_interval(100ms)
RSS (Resident Set Size)       : 1.04 GB



 METRIC 
Avg CPU Cycles (per interval) : 13257.55
EPT Cycles / Exec Cycles      : 0.0657
Memory Accesses (load+store)  : 7198
Memory Access Rate (MAR)      : 71.98 accesses/sample_interval(100ms)
RSS (Resident Set Size)       : 1.04 GB



 METRIC 
Avg CPU Cycles (per interval) : 13409.40
EPT Cycles / Exec Cycles      : 0.0622
Memory Accesses (load+store)  : 7377
Memory Access Rate (MAR)      : 73.77 accesses/sample_interval(100ms)
RSS (Resident Set Size)       : 1.04 GB



 METRIC 
Avg CPU Cycles (per interval) : 13354.70
EPT Cycles / Exec Cycles      : 0.0619
Memory Accesses (load+store)  : 7377
Memory Access Rate (MAR)      : 73.77 accesses/sample_interval(100ms)
RSS (Resident Set Size)       : 1.04 GB



 METRIC 
Avg CPU Cycles (per interval) : 13354.70
EPT Cycles / Exec Cycles      : 0.0619
Memory Accesses (load+store)  : 7377
Memory Access Rate (MAR)      : 73.77 accesses/sample_interval(100ms)
RSS (Resident Set Size)       : 1.04 GB



 METRIC 
Avg CPU Cycles (per interval) : 13591.85
EPT Cycles / Exec Cycles      : 0.0785
Memory Accesses (load+store)  : 7368
Memory Access Rate (MAR)      : 73.68 accesses/sample_interval(100ms)
RSS (Resident Set Size)       : 1.04 GB



 METRIC 
Avg CPU Cycles (per interval) : 13591.85
EPT Cycles / Exec Cycles      : 0.0785
Memory Accesses (load+store)  : 7368
Memory Access Rate (MAR)      : 73.68 accesses/sample_interval(100ms)
RSS (Resident Set Size)       : 1.04 GB



 METRIC 
Avg CPU Cycles (per interval) : 13543.95
EPT Cycles / Exec Cycles      : 0.0785
Memory Accesses (load+store)  : 7368
Memory Access Rate (MAR)      : 73.68 accesses/sample_interval(100ms)
RSS (Resident Set Size)       : 1.04 GB



 METRIC 
Avg CPU Cycles (per interval) : 13478.15
EPT Cycles / Exec Cycles      : 0.0782
Memory Accesses (load+store)  : 7368
Memory Access Rate (MAR)      : 73.68 accesses/sample_interval(100ms)
RSS (Resident Set Size)       : 1.04 GB



 METRIC 
Avg CPU Cycles (per interval) : 13478.15
EPT Cycles / Exec Cycles      : 0.0782
Memory Accesses (load+store)  : 7368
Memory Access Rate (MAR)      : 73.68 accesses/sample_interval(100ms)
RSS (Resident Set Size)       : 1.04 GB



 METRIC 
Avg CPU Cycles (per interval) : 13485.25
EPT Cycles / Exec Cycles      : 0.0777
Memory Accesses (load+store)  : 7368
Memory Access Rate (MAR)      : 73.68 accesses/sample_interval(100ms)
RSS (Resident Set Size)       : 1.04 GB



 METRIC 
Avg CPU Cycles (per interval) : 13428.50
EPT Cycles / Exec Cycles      : 0.0775
Memory Accesses (load+store)  : 7368
Memory Access Rate (MAR)      : 73.68 accesses/sample_interval(100ms)
RSS (Resident Set Size)       : 1.04 GB



 METRIC 
Avg CPU Cycles (per interval) : 13393.45
EPT Cycles / Exec Cycles      : 0.0786
Memory Accesses (load+store)  : 7368
Memory Access Rate (MAR)      : 73.68 accesses/sample_interval(100ms)
RSS (Resident Set Size)       : 1.04 GB



 METRIC 
Avg CPU Cycles (per interval) : 13398.35
EPT Cycles / Exec Cycles      : 0.0787
Memory Accesses (load+store)  : 7368
Memory Access Rate (MAR)      : 73.68 accesses/sample_interval(100ms)
RSS (Resident Set Size)       : 1.04 GB



 METRIC 
Avg CPU Cycles (per interval) : 13398.35
EPT Cycles / Exec Cycles      : 0.0787
Memory Accesses (load+store)  : 7368
Memory Access Rate (MAR)      : 73.68 accesses/sample_interval(100ms)
RSS (Resident Set Size)       : 1.04 GB



 METRIC 
Avg CPU Cycles (per interval) : 13619.70
EPT Cycles / Exec Cycles      : 0.0790
Memory Accesses (load+store)  : 7387
Memory Access Rate (MAR)      : 73.87 accesses/sample_interval(100ms)
RSS (Resident Set Size)       : 1.04 GB



 METRIC 
Avg CPU Cycles (per interval) : 13619.70
EPT Cycles / Exec Cycles      : 0.0790
Memory Accesses (load+store)  : 7387
Memory Access Rate (MAR)      : 73.87 accesses/sample_interval(100ms)
RSS (Resident Set Size)       : 1.04 GB



 METRIC 
Avg CPU Cycles (per interval) : 13585.80
EPT Cycles / Exec Cycles      : 0.0782
Memory Accesses (load+store)  : 7387
Memory Access Rate (MAR)      : 73.87 accesses/sample_interval(100ms)
RSS (Resident Set Size)       : 1.04 GB



 METRIC 
Avg CPU Cycles (per interval) : 13473.25
EPT Cycles / Exec Cycles      : 0.0766
Memory Accesses (load+store)  : 7387
Memory Access Rate (MAR)      : 73.87 accesses/sample_interval(100ms)
RSS (Resident Set Size)       : 1.04 GB



 METRIC 
Avg CPU Cycles (per interval) : 13473.25
EPT Cycles / Exec Cycles      : 0.0766
Memory Accesses (load+store)  : 7387
Memory Access Rate (MAR)      : 73.87 accesses/sample_interval(100ms)
RSS (Resident Set Size)       : 1.04 GB



 METRIC 
Avg CPU Cycles (per interval) : 13548.80
EPT Cycles / Exec Cycles      : 0.0786
Memory Accesses (load+store)  : 7387
Memory Access Rate (MAR)      : 73.87 accesses/sample_interval(100ms)
RSS (Resident Set Size)       : 1.04 GB



 METRIC 
Avg CPU Cycles (per interval) : 13934.95
EPT Cycles / Exec Cycles      : 0.0758
Memory Accesses (load+store)  : 7387
Memory Access Rate (MAR)      : 73.87 accesses/sample_interval(100ms)
RSS (Resident Set Size)       : 1.04 GB



 METRIC 
Avg CPU Cycles (per interval) : 13958.00
EPT Cycles / Exec Cycles      : 0.0748
Memory Accesses (load+store)  : 7387
Memory Access Rate (MAR)      : 73.87 accesses/sample_interval(100ms)
RSS (Resident Set Size)       : 1.04 GB



 METRIC 
Avg CPU Cycles (per interval) : 13952.40
EPT Cycles / Exec Cycles      : 0.0736
Memory Accesses (load+store)  : 7387
Memory Access Rate (MAR)      : 73.87 accesses/sample_interval(100ms)
RSS (Resident Set Size)       : 1.04 GB



 METRIC 
Avg CPU Cycles (per interval) : 13952.40
EPT Cycles / Exec Cycles      : 0.0736
Memory Accesses (load+store)  : 7387
Memory Access Rate (MAR)      : 73.87 accesses/sample_interval(100ms)
RSS (Resident Set Size)       : 1.04 GB



 METRIC 
Avg CPU Cycles (per interval) : 13695.60
EPT Cycles / Exec Cycles      : 0.0507
Memory Accesses (load+store)  : 7396
Memory Access Rate (MAR)      : 73.96 accesses/sample_interval(100ms)
RSS (Resident Set Size)       : 1.04 GB



 METRIC 
Avg CPU Cycles (per interval) : 13695.60
EPT Cycles / Exec Cycles      : 0.0507
Memory Accesses (load+store)  : 7396
Memory Access Rate (MAR)      : 73.96 accesses/sample_interval(100ms)
RSS (Resident Set Size)       : 1.04 GB



 METRIC 
Avg CPU Cycles (per interval) : 13716.00
EPT Cycles / Exec Cycles      : 0.0507
Memory Accesses (load+store)  : 7396
Memory Access Rate (MAR)      : 73.96 accesses/sample_interval(100ms)
RSS (Resident Set Size)       : 1.04 GB



 METRIC 
Avg CPU Cycles (per interval) : 13730.20
EPT Cycles / Exec Cycles      : 0.0505
Memory Accesses (load+store)  : 7396
Memory Access Rate (MAR)      : 73.96 accesses/sample_interval(100ms)
RSS (Resident Set Size)       : 1.04 GB



 METRIC 
Avg CPU Cycles (per interval) : 13730.20
EPT Cycles / Exec Cycles      : 0.0505
Memory Accesses (load+store)  : 7396
Memory Access Rate (MAR)      : 73.96 accesses/sample_interval(100ms)
RSS (Resident Set Size)       : 1.04 GB



 METRIC 
Avg CPU Cycles (per interval) : 13680.85
EPT Cycles / Exec Cycles      : 0.0489
Memory Accesses (load+store)  : 7396
Memory Access Rate (MAR)      : 73.96 accesses/sample_interval(100ms)
RSS (Resident Set Size)       : 1.04 GB



 METRIC 
Avg CPU Cycles (per interval) : 13658.75
EPT Cycles / Exec Cycles      : 0.0484
Memory Accesses (load+store)  : 7396
Memory Access Rate (MAR)      : 73.96 accesses/sample_interval(100ms)
RSS (Resident Set Size)       : 1.04 GB



 METRIC 
Avg CPU Cycles (per interval) : 13721.20
EPT Cycles / Exec Cycles      : 0.0491
Memory Accesses (load+store)  : 7396
Memory Access Rate (MAR)      : 73.96 accesses/sample_interval(100ms)
RSS (Resident Set Size)       : 1.04 GB



 METRIC 
Avg CPU Cycles (per interval) : 1560654.20
EPT Cycles / Exec Cycles      : 0.1156
Memory Accesses (load+store)  : 459093
Memory Access Rate (MAR)      : 4590.93 accesses/sample_interval(100ms)
RSS (Resident Set Size)       : 1.04 GB


=========== ACTION : ENABLE TPT ===========

 METRIC 
Avg CPU Cycles (per interval) : 3841485.75
EPT Cycles / Exec Cycles      : 0.1033
Memory Accesses (load+store)  : 1206168
Memory Access Rate (MAR)      : 12061.68 accesses/sample_interval(100ms)
RSS (Resident Set Size)       : 1.04 GB


=========== ACTION : ENABLE TPT ===========

 METRIC 
Avg CPU Cycles (per interval) : 6091201.50
EPT Cycles / Exec Cycles      : 0.0979
Memory Accesses (load+store)  : 1978898
Memory Access Rate (MAR)      : 19788.98 accesses/sample_interval(100ms)
RSS (Resident Set Size)       : 1.04 GB



 METRIC 
Avg CPU Cycles (per interval) : 8189164.05
EPT Cycles / Exec Cycles      : 0.0945
Memory Accesses (load+store)  : 2719039
Memory Access Rate (MAR)      : 27190.39 accesses/sample_interval(100ms)
RSS (Resident Set Size)       : 1.04 GB



 METRIC 
Avg CPU Cycles (per interval) : 10414054.35
EPT Cycles / Exec Cycles      : 0.0922
Memory Accesses (load+store)  : 3520107
Memory Access Rate (MAR)      : 35201.07 accesses/sample_interval(100ms)
RSS (Resident Set Size)       : 1.04 GB



 METRIC 
Avg CPU Cycles (per interval) : 12620656.85
EPT Cycles / Exec Cycles      : 0.0905
Memory Accesses (load+store)  : 4323688
Memory Access Rate (MAR)      : 43236.88 accesses/sample_interval(100ms)
RSS (Resident Set Size)       : 1.04 GB



 METRIC 
Avg CPU Cycles (per interval) : 14811200.20
EPT Cycles / Exec Cycles      : 0.0890
Memory Accesses (load+store)  : 5132443
Memory Access Rate (MAR)      : 51324.43 accesses/sample_interval(100ms)
RSS (Resident Set Size)       : 1.04 GB



 METRIC 
Avg CPU Cycles (per interval) : 16987192.15
EPT Cycles / Exec Cycles      : 0.0879
Memory Accesses (load+store)  : 5942784
Memory Access Rate (MAR)      : 59427.84 accesses/sample_interval(100ms)
RSS (Resident Set Size)       : 1.04 GB



 METRIC 
Avg CPU Cycles (per interval) : 19164311.85
EPT Cycles / Exec Cycles      : 0.0869
Memory Accesses (load+store)  : 6759469
Memory Access Rate (MAR)      : 67594.69 accesses/sample_interval(100ms)
RSS (Resident Set Size)       : 1.04 GB



 METRIC 
Avg CPU Cycles (per interval) : 21334653.05
EPT Cycles / Exec Cycles      : 0.0861
Memory Accesses (load+store)  : 7575347
Memory Access Rate (MAR)      : 75753.47 accesses/sample_interval(100ms)
RSS (Resident Set Size)       : 1.04 GB



 METRIC 
Avg CPU Cycles (per interval) : 23481361.65
EPT Cycles / Exec Cycles      : 0.0854
Memory Accesses (load+store)  : 8383610
Memory Access Rate (MAR)      : 83836.10 accesses/sample_interval(100ms)
RSS (Resident Set Size)       : 1.04 GB



 METRIC 
Avg CPU Cycles (per interval) : 25631234.85
EPT Cycles / Exec Cycles      : 0.0848
Memory Accesses (load+store)  : 9193330
Memory Access Rate (MAR)      : 91933.30 accesses/sample_interval(100ms)
RSS (Resident Set Size)       : 1.04 GB



 METRIC 
Avg CPU Cycles (per interval) : 27756889.30
EPT Cycles / Exec Cycles      : 0.0843
Memory Accesses (load+store)  : 9993784
Memory Access Rate (MAR)      : 99937.84 accesses/sample_interval(100ms)
RSS (Resident Set Size)       : 1.04 GB



 METRIC 
Avg CPU Cycles (per interval) : 29926623.65
EPT Cycles / Exec Cycles      : 0.0838
Memory Accesses (load+store)  : 10817310
Memory Access Rate (MAR)      : 108173.10 accesses/sample_interval(100ms)
RSS (Resident Set Size)       : 1.04 GB



 METRIC 
Avg CPU Cycles (per interval) : 32100579.15
EPT Cycles / Exec Cycles      : 0.0834
Memory Accesses (load+store)  : 11638668
Memory Access Rate (MAR)      : 116386.68 accesses/sample_interval(100ms)
RSS (Resident Set Size)       : 1.04 GB



 METRIC 
Avg CPU Cycles (per interval) : 34255460.45
EPT Cycles / Exec Cycles      : 0.0830
Memory Accesses (load+store)  : 12456648
Memory Access Rate (MAR)      : 124566.48 accesses/sample_interval(100ms)
RSS (Resident Set Size)       : 1.04 GB



 METRIC 
Avg CPU Cycles (per interval) : 36419676.50
EPT Cycles / Exec Cycles      : 0.0827
Memory Accesses (load+store)  : 13279806
Memory Access Rate (MAR)      : 132798.06 accesses/sample_interval(100ms)
RSS (Resident Set Size)       : 1.04 GB



 METRIC 
Avg CPU Cycles (per interval) : 38634283.95
EPT Cycles / Exec Cycles      : 0.0825
Memory Accesses (load+store)  : 14110644
Memory Access Rate (MAR)      : 141106.44 accesses/sample_interval(100ms)
RSS (Resident Set Size)       : 1.04 GB



 METRIC 
Avg CPU Cycles (per interval) : 40712921.65
EPT Cycles / Exec Cycles      : 0.0820
Memory Accesses (load+store)  : 14877662
Memory Access Rate (MAR)      : 148776.62 accesses/sample_interval(100ms)
RSS (Resident Set Size)       : 1.04 GB



 METRIC 
Avg CPU Cycles (per interval) : 42970390.00
EPT Cycles / Exec Cycles      : 0.0815
Memory Accesses (load+store)  : 15708498
Memory Access Rate (MAR)      : 157084.98 accesses/sample_interval(100ms)
RSS (Resident Set Size)       : 1.04 GB



 METRIC 
Avg CPU Cycles (per interval) : 43738977.85
EPT Cycles / Exec Cycles      : 0.0798
Memory Accesses (load+store)  : 16100395
Memory Access Rate (MAR)      : 161003.95 accesses/sample_interval(100ms)
RSS (Resident Set Size)       : 1.04 GB



 METRIC 
Avg CPU Cycles (per interval) : 43747564.95
EPT Cycles / Exec Cycles      : 0.0786
Memory Accesses (load+store)  : 16188608
Memory Access Rate (MAR)      : 161886.08 accesses/sample_interval(100ms)
RSS (Resident Set Size)       : 1.04 GB



 METRIC 
Avg CPU Cycles (per interval) : 43764278.40
EPT Cycles / Exec Cycles      : 0.0777
Memory Accesses (load+store)  : 16241503
Memory Access Rate (MAR)      : 162415.03 accesses/sample_interval(100ms)
RSS (Resident Set Size)       : 1.04 GB



 METRIC 
Avg CPU Cycles (per interval) : 43925669.85
EPT Cycles / Exec Cycles      : 0.0772
Memory Accesses (load+store)  : 16333398
Memory Access Rate (MAR)      : 163333.98 accesses/sample_interval(100ms)
RSS (Resident Set Size)       : 1.04 GB



 METRIC 
Avg CPU Cycles (per interval) : 43957940.85
EPT Cycles / Exec Cycles      : 0.0766
Memory Accesses (load+store)  : 16367351
Memory Access Rate (MAR)      : 163673.51 accesses/sample_interval(100ms)
RSS (Resident Set Size)       : 1.04 GB



 METRIC 
Avg CPU Cycles (per interval) : 44038130.75
EPT Cycles / Exec Cycles      : 0.0761
Memory Accesses (load+store)  : 16404905
Memory Access Rate (MAR)      : 164049.05 accesses/sample_interval(100ms)
RSS (Resident Set Size)       : 1.04 GB



 METRIC 
Avg CPU Cycles (per interval) : 44143533.30
EPT Cycles / Exec Cycles      : 0.0757
Memory Accesses (load+store)  : 16434747
Memory Access Rate (MAR)      : 164347.47 accesses/sample_interval(100ms)
RSS (Resident Set Size)       : 1.04 GB



 METRIC 
Avg CPU Cycles (per interval) : 44251404.55
EPT Cycles / Exec Cycles      : 0.0753
Memory Accesses (load+store)  : 16459915
Memory Access Rate (MAR)      : 164599.15 accesses/sample_interval(100ms)
RSS (Resident Set Size)       : 1.04 GB



 METRIC 
Avg CPU Cycles (per interval) : 44364065.35
EPT Cycles / Exec Cycles      : 0.0750
Memory Accesses (load+store)  : 16482904
Memory Access Rate (MAR)      : 164829.04 accesses/sample_interval(100ms)
RSS (Resident Set Size)       : 1.04 GB



 METRIC 
Avg CPU Cycles (per interval) : 44477426.10
EPT Cycles / Exec Cycles      : 0.0747
Memory Accesses (load+store)  : 16500397
Memory Access Rate (MAR)      : 165003.97 accesses/sample_interval(100ms)
RSS (Resident Set Size)       : 1.04 GB



 METRIC 
Avg CPU Cycles (per interval) : 44626956.05
EPT Cycles / Exec Cycles      : 0.0744
Memory Accesses (load+store)  : 16528517
Memory Access Rate (MAR)      : 165285.17 accesses/sample_interval(100ms)
RSS (Resident Set Size)       : 1.04 GB



 METRIC 
Avg CPU Cycles (per interval) : 44819953.10
EPT Cycles / Exec Cycles      : 0.0741
Memory Accesses (load+store)  : 16564997
Memory Access Rate (MAR)      : 165649.97 accesses/sample_interval(100ms)
RSS (Resident Set Size)       : 1.04 GB



 METRIC 
Avg CPU Cycles (per interval) : 44941491.40
EPT Cycles / Exec Cycles      : 0.0738
Memory Accesses (load+store)  : 16585435
Memory Access Rate (MAR)      : 165854.35 accesses/sample_interval(100ms)
RSS (Resident Set Size)       : 1.04 GB



 METRIC 
Avg CPU Cycles (per interval) : 45044989.85
EPT Cycles / Exec Cycles      : 0.0736
Memory Accesses (load+store)  : 16592953
Memory Access Rate (MAR)      : 165929.53 accesses/sample_interval(100ms)
RSS (Resident Set Size)       : 1.04 GB



 METRIC 
Avg CPU Cycles (per interval) : 45141248.25
EPT Cycles / Exec Cycles      : 0.0735
Memory Accesses (load+store)  : 16604311
Memory Access Rate (MAR)      : 166043.11 accesses/sample_interval(100ms)
RSS (Resident Set Size)       : 1.04 GB



 METRIC 
Avg CPU Cycles (per interval) : 45283913.35
EPT Cycles / Exec Cycles      : 0.0733
Memory Accesses (load+store)  : 16620834
Memory Access Rate (MAR)      : 166208.34 accesses/sample_interval(100ms)
RSS (Resident Set Size)       : 1.04 GB



 METRIC 
Avg CPU Cycles (per interval) : 45445166.50
EPT Cycles / Exec Cycles      : 0.0730
Memory Accesses (load+store)  : 16643003
Memory Access Rate (MAR)      : 166430.03 accesses/sample_interval(100ms)
RSS (Resident Set Size)       : 1.04 GB



 METRIC 
Avg CPU Cycles (per interval) : 45524444.60
EPT Cycles / Exec Cycles      : 0.0726
Memory Accesses (load+store)  : 16649593
Memory Access Rate (MAR)      : 166495.93 accesses/sample_interval(100ms)
RSS (Resident Set Size)       : 1.04 GB



 METRIC 
Avg CPU Cycles (per interval) : 45716277.55
EPT Cycles / Exec Cycles      : 0.0726
Memory Accesses (load+store)  : 16714765
Memory Access Rate (MAR)      : 167147.65 accesses/sample_interval(100ms)
RSS (Resident Set Size)       : 1.04 GB



 METRIC 
Avg CPU Cycles (per interval) : 45759865.75
EPT Cycles / Exec Cycles      : 0.0726
Memory Accesses (load+store)  : 16721702
Memory Access Rate (MAR)      : 167217.02 accesses/sample_interval(100ms)
RSS (Resident Set Size)       : 1.04 GB



 METRIC 
Avg CPU Cycles (per interval) : 45717226.80
EPT Cycles / Exec Cycles      : 0.0727
Memory Accesses (load+store)  : 16711767
Memory Access Rate (MAR)      : 167117.67 accesses/sample_interval(100ms)
RSS (Resident Set Size)       : 1.04 GB



 METRIC 
Avg CPU Cycles (per interval) : 45759559.95
EPT Cycles / Exec Cycles      : 0.0727
Memory Accesses (load+store)  : 16720787
Memory Access Rate (MAR)      : 167207.87 accesses/sample_interval(100ms)
RSS (Resident Set Size)       : 1.04 GB



 METRIC 
Avg CPU Cycles (per interval) : 45730974.20
EPT Cycles / Exec Cycles      : 0.0728
Memory Accesses (load+store)  : 16712072
Memory Access Rate (MAR)      : 167120.72 accesses/sample_interval(100ms)
RSS (Resident Set Size)       : 1.04 GB



 METRIC 
Avg CPU Cycles (per interval) : 45766712.05
EPT Cycles / Exec Cycles      : 0.0728
Memory Accesses (load+store)  : 16719930
Memory Access Rate (MAR)      : 167199.30 accesses/sample_interval(100ms)
RSS (Resident Set Size)       : 1.04 GB



 METRIC 
Avg CPU Cycles (per interval) : 45796268.30
EPT Cycles / Exec Cycles      : 0.0728
Memory Accesses (load+store)  : 16722672
Memory Access Rate (MAR)      : 167226.72 accesses/sample_interval(100ms)
RSS (Resident Set Size)       : 1.04 GB



 METRIC 
Avg CPU Cycles (per interval) : 45817269.45
EPT Cycles / Exec Cycles      : 0.0728
Memory Accesses (load+store)  : 16722661
Memory Access Rate (MAR)      : 167226.61 accesses/sample_interval(100ms)
RSS (Resident Set Size)       : 1.04 GB



 METRIC 
Avg CPU Cycles (per interval) : 45819226.95
EPT Cycles / Exec Cycles      : 0.0728
Memory Accesses (load+store)  : 16720345
Memory Access Rate (MAR)      : 167203.45 accesses/sample_interval(100ms)
RSS (Resident Set Size)       : 1.04 GB



 METRIC 
Avg CPU Cycles (per interval) : 45847416.00
EPT Cycles / Exec Cycles      : 0.0728
Memory Accesses (load+store)  : 16726797
Memory Access Rate (MAR)      : 167267.97 accesses/sample_interval(100ms)
RSS (Resident Set Size)       : 1.04 GB



 METRIC 
Avg CPU Cycles (per interval) : 45862783.45
EPT Cycles / Exec Cycles      : 0.0728
Memory Accesses (load+store)  : 16724894
Memory Access Rate (MAR)      : 167248.94 accesses/sample_interval(100ms)
RSS (Resident Set Size)       : 1.04 GB



 METRIC 
Avg CPU Cycles (per interval) : 45878946.30
EPT Cycles / Exec Cycles      : 0.0728
Memory Accesses (load+store)  : 16729532
Memory Access Rate (MAR)      : 167295.32 accesses/sample_interval(100ms)
RSS (Resident Set Size)       : 1.04 GB



 METRIC 
Avg CPU Cycles (per interval) : 45909056.60
EPT Cycles / Exec Cycles      : 0.0727
Memory Accesses (load+store)  : 16733281
Memory Access Rate (MAR)      : 167332.81 accesses/sample_interval(100ms)
RSS (Resident Set Size)       : 1.04 GB



 METRIC 
Avg CPU Cycles (per interval) : 45866546.20
EPT Cycles / Exec Cycles      : 0.0728
Memory Accesses (load+store)  : 16722428
Memory Access Rate (MAR)      : 167224.28 accesses/sample_interval(100ms)
RSS (Resident Set Size)       : 1.04 GB



 METRIC 
Avg CPU Cycles (per interval) : 45895342.85
EPT Cycles / Exec Cycles      : 0.0728
Memory Accesses (load+store)  : 16726758
Memory Access Rate (MAR)      : 167267.58 accesses/sample_interval(100ms)
RSS (Resident Set Size)       : 1.04 GB



 METRIC 
Avg CPU Cycles (per interval) : 45942605.55
EPT Cycles / Exec Cycles      : 0.0727
Memory Accesses (load+store)  : 16736581
Memory Access Rate (MAR)      : 167365.81 accesses/sample_interval(100ms)
RSS (Resident Set Size)       : 1.04 GB



 METRIC 
Avg CPU Cycles (per interval) : 45980622.40
EPT Cycles / Exec Cycles      : 0.0726
Memory Accesses (load+store)  : 16742610
Memory Access Rate (MAR)      : 167426.10 accesses/sample_interval(100ms)
RSS (Resident Set Size)       : 1.04 GB



 METRIC 
Avg CPU Cycles (per interval) : 45961914.55
EPT Cycles / Exec Cycles      : 0.0726
Memory Accesses (load+store)  : 16742205
Memory Access Rate (MAR)      : 167422.05 accesses/sample_interval(100ms)
RSS (Resident Set Size)       : 1.04 GB



 METRIC 
Avg CPU Cycles (per interval) : 45909545.30
EPT Cycles / Exec Cycles      : 0.0726
Memory Accesses (load+store)  : 16724147
Memory Access Rate (MAR)      : 167241.47 accesses/sample_interval(100ms)
RSS (Resident Set Size)       : 1.04 GB



 METRIC 
Avg CPU Cycles (per interval) : 45929349.25
EPT Cycles / Exec Cycles      : 0.0726
Memory Accesses (load+store)  : 16719959
Memory Access Rate (MAR)      : 167199.59 accesses/sample_interval(100ms)
RSS (Resident Set Size)       : 1.04 GB



 METRIC 
Avg CPU Cycles (per interval) : 45977364.55
EPT Cycles / Exec Cycles      : 0.0725
Memory Accesses (load+store)  : 16722315
Memory Access Rate (MAR)      : 167223.15 accesses/sample_interval(100ms)
RSS (Resident Set Size)       : 1.04 GB



 METRIC 
Avg CPU Cycles (per interval) : 46008247.40
EPT Cycles / Exec Cycles      : 0.0725
Memory Accesses (load+store)  : 16724335
Memory Access Rate (MAR)      : 167243.35 accesses/sample_interval(100ms)
RSS (Resident Set Size)       : 1.04 GB



 METRIC 
Avg CPU Cycles (per interval) : 46051288.30
EPT Cycles / Exec Cycles      : 0.0724
Memory Accesses (load+store)  : 16726056
Memory Access Rate (MAR)      : 167260.56 accesses/sample_interval(100ms)
RSS (Resident Set Size)       : 1.04 GB



 METRIC 
Avg CPU Cycles (per interval) : 46009688.25
EPT Cycles / Exec Cycles      : 0.0725
Memory Accesses (load+store)  : 16713167
Memory Access Rate (MAR)      : 167131.67 accesses/sample_interval(100ms)
RSS (Resident Set Size)       : 1.04 GB



 METRIC 
Avg CPU Cycles (per interval) : 46023490.05
EPT Cycles / Exec Cycles      : 0.0724
Memory Accesses (load+store)  : 16719236
Memory Access Rate (MAR)      : 167192.36 accesses/sample_interval(100ms)
RSS (Resident Set Size)       : 1.04 GB



 METRIC 
Avg CPU Cycles (per interval) : 45983500.80
EPT Cycles / Exec Cycles      : 0.0725
Memory Accesses (load+store)  : 16709877
Memory Access Rate (MAR)      : 167098.77 accesses/sample_interval(100ms)
RSS (Resident Set Size)       : 1.04 GB



 METRIC 
Avg CPU Cycles (per interval) : 45967067.25
EPT Cycles / Exec Cycles      : 0.0725
Memory Accesses (load+store)  : 16700250
Memory Access Rate (MAR)      : 167002.50 accesses/sample_interval(100ms)
RSS (Resident Set Size)       : 1.04 GB



 METRIC 
Avg CPU Cycles (per interval) : 45979411.15
EPT Cycles / Exec Cycles      : 0.0725
Memory Accesses (load+store)  : 16698459
Memory Access Rate (MAR)      : 166984.59 accesses/sample_interval(100ms)
RSS (Resident Set Size)       : 1.04 GB



 METRIC 
Avg CPU Cycles (per interval) : 45969151.25
EPT Cycles / Exec Cycles      : 0.0725
Memory Accesses (load+store)  : 16693630
Memory Access Rate (MAR)      : 166936.30 accesses/sample_interval(100ms)
RSS (Resident Set Size)       : 1.04 GB



 METRIC 
Avg CPU Cycles (per interval) : 45937218.45
EPT Cycles / Exec Cycles      : 0.0726
Memory Accesses (load+store)  : 16688051
Memory Access Rate (MAR)      : 166880.51 accesses/sample_interval(100ms)
RSS (Resident Set Size)       : 1.04 GB



 METRIC 
Avg CPU Cycles (per interval) : 45902052.85
EPT Cycles / Exec Cycles      : 0.0727
Memory Accesses (load+store)  : 16682268
Memory Access Rate (MAR)      : 166822.68 accesses/sample_interval(100ms)
RSS (Resident Set Size)       : 1.04 GB



 METRIC 
Avg CPU Cycles (per interval) : 45904939.60
EPT Cycles / Exec Cycles      : 0.0727
Memory Accesses (load+store)  : 16680209
Memory Access Rate (MAR)      : 166802.09 accesses/sample_interval(100ms)
RSS (Resident Set Size)       : 1.04 GB



 METRIC 
Avg CPU Cycles (per interval) : 45884538.90
EPT Cycles / Exec Cycles      : 0.0728
Memory Accesses (load+store)  : 16679012
Memory Access Rate (MAR)      : 166790.11 accesses/sample_interval(100ms)
RSS (Resident Set Size)       : 1.04 GB



 METRIC 
Avg CPU Cycles (per interval) : 45877674.05
EPT Cycles / Exec Cycles      : 0.0728
Memory Accesses (load+store)  : 16678062
Memory Access Rate (MAR)      : 166780.62 accesses/sample_interval(100ms)
RSS (Resident Set Size)       : 1.04 GB



 METRIC 
Avg CPU Cycles (per interval) : 45894576.50
EPT Cycles / Exec Cycles      : 0.0728
Memory Accesses (load+store)  : 16691740
Memory Access Rate (MAR)      : 166917.40 accesses/sample_interval(100ms)
RSS (Resident Set Size)       : 1.04 GB



 METRIC 
Avg CPU Cycles (per interval) : 45879003.70
EPT Cycles / Exec Cycles      : 0.0729
Memory Accesses (load+store)  : 16689567
Memory Access Rate (MAR)      : 166895.67 accesses/sample_interval(100ms)
RSS (Resident Set Size)       : 1.04 GB



 METRIC 
Avg CPU Cycles (per interval) : 45880793.50
EPT Cycles / Exec Cycles      : 0.0729
Memory Accesses (load+store)  : 16690028
Memory Access Rate (MAR)      : 166900.28 accesses/sample_interval(100ms)
RSS (Resident Set Size)       : 1.04 GB



 METRIC 
Avg CPU Cycles (per interval) : 45883513.80
EPT Cycles / Exec Cycles      : 0.0729
Memory Accesses (load+store)  : 16690523
Memory Access Rate (MAR)      : 166905.23 accesses/sample_interval(100ms)
RSS (Resident Set Size)       : 1.04 GB



 METRIC 
Avg CPU Cycles (per interval) : 45729998.15
EPT Cycles / Exec Cycles      : 0.0729
Memory Accesses (load+store)  : 16635537
Memory Access Rate (MAR)      : 166355.37 accesses/sample_interval(100ms)
RSS (Resident Set Size)       : 1.04 GB



 METRIC 
Avg CPU Cycles (per interval) : 45552010.75
EPT Cycles / Exec Cycles      : 0.0728
Memory Accesses (load+store)  : 16578947
Memory Access Rate (MAR)      : 165789.47 accesses/sample_interval(100ms)
RSS (Resident Set Size)       : 1.04 GB



 METRIC 
Avg CPU Cycles (per interval) : 45544577.55
EPT Cycles / Exec Cycles      : 0.0728
Memory Accesses (load+store)  : 16572945
Memory Access Rate (MAR)      : 165729.45 accesses/sample_interval(100ms)
RSS (Resident Set Size)       : 1.04 GB



 METRIC 
Avg CPU Cycles (per interval) : 45535130.80
EPT Cycles / Exec Cycles      : 0.0728
Memory Accesses (load+store)  : 16563994
Memory Access Rate (MAR)      : 165639.95 accesses/sample_interval(100ms)
RSS (Resident Set Size)       : 1.04 GB



 METRIC 
Avg CPU Cycles (per interval) : 45515661.10
EPT Cycles / Exec Cycles      : 0.0728
Memory Accesses (load+store)  : 16558685
Memory Access Rate (MAR)      : 165586.85 accesses/sample_interval(100ms)
RSS (Resident Set Size)       : 1.04 GB



 METRIC 
Avg CPU Cycles (per interval) : 45504863.30
EPT Cycles / Exec Cycles      : 0.0728
Memory Accesses (load+store)  : 16549761
Memory Access Rate (MAR)      : 165497.61 accesses/sample_interval(100ms)
RSS (Resident Set Size)       : 1.04 GB



 METRIC 
Avg CPU Cycles (per interval) : 45543376.40
EPT Cycles / Exec Cycles      : 0.0727
Memory Accesses (load+store)  : 16553562
Memory Access Rate (MAR)      : 165535.62 accesses/sample_interval(100ms)
RSS (Resident Set Size)       : 1.04 GB



 METRIC 
Avg CPU Cycles (per interval) : 45587215.50
EPT Cycles / Exec Cycles      : 0.0726
Memory Accesses (load+store)  : 16551310
Memory Access Rate (MAR)      : 165513.10 accesses/sample_interval(100ms)
RSS (Resident Set Size)       : 1.04 GB



 METRIC 
Avg CPU Cycles (per interval) : 45616900.90
EPT Cycles / Exec Cycles      : 0.0725
Memory Accesses (load+store)  : 16552044
Memory Access Rate (MAR)      : 165520.44 accesses/sample_interval(100ms)
RSS (Resident Set Size)       : 1.04 GB



 METRIC 
Avg CPU Cycles (per interval) : 45572268.65
EPT Cycles / Exec Cycles      : 0.0726
Memory Accesses (load+store)  : 16538811
Memory Access Rate (MAR)      : 165388.11 accesses/sample_interval(100ms)
RSS (Resident Set Size)       : 1.04 GB



 METRIC 
Avg CPU Cycles (per interval) : 45564787.85
EPT Cycles / Exec Cycles      : 0.0725
Memory Accesses (load+store)  : 16537069
Memory Access Rate (MAR)      : 165370.69 accesses/sample_interval(100ms)
RSS (Resident Set Size)       : 1.04 GB



 METRIC 
Avg CPU Cycles (per interval) : 45566831.30
EPT Cycles / Exec Cycles      : 0.0725
Memory Accesses (load+store)  : 16527281
Memory Access Rate (MAR)      : 165272.81 accesses/sample_interval(100ms)
RSS (Resident Set Size)       : 1.04 GB



 METRIC 
Avg CPU Cycles (per interval) : 45613266.50
EPT Cycles / Exec Cycles      : 0.0724
Memory Accesses (load+store)  : 16525954
Memory Access Rate (MAR)      : 165259.54 accesses/sample_interval(100ms)
RSS (Resident Set Size)       : 1.04 GB



 METRIC 
Avg CPU Cycles (per interval) : 45608978.35
EPT Cycles / Exec Cycles      : 0.0723
Memory Accesses (load+store)  : 16517638
Memory Access Rate (MAR)      : 165176.38 accesses/sample_interval(100ms)
RSS (Resident Set Size)       : 1.04 GB



 METRIC 
Avg CPU Cycles (per interval) : 45592303.25
EPT Cycles / Exec Cycles      : 0.0723
Memory Accesses (load+store)  : 16505036
Memory Access Rate (MAR)      : 165050.36 accesses/sample_interval(100ms)
RSS (Resident Set Size)       : 1.04 GB



 METRIC 
Avg CPU Cycles (per interval) : 45602186.95
EPT Cycles / Exec Cycles      : 0.0722
Memory Accesses (load+store)  : 16495293
Memory Access Rate (MAR)      : 164952.93 accesses/sample_interval(100ms)
RSS (Resident Set Size)       : 1.04 GB



 METRIC 
Avg CPU Cycles (per interval) : 45612932.65
EPT Cycles / Exec Cycles      : 0.0721
Memory Accesses (load+store)  : 16483586
Memory Access Rate (MAR)      : 164835.86 accesses/sample_interval(100ms)
RSS (Resident Set Size)       : 1.04 GB



 METRIC 
Avg CPU Cycles (per interval) : 45592060.75
EPT Cycles / Exec Cycles      : 0.0721
Memory Accesses (load+store)  : 16474131
Memory Access Rate (MAR)      : 164741.31 accesses/sample_interval(100ms)
RSS (Resident Set Size)       : 1.04 GB



 METRIC 
Avg CPU Cycles (per interval) : 45581147.10
EPT Cycles / Exec Cycles      : 0.0721
Memory Accesses (load+store)  : 16461464
Memory Access Rate (MAR)      : 164614.64 accesses/sample_interval(100ms)
RSS (Resident Set Size)       : 1.04 GB



 METRIC 
Avg CPU Cycles (per interval) : 45642876.35
EPT Cycles / Exec Cycles      : 0.0720
Memory Accesses (load+store)  : 16466115
Memory Access Rate (MAR)      : 164661.15 accesses/sample_interval(100ms)
RSS (Resident Set Size)       : 1.04 GB



 METRIC 
Avg CPU Cycles (per interval) : 45844661.00
EPT Cycles / Exec Cycles      : 0.0720
Memory Accesses (load+store)  : 16525131
Memory Access Rate (MAR)      : 165251.31 accesses/sample_interval(100ms)
RSS (Resident Set Size)       : 1.04 GB



 METRIC 
Avg CPU Cycles (per interval) : 46007707.95
EPT Cycles / Exec Cycles      : 0.0721
Memory Accesses (load+store)  : 16575941
Memory Access Rate (MAR)      : 165759.41 accesses/sample_interval(100ms)
RSS (Resident Set Size)       : 1.04 GB



 METRIC 
Avg CPU Cycles (per interval) : 45996609.20
EPT Cycles / Exec Cycles      : 0.0721
Memory Accesses (load+store)  : 16580228
Memory Access Rate (MAR)      : 165802.28 accesses/sample_interval(100ms)
RSS (Resident Set Size)       : 1.04 GB



 METRIC 
Avg CPU Cycles (per interval) : 46008362.65
EPT Cycles / Exec Cycles      : 0.0721
Memory Accesses (load+store)  : 16581795
Memory Access Rate (MAR)      : 165817.95 accesses/sample_interval(100ms)
RSS (Resident Set Size)       : 1.04 GB



 METRIC 
Avg CPU Cycles (per interval) : 46024207.05
EPT Cycles / Exec Cycles      : 0.0722
Memory Accesses (load+store)  : 16579603
Memory Access Rate (MAR)      : 165796.03 accesses/sample_interval(100ms)
RSS (Resident Set Size)       : 1.04 GB



 METRIC 
Avg CPU Cycles (per interval) : 46034668.10
EPT Cycles / Exec Cycles      : 0.0722
Memory Accesses (load+store)  : 16575850
Memory Access Rate (MAR)      : 165758.50 accesses/sample_interval(100ms)
RSS (Resident Set Size)       : 1.04 GB



 METRIC 
Avg CPU Cycles (per interval) : 46028081.85
EPT Cycles / Exec Cycles      : 0.0722
Memory Accesses (load+store)  : 16572470
Memory Access Rate (MAR)      : 165724.70 accesses/sample_interval(100ms)
RSS (Resident Set Size)       : 1.04 GB



 METRIC 
Avg CPU Cycles (per interval) : 46034193.75
EPT Cycles / Exec Cycles      : 0.0722
Memory Accesses (load+store)  : 16577333
Memory Access Rate (MAR)      : 165773.33 accesses/sample_interval(100ms)
RSS (Resident Set Size)       : 1.04 GB



 METRIC 
Avg CPU Cycles (per interval) : 46042402.40
EPT Cycles / Exec Cycles      : 0.0722
Memory Accesses (load+store)  : 16581506
Memory Access Rate (MAR)      : 165815.06 accesses/sample_interval(100ms)
RSS (Resident Set Size)       : 1.04 GB



 METRIC 
Avg CPU Cycles (per interval) : 46100339.30
EPT Cycles / Exec Cycles      : 0.0721
Memory Accesses (load+store)  : 16587702
Memory Access Rate (MAR)      : 165877.02 accesses/sample_interval(100ms)
RSS (Resident Set Size)       : 1.04 GB



 METRIC 
Avg CPU Cycles (per interval) : 46111546.50
EPT Cycles / Exec Cycles      : 0.0721
Memory Accesses (load+store)  : 16585320
Memory Access Rate (MAR)      : 165853.20 accesses/sample_interval(100ms)
RSS (Resident Set Size)       : 1.04 GB



 METRIC 
Avg CPU Cycles (per interval) : 46120870.75
EPT Cycles / Exec Cycles      : 0.0721
Memory Accesses (load+store)  : 16588895
Memory Access Rate (MAR)      : 165888.95 accesses/sample_interval(100ms)
RSS (Resident Set Size)       : 1.04 GB



 METRIC 
Avg CPU Cycles (per interval) : 46097678.30
EPT Cycles / Exec Cycles      : 0.0721
Memory Accesses (load+store)  : 16586650
Memory Access Rate (MAR)      : 165866.50 accesses/sample_interval(100ms)
RSS (Resident Set Size)       : 1.04 GB



 METRIC 
Avg CPU Cycles (per interval) : 46112903.05
EPT Cycles / Exec Cycles      : 0.0722
Memory Accesses (load+store)  : 16593912
Memory Access Rate (MAR)      : 165939.12 accesses/sample_interval(100ms)
RSS (Resident Set Size)       : 1.04 GB



 METRIC 
Avg CPU Cycles (per interval) : 46125701.30
EPT Cycles / Exec Cycles      : 0.0722
Memory Accesses (load+store)  : 16599168
Memory Access Rate (MAR)      : 165991.68 accesses/sample_interval(100ms)
RSS (Resident Set Size)       : 1.04 GB



 METRIC 
Avg CPU Cycles (per interval) : 46107746.70
EPT Cycles / Exec Cycles      : 0.0723
Memory Accesses (load+store)  : 16597628
Memory Access Rate (MAR)      : 165976.28 accesses/sample_interval(100ms)
RSS (Resident Set Size)       : 1.04 GB



 METRIC 
Avg CPU Cycles (per interval) : 46089339.00
EPT Cycles / Exec Cycles      : 0.0723
Memory Accesses (load+store)  : 16597382
Memory Access Rate (MAR)      : 165973.82 accesses/sample_interval(100ms)
RSS (Resident Set Size)       : 1.04 GB



 METRIC 
Avg CPU Cycles (per interval) : 46091443.65
EPT Cycles / Exec Cycles      : 0.0723
Memory Accesses (load+store)  : 16596323
Memory Access Rate (MAR)      : 165963.23 accesses/sample_interval(100ms)
RSS (Resident Set Size)       : 1.04 GB



 METRIC 
Avg CPU Cycles (per interval) : 46082685.90
EPT Cycles / Exec Cycles      : 0.0723
Memory Accesses (load+store)  : 16595110
Memory Access Rate (MAR)      : 165951.10 accesses/sample_interval(100ms)
RSS (Resident Set Size)       : 1.04 GB



 METRIC 
Avg CPU Cycles (per interval) : 46029725.25
EPT Cycles / Exec Cycles      : 0.0724
Memory Accesses (load+store)  : 16577927
Memory Access Rate (MAR)      : 165779.27 accesses/sample_interval(100ms)
RSS (Resident Set Size)       : 1.04 GB



 METRIC 
Avg CPU Cycles (per interval) : 46023292.05
EPT Cycles / Exec Cycles      : 0.0724
Memory Accesses (load+store)  : 16580734
Memory Access Rate (MAR)      : 165807.34 accesses/sample_interval(100ms)
RSS (Resident Set Size)       : 1.04 GB



 METRIC 
Avg CPU Cycles (per interval) : 46000674.10
EPT Cycles / Exec Cycles      : 0.0723
Memory Accesses (load+store)  : 16574021
Memory Access Rate (MAR)      : 165740.21 accesses/sample_interval(100ms)
RSS (Resident Set Size)       : 1.04 GB



 METRIC 
Avg CPU Cycles (per interval) : 46007715.80
EPT Cycles / Exec Cycles      : 0.0723
Memory Accesses (load+store)  : 16569859
Memory Access Rate (MAR)      : 165698.59 accesses/sample_interval(100ms)
RSS (Resident Set Size)       : 1.04 GB



 METRIC 
Avg CPU Cycles (per interval) : 45995098.25
EPT Cycles / Exec Cycles      : 0.0724
Memory Accesses (load+store)  : 16566875
Memory Access Rate (MAR)      : 165668.75 accesses/sample_interval(100ms)
RSS (Resident Set Size)       : 1.04 GB



 METRIC 
Avg CPU Cycles (per interval) : 45984362.65
EPT Cycles / Exec Cycles      : 0.0724
Memory Accesses (load+store)  : 16563154
Memory Access Rate (MAR)      : 165631.54 accesses/sample_interval(100ms)
RSS (Resident Set Size)       : 1.04 GB



 METRIC 
Avg CPU Cycles (per interval) : 45966564.80
EPT Cycles / Exec Cycles      : 0.0724
Memory Accesses (load+store)  : 16562810
Memory Access Rate (MAR)      : 165628.10 accesses/sample_interval(100ms)
RSS (Resident Set Size)       : 1.04 GB



 METRIC 
Avg CPU Cycles (per interval) : 45986563.65
EPT Cycles / Exec Cycles      : 0.0723
Memory Accesses (load+store)  : 16564825
Memory Access Rate (MAR)      : 165648.25 accesses/sample_interval(100ms)
RSS (Resident Set Size)       : 1.04 GB



 METRIC 
Avg CPU Cycles (per interval) : 46000389.00
EPT Cycles / Exec Cycles      : 0.0723
Memory Accesses (load+store)  : 16565052
Memory Access Rate (MAR)      : 165650.52 accesses/sample_interval(100ms)
RSS (Resident Set Size)       : 1.04 GB



 METRIC 
Avg CPU Cycles (per interval) : 46019735.05
EPT Cycles / Exec Cycles      : 0.0722
Memory Accesses (load+store)  : 16566566
Memory Access Rate (MAR)      : 165665.66 accesses/sample_interval(100ms)
RSS (Resident Set Size)       : 1.04 GB



 METRIC 
Avg CPU Cycles (per interval) : 45999261.55
EPT Cycles / Exec Cycles      : 0.0723
Memory Accesses (load+store)  : 16567184
Memory Access Rate (MAR)      : 165671.84 accesses/sample_interval(100ms)
RSS (Resident Set Size)       : 1.04 GB



 METRIC 
Avg CPU Cycles (per interval) : 46034642.00
EPT Cycles / Exec Cycles      : 0.0722
Memory Accesses (load+store)  : 16571421
Memory Access Rate (MAR)      : 165714.21 accesses/sample_interval(100ms)
RSS (Resident Set Size)       : 1.04 GB



 METRIC 
Avg CPU Cycles (per interval) : 46044818.25
EPT Cycles / Exec Cycles      : 0.0722
Memory Accesses (load+store)  : 16571388
Memory Access Rate (MAR)      : 165713.88 accesses/sample_interval(100ms)
RSS (Resident Set Size)       : 1.04 GB



 METRIC 
Avg CPU Cycles (per interval) : 46026485.65
EPT Cycles / Exec Cycles      : 0.0722
Memory Accesses (load+store)  : 16568137
Memory Access Rate (MAR)      : 165681.37 accesses/sample_interval(100ms)
RSS (Resident Set Size)       : 1.04 GB



 METRIC 
Avg CPU Cycles (per interval) : 45978960.35
EPT Cycles / Exec Cycles      : 0.0722
Memory Accesses (load+store)  : 16557703
Memory Access Rate (MAR)      : 165577.03 accesses/sample_interval(100ms)
RSS (Resident Set Size)       : 1.04 GB



 METRIC 
Avg CPU Cycles (per interval) : 45974914.80
EPT Cycles / Exec Cycles      : 0.0722
Memory Accesses (load+store)  : 16555442
Memory Access Rate (MAR)      : 165554.42 accesses/sample_interval(100ms)
RSS (Resident Set Size)       : 1.04 GB



 METRIC 
Avg CPU Cycles (per interval) : 45960274.15
EPT Cycles / Exec Cycles      : 0.0723
Memory Accesses (load+store)  : 16551673
Memory Access Rate (MAR)      : 165516.73 accesses/sample_interval(100ms)
RSS (Resident Set Size)       : 1.04 GB



 METRIC 
Avg CPU Cycles (per interval) : 45996594.10
EPT Cycles / Exec Cycles      : 0.0725
Memory Accesses (load+store)  : 16556799
Memory Access Rate (MAR)      : 165567.99 accesses/sample_interval(100ms)
RSS (Resident Set Size)       : 1.04 GB



 METRIC 
Avg CPU Cycles (per interval) : 46008831.05
EPT Cycles / Exec Cycles      : 0.0725
Memory Accesses (load+store)  : 16561104
Memory Access Rate (MAR)      : 165611.04 accesses/sample_interval(100ms)
RSS (Resident Set Size)       : 1.04 GB



 METRIC 
Avg CPU Cycles (per interval) : 46032447.85
EPT Cycles / Exec Cycles      : 0.0725
Memory Accesses (load+store)  : 16566760
Memory Access Rate (MAR)      : 165667.60 accesses/sample_interval(100ms)
RSS (Resident Set Size)       : 1.04 GB



 METRIC 
Avg CPU Cycles (per interval) : 46003719.80
EPT Cycles / Exec Cycles      : 0.0725
Memory Accesses (load+store)  : 16568490
Memory Access Rate (MAR)      : 165684.90 accesses/sample_interval(100ms)
RSS (Resident Set Size)       : 1.04 GB



 METRIC 
Avg CPU Cycles (per interval) : 46002763.30
EPT Cycles / Exec Cycles      : 0.0725
Memory Accesses (load+store)  : 16567361
Memory Access Rate (MAR)      : 165673.61 accesses/sample_interval(100ms)
RSS (Resident Set Size)       : 1.04 GB



 METRIC 
Avg CPU Cycles (per interval) : 46031512.10
EPT Cycles / Exec Cycles      : 0.0726
Memory Accesses (load+store)  : 16574820
Memory Access Rate (MAR)      : 165748.20 accesses/sample_interval(100ms)
RSS (Resident Set Size)       : 1.04 GB



 METRIC 
Avg CPU Cycles (per interval) : 46023788.15
EPT Cycles / Exec Cycles      : 0.0726
Memory Accesses (load+store)  : 16571655
Memory Access Rate (MAR)      : 165716.55 accesses/sample_interval(100ms)
RSS (Resident Set Size)       : 1.04 GB



 METRIC 
Avg CPU Cycles (per interval) : 46052080.90
EPT Cycles / Exec Cycles      : 0.0726
Memory Accesses (load+store)  : 16573934
Memory Access Rate (MAR)      : 165739.34 accesses/sample_interval(100ms)
RSS (Resident Set Size)       : 1.04 GB



 METRIC 
Avg CPU Cycles (per interval) : 46048571.85
EPT Cycles / Exec Cycles      : 0.0725
Memory Accesses (load+store)  : 16577437
Memory Access Rate (MAR)      : 165774.37 accesses/sample_interval(100ms)
RSS (Resident Set Size)       : 1.04 GB



 METRIC 
Avg CPU Cycles (per interval) : 46007408.75
EPT Cycles / Exec Cycles      : 0.0726
Memory Accesses (load+store)  : 16575337
Memory Access Rate (MAR)      : 165753.37 accesses/sample_interval(100ms)
RSS (Resident Set Size)       : 1.04 GB



 METRIC 
Avg CPU Cycles (per interval) : 45972979.00
EPT Cycles / Exec Cycles      : 0.0727
Memory Accesses (load+store)  : 16570153
Memory Access Rate (MAR)      : 165701.53 accesses/sample_interval(100ms)
RSS (Resident Set Size)       : 1.04 GB



 METRIC 
Avg CPU Cycles (per interval) : 45955365.75
EPT Cycles / Exec Cycles      : 0.0727
Memory Accesses (load+store)  : 16571489
Memory Access Rate (MAR)      : 165714.89 accesses/sample_interval(100ms)
RSS (Resident Set Size)       : 1.04 GB



 METRIC 
Avg CPU Cycles (per interval) : 45950450.10
EPT Cycles / Exec Cycles      : 0.0727
Memory Accesses (load+store)  : 16568693
Memory Access Rate (MAR)      : 165686.93 accesses/sample_interval(100ms)
RSS (Resident Set Size)       : 1.04 GB



 METRIC 
Avg CPU Cycles (per interval) : 45938017.50
EPT Cycles / Exec Cycles      : 0.0728
Memory Accesses (load+store)  : 16563570
Memory Access Rate (MAR)      : 165635.70 accesses/sample_interval(100ms)
RSS (Resident Set Size)       : 1.04 GB



 METRIC 
Avg CPU Cycles (per interval) : 45908301.05
EPT Cycles / Exec Cycles      : 0.0728
Memory Accesses (load+store)  : 16561469
Memory Access Rate (MAR)      : 165614.69 accesses/sample_interval(100ms)
RSS (Resident Set Size)       : 1.04 GB



 METRIC 
Avg CPU Cycles (per interval) : 45897558.25
EPT Cycles / Exec Cycles      : 0.0727
Memory Accesses (load+store)  : 16559313
Memory Access Rate (MAR)      : 165593.13 accesses/sample_interval(100ms)
RSS (Resident Set Size)       : 1.04 GB



 METRIC 
Avg CPU Cycles (per interval) : 45939342.10
EPT Cycles / Exec Cycles      : 0.0727
Memory Accesses (load+store)  : 16566951
Memory Access Rate (MAR)      : 165669.51 accesses/sample_interval(100ms)
RSS (Resident Set Size)       : 1.04 GB



 METRIC 
Avg CPU Cycles (per interval) : 45965701.25
EPT Cycles / Exec Cycles      : 0.0726
Memory Accesses (load+store)  : 16571912
Memory Access Rate (MAR)      : 165719.12 accesses/sample_interval(100ms)
RSS (Resident Set Size)       : 1.04 GB



 METRIC 
Avg CPU Cycles (per interval) : 45958927.55
EPT Cycles / Exec Cycles      : 0.0726
Memory Accesses (load+store)  : 16569172
Memory Access Rate (MAR)      : 165691.72 accesses/sample_interval(100ms)
RSS (Resident Set Size)       : 1.04 GB



 METRIC 
Avg CPU Cycles (per interval) : 45947004.00
EPT Cycles / Exec Cycles      : 0.0725
Memory Accesses (load+store)  : 16570825
Memory Access Rate (MAR)      : 165708.25 accesses/sample_interval(100ms)
RSS (Resident Set Size)       : 1.04 GB



 METRIC 
Avg CPU Cycles (per interval) : 45931736.60
EPT Cycles / Exec Cycles      : 0.0724
Memory Accesses (load+store)  : 16567471
Memory Access Rate (MAR)      : 165674.71 accesses/sample_interval(100ms)
RSS (Resident Set Size)       : 1.04 GB



 METRIC 
Avg CPU Cycles (per interval) : 45953368.15
EPT Cycles / Exec Cycles      : 0.0724
Memory Accesses (load+store)  : 16567579
Memory Access Rate (MAR)      : 165675.79 accesses/sample_interval(100ms)
RSS (Resident Set Size)       : 1.04 GB



 METRIC 
Avg CPU Cycles (per interval) : 45951935.85
EPT Cycles / Exec Cycles      : 0.0723
Memory Accesses (load+store)  : 16570230
Memory Access Rate (MAR)      : 165702.30 accesses/sample_interval(100ms)
RSS (Resident Set Size)       : 1.04 GB



 METRIC 
Avg CPU Cycles (per interval) : 46009680.55
EPT Cycles / Exec Cycles      : 0.0722
Memory Accesses (load+store)  : 16580285
Memory Access Rate (MAR)      : 165802.85 accesses/sample_interval(100ms)
RSS (Resident Set Size)       : 1.04 GB



 METRIC 
Avg CPU Cycles (per interval) : 45986761.15
EPT Cycles / Exec Cycles      : 0.0723
Memory Accesses (load+store)  : 16577479
Memory Access Rate (MAR)      : 165774.79 accesses/sample_interval(100ms)
RSS (Resident Set Size)       : 1.04 GB



 METRIC 
Avg CPU Cycles (per interval) : 45985926.10
EPT Cycles / Exec Cycles      : 0.0723
Memory Accesses (load+store)  : 16580912
Memory Access Rate (MAR)      : 165809.12 accesses/sample_interval(100ms)
RSS (Resident Set Size)       : 1.04 GB



 METRIC 
Avg CPU Cycles (per interval) : 45978838.70
EPT Cycles / Exec Cycles      : 0.0724
Memory Accesses (load+store)  : 16581757
Memory Access Rate (MAR)      : 165817.57 accesses/sample_interval(100ms)
RSS (Resident Set Size)       : 1.04 GB



 METRIC 
Avg CPU Cycles (per interval) : 45921295.10
EPT Cycles / Exec Cycles      : 0.0724
Memory Accesses (load+store)  : 16578509
Memory Access Rate (MAR)      : 165785.09 accesses/sample_interval(100ms)
RSS (Resident Set Size)       : 1.04 GB



 METRIC 
Avg CPU Cycles (per interval) : 45925864.05
EPT Cycles / Exec Cycles      : 0.0724
Memory Accesses (load+store)  : 16580052
Memory Access Rate (MAR)      : 165800.52 accesses/sample_interval(100ms)
RSS (Resident Set Size)       : 1.04 GB



 METRIC 
Avg CPU Cycles (per interval) : 45976341.10
EPT Cycles / Exec Cycles      : 0.0723
Memory Accesses (load+store)  : 16582616
Memory Access Rate (MAR)      : 165826.16 accesses/sample_interval(100ms)
RSS (Resident Set Size)       : 1.04 GB



 METRIC 
Avg CPU Cycles (per interval) : 46033808.50
EPT Cycles / Exec Cycles      : 0.0722
Memory Accesses (load+store)  : 16588823
Memory Access Rate (MAR)      : 165888.23 accesses/sample_interval(100ms)
RSS (Resident Set Size)       : 1.04 GB



 METRIC 
Avg CPU Cycles (per interval) : 46086560.55
EPT Cycles / Exec Cycles      : 0.0722
Memory Accesses (load+store)  : 16586038
Memory Access Rate (MAR)      : 165860.38 accesses/sample_interval(100ms)
RSS (Resident Set Size)       : 1.04 GB



 METRIC 
Avg CPU Cycles (per interval) : 46081907.15
EPT Cycles / Exec Cycles      : 0.0722
Memory Accesses (load+store)  : 16580359
Memory Access Rate (MAR)      : 165803.59 accesses/sample_interval(100ms)
RSS (Resident Set Size)       : 1.04 GB



 METRIC 
Avg CPU Cycles (per interval) : 46105508.50
EPT Cycles / Exec Cycles      : 0.0722
Memory Accesses (load+store)  : 16581158
Memory Access Rate (MAR)      : 165811.58 accesses/sample_interval(100ms)
RSS (Resident Set Size)       : 1.04 GB



 METRIC 
Avg CPU Cycles (per interval) : 46137144.40
EPT Cycles / Exec Cycles      : 0.0722
Memory Accesses (load+store)  : 16580543
Memory Access Rate (MAR)      : 165805.43 accesses/sample_interval(100ms)
RSS (Resident Set Size)       : 1.04 GB



 METRIC 
Avg CPU Cycles (per interval) : 46141321.40
EPT Cycles / Exec Cycles      : 0.0722
Memory Accesses (load+store)  : 16582299
Memory Access Rate (MAR)      : 165822.99 accesses/sample_interval(100ms)
RSS (Resident Set Size)       : 1.04 GB



 METRIC 
Avg CPU Cycles (per interval) : 46128348.70
EPT Cycles / Exec Cycles      : 0.0722
Memory Accesses (load+store)  : 16576132
Memory Access Rate (MAR)      : 165761.32 accesses/sample_interval(100ms)
RSS (Resident Set Size)       : 1.04 GB



 METRIC 
Avg CPU Cycles (per interval) : 46128129.85
EPT Cycles / Exec Cycles      : 0.0721
Memory Accesses (load+store)  : 16577452
Memory Access Rate (MAR)      : 165774.52 accesses/sample_interval(100ms)
RSS (Resident Set Size)       : 1.04 GB



 METRIC 
Avg CPU Cycles (per interval) : 46140641.70
EPT Cycles / Exec Cycles      : 0.0721
Memory Accesses (load+store)  : 16579140
Memory Access Rate (MAR)      : 165791.40 accesses/sample_interval(100ms)
RSS (Resident Set Size)       : 1.04 GB



 METRIC 
Avg CPU Cycles (per interval) : 46153916.50
EPT Cycles / Exec Cycles      : 0.0721
Memory Accesses (load+store)  : 16576667
Memory Access Rate (MAR)      : 165766.67 accesses/sample_interval(100ms)
RSS (Resident Set Size)       : 1.04 GB



 METRIC 
Avg CPU Cycles (per interval) : 46158225.10
EPT Cycles / Exec Cycles      : 0.0721
Memory Accesses (load+store)  : 16571917
Memory Access Rate (MAR)      : 165719.17 accesses/sample_interval(100ms)
RSS (Resident Set Size)       : 1.04 GB



 METRIC 
Avg CPU Cycles (per interval) : 46168710.15
EPT Cycles / Exec Cycles      : 0.0721
Memory Accesses (load+store)  : 16567163
Memory Access Rate (MAR)      : 165671.63 accesses/sample_interval(100ms)
RSS (Resident Set Size)       : 1.04 GB



 METRIC 
Avg CPU Cycles (per interval) : 46200768.30
EPT Cycles / Exec Cycles      : 0.0721
Memory Accesses (load+store)  : 16571383
Memory Access Rate (MAR)      : 165713.83 accesses/sample_interval(100ms)
RSS (Resident Set Size)       : 1.04 GB



 METRIC 
Avg CPU Cycles (per interval) : 46211124.85
EPT Cycles / Exec Cycles      : 0.0721
Memory Accesses (load+store)  : 16563870
Memory Access Rate (MAR)      : 165638.70 accesses/sample_interval(100ms)
RSS (Resident Set Size)       : 1.04 GB



 METRIC 
Avg CPU Cycles (per interval) : 46244965.60
EPT Cycles / Exec Cycles      : 0.0720
Memory Accesses (load+store)  : 16561389
Memory Access Rate (MAR)      : 165613.89 accesses/sample_interval(100ms)
RSS (Resident Set Size)       : 1.04 GB



 METRIC 
Avg CPU Cycles (per interval) : 46263042.75
EPT Cycles / Exec Cycles      : 0.0719
Memory Accesses (load+store)  : 16559061
Memory Access Rate (MAR)      : 165590.61 accesses/sample_interval(100ms)
RSS (Resident Set Size)       : 1.04 GB



 METRIC 
Avg CPU Cycles (per interval) : 46279568.30
EPT Cycles / Exec Cycles      : 0.0719
Memory Accesses (load+store)  : 16558897
Memory Access Rate (MAR)      : 165588.97 accesses/sample_interval(100ms)
RSS (Resident Set Size)       : 1.04 GB



 METRIC 
Avg CPU Cycles (per interval) : 46304899.05
EPT Cycles / Exec Cycles      : 0.0718
Memory Accesses (load+store)  : 16553812
Memory Access Rate (MAR)      : 165538.12 accesses/sample_interval(100ms)
RSS (Resident Set Size)       : 1.04 GB



 METRIC 
Avg CPU Cycles (per interval) : 46326271.35
EPT Cycles / Exec Cycles      : 0.0718
Memory Accesses (load+store)  : 16552207
Memory Access Rate (MAR)      : 165522.07 accesses/sample_interval(100ms)
RSS (Resident Set Size)       : 1.04 GB



 METRIC 
Avg CPU Cycles (per interval) : 46345786.55
EPT Cycles / Exec Cycles      : 0.0718
Memory Accesses (load+store)  : 16539280
Memory Access Rate (MAR)      : 165392.80 accesses/sample_interval(100ms)
RSS (Resident Set Size)       : 1.04 GB



 METRIC 
Avg CPU Cycles (per interval) : 46306893.95
EPT Cycles / Exec Cycles      : 0.0719
Memory Accesses (load+store)  : 16533315
Memory Access Rate (MAR)      : 165333.15 accesses/sample_interval(100ms)
RSS (Resident Set Size)       : 1.04 GB



 METRIC 
Avg CPU Cycles (per interval) : 46133510.70
EPT Cycles / Exec Cycles      : 0.0720
Memory Accesses (load+store)  : 16485450
Memory Access Rate (MAR)      : 164854.50 accesses/sample_interval(100ms)
RSS (Resident Set Size)       : 1.04 GB



 METRIC 
Avg CPU Cycles (per interval) : 46141552.80
EPT Cycles / Exec Cycles      : 0.0720
Memory Accesses (load+store)  : 16498184
Memory Access Rate (MAR)      : 164981.84 accesses/sample_interval(100ms)
RSS (Resident Set Size)       : 1.04 GB



 METRIC 
Avg CPU Cycles (per interval) : 46094300.85
EPT Cycles / Exec Cycles      : 0.0721
Memory Accesses (load+store)  : 16500716
Memory Access Rate (MAR)      : 165007.16 accesses/sample_interval(100ms)
RSS (Resident Set Size)       : 1.04 GB



 METRIC 
Avg CPU Cycles (per interval) : 46052053.05
EPT Cycles / Exec Cycles      : 0.0722
Memory Accesses (load+store)  : 16503643
Memory Access Rate (MAR)      : 165036.43 accesses/sample_interval(100ms)
RSS (Resident Set Size)       : 1.04 GB



 METRIC 
Avg CPU Cycles (per interval) : 46035336.35
EPT Cycles / Exec Cycles      : 0.0723
Memory Accesses (load+store)  : 16500559
Memory Access Rate (MAR)      : 165005.59 accesses/sample_interval(100ms)
RSS (Resident Set Size)       : 1.04 GB



 METRIC 
Avg CPU Cycles (per interval) : 46035226.85
EPT Cycles / Exec Cycles      : 0.0723
Memory Accesses (load+store)  : 16509028
Memory Access Rate (MAR)      : 165090.28 accesses/sample_interval(100ms)
RSS (Resident Set Size)       : 1.04 GB



 METRIC 
Avg CPU Cycles (per interval) : 46059076.60
EPT Cycles / Exec Cycles      : 0.0723
Memory Accesses (load+store)  : 16514474
Memory Access Rate (MAR)      : 165144.73 accesses/sample_interval(100ms)
RSS (Resident Set Size)       : 1.04 GB



 METRIC 
Avg CPU Cycles (per interval) : 46033831.75
EPT Cycles / Exec Cycles      : 0.0724
Memory Accesses (load+store)  : 16517285
Memory Access Rate (MAR)      : 165172.85 accesses/sample_interval(100ms)
RSS (Resident Set Size)       : 1.04 GB



 METRIC 
Avg CPU Cycles (per interval) : 46030508.00
EPT Cycles / Exec Cycles      : 0.0724
Memory Accesses (load+store)  : 16525041
Memory Access Rate (MAR)      : 165250.41 accesses/sample_interval(100ms)
RSS (Resident Set Size)       : 1.04 GB



 METRIC 
Avg CPU Cycles (per interval) : 46023626.95
EPT Cycles / Exec Cycles      : 0.0724
Memory Accesses (load+store)  : 16536803
Memory Access Rate (MAR)      : 165368.03 accesses/sample_interval(100ms)
RSS (Resident Set Size)       : 1.04 GB



 METRIC 
Avg CPU Cycles (per interval) : 45992856.90
EPT Cycles / Exec Cycles      : 0.0725
Memory Accesses (load+store)  : 16544292
Memory Access Rate (MAR)      : 165442.92 accesses/sample_interval(100ms)
RSS (Resident Set Size)       : 1.04 GB



 METRIC 
Avg CPU Cycles (per interval) : 45919897.70
EPT Cycles / Exec Cycles      : 0.0726
Memory Accesses (load+store)  : 16536237
Memory Access Rate (MAR)      : 165362.37 accesses/sample_interval(100ms)
RSS (Resident Set Size)       : 1.04 GB



 METRIC 
Avg CPU Cycles (per interval) : 45874159.05
EPT Cycles / Exec Cycles      : 0.0727
Memory Accesses (load+store)  : 16542338
Memory Access Rate (MAR)      : 165423.38 accesses/sample_interval(100ms)
RSS (Resident Set Size)       : 1.04 GB



 METRIC 
Avg CPU Cycles (per interval) : 45871050.10
EPT Cycles / Exec Cycles      : 0.0728
Memory Accesses (load+store)  : 16556318
Memory Access Rate (MAR)      : 165563.18 accesses/sample_interval(100ms)
RSS (Resident Set Size)       : 1.04 GB



 METRIC 
Avg CPU Cycles (per interval) : 45860631.60
EPT Cycles / Exec Cycles      : 0.0728
Memory Accesses (load+store)  : 16562499
Memory Access Rate (MAR)      : 165624.99 accesses/sample_interval(100ms)
RSS (Resident Set Size)       : 1.04 GB



 METRIC 
Avg CPU Cycles (per interval) : 45847106.20
EPT Cycles / Exec Cycles      : 0.0729
Memory Accesses (load+store)  : 16567806
Memory Access Rate (MAR)      : 165678.07 accesses/sample_interval(100ms)
RSS (Resident Set Size)       : 1.04 GB



 METRIC 
Avg CPU Cycles (per interval) : 45833646.70
EPT Cycles / Exec Cycles      : 0.0730
Memory Accesses (load+store)  : 16577767
Memory Access Rate (MAR)      : 165777.67 accesses/sample_interval(100ms)
RSS (Resident Set Size)       : 1.04 GB



 METRIC 
Avg CPU Cycles (per interval) : 45811218.25
EPT Cycles / Exec Cycles      : 0.0731
Memory Accesses (load+store)  : 16582339
Memory Access Rate (MAR)      : 165823.39 accesses/sample_interval(100ms)
RSS (Resident Set Size)       : 1.04 GB



 METRIC 
Avg CPU Cycles (per interval) : 45817840.95
EPT Cycles / Exec Cycles      : 0.0731
Memory Accesses (load+store)  : 16603381
Memory Access Rate (MAR)      : 166033.81 accesses/sample_interval(100ms)
RSS (Resident Set Size)       : 1.04 GB



 METRIC 
Avg CPU Cycles (per interval) : 45837224.90
EPT Cycles / Exec Cycles      : 0.0731
Memory Accesses (load+store)  : 16616234
Memory Access Rate (MAR)      : 166162.35 accesses/sample_interval(100ms)
RSS (Resident Set Size)       : 1.04 GB



 METRIC 
Avg CPU Cycles (per interval) : 46014472.30
EPT Cycles / Exec Cycles      : 0.0730
Memory Accesses (load+store)  : 16671715
Memory Access Rate (MAR)      : 166717.15 accesses/sample_interval(100ms)
RSS (Resident Set Size)       : 1.04 GB



 METRIC 
Avg CPU Cycles (per interval) : 46000698.15
EPT Cycles / Exec Cycles      : 0.0731
Memory Accesses (load+store)  : 16663550
Memory Access Rate (MAR)      : 166635.51 accesses/sample_interval(100ms)
RSS (Resident Set Size)       : 1.04 GB



 METRIC 
Avg CPU Cycles (per interval) : 46029627.30
EPT Cycles / Exec Cycles      : 0.0730
Memory Accesses (load+store)  : 16662181
Memory Access Rate (MAR)      : 166621.81 accesses/sample_interval(100ms)
RSS (Resident Set Size)       : 1.04 GB



 METRIC 
Avg CPU Cycles (per interval) : 46039366.80
EPT Cycles / Exec Cycles      : 0.0730
Memory Accesses (load+store)  : 16662633
Memory Access Rate (MAR)      : 166626.33 accesses/sample_interval(100ms)
RSS (Resident Set Size)       : 1.04 GB



 METRIC 
Avg CPU Cycles (per interval) : 46048161.10
EPT Cycles / Exec Cycles      : 0.0730
Memory Accesses (load+store)  : 16668602
Memory Access Rate (MAR)      : 166686.02 accesses/sample_interval(100ms)
RSS (Resident Set Size)       : 1.04 GB



 METRIC 
Avg CPU Cycles (per interval) : 46017491.10
EPT Cycles / Exec Cycles      : 0.0731
Memory Accesses (load+store)  : 16666628
Memory Access Rate (MAR)      : 166666.28 accesses/sample_interval(100ms)
RSS (Resident Set Size)       : 1.04 GB



 METRIC 
Avg CPU Cycles (per interval) : 45964885.15
EPT Cycles / Exec Cycles      : 0.0732
Memory Accesses (load+store)  : 16658173
Memory Access Rate (MAR)      : 166581.73 accesses/sample_interval(100ms)
RSS (Resident Set Size)       : 1.04 GB



 METRIC 
Avg CPU Cycles (per interval) : 45976202.50
EPT Cycles / Exec Cycles      : 0.0732
Memory Accesses (load+store)  : 16659745
Memory Access Rate (MAR)      : 166597.45 accesses/sample_interval(100ms)
RSS (Resident Set Size)       : 1.04 GB



 METRIC 
Avg CPU Cycles (per interval) : 45961060.85
EPT Cycles / Exec Cycles      : 0.0732
Memory Accesses (load+store)  : 16656990
Memory Access Rate (MAR)      : 166569.90 accesses/sample_interval(100ms)
RSS (Resident Set Size)       : 1.04 GB



 METRIC 
Avg CPU Cycles (per interval) : 45954789.65
EPT Cycles / Exec Cycles      : 0.0733
Memory Accesses (load+store)  : 16657965
Memory Access Rate (MAR)      : 166579.65 accesses/sample_interval(100ms)
RSS (Resident Set Size)       : 1.04 GB



 METRIC 
Avg CPU Cycles (per interval) : 45944618.90
EPT Cycles / Exec Cycles      : 0.0732
Memory Accesses (load+store)  : 16655317
Memory Access Rate (MAR)      : 166553.17 accesses/sample_interval(100ms)
RSS (Resident Set Size)       : 1.04 GB



 METRIC 
Avg CPU Cycles (per interval) : 45955576.40
EPT Cycles / Exec Cycles      : 0.0732
Memory Accesses (load+store)  : 16657804
Memory Access Rate (MAR)      : 166578.04 accesses/sample_interval(100ms)
RSS (Resident Set Size)       : 1.04 GB



 METRIC 
Avg CPU Cycles (per interval) : 45970444.65
EPT Cycles / Exec Cycles      : 0.0732
Memory Accesses (load+store)  : 16658050
Memory Access Rate (MAR)      : 166580.50 accesses/sample_interval(100ms)
RSS (Resident Set Size)       : 1.04 GB



 METRIC 
Avg CPU Cycles (per interval) : 45945297.05
EPT Cycles / Exec Cycles      : 0.0732
Memory Accesses (load+store)  : 16649178
Memory Access Rate (MAR)      : 166491.78 accesses/sample_interval(100ms)
RSS (Resident Set Size)       : 1.04 GB



 METRIC 
Avg CPU Cycles (per interval) : 45936079.50
EPT Cycles / Exec Cycles      : 0.0733
Memory Accesses (load+store)  : 16650942
Memory Access Rate (MAR)      : 166509.42 accesses/sample_interval(100ms)
RSS (Resident Set Size)       : 1.04 GB



 METRIC 
Avg CPU Cycles (per interval) : 45918252.05
EPT Cycles / Exec Cycles      : 0.0733
Memory Accesses (load+store)  : 16647583
Memory Access Rate (MAR)      : 166475.83 accesses/sample_interval(100ms)
RSS (Resident Set Size)       : 1.04 GB



 METRIC 
Avg CPU Cycles (per interval) : 45887963.45
EPT Cycles / Exec Cycles      : 0.0733
Memory Accesses (load+store)  : 16643535
Memory Access Rate (MAR)      : 166435.35 accesses/sample_interval(100ms)
RSS (Resident Set Size)       : 1.04 GB



 METRIC 
Avg CPU Cycles (per interval) : 45857789.00
EPT Cycles / Exec Cycles      : 0.0733
Memory Accesses (load+store)  : 16642864
Memory Access Rate (MAR)      : 166428.64 accesses/sample_interval(100ms)
RSS (Resident Set Size)       : 1.04 GB



 METRIC 
Avg CPU Cycles (per interval) : 45829051.40
EPT Cycles / Exec Cycles      : 0.0733
Memory Accesses (load+store)  : 16641647
Memory Access Rate (MAR)      : 166416.47 accesses/sample_interval(100ms)
RSS (Resident Set Size)       : 1.04 GB



 METRIC 
Avg CPU Cycles (per interval) : 45825663.75
EPT Cycles / Exec Cycles      : 0.0732
Memory Accesses (load+store)  : 16641203
Memory Access Rate (MAR)      : 166412.03 accesses/sample_interval(100ms)
RSS (Resident Set Size)       : 1.04 GB



 METRIC 
Avg CPU Cycles (per interval) : 45773218.35
EPT Cycles / Exec Cycles      : 0.0733
Memory Accesses (load+store)  : 16635035
Memory Access Rate (MAR)      : 166350.35 accesses/sample_interval(100ms)
RSS (Resident Set Size)       : 1.04 GB



 METRIC 
Avg CPU Cycles (per interval) : 45743235.80
EPT Cycles / Exec Cycles      : 0.0733
Memory Accesses (load+store)  : 16638835
Memory Access Rate (MAR)      : 166388.35 accesses/sample_interval(100ms)
RSS (Resident Set Size)       : 1.04 GB



 METRIC 
Avg CPU Cycles (per interval) : 45721840.50
EPT Cycles / Exec Cycles      : 0.0733
Memory Accesses (load+store)  : 16642290
Memory Access Rate (MAR)      : 166422.90 accesses/sample_interval(100ms)
RSS (Resident Set Size)       : 1.04 GB



 METRIC 
Avg CPU Cycles (per interval) : 45733762.70
EPT Cycles / Exec Cycles      : 0.0733
Memory Accesses (load+store)  : 16646763
Memory Access Rate (MAR)      : 166467.63 accesses/sample_interval(100ms)
RSS (Resident Set Size)       : 1.04 GB



 METRIC 
Avg CPU Cycles (per interval) : 45761848.95
EPT Cycles / Exec Cycles      : 0.0732
Memory Accesses (load+store)  : 16647205
Memory Access Rate (MAR)      : 166472.05 accesses/sample_interval(100ms)
RSS (Resident Set Size)       : 1.04 GB



 METRIC 
Avg CPU Cycles (per interval) : 45776805.55
EPT Cycles / Exec Cycles      : 0.0732
Memory Accesses (load+store)  : 16648556
Memory Access Rate (MAR)      : 166485.56 accesses/sample_interval(100ms)
RSS (Resident Set Size)       : 1.04 GB



 METRIC 
Avg CPU Cycles (per interval) : 45833868.15
EPT Cycles / Exec Cycles      : 0.0732
Memory Accesses (load+store)  : 16658060
Memory Access Rate (MAR)      : 166580.60 accesses/sample_interval(100ms)
RSS (Resident Set Size)       : 1.04 GB



 METRIC 
Avg CPU Cycles (per interval) : 45837450.50
EPT Cycles / Exec Cycles      : 0.0732
Memory Accesses (load+store)  : 16657871
Memory Access Rate (MAR)      : 166578.71 accesses/sample_interval(100ms)
RSS (Resident Set Size)       : 1.04 GB



 METRIC 
Avg CPU Cycles (per interval) : 45852862.15
EPT Cycles / Exec Cycles      : 0.0731
Memory Accesses (load+store)  : 16660697
Memory Access Rate (MAR)      : 166606.97 accesses/sample_interval(100ms)
RSS (Resident Set Size)       : 1.04 GB



 METRIC 
Avg CPU Cycles (per interval) : 45829849.50
EPT Cycles / Exec Cycles      : 0.0731
Memory Accesses (load+store)  : 16650360
Memory Access Rate (MAR)      : 166503.60 accesses/sample_interval(100ms)
RSS (Resident Set Size)       : 1.04 GB



 METRIC 
Avg CPU Cycles (per interval) : 45814895.85
EPT Cycles / Exec Cycles      : 0.0731
Memory Accesses (load+store)  : 16643716
Memory Access Rate (MAR)      : 166437.16 accesses/sample_interval(100ms)
RSS (Resident Set Size)       : 1.04 GB



 METRIC 
Avg CPU Cycles (per interval) : 45816724.35
EPT Cycles / Exec Cycles      : 0.0731
Memory Accesses (load+store)  : 16639906
Memory Access Rate (MAR)      : 166399.06 accesses/sample_interval(100ms)
RSS (Resident Set Size)       : 1.04 GB



 METRIC 
Avg CPU Cycles (per interval) : 45835640.75
EPT Cycles / Exec Cycles      : 0.0731
Memory Accesses (load+store)  : 16643320
Memory Access Rate (MAR)      : 166433.20 accesses/sample_interval(100ms)
RSS (Resident Set Size)       : 1.04 GB



 METRIC 
Avg CPU Cycles (per interval) : 45874153.90
EPT Cycles / Exec Cycles      : 0.0730
Memory Accesses (load+store)  : 16650326
Memory Access Rate (MAR)      : 166503.26 accesses/sample_interval(100ms)
RSS (Resident Set Size)       : 1.04 GB



 METRIC 
Avg CPU Cycles (per interval) : 45861173.60
EPT Cycles / Exec Cycles      : 0.0730
Memory Accesses (load+store)  : 16645334
Memory Access Rate (MAR)      : 166453.34 accesses/sample_interval(100ms)
RSS (Resident Set Size)       : 1.04 GB



 METRIC 
Avg CPU Cycles (per interval) : 45687856.90
EPT Cycles / Exec Cycles      : 0.0730
Memory Accesses (load+store)  : 16579058
Memory Access Rate (MAR)      : 165790.58 accesses/sample_interval(100ms)
RSS (Resident Set Size)       : 1.04 GB



 METRIC 
Avg CPU Cycles (per interval) : 45761996.75
EPT Cycles / Exec Cycles      : 0.0728
Memory Accesses (load+store)  : 16580584
Memory Access Rate (MAR)      : 165805.84 accesses/sample_interval(100ms)
RSS (Resident Set Size)       : 1.04 GB



 METRIC 
Avg CPU Cycles (per interval) : 45825259.55
EPT Cycles / Exec Cycles      : 0.0727
Memory Accesses (load+store)  : 16579816
Memory Access Rate (MAR)      : 165798.16 accesses/sample_interval(100ms)
RSS (Resident Set Size)       : 1.04 GB



 METRIC 
Avg CPU Cycles (per interval) : 45822332.95
EPT Cycles / Exec Cycles      : 0.0726
Memory Accesses (load+store)  : 16567969
Memory Access Rate (MAR)      : 165679.69 accesses/sample_interval(100ms)
RSS (Resident Set Size)       : 1.04 GB



 METRIC 
Avg CPU Cycles (per interval) : 45867658.80
EPT Cycles / Exec Cycles      : 0.0725
Memory Accesses (load+store)  : 16568184
Memory Access Rate (MAR)      : 165681.84 accesses/sample_interval(100ms)
RSS (Resident Set Size)       : 1.04 GB



 METRIC 
Avg CPU Cycles (per interval) : 45865828.75
EPT Cycles / Exec Cycles      : 0.0725
Memory Accesses (load+store)  : 16559291
Memory Access Rate (MAR)      : 165592.91 accesses/sample_interval(100ms)
RSS (Resident Set Size)       : 1.04 GB



 METRIC 
Avg CPU Cycles (per interval) : 45911778.15
EPT Cycles / Exec Cycles      : 0.0724
Memory Accesses (load+store)  : 16557740
Memory Access Rate (MAR)      : 165577.40 accesses/sample_interval(100ms)
RSS (Resident Set Size)       : 1.04 GB



 METRIC 
Avg CPU Cycles (per interval) : 45904119.95
EPT Cycles / Exec Cycles      : 0.0724
Memory Accesses (load+store)  : 16548094
Memory Access Rate (MAR)      : 165480.94 accesses/sample_interval(100ms)
RSS (Resident Set Size)       : 1.04 GB



 METRIC 
Avg CPU Cycles (per interval) : 45916749.75
EPT Cycles / Exec Cycles      : 0.0723
Memory Accesses (load+store)  : 16543922
Memory Access Rate (MAR)      : 165439.22 accesses/sample_interval(100ms)
RSS (Resident Set Size)       : 1.04 GB



 METRIC 
Avg CPU Cycles (per interval) : 45876869.60
EPT Cycles / Exec Cycles      : 0.0723
Memory Accesses (load+store)  : 16533725
Memory Access Rate (MAR)      : 165337.25 accesses/sample_interval(100ms)
RSS (Resident Set Size)       : 1.04 GB



 METRIC 
Avg CPU Cycles (per interval) : 45875097.95
EPT Cycles / Exec Cycles      : 0.0723
Memory Accesses (load+store)  : 16527849
Memory Access Rate (MAR)      : 165278.49 accesses/sample_interval(100ms)
RSS (Resident Set Size)       : 1.04 GB



 METRIC 
Avg CPU Cycles (per interval) : 45839603.35
EPT Cycles / Exec Cycles      : 0.0723
Memory Accesses (load+store)  : 16520712
Memory Access Rate (MAR)      : 165207.12 accesses/sample_interval(100ms)
RSS (Resident Set Size)       : 1.04 GB



 METRIC 
Avg CPU Cycles (per interval) : 45825368.80
EPT Cycles / Exec Cycles      : 0.0722
Memory Accesses (load+store)  : 16508399
Memory Access Rate (MAR)      : 165083.99 accesses/sample_interval(100ms)
RSS (Resident Set Size)       : 1.04 GB



 METRIC 
Avg CPU Cycles (per interval) : 45851169.35
EPT Cycles / Exec Cycles      : 0.0722
Memory Accesses (load+store)  : 16510286
Memory Access Rate (MAR)      : 165102.86 accesses/sample_interval(100ms)
RSS (Resident Set Size)       : 1.04 GB



 METRIC 
Avg CPU Cycles (per interval) : 45892794.20
EPT Cycles / Exec Cycles      : 0.0721
Memory Accesses (load+store)  : 16515107
Memory Access Rate (MAR)      : 165151.07 accesses/sample_interval(100ms)
RSS (Resident Set Size)       : 1.04 GB



 METRIC 
Avg CPU Cycles (per interval) : 45923198.55
EPT Cycles / Exec Cycles      : 0.0720
Memory Accesses (load+store)  : 16515738
Memory Access Rate (MAR)      : 165157.38 accesses/sample_interval(100ms)
RSS (Resident Set Size)       : 1.04 GB



 METRIC 
Avg CPU Cycles (per interval) : 45934350.45
EPT Cycles / Exec Cycles      : 0.0720
Memory Accesses (load+store)  : 16514871
Memory Access Rate (MAR)      : 165148.71 accesses/sample_interval(100ms)
RSS (Resident Set Size)       : 1.04 GB



 METRIC 
Avg CPU Cycles (per interval) : 45903467.10
EPT Cycles / Exec Cycles      : 0.0720
Memory Accesses (load+store)  : 16506529
Memory Access Rate (MAR)      : 165065.29 accesses/sample_interval(100ms)
RSS (Resident Set Size)       : 1.04 GB



 METRIC 
Avg CPU Cycles (per interval) : 45874866.10
EPT Cycles / Exec Cycles      : 0.0721
Memory Accesses (load+store)  : 16497625
Memory Access Rate (MAR)      : 164976.25 accesses/sample_interval(100ms)
RSS (Resident Set Size)       : 1.04 GB



 METRIC 
Avg CPU Cycles (per interval) : 45906150.35
EPT Cycles / Exec Cycles      : 0.0720
Memory Accesses (load+store)  : 16500402
Memory Access Rate (MAR)      : 165004.02 accesses/sample_interval(100ms)
RSS (Resident Set Size)       : 1.04 GB



 METRIC 
Avg CPU Cycles (per interval) : 46120121.80
EPT Cycles / Exec Cycles      : 0.0720
Memory Accesses (load+store)  : 16568753
Memory Access Rate (MAR)      : 165687.53 accesses/sample_interval(100ms)
RSS (Resident Set Size)       : 1.04 GB



 METRIC 
Avg CPU Cycles (per interval) : 46054278.85
EPT Cycles / Exec Cycles      : 0.0722
Memory Accesses (load+store)  : 16563041
Memory Access Rate (MAR)      : 165630.41 accesses/sample_interval(100ms)
RSS (Resident Set Size)       : 1.04 GB



 METRIC 
Avg CPU Cycles (per interval) : 46022730.45
EPT Cycles / Exec Cycles      : 0.0722
Memory Accesses (load+store)  : 16561740
Memory Access Rate (MAR)      : 165617.40 accesses/sample_interval(100ms)
RSS (Resident Set Size)       : 1.04 GB



 METRIC 
Avg CPU Cycles (per interval) : 46051633.95
EPT Cycles / Exec Cycles      : 0.0723
Memory Accesses (load+store)  : 16578621
Memory Access Rate (MAR)      : 165786.21 accesses/sample_interval(100ms)
RSS (Resident Set Size)       : 1.04 GB



 METRIC 
Avg CPU Cycles (per interval) : 45968052.70
EPT Cycles / Exec Cycles      : 0.0724
Memory Accesses (load+store)  : 16570838
Memory Access Rate (MAR)      : 165708.38 accesses/sample_interval(100ms)
RSS (Resident Set Size)       : 1.04 GB



 METRIC 
Avg CPU Cycles (per interval) : 45936967.70
EPT Cycles / Exec Cycles      : 0.0725
Memory Accesses (load+store)  : 16572831
Memory Access Rate (MAR)      : 165728.31 accesses/sample_interval(100ms)
RSS (Resident Set Size)       : 1.04 GB



 METRIC 
Avg CPU Cycles (per interval) : 45898395.80
EPT Cycles / Exec Cycles      : 0.0726
Memory Accesses (load+store)  : 16573533
Memory Access Rate (MAR)      : 165735.33 accesses/sample_interval(100ms)
RSS (Resident Set Size)       : 1.04 GB



 METRIC 
Avg CPU Cycles (per interval) : 45939176.05
EPT Cycles / Exec Cycles      : 0.0725
Memory Accesses (load+store)  : 16584468
Memory Access Rate (MAR)      : 165844.68 accesses/sample_interval(100ms)
RSS (Resident Set Size)       : 1.04 GB



 METRIC 
Avg CPU Cycles (per interval) : 45896602.50
EPT Cycles / Exec Cycles      : 0.0727
Memory Accesses (load+store)  : 16576296
Memory Access Rate (MAR)      : 165762.96 accesses/sample_interval(100ms)
RSS (Resident Set Size)       : 1.04 GB



 METRIC 
Avg CPU Cycles (per interval) : 45899345.30
EPT Cycles / Exec Cycles      : 0.0728
Memory Accesses (load+store)  : 16577047
Memory Access Rate (MAR)      : 165770.47 accesses/sample_interval(100ms)
RSS (Resident Set Size)       : 1.04 GB



 METRIC 
Avg CPU Cycles (per interval) : 45871192.15
EPT Cycles / Exec Cycles      : 0.0729
Memory Accesses (load+store)  : 16573806
Memory Access Rate (MAR)      : 165738.06 accesses/sample_interval(100ms)
RSS (Resident Set Size)       : 1.04 GB



 METRIC 
Avg CPU Cycles (per interval) : 45861797.80
EPT Cycles / Exec Cycles      : 0.0730
Memory Accesses (load+store)  : 16569196
Memory Access Rate (MAR)      : 165691.96 accesses/sample_interval(100ms)
RSS (Resident Set Size)       : 1.04 GB



 METRIC 
Avg CPU Cycles (per interval) : 45821749.65
EPT Cycles / Exec Cycles      : 0.0731
Memory Accesses (load+store)  : 16562658
Memory Access Rate (MAR)      : 165626.58 accesses/sample_interval(100ms)
RSS (Resident Set Size)       : 1.04 GB



 METRIC 
Avg CPU Cycles (per interval) : 45778910.90
EPT Cycles / Exec Cycles      : 0.0731
Memory Accesses (load+store)  : 16557080
Memory Access Rate (MAR)      : 165570.80 accesses/sample_interval(100ms)
RSS (Resident Set Size)       : 1.04 GB



 METRIC 
Avg CPU Cycles (per interval) : 45794996.65
EPT Cycles / Exec Cycles      : 0.0732
Memory Accesses (load+store)  : 16554031
Memory Access Rate (MAR)      : 165540.31 accesses/sample_interval(100ms)
RSS (Resident Set Size)       : 1.04 GB



 METRIC 
Avg CPU Cycles (per interval) : 45809695.05
EPT Cycles / Exec Cycles      : 0.0733
Memory Accesses (load+store)  : 16558095
Memory Access Rate (MAR)      : 165580.95 accesses/sample_interval(100ms)
RSS (Resident Set Size)       : 1.04 GB



 METRIC 
Avg CPU Cycles (per interval) : 45803933.10
EPT Cycles / Exec Cycles      : 0.0732
Memory Accesses (load+store)  : 16552597
Memory Access Rate (MAR)      : 165525.97 accesses/sample_interval(100ms)
RSS (Resident Set Size)       : 1.04 GB



 METRIC 
Avg CPU Cycles (per interval) : 45833631.55
EPT Cycles / Exec Cycles      : 0.0733
Memory Accesses (load+store)  : 16551758
Memory Access Rate (MAR)      : 165517.58 accesses/sample_interval(100ms)
RSS (Resident Set Size)       : 1.04 GB



 METRIC 
Avg CPU Cycles (per interval) : 45832362.00
EPT Cycles / Exec Cycles      : 0.0733
Memory Accesses (load+store)  : 16545632
Memory Access Rate (MAR)      : 165456.32 accesses/sample_interval(100ms)
RSS (Resident Set Size)       : 1.04 GB



 METRIC 
Avg CPU Cycles (per interval) : 45839884.70
EPT Cycles / Exec Cycles      : 0.0733
Memory Accesses (load+store)  : 16541740
Memory Access Rate (MAR)      : 165417.40 accesses/sample_interval(100ms)
RSS (Resident Set Size)       : 1.04 GB



 METRIC 
Avg CPU Cycles (per interval) : 45840805.85
EPT Cycles / Exec Cycles      : 0.0734
Memory Accesses (load+store)  : 16543318
Memory Access Rate (MAR)      : 165433.18 accesses/sample_interval(100ms)
RSS (Resident Set Size)       : 1.04 GB



 METRIC 
Avg CPU Cycles (per interval) : 45865278.70
EPT Cycles / Exec Cycles      : 0.0734
Memory Accesses (load+store)  : 16548814
Memory Access Rate (MAR)      : 165488.14 accesses/sample_interval(100ms)
RSS (Resident Set Size)       : 1.04 GB



 METRIC 
Avg CPU Cycles (per interval) : 45879303.30
EPT Cycles / Exec Cycles      : 0.0734
Memory Accesses (load+store)  : 16547595
Memory Access Rate (MAR)      : 165475.95 accesses/sample_interval(100ms)
RSS (Resident Set Size)       : 1.04 GB



 METRIC 
Avg CPU Cycles (per interval) : 45889322.35
EPT Cycles / Exec Cycles      : 0.0734
Memory Accesses (load+store)  : 16545843
Memory Access Rate (MAR)      : 165458.43 accesses/sample_interval(100ms)
RSS (Resident Set Size)       : 1.04 GB



 METRIC 
Avg CPU Cycles (per interval) : 45943595.00
EPT Cycles / Exec Cycles      : 0.0733
Memory Accesses (load+store)  : 16546657
Memory Access Rate (MAR)      : 165466.57 accesses/sample_interval(100ms)
RSS (Resident Set Size)       : 1.04 GB



 METRIC 
Avg CPU Cycles (per interval) : 45968480.60
EPT Cycles / Exec Cycles      : 0.0733
Memory Accesses (load+store)  : 16540049
Memory Access Rate (MAR)      : 165400.49 accesses/sample_interval(100ms)
RSS (Resident Set Size)       : 1.04 GB



 METRIC 
Avg CPU Cycles (per interval) : 46000110.40
EPT Cycles / Exec Cycles      : 0.0733
Memory Accesses (load+store)  : 16536031
Memory Access Rate (MAR)      : 165360.31 accesses/sample_interval(100ms)
RSS (Resident Set Size)       : 1.04 GB



 METRIC 
Avg CPU Cycles (per interval) : 46052872.10
EPT Cycles / Exec Cycles      : 0.0732
Memory Accesses (load+store)  : 16539983
Memory Access Rate (MAR)      : 165399.83 accesses/sample_interval(100ms)
RSS (Resident Set Size)       : 1.04 GB



 METRIC 
Avg CPU Cycles (per interval) : 46055570.70
EPT Cycles / Exec Cycles      : 0.0731
Memory Accesses (load+store)  : 16537728
Memory Access Rate (MAR)      : 165377.29 accesses/sample_interval(100ms)
RSS (Resident Set Size)       : 1.04 GB



 METRIC 
Avg CPU Cycles (per interval) : 46085464.65
EPT Cycles / Exec Cycles      : 0.0731
Memory Accesses (load+store)  : 16543959
Memory Access Rate (MAR)      : 165439.59 accesses/sample_interval(100ms)
RSS (Resident Set Size)       : 1.04 GB



 METRIC 
Avg CPU Cycles (per interval) : 46157900.20
EPT Cycles / Exec Cycles      : 0.0731
Memory Accesses (load+store)  : 16549258
Memory Access Rate (MAR)      : 165492.58 accesses/sample_interval(100ms)
RSS (Resident Set Size)       : 1.04 GB



 METRIC 
Avg CPU Cycles (per interval) : 46183290.15
EPT Cycles / Exec Cycles      : 0.0731
Memory Accesses (load+store)  : 16550205
Memory Access Rate (MAR)      : 165502.05 accesses/sample_interval(100ms)
RSS (Resident Set Size)       : 1.04 GB



 METRIC 
Avg CPU Cycles (per interval) : 46239144.65
EPT Cycles / Exec Cycles      : 0.0730
Memory Accesses (load+store)  : 16558504
Memory Access Rate (MAR)      : 165585.04 accesses/sample_interval(100ms)
RSS (Resident Set Size)       : 1.04 GB



 METRIC 
Avg CPU Cycles (per interval) : 46292673.10
EPT Cycles / Exec Cycles      : 0.0730
Memory Accesses (load+store)  : 16566614
Memory Access Rate (MAR)      : 165666.14 accesses/sample_interval(100ms)
RSS (Resident Set Size)       : 1.04 GB



 METRIC 
Avg CPU Cycles (per interval) : 46222958.00
EPT Cycles / Exec Cycles      : 0.0732
Memory Accesses (load+store)  : 16555313
Memory Access Rate (MAR)      : 165553.13 accesses/sample_interval(100ms)
RSS (Resident Set Size)       : 1.04 GB



 METRIC 
Avg CPU Cycles (per interval) : 46213296.45
EPT Cycles / Exec Cycles      : 0.0732
Memory Accesses (load+store)  : 16558400
Memory Access Rate (MAR)      : 165584.00 accesses/sample_interval(100ms)
RSS (Resident Set Size)       : 1.04 GB



 METRIC 
Avg CPU Cycles (per interval) : 46259380.60
EPT Cycles / Exec Cycles      : 0.0732
Memory Accesses (load+store)  : 16567483
Memory Access Rate (MAR)      : 165674.83 accesses/sample_interval(100ms)
RSS (Resident Set Size)       : 1.04 GB



 METRIC 
Avg CPU Cycles (per interval) : 46258335.05
EPT Cycles / Exec Cycles      : 0.0732
Memory Accesses (load+store)  : 16570045
Memory Access Rate (MAR)      : 165700.45 accesses/sample_interval(100ms)
RSS (Resident Set Size)       : 1.04 GB



 METRIC 
Avg CPU Cycles (per interval) : 46276761.75
EPT Cycles / Exec Cycles      : 0.0732
Memory Accesses (load+store)  : 16575121
Memory Access Rate (MAR)      : 165751.21 accesses/sample_interval(100ms)
RSS (Resident Set Size)       : 1.04 GB



 METRIC 
Avg CPU Cycles (per interval) : 46259750.05
EPT Cycles / Exec Cycles      : 0.0733
Memory Accesses (load+store)  : 16571475
Memory Access Rate (MAR)      : 165714.75 accesses/sample_interval(100ms)
RSS (Resident Set Size)       : 1.04 GB



 METRIC 
Avg CPU Cycles (per interval) : 45207950.85
EPT Cycles / Exec Cycles      : 0.0733
Memory Accesses (load+store)  : 16198271
Memory Access Rate (MAR)      : 161982.71 accesses/sample_interval(100ms)
RSS (Resident Set Size)       : 1.04 GB



 METRIC 
Avg CPU Cycles (per interval) : 42912806.50
EPT Cycles / Exec Cycles      : 0.0732
Memory Accesses (load+store)  : 15374078
Memory Access Rate (MAR)      : 153740.78 accesses/sample_interval(100ms)
RSS (Resident Set Size)       : 1.04 GB



 METRIC 
Avg CPU Cycles (per interval) : 40604099.75
EPT Cycles / Exec Cycles      : 0.0732
Memory Accesses (load+store)  : 14550692
Memory Access Rate (MAR)      : 145506.92 accesses/sample_interval(100ms)
RSS (Resident Set Size)       : 1.04 GB



 METRIC 
Avg CPU Cycles (per interval) : 38297107.30
EPT Cycles / Exec Cycles      : 0.0733
Memory Accesses (load+store)  : 13725917
Memory Access Rate (MAR)      : 137259.17 accesses/sample_interval(100ms)
RSS (Resident Set Size)       : 1.04 GB



 METRIC 
Avg CPU Cycles (per interval) : 35981442.65
EPT Cycles / Exec Cycles      : 0.0734
Memory Accesses (load+store)  : 12902149
Memory Access Rate (MAR)      : 129021.49 accesses/sample_interval(100ms)
RSS (Resident Set Size)       : 1.04 GB



 METRIC 
Avg CPU Cycles (per interval) : 33688083.85
EPT Cycles / Exec Cycles      : 0.0734
Memory Accesses (load+store)  : 12084667
Memory Access Rate (MAR)      : 120846.67 accesses/sample_interval(100ms)
RSS (Resident Set Size)       : 1.04 GB



 METRIC 
Avg CPU Cycles (per interval) : 31370295.50
EPT Cycles / Exec Cycles      : 0.0734
Memory Accesses (load+store)  : 11257164
Memory Access Rate (MAR)      : 112571.64 accesses/sample_interval(100ms)
RSS (Resident Set Size)       : 1.04 GB



 METRIC 
Avg CPU Cycles (per interval) : 29002574.20
EPT Cycles / Exec Cycles      : 0.0737
Memory Accesses (load+store)  : 10420242
Memory Access Rate (MAR)      : 104202.42 accesses/sample_interval(100ms)
RSS (Resident Set Size)       : 1.04 GB



 METRIC 
Avg CPU Cycles (per interval) : 26725071.30
EPT Cycles / Exec Cycles      : 0.0737
Memory Accesses (load+store)  : 9599986
Memory Access Rate (MAR)      : 95999.86 accesses/sample_interval(100ms)
RSS (Resident Set Size)       : 1.04 GB



 METRIC 
Avg CPU Cycles (per interval) : 24419896.70
EPT Cycles / Exec Cycles      : 0.0737
Memory Accesses (load+store)  : 8771774
Memory Access Rate (MAR)      : 87717.74 accesses/sample_interval(100ms)
RSS (Resident Set Size)       : 1.04 GB



 METRIC 
Avg CPU Cycles (per interval) : 22089504.20
EPT Cycles / Exec Cycles      : 0.0737
Memory Accesses (load+store)  : 7941343
Memory Access Rate (MAR)      : 79413.43 accesses/sample_interval(100ms)
RSS (Resident Set Size)       : 1.04 GB



 METRIC 
Avg CPU Cycles (per interval) : 19790298.90
EPT Cycles / Exec Cycles      : 0.0736
Memory Accesses (load+store)  : 7115979
Memory Access Rate (MAR)      : 71159.79 accesses/sample_interval(100ms)
RSS (Resident Set Size)       : 1.04 GB



 METRIC 
Avg CPU Cycles (per interval) : 17497833.60
EPT Cycles / Exec Cycles      : 0.0737
Memory Accesses (load+store)  : 6295473
Memory Access Rate (MAR)      : 62954.73 accesses/sample_interval(100ms)
RSS (Resident Set Size)       : 1.04 GB



 METRIC 
Avg CPU Cycles (per interval) : 15195146.45
EPT Cycles / Exec Cycles      : 0.0736
Memory Accesses (load+store)  : 5466201
Memory Access Rate (MAR)      : 54662.01 accesses/sample_interval(100ms)
RSS (Resident Set Size)       : 1.04 GB



 METRIC 
Avg CPU Cycles (per interval) : 12933164.15
EPT Cycles / Exec Cycles      : 0.0735
Memory Accesses (load+store)  : 4649701
Memory Access Rate (MAR)      : 46497.01 accesses/sample_interval(100ms)
RSS (Resident Set Size)       : 1.04 GB



 METRIC 
Avg CPU Cycles (per interval) : 10624683.35
EPT Cycles / Exec Cycles      : 0.0732
Memory Accesses (load+store)  : 3816760
Memory Access Rate (MAR)      : 38167.60 accesses/sample_interval(100ms)
RSS (Resident Set Size)       : 1.04 GB



 METRIC 
Avg CPU Cycles (per interval) : 8290671.50
EPT Cycles / Exec Cycles      : 0.0732
Memory Accesses (load+store)  : 2986635
Memory Access Rate (MAR)      : 29866.35 accesses/sample_interval(100ms)
RSS (Resident Set Size)       : 1.04 GB



 METRIC 
Avg CPU Cycles (per interval) : 5975969.90
EPT Cycles / Exec Cycles      : 0.0733
Memory Accesses (load+store)  : 2157623
Memory Access Rate (MAR)      : 21576.23 accesses/sample_interval(100ms)
RSS (Resident Set Size)       : 1.04 GB



 METRIC 
Avg CPU Cycles (per interval) : 3654460.40
EPT Cycles / Exec Cycles      : 0.0728
Memory Accesses (load+store)  : 1329008
Memory Access Rate (MAR)      : 13290.08 accesses/sample_interval(100ms)
RSS (Resident Set Size)       : 1.04 GB



 METRIC 
Avg CPU Cycles (per interval) : 1343694.70
EPT Cycles / Exec Cycles      : 0.0719
Memory Accesses (load+store)  : 501784
Memory Access Rate (MAR)      : 5017.84 accesses/sample_interval(100ms)
RSS (Resident Set Size)       : 1.04 GB



 METRIC 
Avg CPU Cycles (per interval) : 77349.65
EPT Cycles / Exec Cycles      : 0.0476
Memory Accesses (load+store)  : 43616
Memory Access Rate (MAR)      : 436.17 accesses/sample_interval(100ms)
RSS (Resident Set Size)       : 1.04 GB



 METRIC 
Avg CPU Cycles (per interval) : 65719.85
EPT Cycles / Exec Cycles      : 0.0479
Memory Accesses (load+store)  : 37233
Memory Access Rate (MAR)      : 372.33 accesses/sample_interval(100ms)
RSS (Resident Set Size)       : 1.04 GB



 METRIC 
Avg CPU Cycles (per interval) : 58563.75
EPT Cycles / Exec Cycles      : 0.0473
Memory Accesses (load+store)  : 33105
Memory Access Rate (MAR)      : 331.05 accesses/sample_interval(100ms)
RSS (Resident Set Size)       : 1.04 GB



 METRIC 
Avg CPU Cycles (per interval) : 54315.40
EPT Cycles / Exec Cycles      : 0.0447
Memory Accesses (load+store)  : 30716
Memory Access Rate (MAR)      : 307.16 accesses/sample_interval(100ms)
RSS (Resident Set Size)       : 1.04 GB



 METRIC 
Avg CPU Cycles (per interval) : 49045.00
EPT Cycles / Exec Cycles      : 0.0450
Memory Accesses (load+store)  : 27736
Memory Access Rate (MAR)      : 277.36 accesses/sample_interval(100ms)
RSS (Resident Set Size)       : 1.04 GB



 METRIC 
Avg CPU Cycles (per interval) : 46384.05
EPT Cycles / Exec Cycles      : 0.0456
Memory Accesses (load+store)  : 26134
Memory Access Rate (MAR)      : 261.34 accesses/sample_interval(100ms)
RSS (Resident Set Size)       : 1.04 GB



 METRIC 
Avg CPU Cycles (per interval) : 44410.20
EPT Cycles / Exec Cycles      : 0.0463
Memory Accesses (load+store)  : 24859
Memory Access Rate (MAR)      : 248.59 accesses/sample_interval(100ms)
RSS (Resident Set Size)       : 1.04 GB



 METRIC 
Avg CPU Cycles (per interval) : 42068.45
EPT Cycles / Exec Cycles      : 0.0468
Memory Accesses (load+store)  : 23443
Memory Access Rate (MAR)      : 234.43 accesses/sample_interval(100ms)
RSS (Resident Set Size)       : 1.04 GB



 METRIC 
Avg CPU Cycles (per interval) : 39478.75
EPT Cycles / Exec Cycles      : 0.0461
Memory Accesses (load+store)  : 21950
Memory Access Rate (MAR)      : 219.50 accesses/sample_interval(100ms)
RSS (Resident Set Size)       : 1.04 GB



 METRIC 
Avg CPU Cycles (per interval) : 38125.05
EPT Cycles / Exec Cycles      : 0.0465
Memory Accesses (load+store)  : 21150
Memory Access Rate (MAR)      : 211.50 accesses/sample_interval(100ms)
RSS (Resident Set Size)       : 1.04 GB



 METRIC 
Avg CPU Cycles (per interval) : 36932.90
EPT Cycles / Exec Cycles      : 0.0472
Memory Accesses (load+store)  : 20448
Memory Access Rate (MAR)      : 204.48 accesses/sample_interval(100ms)
RSS (Resident Set Size)       : 1.04 GB



 METRIC 
Avg CPU Cycles (per interval) : 34945.30
EPT Cycles / Exec Cycles      : 0.0482
Memory Accesses (load+store)  : 19302
Memory Access Rate (MAR)      : 193.02 accesses/sample_interval(100ms)
RSS (Resident Set Size)       : 1.04 GB



 METRIC 
Avg CPU Cycles (per interval) : 33374.85
EPT Cycles / Exec Cycles      : 0.0496
Memory Accesses (load+store)  : 18333
Memory Access Rate (MAR)      : 183.33 accesses/sample_interval(100ms)
RSS (Resident Set Size)       : 1.04 GB



 METRIC 
Avg CPU Cycles (per interval) : 33709.85
EPT Cycles / Exec Cycles      : 0.0487
Memory Accesses (load+store)  : 18519
Memory Access Rate (MAR)      : 185.19 accesses/sample_interval(100ms)
RSS (Resident Set Size)       : 1.04 GB



 METRIC 
Avg CPU Cycles (per interval) : 32201.60
EPT Cycles / Exec Cycles      : 0.0495
Memory Accesses (load+store)  : 17643
Memory Access Rate (MAR)      : 176.43 accesses/sample_interval(100ms)
RSS (Resident Set Size)       : 1.04 GB



 METRIC 
Avg CPU Cycles (per interval) : 31315.10
EPT Cycles / Exec Cycles      : 0.0499
Memory Accesses (load+store)  : 17107
Memory Access Rate (MAR)      : 171.07 accesses/sample_interval(100ms)
RSS (Resident Set Size)       : 1.04 GB



 METRIC 
Avg CPU Cycles (per interval) : 29949.00
EPT Cycles / Exec Cycles      : 0.0505
Memory Accesses (load+store)  : 16315
Memory Access Rate (MAR)      : 163.15 accesses/sample_interval(100ms)
RSS (Resident Set Size)       : 1.04 GB



 METRIC 
Avg CPU Cycles (per interval) : 30151.50
EPT Cycles / Exec Cycles      : 0.0503
Memory Accesses (load+store)  : 16407
Memory Access Rate (MAR)      : 164.07 accesses/sample_interval(100ms)
RSS (Resident Set Size)       : 1.04 GB



 METRIC 
Avg CPU Cycles (per interval) : 28620.80
EPT Cycles / Exec Cycles      : 0.0511
Memory Accesses (load+store)  : 15522
Memory Access Rate (MAR)      : 155.22 accesses/sample_interval(100ms)
RSS (Resident Set Size)       : 1.04 GB



 METRIC 
Avg CPU Cycles (per interval) : 28164.45
EPT Cycles / Exec Cycles      : 0.0513
Memory Accesses (load+store)  : 15264
Memory Access Rate (MAR)      : 152.64 accesses/sample_interval(100ms)
RSS (Resident Set Size)       : 1.04 GB



 METRIC 
Avg CPU Cycles (per interval) : 26800.50
EPT Cycles / Exec Cycles      : 0.0524
Memory Accesses (load+store)  : 14460
Memory Access Rate (MAR)      : 144.60 accesses/sample_interval(100ms)
RSS (Resident Set Size)       : 1.04 GB



 METRIC 
Avg CPU Cycles (per interval) : 26982.30
EPT Cycles / Exec Cycles      : 0.0521
Memory Accesses (load+store)  : 14556
Memory Access Rate (MAR)      : 145.56 accesses/sample_interval(100ms)
RSS (Resident Set Size)       : 1.04 GB



 METRIC 
Avg CPU Cycles (per interval) : 26879.20
EPT Cycles / Exec Cycles      : 0.0516
Memory Accesses (load+store)  : 14472
Memory Access Rate (MAR)      : 144.72 accesses/sample_interval(100ms)
RSS (Resident Set Size)       : 1.04 GB



 METRIC 
Avg CPU Cycles (per interval) : 25312.30
EPT Cycles / Exec Cycles      : 0.0534
Memory Accesses (load+store)  : 13587
Memory Access Rate (MAR)      : 135.87 accesses/sample_interval(100ms)
RSS (Resident Set Size)       : 1.04 GB



 METRIC 
Avg CPU Cycles (per interval) : 25444.75
EPT Cycles / Exec Cycles      : 0.0544
Memory Accesses (load+store)  : 13587
Memory Access Rate (MAR)      : 135.87 accesses/sample_interval(100ms)
RSS (Resident Set Size)       : 1.04 GB



 METRIC 
Avg CPU Cycles (per interval) : 24683.30
EPT Cycles / Exec Cycles      : 0.0552
Memory Accesses (load+store)  : 13148
Memory Access Rate (MAR)      : 131.48 accesses/sample_interval(100ms)
RSS (Resident Set Size)       : 1.04 GB



 METRIC 
Avg CPU Cycles (per interval) : 23726.10
EPT Cycles / Exec Cycles      : 0.0564
Memory Accesses (load+store)  : 12614
Memory Access Rate (MAR)      : 126.14 accesses/sample_interval(100ms)
RSS (Resident Set Size)       : 1.04 GB



 METRIC 
Avg CPU Cycles (per interval) : 23846.70
EPT Cycles / Exec Cycles      : 0.0560
Memory Accesses (load+store)  : 12706
Memory Access Rate (MAR)      : 127.06 accesses/sample_interval(100ms)
RSS (Resident Set Size)       : 1.04 GB



 METRIC 
Avg CPU Cycles (per interval) : 24274.35
EPT Cycles / Exec Cycles      : 0.0556
Memory Accesses (load+store)  : 12971
Memory Access Rate (MAR)      : 129.71 accesses/sample_interval(100ms)
RSS (Resident Set Size)       : 1.04 GB



 METRIC 
Avg CPU Cycles (per interval) : 22778.35
EPT Cycles / Exec Cycles      : 0.0558
Memory Accesses (load+store)  : 12156
Memory Access Rate (MAR)      : 121.56 accesses/sample_interval(100ms)
RSS (Resident Set Size)       : 1.04 GB



 METRIC 
Avg CPU Cycles (per interval) : 22422.05
EPT Cycles / Exec Cycles      : 0.0552
Memory Accesses (load+store)  : 11975
Memory Access Rate (MAR)      : 119.75 accesses/sample_interval(100ms)
RSS (Resident Set Size)       : 1.04 GB



 METRIC 
Avg CPU Cycles (per interval) : 22241.75
EPT Cycles / Exec Cycles      : 0.0549
Memory Accesses (load+store)  : 11887
Memory Access Rate (MAR)      : 118.87 accesses/sample_interval(100ms)
RSS (Resident Set Size)       : 1.04 GB



 METRIC 
Avg CPU Cycles (per interval) : 22294.60
EPT Cycles / Exec Cycles      : 0.0528
Memory Accesses (load+store)  : 11975
Memory Access Rate (MAR)      : 119.75 accesses/sample_interval(100ms)
RSS (Resident Set Size)       : 1.04 GB



 METRIC 
Avg CPU Cycles (per interval) : 20946.80
EPT Cycles / Exec Cycles      : 0.0525
Memory Accesses (load+store)  : 11336
Memory Access Rate (MAR)      : 113.36 accesses/sample_interval(100ms)
RSS (Resident Set Size)       : 1.04 GB



 METRIC 
Avg CPU Cycles (per interval) : 21392.50
EPT Cycles / Exec Cycles      : 0.0505
Memory Accesses (load+store)  : 11607
Memory Access Rate (MAR)      : 116.07 accesses/sample_interval(100ms)
RSS (Resident Set Size)       : 1.04 GB



 METRIC 
Avg CPU Cycles (per interval) : 20846.50
EPT Cycles / Exec Cycles      : 0.0498
Memory Accesses (load+store)  : 11345
Memory Access Rate (MAR)      : 113.45 accesses/sample_interval(100ms)
RSS (Resident Set Size)       : 1.04 GB



 METRIC 
Avg CPU Cycles (per interval) : 20491.35
EPT Cycles / Exec Cycles      : 0.0495
Memory Accesses (load+store)  : 11167
Memory Access Rate (MAR)      : 111.67 accesses/sample_interval(100ms)
RSS (Resident Set Size)       : 1.04 GB



 METRIC 
Avg CPU Cycles (per interval) : 19834.35
EPT Cycles / Exec Cycles      : 0.0497
Memory Accesses (load+store)  : 10805
Memory Access Rate (MAR)      : 108.05 accesses/sample_interval(100ms)
RSS (Resident Set Size)       : 1.04 GB



 METRIC 
Avg CPU Cycles (per interval) : 19670.70
EPT Cycles / Exec Cycles      : 0.0497
Memory Accesses (load+store)  : 10721
Memory Access Rate (MAR)      : 107.21 accesses/sample_interval(100ms)
RSS (Resident Set Size)       : 1.04 GB



 METRIC 
Avg CPU Cycles (per interval) : 19807.55
EPT Cycles / Exec Cycles      : 0.0489
Memory Accesses (load+store)  : 10810
Memory Access Rate (MAR)      : 108.10 accesses/sample_interval(100ms)
RSS (Resident Set Size)       : 1.04 GB



 METRIC 
Avg CPU Cycles (per interval) : 19533.35
EPT Cycles / Exec Cycles      : 0.0507
Memory Accesses (load+store)  : 10636
Memory Access Rate (MAR)      : 106.36 accesses/sample_interval(100ms)
RSS (Resident Set Size)       : 1.04 GB



 METRIC 
Avg CPU Cycles (per interval) : 19733.95
EPT Cycles / Exec Cycles      : 0.0523
Memory Accesses (load+store)  : 10726
Memory Access Rate (MAR)      : 107.26 accesses/sample_interval(100ms)
RSS (Resident Set Size)       : 1.04 GB



 METRIC 
Avg CPU Cycles (per interval) : 19036.50
EPT Cycles / Exec Cycles      : 0.0528
Memory Accesses (load+store)  : 10239
Memory Access Rate (MAR)      : 102.39 accesses/sample_interval(100ms)
RSS (Resident Set Size)       : 1.04 GB



 METRIC 
Avg CPU Cycles (per interval) : 18593.70
EPT Cycles / Exec Cycles      : 0.0512
Memory Accesses (load+store)  : 10175
Memory Access Rate (MAR)      : 101.75 accesses/sample_interval(100ms)
RSS (Resident Set Size)       : 1.04 GB



 METRIC 
Avg CPU Cycles (per interval) : 18334.00
EPT Cycles / Exec Cycles      : 0.0507
Memory Accesses (load+store)  : 10087
Memory Access Rate (MAR)      : 100.87 accesses/sample_interval(100ms)
RSS (Resident Set Size)       : 1.04 GB



 METRIC 
Avg CPU Cycles (per interval) : 18149.65
EPT Cycles / Exec Cycles      : 0.0502
Memory Accesses (load+store)  : 9999
Memory Access Rate (MAR)      : 99.99 accesses/sample_interval(100ms)
RSS (Resident Set Size)       : 1.04 GB



 METRIC 
Avg CPU Cycles (per interval) : 18185.70
EPT Cycles / Exec Cycles      : 0.0498
Memory Accesses (load+store)  : 10002
Memory Access Rate (MAR)      : 100.02 accesses/sample_interval(100ms)
RSS (Resident Set Size)       : 1.04 GB



 METRIC 
Avg CPU Cycles (per interval) : 17712.55
EPT Cycles / Exec Cycles      : 0.0506
Memory Accesses (load+store)  : 9737
Memory Access Rate (MAR)      : 97.37 accesses/sample_interval(100ms)
RSS (Resident Set Size)       : 1.04 GB



 METRIC 
Avg CPU Cycles (per interval) : 17222.65
EPT Cycles / Exec Cycles      : 0.0492
Memory Accesses (load+store)  : 9471
Memory Access Rate (MAR)      : 94.71 accesses/sample_interval(100ms)
RSS (Resident Set Size)       : 1.04 GB



 METRIC 
Avg CPU Cycles (per interval) : 17965.55
EPT Cycles / Exec Cycles      : 0.0509
Memory Accesses (load+store)  : 9822
Memory Access Rate (MAR)      : 98.22 accesses/sample_interval(100ms)
RSS (Resident Set Size)       : 1.04 GB



 METRIC 
Avg CPU Cycles (per interval) : 17660.70
EPT Cycles / Exec Cycles      : 0.0514
Memory Accesses (load+store)  : 9649
Memory Access Rate (MAR)      : 96.49 accesses/sample_interval(100ms)
RSS (Resident Set Size)       : 1.04 GB



 METRIC 
Avg CPU Cycles (per interval) : 17532.90
EPT Cycles / Exec Cycles      : 0.0513
Memory Accesses (load+store)  : 9564
Memory Access Rate (MAR)      : 95.64 accesses/sample_interval(100ms)
RSS (Resident Set Size)       : 1.04 GB



 METRIC 
Avg CPU Cycles (per interval) : 17222.85
EPT Cycles / Exec Cycles      : 0.0504
Memory Accesses (load+store)  : 9273
Memory Access Rate (MAR)      : 92.73 accesses/sample_interval(100ms)
RSS (Resident Set Size)       : 1.04 GB



 METRIC 
Avg CPU Cycles (per interval) : 17144.70
EPT Cycles / Exec Cycles      : 0.0484
Memory Accesses (load+store)  : 9321
Memory Access Rate (MAR)      : 93.21 accesses/sample_interval(100ms)
RSS (Resident Set Size)       : 1.04 GB



 METRIC 
Avg CPU Cycles (per interval) : 16350.90
EPT Cycles / Exec Cycles      : 0.0497
Memory Accesses (load+store)  : 8878
Memory Access Rate (MAR)      : 88.78 accesses/sample_interval(100ms)
RSS (Resident Set Size)       : 1.04 GB



 METRIC 
Avg CPU Cycles (per interval) : 16849.95
EPT Cycles / Exec Cycles      : 0.0502
Memory Accesses (load+store)  : 9144
Memory Access Rate (MAR)      : 91.44 accesses/sample_interval(100ms)
RSS (Resident Set Size)       : 1.04 GB



 METRIC 
Avg CPU Cycles (per interval) : 16527.85
EPT Cycles / Exec Cycles      : 0.0508
Memory Accesses (load+store)  : 8967
Memory Access Rate (MAR)      : 89.67 accesses/sample_interval(100ms)
RSS (Resident Set Size)       : 1.04 GB



 METRIC 
Avg CPU Cycles (per interval) : 16728.70
EPT Cycles / Exec Cycles      : 0.0506
Memory Accesses (load+store)  : 9064
Memory Access Rate (MAR)      : 90.64 accesses/sample_interval(100ms)
RSS (Resident Set Size)       : 1.04 GB



 METRIC 
Avg CPU Cycles (per interval) : 16764.40
EPT Cycles / Exec Cycles      : 0.0509
Memory Accesses (load+store)  : 9064
Memory Access Rate (MAR)      : 90.64 accesses/sample_interval(100ms)
RSS (Resident Set Size)       : 1.04 GB



 METRIC 
Avg CPU Cycles (per interval) : 16465.45
EPT Cycles / Exec Cycles      : 0.0516
Memory Accesses (load+store)  : 8883
Memory Access Rate (MAR)      : 88.83 accesses/sample_interval(100ms)
RSS (Resident Set Size)       : 1.04 GB



 METRIC 
Avg CPU Cycles (per interval) : 16241.20
EPT Cycles / Exec Cycles      : 0.0498
Memory Accesses (load+store)  : 8798
Memory Access Rate (MAR)      : 87.98 accesses/sample_interval(100ms)
RSS (Resident Set Size)       : 1.04 GB



 METRIC 
Avg CPU Cycles (per interval) : 15084.15
EPT Cycles / Exec Cycles      : 0.0479
Memory Accesses (load+store)  : 8178
Memory Access Rate (MAR)      : 81.78 accesses/sample_interval(100ms)
RSS (Resident Set Size)       : 1.04 GB



 METRIC 
Avg CPU Cycles (per interval) : 15728.50
EPT Cycles / Exec Cycles      : 0.0489
Memory Accesses (load+store)  : 8448
Memory Access Rate (MAR)      : 84.48 accesses/sample_interval(100ms)
RSS (Resident Set Size)       : 1.04 GB



 METRIC 
Avg CPU Cycles (per interval) : 15880.50
EPT Cycles / Exec Cycles      : 0.0494
Memory Accesses (load+store)  : 8533
Memory Access Rate (MAR)      : 85.33 accesses/sample_interval(100ms)
RSS (Resident Set Size)       : 1.04 GB



 METRIC 
Avg CPU Cycles (per interval) : 16028.30
EPT Cycles / Exec Cycles      : 0.0484
Memory Accesses (load+store)  : 8625
Memory Access Rate (MAR)      : 86.25 accesses/sample_interval(100ms)
RSS (Resident Set Size)       : 1.04 GB



 METRIC 
Avg CPU Cycles (per interval) : 15896.25
EPT Cycles / Exec Cycles      : 0.0484
Memory Accesses (load+store)  : 8540
Memory Access Rate (MAR)      : 85.40 accesses/sample_interval(100ms)
RSS (Resident Set Size)       : 1.04 GB



 METRIC 
Avg CPU Cycles (per interval) : 15365.35
EPT Cycles / Exec Cycles      : 0.0481
Memory Accesses (load+store)  : 8274
Memory Access Rate (MAR)      : 82.74 accesses/sample_interval(100ms)
RSS (Resident Set Size)       : 1.04 GB



 METRIC 
Avg CPU Cycles (per interval) : 15886.00
EPT Cycles / Exec Cycles      : 0.0474
Memory Accesses (load+store)  : 8540
Memory Access Rate (MAR)      : 85.39 accesses/sample_interval(100ms)
RSS (Resident Set Size)       : 1.04 GB



 METRIC 
Avg CPU Cycles (per interval) : 15695.90
EPT Cycles / Exec Cycles      : 0.0477
Memory Accesses (load+store)  : 8451
Memory Access Rate (MAR)      : 84.51 accesses/sample_interval(100ms)
RSS (Resident Set Size)       : 1.04 GB



 METRIC 
Avg CPU Cycles (per interval) : 14847.60
EPT Cycles / Exec Cycles      : 0.0481
Memory Accesses (load+store)  : 8008
Memory Access Rate (MAR)      : 80.08 accesses/sample_interval(100ms)
RSS (Resident Set Size)       : 1.04 GB



 METRIC 
Avg CPU Cycles (per interval) : 15277.90
EPT Cycles / Exec Cycles      : 0.0488
Memory Accesses (load+store)  : 8184
Memory Access Rate (MAR)      : 81.84 accesses/sample_interval(100ms)
RSS (Resident Set Size)       : 1.04 GB



 METRIC 
Avg CPU Cycles (per interval) : 14924.95
EPT Cycles / Exec Cycles      : 0.0483
Memory Accesses (load+store)  : 8008
Memory Access Rate (MAR)      : 80.08 accesses/sample_interval(100ms)
RSS (Resident Set Size)       : 1.04 GB



 METRIC 
Avg CPU Cycles (per interval) : 15306.50
EPT Cycles / Exec Cycles      : 0.0497
Memory Accesses (load+store)  : 8182
Memory Access Rate (MAR)      : 81.82 accesses/sample_interval(100ms)
RSS (Resident Set Size)       : 1.04 GB



 METRIC 
Avg CPU Cycles (per interval) : 15282.10
EPT Cycles / Exec Cycles      : 0.0510
Memory Accesses (load+store)  : 8097
Memory Access Rate (MAR)      : 80.97 accesses/sample_interval(100ms)
RSS (Resident Set Size)       : 1.04 GB



 METRIC 
Avg CPU Cycles (per interval) : 15443.30
EPT Cycles / Exec Cycles      : 0.0509
Memory Accesses (load+store)  : 8185
Memory Access Rate (MAR)      : 81.85 accesses/sample_interval(100ms)
RSS (Resident Set Size)       : 1.04 GB



 METRIC 
Avg CPU Cycles (per interval) : 15125.25
EPT Cycles / Exec Cycles      : 0.0515
Memory Accesses (load+store)  : 8008
Memory Access Rate (MAR)      : 80.08 accesses/sample_interval(100ms)
RSS (Resident Set Size)       : 1.04 GB



 METRIC 
Avg CPU Cycles (per interval) : 15310.00
EPT Cycles / Exec Cycles      : 0.0516
Memory Accesses (load+store)  : 8097
Memory Access Rate (MAR)      : 80.97 accesses/sample_interval(100ms)
RSS (Resident Set Size)       : 1.04 GB



 METRIC 
Avg CPU Cycles (per interval) : 15131.00
EPT Cycles / Exec Cycles      : 0.0517
Memory Accesses (load+store)  : 8008
Memory Access Rate (MAR)      : 80.08 accesses/sample_interval(100ms)
RSS (Resident Set Size)       : 1.04 GB



 METRIC 
Avg CPU Cycles (per interval) : 15093.50
EPT Cycles / Exec Cycles      : 0.0512
Memory Accesses (load+store)  : 8007
Memory Access Rate (MAR)      : 80.07 accesses/sample_interval(100ms)
RSS (Resident Set Size)       : 1.04 GB



 METRIC 
Avg CPU Cycles (per interval) : 15073.65
EPT Cycles / Exec Cycles      : 0.0514
Memory Accesses (load+store)  : 8007
Memory Access Rate (MAR)      : 80.07 accesses/sample_interval(100ms)
RSS (Resident Set Size)       : 1.04 GB



 METRIC 
Avg CPU Cycles (per interval) : 15065.70
EPT Cycles / Exec Cycles      : 0.0509
Memory Accesses (load+store)  : 8007
Memory Access Rate (MAR)      : 80.07 accesses/sample_interval(100ms)
RSS (Resident Set Size)       : 1.04 GB



 METRIC 
Avg CPU Cycles (per interval) : 15063.70
EPT Cycles / Exec Cycles      : 0.0508
Memory Accesses (load+store)  : 8007
Memory Access Rate (MAR)      : 80.07 accesses/sample_interval(100ms)
RSS (Resident Set Size)       : 1.04 GB



 METRIC 
Avg CPU Cycles (per interval) : 16075.00
EPT Cycles / Exec Cycles      : 0.0488
Memory Accesses (load+store)  : 8740
Memory Access Rate (MAR)      : 87.40 accesses/sample_interval(100ms)
RSS (Resident Set Size)       : 1.04 GB



 METRIC 
Avg CPU Cycles (per interval) : 14997.45
EPT Cycles / Exec Cycles      : 0.0483
Memory Accesses (load+store)  : 7989
Memory Access Rate (MAR)      : 79.89 accesses/sample_interval(100ms)
RSS (Resident Set Size)       : 1.04 GB



 METRIC 
Avg CPU Cycles (per interval) : 15013.55
EPT Cycles / Exec Cycles      : 0.0491
Memory Accesses (load+store)  : 7989
Memory Access Rate (MAR)      : 79.89 accesses/sample_interval(100ms)
RSS (Resident Set Size)       : 1.04 GB



 METRIC 
Avg CPU Cycles (per interval) : 15013.50
EPT Cycles / Exec Cycles      : 0.0496
Memory Accesses (load+store)  : 7989
Memory Access Rate (MAR)      : 79.89 accesses/sample_interval(100ms)
RSS (Resident Set Size)       : 1.04 GB



 METRIC 
Avg CPU Cycles (per interval) : 15019.80
EPT Cycles / Exec Cycles      : 0.0499
Memory Accesses (load+store)  : 7989
Memory Access Rate (MAR)      : 79.89 accesses/sample_interval(100ms)
RSS (Resident Set Size)       : 1.04 GB



 METRIC 
Avg CPU Cycles (per interval) : 15009.10
EPT Cycles / Exec Cycles      : 0.0494
Memory Accesses (load+store)  : 7989
Memory Access Rate (MAR)      : 79.89 accesses/sample_interval(100ms)
RSS (Resident Set Size)       : 1.04 GB



 METRIC 
Avg CPU Cycles (per interval) : 15065.20
EPT Cycles / Exec Cycles      : 0.0498
Memory Accesses (load+store)  : 7989
Memory Access Rate (MAR)      : 79.89 accesses/sample_interval(100ms)
RSS (Resident Set Size)       : 1.04 GB



 METRIC 
Avg CPU Cycles (per interval) : 15058.80
EPT Cycles / Exec Cycles      : 0.0488
Memory Accesses (load+store)  : 7989
Memory Access Rate (MAR)      : 79.89 accesses/sample_interval(100ms)
RSS (Resident Set Size)       : 1.04 GB



 METRIC 
Avg CPU Cycles (per interval) : 14978.25
EPT Cycles / Exec Cycles      : 0.0483
Memory Accesses (load+store)  : 7989
Memory Access Rate (MAR)      : 79.89 accesses/sample_interval(100ms)
RSS (Resident Set Size)       : 1.04 GB



 METRIC 
Avg CPU Cycles (per interval) : 14979.30
EPT Cycles / Exec Cycles      : 0.0483
Memory Accesses (load+store)  : 7989
Memory Access Rate (MAR)      : 79.89 accesses/sample_interval(100ms)
RSS (Resident Set Size)       : 1.04 GB



 METRIC 
Avg CPU Cycles (per interval) : 16381.80
EPT Cycles / Exec Cycles      : 0.0574
Memory Accesses (load+store)  : 8721
Memory Access Rate (MAR)      : 87.21 accesses/sample_interval(100ms)
RSS (Resident Set Size)       : 1.04 GB



 METRIC 
Avg CPU Cycles (per interval) : 15115.55
EPT Cycles / Exec Cycles      : 0.0564
Memory Accesses (load+store)  : 7970
Memory Access Rate (MAR)      : 79.70 accesses/sample_interval(100ms)
RSS (Resident Set Size)       : 1.04 GB



 METRIC 
Avg CPU Cycles (per interval) : 15132.95
EPT Cycles / Exec Cycles      : 0.0570
Memory Accesses (load+store)  : 7970
Memory Access Rate (MAR)      : 79.70 accesses/sample_interval(100ms)
RSS (Resident Set Size)       : 1.04 GB



 METRIC 
Avg CPU Cycles (per interval) : 15130.80
EPT Cycles / Exec Cycles      : 0.0566
Memory Accesses (load+store)  : 7970
Memory Access Rate (MAR)      : 79.70 accesses/sample_interval(100ms)
RSS (Resident Set Size)       : 1.04 GB



 METRIC 
Avg CPU Cycles (per interval) : 15121.50
EPT Cycles / Exec Cycles      : 0.0567
Memory Accesses (load+store)  : 7970
Memory Access Rate (MAR)      : 79.70 accesses/sample_interval(100ms)
RSS (Resident Set Size)       : 1.04 GB



 METRIC 
Avg CPU Cycles (per interval) : 15125.55
EPT Cycles / Exec Cycles      : 0.0566
Memory Accesses (load+store)  : 7970
Memory Access Rate (MAR)      : 79.70 accesses/sample_interval(100ms)
RSS (Resident Set Size)       : 1.04 GB



 METRIC 
Avg CPU Cycles (per interval) : 15133.55
EPT Cycles / Exec Cycles      : 0.0560
Memory Accesses (load+store)  : 7970
Memory Access Rate (MAR)      : 79.70 accesses/sample_interval(100ms)
RSS (Resident Set Size)       : 1.04 GB



 METRIC 
Avg CPU Cycles (per interval) : 15109.55
EPT Cycles / Exec Cycles      : 0.0548
Memory Accesses (load+store)  : 7970
Memory Access Rate (MAR)      : 79.70 accesses/sample_interval(100ms)
RSS (Resident Set Size)       : 1.04 GB



 METRIC 
Avg CPU Cycles (per interval) : 15100.15
EPT Cycles / Exec Cycles      : 0.0547
Memory Accesses (load+store)  : 7970
Memory Access Rate (MAR)      : 79.70 accesses/sample_interval(100ms)
RSS (Resident Set Size)       : 1.04 GB



 METRIC 
Avg CPU Cycles (per interval) : 15086.90
EPT Cycles / Exec Cycles      : 0.0550
Memory Accesses (load+store)  : 7970
Memory Access Rate (MAR)      : 79.70 accesses/sample_interval(100ms)
RSS (Resident Set Size)       : 1.04 GB



 METRIC 
Avg CPU Cycles (per interval) : 15176.05
EPT Cycles / Exec Cycles      : 0.0546
Memory Accesses (load+store)  : 7997
Memory Access Rate (MAR)      : 79.97 accesses/sample_interval(100ms)
RSS (Resident Set Size)       : 1.04 GB



 METRIC 
Avg CPU Cycles (per interval) : 15153.90
EPT Cycles / Exec Cycles      : 0.0550
Memory Accesses (load+store)  : 7997
Memory Access Rate (MAR)      : 79.97 accesses/sample_interval(100ms)
RSS (Resident Set Size)       : 1.04 GB



 METRIC 
Avg CPU Cycles (per interval) : 15156.40
EPT Cycles / Exec Cycles      : 0.0551
Memory Accesses (load+store)  : 7997
Memory Access Rate (MAR)      : 79.97 accesses/sample_interval(100ms)
RSS (Resident Set Size)       : 1.04 GB



 METRIC 
Avg CPU Cycles (per interval) : 15162.85
EPT Cycles / Exec Cycles      : 0.0547
Memory Accesses (load+store)  : 7997
Memory Access Rate (MAR)      : 79.97 accesses/sample_interval(100ms)
RSS (Resident Set Size)       : 1.04 GB



 METRIC 
Avg CPU Cycles (per interval) : 15143.65
EPT Cycles / Exec Cycles      : 0.0546
Memory Accesses (load+store)  : 7997
Memory Access Rate (MAR)      : 79.97 accesses/sample_interval(100ms)
RSS (Resident Set Size)       : 1.04 GB



 METRIC 
Avg CPU Cycles (per interval) : 15123.50
EPT Cycles / Exec Cycles      : 0.0548
Memory Accesses (load+store)  : 7997
Memory Access Rate (MAR)      : 79.97 accesses/sample_interval(100ms)
RSS (Resident Set Size)       : 1.04 GB



 METRIC 
Avg CPU Cycles (per interval) : 15079.60
EPT Cycles / Exec Cycles      : 0.0549
Memory Accesses (load+store)  : 7997
Memory Access Rate (MAR)      : 79.97 accesses/sample_interval(100ms)
RSS (Resident Set Size)       : 1.04 GB



 METRIC 
Avg CPU Cycles (per interval) : 15059.50
EPT Cycles / Exec Cycles      : 0.0546
Memory Accesses (load+store)  : 7997
Memory Access Rate (MAR)      : 79.97 accesses/sample_interval(100ms)
RSS (Resident Set Size)       : 1.04 GB



 METRIC 
Avg CPU Cycles (per interval) : 15056.20
EPT Cycles / Exec Cycles      : 0.0544
Memory Accesses (load+store)  : 7997
Memory Access Rate (MAR)      : 79.97 accesses/sample_interval(100ms)
RSS (Resident Set Size)       : 1.04 GB



 METRIC 
Avg CPU Cycles (per interval) : 15051.75
EPT Cycles / Exec Cycles      : 0.0545
Memory Accesses (load+store)  : 7997
Memory Access Rate (MAR)      : 79.97 accesses/sample_interval(100ms)
RSS (Resident Set Size)       : 1.04 GB



 METRIC 
Avg CPU Cycles (per interval) : 14971.70
EPT Cycles / Exec Cycles      : 0.0474
Memory Accesses (load+store)  : 8015
Memory Access Rate (MAR)      : 80.15 accesses/sample_interval(100ms)
RSS (Resident Set Size)       : 1.04 GB



 METRIC 
Avg CPU Cycles (per interval) : 14998.45
EPT Cycles / Exec Cycles      : 0.0469
Memory Accesses (load+store)  : 8015
Memory Access Rate (MAR)      : 80.15 accesses/sample_interval(100ms)
RSS (Resident Set Size)       : 1.04 GB



 METRIC 
Avg CPU Cycles (per interval) : 14971.15
EPT Cycles / Exec Cycles      : 0.0460
Memory Accesses (load+store)  : 8015
Memory Access Rate (MAR)      : 80.15 accesses/sample_interval(100ms)
RSS (Resident Set Size)       : 1.04 GB



 METRIC 
Avg CPU Cycles (per interval) : 14961.55
EPT Cycles / Exec Cycles      : 0.0455
Memory Accesses (load+store)  : 8015
Memory Access Rate (MAR)      : 80.15 accesses/sample_interval(100ms)
RSS (Resident Set Size)       : 1.04 GB



 METRIC 
Avg CPU Cycles (per interval) : 14960.60
EPT Cycles / Exec Cycles      : 0.0455
Memory Accesses (load+store)  : 8015
Memory Access Rate (MAR)      : 80.15 accesses/sample_interval(100ms)
RSS (Resident Set Size)       : 1.04 GB



 METRIC 
Avg CPU Cycles (per interval) : 14984.20
EPT Cycles / Exec Cycles      : 0.0460
Memory Accesses (load+store)  : 8015
Memory Access Rate (MAR)      : 80.15 accesses/sample_interval(100ms)
RSS (Resident Set Size)       : 1.04 GB



 METRIC 
Avg CPU Cycles (per interval) : 14945.70
EPT Cycles / Exec Cycles      : 0.0462
Memory Accesses (load+store)  : 8015
Memory Access Rate (MAR)      : 80.15 accesses/sample_interval(100ms)
RSS (Resident Set Size)       : 1.04 GB



 METRIC 
Avg CPU Cycles (per interval) : 14966.60
EPT Cycles / Exec Cycles      : 0.0467
Memory Accesses (load+store)  : 8015
Memory Access Rate (MAR)      : 80.15 accesses/sample_interval(100ms)
RSS (Resident Set Size)       : 1.04 GB



 METRIC 
Avg CPU Cycles (per interval) : 14995.35
EPT Cycles / Exec Cycles      : 0.0474
Memory Accesses (load+store)  : 8015
Memory Access Rate (MAR)      : 80.15 accesses/sample_interval(100ms)
RSS (Resident Set Size)       : 1.04 GB



 METRIC 
Avg CPU Cycles (per interval) : 15265.95
EPT Cycles / Exec Cycles      : 0.0484
Memory Accesses (load+store)  : 8103
Memory Access Rate (MAR)      : 81.03 accesses/sample_interval(100ms)
RSS (Resident Set Size)       : 1.04 GB



 METRIC 
Avg CPU Cycles (per interval) : 15169.05
EPT Cycles / Exec Cycles      : 0.0527
Memory Accesses (load+store)  : 8006
Memory Access Rate (MAR)      : 80.06 accesses/sample_interval(100ms)
RSS (Resident Set Size)       : 1.04 GB



 METRIC 
Avg CPU Cycles (per interval) : 15159.90
EPT Cycles / Exec Cycles      : 0.0516
Memory Accesses (load+store)  : 8006
Memory Access Rate (MAR)      : 80.06 accesses/sample_interval(100ms)
RSS (Resident Set Size)       : 1.04 GB



 METRIC 
Avg CPU Cycles (per interval) : 15145.45
EPT Cycles / Exec Cycles      : 0.0509
Memory Accesses (load+store)  : 8006
Memory Access Rate (MAR)      : 80.06 accesses/sample_interval(100ms)
RSS (Resident Set Size)       : 1.04 GB



 METRIC 
Avg CPU Cycles (per interval) : 15148.10
EPT Cycles / Exec Cycles      : 0.0507
Memory Accesses (load+store)  : 8006
Memory Access Rate (MAR)      : 80.06 accesses/sample_interval(100ms)
RSS (Resident Set Size)       : 1.04 GB



 METRIC 
Avg CPU Cycles (per interval) : 15174.90
EPT Cycles / Exec Cycles      : 0.0509
Memory Accesses (load+store)  : 8006
Memory Access Rate (MAR)      : 80.06 accesses/sample_interval(100ms)
RSS (Resident Set Size)       : 1.04 GB



 METRIC 
Avg CPU Cycles (per interval) : 15230.05
EPT Cycles / Exec Cycles      : 0.0522
Memory Accesses (load+store)  : 8006
Memory Access Rate (MAR)      : 80.06 accesses/sample_interval(100ms)
RSS (Resident Set Size)       : 1.04 GB



 METRIC 
Avg CPU Cycles (per interval) : 15235.30
EPT Cycles / Exec Cycles      : 0.0524
Memory Accesses (load+store)  : 8006
Memory Access Rate (MAR)      : 80.06 accesses/sample_interval(100ms)
RSS (Resident Set Size)       : 1.04 GB



 METRIC 
Avg CPU Cycles (per interval) : 15254.65
EPT Cycles / Exec Cycles      : 0.0528
Memory Accesses (load+store)  : 8006
Memory Access Rate (MAR)      : 80.06 accesses/sample_interval(100ms)
RSS (Resident Set Size)       : 1.04 GB



 METRIC 
Avg CPU Cycles (per interval) : 15259.85
EPT Cycles / Exec Cycles      : 0.0540
Memory Accesses (load+store)  : 8006
Memory Access Rate (MAR)      : 80.06 accesses/sample_interval(100ms)
RSS (Resident Set Size)       : 1.04 GB



 METRIC 
Avg CPU Cycles (per interval) : 15473.10
EPT Cycles / Exec Cycles      : 0.0553
Memory Accesses (load+store)  : 8094
Memory Access Rate (MAR)      : 80.94 accesses/sample_interval(100ms)
RSS (Resident Set Size)       : 1.04 GB



 METRIC 
Avg CPU Cycles (per interval) : 14989.50
EPT Cycles / Exec Cycles      : 0.0553
Memory Accesses (load+store)  : 7980
Memory Access Rate (MAR)      : 79.80 accesses/sample_interval(100ms)
RSS (Resident Set Size)       : 1.04 GB



 METRIC 
Avg CPU Cycles (per interval) : 14987.35
EPT Cycles / Exec Cycles      : 0.0563
Memory Accesses (load+store)  : 7980
Memory Access Rate (MAR)      : 79.80 accesses/sample_interval(100ms)
RSS (Resident Set Size)       : 1.04 GB



 METRIC 
Avg CPU Cycles (per interval) : 15047.95
EPT Cycles / Exec Cycles      : 0.0566
Memory Accesses (load+store)  : 7980
Memory Access Rate (MAR)      : 79.80 accesses/sample_interval(100ms)
RSS (Resident Set Size)       : 1.04 GB



 METRIC 
Avg CPU Cycles (per interval) : 15059.10
EPT Cycles / Exec Cycles      : 0.0566
Memory Accesses (load+store)  : 7980
Memory Access Rate (MAR)      : 79.80 accesses/sample_interval(100ms)
RSS (Resident Set Size)       : 1.04 GB



 METRIC 
Avg CPU Cycles (per interval) : 15060.35
EPT Cycles / Exec Cycles      : 0.0568
Memory Accesses (load+store)  : 7980
Memory Access Rate (MAR)      : 79.80 accesses/sample_interval(100ms)
RSS (Resident Set Size)       : 1.04 GB



 METRIC 
Avg CPU Cycles (per interval) : 15039.30
EPT Cycles / Exec Cycles      : 0.0563
Memory Accesses (load+store)  : 7980
Memory Access Rate (MAR)      : 79.80 accesses/sample_interval(100ms)
RSS (Resident Set Size)       : 1.04 GB



 METRIC 
Avg CPU Cycles (per interval) : 15046.30
EPT Cycles / Exec Cycles      : 0.0562
Memory Accesses (load+store)  : 7980
Memory Access Rate (MAR)      : 79.80 accesses/sample_interval(100ms)
RSS (Resident Set Size)       : 1.04 GB



 METRIC 
Avg CPU Cycles (per interval) : 15078.80
EPT Cycles / Exec Cycles      : 0.0561
Memory Accesses (load+store)  : 7980
Memory Access Rate (MAR)      : 79.80 accesses/sample_interval(100ms)
RSS (Resident Set Size)       : 1.04 GB



 METRIC 
Avg CPU Cycles (per interval) : 15074.80
EPT Cycles / Exec Cycles      : 0.0561
Memory Accesses (load+store)  : 7980
Memory Access Rate (MAR)      : 79.80 accesses/sample_interval(100ms)
RSS (Resident Set Size)       : 1.04 GB



 METRIC 
Avg CPU Cycles (per interval) : 15006.10
EPT Cycles / Exec Cycles      : 0.0551
Memory Accesses (load+store)  : 7980
Memory Access Rate (MAR)      : 79.80 accesses/sample_interval(100ms)
RSS (Resident Set Size)       : 1.04 GB



 METRIC 
Avg CPU Cycles (per interval) : 14903.05
EPT Cycles / Exec Cycles      : 0.0512
Memory Accesses (load+store)  : 7980
Memory Access Rate (MAR)      : 79.80 accesses/sample_interval(100ms)
RSS (Resident Set Size)       : 1.04 GB



 METRIC 
Avg CPU Cycles (per interval) : 14860.65
EPT Cycles / Exec Cycles      : 0.0507
Memory Accesses (load+store)  : 7980
Memory Access Rate (MAR)      : 79.80 accesses/sample_interval(100ms)
RSS (Resident Set Size)       : 1.04 GB



 METRIC 
Avg CPU Cycles (per interval) : 15008.35
EPT Cycles / Exec Cycles      : 0.0508
Memory Accesses (load+store)  : 8061
Memory Access Rate (MAR)      : 80.61 accesses/sample_interval(100ms)
RSS (Resident Set Size)       : 1.04 GB



 METRIC 
Avg CPU Cycles (per interval) : 14844.85
EPT Cycles / Exec Cycles      : 0.0505
Memory Accesses (load+store)  : 7980
Memory Access Rate (MAR)      : 79.80 accesses/sample_interval(100ms)
RSS (Resident Set Size)       : 1.04 GB



 METRIC 
Avg CPU Cycles (per interval) : 14818.75
EPT Cycles / Exec Cycles      : 0.0502
Memory Accesses (load+store)  : 7980
Memory Access Rate (MAR)      : 79.80 accesses/sample_interval(100ms)
RSS (Resident Set Size)       : 1.04 GB



 METRIC 
Avg CPU Cycles (per interval) : 14760.65
EPT Cycles / Exec Cycles      : 0.0489
Memory Accesses (load+store)  : 7980
Memory Access Rate (MAR)      : 79.80 accesses/sample_interval(100ms)
RSS (Resident Set Size)       : 1.04 GB



 METRIC 
Avg CPU Cycles (per interval) : 14749.60
EPT Cycles / Exec Cycles      : 0.0480
Memory Accesses (load+store)  : 7980
Memory Access Rate (MAR)      : 79.80 accesses/sample_interval(100ms)
RSS (Resident Set Size)       : 1.04 GB



 METRIC 
Avg CPU Cycles (per interval) : 14734.60
EPT Cycles / Exec Cycles      : 0.0476
Memory Accesses (load+store)  : 7980
Memory Access Rate (MAR)      : 79.80 accesses/sample_interval(100ms)
RSS (Resident Set Size)       : 1.04 GB



 METRIC 
Avg CPU Cycles (per interval) : 14715.80
EPT Cycles / Exec Cycles      : 0.0463
Memory Accesses (load+store)  : 7980
Memory Access Rate (MAR)      : 79.80 accesses/sample_interval(100ms)
RSS (Resident Set Size)       : 1.04 GB



 METRIC 
Avg CPU Cycles (per interval) : 14693.10
EPT Cycles / Exec Cycles      : 0.0450
Memory Accesses (load+store)  : 7980
Memory Access Rate (MAR)      : 79.80 accesses/sample_interval(100ms)
RSS (Resident Set Size)       : 1.04 GB



 METRIC 
Avg CPU Cycles (per interval) : 14730.95
EPT Cycles / Exec Cycles      : 0.0432
Memory Accesses (load+store)  : 7997
Memory Access Rate (MAR)      : 79.97 accesses/sample_interval(100ms)
RSS (Resident Set Size)       : 1.04 GB



 METRIC 
Avg CPU Cycles (per interval) : 14869.50
EPT Cycles / Exec Cycles      : 0.0424
Memory Accesses (load+store)  : 8085
Memory Access Rate (MAR)      : 80.85 accesses/sample_interval(100ms)
RSS (Resident Set Size)       : 1.04 GB



 METRIC 
Avg CPU Cycles (per interval) : 14794.85
EPT Cycles / Exec Cycles      : 0.0422
Memory Accesses (load+store)  : 8077
Memory Access Rate (MAR)      : 80.77 accesses/sample_interval(100ms)
RSS (Resident Set Size)       : 1.04 GB



 METRIC 
Avg CPU Cycles (per interval) : 14630.70
EPT Cycles / Exec Cycles      : 0.0417
Memory Accesses (load+store)  : 7997
Memory Access Rate (MAR)      : 79.97 accesses/sample_interval(100ms)
RSS (Resident Set Size)       : 1.04 GB



 METRIC 
Avg CPU Cycles (per interval) : 14631.95
EPT Cycles / Exec Cycles      : 0.0414
Memory Accesses (load+store)  : 7997
Memory Access Rate (MAR)      : 79.97 accesses/sample_interval(100ms)
RSS (Resident Set Size)       : 1.04 GB



 METRIC 
Avg CPU Cycles (per interval) : 14639.65
EPT Cycles / Exec Cycles      : 0.0414
Memory Accesses (load+store)  : 7997
Memory Access Rate (MAR)      : 79.97 accesses/sample_interval(100ms)
RSS (Resident Set Size)       : 1.04 GB



 METRIC 
Avg CPU Cycles (per interval) : 14651.95
EPT Cycles / Exec Cycles      : 0.0413
Memory Accesses (load+store)  : 7997
Memory Access Rate (MAR)      : 79.97 accesses/sample_interval(100ms)
RSS (Resident Set Size)       : 1.04 GB



 METRIC 
Avg CPU Cycles (per interval) : 14586.70
EPT Cycles / Exec Cycles      : 0.0409
Memory Accesses (load+store)  : 7997
Memory Access Rate (MAR)      : 79.97 accesses/sample_interval(100ms)
RSS (Resident Set Size)       : 1.04 GB



 METRIC 
Avg CPU Cycles (per interval) : 14567.50
EPT Cycles / Exec Cycles      : 0.0402
Memory Accesses (load+store)  : 7997
Memory Access Rate (MAR)      : 79.97 accesses/sample_interval(100ms)
RSS (Resident Set Size)       : 1.04 GB



 METRIC 
Avg CPU Cycles (per interval) : 14532.70
EPT Cycles / Exec Cycles      : 0.0405
Memory Accesses (load+store)  : 7997
Memory Access Rate (MAR)      : 79.97 accesses/sample_interval(100ms)
RSS (Resident Set Size)       : 1.04 GB



 METRIC 
Avg CPU Cycles (per interval) : 14502.75
EPT Cycles / Exec Cycles      : 0.0390
Memory Accesses (load+store)  : 8006
Memory Access Rate (MAR)      : 80.06 accesses/sample_interval(100ms)
RSS (Resident Set Size)       : 1.04 GB



 METRIC 
Avg CPU Cycles (per interval) : 14667.15
EPT Cycles / Exec Cycles      : 0.0393
Memory Accesses (load+store)  : 8094
Memory Access Rate (MAR)      : 80.94 accesses/sample_interval(100ms)
RSS (Resident Set Size)       : 1.04 GB



 METRIC 
Avg CPU Cycles (per interval) : 14487.95
EPT Cycles / Exec Cycles      : 0.0395
Memory Accesses (load+store)  : 8006
Memory Access Rate (MAR)      : 80.06 accesses/sample_interval(100ms)
RSS (Resident Set Size)       : 1.04 GB



 METRIC 
Avg CPU Cycles (per interval) : 14487.30
EPT Cycles / Exec Cycles      : 0.0395
Memory Accesses (load+store)  : 8006
Memory Access Rate (MAR)      : 80.06 accesses/sample_interval(100ms)
RSS (Resident Set Size)       : 1.04 GB



 METRIC 
Avg CPU Cycles (per interval) : 14684.75
EPT Cycles / Exec Cycles      : 0.0395
Memory Accesses (load+store)  : 8094
Memory Access Rate (MAR)      : 80.94 accesses/sample_interval(100ms)
RSS (Resident Set Size)       : 1.04 GB



 METRIC 
Avg CPU Cycles (per interval) : 14510.30
EPT Cycles / Exec Cycles      : 0.0398
Memory Accesses (load+store)  : 8006
Memory Access Rate (MAR)      : 80.06 accesses/sample_interval(100ms)
RSS (Resident Set Size)       : 1.04 GB



 METRIC 
Avg CPU Cycles (per interval) : 14488.55
EPT Cycles / Exec Cycles      : 0.0393
Memory Accesses (load+store)  : 8006
Memory Access Rate (MAR)      : 80.06 accesses/sample_interval(100ms)
RSS (Resident Set Size)       : 1.04 GB



 METRIC 
Avg CPU Cycles (per interval) : 14488.05
EPT Cycles / Exec Cycles      : 0.0390
Memory Accesses (load+store)  : 8006
Memory Access Rate (MAR)      : 80.06 accesses/sample_interval(100ms)
RSS (Resident Set Size)       : 1.04 GB



 METRIC 
Avg CPU Cycles (per interval) : 14487.30
EPT Cycles / Exec Cycles      : 0.0390
Memory Accesses (load+store)  : 8006
Memory Access Rate (MAR)      : 80.06 accesses/sample_interval(100ms)
RSS (Resident Set Size)       : 1.04 GB



 METRIC 
Avg CPU Cycles (per interval) : 14479.45
EPT Cycles / Exec Cycles      : 0.0390
Memory Accesses (load+store)  : 8006
Memory Access Rate (MAR)      : 80.06 accesses/sample_interval(100ms)
RSS (Resident Set Size)       : 1.04 GB



 METRIC 
Avg CPU Cycles (per interval) : 17348.20
EPT Cycles / Exec Cycles      : 0.0423
Memory Accesses (load+store)  : 9045
Memory Access Rate (MAR)      : 90.45 accesses/sample_interval(100ms)
RSS (Resident Set Size)       : 1.04 GB



 METRIC 
Avg CPU Cycles (per interval) : 36872.70
EPT Cycles / Exec Cycles      : 0.0255
Memory Accesses (load+store)  : 17280
Memory Access Rate (MAR)      : 172.80 accesses/sample_interval(100ms)
RSS (Resident Set Size)       : 1.04 GB



 METRIC 
Avg CPU Cycles (per interval) : 75870.90
EPT Cycles / Exec Cycles      : 0.0195
Memory Accesses (load+store)  : 33932
Memory Access Rate (MAR)      : 339.32 accesses/sample_interval(100ms)
RSS (Resident Set Size)       : 1.04 GB



 METRIC 
Avg CPU Cycles (per interval) : 92063.45
EPT Cycles / Exec Cycles      : 0.0190
Memory Accesses (load+store)  : 40763
Memory Access Rate (MAR)      : 407.63 accesses/sample_interval(100ms)
RSS (Resident Set Size)       : 1.04 GB



 METRIC 
Avg CPU Cycles (per interval) : 93526.30
EPT Cycles / Exec Cycles      : 0.0201
Memory Accesses (load+store)  : 41403
Memory Access Rate (MAR)      : 414.03 accesses/sample_interval(100ms)
RSS (Resident Set Size)       : 1.04 GB



 METRIC 
Avg CPU Cycles (per interval) : 128307.05
EPT Cycles / Exec Cycles      : 0.0187
Memory Accesses (load+store)  : 55909
Memory Access Rate (MAR)      : 559.09 accesses/sample_interval(100ms)
RSS (Resident Set Size)       : 1.04 GB



 METRIC 
Avg CPU Cycles (per interval) : 178795.25
EPT Cycles / Exec Cycles      : 0.0175
Memory Accesses (load+store)  : 77886
Memory Access Rate (MAR)      : 778.86 accesses/sample_interval(100ms)
RSS (Resident Set Size)       : 1.04 GB



 METRIC 
Avg CPU Cycles (per interval) : 200692.40
EPT Cycles / Exec Cycles      : 0.0170
Memory Accesses (load+store)  : 87589
Memory Access Rate (MAR)      : 875.89 accesses/sample_interval(100ms)
RSS (Resident Set Size)       : 1.04 GB



 METRIC 
Avg CPU Cycles (per interval) : 223633.40
EPT Cycles / Exec Cycles      : 0.0171
Memory Accesses (load+store)  : 97482
Memory Access Rate (MAR)      : 974.82 accesses/sample_interval(100ms)
RSS (Resident Set Size)       : 1.04 GB



 METRIC 
Avg CPU Cycles (per interval) : 259760.50
EPT Cycles / Exec Cycles      : 0.0163
Memory Accesses (load+store)  : 113757
Memory Access Rate (MAR)      : 1137.57 accesses/sample_interval(100ms)
RSS (Resident Set Size)       : 1.04 GB



 METRIC 
Avg CPU Cycles (per interval) : 299696.15
EPT Cycles / Exec Cycles      : 0.0169
Memory Accesses (load+store)  : 132477
Memory Access Rate (MAR)      : 1324.77 accesses/sample_interval(100ms)
RSS (Resident Set Size)       : 1.04 GB



 METRIC 
Avg CPU Cycles (per interval) : 320712.45
EPT Cycles / Exec Cycles      : 0.0167
Memory Accesses (load+store)  : 142592
Memory Access Rate (MAR)      : 1425.92 accesses/sample_interval(100ms)
RSS (Resident Set Size)       : 1.04 GB



 METRIC 
Avg CPU Cycles (per interval) : 329881.60
EPT Cycles / Exec Cycles      : 0.0164
Memory Accesses (load+store)  : 147319
Memory Access Rate (MAR)      : 1473.19 accesses/sample_interval(100ms)
RSS (Resident Set Size)       : 1.04 GB



 METRIC 
Avg CPU Cycles (per interval) : 332152.95
EPT Cycles / Exec Cycles      : 0.0165
Memory Accesses (load+store)  : 148427
Memory Access Rate (MAR)      : 1484.27 accesses/sample_interval(100ms)
RSS (Resident Set Size)       : 1.04 GB



 METRIC 
Avg CPU Cycles (per interval) : 332382.20
EPT Cycles / Exec Cycles      : 0.0165
Memory Accesses (load+store)  : 148588
Memory Access Rate (MAR)      : 1485.88 accesses/sample_interval(100ms)
RSS (Resident Set Size)       : 1.04 GB



 METRIC 
Avg CPU Cycles (per interval) : 333392.10
EPT Cycles / Exec Cycles      : 0.0167
Memory Accesses (load+store)  : 149108
Memory Access Rate (MAR)      : 1491.08 accesses/sample_interval(100ms)
RSS (Resident Set Size)       : 1.04 GB



 METRIC 
Avg CPU Cycles (per interval) : 333991.45
EPT Cycles / Exec Cycles      : 0.0167
Memory Accesses (load+store)  : 149433
Memory Access Rate (MAR)      : 1494.33 accesses/sample_interval(100ms)
RSS (Resident Set Size)       : 1.04 GB



 METRIC 
Avg CPU Cycles (per interval) : 334343.45
EPT Cycles / Exec Cycles      : 0.0168
Memory Accesses (load+store)  : 149611
Memory Access Rate (MAR)      : 1496.11 accesses/sample_interval(100ms)
RSS (Resident Set Size)       : 1.04 GB



 METRIC 
Avg CPU Cycles (per interval) : 335032.65
EPT Cycles / Exec Cycles      : 0.0169
Memory Accesses (load+store)  : 149937
Memory Access Rate (MAR)      : 1499.37 accesses/sample_interval(100ms)
RSS (Resident Set Size)       : 1.04 GB



 METRIC 
Avg CPU Cycles (per interval) : 335700.80
EPT Cycles / Exec Cycles      : 0.0171
Memory Accesses (load+store)  : 150271
Memory Access Rate (MAR)      : 1502.71 accesses/sample_interval(100ms)
RSS (Resident Set Size)       : 1.04 GB



 METRIC 
Avg CPU Cycles (per interval) : 333408.50
EPT Cycles / Exec Cycles      : 0.0170
Memory Accesses (load+store)  : 149483
Memory Access Rate (MAR)      : 1494.83 accesses/sample_interval(100ms)
RSS (Resident Set Size)       : 1.04 GB



 METRIC 
Avg CPU Cycles (per interval) : 314016.60
EPT Cycles / Exec Cycles      : 0.0175
Memory Accesses (load+store)  : 141316
Memory Access Rate (MAR)      : 1413.16 accesses/sample_interval(100ms)
RSS (Resident Set Size)       : 1.04 GB



 METRIC 
Avg CPU Cycles (per interval) : 275657.30
EPT Cycles / Exec Cycles      : 0.0182
Memory Accesses (load+store)  : 124986
Memory Access Rate (MAR)      : 1249.86 accesses/sample_interval(100ms)
RSS (Resident Set Size)       : 1.04 GB



 METRIC 
Avg CPU Cycles (per interval) : 259955.20
EPT Cycles / Exec Cycles      : 0.0184
Memory Accesses (load+store)  : 118405
Memory Access Rate (MAR)      : 1184.05 accesses/sample_interval(100ms)
RSS (Resident Set Size)       : 1.04 GB



 METRIC 
Avg CPU Cycles (per interval) : 258782.50
EPT Cycles / Exec Cycles      : 0.0180
Memory Accesses (load+store)  : 117926
Memory Access Rate (MAR)      : 1179.26 accesses/sample_interval(100ms)
RSS (Resident Set Size)       : 1.04 GB



 METRIC 
Avg CPU Cycles (per interval) : 223981.60
EPT Cycles / Exec Cycles      : 0.0185
Memory Accesses (load+store)  : 103396
Memory Access Rate (MAR)      : 1033.96 accesses/sample_interval(100ms)
RSS (Resident Set Size)       : 1.04 GB



 METRIC 
Avg CPU Cycles (per interval) : 173919.15
EPT Cycles / Exec Cycles      : 0.0197
Memory Accesses (load+store)  : 81660
Memory Access Rate (MAR)      : 816.60 accesses/sample_interval(100ms)
RSS (Resident Set Size)       : 1.04 GB



 METRIC 
Avg CPU Cycles (per interval) : 152486.70
EPT Cycles / Exec Cycles      : 0.0207
Memory Accesses (load+store)  : 72203
Memory Access Rate (MAR)      : 722.03 accesses/sample_interval(100ms)
RSS (Resident Set Size)       : 1.04 GB



 METRIC 
Avg CPU Cycles (per interval) : 129908.95
EPT Cycles / Exec Cycles      : 0.0214
Memory Accesses (load+store)  : 62472
Memory Access Rate (MAR)      : 624.72 accesses/sample_interval(100ms)
RSS (Resident Set Size)       : 1.04 GB



 METRIC 
Avg CPU Cycles (per interval) : 94298.20
EPT Cycles / Exec Cycles      : 0.0256
Memory Accesses (load+store)  : 46445
Memory Access Rate (MAR)      : 464.45 accesses/sample_interval(100ms)
RSS (Resident Set Size)       : 1.04 GB



 METRIC 
Avg CPU Cycles (per interval) : 54517.75
EPT Cycles / Exec Cycles      : 0.0293
Memory Accesses (load+store)  : 27797
Memory Access Rate (MAR)      : 277.97 accesses/sample_interval(100ms)
RSS (Resident Set Size)       : 1.04 GB



 METRIC 
Avg CPU Cycles (per interval) : 33498.45
EPT Cycles / Exec Cycles      : 0.0397
Memory Accesses (load+store)  : 17667
Memory Access Rate (MAR)      : 176.67 accesses/sample_interval(100ms)
RSS (Resident Set Size)       : 1.04 GB



 METRIC 
Avg CPU Cycles (per interval) : 24221.10
EPT Cycles / Exec Cycles      : 0.0527
Memory Accesses (load+store)  : 12843
Memory Access Rate (MAR)      : 128.43 accesses/sample_interval(100ms)
RSS (Resident Set Size)       : 1.04 GB



 METRIC 
Avg CPU Cycles (per interval) : 22671.80
EPT Cycles / Exec Cycles      : 0.0535
Memory Accesses (load+store)  : 12150
Memory Access Rate (MAR)      : 121.50 accesses/sample_interval(100ms)
RSS (Resident Set Size)       : 1.04 GB



 METRIC 
Avg CPU Cycles (per interval) : 22810.50
EPT Cycles / Exec Cycles      : 0.0540
Memory Accesses (load+store)  : 12226
Memory Access Rate (MAR)      : 122.26 accesses/sample_interval(100ms)
RSS (Resident Set Size)       : 1.04 GB



 METRIC 
Avg CPU Cycles (per interval) : 21464.90
EPT Cycles / Exec Cycles      : 0.0539
Memory Accesses (load+store)  : 11522
Memory Access Rate (MAR)      : 115.22 accesses/sample_interval(100ms)
RSS (Resident Set Size)       : 1.04 GB



 METRIC 
Avg CPU Cycles (per interval) : 21048.00
EPT Cycles / Exec Cycles      : 0.0538
Memory Accesses (load+store)  : 11269
Memory Access Rate (MAR)      : 112.69 accesses/sample_interval(100ms)
RSS (Resident Set Size)       : 1.04 GB



 METRIC 
Avg CPU Cycles (per interval) : 20874.90
EPT Cycles / Exec Cycles      : 0.0537
Memory Accesses (load+store)  : 11176
Memory Access Rate (MAR)      : 111.76 accesses/sample_interval(100ms)
RSS (Resident Set Size)       : 1.04 GB



 METRIC 
Avg CPU Cycles (per interval) : 20477.65
EPT Cycles / Exec Cycles      : 0.0530
Memory Accesses (load+store)  : 11011
Memory Access Rate (MAR)      : 110.11 accesses/sample_interval(100ms)
RSS (Resident Set Size)       : 1.04 GB



 METRIC 
Avg CPU Cycles (per interval) : 20239.55
EPT Cycles / Exec Cycles      : 0.0501
Memory Accesses (load+store)  : 10922
Memory Access Rate (MAR)      : 109.22 accesses/sample_interval(100ms)
RSS (Resident Set Size)       : 1.04 GB



 METRIC 
Avg CPU Cycles (per interval) : 19838.10
EPT Cycles / Exec Cycles      : 0.0538
Memory Accesses (load+store)  : 10592
Memory Access Rate (MAR)      : 105.92 accesses/sample_interval(100ms)
RSS (Resident Set Size)       : 1.04 GB



 METRIC 
Avg CPU Cycles (per interval) : 19342.10
EPT Cycles / Exec Cycles      : 0.0524
Memory Accesses (load+store)  : 10338
Memory Access Rate (MAR)      : 103.39 accesses/sample_interval(100ms)
RSS (Resident Set Size)       : 1.04 GB



 METRIC 
Avg CPU Cycles (per interval) : 19403.80
EPT Cycles / Exec Cycles      : 0.0509
Memory Accesses (load+store)  : 10420
Memory Access Rate (MAR)      : 104.20 accesses/sample_interval(100ms)
RSS (Resident Set Size)       : 1.04 GB



 METRIC 
Avg CPU Cycles (per interval) : 19052.75
EPT Cycles / Exec Cycles      : 0.0499
Memory Accesses (load+store)  : 10250
Memory Access Rate (MAR)      : 102.50 accesses/sample_interval(100ms)
RSS (Resident Set Size)       : 1.04 GB



 METRIC 
Avg CPU Cycles (per interval) : 18880.70
EPT Cycles / Exec Cycles      : 0.0498
Memory Accesses (load+store)  : 10169
Memory Access Rate (MAR)      : 101.69 accesses/sample_interval(100ms)
RSS (Resident Set Size)       : 1.04 GB



 METRIC 
Avg CPU Cycles (per interval) : 18391.80
EPT Cycles / Exec Cycles      : 0.0502
Memory Accesses (load+store)  : 9920
Memory Access Rate (MAR)      : 99.20 accesses/sample_interval(100ms)
RSS (Resident Set Size)       : 1.04 GB



 METRIC 
Avg CPU Cycles (per interval) : 17925.30
EPT Cycles / Exec Cycles      : 0.0513
Memory Accesses (load+store)  : 9666
Memory Access Rate (MAR)      : 96.66 accesses/sample_interval(100ms)
RSS (Resident Set Size)       : 1.04 GB



 METRIC 
Avg CPU Cycles (per interval) : 17916.70
EPT Cycles / Exec Cycles      : 0.0513
Memory Accesses (load+store)  : 9673
Memory Access Rate (MAR)      : 96.73 accesses/sample_interval(100ms)
RSS (Resident Set Size)       : 1.04 GB



 METRIC 
Avg CPU Cycles (per interval) : 17530.50
EPT Cycles / Exec Cycles      : 0.0511
Memory Accesses (load+store)  : 9500
Memory Access Rate (MAR)      : 95.00 accesses/sample_interval(100ms)
RSS (Resident Set Size)       : 1.04 GB



 METRIC 
Avg CPU Cycles (per interval) : 17299.60
EPT Cycles / Exec Cycles      : 0.0497
Memory Accesses (load+store)  : 9413
Memory Access Rate (MAR)      : 94.13 accesses/sample_interval(100ms)
RSS (Resident Set Size)       : 1.04 GB



 METRIC 
Avg CPU Cycles (per interval) : 16852.00
EPT Cycles / Exec Cycles      : 0.0495
Memory Accesses (load+store)  : 9159
Memory Access Rate (MAR)      : 91.59 accesses/sample_interval(100ms)
RSS (Resident Set Size)       : 1.04 GB



 METRIC 
Avg CPU Cycles (per interval) : 17019.75
EPT Cycles / Exec Cycles      : 0.0493
Memory Accesses (load+store)  : 9243
Memory Access Rate (MAR)      : 92.43 accesses/sample_interval(100ms)
RSS (Resident Set Size)       : 1.04 GB



 METRIC 
Avg CPU Cycles (per interval) : 17436.00
EPT Cycles / Exec Cycles      : 0.0499
Memory Accesses (load+store)  : 9492
Memory Access Rate (MAR)      : 94.92 accesses/sample_interval(100ms)
RSS (Resident Set Size)       : 1.04 GB



 METRIC 
Avg CPU Cycles (per interval) : 16714.25
EPT Cycles / Exec Cycles      : 0.0508
Memory Accesses (load+store)  : 9074
Memory Access Rate (MAR)      : 90.74 accesses/sample_interval(100ms)
RSS (Resident Set Size)       : 1.04 GB



 METRIC 
Avg CPU Cycles (per interval) : 16128.35
EPT Cycles / Exec Cycles      : 0.0508
Memory Accesses (load+store)  : 8744
Memory Access Rate (MAR)      : 87.44 accesses/sample_interval(100ms)
RSS (Resident Set Size)       : 1.04 GB



 METRIC 
Avg CPU Cycles (per interval) : 16170.75
EPT Cycles / Exec Cycles      : 0.0512
Memory Accesses (load+store)  : 8744
Memory Access Rate (MAR)      : 87.44 accesses/sample_interval(100ms)
RSS (Resident Set Size)       : 1.04 GB



 METRIC 
Avg CPU Cycles (per interval) : 16274.90
EPT Cycles / Exec Cycles      : 0.0512
Memory Accesses (load+store)  : 8827
Memory Access Rate (MAR)      : 88.27 accesses/sample_interval(100ms)
RSS (Resident Set Size)       : 1.04 GB



 METRIC 
Avg CPU Cycles (per interval) : 16253.10
EPT Cycles / Exec Cycles      : 0.0526
Memory Accesses (load+store)  : 8827
Memory Access Rate (MAR)      : 88.27 accesses/sample_interval(100ms)
RSS (Resident Set Size)       : 1.04 GB



 METRIC 
Avg CPU Cycles (per interval) : 16232.65
EPT Cycles / Exec Cycles      : 0.0532
Memory Accesses (load+store)  : 8819
Memory Access Rate (MAR)      : 88.19 accesses/sample_interval(100ms)
RSS (Resident Set Size)       : 1.04 GB



 METRIC 
Avg CPU Cycles (per interval) : 15797.50
EPT Cycles / Exec Cycles      : 0.0550
Memory Accesses (load+store)  : 8570
Memory Access Rate (MAR)      : 85.70 accesses/sample_interval(100ms)
RSS (Resident Set Size)       : 1.04 GB



 METRIC 
Avg CPU Cycles (per interval) : 15478.75
EPT Cycles / Exec Cycles      : 0.0472
Memory Accesses (load+store)  : 8570
Memory Access Rate (MAR)      : 85.70 accesses/sample_interval(100ms)
RSS (Resident Set Size)       : 1.04 GB



 METRIC 
Avg CPU Cycles (per interval) : 15683.60
EPT Cycles / Exec Cycles      : 0.0475
Memory Accesses (load+store)  : 8654
Memory Access Rate (MAR)      : 86.54 accesses/sample_interval(100ms)
RSS (Resident Set Size)       : 1.04 GB



 METRIC 
Avg CPU Cycles (per interval) : 14938.00
EPT Cycles / Exec Cycles      : 0.0475
Memory Accesses (load+store)  : 8235
Memory Access Rate (MAR)      : 82.35 accesses/sample_interval(100ms)
RSS (Resident Set Size)       : 1.04 GB



 METRIC 
Avg CPU Cycles (per interval) : 15136.75
EPT Cycles / Exec Cycles      : 0.0474
Memory Accesses (load+store)  : 8320
Memory Access Rate (MAR)      : 83.20 accesses/sample_interval(100ms)
RSS (Resident Set Size)       : 1.04 GB



 METRIC 
Avg CPU Cycles (per interval) : 15158.40
EPT Cycles / Exec Cycles      : 0.0480
Memory Accesses (load+store)  : 8321
Memory Access Rate (MAR)      : 83.21 accesses/sample_interval(100ms)
RSS (Resident Set Size)       : 1.04 GB



 METRIC 
Avg CPU Cycles (per interval) : 15214.00
EPT Cycles / Exec Cycles      : 0.0484
Memory Accesses (load+store)  : 8321
Memory Access Rate (MAR)      : 83.21 accesses/sample_interval(100ms)
RSS (Resident Set Size)       : 1.04 GB



 METRIC 
Avg CPU Cycles (per interval) : 15527.45
EPT Cycles / Exec Cycles      : 0.0481
Memory Accesses (load+store)  : 8489
Memory Access Rate (MAR)      : 84.89 accesses/sample_interval(100ms)
RSS (Resident Set Size)       : 1.04 GB



 METRIC 
Avg CPU Cycles (per interval) : 15135.80
EPT Cycles / Exec Cycles      : 0.0487
Memory Accesses (load+store)  : 8236
Memory Access Rate (MAR)      : 82.36 accesses/sample_interval(100ms)
RSS (Resident Set Size)       : 1.04 GB



 METRIC 
Avg CPU Cycles (per interval) : 15148.20
EPT Cycles / Exec Cycles      : 0.0502
Memory Accesses (load+store)  : 8232
Memory Access Rate (MAR)      : 82.32 accesses/sample_interval(100ms)
RSS (Resident Set Size)       : 1.04 GB



 METRIC 
Avg CPU Cycles (per interval) : 15272.60
EPT Cycles / Exec Cycles      : 0.0523
Memory Accesses (load+store)  : 8235
Memory Access Rate (MAR)      : 82.35 accesses/sample_interval(100ms)
RSS (Resident Set Size)       : 1.04 GB



 METRIC 
Avg CPU Cycles (per interval) : 15156.00
EPT Cycles / Exec Cycles      : 0.0534
Memory Accesses (load+store)  : 8217
Memory Access Rate (MAR)      : 82.17 accesses/sample_interval(100ms)
RSS (Resident Set Size)       : 1.04 GB



 METRIC 
Avg CPU Cycles (per interval) : 14842.70
EPT Cycles / Exec Cycles      : 0.0545
Memory Accesses (load+store)  : 8048
Memory Access Rate (MAR)      : 80.48 accesses/sample_interval(100ms)
RSS (Resident Set Size)       : 1.04 GB



 METRIC 
Avg CPU Cycles (per interval) : 14875.45
EPT Cycles / Exec Cycles      : 0.0544
Memory Accesses (load+store)  : 8049
Memory Access Rate (MAR)      : 80.49 accesses/sample_interval(100ms)
RSS (Resident Set Size)       : 1.04 GB



 METRIC 
Avg CPU Cycles (per interval) : 15074.05
EPT Cycles / Exec Cycles      : 0.0544
Memory Accesses (load+store)  : 8133
Memory Access Rate (MAR)      : 81.33 accesses/sample_interval(100ms)
RSS (Resident Set Size)       : 1.04 GB



 METRIC 
Avg CPU Cycles (per interval) : 15070.35
EPT Cycles / Exec Cycles      : 0.0545
Memory Accesses (load+store)  : 8133
Memory Access Rate (MAR)      : 81.33 accesses/sample_interval(100ms)
RSS (Resident Set Size)       : 1.04 GB



 METRIC 
Avg CPU Cycles (per interval) : 15096.90
EPT Cycles / Exec Cycles      : 0.0539
Memory Accesses (load+store)  : 8133
Memory Access Rate (MAR)      : 81.33 accesses/sample_interval(100ms)
RSS (Resident Set Size)       : 1.04 GB



 METRIC 
Avg CPU Cycles (per interval) : 14932.40
EPT Cycles / Exec Cycles      : 0.0539
Memory Accesses (load+store)  : 8048
Memory Access Rate (MAR)      : 80.48 accesses/sample_interval(100ms)
RSS (Resident Set Size)       : 1.04 GB



 METRIC 
Avg CPU Cycles (per interval) : 14924.05
EPT Cycles / Exec Cycles      : 0.0523
Memory Accesses (load+store)  : 8048
Memory Access Rate (MAR)      : 80.48 accesses/sample_interval(100ms)
RSS (Resident Set Size)       : 1.04 GB



 METRIC 
Avg CPU Cycles (per interval) : 14642.10
EPT Cycles / Exec Cycles      : 0.0518
Memory Accesses (load+store)  : 7879
Memory Access Rate (MAR)      : 78.79 accesses/sample_interval(100ms)
RSS (Resident Set Size)       : 1.04 GB



 METRIC 
Avg CPU Cycles (per interval) : 14863.25
EPT Cycles / Exec Cycles      : 0.0520
Memory Accesses (load+store)  : 7964
Memory Access Rate (MAR)      : 79.64 accesses/sample_interval(100ms)
RSS (Resident Set Size)       : 1.04 GB



 METRIC 
Avg CPU Cycles (per interval) : 14857.55
EPT Cycles / Exec Cycles      : 0.0522
Memory Accesses (load+store)  : 7947
Memory Access Rate (MAR)      : 79.47 accesses/sample_interval(100ms)
RSS (Resident Set Size)       : 1.04 GB



 METRIC 
Avg CPU Cycles (per interval) : 14845.85
EPT Cycles / Exec Cycles      : 0.0529
Memory Accesses (load+store)  : 7947
Memory Access Rate (MAR)      : 79.47 accesses/sample_interval(100ms)
RSS (Resident Set Size)       : 1.04 GB



 METRIC 
Avg CPU Cycles (per interval) : 14978.00
EPT Cycles / Exec Cycles      : 0.0528
Memory Accesses (load+store)  : 8032
Memory Access Rate (MAR)      : 80.32 accesses/sample_interval(100ms)
RSS (Resident Set Size)       : 1.04 GB



 METRIC 
Avg CPU Cycles (per interval) : 15280.75
EPT Cycles / Exec Cycles      : 0.0693
Memory Accesses (load+store)  : 7947
Memory Access Rate (MAR)      : 79.47 accesses/sample_interval(100ms)
RSS (Resident Set Size)       : 1.04 GB



 METRIC 
Avg CPU Cycles (per interval) : 15295.90
EPT Cycles / Exec Cycles      : 0.0752
Memory Accesses (load+store)  : 7862
Memory Access Rate (MAR)      : 78.62 accesses/sample_interval(100ms)
RSS (Resident Set Size)       : 1.04 GB



 METRIC 
Avg CPU Cycles (per interval) : 15932.15
EPT Cycles / Exec Cycles      : 0.0894
Memory Accesses (load+store)  : 7947
Memory Access Rate (MAR)      : 79.47 accesses/sample_interval(100ms)
RSS (Resident Set Size)       : 1.04 GB



 METRIC 
Avg CPU Cycles (per interval) : 16070.65
EPT Cycles / Exec Cycles      : 0.0995
Memory Accesses (load+store)  : 7862
Memory Access Rate (MAR)      : 78.62 accesses/sample_interval(100ms)
RSS (Resident Set Size)       : 1.04 GB



 METRIC 
Avg CPU Cycles (per interval) : 16040.05
EPT Cycles / Exec Cycles      : 0.1006
Memory Accesses (load+store)  : 7862
Memory Access Rate (MAR)      : 78.62 accesses/sample_interval(100ms)
RSS (Resident Set Size)       : 1.04 GB


=========== ACTION : ENABLE TPT ===========

 METRIC 
Avg CPU Cycles (per interval) : 16073.85
EPT Cycles / Exec Cycles      : 0.1009
Memory Accesses (load+store)  : 7862
Memory Access Rate (MAR)      : 78.62 accesses/sample_interval(100ms)
RSS (Resident Set Size)       : 1.04 GB


=========== ACTION : ENABLE TPT ===========

 METRIC 
Avg CPU Cycles (per interval) : 15933.80
EPT Cycles / Exec Cycles      : 0.1046
Memory Accesses (load+store)  : 7778
Memory Access Rate (MAR)      : 77.78 accesses/sample_interval(100ms)
RSS (Resident Set Size)       : 1.04 GB


=========== ACTION : ENABLE TPT ===========

 METRIC 
Avg CPU Cycles (per interval) : 16496.05
EPT Cycles / Exec Cycles      : 0.1167
Memory Accesses (load+store)  : 7889
Memory Access Rate (MAR)      : 78.89 accesses/sample_interval(100ms)
RSS (Resident Set Size)       : 1.04 GB


=========== ACTION : ENABLE TPT ===========

 METRIC 
Avg CPU Cycles (per interval) : 16521.35
EPT Cycles / Exec Cycles      : 0.1177
Memory Accesses (load+store)  : 7889
Memory Access Rate (MAR)      : 78.89 accesses/sample_interval(100ms)
RSS (Resident Set Size)       : 1.04 GB


=========== ACTION : ENABLE TPT ===========

 METRIC 
Avg CPU Cycles (per interval) : 16363.10
EPT Cycles / Exec Cycles      : 0.1186
Memory Accesses (load+store)  : 7805
Memory Access Rate (MAR)      : 78.05 accesses/sample_interval(100ms)
RSS (Resident Set Size)       : 1.04 GB


=========== ACTION : ENABLE TPT ===========

 METRIC 
Avg CPU Cycles (per interval) : 16347.75
EPT Cycles / Exec Cycles      : 0.1192
Memory Accesses (load+store)  : 7805
Memory Access Rate (MAR)      : 78.05 accesses/sample_interval(100ms)
RSS (Resident Set Size)       : 1.04 GB


=========== ACTION : ENABLE TPT ===========

 METRIC 
Avg CPU Cycles (per interval) : 16395.80
EPT Cycles / Exec Cycles      : 0.1196
Memory Accesses (load+store)  : 7805
Memory Access Rate (MAR)      : 78.05 accesses/sample_interval(100ms)
RSS (Resident Set Size)       : 1.04 GB


=========== ACTION : ENABLE TPT ===========

 METRIC 
Avg CPU Cycles (per interval) : 16547.30
EPT Cycles / Exec Cycles      : 0.1201
Memory Accesses (load+store)  : 7889
Memory Access Rate (MAR)      : 78.89 accesses/sample_interval(100ms)
RSS (Resident Set Size)       : 1.04 GB


=========== ACTION : ENABLE TPT ===========

 METRIC 
Avg CPU Cycles (per interval) : 16690.30
EPT Cycles / Exec Cycles      : 0.1199
Memory Accesses (load+store)  : 7889
Memory Access Rate (MAR)      : 78.89 accesses/sample_interval(100ms)
RSS (Resident Set Size)       : 1.04 GB


=========== ACTION : ENABLE TPT ===========

 METRIC 
Avg CPU Cycles (per interval) : 16527.30
EPT Cycles / Exec Cycles      : 0.1206
Memory Accesses (load+store)  : 7805
Memory Access Rate (MAR)      : 78.05 accesses/sample_interval(100ms)
RSS (Resident Set Size)       : 1.04 GB


=========== ACTION : ENABLE TPT ===========

 METRIC 
Avg CPU Cycles (per interval) : 16557.70
EPT Cycles / Exec Cycles      : 0.1212
Memory Accesses (load+store)  : 7805
Memory Access Rate (MAR)      : 78.05 accesses/sample_interval(100ms)
RSS (Resident Set Size)       : 1.04 GB


=========== ACTION : ENABLE TPT ===========

 METRIC 
Avg CPU Cycles (per interval) : 16574.05
EPT Cycles / Exec Cycles      : 0.1224
Memory Accesses (load+store)  : 7805
Memory Access Rate (MAR)      : 78.05 accesses/sample_interval(100ms)
RSS (Resident Set Size)       : 1.04 GB


=========== ACTION : ENABLE TPT ===========

 METRIC 
Avg CPU Cycles (per interval) : 17154.35
EPT Cycles / Exec Cycles      : 0.1242
Memory Accesses (load+store)  : 7897
Memory Access Rate (MAR)      : 78.97 accesses/sample_interval(100ms)
RSS (Resident Set Size)       : 1.04 GB


=========== ACTION : ENABLE TPT ===========

 METRIC 
Avg CPU Cycles (per interval) : 17075.60
EPT Cycles / Exec Cycles      : 0.1254
Memory Accesses (load+store)  : 7812
Memory Access Rate (MAR)      : 78.12 accesses/sample_interval(100ms)
RSS (Resident Set Size)       : 1.04 GB


=========== ACTION : ENABLE TPT ===========

 METRIC 
Avg CPU Cycles (per interval) : 17180.85
EPT Cycles / Exec Cycles      : 0.1262
Memory Accesses (load+store)  : 7812
Memory Access Rate (MAR)      : 78.12 accesses/sample_interval(100ms)
RSS (Resident Set Size)       : 1.04 GB


=========== ACTION : ENABLE TPT ===========

 METRIC 
Avg CPU Cycles (per interval) : 16712.90
EPT Cycles / Exec Cycles      : 0.1135
Memory Accesses (load+store)  : 7812
Memory Access Rate (MAR)      : 78.12 accesses/sample_interval(100ms)
RSS (Resident Set Size)       : 1.04 GB


=========== ACTION : ENABLE TPT ===========

 METRIC 
Avg CPU Cycles (per interval) : 16568.55
EPT Cycles / Exec Cycles      : 0.1086
Memory Accesses (load+store)  : 7812
Memory Access Rate (MAR)      : 78.12 accesses/sample_interval(100ms)
RSS (Resident Set Size)       : 1.04 GB


=========== ACTION : ENABLE TPT ===========

 METRIC 
Avg CPU Cycles (per interval) : 16042.10
EPT Cycles / Exec Cycles      : 0.0952
Memory Accesses (load+store)  : 7812
Memory Access Rate (MAR)      : 78.12 accesses/sample_interval(100ms)
RSS (Resident Set Size)       : 1.04 GB



 METRIC 
Avg CPU Cycles (per interval) : 15805.70
EPT Cycles / Exec Cycles      : 0.0860
Memory Accesses (load+store)  : 7812
Memory Access Rate (MAR)      : 78.12 accesses/sample_interval(100ms)
RSS (Resident Set Size)       : 1.04 GB



 METRIC 
Avg CPU Cycles (per interval) : 15813.25
EPT Cycles / Exec Cycles      : 0.0851
Memory Accesses (load+store)  : 7812
Memory Access Rate (MAR)      : 78.12 accesses/sample_interval(100ms)
RSS (Resident Set Size)       : 1.04 GB



 METRIC 
Avg CPU Cycles (per interval) : 15818.25
EPT Cycles / Exec Cycles      : 0.0839
Memory Accesses (load+store)  : 7812
Memory Access Rate (MAR)      : 78.12 accesses/sample_interval(100ms)
RSS (Resident Set Size)       : 1.04 GB



 METRIC 
Avg CPU Cycles (per interval) : 15708.80
EPT Cycles / Exec Cycles      : 0.0791
Memory Accesses (load+store)  : 7812
Memory Access Rate (MAR)      : 78.12 accesses/sample_interval(100ms)
RSS (Resident Set Size)       : 1.04 GB



 METRIC 
Avg CPU Cycles (per interval) : 15633.40
EPT Cycles / Exec Cycles      : 0.0660
Memory Accesses (load+store)  : 7897
Memory Access Rate (MAR)      : 78.97 accesses/sample_interval(100ms)
RSS (Resident Set Size)       : 1.04 GB



 METRIC 
Avg CPU Cycles (per interval) : 15423.20
EPT Cycles / Exec Cycles      : 0.0649
Memory Accesses (load+store)  : 7812
Memory Access Rate (MAR)      : 78.12 accesses/sample_interval(100ms)
RSS (Resident Set Size)       : 1.04 GB



 METRIC 
Avg CPU Cycles (per interval) : 15473.05
EPT Cycles / Exec Cycles      : 0.0636
Memory Accesses (load+store)  : 7812
Memory Access Rate (MAR)      : 78.12 accesses/sample_interval(100ms)
RSS (Resident Set Size)       : 1.04 GB



 METRIC 
Avg CPU Cycles (per interval) : 15443.80
EPT Cycles / Exec Cycles      : 0.0629
Memory Accesses (load+store)  : 7812
Memory Access Rate (MAR)      : 78.12 accesses/sample_interval(100ms)
RSS (Resident Set Size)       : 1.04 GB



 METRIC 
Avg CPU Cycles (per interval) : 15446.75
EPT Cycles / Exec Cycles      : 0.0626
Memory Accesses (load+store)  : 7812
Memory Access Rate (MAR)      : 78.12 accesses/sample_interval(100ms)
RSS (Resident Set Size)       : 1.04 GB



 METRIC 
Avg CPU Cycles (per interval) : 15392.45
EPT Cycles / Exec Cycles      : 0.0615
Memory Accesses (load+store)  : 7812
Memory Access Rate (MAR)      : 78.12 accesses/sample_interval(100ms)
RSS (Resident Set Size)       : 1.04 GB



 METRIC 
Avg CPU Cycles (per interval) : 15330.70
EPT Cycles / Exec Cycles      : 0.0616
Memory Accesses (load+store)  : 7812
Memory Access Rate (MAR)      : 78.12 accesses/sample_interval(100ms)
RSS (Resident Set Size)       : 1.04 GB



 METRIC 
Avg CPU Cycles (per interval) : 15335.50
EPT Cycles / Exec Cycles      : 0.0617
Memory Accesses (load+store)  : 7812
Memory Access Rate (MAR)      : 78.12 accesses/sample_interval(100ms)
RSS (Resident Set Size)       : 1.04 GB



 METRIC 
Avg CPU Cycles (per interval) : 15324.55
EPT Cycles / Exec Cycles      : 0.0621
Memory Accesses (load+store)  : 7812
Memory Access Rate (MAR)      : 78.12 accesses/sample_interval(100ms)
RSS (Resident Set Size)       : 1.04 GB



 METRIC 
Avg CPU Cycles (per interval) : 15239.20
EPT Cycles / Exec Cycles      : 0.0605
Memory Accesses (load+store)  : 7812
Memory Access Rate (MAR)      : 78.12 accesses/sample_interval(100ms)
RSS (Resident Set Size)       : 1.04 GB



 METRIC 
Avg CPU Cycles (per interval) : 14958.40
EPT Cycles / Exec Cycles      : 0.0599
Memory Accesses (load+store)  : 7812
Memory Access Rate (MAR)      : 78.12 accesses/sample_interval(100ms)
RSS (Resident Set Size)       : 1.04 GB



 METRIC 
Avg CPU Cycles (per interval) : 14863.85
EPT Cycles / Exec Cycles      : 0.0594
Memory Accesses (load+store)  : 7812
Memory Access Rate (MAR)      : 78.12 accesses/sample_interval(100ms)
RSS (Resident Set Size)       : 1.04 GB



 METRIC 
Avg CPU Cycles (per interval) : 14821.65
EPT Cycles / Exec Cycles      : 0.0585
Memory Accesses (load+store)  : 7812
Memory Access Rate (MAR)      : 78.12 accesses/sample_interval(100ms)
RSS (Resident Set Size)       : 1.04 GB



 METRIC 
Avg CPU Cycles (per interval) : 14805.45
EPT Cycles / Exec Cycles      : 0.0576
Memory Accesses (load+store)  : 7812
Memory Access Rate (MAR)      : 78.12 accesses/sample_interval(100ms)
RSS (Resident Set Size)       : 1.04 GB



 METRIC 
Avg CPU Cycles (per interval) : 14800.75
EPT Cycles / Exec Cycles      : 0.0571
Memory Accesses (load+store)  : 7812
Memory Access Rate (MAR)      : 78.12 accesses/sample_interval(100ms)
RSS (Resident Set Size)       : 1.04 GB



 METRIC 
Avg CPU Cycles (per interval) : 14781.25
EPT Cycles / Exec Cycles      : 0.0565
Memory Accesses (load+store)  : 7812
Memory Access Rate (MAR)      : 78.12 accesses/sample_interval(100ms)
RSS (Resident Set Size)       : 1.04 GB



 METRIC 
Avg CPU Cycles (per interval) : 14770.35
EPT Cycles / Exec Cycles      : 0.0565
Memory Accesses (load+store)  : 7812
Memory Access Rate (MAR)      : 78.12 accesses/sample_interval(100ms)
RSS (Resident Set Size)       : 1.04 GB



 METRIC 
Avg CPU Cycles (per interval) : 14791.40
EPT Cycles / Exec Cycles      : 0.0574
Memory Accesses (load+store)  : 7812
Memory Access Rate (MAR)      : 78.12 accesses/sample_interval(100ms)
RSS (Resident Set Size)       : 1.04 GB



 METRIC 
Avg CPU Cycles (per interval) : 14768.80
EPT Cycles / Exec Cycles      : 0.0568
Memory Accesses (load+store)  : 7812
Memory Access Rate (MAR)      : 78.12 accesses/sample_interval(100ms)
RSS (Resident Set Size)       : 1.04 GB



 METRIC 
Avg CPU Cycles (per interval) : 14792.65
EPT Cycles / Exec Cycles      : 0.0585
Memory Accesses (load+store)  : 7812
Memory Access Rate (MAR)      : 78.12 accesses/sample_interval(100ms)
RSS (Resident Set Size)       : 1.04 GB



 METRIC 
Avg CPU Cycles (per interval) : 14457.90
EPT Cycles / Exec Cycles      : 0.0556
Memory Accesses (load+store)  : 7701
Memory Access Rate (MAR)      : 77.01 accesses/sample_interval(100ms)
RSS (Resident Set Size)       : 1.04 GB



 METRIC 
Avg CPU Cycles (per interval) : 14610.90
EPT Cycles / Exec Cycles      : 0.0561
Memory Accesses (load+store)  : 7785
Memory Access Rate (MAR)      : 77.85 accesses/sample_interval(100ms)
RSS (Resident Set Size)       : 1.04 GB



 METRIC 
Avg CPU Cycles (per interval) : 14702.00
EPT Cycles / Exec Cycles      : 0.0604
Memory Accesses (load+store)  : 7785
Memory Access Rate (MAR)      : 77.85 accesses/sample_interval(100ms)
RSS (Resident Set Size)       : 1.04 GB



 METRIC 
Avg CPU Cycles (per interval) : 14997.10
EPT Cycles / Exec Cycles      : 0.0675
Memory Accesses (load+store)  : 7785
Memory Access Rate (MAR)      : 77.85 accesses/sample_interval(100ms)
RSS (Resident Set Size)       : 1.04 GB



 METRIC 
Avg CPU Cycles (per interval) : 15127.50
EPT Cycles / Exec Cycles      : 0.0728
Memory Accesses (load+store)  : 7785
Memory Access Rate (MAR)      : 77.85 accesses/sample_interval(100ms)
RSS (Resident Set Size)       : 1.04 GB



 METRIC 
Avg CPU Cycles (per interval) : 15407.10
EPT Cycles / Exec Cycles      : 0.0817
Memory Accesses (load+store)  : 7785
Memory Access Rate (MAR)      : 77.85 accesses/sample_interval(100ms)
RSS (Resident Set Size)       : 1.04 GB



 METRIC 
Avg CPU Cycles (per interval) : 15697.30
EPT Cycles / Exec Cycles      : 0.0895
Memory Accesses (load+store)  : 7785
Memory Access Rate (MAR)      : 77.85 accesses/sample_interval(100ms)
RSS (Resident Set Size)       : 1.04 GB



 METRIC 
Avg CPU Cycles (per interval) : 15819.40
EPT Cycles / Exec Cycles      : 0.0941
Memory Accesses (load+store)  : 7785
Memory Access Rate (MAR)      : 77.85 accesses/sample_interval(100ms)
RSS (Resident Set Size)       : 1.04 GB



 METRIC 
Avg CPU Cycles (per interval) : 16016.90
EPT Cycles / Exec Cycles      : 0.0989
Memory Accesses (load+store)  : 7785
Memory Access Rate (MAR)      : 77.85 accesses/sample_interval(100ms)
RSS (Resident Set Size)       : 1.04 GB



 METRIC 
Avg CPU Cycles (per interval) : 16294.00
EPT Cycles / Exec Cycles      : 0.1074
Memory Accesses (load+store)  : 7785
Memory Access Rate (MAR)      : 77.85 accesses/sample_interval(100ms)
RSS (Resident Set Size)       : 1.04 GB


=========== ACTION : ENABLE TPT ===========

 METRIC 
Avg CPU Cycles (per interval) : 16484.20
EPT Cycles / Exec Cycles      : 0.1193
Memory Accesses (load+store)  : 7702
Memory Access Rate (MAR)      : 77.02 accesses/sample_interval(100ms)
RSS (Resident Set Size)       : 1.04 GB


=========== ACTION : ENABLE TPT ===========

 METRIC 
Avg CPU Cycles (per interval) : 16667.95
EPT Cycles / Exec Cycles      : 0.1244
Memory Accesses (load+store)  : 7706
Memory Access Rate (MAR)      : 77.06 accesses/sample_interval(100ms)
RSS (Resident Set Size)       : 1.04 GB


=========== ACTION : ENABLE TPT ===========

 METRIC 
Avg CPU Cycles (per interval) : 17004.95
EPT Cycles / Exec Cycles      : 0.1308
Memory Accesses (load+store)  : 7706
Memory Access Rate (MAR)      : 77.06 accesses/sample_interval(100ms)
RSS (Resident Set Size)       : 1.04 GB


=========== ACTION : ENABLE TPT ===========

 METRIC 
Avg CPU Cycles (per interval) : 17441.05
EPT Cycles / Exec Cycles      : 0.1362
Memory Accesses (load+store)  : 7786
Memory Access Rate (MAR)      : 77.86 accesses/sample_interval(100ms)
RSS (Resident Set Size)       : 1.04 GB


=========== ACTION : ENABLE TPT ===========

 METRIC 
Avg CPU Cycles (per interval) : 17577.65
EPT Cycles / Exec Cycles      : 0.1404
Memory Accesses (load+store)  : 7786
Memory Access Rate (MAR)      : 77.86 accesses/sample_interval(100ms)
RSS (Resident Set Size)       : 1.04 GB


=========== ACTION : ENABLE TPT ===========

 METRIC 
Avg CPU Cycles (per interval) : 17828.05
EPT Cycles / Exec Cycles      : 0.1465
Memory Accesses (load+store)  : 7786
Memory Access Rate (MAR)      : 77.86 accesses/sample_interval(100ms)
RSS (Resident Set Size)       : 1.04 GB


=========== ACTION : ENABLE TPT ===========

 METRIC 
Avg CPU Cycles (per interval) : 18139.85
EPT Cycles / Exec Cycles      : 0.1520
Memory Accesses (load+store)  : 7786
Memory Access Rate (MAR)      : 77.86 accesses/sample_interval(100ms)
RSS (Resident Set Size)       : 1.04 GB


=========== ACTION : ENABLE TPT ===========

 METRIC 
Avg CPU Cycles (per interval) : 18307.55
EPT Cycles / Exec Cycles      : 0.1555
Memory Accesses (load+store)  : 7786
Memory Access Rate (MAR)      : 77.86 accesses/sample_interval(100ms)
RSS (Resident Set Size)       : 1.04 GB


=========== ACTION : ENABLE TPT ===========

 METRIC 
Avg CPU Cycles (per interval) : 18523.60
EPT Cycles / Exec Cycles      : 0.1607
Memory Accesses (load+store)  : 7786
Memory Access Rate (MAR)      : 77.86 accesses/sample_interval(100ms)
RSS (Resident Set Size)       : 1.04 GB


=========== ACTION : ENABLE TPT ===========

 METRIC 
Avg CPU Cycles (per interval) : 18835.35
EPT Cycles / Exec Cycles      : 0.1652
Memory Accesses (load+store)  : 7786
Memory Access Rate (MAR)      : 77.86 accesses/sample_interval(100ms)
RSS (Resident Set Size)       : 1.04 GB


=========== ACTION : ENABLE TPT ===========

 METRIC 
Avg CPU Cycles (per interval) : 19445.50
EPT Cycles / Exec Cycles      : 0.1788
Memory Accesses (load+store)  : 7813
Memory Access Rate (MAR)      : 78.13 accesses/sample_interval(100ms)
RSS (Resident Set Size)       : 1.04 GB


=========== ACTION : ENABLE TPT ===========

 METRIC 
Avg CPU Cycles (per interval) : 19474.25
EPT Cycles / Exec Cycles      : 0.1830
Memory Accesses (load+store)  : 7733
Memory Access Rate (MAR)      : 77.33 accesses/sample_interval(100ms)
RSS (Resident Set Size)       : 1.04 GB


=========== ACTION : ENABLE TPT ===========

 METRIC 
Avg CPU Cycles (per interval) : 19671.05
EPT Cycles / Exec Cycles      : 0.1860
Memory Accesses (load+store)  : 7733
Memory Access Rate (MAR)      : 77.33 accesses/sample_interval(100ms)
RSS (Resident Set Size)       : 1.04 GB


=========== ACTION : ENABLE TPT ===========

 METRIC 
Avg CPU Cycles (per interval) : 19824.10
EPT Cycles / Exec Cycles      : 0.1858
Memory Accesses (load+store)  : 7813
Memory Access Rate (MAR)      : 78.13 accesses/sample_interval(100ms)
RSS (Resident Set Size)       : 1.04 GB


=========== ACTION : ENABLE TPT ===========

 METRIC 
Avg CPU Cycles (per interval) : 19831.50
EPT Cycles / Exec Cycles      : 0.1857
Memory Accesses (load+store)  : 7813
Memory Access Rate (MAR)      : 78.13 accesses/sample_interval(100ms)
RSS (Resident Set Size)       : 1.04 GB


=========== ACTION : ENABLE TPT ===========

 METRIC 
Avg CPU Cycles (per interval) : 19807.75
EPT Cycles / Exec Cycles      : 0.1848
Memory Accesses (load+store)  : 7813
Memory Access Rate (MAR)      : 78.13 accesses/sample_interval(100ms)
RSS (Resident Set Size)       : 1.04 GB


=========== ACTION : ENABLE TPT ===========

 METRIC 
Avg CPU Cycles (per interval) : 19780.20
EPT Cycles / Exec Cycles      : 0.1846
Memory Accesses (load+store)  : 7813
Memory Access Rate (MAR)      : 78.13 accesses/sample_interval(100ms)
RSS (Resident Set Size)       : 1.04 GB


=========== ACTION : ENABLE TPT ===========

 METRIC 
Avg CPU Cycles (per interval) : 19766.70
EPT Cycles / Exec Cycles      : 0.1846
Memory Accesses (load+store)  : 7813
Memory Access Rate (MAR)      : 78.13 accesses/sample_interval(100ms)
RSS (Resident Set Size)       : 1.04 GB


=========== ACTION : ENABLE TPT ===========

 METRIC 
Avg CPU Cycles (per interval) : 19785.40
EPT Cycles / Exec Cycles      : 0.1845
Memory Accesses (load+store)  : 7813
Memory Access Rate (MAR)      : 78.13 accesses/sample_interval(100ms)
RSS (Resident Set Size)       : 1.04 GB


=========== ACTION : ENABLE TPT ===========

 METRIC 
Avg CPU Cycles (per interval) : 19842.30
EPT Cycles / Exec Cycles      : 0.1837
Memory Accesses (load+store)  : 7813
Memory Access Rate (MAR)      : 78.13 accesses/sample_interval(100ms)
RSS (Resident Set Size)       : 1.04 GB


=========== ACTION : ENABLE TPT ===========

 METRIC 
Avg CPU Cycles (per interval) : 19726.05
EPT Cycles / Exec Cycles      : 0.1850
Memory Accesses (load+store)  : 7812
Memory Access Rate (MAR)      : 78.12 accesses/sample_interval(100ms)
RSS (Resident Set Size)       : 1.04 GB


=========== ACTION : ENABLE TPT ===========

 METRIC 
Avg CPU Cycles (per interval) : 19802.90
EPT Cycles / Exec Cycles      : 0.1841
Memory Accesses (load+store)  : 7812
Memory Access Rate (MAR)      : 78.12 accesses/sample_interval(100ms)
RSS (Resident Set Size)       : 1.04 GB


=========== ACTION : ENABLE TPT ===========

 METRIC 
Avg CPU Cycles (per interval) : 19785.00
EPT Cycles / Exec Cycles      : 0.1852
Memory Accesses (load+store)  : 7812
Memory Access Rate (MAR)      : 78.12 accesses/sample_interval(100ms)
RSS (Resident Set Size)       : 1.04 GB


=========== ACTION : ENABLE TPT ===========

 METRIC 
Avg CPU Cycles (per interval) : 19779.15
EPT Cycles / Exec Cycles      : 0.1854
Memory Accesses (load+store)  : 7812
Memory Access Rate (MAR)      : 78.12 accesses/sample_interval(100ms)
RSS (Resident Set Size)       : 1.04 GB


=========== ACTION : ENABLE TPT ===========

 METRIC 
Avg CPU Cycles (per interval) : 19782.90
EPT Cycles / Exec Cycles      : 0.1856
Memory Accesses (load+store)  : 7812
Memory Access Rate (MAR)      : 78.12 accesses/sample_interval(100ms)
RSS (Resident Set Size)       : 1.04 GB


=========== ACTION : ENABLE TPT ===========

 METRIC 
Avg CPU Cycles (per interval) : 19807.15
EPT Cycles / Exec Cycles      : 0.1861
Memory Accesses (load+store)  : 7812
Memory Access Rate (MAR)      : 78.12 accesses/sample_interval(100ms)
RSS (Resident Set Size)       : 1.04 GB


=========== ACTION : ENABLE TPT ===========

 METRIC 
Avg CPU Cycles (per interval) : 19718.00
EPT Cycles / Exec Cycles      : 0.1865
Memory Accesses (load+store)  : 7812
Memory Access Rate (MAR)      : 78.12 accesses/sample_interval(100ms)
RSS (Resident Set Size)       : 1.04 GB


=========== ACTION : ENABLE TPT ===========

 METRIC 
Avg CPU Cycles (per interval) : 19523.70
EPT Cycles / Exec Cycles      : 0.1833
Memory Accesses (load+store)  : 7812
Memory Access Rate (MAR)      : 78.12 accesses/sample_interval(100ms)
RSS (Resident Set Size)       : 1.04 GB


=========== ACTION : ENABLE TPT ===========

 METRIC 
Avg CPU Cycles (per interval) : 19305.65
EPT Cycles / Exec Cycles      : 0.1794
Memory Accesses (load+store)  : 7812
Memory Access Rate (MAR)      : 78.12 accesses/sample_interval(100ms)
RSS (Resident Set Size)       : 1.04 GB


=========== ACTION : ENABLE TPT ===========

 METRIC 
Avg CPU Cycles (per interval) : 18862.95
EPT Cycles / Exec Cycles      : 0.1771
Memory Accesses (load+store)  : 7728
Memory Access Rate (MAR)      : 77.28 accesses/sample_interval(100ms)
RSS (Resident Set Size)       : 1.04 GB


=========== ACTION : ENABLE TPT ===========

 METRIC 
Avg CPU Cycles (per interval) : 18702.90
EPT Cycles / Exec Cycles      : 0.1703
Memory Accesses (load+store)  : 7812
Memory Access Rate (MAR)      : 78.12 accesses/sample_interval(100ms)
RSS (Resident Set Size)       : 1.04 GB


=========== ACTION : ENABLE TPT ===========

 METRIC 
Avg CPU Cycles (per interval) : 18580.55
EPT Cycles / Exec Cycles      : 0.1671
Memory Accesses (load+store)  : 7812
Memory Access Rate (MAR)      : 78.12 accesses/sample_interval(100ms)
RSS (Resident Set Size)       : 1.04 GB


=========== ACTION : ENABLE TPT ===========

 METRIC 
Avg CPU Cycles (per interval) : 18224.10
EPT Cycles / Exec Cycles      : 0.1627
Memory Accesses (load+store)  : 7812
Memory Access Rate (MAR)      : 78.12 accesses/sample_interval(100ms)
RSS (Resident Set Size)       : 1.04 GB


=========== ACTION : ENABLE TPT ===========

 METRIC 
Avg CPU Cycles (per interval) : 17958.30
EPT Cycles / Exec Cycles      : 0.1584
Memory Accesses (load+store)  : 7812
Memory Access Rate (MAR)      : 78.12 accesses/sample_interval(100ms)
RSS (Resident Set Size)       : 1.04 GB


=========== ACTION : ENABLE TPT ===========

 METRIC 
Avg CPU Cycles (per interval) : 17786.00
EPT Cycles / Exec Cycles      : 0.1549
Memory Accesses (load+store)  : 7812
Memory Access Rate (MAR)      : 78.12 accesses/sample_interval(100ms)
RSS (Resident Set Size)       : 1.04 GB


=========== ACTION : ENABLE TPT ===========

 METRIC 
Avg CPU Cycles (per interval) : 17587.05
EPT Cycles / Exec Cycles      : 0.1501
Memory Accesses (load+store)  : 7812
Memory Access Rate (MAR)      : 78.12 accesses/sample_interval(100ms)
RSS (Resident Set Size)       : 1.04 GB


=========== ACTION : ENABLE TPT ===========

 METRIC 
Avg CPU Cycles (per interval) : 17281.20
EPT Cycles / Exec Cycles      : 0.1449
Memory Accesses (load+store)  : 7812
Memory Access Rate (MAR)      : 78.12 accesses/sample_interval(100ms)
RSS (Resident Set Size)       : 1.04 GB


=========== ACTION : ENABLE TPT ===========

 METRIC 
Avg CPU Cycles (per interval) : 17084.25
EPT Cycles / Exec Cycles      : 0.1401
Memory Accesses (load+store)  : 7812
Memory Access Rate (MAR)      : 78.12 accesses/sample_interval(100ms)
RSS (Resident Set Size)       : 1.04 GB


=========== ACTION : ENABLE TPT ===========

 METRIC 
Avg CPU Cycles (per interval) : 16947.10
EPT Cycles / Exec Cycles      : 0.1372
Memory Accesses (load+store)  : 7812
Memory Access Rate (MAR)      : 78.12 accesses/sample_interval(100ms)
RSS (Resident Set Size)       : 1.04 GB


=========== ACTION : ENABLE TPT ===========

 METRIC 
Avg CPU Cycles (per interval) : 16489.30
EPT Cycles / Exec Cycles      : 0.1311
Memory Accesses (load+store)  : 7728
Memory Access Rate (MAR)      : 77.28 accesses/sample_interval(100ms)
RSS (Resident Set Size)       : 1.04 GB


=========== ACTION : ENABLE TPT ===========

 METRIC 
Avg CPU Cycles (per interval) : 16277.60
EPT Cycles / Exec Cycles      : 0.1161
Memory Accesses (load+store)  : 7812
Memory Access Rate (MAR)      : 78.12 accesses/sample_interval(100ms)
RSS (Resident Set Size)       : 1.04 GB


=========== ACTION : ENABLE TPT ===========

 METRIC 
Avg CPU Cycles (per interval) : 16020.35
EPT Cycles / Exec Cycles      : 0.1109
Memory Accesses (load+store)  : 7812
Memory Access Rate (MAR)      : 78.12 accesses/sample_interval(100ms)
RSS (Resident Set Size)       : 1.04 GB


=========== ACTION : ENABLE TPT ===========

 METRIC 
Avg CPU Cycles (per interval) : 15666.10
EPT Cycles / Exec Cycles      : 0.1013
Memory Accesses (load+store)  : 7812
Memory Access Rate (MAR)      : 78.12 accesses/sample_interval(100ms)
RSS (Resident Set Size)       : 1.04 GB


=========== ACTION : ENABLE TPT ===========

 METRIC 
Avg CPU Cycles (per interval) : 15372.10
EPT Cycles / Exec Cycles      : 0.0933
Memory Accesses (load+store)  : 7812
Memory Access Rate (MAR)      : 78.12 accesses/sample_interval(100ms)
RSS (Resident Set Size)       : 1.04 GB



 METRIC 
Avg CPU Cycles (per interval) : 15207.70
EPT Cycles / Exec Cycles      : 0.0878
Memory Accesses (load+store)  : 7812
Memory Access Rate (MAR)      : 78.12 accesses/sample_interval(100ms)
RSS (Resident Set Size)       : 1.04 GB



 METRIC 
Avg CPU Cycles (per interval) : 14951.60
EPT Cycles / Exec Cycles      : 0.0785
Memory Accesses (load+store)  : 7812
Memory Access Rate (MAR)      : 78.12 accesses/sample_interval(100ms)
RSS (Resident Set Size)       : 1.04 GB



 METRIC 
Avg CPU Cycles (per interval) : 14394.95
EPT Cycles / Exec Cycles      : 0.0716
Memory Accesses (load+store)  : 7728
Memory Access Rate (MAR)      : 77.28 accesses/sample_interval(100ms)
RSS (Resident Set Size)       : 1.04 GB



 METRIC 
Avg CPU Cycles (per interval) : 14703.60
EPT Cycles / Exec Cycles      : 0.0699
Memory Accesses (load+store)  : 7812
Memory Access Rate (MAR)      : 78.12 accesses/sample_interval(100ms)
RSS (Resident Set Size)       : 1.04 GB



 METRIC 
Avg CPU Cycles (per interval) : 14686.90
EPT Cycles / Exec Cycles      : 0.0695
Memory Accesses (load+store)  : 7812
Memory Access Rate (MAR)      : 78.12 accesses/sample_interval(100ms)
RSS (Resident Set Size)       : 1.04 GB



 METRIC 
Avg CPU Cycles (per interval) : 14684.65
EPT Cycles / Exec Cycles      : 0.0680
Memory Accesses (load+store)  : 7812
Memory Access Rate (MAR)      : 78.12 accesses/sample_interval(100ms)
RSS (Resident Set Size)       : 1.04 GB



 METRIC 
Avg CPU Cycles (per interval) : 14680.55
EPT Cycles / Exec Cycles      : 0.0541
Memory Accesses (load+store)  : 7785
Memory Access Rate (MAR)      : 77.85 accesses/sample_interval(100ms)
RSS (Resident Set Size)       : 1.04 GB



 METRIC 
Avg CPU Cycles (per interval) : 14644.35
EPT Cycles / Exec Cycles      : 0.0532
Memory Accesses (load+store)  : 7785
Memory Access Rate (MAR)      : 77.85 accesses/sample_interval(100ms)
RSS (Resident Set Size)       : 1.04 GB



 METRIC 
Avg CPU Cycles (per interval) : 14651.20
EPT Cycles / Exec Cycles      : 0.0517
Memory Accesses (load+store)  : 7785
Memory Access Rate (MAR)      : 77.85 accesses/sample_interval(100ms)
RSS (Resident Set Size)       : 1.04 GB



 METRIC 
Avg CPU Cycles (per interval) : 14599.85
EPT Cycles / Exec Cycles      : 0.0495
Memory Accesses (load+store)  : 7785
Memory Access Rate (MAR)      : 77.85 accesses/sample_interval(100ms)
RSS (Resident Set Size)       : 1.04 GB



 METRIC 
Avg CPU Cycles (per interval) : 14594.25
EPT Cycles / Exec Cycles      : 0.0493
Memory Accesses (load+store)  : 7785
Memory Access Rate (MAR)      : 77.85 accesses/sample_interval(100ms)
RSS (Resident Set Size)       : 1.04 GB



 METRIC 
Avg CPU Cycles (per interval) : 14550.35
EPT Cycles / Exec Cycles      : 0.0485
Memory Accesses (load+store)  : 7785
Memory Access Rate (MAR)      : 77.85 accesses/sample_interval(100ms)
RSS (Resident Set Size)       : 1.04 GB



 METRIC 
Avg CPU Cycles (per interval) : 14241.50
EPT Cycles / Exec Cycles      : 0.0492
Memory Accesses (load+store)  : 7617
Memory Access Rate (MAR)      : 76.17 accesses/sample_interval(100ms)
RSS (Resident Set Size)       : 1.04 GB



 METRIC 
Avg CPU Cycles (per interval) : 14573.40
EPT Cycles / Exec Cycles      : 0.0501
Memory Accesses (load+store)  : 7785
Memory Access Rate (MAR)      : 77.85 accesses/sample_interval(100ms)
RSS (Resident Set Size)       : 1.04 GB



 METRIC 
Avg CPU Cycles (per interval) : 14556.95
EPT Cycles / Exec Cycles      : 0.0504
Memory Accesses (load+store)  : 7785
Memory Access Rate (MAR)      : 77.85 accesses/sample_interval(100ms)
RSS (Resident Set Size)       : 1.04 GB



 METRIC 
Avg CPU Cycles (per interval) : 14557.55
EPT Cycles / Exec Cycles      : 0.0506
Memory Accesses (load+store)  : 7785
Memory Access Rate (MAR)      : 77.85 accesses/sample_interval(100ms)
RSS (Resident Set Size)       : 1.04 GB



 METRIC 
Avg CPU Cycles (per interval) : 14744.45
EPT Cycles / Exec Cycles      : 0.0483
Memory Accesses (load+store)  : 7787
Memory Access Rate (MAR)      : 77.87 accesses/sample_interval(100ms)
RSS (Resident Set Size)       : 1.04 GB



 METRIC 
Avg CPU Cycles (per interval) : 14752.05
EPT Cycles / Exec Cycles      : 0.0488
Memory Accesses (load+store)  : 7787
Memory Access Rate (MAR)      : 77.87 accesses/sample_interval(100ms)
RSS (Resident Set Size)       : 1.04 GB



 METRIC 
Avg CPU Cycles (per interval) : 14747.10
EPT Cycles / Exec Cycles      : 0.0499
Memory Accesses (load+store)  : 7787
Memory Access Rate (MAR)      : 77.87 accesses/sample_interval(100ms)
RSS (Resident Set Size)       : 1.04 GB



 METRIC 
Avg CPU Cycles (per interval) : 14740.75
EPT Cycles / Exec Cycles      : 0.0505
Memory Accesses (load+store)  : 7787
Memory Access Rate (MAR)      : 77.87 accesses/sample_interval(100ms)
RSS (Resident Set Size)       : 1.04 GB



 METRIC 
Avg CPU Cycles (per interval) : 14737.75
EPT Cycles / Exec Cycles      : 0.0509
Memory Accesses (load+store)  : 7787
Memory Access Rate (MAR)      : 77.87 accesses/sample_interval(100ms)
RSS (Resident Set Size)       : 1.04 GB



 METRIC 
Avg CPU Cycles (per interval) : 14736.20
EPT Cycles / Exec Cycles      : 0.0514
Memory Accesses (load+store)  : 7787
Memory Access Rate (MAR)      : 77.87 accesses/sample_interval(100ms)
RSS (Resident Set Size)       : 1.04 GB



 METRIC 
Avg CPU Cycles (per interval) : 14731.35
EPT Cycles / Exec Cycles      : 0.0515
Memory Accesses (load+store)  : 7703
Memory Access Rate (MAR)      : 77.03 accesses/sample_interval(100ms)
RSS (Resident Set Size)       : 1.04 GB



 METRIC 
Avg CPU Cycles (per interval) : 14684.80
EPT Cycles / Exec Cycles      : 0.0518
Memory Accesses (load+store)  : 7787
Memory Access Rate (MAR)      : 77.87 accesses/sample_interval(100ms)
RSS (Resident Set Size)       : 1.04 GB



 METRIC 
Avg CPU Cycles (per interval) : 14685.55
EPT Cycles / Exec Cycles      : 0.0520
Memory Accesses (load+store)  : 7787
Memory Access Rate (MAR)      : 77.87 accesses/sample_interval(100ms)
RSS (Resident Set Size)       : 1.04 GB



 METRIC 
Avg CPU Cycles (per interval) : 14734.70
EPT Cycles / Exec Cycles      : 0.0526
Memory Accesses (load+store)  : 7787
Memory Access Rate (MAR)      : 77.87 accesses/sample_interval(100ms)
RSS (Resident Set Size)       : 1.04 GB



 METRIC 
Avg CPU Cycles (per interval) : 14632.50
EPT Cycles / Exec Cycles      : 0.0521
Memory Accesses (load+store)  : 7804
Memory Access Rate (MAR)      : 78.05 accesses/sample_interval(100ms)
RSS (Resident Set Size)       : 1.04 GB



 METRIC 
Avg CPU Cycles (per interval) : 14456.65
EPT Cycles / Exec Cycles      : 0.0518
Memory Accesses (load+store)  : 7720
Memory Access Rate (MAR)      : 77.20 accesses/sample_interval(100ms)
RSS (Resident Set Size)       : 1.04 GB



 METRIC 
Avg CPU Cycles (per interval) : 14635.95
EPT Cycles / Exec Cycles      : 0.0535
Memory Accesses (load+store)  : 7804
Memory Access Rate (MAR)      : 78.05 accesses/sample_interval(100ms)
RSS (Resident Set Size)       : 1.04 GB



 METRIC 
Avg CPU Cycles (per interval) : 14640.90
EPT Cycles / Exec Cycles      : 0.0539
Memory Accesses (load+store)  : 7804
Memory Access Rate (MAR)      : 78.05 accesses/sample_interval(100ms)
RSS (Resident Set Size)       : 1.04 GB



 METRIC 
Avg CPU Cycles (per interval) : 14628.55
EPT Cycles / Exec Cycles      : 0.0537
Memory Accesses (load+store)  : 7804
Memory Access Rate (MAR)      : 78.05 accesses/sample_interval(100ms)
RSS (Resident Set Size)       : 1.04 GB



 METRIC 
Avg CPU Cycles (per interval) : 14461.10
EPT Cycles / Exec Cycles      : 0.0527
Memory Accesses (load+store)  : 7720
Memory Access Rate (MAR)      : 77.20 accesses/sample_interval(100ms)
RSS (Resident Set Size)       : 1.04 GB



 METRIC 
Avg CPU Cycles (per interval) : 14623.30
EPT Cycles / Exec Cycles      : 0.0519
Memory Accesses (load+store)  : 7804
Memory Access Rate (MAR)      : 78.05 accesses/sample_interval(100ms)
RSS (Resident Set Size)       : 1.04 GB



 METRIC 
Avg CPU Cycles (per interval) : 14596.10
EPT Cycles / Exec Cycles      : 0.0502
Memory Accesses (load+store)  : 7804
Memory Access Rate (MAR)      : 78.05 accesses/sample_interval(100ms)
RSS (Resident Set Size)       : 1.04 GB



 METRIC 
Avg CPU Cycles (per interval) : 14572.80
EPT Cycles / Exec Cycles      : 0.0492
Memory Accesses (load+store)  : 7804
Memory Access Rate (MAR)      : 78.05 accesses/sample_interval(100ms)
RSS (Resident Set Size)       : 1.04 GB



 METRIC 
Avg CPU Cycles (per interval) : 14664.95
EPT Cycles / Exec Cycles      : 0.0500
Memory Accesses (load+store)  : 7804
Memory Access Rate (MAR)      : 78.05 accesses/sample_interval(100ms)
RSS (Resident Set Size)       : 1.04 GB



 METRIC 
Avg CPU Cycles (per interval) : 14576.40
EPT Cycles / Exec Cycles      : 0.0563
Memory Accesses (load+store)  : 7732
Memory Access Rate (MAR)      : 77.32 accesses/sample_interval(100ms)
RSS (Resident Set Size)       : 1.04 GB



 METRIC 
Avg CPU Cycles (per interval) : 14593.10
EPT Cycles / Exec Cycles      : 0.0564
Memory Accesses (load+store)  : 7728
Memory Access Rate (MAR)      : 77.28 accesses/sample_interval(100ms)
RSS (Resident Set Size)       : 1.04 GB



 METRIC 
Avg CPU Cycles (per interval) : 14530.25
EPT Cycles / Exec Cycles      : 0.0587
Memory Accesses (load+store)  : 7643
Memory Access Rate (MAR)      : 76.43 accesses/sample_interval(100ms)
RSS (Resident Set Size)       : 1.04 GB



 METRIC 
Avg CPU Cycles (per interval) : 14933.50
EPT Cycles / Exec Cycles      : 0.0597
Memory Accesses (load+store)  : 7812
Memory Access Rate (MAR)      : 78.12 accesses/sample_interval(100ms)
RSS (Resident Set Size)       : 1.04 GB



 METRIC 
Avg CPU Cycles (per interval) : 14948.10
EPT Cycles / Exec Cycles      : 0.0598
Memory Accesses (load+store)  : 7812
Memory Access Rate (MAR)      : 78.12 accesses/sample_interval(100ms)
RSS (Resident Set Size)       : 1.04 GB



 METRIC 
Avg CPU Cycles (per interval) : 14835.30
EPT Cycles / Exec Cycles      : 0.0600
Memory Accesses (load+store)  : 7727
Memory Access Rate (MAR)      : 77.27 accesses/sample_interval(100ms)
RSS (Resident Set Size)       : 1.04 GB



 METRIC 
Avg CPU Cycles (per interval) : 15040.70
EPT Cycles / Exec Cycles      : 0.0604
Memory Accesses (load+store)  : 7812
Memory Access Rate (MAR)      : 78.12 accesses/sample_interval(100ms)
RSS (Resident Set Size)       : 1.04 GB



 METRIC 
Avg CPU Cycles (per interval) : 15081.35
EPT Cycles / Exec Cycles      : 0.0612
Memory Accesses (load+store)  : 7812
Memory Access Rate (MAR)      : 78.12 accesses/sample_interval(100ms)
RSS (Resident Set Size)       : 1.04 GB



 METRIC 
Avg CPU Cycles (per interval) : 15087.70
EPT Cycles / Exec Cycles      : 0.0610
Memory Accesses (load+store)  : 7812
Memory Access Rate (MAR)      : 78.12 accesses/sample_interval(100ms)
RSS (Resident Set Size)       : 1.04 GB



 METRIC 
Avg CPU Cycles (per interval) : 15015.45
EPT Cycles / Exec Cycles      : 0.0599
Memory Accesses (load+store)  : 7812
Memory Access Rate (MAR)      : 78.12 accesses/sample_interval(100ms)
RSS (Resident Set Size)       : 1.04 GB



 METRIC 
Avg CPU Cycles (per interval) : 14740.15
EPT Cycles / Exec Cycles      : 0.0618
Memory Accesses (load+store)  : 7732
Memory Access Rate (MAR)      : 77.32 accesses/sample_interval(100ms)
RSS (Resident Set Size)       : 1.04 GB



 METRIC 
Avg CPU Cycles (per interval) : 14906.40
EPT Cycles / Exec Cycles      : 0.0621
Memory Accesses (load+store)  : 7812
Memory Access Rate (MAR)      : 78.12 accesses/sample_interval(100ms)
RSS (Resident Set Size)       : 1.04 GB



 METRIC 
Avg CPU Cycles (per interval) : 14596.05
EPT Cycles / Exec Cycles      : 0.0622
Memory Accesses (load+store)  : 7643
Memory Access Rate (MAR)      : 76.43 accesses/sample_interval(100ms)
RSS (Resident Set Size)       : 1.04 GB



 METRIC 
Avg CPU Cycles (per interval) : 14961.45
EPT Cycles / Exec Cycles      : 0.0627
Memory Accesses (load+store)  : 7812
Memory Access Rate (MAR)      : 78.12 accesses/sample_interval(100ms)
RSS (Resident Set Size)       : 1.04 GB



 METRIC 
Avg CPU Cycles (per interval) : 14970.10
EPT Cycles / Exec Cycles      : 0.0629
Memory Accesses (load+store)  : 7812
Memory Access Rate (MAR)      : 78.12 accesses/sample_interval(100ms)
RSS (Resident Set Size)       : 1.04 GB



 METRIC 
Avg CPU Cycles (per interval) : 14977.30
EPT Cycles / Exec Cycles      : 0.0635
Memory Accesses (load+store)  : 7812
Memory Access Rate (MAR)      : 78.12 accesses/sample_interval(100ms)
RSS (Resident Set Size)       : 1.04 GB



 METRIC 
Avg CPU Cycles (per interval) : 14967.75
EPT Cycles / Exec Cycles      : 0.0646
Memory Accesses (load+store)  : 7812
Memory Access Rate (MAR)      : 78.12 accesses/sample_interval(100ms)
RSS (Resident Set Size)       : 1.04 GB



 METRIC 
Avg CPU Cycles (per interval) : 15011.35
EPT Cycles / Exec Cycles      : 0.0658
Memory Accesses (load+store)  : 7812
Memory Access Rate (MAR)      : 78.12 accesses/sample_interval(100ms)
RSS (Resident Set Size)       : 1.04 GB



 METRIC 
Avg CPU Cycles (per interval) : 15036.65
EPT Cycles / Exec Cycles      : 0.0661
Memory Accesses (load+store)  : 7812
Memory Access Rate (MAR)      : 78.12 accesses/sample_interval(100ms)
RSS (Resident Set Size)       : 1.04 GB



 METRIC 
Avg CPU Cycles (per interval) : 14785.95
EPT Cycles / Exec Cycles      : 0.0652
Memory Accesses (load+store)  : 7732
Memory Access Rate (MAR)      : 77.32 accesses/sample_interval(100ms)
RSS (Resident Set Size)       : 1.04 GB



 METRIC 
Avg CPU Cycles (per interval) : 14887.50
EPT Cycles / Exec Cycles      : 0.0605
Memory Accesses (load+store)  : 7812
Memory Access Rate (MAR)      : 78.12 accesses/sample_interval(100ms)
RSS (Resident Set Size)       : 1.04 GB



 METRIC 
Avg CPU Cycles (per interval) : 14849.35
EPT Cycles / Exec Cycles      : 0.0602
Memory Accesses (load+store)  : 7812
Memory Access Rate (MAR)      : 78.12 accesses/sample_interval(100ms)
RSS (Resident Set Size)       : 1.04 GB



 METRIC 
Avg CPU Cycles (per interval) : 14789.35
EPT Cycles / Exec Cycles      : 0.0591
Memory Accesses (load+store)  : 7812
Memory Access Rate (MAR)      : 78.12 accesses/sample_interval(100ms)
RSS (Resident Set Size)       : 1.04 GB



 METRIC 
Avg CPU Cycles (per interval) : 14712.15
EPT Cycles / Exec Cycles      : 0.0585
Memory Accesses (load+store)  : 7812
Memory Access Rate (MAR)      : 78.12 accesses/sample_interval(100ms)
RSS (Resident Set Size)       : 1.04 GB



 METRIC 
Avg CPU Cycles (per interval) : 14697.05
EPT Cycles / Exec Cycles      : 0.0586
Memory Accesses (load+store)  : 7812
Memory Access Rate (MAR)      : 78.12 accesses/sample_interval(100ms)
RSS (Resident Set Size)       : 1.04 GB



 METRIC 
Avg CPU Cycles (per interval) : 14476.80
EPT Cycles / Exec Cycles      : 0.0584
Memory Accesses (load+store)  : 7728
Memory Access Rate (MAR)      : 77.28 accesses/sample_interval(100ms)
RSS (Resident Set Size)       : 1.04 GB



 METRIC 
Avg CPU Cycles (per interval) : 14576.40
EPT Cycles / Exec Cycles      : 0.0577
Memory Accesses (load+store)  : 7812
Memory Access Rate (MAR)      : 78.12 accesses/sample_interval(100ms)
RSS (Resident Set Size)       : 1.04 GB



 METRIC 
Avg CPU Cycles (per interval) : 14569.20
EPT Cycles / Exec Cycles      : 0.0573
Memory Accesses (load+store)  : 7812
Memory Access Rate (MAR)      : 78.12 accesses/sample_interval(100ms)
RSS (Resident Set Size)       : 1.04 GB



 METRIC 
Avg CPU Cycles (per interval) : 14561.55
EPT Cycles / Exec Cycles      : 0.0573
Memory Accesses (load+store)  : 7812
Memory Access Rate (MAR)      : 78.12 accesses/sample_interval(100ms)
RSS (Resident Set Size)       : 1.04 GB



 METRIC 
Avg CPU Cycles (per interval) : 14256.05
EPT Cycles / Exec Cycles      : 0.0580
Memory Accesses (load+store)  : 7637
Memory Access Rate (MAR)      : 76.37 accesses/sample_interval(100ms)
RSS (Resident Set Size)       : 1.04 GB



 METRIC 
Avg CPU Cycles (per interval) : 14466.00
EPT Cycles / Exec Cycles      : 0.0571
Memory Accesses (load+store)  : 7794
Memory Access Rate (MAR)      : 77.94 accesses/sample_interval(100ms)
RSS (Resident Set Size)       : 1.04 GB



 METRIC 
Avg CPU Cycles (per interval) : 14437.90
EPT Cycles / Exec Cycles      : 0.0568
Memory Accesses (load+store)  : 7794
Memory Access Rate (MAR)      : 77.94 accesses/sample_interval(100ms)
RSS (Resident Set Size)       : 1.04 GB



 METRIC 
Avg CPU Cycles (per interval) : 14386.75
EPT Cycles / Exec Cycles      : 0.0561
Memory Accesses (load+store)  : 7794
Memory Access Rate (MAR)      : 77.94 accesses/sample_interval(100ms)
RSS (Resident Set Size)       : 1.04 GB



 METRIC 
Avg CPU Cycles (per interval) : 14334.55
EPT Cycles / Exec Cycles      : 0.0565
Memory Accesses (load+store)  : 7794
Memory Access Rate (MAR)      : 77.94 accesses/sample_interval(100ms)
RSS (Resident Set Size)       : 1.04 GB



 METRIC 
Avg CPU Cycles (per interval) : 14332.15
EPT Cycles / Exec Cycles      : 0.0567
Memory Accesses (load+store)  : 7794
Memory Access Rate (MAR)      : 77.94 accesses/sample_interval(100ms)
RSS (Resident Set Size)       : 1.04 GB



 METRIC 
Avg CPU Cycles (per interval) : 14175.55
EPT Cycles / Exec Cycles      : 0.0566
Memory Accesses (load+store)  : 7710
Memory Access Rate (MAR)      : 77.10 accesses/sample_interval(100ms)
RSS (Resident Set Size)       : 1.04 GB



 METRIC 
Avg CPU Cycles (per interval) : 14315.20
EPT Cycles / Exec Cycles      : 0.0556
Memory Accesses (load+store)  : 7794
Memory Access Rate (MAR)      : 77.94 accesses/sample_interval(100ms)
RSS (Resident Set Size)       : 1.04 GB



 METRIC 
Avg CPU Cycles (per interval) : 14272.40
EPT Cycles / Exec Cycles      : 0.0554
Memory Accesses (load+store)  : 7794
Memory Access Rate (MAR)      : 77.94 accesses/sample_interval(100ms)
RSS (Resident Set Size)       : 1.04 GB



 METRIC 
Avg CPU Cycles (per interval) : 14266.15
EPT Cycles / Exec Cycles      : 0.0550
Memory Accesses (load+store)  : 7794
Memory Access Rate (MAR)      : 77.94 accesses/sample_interval(100ms)
RSS (Resident Set Size)       : 1.04 GB



 METRIC 
Avg CPU Cycles (per interval) : 14618.25
EPT Cycles / Exec Cycles      : 0.0528
Memory Accesses (load+store)  : 7700
Memory Access Rate (MAR)      : 77.00 accesses/sample_interval(100ms)
RSS (Resident Set Size)       : 1.04 GB



 METRIC 
Avg CPU Cycles (per interval) : 14614.00
EPT Cycles / Exec Cycles      : 0.0590
Memory Accesses (load+store)  : 7693
Memory Access Rate (MAR)      : 76.93 accesses/sample_interval(100ms)
RSS (Resident Set Size)       : 1.04 GB



 METRIC 
Avg CPU Cycles (per interval) : 14746.75
EPT Cycles / Exec Cycles      : 0.0579
Memory Accesses (load+store)  : 7778
Memory Access Rate (MAR)      : 77.78 accesses/sample_interval(100ms)
RSS (Resident Set Size)       : 1.04 GB



 METRIC 
Avg CPU Cycles (per interval) : 14721.85
EPT Cycles / Exec Cycles      : 0.0572
Memory Accesses (load+store)  : 7778
Memory Access Rate (MAR)      : 77.78 accesses/sample_interval(100ms)
RSS (Resident Set Size)       : 1.04 GB



 METRIC 
Avg CPU Cycles (per interval) : 14718.85
EPT Cycles / Exec Cycles      : 0.0568
Memory Accesses (load+store)  : 7778
Memory Access Rate (MAR)      : 77.78 accesses/sample_interval(100ms)
RSS (Resident Set Size)       : 1.04 GB



 METRIC 
Avg CPU Cycles (per interval) : 14787.75
EPT Cycles / Exec Cycles      : 0.0565
Memory Accesses (load+store)  : 7778
Memory Access Rate (MAR)      : 77.78 accesses/sample_interval(100ms)
RSS (Resident Set Size)       : 1.04 GB



 METRIC 
Avg CPU Cycles (per interval) : 14798.65
EPT Cycles / Exec Cycles      : 0.0565
Memory Accesses (load+store)  : 7778
Memory Access Rate (MAR)      : 77.78 accesses/sample_interval(100ms)
RSS (Resident Set Size)       : 1.04 GB



 METRIC 
Avg CPU Cycles (per interval) : 14794.70
EPT Cycles / Exec Cycles      : 0.0562
Memory Accesses (load+store)  : 7778
Memory Access Rate (MAR)      : 77.78 accesses/sample_interval(100ms)
RSS (Resident Set Size)       : 1.04 GB



 METRIC 
Avg CPU Cycles (per interval) : 14786.85
EPT Cycles / Exec Cycles      : 0.0552
Memory Accesses (load+store)  : 7778
Memory Access Rate (MAR)      : 77.78 accesses/sample_interval(100ms)
RSS (Resident Set Size)       : 1.04 GB



 METRIC 
Avg CPU Cycles (per interval) : 14005.05
EPT Cycles / Exec Cycles      : 0.0577
Memory Accesses (load+store)  : 7271
Memory Access Rate (MAR)      : 72.71 accesses/sample_interval(100ms)
RSS (Resident Set Size)       : 1.04 GB



 METRIC 
Avg CPU Cycles (per interval) : 14604.85
EPT Cycles / Exec Cycles      : 0.0548
Memory Accesses (load+store)  : 7694
Memory Access Rate (MAR)      : 76.94 accesses/sample_interval(100ms)
RSS (Resident Set Size)       : 1.04 GB



 METRIC 
Avg CPU Cycles (per interval) : 14821.60
EPT Cycles / Exec Cycles      : 0.0579
Memory Accesses (load+store)  : 7720
Memory Access Rate (MAR)      : 77.20 accesses/sample_interval(100ms)
RSS (Resident Set Size)       : 1.04 GB



 METRIC 
Avg CPU Cycles (per interval) : 15009.10
EPT Cycles / Exec Cycles      : 0.0583
Memory Accesses (load+store)  : 7805
Memory Access Rate (MAR)      : 78.05 accesses/sample_interval(100ms)
RSS (Resident Set Size)       : 1.04 GB



 METRIC 
Avg CPU Cycles (per interval) : 15061.05
EPT Cycles / Exec Cycles      : 0.0590
Memory Accesses (load+store)  : 7805
Memory Access Rate (MAR)      : 78.05 accesses/sample_interval(100ms)
RSS (Resident Set Size)       : 1.04 GB



 METRIC 
Avg CPU Cycles (per interval) : 14951.20
EPT Cycles / Exec Cycles      : 0.0594
Memory Accesses (load+store)  : 7720
Memory Access Rate (MAR)      : 77.20 accesses/sample_interval(100ms)
RSS (Resident Set Size)       : 1.04 GB



 METRIC 
Avg CPU Cycles (per interval) : 15121.10
EPT Cycles / Exec Cycles      : 0.0599
Memory Accesses (load+store)  : 7805
Memory Access Rate (MAR)      : 78.05 accesses/sample_interval(100ms)
RSS (Resident Set Size)       : 1.04 GB



 METRIC 
Avg CPU Cycles (per interval) : 15120.85
EPT Cycles / Exec Cycles      : 0.0599
Memory Accesses (load+store)  : 7805
Memory Access Rate (MAR)      : 78.05 accesses/sample_interval(100ms)
RSS (Resident Set Size)       : 1.04 GB



 METRIC 
Avg CPU Cycles (per interval) : 15139.00
EPT Cycles / Exec Cycles      : 0.0603
Memory Accesses (load+store)  : 7805
Memory Access Rate (MAR)      : 78.05 accesses/sample_interval(100ms)
RSS (Resident Set Size)       : 1.04 GB



 METRIC 
Avg CPU Cycles (per interval) : 15138.80
EPT Cycles / Exec Cycles      : 0.0602
Memory Accesses (load+store)  : 7805
Memory Access Rate (MAR)      : 78.05 accesses/sample_interval(100ms)
RSS (Resident Set Size)       : 1.04 GB



 METRIC 
Avg CPU Cycles (per interval) : 14384.90
EPT Cycles / Exec Cycles      : 0.0661
Memory Accesses (load+store)  : 7217
Memory Access Rate (MAR)      : 72.17 accesses/sample_interval(100ms)
RSS (Resident Set Size)       : 1.04 GB



 METRIC 
Avg CPU Cycles (per interval) : 14911.90
EPT Cycles / Exec Cycles      : 0.0713
Memory Accesses (load+store)  : 7720
Memory Access Rate (MAR)      : 77.20 accesses/sample_interval(100ms)
RSS (Resident Set Size)       : 1.04 GB



 METRIC 
Avg CPU Cycles (per interval) : 15621.65
EPT Cycles / Exec Cycles      : 0.0869
Memory Accesses (load+store)  : 7821
Memory Access Rate (MAR)      : 78.21 accesses/sample_interval(100ms)
RSS (Resident Set Size)       : 1.04 GB



 METRIC 
Avg CPU Cycles (per interval) : 16000.30
EPT Cycles / Exec Cycles      : 0.0950
Memory Accesses (load+store)  : 7821
Memory Access Rate (MAR)      : 78.21 accesses/sample_interval(100ms)
RSS (Resident Set Size)       : 1.04 GB



 METRIC 
Avg CPU Cycles (per interval) : 16181.35
EPT Cycles / Exec Cycles      : 0.1015
Memory Accesses (load+store)  : 7741
Memory Access Rate (MAR)      : 77.41 accesses/sample_interval(100ms)
RSS (Resident Set Size)       : 1.04 GB


=========== ACTION : ENABLE TPT ===========

 METRIC 
Avg CPU Cycles (per interval) : 16618.95
EPT Cycles / Exec Cycles      : 0.1093
Memory Accesses (load+store)  : 7736
Memory Access Rate (MAR)      : 77.36 accesses/sample_interval(100ms)
RSS (Resident Set Size)       : 1.04 GB


=========== ACTION : ENABLE TPT ===========

 METRIC 
Avg CPU Cycles (per interval) : 16990.80
EPT Cycles / Exec Cycles      : 0.1141
Memory Accesses (load+store)  : 7821
Memory Access Rate (MAR)      : 78.21 accesses/sample_interval(100ms)
RSS (Resident Set Size)       : 1.04 GB


=========== ACTION : ENABLE TPT ===========

 METRIC 
Avg CPU Cycles (per interval) : 17162.55
EPT Cycles / Exec Cycles      : 0.1187
Memory Accesses (load+store)  : 7821
Memory Access Rate (MAR)      : 78.21 accesses/sample_interval(100ms)
RSS (Resident Set Size)       : 1.04 GB


=========== ACTION : ENABLE TPT ===========

 METRIC 
Avg CPU Cycles (per interval) : 17529.40
EPT Cycles / Exec Cycles      : 0.1252
Memory Accesses (load+store)  : 7821
Memory Access Rate (MAR)      : 78.21 accesses/sample_interval(100ms)
RSS (Resident Set Size)       : 1.04 GB


=========== ACTION : ENABLE TPT ===========

 METRIC 
Avg CPU Cycles (per interval) : 17800.80
EPT Cycles / Exec Cycles      : 0.1328
Memory Accesses (load+store)  : 7821
Memory Access Rate (MAR)      : 78.21 accesses/sample_interval(100ms)
RSS (Resident Set Size)       : 1.04 GB


=========== ACTION : ENABLE TPT ===========

 METRIC 
Avg CPU Cycles (per interval) : 17815.75
EPT Cycles / Exec Cycles      : 0.1370
Memory Accesses (load+store)  : 7741
Memory Access Rate (MAR)      : 77.41 accesses/sample_interval(100ms)
RSS (Resident Set Size)       : 1.04 GB


=========== ACTION : ENABLE TPT ===========

 METRIC 
Avg CPU Cycles (per interval) : 18345.55
EPT Cycles / Exec Cycles      : 0.1394
Memory Accesses (load+store)  : 7821
Memory Access Rate (MAR)      : 78.21 accesses/sample_interval(100ms)
RSS (Resident Set Size)       : 1.04 GB


=========== ACTION : ENABLE TPT ===========

 METRIC 
Avg CPU Cycles (per interval) : 18809.10
EPT Cycles / Exec Cycles      : 0.1562
Memory Accesses (load+store)  : 7812
Memory Access Rate (MAR)      : 78.12 accesses/sample_interval(100ms)
RSS (Resident Set Size)       : 1.04 GB


=========== ACTION : ENABLE TPT ===========

 METRIC 
Avg CPU Cycles (per interval) : 19066.20
EPT Cycles / Exec Cycles      : 0.1603
Memory Accesses (load+store)  : 7812
Memory Access Rate (MAR)      : 78.12 accesses/sample_interval(100ms)
RSS (Resident Set Size)       : 1.04 GB


=========== ACTION : ENABLE TPT ===========

 METRIC 
Avg CPU Cycles (per interval) : 19157.30
EPT Cycles / Exec Cycles      : 0.1649
Memory Accesses (load+store)  : 7732
Memory Access Rate (MAR)      : 77.32 accesses/sample_interval(100ms)
RSS (Resident Set Size)       : 1.04 GB


=========== ACTION : ENABLE TPT ===========

 METRIC 
Avg CPU Cycles (per interval) : 19767.90
EPT Cycles / Exec Cycles      : 0.1673
Memory Accesses (load+store)  : 7812
Memory Access Rate (MAR)      : 78.12 accesses/sample_interval(100ms)
RSS (Resident Set Size)       : 1.04 GB


=========== ACTION : ENABLE TPT ===========

 METRIC 
Avg CPU Cycles (per interval) : 19971.70
EPT Cycles / Exec Cycles      : 0.1712
Memory Accesses (load+store)  : 7812
Memory Access Rate (MAR)      : 78.12 accesses/sample_interval(100ms)
RSS (Resident Set Size)       : 1.04 GB


=========== ACTION : ENABLE TPT ===========

 METRIC 
Avg CPU Cycles (per interval) : 20141.00
EPT Cycles / Exec Cycles      : 0.1743
Memory Accesses (load+store)  : 7812
Memory Access Rate (MAR)      : 78.12 accesses/sample_interval(100ms)
RSS (Resident Set Size)       : 1.04 GB


=========== ACTION : ENABLE TPT ===========

 METRIC 
Avg CPU Cycles (per interval) : 20486.15
EPT Cycles / Exec Cycles      : 0.1791
Memory Accesses (load+store)  : 7812
Memory Access Rate (MAR)      : 78.12 accesses/sample_interval(100ms)
RSS (Resident Set Size)       : 1.04 GB


=========== ACTION : ENABLE TPT ===========

 METRIC 
Avg CPU Cycles (per interval) : 20593.70
EPT Cycles / Exec Cycles      : 0.1843
Memory Accesses (load+store)  : 7728
Memory Access Rate (MAR)      : 77.28 accesses/sample_interval(100ms)
RSS (Resident Set Size)       : 1.04 GB


=========== ACTION : ENABLE TPT ===========

 METRIC 
Avg CPU Cycles (per interval) : 20650.30
EPT Cycles / Exec Cycles      : 0.1849
Memory Accesses (load+store)  : 7812
Memory Access Rate (MAR)      : 78.12 accesses/sample_interval(100ms)
RSS (Resident Set Size)       : 1.04 GB


=========== ACTION : ENABLE TPT ===========

 METRIC 
Avg CPU Cycles (per interval) : 20584.70
EPT Cycles / Exec Cycles      : 0.1850
Memory Accesses (load+store)  : 7812
Memory Access Rate (MAR)      : 78.12 accesses/sample_interval(100ms)
RSS (Resident Set Size)       : 1.04 GB


=========== ACTION : ENABLE TPT ===========

 METRIC 
Avg CPU Cycles (per interval) : 20343.30
EPT Cycles / Exec Cycles      : 0.1838
Memory Accesses (load+store)  : 7812
Memory Access Rate (MAR)      : 78.12 accesses/sample_interval(100ms)
RSS (Resident Set Size)       : 1.04 GB


=========== ACTION : ENABLE TPT ===========

 METRIC 
Avg CPU Cycles (per interval) : 20256.50
EPT Cycles / Exec Cycles      : 0.1833
Memory Accesses (load+store)  : 7812
Memory Access Rate (MAR)      : 78.12 accesses/sample_interval(100ms)
RSS (Resident Set Size)       : 1.04 GB


=========== ACTION : ENABLE TPT ===========

 METRIC 
Avg CPU Cycles (per interval) : 20142.90
EPT Cycles / Exec Cycles      : 0.1842
Memory Accesses (load+store)  : 7812
Memory Access Rate (MAR)      : 78.12 accesses/sample_interval(100ms)
RSS (Resident Set Size)       : 1.04 GB


=========== ACTION : ENABLE TPT ===========

 METRIC 
Avg CPU Cycles (per interval) : 20034.30
EPT Cycles / Exec Cycles      : 0.1842
Memory Accesses (load+store)  : 7812
Memory Access Rate (MAR)      : 78.12 accesses/sample_interval(100ms)
RSS (Resident Set Size)       : 1.04 GB


=========== ACTION : ENABLE TPT ===========

 METRIC 
Avg CPU Cycles (per interval) : 19982.30
EPT Cycles / Exec Cycles      : 0.1844
Memory Accesses (load+store)  : 7812
Memory Access Rate (MAR)      : 78.12 accesses/sample_interval(100ms)
RSS (Resident Set Size)       : 1.04 GB


=========== ACTION : ENABLE TPT ===========

 METRIC 
Avg CPU Cycles (per interval) : 19651.85
EPT Cycles / Exec Cycles      : 0.1822
Memory Accesses (load+store)  : 7728
Memory Access Rate (MAR)      : 77.28 accesses/sample_interval(100ms)
RSS (Resident Set Size)       : 1.04 GB


=========== ACTION : ENABLE TPT ===========

 METRIC 
Avg CPU Cycles (per interval) : 20052.25
EPT Cycles / Exec Cycles      : 0.1839
Memory Accesses (load+store)  : 7812
Memory Access Rate (MAR)      : 78.12 accesses/sample_interval(100ms)
RSS (Resident Set Size)       : 1.04 GB


=========== ACTION : ENABLE TPT ===========

 METRIC 
Avg CPU Cycles (per interval) : 19844.20
EPT Cycles / Exec Cycles      : 0.1836
Memory Accesses (load+store)  : 7728
Memory Access Rate (MAR)      : 77.28 accesses/sample_interval(100ms)
RSS (Resident Set Size)       : 1.04 GB


=========== ACTION : ENABLE TPT ===========

 METRIC 
Avg CPU Cycles (per interval) : 20018.00
EPT Cycles / Exec Cycles      : 0.1831
Memory Accesses (load+store)  : 7812
Memory Access Rate (MAR)      : 78.12 accesses/sample_interval(100ms)
RSS (Resident Set Size)       : 1.04 GB


=========== ACTION : ENABLE TPT ===========

 METRIC 
Avg CPU Cycles (per interval) : 19872.05
EPT Cycles / Exec Cycles      : 0.1843
Memory Accesses (load+store)  : 7812
Memory Access Rate (MAR)      : 78.12 accesses/sample_interval(100ms)
RSS (Resident Set Size)       : 1.04 GB


=========== ACTION : ENABLE TPT ===========

 METRIC 
Avg CPU Cycles (per interval) : 19914.75
EPT Cycles / Exec Cycles      : 0.1815
Memory Accesses (load+store)  : 7812
Memory Access Rate (MAR)      : 78.12 accesses/sample_interval(100ms)
RSS (Resident Set Size)       : 1.04 GB


=========== ACTION : ENABLE TPT ===========

 METRIC 
Avg CPU Cycles (per interval) : 19907.95
EPT Cycles / Exec Cycles      : 0.1809
Memory Accesses (load+store)  : 7812
Memory Access Rate (MAR)      : 78.12 accesses/sample_interval(100ms)
RSS (Resident Set Size)       : 1.04 GB


=========== ACTION : ENABLE TPT ===========

 METRIC 
Avg CPU Cycles (per interval) : 19860.00
EPT Cycles / Exec Cycles      : 0.1817
Memory Accesses (load+store)  : 7812
Memory Access Rate (MAR)      : 78.12 accesses/sample_interval(100ms)
RSS (Resident Set Size)       : 1.04 GB


=========== ACTION : ENABLE TPT ===========

 METRIC 
Avg CPU Cycles (per interval) : 19746.10
EPT Cycles / Exec Cycles      : 0.1831
Memory Accesses (load+store)  : 7812
Memory Access Rate (MAR)      : 78.12 accesses/sample_interval(100ms)
RSS (Resident Set Size)       : 1.04 GB


=========== ACTION : ENABLE TPT ===========

 METRIC 
Avg CPU Cycles (per interval) : 19723.95
EPT Cycles / Exec Cycles      : 0.1823
Memory Accesses (load+store)  : 7812
Memory Access Rate (MAR)      : 78.12 accesses/sample_interval(100ms)
RSS (Resident Set Size)       : 1.04 GB


=========== ACTION : ENABLE TPT ===========

 METRIC 
Avg CPU Cycles (per interval) : 19397.90
EPT Cycles / Exec Cycles      : 0.1802
Memory Accesses (load+store)  : 7728
Memory Access Rate (MAR)      : 77.28 accesses/sample_interval(100ms)
RSS (Resident Set Size)       : 1.04 GB


=========== ACTION : ENABLE TPT ===========

 METRIC 
Avg CPU Cycles (per interval) : 19777.25
EPT Cycles / Exec Cycles      : 0.1816
Memory Accesses (load+store)  : 7812
Memory Access Rate (MAR)      : 78.12 accesses/sample_interval(100ms)
RSS (Resident Set Size)       : 1.04 GB


=========== ACTION : ENABLE TPT ===========

 METRIC 
Avg CPU Cycles (per interval) : 19755.05
EPT Cycles / Exec Cycles      : 0.1815
Memory Accesses (load+store)  : 7812
Memory Access Rate (MAR)      : 78.12 accesses/sample_interval(100ms)
RSS (Resident Set Size)       : 1.04 GB


=========== ACTION : ENABLE TPT ===========

 METRIC 
Avg CPU Cycles (per interval) : 19441.30
EPT Cycles / Exec Cycles      : 0.1797
Memory Accesses (load+store)  : 7732
Memory Access Rate (MAR)      : 77.32 accesses/sample_interval(100ms)
RSS (Resident Set Size)       : 1.04 GB


=========== ACTION : ENABLE TPT ===========

 METRIC 
Avg CPU Cycles (per interval) : 19839.60
EPT Cycles / Exec Cycles      : 0.1819
Memory Accesses (load+store)  : 7812
Memory Access Rate (MAR)      : 78.12 accesses/sample_interval(100ms)
RSS (Resident Set Size)       : 1.04 GB


=========== ACTION : ENABLE TPT ===========

 METRIC 
Avg CPU Cycles (per interval) : 19746.45
EPT Cycles / Exec Cycles      : 0.1827
Memory Accesses (load+store)  : 7786
Memory Access Rate (MAR)      : 77.86 accesses/sample_interval(100ms)
RSS (Resident Set Size)       : 1.04 GB


=========== ACTION : ENABLE TPT ===========

 METRIC 
Avg CPU Cycles (per interval) : 19696.55
EPT Cycles / Exec Cycles      : 0.1832
Memory Accesses (load+store)  : 7786
Memory Access Rate (MAR)      : 77.86 accesses/sample_interval(100ms)
RSS (Resident Set Size)       : 1.04 GB


=========== ACTION : ENABLE TPT ===========

 METRIC 
Avg CPU Cycles (per interval) : 19729.15
EPT Cycles / Exec Cycles      : 0.1828
Memory Accesses (load+store)  : 7786
Memory Access Rate (MAR)      : 77.86 accesses/sample_interval(100ms)
RSS (Resident Set Size)       : 1.04 GB


=========== ACTION : ENABLE TPT ===========

 METRIC 
Avg CPU Cycles (per interval) : 19926.70
EPT Cycles / Exec Cycles      : 0.1836
Memory Accesses (load+store)  : 7786
Memory Access Rate (MAR)      : 77.86 accesses/sample_interval(100ms)
RSS (Resident Set Size)       : 1.04 GB


=========== ACTION : ENABLE TPT ===========

 METRIC 
Avg CPU Cycles (per interval) : 19898.95
EPT Cycles / Exec Cycles      : 0.1836
Memory Accesses (load+store)  : 7786
Memory Access Rate (MAR)      : 77.86 accesses/sample_interval(100ms)
RSS (Resident Set Size)       : 1.04 GB


=========== ACTION : ENABLE TPT ===========

 METRIC 
Avg CPU Cycles (per interval) : 19898.95
EPT Cycles / Exec Cycles      : 0.1836
Memory Accesses (load+store)  : 7786
Memory Access Rate (MAR)      : 77.86 accesses/sample_interval(100ms)
RSS (Resident Set Size)       : 1.04 GB


=========== ACTION : ENABLE TPT ===========

 METRIC 
Avg CPU Cycles (per interval) : 19651.65
EPT Cycles / Exec Cycles      : 0.1848
Memory Accesses (load+store)  : 7702
Memory Access Rate (MAR)      : 77.02 accesses/sample_interval(100ms)
RSS (Resident Set Size)       : 1.04 GB


=========== ACTION : ENABLE TPT ===========

 METRIC 
Avg CPU Cycles (per interval) : 19819.95
EPT Cycles / Exec Cycles      : 0.1842
Memory Accesses (load+store)  : 7786
Memory Access Rate (MAR)      : 77.86 accesses/sample_interval(100ms)
RSS (Resident Set Size)       : 1.04 GB


=========== ACTION : ENABLE TPT ===========

 METRIC 
Avg CPU Cycles (per interval) : 19507.10
EPT Cycles / Exec Cycles      : 0.1824
Memory Accesses (load+store)  : 7706
Memory Access Rate (MAR)      : 77.06 accesses/sample_interval(100ms)
RSS (Resident Set Size)       : 1.04 GB


=========== ACTION : ENABLE TPT ===========

 METRIC 
Avg CPU Cycles (per interval) : 19821.65
EPT Cycles / Exec Cycles      : 0.1842
Memory Accesses (load+store)  : 7786
Memory Access Rate (MAR)      : 77.86 accesses/sample_interval(100ms)
RSS (Resident Set Size)       : 1.04 GB


=========== ACTION : ENABLE TPT ===========

 METRIC 
Avg CPU Cycles (per interval) : 19651.35
EPT Cycles / Exec Cycles      : 0.1824
Memory Accesses (load+store)  : 7786
Memory Access Rate (MAR)      : 77.86 accesses/sample_interval(100ms)
RSS (Resident Set Size)       : 1.04 GB


=========== ACTION : ENABLE TPT ===========

 METRIC 
Avg CPU Cycles (per interval) : 19609.85
EPT Cycles / Exec Cycles      : 0.1801
Memory Accesses (load+store)  : 7786
Memory Access Rate (MAR)      : 77.86 accesses/sample_interval(100ms)
RSS (Resident Set Size)       : 1.04 GB


=========== ACTION : ENABLE TPT ===========

 METRIC 
Avg CPU Cycles (per interval) : 19570.10
EPT Cycles / Exec Cycles      : 0.1764
Memory Accesses (load+store)  : 7786
Memory Access Rate (MAR)      : 77.86 accesses/sample_interval(100ms)
RSS (Resident Set Size)       : 1.04 GB


=========== ACTION : ENABLE TPT ===========

 METRIC 
Avg CPU Cycles (per interval) : 19448.30
EPT Cycles / Exec Cycles      : 0.1735
Memory Accesses (load+store)  : 7786
Memory Access Rate (MAR)      : 77.86 accesses/sample_interval(100ms)
RSS (Resident Set Size)       : 1.04 GB


=========== ACTION : ENABLE TPT ===========

 METRIC 
Avg CPU Cycles (per interval) : 19116.40
EPT Cycles / Exec Cycles      : 0.1712
Memory Accesses (load+store)  : 7702
Memory Access Rate (MAR)      : 77.02 accesses/sample_interval(100ms)
RSS (Resident Set Size)       : 1.04 GB


=========== ACTION : ENABLE TPT ===========

 METRIC 
Avg CPU Cycles (per interval) : 19388.85
EPT Cycles / Exec Cycles      : 0.1703
Memory Accesses (load+store)  : 7786
Memory Access Rate (MAR)      : 77.86 accesses/sample_interval(100ms)
RSS (Resident Set Size)       : 1.04 GB


=========== ACTION : ENABLE TPT ===========

 METRIC 
Avg CPU Cycles (per interval) : 18991.90
EPT Cycles / Exec Cycles      : 0.1643
Memory Accesses (load+store)  : 7702
Memory Access Rate (MAR)      : 77.02 accesses/sample_interval(100ms)
RSS (Resident Set Size)       : 1.04 GB


=========== ACTION : ENABLE TPT ===========

 METRIC 
Avg CPU Cycles (per interval) : 18900.90
EPT Cycles / Exec Cycles      : 0.1605
Memory Accesses (load+store)  : 7702
Memory Access Rate (MAR)      : 77.02 accesses/sample_interval(100ms)
RSS (Resident Set Size)       : 1.04 GB


=========== ACTION : ENABLE TPT ===========

 METRIC 
Avg CPU Cycles (per interval) : 19083.55
EPT Cycles / Exec Cycles      : 0.1594
Memory Accesses (load+store)  : 7786
Memory Access Rate (MAR)      : 77.86 accesses/sample_interval(100ms)
RSS (Resident Set Size)       : 1.04 GB


=========== ACTION : ENABLE TPT ===========

 METRIC 
Avg CPU Cycles (per interval) : 19227.15
EPT Cycles / Exec Cycles      : 0.1585
Memory Accesses (load+store)  : 7787
Memory Access Rate (MAR)      : 77.87 accesses/sample_interval(100ms)
RSS (Resident Set Size)       : 1.04 GB


=========== ACTION : ENABLE TPT ===========

 METRIC 
Avg CPU Cycles (per interval) : 17767.20
EPT Cycles / Exec Cycles      : 0.1549
Memory Accesses (load+store)  : 6888
Memory Access Rate (MAR)      : 68.88 accesses/sample_interval(100ms)
RSS (Resident Set Size)       : 1.04 GB


=========== ACTION : ENABLE TPT ===========

 METRIC 
Avg CPU Cycles (per interval) : 19496.70
EPT Cycles / Exec Cycles      : 0.1568
Memory Accesses (load+store)  : 7803
Memory Access Rate (MAR)      : 78.03 accesses/sample_interval(100ms)
RSS (Resident Set Size)       : 1.04 GB


=========== ACTION : ENABLE TPT ===========

 METRIC 
Avg CPU Cycles (per interval) : 19531.75
EPT Cycles / Exec Cycles      : 0.1576
Memory Accesses (load+store)  : 7803
Memory Access Rate (MAR)      : 78.03 accesses/sample_interval(100ms)
RSS (Resident Set Size)       : 1.04 GB


=========== ACTION : ENABLE TPT ===========

 METRIC 
Avg CPU Cycles (per interval) : 19292.50
EPT Cycles / Exec Cycles      : 0.1574
Memory Accesses (load+store)  : 7803
Memory Access Rate (MAR)      : 78.03 accesses/sample_interval(100ms)
RSS (Resident Set Size)       : 1.04 GB


=========== ACTION : ENABLE TPT ===========

 METRIC 
Avg CPU Cycles (per interval) : 18985.00
EPT Cycles / Exec Cycles      : 0.1549
Memory Accesses (load+store)  : 7719
Memory Access Rate (MAR)      : 77.19 accesses/sample_interval(100ms)
RSS (Resident Set Size)       : 1.04 GB


=========== ACTION : ENABLE TPT ===========

 METRIC 
Avg CPU Cycles (per interval) : 19310.20
EPT Cycles / Exec Cycles      : 0.1577
Memory Accesses (load+store)  : 7803
Memory Access Rate (MAR)      : 78.03 accesses/sample_interval(100ms)
RSS (Resident Set Size)       : 1.04 GB


=========== ACTION : ENABLE TPT ===========

 METRIC 
Avg CPU Cycles (per interval) : 19268.65
EPT Cycles / Exec Cycles      : 0.1573
Memory Accesses (load+store)  : 7803
Memory Access Rate (MAR)      : 78.03 accesses/sample_interval(100ms)
RSS (Resident Set Size)       : 1.04 GB


=========== ACTION : ENABLE TPT ===========

 METRIC 
Avg CPU Cycles (per interval) : 19165.90
EPT Cycles / Exec Cycles      : 0.1582
Memory Accesses (load+store)  : 7719
Memory Access Rate (MAR)      : 77.19 accesses/sample_interval(100ms)
RSS (Resident Set Size)       : 1.04 GB


=========== ACTION : ENABLE TPT ===========

 METRIC 
Avg CPU Cycles (per interval) : 19325.65
EPT Cycles / Exec Cycles      : 0.1581
Memory Accesses (load+store)  : 7803
Memory Access Rate (MAR)      : 78.03 accesses/sample_interval(100ms)
RSS (Resident Set Size)       : 1.04 GB


=========== ACTION : ENABLE TPT ===========

 METRIC 
Avg CPU Cycles (per interval) : 19407.75
EPT Cycles / Exec Cycles      : 0.1585
Memory Accesses (load+store)  : 7803
Memory Access Rate (MAR)      : 78.03 accesses/sample_interval(100ms)
RSS (Resident Set Size)       : 1.04 GB


=========== ACTION : ENABLE TPT ===========

 METRIC 
Avg CPU Cycles (per interval) : 19291.55
EPT Cycles / Exec Cycles      : 0.1607
Memory Accesses (load+store)  : 7728
Memory Access Rate (MAR)      : 77.28 accesses/sample_interval(100ms)
RSS (Resident Set Size)       : 1.04 GB


=========== ACTION : ENABLE TPT ===========

 METRIC 
Avg CPU Cycles (per interval) : 19537.30
EPT Cycles / Exec Cycles      : 0.1632
Memory Accesses (load+store)  : 7812
Memory Access Rate (MAR)      : 78.12 accesses/sample_interval(100ms)
RSS (Resident Set Size)       : 1.04 GB


=========== ACTION : ENABLE TPT ===========

 METRIC 
Avg CPU Cycles (per interval) : 19561.05
EPT Cycles / Exec Cycles      : 0.1666
Memory Accesses (load+store)  : 7812
Memory Access Rate (MAR)      : 78.12 accesses/sample_interval(100ms)
RSS (Resident Set Size)       : 1.04 GB


=========== ACTION : ENABLE TPT ===========

 METRIC 
Avg CPU Cycles (per interval) : 19593.20
EPT Cycles / Exec Cycles      : 0.1693
Memory Accesses (load+store)  : 7812
Memory Access Rate (MAR)      : 78.12 accesses/sample_interval(100ms)
RSS (Resident Set Size)       : 1.04 GB


=========== ACTION : ENABLE TPT ===========

 METRIC 
Avg CPU Cycles (per interval) : 19754.60
EPT Cycles / Exec Cycles      : 0.1725
Memory Accesses (load+store)  : 7812
Memory Access Rate (MAR)      : 78.12 accesses/sample_interval(100ms)
RSS (Resident Set Size)       : 1.04 GB


=========== ACTION : ENABLE TPT ===========

 METRIC 
Avg CPU Cycles (per interval) : 19740.40
EPT Cycles / Exec Cycles      : 0.1730
Memory Accesses (load+store)  : 7812
Memory Access Rate (MAR)      : 78.12 accesses/sample_interval(100ms)
RSS (Resident Set Size)       : 1.04 GB


=========== ACTION : ENABLE TPT ===========

 METRIC 
Avg CPU Cycles (per interval) : 19900.25
EPT Cycles / Exec Cycles      : 0.1790
Memory Accesses (load+store)  : 7812
Memory Access Rate (MAR)      : 78.12 accesses/sample_interval(100ms)
RSS (Resident Set Size)       : 1.04 GB


=========== ACTION : ENABLE TPT ===========

 METRIC 
Avg CPU Cycles (per interval) : 19999.05
EPT Cycles / Exec Cycles      : 0.1825
Memory Accesses (load+store)  : 7812
Memory Access Rate (MAR)      : 78.12 accesses/sample_interval(100ms)
RSS (Resident Set Size)       : 1.04 GB


=========== ACTION : ENABLE TPT ===========

 METRIC 
Avg CPU Cycles (per interval) : 20009.15
EPT Cycles / Exec Cycles      : 0.1830
Memory Accesses (load+store)  : 7812
Memory Access Rate (MAR)      : 78.12 accesses/sample_interval(100ms)
RSS (Resident Set Size)       : 1.04 GB


=========== ACTION : ENABLE TPT ===========

 METRIC 
Avg CPU Cycles (per interval) : 19925.60
EPT Cycles / Exec Cycles      : 0.1837
Memory Accesses (load+store)  : 7812
Memory Access Rate (MAR)      : 78.12 accesses/sample_interval(100ms)
RSS (Resident Set Size)       : 1.04 GB


=========== ACTION : ENABLE TPT ===========

 METRIC 
Avg CPU Cycles (per interval) : 20032.85
EPT Cycles / Exec Cycles      : 0.1824
Memory Accesses (load+store)  : 7812
Memory Access Rate (MAR)      : 78.12 accesses/sample_interval(100ms)
RSS (Resident Set Size)       : 1.04 GB


=========== ACTION : ENABLE TPT ===========

 METRIC 
Avg CPU Cycles (per interval) : 20117.05
EPT Cycles / Exec Cycles      : 0.1813
Memory Accesses (load+store)  : 7812
Memory Access Rate (MAR)      : 78.12 accesses/sample_interval(100ms)
RSS (Resident Set Size)       : 1.04 GB


=========== ACTION : ENABLE TPT ===========

 METRIC 
Avg CPU Cycles (per interval) : 20067.40
EPT Cycles / Exec Cycles      : 0.1804
Memory Accesses (load+store)  : 7812
Memory Access Rate (MAR)      : 78.12 accesses/sample_interval(100ms)
RSS (Resident Set Size)       : 1.04 GB


=========== ACTION : ENABLE TPT ===========

 METRIC 
Avg CPU Cycles (per interval) : 20116.00
EPT Cycles / Exec Cycles      : 0.1802
Memory Accesses (load+store)  : 7812
Memory Access Rate (MAR)      : 78.12 accesses/sample_interval(100ms)
RSS (Resident Set Size)       : 1.04 GB


=========== ACTION : ENABLE TPT ===========

 METRIC 
Avg CPU Cycles (per interval) : 20228.55
EPT Cycles / Exec Cycles      : 0.1830
Memory Accesses (load+store)  : 7812
Memory Access Rate (MAR)      : 78.12 accesses/sample_interval(100ms)
RSS (Resident Set Size)       : 1.04 GB


=========== ACTION : ENABLE TPT ===========

 METRIC 
Avg CPU Cycles (per interval) : 20164.05
EPT Cycles / Exec Cycles      : 0.1799
Memory Accesses (load+store)  : 7812
Memory Access Rate (MAR)      : 78.12 accesses/sample_interval(100ms)
RSS (Resident Set Size)       : 1.04 GB


=========== ACTION : ENABLE TPT ===========

 METRIC 
Avg CPU Cycles (per interval) : 20154.10
EPT Cycles / Exec Cycles      : 0.1797
Memory Accesses (load+store)  : 7812
Memory Access Rate (MAR)      : 78.12 accesses/sample_interval(100ms)
RSS (Resident Set Size)       : 1.04 GB


=========== ACTION : ENABLE TPT ===========

 METRIC 
Avg CPU Cycles (per interval) : 20106.35
EPT Cycles / Exec Cycles      : 0.1794
Memory Accesses (load+store)  : 7812
Memory Access Rate (MAR)      : 78.12 accesses/sample_interval(100ms)
RSS (Resident Set Size)       : 1.04 GB


=========== ACTION : ENABLE TPT ===========

 METRIC 
Avg CPU Cycles (per interval) : 20288.05
EPT Cycles / Exec Cycles      : 0.1781
Memory Accesses (load+store)  : 7812
Memory Access Rate (MAR)      : 78.12 accesses/sample_interval(100ms)
RSS (Resident Set Size)       : 1.04 GB


=========== ACTION : ENABLE TPT ===========

 METRIC 
Avg CPU Cycles (per interval) : 20333.45
EPT Cycles / Exec Cycles      : 0.1777
Memory Accesses (load+store)  : 7812
Memory Access Rate (MAR)      : 78.12 accesses/sample_interval(100ms)
RSS (Resident Set Size)       : 1.04 GB


=========== ACTION : ENABLE TPT ===========

 METRIC 
Avg CPU Cycles (per interval) : 18926.05
EPT Cycles / Exec Cycles      : 0.1773
Memory Accesses (load+store)  : 6981
Memory Access Rate (MAR)      : 69.81 accesses/sample_interval(100ms)
RSS (Resident Set Size)       : 1.04 GB


=========== ACTION : ENABLE TPT ===========

 METRIC 
Avg CPU Cycles (per interval) : 20303.00
EPT Cycles / Exec Cycles      : 0.1788
Memory Accesses (load+store)  : 7812
Memory Access Rate (MAR)      : 78.12 accesses/sample_interval(100ms)
RSS (Resident Set Size)       : 1.04 GB


=========== ACTION : ENABLE TPT ===========

 METRIC 
Avg CPU Cycles (per interval) : 20126.70
EPT Cycles / Exec Cycles      : 0.1809
Memory Accesses (load+store)  : 7813
Memory Access Rate (MAR)      : 78.13 accesses/sample_interval(100ms)
RSS (Resident Set Size)       : 1.04 GB


=========== ACTION : ENABLE TPT ===========

 METRIC 
Avg CPU Cycles (per interval) : 20316.35
EPT Cycles / Exec Cycles      : 0.1786
Memory Accesses (load+store)  : 7728
Memory Access Rate (MAR)      : 77.28 accesses/sample_interval(100ms)
RSS (Resident Set Size)       : 1.04 GB


=========== ACTION : ENABLE TPT ===========

 METRIC 
Avg CPU Cycles (per interval) : 20475.55
EPT Cycles / Exec Cycles      : 0.1781
Memory Accesses (load+store)  : 7813
Memory Access Rate (MAR)      : 78.13 accesses/sample_interval(100ms)
RSS (Resident Set Size)       : 1.04 GB


=========== ACTION : ENABLE TPT ===========

 METRIC 
Avg CPU Cycles (per interval) : 20476.70
EPT Cycles / Exec Cycles      : 0.1779
Memory Accesses (load+store)  : 7813
Memory Access Rate (MAR)      : 78.13 accesses/sample_interval(100ms)
RSS (Resident Set Size)       : 1.04 GB


=========== ACTION : ENABLE TPT ===========

 METRIC 
Avg CPU Cycles (per interval) : 20215.10
EPT Cycles / Exec Cycles      : 0.1799
Memory Accesses (load+store)  : 7728
Memory Access Rate (MAR)      : 77.28 accesses/sample_interval(100ms)
RSS (Resident Set Size)       : 1.04 GB


=========== ACTION : ENABLE TPT ===========

 METRIC 
Avg CPU Cycles (per interval) : 20407.10
EPT Cycles / Exec Cycles      : 0.1800
Memory Accesses (load+store)  : 7813
Memory Access Rate (MAR)      : 78.13 accesses/sample_interval(100ms)
RSS (Resident Set Size)       : 1.04 GB


=========== ACTION : ENABLE TPT ===========

 METRIC 
Avg CPU Cycles (per interval) : 20492.75
EPT Cycles / Exec Cycles      : 0.1795
Memory Accesses (load+store)  : 7813
Memory Access Rate (MAR)      : 78.13 accesses/sample_interval(100ms)
RSS (Resident Set Size)       : 1.04 GB


=========== ACTION : ENABLE TPT ===========

 METRIC 
Avg CPU Cycles (per interval) : 20415.00
EPT Cycles / Exec Cycles      : 0.1803
Memory Accesses (load+store)  : 7813
Memory Access Rate (MAR)      : 78.13 accesses/sample_interval(100ms)
RSS (Resident Set Size)       : 1.04 GB


=========== ACTION : ENABLE TPT ===========

 METRIC 
Avg CPU Cycles (per interval) : 19798.75
EPT Cycles / Exec Cycles      : 0.1814
Memory Accesses (load+store)  : 7796
Memory Access Rate (MAR)      : 77.96 accesses/sample_interval(100ms)
RSS (Resident Set Size)       : 1.04 GB


=========== ACTION : ENABLE TPT ===========

 METRIC 
Avg CPU Cycles (per interval) : 19394.80
EPT Cycles / Exec Cycles      : 0.1796
Memory Accesses (load+store)  : 7796
Memory Access Rate (MAR)      : 77.96 accesses/sample_interval(100ms)
RSS (Resident Set Size)       : 1.04 GB


=========== ACTION : ENABLE TPT ===========

 METRIC 
Avg CPU Cycles (per interval) : 19001.20
EPT Cycles / Exec Cycles      : 0.1768
Memory Accesses (load+store)  : 7712
Memory Access Rate (MAR)      : 77.12 accesses/sample_interval(100ms)
RSS (Resident Set Size)       : 1.04 GB


=========== ACTION : ENABLE TPT ===========

 METRIC 
Avg CPU Cycles (per interval) : 18738.60
EPT Cycles / Exec Cycles      : 0.1738
Memory Accesses (load+store)  : 7712
Memory Access Rate (MAR)      : 77.11 accesses/sample_interval(100ms)
RSS (Resident Set Size)       : 1.04 GB


=========== ACTION : ENABLE TPT ===========

 METRIC 
Avg CPU Cycles (per interval) : 18763.10
EPT Cycles / Exec Cycles      : 0.1707
Memory Accesses (load+store)  : 7796
Memory Access Rate (MAR)      : 77.96 accesses/sample_interval(100ms)
RSS (Resident Set Size)       : 1.04 GB


=========== ACTION : ENABLE TPT ===========

 METRIC 
Avg CPU Cycles (per interval) : 18663.70
EPT Cycles / Exec Cycles      : 0.1707
Memory Accesses (load+store)  : 7796
Memory Access Rate (MAR)      : 77.96 accesses/sample_interval(100ms)
RSS (Resident Set Size)       : 1.04 GB


=========== ACTION : ENABLE TPT ===========

 METRIC 
Avg CPU Cycles (per interval) : 18119.95
EPT Cycles / Exec Cycles      : 0.1652
Memory Accesses (load+store)  : 7711
Memory Access Rate (MAR)      : 77.11 accesses/sample_interval(100ms)
RSS (Resident Set Size)       : 1.04 GB


=========== ACTION : ENABLE TPT ===========

 METRIC 
Avg CPU Cycles (per interval) : 18126.60
EPT Cycles / Exec Cycles      : 0.1612
Memory Accesses (load+store)  : 7796
Memory Access Rate (MAR)      : 77.96 accesses/sample_interval(100ms)
RSS (Resident Set Size)       : 1.04 GB


=========== ACTION : ENABLE TPT ===========

 METRIC 
Avg CPU Cycles (per interval) : 17965.60
EPT Cycles / Exec Cycles      : 0.1616
Memory Accesses (load+store)  : 7796
Memory Access Rate (MAR)      : 77.96 accesses/sample_interval(100ms)
RSS (Resident Set Size)       : 1.04 GB


=========== ACTION : ENABLE TPT ===========

 METRIC 
Avg CPU Cycles (per interval) : 17289.15
EPT Cycles / Exec Cycles      : 0.1550
Memory Accesses (load+store)  : 7715
Memory Access Rate (MAR)      : 77.15 accesses/sample_interval(100ms)
RSS (Resident Set Size)       : 1.04 GB


=========== ACTION : ENABLE TPT ===========

 METRIC 
Avg CPU Cycles (per interval) : 17064.20
EPT Cycles / Exec Cycles      : 0.1500
Memory Accesses (load+store)  : 7778
Memory Access Rate (MAR)      : 77.78 accesses/sample_interval(100ms)
RSS (Resident Set Size)       : 1.04 GB


=========== ACTION : ENABLE TPT ===========

 METRIC 
Avg CPU Cycles (per interval) : 16699.35
EPT Cycles / Exec Cycles      : 0.1363
Memory Accesses (load+store)  : 7778
Memory Access Rate (MAR)      : 77.78 accesses/sample_interval(100ms)
RSS (Resident Set Size)       : 1.04 GB


=========== ACTION : ENABLE TPT ===========

 METRIC 
Avg CPU Cycles (per interval) : 16583.45
EPT Cycles / Exec Cycles      : 0.1290
Memory Accesses (load+store)  : 7693
Memory Access Rate (MAR)      : 76.93 accesses/sample_interval(100ms)
RSS (Resident Set Size)       : 1.04 GB


=========== ACTION : ENABLE TPT ===========

 METRIC 
Avg CPU Cycles (per interval) : 16148.15
EPT Cycles / Exec Cycles      : 0.1257
Memory Accesses (load+store)  : 7778
Memory Access Rate (MAR)      : 77.78 accesses/sample_interval(100ms)
RSS (Resident Set Size)       : 1.04 GB


=========== ACTION : ENABLE TPT ===========

 METRIC 
Avg CPU Cycles (per interval) : 16013.10
EPT Cycles / Exec Cycles      : 0.1208
Memory Accesses (load+store)  : 7778
Memory Access Rate (MAR)      : 77.78 accesses/sample_interval(100ms)
RSS (Resident Set Size)       : 1.04 GB


=========== ACTION : ENABLE TPT ===========

 METRIC 
Avg CPU Cycles (per interval) : 15905.05
EPT Cycles / Exec Cycles      : 0.1197
Memory Accesses (load+store)  : 7778
Memory Access Rate (MAR)      : 77.78 accesses/sample_interval(100ms)
RSS (Resident Set Size)       : 1.04 GB


=========== ACTION : ENABLE TPT ===========

 METRIC 
Avg CPU Cycles (per interval) : 15715.90
EPT Cycles / Exec Cycles      : 0.1149
Memory Accesses (load+store)  : 7778
Memory Access Rate (MAR)      : 77.78 accesses/sample_interval(100ms)
RSS (Resident Set Size)       : 1.04 GB


=========== ACTION : ENABLE TPT ===========

 METRIC 
Avg CPU Cycles (per interval) : 15695.55
EPT Cycles / Exec Cycles      : 0.1149
Memory Accesses (load+store)  : 7778
Memory Access Rate (MAR)      : 77.78 accesses/sample_interval(100ms)
RSS (Resident Set Size)       : 1.04 GB


=========== ACTION : ENABLE TPT ===========

 METRIC 
Avg CPU Cycles (per interval) : 15604.40
EPT Cycles / Exec Cycles      : 0.1145
Memory Accesses (load+store)  : 7778
Memory Access Rate (MAR)      : 77.78 accesses/sample_interval(100ms)
RSS (Resident Set Size)       : 1.04 GB


=========== ACTION : ENABLE TPT ===========

 METRIC 
Avg CPU Cycles (per interval) : 15302.05
EPT Cycles / Exec Cycles      : 0.1118
Memory Accesses (load+store)  : 7697
Memory Access Rate (MAR)      : 76.97 accesses/sample_interval(100ms)
RSS (Resident Set Size)       : 1.04 GB


=========== ACTION : ENABLE TPT ===========

 METRIC 
Avg CPU Cycles (per interval) : 17078.85
EPT Cycles / Exec Cycles      : 0.1194
Memory Accesses (load+store)  : 8554
Memory Access Rate (MAR)      : 85.54 accesses/sample_interval(100ms)
RSS (Resident Set Size)       : 1.04 GB


=========== ACTION : ENABLE TPT ===========

 METRIC 
Avg CPU Cycles (per interval) : 15636.30
EPT Cycles / Exec Cycles      : 0.1126
Memory Accesses (load+store)  : 7718
Memory Access Rate (MAR)      : 77.18 accesses/sample_interval(100ms)
RSS (Resident Set Size)       : 1.04 GB


=========== ACTION : ENABLE TPT ===========

 METRIC 
Avg CPU Cycles (per interval) : 15712.20
EPT Cycles / Exec Cycles      : 0.1136
Memory Accesses (load+store)  : 7723
Memory Access Rate (MAR)      : 77.23 accesses/sample_interval(100ms)
RSS (Resident Set Size)       : 1.04 GB


=========== ACTION : ENABLE TPT ===========

 METRIC 
Avg CPU Cycles (per interval) : 15680.20
EPT Cycles / Exec Cycles      : 0.1118
Memory Accesses (load+store)  : 7723
Memory Access Rate (MAR)      : 77.23 accesses/sample_interval(100ms)
RSS (Resident Set Size)       : 1.04 GB


=========== ACTION : ENABLE TPT ===========

 METRIC 
Avg CPU Cycles (per interval) : 15847.45
EPT Cycles / Exec Cycles      : 0.1107
Memory Accesses (load+store)  : 7803
Memory Access Rate (MAR)      : 78.03 accesses/sample_interval(100ms)
RSS (Resident Set Size)       : 1.04 GB


=========== ACTION : ENABLE TPT ===========

 METRIC 
Avg CPU Cycles (per interval) : 15849.80
EPT Cycles / Exec Cycles      : 0.1106
Memory Accesses (load+store)  : 7803
Memory Access Rate (MAR)      : 78.03 accesses/sample_interval(100ms)
RSS (Resident Set Size)       : 1.04 GB


=========== ACTION : ENABLE TPT ===========

 METRIC 
Avg CPU Cycles (per interval) : 15839.90
EPT Cycles / Exec Cycles      : 0.1096
Memory Accesses (load+store)  : 7803
Memory Access Rate (MAR)      : 78.03 accesses/sample_interval(100ms)
RSS (Resident Set Size)       : 1.04 GB


=========== ACTION : ENABLE TPT ===========

 METRIC 
Avg CPU Cycles (per interval) : 15822.35
EPT Cycles / Exec Cycles      : 0.1089
Memory Accesses (load+store)  : 7803
Memory Access Rate (MAR)      : 78.03 accesses/sample_interval(100ms)
RSS (Resident Set Size)       : 1.04 GB


=========== ACTION : ENABLE TPT ===========

 METRIC 
Avg CPU Cycles (per interval) : 15823.45
EPT Cycles / Exec Cycles      : 0.1087
Memory Accesses (load+store)  : 7803
Memory Access Rate (MAR)      : 78.03 accesses/sample_interval(100ms)
RSS (Resident Set Size)       : 1.04 GB


=========== ACTION : ENABLE TPT ===========

 METRIC 
Avg CPU Cycles (per interval) : 16027.10
EPT Cycles / Exec Cycles      : 0.1159
Memory Accesses (load+store)  : 7803
Memory Access Rate (MAR)      : 78.03 accesses/sample_interval(100ms)
RSS (Resident Set Size)       : 1.04 GB


=========== ACTION : ENABLE TPT ===========

 METRIC 
Avg CPU Cycles (per interval) : 17425.95
EPT Cycles / Exec Cycles      : 0.1230
Memory Accesses (load+store)  : 8572
Memory Access Rate (MAR)      : 85.72 accesses/sample_interval(100ms)
RSS (Resident Set Size)       : 1.04 GB


=========== ACTION : ENABLE TPT ===========

 METRIC 
Avg CPU Cycles (per interval) : 16112.25
EPT Cycles / Exec Cycles      : 0.1268
Memory Accesses (load+store)  : 7736
Memory Access Rate (MAR)      : 77.36 accesses/sample_interval(100ms)
RSS (Resident Set Size)       : 1.04 GB


=========== ACTION : ENABLE TPT ===========

 METRIC 
Avg CPU Cycles (per interval) : 16081.80
EPT Cycles / Exec Cycles      : 0.1284
Memory Accesses (load+store)  : 7740
Memory Access Rate (MAR)      : 77.41 accesses/sample_interval(100ms)
RSS (Resident Set Size)       : 1.04 GB


=========== ACTION : ENABLE TPT ===========

 METRIC 
Avg CPU Cycles (per interval) : 16091.10
EPT Cycles / Exec Cycles      : 0.1295
Memory Accesses (load+store)  : 7741
Memory Access Rate (MAR)      : 77.41 accesses/sample_interval(100ms)
RSS (Resident Set Size)       : 1.04 GB


=========== ACTION : ENABLE TPT ===========

 METRIC 
Avg CPU Cycles (per interval) : 16271.35
EPT Cycles / Exec Cycles      : 0.1296
Memory Accesses (load+store)  : 7821
Memory Access Rate (MAR)      : 78.21 accesses/sample_interval(100ms)
RSS (Resident Set Size)       : 1.04 GB


=========== ACTION : ENABLE TPT ===========

 METRIC 
Avg CPU Cycles (per interval) : 16295.55
EPT Cycles / Exec Cycles      : 0.1301
Memory Accesses (load+store)  : 7821
Memory Access Rate (MAR)      : 78.21 accesses/sample_interval(100ms)
RSS (Resident Set Size)       : 1.04 GB


=========== ACTION : ENABLE TPT ===========

 METRIC 
Avg CPU Cycles (per interval) : 16158.65
EPT Cycles / Exec Cycles      : 0.1241
Memory Accesses (load+store)  : 7821
Memory Access Rate (MAR)      : 78.21 accesses/sample_interval(100ms)
RSS (Resident Set Size)       : 1.04 GB


=========== ACTION : ENABLE TPT ===========

 METRIC 
Avg CPU Cycles (per interval) : 15934.85
EPT Cycles / Exec Cycles      : 0.1176
Memory Accesses (load+store)  : 7821
Memory Access Rate (MAR)      : 78.21 accesses/sample_interval(100ms)
RSS (Resident Set Size)       : 1.04 GB


=========== ACTION : ENABLE TPT ===========

 METRIC 
Avg CPU Cycles (per interval) : 15915.60
EPT Cycles / Exec Cycles      : 0.1170
Memory Accesses (load+store)  : 7821
Memory Access Rate (MAR)      : 78.21 accesses/sample_interval(100ms)
RSS (Resident Set Size)       : 1.04 GB


=========== ACTION : ENABLE TPT ===========

 METRIC 
Avg CPU Cycles (per interval) : 15823.75
EPT Cycles / Exec Cycles      : 0.1162
Memory Accesses (load+store)  : 7821
Memory Access Rate (MAR)      : 78.21 accesses/sample_interval(100ms)
RSS (Resident Set Size)       : 1.04 GB


=========== ACTION : ENABLE TPT ===========

 METRIC 
Avg CPU Cycles (per interval) : 14262.35
EPT Cycles / Exec Cycles      : 0.1085
Memory Accesses (load+store)  : 6977
Memory Access Rate (MAR)      : 69.77 accesses/sample_interval(100ms)
RSS (Resident Set Size)       : 1.04 GB


=========== ACTION : ENABLE TPT ===========

 METRIC 
Avg CPU Cycles (per interval) : 15631.25
EPT Cycles / Exec Cycles      : 0.1149
Memory Accesses (load+store)  : 7812
Memory Access Rate (MAR)      : 78.12 accesses/sample_interval(100ms)
RSS (Resident Set Size)       : 1.04 GB


=========== ACTION : ENABLE TPT ===========

 METRIC 
Avg CPU Cycles (per interval) : 15603.00
EPT Cycles / Exec Cycles      : 0.1139
Memory Accesses (load+store)  : 7812
Memory Access Rate (MAR)      : 78.12 accesses/sample_interval(100ms)
RSS (Resident Set Size)       : 1.04 GB


=========== ACTION : ENABLE TPT ===========

 METRIC 
Avg CPU Cycles (per interval) : 15554.60
EPT Cycles / Exec Cycles      : 0.1128
Memory Accesses (load+store)  : 7812
Memory Access Rate (MAR)      : 78.12 accesses/sample_interval(100ms)
RSS (Resident Set Size)       : 1.04 GB


=========== ACTION : ENABLE TPT ===========

 METRIC 
Avg CPU Cycles (per interval) : 15538.85
EPT Cycles / Exec Cycles      : 0.1119
Memory Accesses (load+store)  : 7812
Memory Access Rate (MAR)      : 78.12 accesses/sample_interval(100ms)
RSS (Resident Set Size)       : 1.04 GB


=========== ACTION : ENABLE TPT ===========

 METRIC 
Avg CPU Cycles (per interval) : 15531.80
EPT Cycles / Exec Cycles      : 0.1117
Memory Accesses (load+store)  : 7812
Memory Access Rate (MAR)      : 78.12 accesses/sample_interval(100ms)
RSS (Resident Set Size)       : 1.04 GB


=========== ACTION : ENABLE TPT ===========

 METRIC 
Avg CPU Cycles (per interval) : 15505.90
EPT Cycles / Exec Cycles      : 0.1110
Memory Accesses (load+store)  : 7812
Memory Access Rate (MAR)      : 78.12 accesses/sample_interval(100ms)
RSS (Resident Set Size)       : 1.04 GB


=========== ACTION : ENABLE TPT ===========

 METRIC 
Avg CPU Cycles (per interval) : 15304.10
EPT Cycles / Exec Cycles      : 0.1103
Memory Accesses (load+store)  : 7728
Memory Access Rate (MAR)      : 77.28 accesses/sample_interval(100ms)
RSS (Resident Set Size)       : 1.04 GB


=========== ACTION : ENABLE TPT ===========

 METRIC 
Avg CPU Cycles (per interval) : 15531.80
EPT Cycles / Exec Cycles      : 0.1096
Memory Accesses (load+store)  : 7812
Memory Access Rate (MAR)      : 78.12 accesses/sample_interval(100ms)
RSS (Resident Set Size)       : 1.04 GB


=========== ACTION : ENABLE TPT ===========

 METRIC 
Avg CPU Cycles (per interval) : 15369.65
EPT Cycles / Exec Cycles      : 0.1024
Memory Accesses (load+store)  : 7812
Memory Access Rate (MAR)      : 78.12 accesses/sample_interval(100ms)
RSS (Resident Set Size)       : 1.04 GB


=========== ACTION : ENABLE TPT ===========

 METRIC 
Avg CPU Cycles (per interval) : 14140.60
EPT Cycles / Exec Cycles      : 0.0978
Memory Accesses (load+store)  : 6977
Memory Access Rate (MAR)      : 69.77 accesses/sample_interval(100ms)
RSS (Resident Set Size)       : 1.04 GB



 METRIC 
Avg CPU Cycles (per interval) : 15445.40
EPT Cycles / Exec Cycles      : 0.0900
Memory Accesses (load+store)  : 7812
Memory Access Rate (MAR)      : 78.12 accesses/sample_interval(100ms)
RSS (Resident Set Size)       : 1.04 GB



 METRIC 
Avg CPU Cycles (per interval) : 15434.35
EPT Cycles / Exec Cycles      : 0.0871
Memory Accesses (load+store)  : 7812
Memory Access Rate (MAR)      : 78.12 accesses/sample_interval(100ms)
RSS (Resident Set Size)       : 1.04 GB



 METRIC 
Avg CPU Cycles (per interval) : 15388.20
EPT Cycles / Exec Cycles      : 0.0837
Memory Accesses (load+store)  : 7812
Memory Access Rate (MAR)      : 78.12 accesses/sample_interval(100ms)
RSS (Resident Set Size)       : 1.04 GB



 METRIC 
Avg CPU Cycles (per interval) : 15263.25
EPT Cycles / Exec Cycles      : 0.0814
Memory Accesses (load+store)  : 7812
Memory Access Rate (MAR)      : 78.12 accesses/sample_interval(100ms)
RSS (Resident Set Size)       : 1.04 GB



 METRIC 
Avg CPU Cycles (per interval) : 15266.30
EPT Cycles / Exec Cycles      : 0.0807
Memory Accesses (load+store)  : 7812
Memory Access Rate (MAR)      : 78.12 accesses/sample_interval(100ms)
RSS (Resident Set Size)       : 1.04 GB



 METRIC 
Avg CPU Cycles (per interval) : 15569.65
EPT Cycles / Exec Cycles      : 0.0876
Memory Accesses (load+store)  : 7812
Memory Access Rate (MAR)      : 78.12 accesses/sample_interval(100ms)
RSS (Resident Set Size)       : 1.04 GB



 METRIC 
Avg CPU Cycles (per interval) : 15448.90
EPT Cycles / Exec Cycles      : 0.0892
Memory Accesses (load+store)  : 7728
Memory Access Rate (MAR)      : 77.28 accesses/sample_interval(100ms)
RSS (Resident Set Size)       : 1.04 GB



 METRIC 
Avg CPU Cycles (per interval) : 15704.85
EPT Cycles / Exec Cycles      : 0.0891
Memory Accesses (load+store)  : 7812
Memory Access Rate (MAR)      : 78.12 accesses/sample_interval(100ms)
RSS (Resident Set Size)       : 1.04 GB



 METRIC 
Avg CPU Cycles (per interval) : 15618.05
EPT Cycles / Exec Cycles      : 0.0840
Memory Accesses (load+store)  : 7812
Memory Access Rate (MAR)      : 78.12 accesses/sample_interval(100ms)
RSS (Resident Set Size)       : 1.04 GB



 METRIC 
Avg CPU Cycles (per interval) : 15620.80
EPT Cycles / Exec Cycles      : 0.0823
Memory Accesses (load+store)  : 7814
Memory Access Rate (MAR)      : 78.14 accesses/sample_interval(100ms)
RSS (Resident Set Size)       : 1.04 GB



 METRIC 
Avg CPU Cycles (per interval) : 15631.70
EPT Cycles / Exec Cycles      : 0.0797
Memory Accesses (load+store)  : 7814
Memory Access Rate (MAR)      : 78.14 accesses/sample_interval(100ms)
RSS (Resident Set Size)       : 1.04 GB



 METRIC 
Avg CPU Cycles (per interval) : 15660.05
EPT Cycles / Exec Cycles      : 0.0805
Memory Accesses (load+store)  : 7814
Memory Access Rate (MAR)      : 78.14 accesses/sample_interval(100ms)
RSS (Resident Set Size)       : 1.04 GB



 METRIC 
Avg CPU Cycles (per interval) : 15663.70
EPT Cycles / Exec Cycles      : 0.0804
Memory Accesses (load+store)  : 7814
Memory Access Rate (MAR)      : 78.14 accesses/sample_interval(100ms)
RSS (Resident Set Size)       : 1.04 GB



 METRIC 
Avg CPU Cycles (per interval) : 15633.95
EPT Cycles / Exec Cycles      : 0.0806
Memory Accesses (load+store)  : 7814
Memory Access Rate (MAR)      : 78.14 accesses/sample_interval(100ms)
RSS (Resident Set Size)       : 1.04 GB



 METRIC 
Avg CPU Cycles (per interval) : 15676.65
EPT Cycles / Exec Cycles      : 0.0807
Memory Accesses (load+store)  : 7814
Memory Access Rate (MAR)      : 78.14 accesses/sample_interval(100ms)
RSS (Resident Set Size)       : 1.04 GB



 METRIC 
Avg CPU Cycles (per interval) : 15629.70
EPT Cycles / Exec Cycles      : 0.0799
Memory Accesses (load+store)  : 7814
Memory Access Rate (MAR)      : 78.14 accesses/sample_interval(100ms)
RSS (Resident Set Size)       : 1.04 GB



 METRIC 
Avg CPU Cycles (per interval) : 15510.80
EPT Cycles / Exec Cycles      : 0.0799
Memory Accesses (load+store)  : 7730
Memory Access Rate (MAR)      : 77.30 accesses/sample_interval(100ms)
RSS (Resident Set Size)       : 1.04 GB



 METRIC 
Avg CPU Cycles (per interval) : 15534.35
EPT Cycles / Exec Cycles      : 0.0790
Memory Accesses (load+store)  : 7814
Memory Access Rate (MAR)      : 78.14 accesses/sample_interval(100ms)
RSS (Resident Set Size)       : 1.04 GB



 METRIC 
Avg CPU Cycles (per interval) : 15535.90
EPT Cycles / Exec Cycles      : 0.0789
Memory Accesses (load+store)  : 7814
Memory Access Rate (MAR)      : 78.14 accesses/sample_interval(100ms)
RSS (Resident Set Size)       : 1.04 GB



 METRIC 
Avg CPU Cycles (per interval) : 15240.80
EPT Cycles / Exec Cycles      : 0.0784
Memory Accesses (load+store)  : 7787
Memory Access Rate (MAR)      : 77.87 accesses/sample_interval(100ms)
RSS (Resident Set Size)       : 1.04 GB



 METRIC 
Avg CPU Cycles (per interval) : 15167.10
EPT Cycles / Exec Cycles      : 0.0791
Memory Accesses (load+store)  : 7787
Memory Access Rate (MAR)      : 77.87 accesses/sample_interval(100ms)
RSS (Resident Set Size)       : 1.04 GB



 METRIC 
Avg CPU Cycles (per interval) : 15279.75
EPT Cycles / Exec Cycles      : 0.0851
Memory Accesses (load+store)  : 7787
Memory Access Rate (MAR)      : 77.87 accesses/sample_interval(100ms)
RSS (Resident Set Size)       : 1.04 GB



 METRIC 
Avg CPU Cycles (per interval) : 15429.65
EPT Cycles / Exec Cycles      : 0.0901
Memory Accesses (load+store)  : 7787
Memory Access Rate (MAR)      : 77.87 accesses/sample_interval(100ms)
RSS (Resident Set Size)       : 1.04 GB



 METRIC 
Avg CPU Cycles (per interval) : 15508.60
EPT Cycles / Exec Cycles      : 0.0928
Memory Accesses (load+store)  : 7787
Memory Access Rate (MAR)      : 77.87 accesses/sample_interval(100ms)
RSS (Resident Set Size)       : 1.04 GB



 METRIC 
Avg CPU Cycles (per interval) : 15525.85
EPT Cycles / Exec Cycles      : 0.0935
Memory Accesses (load+store)  : 7787
Memory Access Rate (MAR)      : 77.87 accesses/sample_interval(100ms)
RSS (Resident Set Size)       : 1.04 GB



 METRIC 
Avg CPU Cycles (per interval) : 15208.45
EPT Cycles / Exec Cycles      : 0.0874
Memory Accesses (load+store)  : 7787
Memory Access Rate (MAR)      : 77.87 accesses/sample_interval(100ms)
RSS (Resident Set Size)       : 1.04 GB



 METRIC 
Avg CPU Cycles (per interval) : 15054.60
EPT Cycles / Exec Cycles      : 0.0864
Memory Accesses (load+store)  : 7703
Memory Access Rate (MAR)      : 77.03 accesses/sample_interval(100ms)
RSS (Resident Set Size)       : 1.04 GB



 METRIC 
Avg CPU Cycles (per interval) : 15094.60
EPT Cycles / Exec Cycles      : 0.0870
Memory Accesses (load+store)  : 7787
Memory Access Rate (MAR)      : 77.87 accesses/sample_interval(100ms)
RSS (Resident Set Size)       : 1.04 GB



 METRIC 
Avg CPU Cycles (per interval) : 15096.25
EPT Cycles / Exec Cycles      : 0.0874
Memory Accesses (load+store)  : 7787
Memory Access Rate (MAR)      : 77.87 accesses/sample_interval(100ms)
RSS (Resident Set Size)       : 1.04 GB



 METRIC 
Avg CPU Cycles (per interval) : 15031.10
EPT Cycles / Exec Cycles      : 0.0889
Memory Accesses (load+store)  : 7785
Memory Access Rate (MAR)      : 77.85 accesses/sample_interval(100ms)
RSS (Resident Set Size)       : 1.04 GB



 METRIC 
Avg CPU Cycles (per interval) : 15024.55
EPT Cycles / Exec Cycles      : 0.0871
Memory Accesses (load+store)  : 7785
Memory Access Rate (MAR)      : 77.85 accesses/sample_interval(100ms)
RSS (Resident Set Size)       : 1.04 GB



 METRIC 
Avg CPU Cycles (per interval) : 14976.05
EPT Cycles / Exec Cycles      : 0.0864
Memory Accesses (load+store)  : 7785
Memory Access Rate (MAR)      : 77.85 accesses/sample_interval(100ms)
RSS (Resident Set Size)       : 1.04 GB



 METRIC 
Avg CPU Cycles (per interval) : 15003.70
EPT Cycles / Exec Cycles      : 0.0855
Memory Accesses (load+store)  : 7785
Memory Access Rate (MAR)      : 77.85 accesses/sample_interval(100ms)
RSS (Resident Set Size)       : 1.04 GB



 METRIC 
Avg CPU Cycles (per interval) : 15005.70
EPT Cycles / Exec Cycles      : 0.0851
Memory Accesses (load+store)  : 7785
Memory Access Rate (MAR)      : 77.85 accesses/sample_interval(100ms)
RSS (Resident Set Size)       : 1.04 GB



 METRIC 
Avg CPU Cycles (per interval) : 14992.60
EPT Cycles / Exec Cycles      : 0.0846
Memory Accesses (load+store)  : 7785
Memory Access Rate (MAR)      : 77.85 accesses/sample_interval(100ms)
RSS (Resident Set Size)       : 1.04 GB



 METRIC 
Avg CPU Cycles (per interval) : 14986.05
EPT Cycles / Exec Cycles      : 0.0841
Memory Accesses (load+store)  : 7785
Memory Access Rate (MAR)      : 77.85 accesses/sample_interval(100ms)
RSS (Resident Set Size)       : 1.04 GB



 METRIC 
Avg CPU Cycles (per interval) : 14974.50
EPT Cycles / Exec Cycles      : 0.0838
Memory Accesses (load+store)  : 7785
Memory Access Rate (MAR)      : 77.85 accesses/sample_interval(100ms)
RSS (Resident Set Size)       : 1.04 GB



 METRIC 
Avg CPU Cycles (per interval) : 14973.40
EPT Cycles / Exec Cycles      : 0.0832
Memory Accesses (load+store)  : 7785
Memory Access Rate (MAR)      : 77.85 accesses/sample_interval(100ms)
RSS (Resident Set Size)       : 1.04 GB



 METRIC 
Avg CPU Cycles (per interval) : 14970.55
EPT Cycles / Exec Cycles      : 0.0833
Memory Accesses (load+store)  : 7785
Memory Access Rate (MAR)      : 77.85 accesses/sample_interval(100ms)
RSS (Resident Set Size)       : 1.04 GB



 METRIC 
Avg CPU Cycles (per interval) : 15487.05
EPT Cycles / Exec Cycles      : 0.0951
Memory Accesses (load+store)  : 7804
Memory Access Rate (MAR)      : 78.03 accesses/sample_interval(100ms)
RSS (Resident Set Size)       : 1.04 GB



 METRIC 
Avg CPU Cycles (per interval) : 16291.20
EPT Cycles / Exec Cycles      : 0.1293
Memory Accesses (load+store)  : 7804
Memory Access Rate (MAR)      : 78.03 accesses/sample_interval(100ms)
RSS (Resident Set Size)       : 1.04 GB


=========== ACTION : ENABLE TPT ===========

 METRIC 
Avg CPU Cycles (per interval) : 16123.50
EPT Cycles / Exec Cycles      : 0.1302
Memory Accesses (load+store)  : 7719
Memory Access Rate (MAR)      : 77.19 accesses/sample_interval(100ms)
RSS (Resident Set Size)       : 1.04 GB


=========== ACTION : ENABLE TPT ===========

 METRIC 
Avg CPU Cycles (per interval) : 16865.10
EPT Cycles / Exec Cycles      : 0.1495
Memory Accesses (load+store)  : 7804
Memory Access Rate (MAR)      : 78.03 accesses/sample_interval(100ms)
RSS (Resident Set Size)       : 1.04 GB


=========== ACTION : ENABLE TPT ===========

 METRIC 
Avg CPU Cycles (per interval) : 17204.75
EPT Cycles / Exec Cycles      : 0.1589
Memory Accesses (load+store)  : 7804
Memory Access Rate (MAR)      : 78.03 accesses/sample_interval(100ms)
RSS (Resident Set Size)       : 1.04 GB


=========== ACTION : ENABLE TPT ===========

 METRIC 
Avg CPU Cycles (per interval) : 17315.25
EPT Cycles / Exec Cycles      : 0.1624
Memory Accesses (load+store)  : 7804
Memory Access Rate (MAR)      : 78.03 accesses/sample_interval(100ms)
RSS (Resident Set Size)       : 1.04 GB


=========== ACTION : ENABLE TPT ===========

 METRIC 
Avg CPU Cycles (per interval) : 17434.85
EPT Cycles / Exec Cycles      : 0.1693
Memory Accesses (load+store)  : 7719
Memory Access Rate (MAR)      : 77.19 accesses/sample_interval(100ms)
RSS (Resident Set Size)       : 1.04 GB


=========== ACTION : ENABLE TPT ===========

 METRIC 
Avg CPU Cycles (per interval) : 18061.95
EPT Cycles / Exec Cycles      : 0.1775
Memory Accesses (load+store)  : 7804
Memory Access Rate (MAR)      : 78.03 accesses/sample_interval(100ms)
RSS (Resident Set Size)       : 1.04 GB


=========== ACTION : ENABLE TPT ===========

 METRIC 
Avg CPU Cycles (per interval) : 18695.65
EPT Cycles / Exec Cycles      : 0.1888
Memory Accesses (load+store)  : 7804
Memory Access Rate (MAR)      : 78.03 accesses/sample_interval(100ms)
RSS (Resident Set Size)       : 1.04 GB


=========== ACTION : ENABLE TPT ===========

 METRIC 
Avg CPU Cycles (per interval) : 19063.35
EPT Cycles / Exec Cycles      : 0.1952
Memory Accesses (load+store)  : 7804
Memory Access Rate (MAR)      : 78.04 accesses/sample_interval(100ms)
RSS (Resident Set Size)       : 1.04 GB


=========== ACTION : ENABLE TPT ===========

 METRIC 
Avg CPU Cycles (per interval) : 19246.45
EPT Cycles / Exec Cycles      : 0.2083
Memory Accesses (load+store)  : 7750
Memory Access Rate (MAR)      : 77.50 accesses/sample_interval(100ms)
RSS (Resident Set Size)       : 1.04 GB


=========== ACTION : ENABLE TPT ===========

 METRIC 
Avg CPU Cycles (per interval) : 20331.40
EPT Cycles / Exec Cycles      : 0.2183
Memory Accesses (load+store)  : 7706
Memory Access Rate (MAR)      : 77.06 accesses/sample_interval(100ms)
RSS (Resident Set Size)       : 1.04 GB


=========== ACTION : ENABLE TPT ===========

 METRIC 
Avg CPU Cycles (per interval) : 20630.65
EPT Cycles / Exec Cycles      : 0.2230
Memory Accesses (load+store)  : 7702
Memory Access Rate (MAR)      : 77.02 accesses/sample_interval(100ms)
RSS (Resident Set Size)       : 1.04 GB


=========== ACTION : ENABLE TPT ===========

 METRIC 
Avg CPU Cycles (per interval) : 21314.60
EPT Cycles / Exec Cycles      : 0.2358
Memory Accesses (load+store)  : 7702
Memory Access Rate (MAR)      : 77.02 accesses/sample_interval(100ms)
RSS (Resident Set Size)       : 1.04 GB


=========== ACTION : ENABLE TPT ===========

 METRIC 
Avg CPU Cycles (per interval) : 21970.80
EPT Cycles / Exec Cycles      : 0.2448
Memory Accesses (load+store)  : 7786
Memory Access Rate (MAR)      : 77.86 accesses/sample_interval(100ms)
RSS (Resident Set Size)       : 1.04 GB


=========== ACTION : ENABLE TPT ===========

 METRIC 
Avg CPU Cycles (per interval) : 22091.10
EPT Cycles / Exec Cycles      : 0.2475
Memory Accesses (load+store)  : 7786
Memory Access Rate (MAR)      : 77.86 accesses/sample_interval(100ms)
RSS (Resident Set Size)       : 1.04 GB


=========== ACTION : ENABLE TPT ===========

 METRIC 
Avg CPU Cycles (per interval) : 22239.65
EPT Cycles / Exec Cycles      : 0.2541
Memory Accesses (load+store)  : 7702
Memory Access Rate (MAR)      : 77.02 accesses/sample_interval(100ms)
RSS (Resident Set Size)       : 1.04 GB


=========== ACTION : ENABLE TPT ===========

 METRIC 
Avg CPU Cycles (per interval) : 22740.85
EPT Cycles / Exec Cycles      : 0.2595
Memory Accesses (load+store)  : 7786
Memory Access Rate (MAR)      : 77.86 accesses/sample_interval(100ms)
RSS (Resident Set Size)       : 1.04 GB


=========== ACTION : ENABLE TPT ===========

 METRIC 
Avg CPU Cycles (per interval) : 23240.85
EPT Cycles / Exec Cycles      : 0.2679
Memory Accesses (load+store)  : 7786
Memory Access Rate (MAR)      : 77.86 accesses/sample_interval(100ms)
RSS (Resident Set Size)       : 1.04 GB


=========== ACTION : ENABLE TPT ===========

 METRIC 
Avg CPU Cycles (per interval) : 23581.75
EPT Cycles / Exec Cycles      : 0.2728
Memory Accesses (load+store)  : 7786
Memory Access Rate (MAR)      : 77.86 accesses/sample_interval(100ms)
RSS (Resident Set Size)       : 1.04 GB


=========== ACTION : ENABLE TPT ===========

 METRIC 
Avg CPU Cycles (per interval) : 23492.60
EPT Cycles / Exec Cycles      : 0.2752
Memory Accesses (load+store)  : 7768
Memory Access Rate (MAR)      : 77.68 accesses/sample_interval(100ms)
RSS (Resident Set Size)       : 1.04 GB


=========== ACTION : ENABLE TPT ===========

 METRIC 
Avg CPU Cycles (per interval) : 23241.30
EPT Cycles / Exec Cycles      : 0.2741
Memory Accesses (load+store)  : 7688
Memory Access Rate (MAR)      : 76.88 accesses/sample_interval(100ms)
RSS (Resident Set Size)       : 1.04 GB


=========== ACTION : ENABLE TPT ===========

 METRIC 
Avg CPU Cycles (per interval) : 23519.65
EPT Cycles / Exec Cycles      : 0.2744
Memory Accesses (load+store)  : 7768
Memory Access Rate (MAR)      : 77.68 accesses/sample_interval(100ms)
RSS (Resident Set Size)       : 1.04 GB


=========== ACTION : ENABLE TPT ===========

 METRIC 
Avg CPU Cycles (per interval) : 23032.60
EPT Cycles / Exec Cycles      : 0.2726
Memory Accesses (load+store)  : 7599
Memory Access Rate (MAR)      : 75.99 accesses/sample_interval(100ms)
RSS (Resident Set Size)       : 1.04 GB


=========== ACTION : ENABLE TPT ===========

 METRIC 
Avg CPU Cycles (per interval) : 23782.10
EPT Cycles / Exec Cycles      : 0.2731
Memory Accesses (load+store)  : 7768
Memory Access Rate (MAR)      : 77.68 accesses/sample_interval(100ms)
RSS (Resident Set Size)       : 1.04 GB


=========== ACTION : ENABLE TPT ===========

 METRIC 
Avg CPU Cycles (per interval) : 23816.00
EPT Cycles / Exec Cycles      : 0.2727
Memory Accesses (load+store)  : 7768
Memory Access Rate (MAR)      : 77.68 accesses/sample_interval(100ms)
RSS (Resident Set Size)       : 1.04 GB


=========== ACTION : ENABLE TPT ===========

 METRIC 
Avg CPU Cycles (per interval) : 23823.55
EPT Cycles / Exec Cycles      : 0.2724
Memory Accesses (load+store)  : 7768
Memory Access Rate (MAR)      : 77.68 accesses/sample_interval(100ms)
RSS (Resident Set Size)       : 1.04 GB


=========== ACTION : ENABLE TPT ===========

 METRIC 
Avg CPU Cycles (per interval) : 23743.25
EPT Cycles / Exec Cycles      : 0.2727
Memory Accesses (load+store)  : 7768
Memory Access Rate (MAR)      : 77.68 accesses/sample_interval(100ms)
RSS (Resident Set Size)       : 1.04 GB


=========== ACTION : ENABLE TPT ===========

 METRIC 
Avg CPU Cycles (per interval) : 23634.45
EPT Cycles / Exec Cycles      : 0.2736
Memory Accesses (load+store)  : 7768
Memory Access Rate (MAR)      : 77.68 accesses/sample_interval(100ms)
RSS (Resident Set Size)       : 1.04 GB


=========== ACTION : ENABLE TPT ===========

 METRIC 
Avg CPU Cycles (per interval) : 23610.75
EPT Cycles / Exec Cycles      : 0.2741
Memory Accesses (load+store)  : 7768
Memory Access Rate (MAR)      : 77.68 accesses/sample_interval(100ms)
RSS (Resident Set Size)       : 1.04 GB


=========== ACTION : ENABLE TPT ===========

 METRIC 
Avg CPU Cycles (per interval) : 24194.30
EPT Cycles / Exec Cycles      : 0.2702
Memory Accesses (load+store)  : 7823
Memory Access Rate (MAR)      : 78.23 accesses/sample_interval(100ms)
RSS (Resident Set Size)       : 1.04 GB


=========== ACTION : ENABLE TPT ===========

 METRIC 
Avg CPU Cycles (per interval) : 23830.05
EPT Cycles / Exec Cycles      : 0.2723
Memory Accesses (load+store)  : 7787
Memory Access Rate (MAR)      : 77.87 accesses/sample_interval(100ms)
RSS (Resident Set Size)       : 1.04 GB


=========== ACTION : ENABLE TPT ===========

 METRIC 
Avg CPU Cycles (per interval) : 23889.70
EPT Cycles / Exec Cycles      : 0.2724
Memory Accesses (load+store)  : 7787
Memory Access Rate (MAR)      : 77.87 accesses/sample_interval(100ms)
RSS (Resident Set Size)       : 1.04 GB


=========== ACTION : ENABLE TPT ===========

 METRIC 
Avg CPU Cycles (per interval) : 23717.50
EPT Cycles / Exec Cycles      : 0.2706
Memory Accesses (load+store)  : 7702
Memory Access Rate (MAR)      : 77.02 accesses/sample_interval(100ms)
RSS (Resident Set Size)       : 1.04 GB


=========== ACTION : ENABLE TPT ===========

 METRIC 
Avg CPU Cycles (per interval) : 24146.40
EPT Cycles / Exec Cycles      : 0.2691
Memory Accesses (load+store)  : 7787
Memory Access Rate (MAR)      : 77.87 accesses/sample_interval(100ms)
RSS (Resident Set Size)       : 1.04 GB


=========== ACTION : ENABLE TPT ===========

 METRIC 
Avg CPU Cycles (per interval) : 24154.10
EPT Cycles / Exec Cycles      : 0.2691
Memory Accesses (load+store)  : 7787
Memory Access Rate (MAR)      : 77.87 accesses/sample_interval(100ms)
RSS (Resident Set Size)       : 1.04 GB


=========== ACTION : ENABLE TPT ===========

 METRIC 
Avg CPU Cycles (per interval) : 24163.00
EPT Cycles / Exec Cycles      : 0.2692
Memory Accesses (load+store)  : 7787
Memory Access Rate (MAR)      : 77.87 accesses/sample_interval(100ms)
RSS (Resident Set Size)       : 1.04 GB


=========== ACTION : ENABLE TPT ===========

 METRIC 
Avg CPU Cycles (per interval) : 24208.45
EPT Cycles / Exec Cycles      : 0.2691
Memory Accesses (load+store)  : 7787
Memory Access Rate (MAR)      : 77.87 accesses/sample_interval(100ms)
RSS (Resident Set Size)       : 1.04 GB


=========== ACTION : ENABLE TPT ===========

 METRIC 
Avg CPU Cycles (per interval) : 24213.55
EPT Cycles / Exec Cycles      : 0.2700
Memory Accesses (load+store)  : 7787
Memory Access Rate (MAR)      : 77.87 accesses/sample_interval(100ms)
RSS (Resident Set Size)       : 1.04 GB


=========== ACTION : ENABLE TPT ===========

 METRIC 
Avg CPU Cycles (per interval) : 24231.60
EPT Cycles / Exec Cycles      : 0.2707
Memory Accesses (load+store)  : 7787
Memory Access Rate (MAR)      : 77.87 accesses/sample_interval(100ms)
RSS (Resident Set Size)       : 1.04 GB


=========== ACTION : ENABLE TPT ===========

 METRIC 
Avg CPU Cycles (per interval) : 24241.25
EPT Cycles / Exec Cycles      : 0.2714
Memory Accesses (load+store)  : 7778
Memory Access Rate (MAR)      : 77.78 accesses/sample_interval(100ms)
RSS (Resident Set Size)       : 1.04 GB


=========== ACTION : ENABLE TPT ===========

 METRIC 
Avg CPU Cycles (per interval) : 24658.65
EPT Cycles / Exec Cycles      : 0.2691
Memory Accesses (load+store)  : 7814
Memory Access Rate (MAR)      : 78.14 accesses/sample_interval(100ms)
RSS (Resident Set Size)       : 1.04 GB


=========== ACTION : ENABLE TPT ===========

 METRIC 
Avg CPU Cycles (per interval) : 24641.75
EPT Cycles / Exec Cycles      : 0.2689
Memory Accesses (load+store)  : 7814
Memory Access Rate (MAR)      : 78.14 accesses/sample_interval(100ms)
RSS (Resident Set Size)       : 1.04 GB


=========== ACTION : ENABLE TPT ===========

 METRIC 
Avg CPU Cycles (per interval) : 24571.50
EPT Cycles / Exec Cycles      : 0.2690
Memory Accesses (load+store)  : 7814
Memory Access Rate (MAR)      : 78.14 accesses/sample_interval(100ms)
RSS (Resident Set Size)       : 1.04 GB


=========== ACTION : ENABLE TPT ===========

 METRIC 
Avg CPU Cycles (per interval) : 24380.75
EPT Cycles / Exec Cycles      : 0.2699
Memory Accesses (load+store)  : 7814
Memory Access Rate (MAR)      : 78.14 accesses/sample_interval(100ms)
RSS (Resident Set Size)       : 1.04 GB


=========== ACTION : ENABLE TPT ===========

 METRIC 
Avg CPU Cycles (per interval) : 24347.90
EPT Cycles / Exec Cycles      : 0.2702
Memory Accesses (load+store)  : 7814
Memory Access Rate (MAR)      : 78.14 accesses/sample_interval(100ms)
RSS (Resident Set Size)       : 1.04 GB


=========== ACTION : ENABLE TPT ===========

 METRIC 
Avg CPU Cycles (per interval) : 24335.65
EPT Cycles / Exec Cycles      : 0.2702
Memory Accesses (load+store)  : 7814
Memory Access Rate (MAR)      : 78.14 accesses/sample_interval(100ms)
RSS (Resident Set Size)       : 1.04 GB


=========== ACTION : ENABLE TPT ===========

 METRIC 
Avg CPU Cycles (per interval) : 24277.90
EPT Cycles / Exec Cycles      : 0.2703
Memory Accesses (load+store)  : 7814
Memory Access Rate (MAR)      : 78.14 accesses/sample_interval(100ms)
RSS (Resident Set Size)       : 1.04 GB


=========== ACTION : ENABLE TPT ===========

 METRIC 
Avg CPU Cycles (per interval) : 24397.20
EPT Cycles / Exec Cycles      : 0.2695
Memory Accesses (load+store)  : 7814
Memory Access Rate (MAR)      : 78.14 accesses/sample_interval(100ms)
RSS (Resident Set Size)       : 1.04 GB


=========== ACTION : ENABLE TPT ===========

 METRIC 
Avg CPU Cycles (per interval) : 24374.10
EPT Cycles / Exec Cycles      : 0.2705
Memory Accesses (load+store)  : 7814
Memory Access Rate (MAR)      : 78.14 accesses/sample_interval(100ms)
RSS (Resident Set Size)       : 1.04 GB


=========== ACTION : ENABLE TPT ===========

 METRIC 
Avg CPU Cycles (per interval) : 25477.00
EPT Cycles / Exec Cycles      : 0.2672
Memory Accesses (load+store)  : 8545
Memory Access Rate (MAR)      : 85.45 accesses/sample_interval(100ms)
RSS (Resident Set Size)       : 1.04 GB


=========== ACTION : ENABLE TPT ===========

 METRIC 
Avg CPU Cycles (per interval) : 23880.55
EPT Cycles / Exec Cycles      : 0.2743
Memory Accesses (load+store)  : 7794
Memory Access Rate (MAR)      : 77.94 accesses/sample_interval(100ms)
RSS (Resident Set Size)       : 1.04 GB


=========== ACTION : ENABLE TPT ===========

 METRIC 
Avg CPU Cycles (per interval) : 23754.75
EPT Cycles / Exec Cycles      : 0.2744
Memory Accesses (load+store)  : 7794
Memory Access Rate (MAR)      : 77.94 accesses/sample_interval(100ms)
RSS (Resident Set Size)       : 1.04 GB


=========== ACTION : ENABLE TPT ===========

 METRIC 
Avg CPU Cycles (per interval) : 23578.60
EPT Cycles / Exec Cycles      : 0.2754
Memory Accesses (load+store)  : 7794
Memory Access Rate (MAR)      : 77.94 accesses/sample_interval(100ms)
RSS (Resident Set Size)       : 1.04 GB


=========== ACTION : ENABLE TPT ===========

 METRIC 
Avg CPU Cycles (per interval) : 23577.70
EPT Cycles / Exec Cycles      : 0.2754
Memory Accesses (load+store)  : 7794
Memory Access Rate (MAR)      : 77.94 accesses/sample_interval(100ms)
RSS (Resident Set Size)       : 1.04 GB


=========== ACTION : ENABLE TPT ===========

 METRIC 
Avg CPU Cycles (per interval) : 23571.10
EPT Cycles / Exec Cycles      : 0.2757
Memory Accesses (load+store)  : 7794
Memory Access Rate (MAR)      : 77.94 accesses/sample_interval(100ms)
RSS (Resident Set Size)       : 1.04 GB


=========== ACTION : ENABLE TPT ===========

 METRIC 
Avg CPU Cycles (per interval) : 23558.75
EPT Cycles / Exec Cycles      : 0.2759
Memory Accesses (load+store)  : 7794
Memory Access Rate (MAR)      : 77.94 accesses/sample_interval(100ms)
RSS (Resident Set Size)       : 1.04 GB


=========== ACTION : ENABLE TPT ===========

 METRIC 
Avg CPU Cycles (per interval) : 23658.90
EPT Cycles / Exec Cycles      : 0.2745
Memory Accesses (load+store)  : 7795
Memory Access Rate (MAR)      : 77.95 accesses/sample_interval(100ms)
RSS (Resident Set Size)       : 1.04 GB


=========== ACTION : ENABLE TPT ===========

 METRIC 
Avg CPU Cycles (per interval) : 23725.90
EPT Cycles / Exec Cycles      : 0.2738
Memory Accesses (load+store)  : 7795
Memory Access Rate (MAR)      : 77.95 accesses/sample_interval(100ms)
RSS (Resident Set Size)       : 1.04 GB


=========== ACTION : ENABLE TPT ===========

 METRIC 
Avg CPU Cycles (per interval) : 23688.70
EPT Cycles / Exec Cycles      : 0.2739
Memory Accesses (load+store)  : 7795
Memory Access Rate (MAR)      : 77.95 accesses/sample_interval(100ms)
RSS (Resident Set Size)       : 1.04 GB


=========== ACTION : ENABLE TPT ===========

 METRIC 
Avg CPU Cycles (per interval) : 25039.70
EPT Cycles / Exec Cycles      : 0.2692
Memory Accesses (load+store)  : 8564
Memory Access Rate (MAR)      : 85.64 accesses/sample_interval(100ms)
RSS (Resident Set Size)       : 1.04 GB


=========== ACTION : ENABLE TPT ===========

 METRIC 
Avg CPU Cycles (per interval) : 23326.90
EPT Cycles / Exec Cycles      : 0.2755
Memory Accesses (load+store)  : 7777
Memory Access Rate (MAR)      : 77.77 accesses/sample_interval(100ms)
RSS (Resident Set Size)       : 1.04 GB


=========== ACTION : ENABLE TPT ===========

 METRIC 
Avg CPU Cycles (per interval) : 23331.00
EPT Cycles / Exec Cycles      : 0.2756
Memory Accesses (load+store)  : 7777
Memory Access Rate (MAR)      : 77.77 accesses/sample_interval(100ms)
RSS (Resident Set Size)       : 1.04 GB


=========== ACTION : ENABLE TPT ===========

 METRIC 
Avg CPU Cycles (per interval) : 23358.60
EPT Cycles / Exec Cycles      : 0.2757
Memory Accesses (load+store)  : 7777
Memory Access Rate (MAR)      : 77.77 accesses/sample_interval(100ms)
RSS (Resident Set Size)       : 1.04 GB


=========== ACTION : ENABLE TPT ===========

 METRIC 
Avg CPU Cycles (per interval) : 23360.85
EPT Cycles / Exec Cycles      : 0.2758
Memory Accesses (load+store)  : 7777
Memory Access Rate (MAR)      : 77.77 accesses/sample_interval(100ms)
RSS (Resident Set Size)       : 1.04 GB


=========== ACTION : ENABLE TPT ===========

 METRIC 
Avg CPU Cycles (per interval) : 23360.15
EPT Cycles / Exec Cycles      : 0.2761
Memory Accesses (load+store)  : 7777
Memory Access Rate (MAR)      : 77.77 accesses/sample_interval(100ms)
RSS (Resident Set Size)       : 1.04 GB


=========== ACTION : ENABLE TPT ===========

 METRIC 
Avg CPU Cycles (per interval) : 23333.45
EPT Cycles / Exec Cycles      : 0.2770
Memory Accesses (load+store)  : 7777
Memory Access Rate (MAR)      : 77.77 accesses/sample_interval(100ms)
RSS (Resident Set Size)       : 1.04 GB


=========== ACTION : ENABLE TPT ===========

 METRIC 
Avg CPU Cycles (per interval) : 23337.05
EPT Cycles / Exec Cycles      : 0.2776
Memory Accesses (load+store)  : 7777
Memory Access Rate (MAR)      : 77.77 accesses/sample_interval(100ms)
RSS (Resident Set Size)       : 1.04 GB


=========== ACTION : ENABLE TPT ===========

 METRIC 
Avg CPU Cycles (per interval) : 23330.80
EPT Cycles / Exec Cycles      : 0.2775
Memory Accesses (load+store)  : 7777
Memory Access Rate (MAR)      : 77.77 accesses/sample_interval(100ms)
RSS (Resident Set Size)       : 1.04 GB


=========== ACTION : ENABLE TPT ===========

 METRIC 
Avg CPU Cycles (per interval) : 23321.75
EPT Cycles / Exec Cycles      : 0.2769
Memory Accesses (load+store)  : 7777
Memory Access Rate (MAR)      : 77.77 accesses/sample_interval(100ms)
RSS (Resident Set Size)       : 1.04 GB


=========== ACTION : ENABLE TPT ===========

 METRIC 
Avg CPU Cycles (per interval) : 23660.65
EPT Cycles / Exec Cycles      : 0.2755
Memory Accesses (load+store)  : 7804
Memory Access Rate (MAR)      : 78.04 accesses/sample_interval(100ms)
RSS (Resident Set Size)       : 1.04 GB


=========== ACTION : ENABLE TPT ===========

 METRIC 
Avg CPU Cycles (per interval) : 23791.45
EPT Cycles / Exec Cycles      : 0.2753
Memory Accesses (load+store)  : 7804
Memory Access Rate (MAR)      : 78.04 accesses/sample_interval(100ms)
RSS (Resident Set Size)       : 1.04 GB


=========== ACTION : ENABLE TPT ===========

 METRIC 
Avg CPU Cycles (per interval) : 23868.15
EPT Cycles / Exec Cycles      : 0.2750
Memory Accesses (load+store)  : 7804
Memory Access Rate (MAR)      : 78.04 accesses/sample_interval(100ms)
RSS (Resident Set Size)       : 1.04 GB


=========== ACTION : ENABLE TPT ===========

 METRIC 
Avg CPU Cycles (per interval) : 23939.90
EPT Cycles / Exec Cycles      : 0.2756
Memory Accesses (load+store)  : 7804
Memory Access Rate (MAR)      : 78.04 accesses/sample_interval(100ms)
RSS (Resident Set Size)       : 1.04 GB


=========== ACTION : ENABLE TPT ===========

 METRIC 
Avg CPU Cycles (per interval) : 23809.60
EPT Cycles / Exec Cycles      : 0.2773
Memory Accesses (load+store)  : 7804
Memory Access Rate (MAR)      : 78.03 accesses/sample_interval(100ms)
RSS (Resident Set Size)       : 1.04 GB


=========== ACTION : ENABLE TPT ===========

 METRIC 
Avg CPU Cycles (per interval) : 23825.50
EPT Cycles / Exec Cycles      : 0.2772
Memory Accesses (load+store)  : 7804
Memory Access Rate (MAR)      : 78.03 accesses/sample_interval(100ms)
RSS (Resident Set Size)       : 1.04 GB


=========== ACTION : ENABLE TPT ===========

 METRIC 
Avg CPU Cycles (per interval) : 23567.35
EPT Cycles / Exec Cycles      : 0.2767
Memory Accesses (load+store)  : 7719
Memory Access Rate (MAR)      : 77.19 accesses/sample_interval(100ms)
RSS (Resident Set Size)       : 1.04 GB


=========== ACTION : ENABLE TPT ===========

 METRIC 
Avg CPU Cycles (per interval) : 23808.80
EPT Cycles / Exec Cycles      : 0.2794
Memory Accesses (load+store)  : 7803
Memory Access Rate (MAR)      : 78.03 accesses/sample_interval(100ms)
RSS (Resident Set Size)       : 1.04 GB


=========== ACTION : ENABLE TPT ===========

 METRIC 
Avg CPU Cycles (per interval) : 23580.20
EPT Cycles / Exec Cycles      : 0.2742
Memory Accesses (load+store)  : 7803
Memory Access Rate (MAR)      : 78.03 accesses/sample_interval(100ms)
RSS (Resident Set Size)       : 1.04 GB


=========== ACTION : ENABLE TPT ===========

 METRIC 
Avg CPU Cycles (per interval) : 23269.10
EPT Cycles / Exec Cycles      : 0.2690
Memory Accesses (load+store)  : 7803
Memory Access Rate (MAR)      : 78.03 accesses/sample_interval(100ms)
RSS (Resident Set Size)       : 1.04 GB


=========== ACTION : ENABLE TPT ===========

 METRIC 
Avg CPU Cycles (per interval) : 21008.70
EPT Cycles / Exec Cycles      : 0.2684
Memory Accesses (load+store)  : 6859
Memory Access Rate (MAR)      : 68.59 accesses/sample_interval(100ms)
RSS (Resident Set Size)       : 1.04 GB


=========== ACTION : ENABLE TPT ===========

 METRIC 
Avg CPU Cycles (per interval) : 22419.30
EPT Cycles / Exec Cycles      : 0.2497
Memory Accesses (load+store)  : 7821
Memory Access Rate (MAR)      : 78.21 accesses/sample_interval(100ms)
RSS (Resident Set Size)       : 1.04 GB


=========== ACTION : ENABLE TPT ===========

 METRIC 
Avg CPU Cycles (per interval) : 22154.60
EPT Cycles / Exec Cycles      : 0.2453
Memory Accesses (load+store)  : 7821
Memory Access Rate (MAR)      : 78.21 accesses/sample_interval(100ms)
RSS (Resident Set Size)       : 1.04 GB


=========== ACTION : ENABLE TPT ===========

 METRIC 
Avg CPU Cycles (per interval) : 21631.55
EPT Cycles / Exec Cycles      : 0.2364
Memory Accesses (load+store)  : 7821
Memory Access Rate (MAR)      : 78.21 accesses/sample_interval(100ms)
RSS (Resident Set Size)       : 1.04 GB


=========== ACTION : ENABLE TPT ===========

 METRIC 
Avg CPU Cycles (per interval) : 21041.15
EPT Cycles / Exec Cycles      : 0.2244
Memory Accesses (load+store)  : 7821
Memory Access Rate (MAR)      : 78.21 accesses/sample_interval(100ms)
RSS (Resident Set Size)       : 1.04 GB


=========== ACTION : ENABLE TPT ===========

 METRIC 
Avg CPU Cycles (per interval) : 20902.55
EPT Cycles / Exec Cycles      : 0.2215
Memory Accesses (load+store)  : 7821
Memory Access Rate (MAR)      : 78.21 accesses/sample_interval(100ms)
RSS (Resident Set Size)       : 1.04 GB


=========== ACTION : ENABLE TPT ===========

 METRIC 
Avg CPU Cycles (per interval) : 20454.40
EPT Cycles / Exec Cycles      : 0.2172
Memory Accesses (load+store)  : 7737
Memory Access Rate (MAR)      : 77.37 accesses/sample_interval(100ms)
RSS (Resident Set Size)       : 1.04 GB


=========== ACTION : ENABLE TPT ===========

 METRIC 
Avg CPU Cycles (per interval) : 20225.75
EPT Cycles / Exec Cycles      : 0.2079
Memory Accesses (load+store)  : 7821
Memory Access Rate (MAR)      : 78.21 accesses/sample_interval(100ms)
RSS (Resident Set Size)       : 1.04 GB


=========== ACTION : ENABLE TPT ===========

 METRIC 
Avg CPU Cycles (per interval) : 19525.50
EPT Cycles / Exec Cycles      : 0.1964
Memory Accesses (load+store)  : 7821
Memory Access Rate (MAR)      : 78.21 accesses/sample_interval(100ms)
RSS (Resident Set Size)       : 1.04 GB


=========== ACTION : ENABLE TPT ===========

 METRIC 
Avg CPU Cycles (per interval) : 19093.25
EPT Cycles / Exec Cycles      : 0.1885
Memory Accesses (load+store)  : 7821
Memory Access Rate (MAR)      : 78.21 accesses/sample_interval(100ms)
RSS (Resident Set Size)       : 1.04 GB


=========== ACTION : ENABLE TPT ===========

 METRIC 
Avg CPU Cycles (per interval) : 16621.25
EPT Cycles / Exec Cycles      : 0.1745
Memory Accesses (load+store)  : 6888
Memory Access Rate (MAR)      : 68.88 accesses/sample_interval(100ms)
RSS (Resident Set Size)       : 1.04 GB


=========== ACTION : ENABLE TPT ===========

 METRIC 
Avg CPU Cycles (per interval) : 17543.55
EPT Cycles / Exec Cycles      : 0.1510
Memory Accesses (load+store)  : 7813
Memory Access Rate (MAR)      : 78.13 accesses/sample_interval(100ms)
RSS (Resident Set Size)       : 1.04 GB


=========== ACTION : ENABLE TPT ===========

 METRIC 
Avg CPU Cycles (per interval) : 17225.95
EPT Cycles / Exec Cycles      : 0.1437
Memory Accesses (load+store)  : 7813
Memory Access Rate (MAR)      : 78.13 accesses/sample_interval(100ms)
RSS (Resident Set Size)       : 1.04 GB


=========== ACTION : ENABLE TPT ===========

 METRIC 
Avg CPU Cycles (per interval) : 16614.25
EPT Cycles / Exec Cycles      : 0.1272
Memory Accesses (load+store)  : 7813
Memory Access Rate (MAR)      : 78.13 accesses/sample_interval(100ms)
RSS (Resident Set Size)       : 1.04 GB


=========== ACTION : ENABLE TPT ===========

 METRIC 
Avg CPU Cycles (per interval) : 15960.35
EPT Cycles / Exec Cycles      : 0.1060
Memory Accesses (load+store)  : 7813
Memory Access Rate (MAR)      : 78.13 accesses/sample_interval(100ms)
RSS (Resident Set Size)       : 1.04 GB


=========== ACTION : ENABLE TPT ===========

 METRIC 
Avg CPU Cycles (per interval) : 15784.85
EPT Cycles / Exec Cycles      : 0.1009
Memory Accesses (load+store)  : 7813
Memory Access Rate (MAR)      : 78.13 accesses/sample_interval(100ms)
RSS (Resident Set Size)       : 1.04 GB


=========== ACTION : ENABLE TPT ===========

 METRIC 
Avg CPU Cycles (per interval) : 15595.70
EPT Cycles / Exec Cycles      : 0.0948
Memory Accesses (load+store)  : 7813
Memory Access Rate (MAR)      : 78.13 accesses/sample_interval(100ms)
RSS (Resident Set Size)       : 1.04 GB



 METRIC 
Avg CPU Cycles (per interval) : 15008.30
EPT Cycles / Exec Cycles      : 0.0749
Memory Accesses (load+store)  : 7813
Memory Access Rate (MAR)      : 78.13 accesses/sample_interval(100ms)
RSS (Resident Set Size)       : 1.04 GB



 METRIC 
Avg CPU Cycles (per interval) : 14672.95
EPT Cycles / Exec Cycles      : 0.0659
Memory Accesses (load+store)  : 7813
Memory Access Rate (MAR)      : 78.13 accesses/sample_interval(100ms)
RSS (Resident Set Size)       : 1.04 GB



 METRIC 
Avg CPU Cycles (per interval) : 14722.50
EPT Cycles / Exec Cycles      : 0.0655
Memory Accesses (load+store)  : 7813
Memory Access Rate (MAR)      : 78.13 accesses/sample_interval(100ms)
RSS (Resident Set Size)       : 1.04 GB



 METRIC 
Avg CPU Cycles (per interval) : 14921.30
EPT Cycles / Exec Cycles      : 0.0641
Memory Accesses (load+store)  : 7849
Memory Access Rate (MAR)      : 78.49 accesses/sample_interval(100ms)
RSS (Resident Set Size)       : 1.04 GB



 METRIC 
Avg CPU Cycles (per interval) : 14444.65
EPT Cycles / Exec Cycles      : 0.0504
Memory Accesses (load+store)  : 7813
Memory Access Rate (MAR)      : 78.13 accesses/sample_interval(100ms)
RSS (Resident Set Size)       : 1.04 GB



 METRIC 
Avg CPU Cycles (per interval) : 14432.80
EPT Cycles / Exec Cycles      : 0.0496
Memory Accesses (load+store)  : 7813
Memory Access Rate (MAR)      : 78.13 accesses/sample_interval(100ms)
RSS (Resident Set Size)       : 1.04 GB



 METRIC 
Avg CPU Cycles (per interval) : 14392.00
EPT Cycles / Exec Cycles      : 0.0481
Memory Accesses (load+store)  : 7813
Memory Access Rate (MAR)      : 78.13 accesses/sample_interval(100ms)
RSS (Resident Set Size)       : 1.04 GB



 METRIC 
Avg CPU Cycles (per interval) : 14332.15
EPT Cycles / Exec Cycles      : 0.0449
Memory Accesses (load+store)  : 7813
Memory Access Rate (MAR)      : 78.13 accesses/sample_interval(100ms)
RSS (Resident Set Size)       : 1.04 GB



 METRIC 
Avg CPU Cycles (per interval) : 14338.95
EPT Cycles / Exec Cycles      : 0.0448
Memory Accesses (load+store)  : 7813
Memory Access Rate (MAR)      : 78.13 accesses/sample_interval(100ms)
RSS (Resident Set Size)       : 1.04 GB



 METRIC 
Avg CPU Cycles (per interval) : 14331.05
EPT Cycles / Exec Cycles      : 0.0440
Memory Accesses (load+store)  : 7813
Memory Access Rate (MAR)      : 78.13 accesses/sample_interval(100ms)
RSS (Resident Set Size)       : 1.04 GB



 METRIC 
Avg CPU Cycles (per interval) : 14365.90
EPT Cycles / Exec Cycles      : 0.0428
Memory Accesses (load+store)  : 7813
Memory Access Rate (MAR)      : 78.13 accesses/sample_interval(100ms)
RSS (Resident Set Size)       : 1.04 GB



 METRIC 
Avg CPU Cycles (per interval) : 14395.45
EPT Cycles / Exec Cycles      : 0.0427
Memory Accesses (load+store)  : 7813
Memory Access Rate (MAR)      : 78.13 accesses/sample_interval(100ms)
RSS (Resident Set Size)       : 1.04 GB



 METRIC 
Avg CPU Cycles (per interval) : 14473.75
EPT Cycles / Exec Cycles      : 0.0430
Memory Accesses (load+store)  : 7813
Memory Access Rate (MAR)      : 78.13 accesses/sample_interval(100ms)
RSS (Resident Set Size)       : 1.04 GB



 METRIC 
Avg CPU Cycles (per interval) : 14419.90
EPT Cycles / Exec Cycles      : 0.0435
Memory Accesses (load+store)  : 7812
Memory Access Rate (MAR)      : 78.12 accesses/sample_interval(100ms)
RSS (Resident Set Size)       : 1.04 GB



 METRIC 
Avg CPU Cycles (per interval) : 14343.95
EPT Cycles / Exec Cycles      : 0.0420
Memory Accesses (load+store)  : 7812
Memory Access Rate (MAR)      : 78.12 accesses/sample_interval(100ms)
RSS (Resident Set Size)       : 1.04 GB



 METRIC 
Avg CPU Cycles (per interval) : 14331.15
EPT Cycles / Exec Cycles      : 0.0416
Memory Accesses (load+store)  : 7812
Memory Access Rate (MAR)      : 78.12 accesses/sample_interval(100ms)
RSS (Resident Set Size)       : 1.04 GB



 METRIC 
Avg CPU Cycles (per interval) : 14347.65
EPT Cycles / Exec Cycles      : 0.0423
Memory Accesses (load+store)  : 7812
Memory Access Rate (MAR)      : 78.12 accesses/sample_interval(100ms)
RSS (Resident Set Size)       : 1.04 GB



 METRIC 
Avg CPU Cycles (per interval) : 14338.65
EPT Cycles / Exec Cycles      : 0.0418
Memory Accesses (load+store)  : 7812
Memory Access Rate (MAR)      : 78.12 accesses/sample_interval(100ms)
RSS (Resident Set Size)       : 1.04 GB



 METRIC 
Avg CPU Cycles (per interval) : 14336.00
EPT Cycles / Exec Cycles      : 0.0418
Memory Accesses (load+store)  : 7812
Memory Access Rate (MAR)      : 78.12 accesses/sample_interval(100ms)
RSS (Resident Set Size)       : 1.04 GB



 METRIC 
Avg CPU Cycles (per interval) : 14328.75
EPT Cycles / Exec Cycles      : 0.0418
Memory Accesses (load+store)  : 7812
Memory Access Rate (MAR)      : 78.12 accesses/sample_interval(100ms)
RSS (Resident Set Size)       : 1.04 GB



 METRIC 
Avg CPU Cycles (per interval) : 14323.50
EPT Cycles / Exec Cycles      : 0.0413
Memory Accesses (load+store)  : 7812
Memory Access Rate (MAR)      : 78.12 accesses/sample_interval(100ms)
RSS (Resident Set Size)       : 1.04 GB



 METRIC 
Avg CPU Cycles (per interval) : 14327.35
EPT Cycles / Exec Cycles      : 0.0410
Memory Accesses (load+store)  : 7812
Memory Access Rate (MAR)      : 78.12 accesses/sample_interval(100ms)
RSS (Resident Set Size)       : 1.04 GB



 METRIC 
Avg CPU Cycles (per interval) : 14385.95
EPT Cycles / Exec Cycles      : 0.0419
Memory Accesses (load+store)  : 7812
Memory Access Rate (MAR)      : 78.12 accesses/sample_interval(100ms)
RSS (Resident Set Size)       : 1.04 GB



 METRIC 
Avg CPU Cycles (per interval) : 14437.55
EPT Cycles / Exec Cycles      : 0.0432
Memory Accesses (load+store)  : 7812
Memory Access Rate (MAR)      : 78.12 accesses/sample_interval(100ms)
RSS (Resident Set Size)       : 1.04 GB



 METRIC 
Avg CPU Cycles (per interval) : 14613.05
EPT Cycles / Exec Cycles      : 0.0502
Memory Accesses (load+store)  : 7812
Memory Access Rate (MAR)      : 78.12 accesses/sample_interval(100ms)
RSS (Resident Set Size)       : 1.04 GB



 METRIC 
Avg CPU Cycles (per interval) : 14633.20
EPT Cycles / Exec Cycles      : 0.0511
Memory Accesses (load+store)  : 7812
Memory Access Rate (MAR)      : 78.12 accesses/sample_interval(100ms)
RSS (Resident Set Size)       : 1.04 GB



 METRIC 
Avg CPU Cycles (per interval) : 14718.55
EPT Cycles / Exec Cycles      : 0.0528
Memory Accesses (load+store)  : 7812
Memory Access Rate (MAR)      : 78.12 accesses/sample_interval(100ms)
RSS (Resident Set Size)       : 1.04 GB



 METRIC 
Avg CPU Cycles (per interval) : 14769.20
EPT Cycles / Exec Cycles      : 0.0536
Memory Accesses (load+store)  : 7812
Memory Access Rate (MAR)      : 78.12 accesses/sample_interval(100ms)
RSS (Resident Set Size)       : 1.04 GB



 METRIC 
Avg CPU Cycles (per interval) : 14834.95
EPT Cycles / Exec Cycles      : 0.0548
Memory Accesses (load+store)  : 7812
Memory Access Rate (MAR)      : 78.12 accesses/sample_interval(100ms)
RSS (Resident Set Size)       : 1.04 GB



 METRIC 
Avg CPU Cycles (per interval) : 14874.15
EPT Cycles / Exec Cycles      : 0.0555
Memory Accesses (load+store)  : 7812
Memory Access Rate (MAR)      : 78.12 accesses/sample_interval(100ms)
RSS (Resident Set Size)       : 1.04 GB



 METRIC 
Avg CPU Cycles (per interval) : 14930.90
EPT Cycles / Exec Cycles      : 0.0567
Memory Accesses (load+store)  : 7812
Memory Access Rate (MAR)      : 78.12 accesses/sample_interval(100ms)
RSS (Resident Set Size)       : 1.04 GB



 METRIC 
Avg CPU Cycles (per interval) : 15008.45
EPT Cycles / Exec Cycles      : 0.0584
Memory Accesses (load+store)  : 7812
Memory Access Rate (MAR)      : 78.12 accesses/sample_interval(100ms)
RSS (Resident Set Size)       : 1.04 GB



 METRIC 
Avg CPU Cycles (per interval) : 14980.20
EPT Cycles / Exec Cycles      : 0.0581
Memory Accesses (load+store)  : 7812
Memory Access Rate (MAR)      : 78.12 accesses/sample_interval(100ms)
RSS (Resident Set Size)       : 1.04 GB



 METRIC 
Avg CPU Cycles (per interval) : 14894.30
EPT Cycles / Exec Cycles      : 0.0587
Memory Accesses (load+store)  : 7794
Memory Access Rate (MAR)      : 77.94 accesses/sample_interval(100ms)
RSS (Resident Set Size)       : 1.04 GB



 METRIC 
Avg CPU Cycles (per interval) : 15056.65
EPT Cycles / Exec Cycles      : 0.0635
Memory Accesses (load+store)  : 7794
Memory Access Rate (MAR)      : 77.94 accesses/sample_interval(100ms)
RSS (Resident Set Size)       : 1.04 GB



 METRIC 
Avg CPU Cycles (per interval) : 15092.55
EPT Cycles / Exec Cycles      : 0.0644
Memory Accesses (load+store)  : 7794
Memory Access Rate (MAR)      : 77.94 accesses/sample_interval(100ms)
RSS (Resident Set Size)       : 1.04 GB



 METRIC 
Avg CPU Cycles (per interval) : 15205.80
EPT Cycles / Exec Cycles      : 0.0657
Memory Accesses (load+store)  : 7794
Memory Access Rate (MAR)      : 77.94 accesses/sample_interval(100ms)
RSS (Resident Set Size)       : 1.04 GB



 METRIC 
Avg CPU Cycles (per interval) : 15293.35
EPT Cycles / Exec Cycles      : 0.0659
Memory Accesses (load+store)  : 7794
Memory Access Rate (MAR)      : 77.94 accesses/sample_interval(100ms)
RSS (Resident Set Size)       : 1.04 GB



 METRIC 
Avg CPU Cycles (per interval) : 15333.95
EPT Cycles / Exec Cycles      : 0.0663
Memory Accesses (load+store)  : 7794
Memory Access Rate (MAR)      : 77.94 accesses/sample_interval(100ms)
RSS (Resident Set Size)       : 1.04 GB



 METRIC 
Avg CPU Cycles (per interval) : 15358.95
EPT Cycles / Exec Cycles      : 0.0663
Memory Accesses (load+store)  : 7794
Memory Access Rate (MAR)      : 77.94 accesses/sample_interval(100ms)
RSS (Resident Set Size)       : 1.04 GB



 METRIC 
Avg CPU Cycles (per interval) : 15351.40
EPT Cycles / Exec Cycles      : 0.0666
Memory Accesses (load+store)  : 7794
Memory Access Rate (MAR)      : 77.94 accesses/sample_interval(100ms)
RSS (Resident Set Size)       : 1.04 GB



 METRIC 
Avg CPU Cycles (per interval) : 15350.55
EPT Cycles / Exec Cycles      : 0.0665
Memory Accesses (load+store)  : 7794
Memory Access Rate (MAR)      : 77.94 accesses/sample_interval(100ms)
RSS (Resident Set Size)       : 1.04 GB



 METRIC 
Avg CPU Cycles (per interval) : 15245.35
EPT Cycles / Exec Cycles      : 0.0657
Memory Accesses (load+store)  : 7794
Memory Access Rate (MAR)      : 77.94 accesses/sample_interval(100ms)
RSS (Resident Set Size)       : 1.04 GB



 METRIC 
Avg CPU Cycles (per interval) : 16364.30
EPT Cycles / Exec Cycles      : 0.0626
Memory Accesses (load+store)  : 8622
Memory Access Rate (MAR)      : 86.22 accesses/sample_interval(100ms)
RSS (Resident Set Size)       : 1.04 GB



 METRIC 
Avg CPU Cycles (per interval) : 14875.70
EPT Cycles / Exec Cycles      : 0.0574
Memory Accesses (load+store)  : 7776
Memory Access Rate (MAR)      : 77.76 accesses/sample_interval(100ms)
RSS (Resident Set Size)       : 1.04 GB



 METRIC 
Avg CPU Cycles (per interval) : 14852.40
EPT Cycles / Exec Cycles      : 0.0566
Memory Accesses (load+store)  : 7776
Memory Access Rate (MAR)      : 77.76 accesses/sample_interval(100ms)
RSS (Resident Set Size)       : 1.04 GB



 METRIC 
Avg CPU Cycles (per interval) : 14789.05
EPT Cycles / Exec Cycles      : 0.0560
Memory Accesses (load+store)  : 7776
Memory Access Rate (MAR)      : 77.76 accesses/sample_interval(100ms)
RSS (Resident Set Size)       : 1.04 GB



 METRIC 
Avg CPU Cycles (per interval) : 14768.05
EPT Cycles / Exec Cycles      : 0.0560
Memory Accesses (load+store)  : 7776
Memory Access Rate (MAR)      : 77.76 accesses/sample_interval(100ms)
RSS (Resident Set Size)       : 1.04 GB



 METRIC 
Avg CPU Cycles (per interval) : 14675.25
EPT Cycles / Exec Cycles      : 0.0545
Memory Accesses (load+store)  : 7776
Memory Access Rate (MAR)      : 77.76 accesses/sample_interval(100ms)
RSS (Resident Set Size)       : 1.04 GB



 METRIC 
Avg CPU Cycles (per interval) : 14777.35
EPT Cycles / Exec Cycles      : 0.0535
Memory Accesses (load+store)  : 7860
Memory Access Rate (MAR)      : 78.60 accesses/sample_interval(100ms)
RSS (Resident Set Size)       : 1.04 GB



 METRIC 
Avg CPU Cycles (per interval) : 14525.80
EPT Cycles / Exec Cycles      : 0.0526
Memory Accesses (load+store)  : 7776
Memory Access Rate (MAR)      : 77.76 accesses/sample_interval(100ms)
RSS (Resident Set Size)       : 1.04 GB



 METRIC 
Avg CPU Cycles (per interval) : 14462.25
EPT Cycles / Exec Cycles      : 0.0508
Memory Accesses (load+store)  : 7776
Memory Access Rate (MAR)      : 77.76 accesses/sample_interval(100ms)
RSS (Resident Set Size)       : 1.04 GB



 METRIC 
Avg CPU Cycles (per interval) : 14417.75
EPT Cycles / Exec Cycles      : 0.0512
Memory Accesses (load+store)  : 7776
Memory Access Rate (MAR)      : 77.76 accesses/sample_interval(100ms)
RSS (Resident Set Size)       : 1.04 GB



 METRIC 
Avg CPU Cycles (per interval) : 16055.95
EPT Cycles / Exec Cycles      : 0.0520
Memory Accesses (load+store)  : 8730
Memory Access Rate (MAR)      : 87.30 accesses/sample_interval(100ms)
RSS (Resident Set Size)       : 1.04 GB



 METRIC 
Avg CPU Cycles (per interval) : 14350.10
EPT Cycles / Exec Cycles      : 0.0460
Memory Accesses (load+store)  : 7804
Memory Access Rate (MAR)      : 78.04 accesses/sample_interval(100ms)
RSS (Resident Set Size)       : 1.04 GB



 METRIC 
Avg CPU Cycles (per interval) : 14292.50
EPT Cycles / Exec Cycles      : 0.0451
Memory Accesses (load+store)  : 7804
Memory Access Rate (MAR)      : 78.04 accesses/sample_interval(100ms)
RSS (Resident Set Size)       : 1.04 GB



 METRIC 
Avg CPU Cycles (per interval) : 14154.50
EPT Cycles / Exec Cycles      : 0.0436
Memory Accesses (load+store)  : 7804
Memory Access Rate (MAR)      : 78.04 accesses/sample_interval(100ms)
RSS (Resident Set Size)       : 1.04 GB



 METRIC 
Avg CPU Cycles (per interval) : 14062.55
EPT Cycles / Exec Cycles      : 0.0431
Memory Accesses (load+store)  : 7804
Memory Access Rate (MAR)      : 78.04 accesses/sample_interval(100ms)
RSS (Resident Set Size)       : 1.04 GB



 METRIC 
Avg CPU Cycles (per interval) : 14020.90
EPT Cycles / Exec Cycles      : 0.0427
Memory Accesses (load+store)  : 7804
Memory Access Rate (MAR)      : 78.04 accesses/sample_interval(100ms)
RSS (Resident Set Size)       : 1.04 GB



 METRIC 
Avg CPU Cycles (per interval) : 14155.05
EPT Cycles / Exec Cycles      : 0.0424
Memory Accesses (load+store)  : 7888
Memory Access Rate (MAR)      : 78.89 accesses/sample_interval(100ms)
RSS (Resident Set Size)       : 1.04 GB



 METRIC 
Avg CPU Cycles (per interval) : 13984.45
EPT Cycles / Exec Cycles      : 0.0416
Memory Accesses (load+store)  : 7804
Memory Access Rate (MAR)      : 78.04 accesses/sample_interval(100ms)
RSS (Resident Set Size)       : 1.04 GB



 METRIC 
Avg CPU Cycles (per interval) : 13947.95
EPT Cycles / Exec Cycles      : 0.0414
Memory Accesses (load+store)  : 7804
Memory Access Rate (MAR)      : 78.04 accesses/sample_interval(100ms)
RSS (Resident Set Size)       : 1.04 GB



 METRIC 
Avg CPU Cycles (per interval) : 13899.30
EPT Cycles / Exec Cycles      : 0.0407
Memory Accesses (load+store)  : 7804
Memory Access Rate (MAR)      : 78.04 accesses/sample_interval(100ms)
RSS (Resident Set Size)       : 1.04 GB



 METRIC 
Avg CPU Cycles (per interval) : 14449.20
EPT Cycles / Exec Cycles      : 0.0360
Memory Accesses (load+store)  : 7894
Memory Access Rate (MAR)      : 78.94 accesses/sample_interval(100ms)
RSS (Resident Set Size)       : 1.04 GB



 METRIC 
Avg CPU Cycles (per interval) : 14326.65
EPT Cycles / Exec Cycles      : 0.0364
Memory Accesses (load+store)  : 7813
Memory Access Rate (MAR)      : 78.13 accesses/sample_interval(100ms)
RSS (Resident Set Size)       : 1.04 GB



 METRIC 
Avg CPU Cycles (per interval) : 14334.25
EPT Cycles / Exec Cycles      : 0.0366
Memory Accesses (load+store)  : 7813
Memory Access Rate (MAR)      : 78.13 accesses/sample_interval(100ms)
RSS (Resident Set Size)       : 1.04 GB



 METRIC 
Avg CPU Cycles (per interval) : 14339.55
EPT Cycles / Exec Cycles      : 0.0370
Memory Accesses (load+store)  : 7813
Memory Access Rate (MAR)      : 78.13 accesses/sample_interval(100ms)
RSS (Resident Set Size)       : 1.04 GB



 METRIC 
Avg CPU Cycles (per interval) : 14345.20
EPT Cycles / Exec Cycles      : 0.0369
Memory Accesses (load+store)  : 7813
Memory Access Rate (MAR)      : 78.13 accesses/sample_interval(100ms)
RSS (Resident Set Size)       : 1.04 GB



 METRIC 
Avg CPU Cycles (per interval) : 14346.05
EPT Cycles / Exec Cycles      : 0.0370
Memory Accesses (load+store)  : 7813
Memory Access Rate (MAR)      : 78.13 accesses/sample_interval(100ms)
RSS (Resident Set Size)       : 1.04 GB



 METRIC 
Avg CPU Cycles (per interval) : 14346.60
EPT Cycles / Exec Cycles      : 0.0370
Memory Accesses (load+store)  : 7813
Memory Access Rate (MAR)      : 78.13 accesses/sample_interval(100ms)
RSS (Resident Set Size)       : 1.04 GB



 METRIC 
Avg CPU Cycles (per interval) : 14323.05
EPT Cycles / Exec Cycles      : 0.0367
Memory Accesses (load+store)  : 7813
Memory Access Rate (MAR)      : 78.13 accesses/sample_interval(100ms)
RSS (Resident Set Size)       : 1.04 GB



 METRIC 
Avg CPU Cycles (per interval) : 14308.70
EPT Cycles / Exec Cycles      : 0.0368
Memory Accesses (load+store)  : 7813
Memory Access Rate (MAR)      : 78.13 accesses/sample_interval(100ms)
RSS (Resident Set Size)       : 1.04 GB



 METRIC 
Avg CPU Cycles (per interval) : 14289.85
EPT Cycles / Exec Cycles      : 0.0364
Memory Accesses (load+store)  : 7813
Memory Access Rate (MAR)      : 78.13 accesses/sample_interval(100ms)
RSS (Resident Set Size)       : 1.04 GB



 METRIC 
Avg CPU Cycles (per interval) : 1244108.95
EPT Cycles / Exec Cycles      : 0.0593
Memory Accesses (load+store)  : 412776
Memory Access Rate (MAR)      : 4127.76 accesses/sample_interval(100ms)
RSS (Resident Set Size)       : 1.04 GB



 METRIC 
Avg CPU Cycles (per interval) : 8032114.85
EPT Cycles / Exec Cycles      : 0.0403
Memory Accesses (load+store)  : 2612031
Memory Access Rate (MAR)      : 26120.31 accesses/sample_interval(100ms)
RSS (Resident Set Size)       : 1.04 GB



 METRIC 
Avg CPU Cycles (per interval) : 14823979.05
EPT Cycles / Exec Cycles      : 0.0343
Memory Accesses (load+store)  : 4880395
Memory Access Rate (MAR)      : 48803.95 accesses/sample_interval(100ms)
RSS (Resident Set Size)       : 1.04 GB



 METRIC 
Avg CPU Cycles (per interval) : 21658830.35
EPT Cycles / Exec Cycles      : 0.0307
Memory Accesses (load+store)  : 7201149
Memory Access Rate (MAR)      : 72011.49 accesses/sample_interval(100ms)
RSS (Resident Set Size)       : 1.04 GB



 METRIC 
Avg CPU Cycles (per interval) : 28430351.40
EPT Cycles / Exec Cycles      : 0.0279
Memory Accesses (load+store)  : 9541034
Memory Access Rate (MAR)      : 95410.34 accesses/sample_interval(100ms)
RSS (Resident Set Size)       : 1.04 GB



 METRIC 
Avg CPU Cycles (per interval) : 35215988.40
EPT Cycles / Exec Cycles      : 0.0252
Memory Accesses (load+store)  : 11974034
Memory Access Rate (MAR)      : 119740.34 accesses/sample_interval(100ms)
RSS (Resident Set Size)       : 1.04 GB



 METRIC 
Avg CPU Cycles (per interval) : 42088227.20
EPT Cycles / Exec Cycles      : 0.0228
Memory Accesses (load+store)  : 14541593
Memory Access Rate (MAR)      : 145415.93 accesses/sample_interval(100ms)
RSS (Resident Set Size)       : 1.04 GB



 METRIC 
Avg CPU Cycles (per interval) : 45595613.40
EPT Cycles / Exec Cycles      : 0.0215
Memory Accesses (load+store)  : 15936504
Memory Access Rate (MAR)      : 159365.04 accesses/sample_interval(100ms)
RSS (Resident Set Size)       : 1.04 GB



 METRIC 
Avg CPU Cycles (per interval) : 45595825.10
EPT Cycles / Exec Cycles      : 0.0215
Memory Accesses (load+store)  : 15936504
Memory Access Rate (MAR)      : 159365.04 accesses/sample_interval(100ms)
RSS (Resident Set Size)       : 1.04 GB



 METRIC 
Avg CPU Cycles (per interval) : 45595976.00
EPT Cycles / Exec Cycles      : 0.0215
Memory Accesses (load+store)  : 15936504
Memory Access Rate (MAR)      : 159365.04 accesses/sample_interval(100ms)
RSS (Resident Set Size)       : 1.04 GB



 METRIC 
Avg CPU Cycles (per interval) : 46824981.45
EPT Cycles / Exec Cycles      : 0.0210
Memory Accesses (load+store)  : 16559869
Memory Access Rate (MAR)      : 165598.69 accesses/sample_interval(100ms)
RSS (Resident Set Size)       : 1.04 GB



 METRIC 
Avg CPU Cycles (per interval) : 53193625.80
EPT Cycles / Exec Cycles      : 0.0191
Memory Accesses (load+store)  : 19776829
Memory Access Rate (MAR)      : 197768.29 accesses/sample_interval(100ms)
RSS (Resident Set Size)       : 1.04 GB



 METRIC 
Avg CPU Cycles (per interval) : 59551417.55
EPT Cycles / Exec Cycles      : 0.0175
Memory Accesses (load+store)  : 22993332
Memory Access Rate (MAR)      : 229933.33 accesses/sample_interval(100ms)
RSS (Resident Set Size)       : 1.04 GB



 METRIC 
Avg CPU Cycles (per interval) : 65902320.90
EPT Cycles / Exec Cycles      : 0.0162
Memory Accesses (load+store)  : 26127871
Memory Access Rate (MAR)      : 261278.71 accesses/sample_interval(100ms)
RSS (Resident Set Size)       : 1.04 GB



 METRIC 
Avg CPU Cycles (per interval) : 72495286.75
EPT Cycles / Exec Cycles      : 0.0151
Memory Accesses (load+store)  : 29369862
Memory Access Rate (MAR)      : 293698.62 accesses/sample_interval(100ms)
RSS (Resident Set Size)       : 1.04 GB



 METRIC 
Avg CPU Cycles (per interval) : 79256468.20
EPT Cycles / Exec Cycles      : 0.0141
Memory Accesses (load+store)  : 32844045
Memory Access Rate (MAR)      : 328440.45 accesses/sample_interval(100ms)
RSS (Resident Set Size)       : 1.04 GB



 METRIC 
Avg CPU Cycles (per interval) : 86017451.70
EPT Cycles / Exec Cycles      : 0.0133
Memory Accesses (load+store)  : 36204642
Memory Access Rate (MAR)      : 362046.42 accesses/sample_interval(100ms)
RSS (Resident Set Size)       : 1.04 GB



 METRIC 
Avg CPU Cycles (per interval) : 93398334.35
EPT Cycles / Exec Cycles      : 0.0130
Memory Accesses (load+store)  : 39697567
Memory Access Rate (MAR)      : 396975.67 accesses/sample_interval(100ms)
RSS (Resident Set Size)       : 1.04 GB



 METRIC 
Avg CPU Cycles (per interval) : 97091064.25
EPT Cycles / Exec Cycles      : 0.0127
Memory Accesses (load+store)  : 41421900
Memory Access Rate (MAR)      : 414219.00 accesses/sample_interval(100ms)
RSS (Resident Set Size)       : 1.04 GB



 METRIC 
Avg CPU Cycles (per interval) : 97091108.35
EPT Cycles / Exec Cycles      : 0.0127
Memory Accesses (load+store)  : 41421900
Memory Access Rate (MAR)      : 414219.00 accesses/sample_interval(100ms)
RSS (Resident Set Size)       : 1.04 GB



 METRIC 
Avg CPU Cycles (per interval) : 95862408.80
EPT Cycles / Exec Cycles      : 0.0121
Memory Accesses (load+store)  : 41016951
Memory Access Rate (MAR)      : 410169.51 accesses/sample_interval(100ms)
RSS (Resident Set Size)       : 1.04 GB



 METRIC 
Avg CPU Cycles (per interval) : 89074462.10
EPT Cycles / Exec Cycles      : 0.0103
Memory Accesses (load+store)  : 38817696
Memory Access Rate (MAR)      : 388176.96 accesses/sample_interval(100ms)
RSS (Resident Set Size)       : 1.04 GB



 METRIC 
Avg CPU Cycles (per interval) : 82282625.30
EPT Cycles / Exec Cycles      : 0.0089
Memory Accesses (load+store)  : 36549332
Memory Access Rate (MAR)      : 365493.32 accesses/sample_interval(100ms)
RSS (Resident Set Size)       : 1.04 GB



 METRIC 
Avg CPU Cycles (per interval) : 75447847.20
EPT Cycles / Exec Cycles      : 0.0076
Memory Accesses (load+store)  : 34228578
Memory Access Rate (MAR)      : 342285.78 accesses/sample_interval(100ms)
RSS (Resident Set Size)       : 1.04 GB



 METRIC 
Avg CPU Cycles (per interval) : 68676379.15
EPT Cycles / Exec Cycles      : 0.0065
Memory Accesses (load+store)  : 31888693
Memory Access Rate (MAR)      : 318886.93 accesses/sample_interval(100ms)
RSS (Resident Set Size)       : 1.04 GB



 METRIC 
Avg CPU Cycles (per interval) : 61890761.40
EPT Cycles / Exec Cycles      : 0.0056
Memory Accesses (load+store)  : 29455693
Memory Access Rate (MAR)      : 294556.93 accesses/sample_interval(100ms)
RSS (Resident Set Size)       : 1.04 GB



 METRIC 
Avg CPU Cycles (per interval) : 55018539.50
EPT Cycles / Exec Cycles      : 0.0051
Memory Accesses (load+store)  : 26888134
Memory Access Rate (MAR)      : 268881.34 accesses/sample_interval(100ms)
RSS (Resident Set Size)       : 1.04 GB



 METRIC 
Avg CPU Cycles (per interval) : 51511179.90
EPT Cycles / Exec Cycles      : 0.0050
Memory Accesses (load+store)  : 25493223
Memory Access Rate (MAR)      : 254932.23 accesses/sample_interval(100ms)
RSS (Resident Set Size)       : 1.04 GB



 METRIC 
Avg CPU Cycles (per interval) : 51511016.65
EPT Cycles / Exec Cycles      : 0.0050
Memory Accesses (load+store)  : 25493223
Memory Access Rate (MAR)      : 254932.23 accesses/sample_interval(100ms)
RSS (Resident Set Size)       : 1.04 GB



 METRIC 
Avg CPU Cycles (per interval) : 51511033.35
EPT Cycles / Exec Cycles      : 0.0050
Memory Accesses (load+store)  : 25493223
Memory Access Rate (MAR)      : 254932.23 accesses/sample_interval(100ms)
RSS (Resident Set Size)       : 1.04 GB



 METRIC 
Avg CPU Cycles (per interval) : 50281672.45
EPT Cycles / Exec Cycles      : 0.0050
Memory Accesses (load+store)  : 24869666
Memory Access Rate (MAR)      : 248696.66 accesses/sample_interval(100ms)
RSS (Resident Set Size)       : 1.04 GB



 METRIC 
Avg CPU Cycles (per interval) : 43913404.00
EPT Cycles / Exec Cycles      : 0.0051
Memory Accesses (load+store)  : 21652880
Memory Access Rate (MAR)      : 216528.80 accesses/sample_interval(100ms)
RSS (Resident Set Size)       : 1.04 GB



 METRIC 
Avg CPU Cycles (per interval) : 37555632.55
EPT Cycles / Exec Cycles      : 0.0052
Memory Accesses (load+store)  : 18436377
Memory Access Rate (MAR)      : 184363.77 accesses/sample_interval(100ms)
RSS (Resident Set Size)       : 1.04 GB



 METRIC 
Avg CPU Cycles (per interval) : 31204738.85
EPT Cycles / Exec Cycles      : 0.0054
Memory Accesses (load+store)  : 15301838
Memory Access Rate (MAR)      : 153018.38 accesses/sample_interval(100ms)
RSS (Resident Set Size)       : 1.04 GB



 METRIC 
Avg CPU Cycles (per interval) : 24611799.85
EPT Cycles / Exec Cycles      : 0.0058
Memory Accesses (load+store)  : 12059847
Memory Access Rate (MAR)      : 120598.47 accesses/sample_interval(100ms)
RSS (Resident Set Size)       : 1.04 GB



 METRIC 
Avg CPU Cycles (per interval) : 17850627.85
EPT Cycles / Exec Cycles      : 0.0070
Memory Accesses (load+store)  : 8585664
Memory Access Rate (MAR)      : 85856.64 accesses/sample_interval(100ms)
RSS (Resident Set Size)       : 1.04 GB



 METRIC 
Avg CPU Cycles (per interval) : 11089510.95
EPT Cycles / Exec Cycles      : 0.0083
Memory Accesses (load+store)  : 5224983
Memory Access Rate (MAR)      : 52249.83 accesses/sample_interval(100ms)
RSS (Resident Set Size)       : 1.04 GB



 METRIC 
Avg CPU Cycles (per interval) : 3708800.55
EPT Cycles / Exec Cycles      : 0.0077
Memory Accesses (load+store)  : 1732142
Memory Access Rate (MAR)      : 17321.42 accesses/sample_interval(100ms)
RSS (Resident Set Size)       : 1.04 GB



 METRIC 
Avg CPU Cycles (per interval) : 16087.70
EPT Cycles / Exec Cycles      : 0.1067
Memory Accesses (load+store)  : 7810
Memory Access Rate (MAR)      : 78.09 accesses/sample_interval(100ms)
RSS (Resident Set Size)       : 1.04 GB


=========== ACTION : ENABLE TPT ===========

 METRIC 
Avg CPU Cycles (per interval) : 16063.45
EPT Cycles / Exec Cycles      : 0.1074
Memory Accesses (load+store)  : 7810
Memory Access Rate (MAR)      : 78.09 accesses/sample_interval(100ms)
RSS (Resident Set Size)       : 1.04 GB


=========== ACTION : ENABLE TPT ===========

 METRIC 
Avg CPU Cycles (per interval) : 15257.05
EPT Cycles / Exec Cycles      : 0.1070
Memory Accesses (load+store)  : 7612
Memory Access Rate (MAR)      : 76.12 accesses/sample_interval(100ms)
RSS (Resident Set Size)       : 1.04 GB


=========== ACTION : ENABLE TPT ===========

 METRIC 
Avg CPU Cycles (per interval) : 15433.65
EPT Cycles / Exec Cycles      : 0.1061
Memory Accesses (load+store)  : 7702
Memory Access Rate (MAR)      : 77.02 accesses/sample_interval(100ms)
RSS (Resident Set Size)       : 1.04 GB


=========== ACTION : ENABLE TPT ===========

 METRIC 
Avg CPU Cycles (per interval) : 15601.50
EPT Cycles / Exec Cycles      : 0.1056
Memory Accesses (load+store)  : 7787
Memory Access Rate (MAR)      : 77.87 accesses/sample_interval(100ms)
RSS (Resident Set Size)       : 1.04 GB


=========== ACTION : ENABLE TPT ===========

 METRIC 
Avg CPU Cycles (per interval) : 15558.80
EPT Cycles / Exec Cycles      : 0.1064
Memory Accesses (load+store)  : 7787
Memory Access Rate (MAR)      : 77.87 accesses/sample_interval(100ms)
RSS (Resident Set Size)       : 1.04 GB


=========== ACTION : ENABLE TPT ===========

 METRIC 
Avg CPU Cycles (per interval) : 15518.65
EPT Cycles / Exec Cycles      : 0.1071
Memory Accesses (load+store)  : 7787
Memory Access Rate (MAR)      : 77.87 accesses/sample_interval(100ms)
RSS (Resident Set Size)       : 1.04 GB


=========== ACTION : ENABLE TPT ===========

 METRIC 
Avg CPU Cycles (per interval) : 15519.05
EPT Cycles / Exec Cycles      : 0.1073
Memory Accesses (load+store)  : 7787
Memory Access Rate (MAR)      : 77.87 accesses/sample_interval(100ms)
RSS (Resident Set Size)       : 1.04 GB


=========== ACTION : ENABLE TPT ===========

 METRIC 
Avg CPU Cycles (per interval) : 15343.65
EPT Cycles / Exec Cycles      : 0.1077
Memory Accesses (load+store)  : 7702
Memory Access Rate (MAR)      : 77.03 accesses/sample_interval(100ms)
RSS (Resident Set Size)       : 1.04 GB


=========== ACTION : ENABLE TPT ===========

 METRIC 
Avg CPU Cycles (per interval) : 15536.20
EPT Cycles / Exec Cycles      : 0.1079
Memory Accesses (load+store)  : 7787
Memory Access Rate (MAR)      : 77.87 accesses/sample_interval(100ms)
RSS (Resident Set Size)       : 1.04 GB


=========== ACTION : ENABLE TPT ===========

 METRIC 
Avg CPU Cycles (per interval) : 15571.20
EPT Cycles / Exec Cycles      : 0.1095
Memory Accesses (load+store)  : 7787
Memory Access Rate (MAR)      : 77.87 accesses/sample_interval(100ms)
RSS (Resident Set Size)       : 1.04 GB


=========== ACTION : ENABLE TPT ===========

 METRIC 
Avg CPU Cycles (per interval) : 15414.40
EPT Cycles / Exec Cycles      : 0.1059
Memory Accesses (load+store)  : 7787
Memory Access Rate (MAR)      : 77.87 accesses/sample_interval(100ms)
RSS (Resident Set Size)       : 1.04 GB


=========== ACTION : ENABLE TPT ===========

 METRIC 
Avg CPU Cycles (per interval) : 15626.15
EPT Cycles / Exec Cycles      : 0.1051
Memory Accesses (load+store)  : 7813
Memory Access Rate (MAR)      : 78.13 accesses/sample_interval(100ms)
RSS (Resident Set Size)       : 1.04 GB


=========== ACTION : ENABLE TPT ===========

 METRIC 
Avg CPU Cycles (per interval) : 15481.65
EPT Cycles / Exec Cycles      : 0.1019
Memory Accesses (load+store)  : 7813
Memory Access Rate (MAR)      : 78.13 accesses/sample_interval(100ms)
RSS (Resident Set Size)       : 1.04 GB


=========== ACTION : ENABLE TPT ===========

 METRIC 
Avg CPU Cycles (per interval) : 15453.10
EPT Cycles / Exec Cycles      : 0.1015
Memory Accesses (load+store)  : 7813
Memory Access Rate (MAR)      : 78.13 accesses/sample_interval(100ms)
RSS (Resident Set Size)       : 1.04 GB


=========== ACTION : ENABLE TPT ===========

 METRIC 
Avg CPU Cycles (per interval) : 15428.60
EPT Cycles / Exec Cycles      : 0.0997
Memory Accesses (load+store)  : 7813
Memory Access Rate (MAR)      : 78.13 accesses/sample_interval(100ms)
RSS (Resident Set Size)       : 1.04 GB



 METRIC 
Avg CPU Cycles (per interval) : 15371.70
EPT Cycles / Exec Cycles      : 0.0984
Memory Accesses (load+store)  : 7813
Memory Access Rate (MAR)      : 78.13 accesses/sample_interval(100ms)
RSS (Resident Set Size)       : 1.04 GB



 METRIC 
Avg CPU Cycles (per interval) : 15363.65
EPT Cycles / Exec Cycles      : 0.0980
Memory Accesses (load+store)  : 7813
Memory Access Rate (MAR)      : 78.13 accesses/sample_interval(100ms)
RSS (Resident Set Size)       : 1.04 GB



 METRIC 
Avg CPU Cycles (per interval) : 15460.35
EPT Cycles / Exec Cycles      : 0.1001
Memory Accesses (load+store)  : 7813
Memory Access Rate (MAR)      : 78.13 accesses/sample_interval(100ms)
RSS (Resident Set Size)       : 1.04 GB


=========== ACTION : ENABLE TPT ===========

 METRIC 
Avg CPU Cycles (per interval) : 15530.40
EPT Cycles / Exec Cycles      : 0.1019
Memory Accesses (load+store)  : 7813
Memory Access Rate (MAR)      : 78.13 accesses/sample_interval(100ms)
RSS (Resident Set Size)       : 1.04 GB


=========== ACTION : ENABLE TPT ===========

 METRIC 
Avg CPU Cycles (per interval) : 15542.80
EPT Cycles / Exec Cycles      : 0.1022
Memory Accesses (load+store)  : 7813
Memory Access Rate (MAR)      : 78.13 accesses/sample_interval(100ms)
RSS (Resident Set Size)       : 1.04 GB


=========== ACTION : ENABLE TPT ===========

 METRIC 
Avg CPU Cycles (per interval) : 14945.00
EPT Cycles / Exec Cycles      : 0.1110
Memory Accesses (load+store)  : 7306
Memory Access Rate (MAR)      : 73.06 accesses/sample_interval(100ms)
RSS (Resident Set Size)       : 1.04 GB


=========== ACTION : ENABLE TPT ===========

 METRIC 
Avg CPU Cycles (per interval) : 15698.40
EPT Cycles / Exec Cycles      : 0.1056
Memory Accesses (load+store)  : 7821
Memory Access Rate (MAR)      : 78.21 accesses/sample_interval(100ms)
RSS (Resident Set Size)       : 1.04 GB


=========== ACTION : ENABLE TPT ===========

 METRIC 
Avg CPU Cycles (per interval) : 15676.20
EPT Cycles / Exec Cycles      : 0.1071
Memory Accesses (load+store)  : 7821
Memory Access Rate (MAR)      : 78.21 accesses/sample_interval(100ms)
RSS (Resident Set Size)       : 1.04 GB


=========== ACTION : ENABLE TPT ===========

 METRIC 
Avg CPU Cycles (per interval) : 15627.10
EPT Cycles / Exec Cycles      : 0.1070
Memory Accesses (load+store)  : 7821
Memory Access Rate (MAR)      : 78.21 accesses/sample_interval(100ms)
RSS (Resident Set Size)       : 1.04 GB


=========== ACTION : ENABLE TPT ===========

 METRIC 
Avg CPU Cycles (per interval) : 15615.35
EPT Cycles / Exec Cycles      : 0.1073
Memory Accesses (load+store)  : 7821
Memory Access Rate (MAR)      : 78.21 accesses/sample_interval(100ms)
RSS (Resident Set Size)       : 1.04 GB


=========== ACTION : ENABLE TPT ===========

 METRIC 
Avg CPU Cycles (per interval) : 15626.80
EPT Cycles / Exec Cycles      : 0.1077
Memory Accesses (load+store)  : 7821
Memory Access Rate (MAR)      : 78.21 accesses/sample_interval(100ms)
RSS (Resident Set Size)       : 1.04 GB


=========== ACTION : ENABLE TPT ===========

 METRIC 
Avg CPU Cycles (per interval) : 15623.55
EPT Cycles / Exec Cycles      : 0.1077
Memory Accesses (load+store)  : 7821
Memory Access Rate (MAR)      : 78.21 accesses/sample_interval(100ms)
RSS (Resident Set Size)       : 1.04 GB


=========== ACTION : ENABLE TPT ===========

 METRIC 
Avg CPU Cycles (per interval) : 15653.75
EPT Cycles / Exec Cycles      : 0.1083
Memory Accesses (load+store)  : 7821
Memory Access Rate (MAR)      : 78.21 accesses/sample_interval(100ms)
RSS (Resident Set Size)       : 1.04 GB


=========== ACTION : ENABLE TPT ===========

 METRIC 
Avg CPU Cycles (per interval) : 15601.85
EPT Cycles / Exec Cycles      : 0.1078
Memory Accesses (load+store)  : 7821
Memory Access Rate (MAR)      : 78.21 accesses/sample_interval(100ms)
RSS (Resident Set Size)       : 1.04 GB


=========== ACTION : ENABLE TPT ===========

 METRIC 
Avg CPU Cycles (per interval) : 15581.50
EPT Cycles / Exec Cycles      : 0.1071
Memory Accesses (load+store)  : 7821
Memory Access Rate (MAR)      : 78.21 accesses/sample_interval(100ms)
RSS (Resident Set Size)       : 1.04 GB


=========== ACTION : ENABLE TPT ===========

 METRIC 
Avg CPU Cycles (per interval) : 15594.60
EPT Cycles / Exec Cycles      : 0.1075
Memory Accesses (load+store)  : 7821
Memory Access Rate (MAR)      : 78.21 accesses/sample_interval(100ms)
RSS (Resident Set Size)       : 1.04 GB


=========== ACTION : ENABLE TPT ===========

 METRIC 
Avg CPU Cycles (per interval) : 15363.10
EPT Cycles / Exec Cycles      : 0.1077
Memory Accesses (load+store)  : 7737
Memory Access Rate (MAR)      : 77.37 accesses/sample_interval(100ms)
RSS (Resident Set Size)       : 1.04 GB


=========== ACTION : ENABLE TPT ===========

 METRIC 
Avg CPU Cycles (per interval) : 15704.40
EPT Cycles / Exec Cycles      : 0.1135
Memory Accesses (load+store)  : 7737
Memory Access Rate (MAR)      : 77.37 accesses/sample_interval(100ms)
RSS (Resident Set Size)       : 1.04 GB


=========== ACTION : ENABLE TPT ===========

 METRIC 
Avg CPU Cycles (per interval) : 15872.35
EPT Cycles / Exec Cycles      : 0.1135
Memory Accesses (load+store)  : 7821
Memory Access Rate (MAR)      : 78.21 accesses/sample_interval(100ms)
RSS (Resident Set Size)       : 1.04 GB


=========== ACTION : ENABLE TPT ===========

 METRIC 
Avg CPU Cycles (per interval) : 15934.25
EPT Cycles / Exec Cycles      : 0.1163
Memory Accesses (load+store)  : 7821
Memory Access Rate (MAR)      : 78.21 accesses/sample_interval(100ms)
RSS (Resident Set Size)       : 1.04 GB


=========== ACTION : ENABLE TPT ===========

 METRIC 
Avg CPU Cycles (per interval) : 15796.80
EPT Cycles / Exec Cycles      : 0.1177
Memory Accesses (load+store)  : 7736
Memory Access Rate (MAR)      : 77.36 accesses/sample_interval(100ms)
RSS (Resident Set Size)       : 1.04 GB


=========== ACTION : ENABLE TPT ===========

 METRIC 
Avg CPU Cycles (per interval) : 15961.45
EPT Cycles / Exec Cycles      : 0.1177
Memory Accesses (load+store)  : 7821
Memory Access Rate (MAR)      : 78.21 accesses/sample_interval(100ms)
RSS (Resident Set Size)       : 1.04 GB


=========== ACTION : ENABLE TPT ===========

 METRIC 
Avg CPU Cycles (per interval) : 15864.60
EPT Cycles / Exec Cycles      : 0.1153
Memory Accesses (load+store)  : 7821
Memory Access Rate (MAR)      : 78.21 accesses/sample_interval(100ms)
RSS (Resident Set Size)       : 1.04 GB


=========== ACTION : ENABLE TPT ===========

 METRIC 
Avg CPU Cycles (per interval) : 15960.20
EPT Cycles / Exec Cycles      : 0.1169
Memory Accesses (load+store)  : 7821
Memory Access Rate (MAR)      : 78.21 accesses/sample_interval(100ms)
RSS (Resident Set Size)       : 1.04 GB


=========== ACTION : ENABLE TPT ===========

 METRIC 
Avg CPU Cycles (per interval) : 15981.45
EPT Cycles / Exec Cycles      : 0.1166
Memory Accesses (load+store)  : 7821
Memory Access Rate (MAR)      : 78.21 accesses/sample_interval(100ms)
RSS (Resident Set Size)       : 1.04 GB


=========== ACTION : ENABLE TPT ===========

 METRIC 
Avg CPU Cycles (per interval) : 15630.90
EPT Cycles / Exec Cycles      : 0.1131
Memory Accesses (load+store)  : 7741
Memory Access Rate (MAR)      : 77.41 accesses/sample_interval(100ms)
RSS (Resident Set Size)       : 1.04 GB


=========== ACTION : ENABLE TPT ===========

 METRIC 
Avg CPU Cycles (per interval) : 15647.20
EPT Cycles / Exec Cycles      : 0.1187
Memory Accesses (load+store)  : 7737
Memory Access Rate (MAR)      : 77.37 accesses/sample_interval(100ms)
RSS (Resident Set Size)       : 1.04 GB


=========== ACTION : ENABLE TPT ===========

 METRIC 
Avg CPU Cycles (per interval) : 15857.20
EPT Cycles / Exec Cycles      : 0.1192
Memory Accesses (load+store)  : 7821
Memory Access Rate (MAR)      : 78.21 accesses/sample_interval(100ms)
RSS (Resident Set Size)       : 1.04 GB


=========== ACTION : ENABLE TPT ===========

 METRIC 
Avg CPU Cycles (per interval) : 15889.25
EPT Cycles / Exec Cycles      : 0.1197
Memory Accesses (load+store)  : 7821
Memory Access Rate (MAR)      : 78.21 accesses/sample_interval(100ms)
RSS (Resident Set Size)       : 1.04 GB


=========== ACTION : ENABLE TPT ===========

 METRIC 
Avg CPU Cycles (per interval) : 15786.50
EPT Cycles / Exec Cycles      : 0.1205
Memory Accesses (load+store)  : 7741
Memory Access Rate (MAR)      : 77.41 accesses/sample_interval(100ms)
RSS (Resident Set Size)       : 1.04 GB


=========== ACTION : ENABLE TPT ===========

 METRIC 
Avg CPU Cycles (per interval) : 15811.60
EPT Cycles / Exec Cycles      : 0.1194
Memory Accesses (load+store)  : 7736
Memory Access Rate (MAR)      : 77.36 accesses/sample_interval(100ms)
RSS (Resident Set Size)       : 1.04 GB


=========== ACTION : ENABLE TPT ===========

 METRIC 
Avg CPU Cycles (per interval) : 16069.60
EPT Cycles / Exec Cycles      : 0.1216
Memory Accesses (load+store)  : 7821
Memory Access Rate (MAR)      : 78.21 accesses/sample_interval(100ms)
RSS (Resident Set Size)       : 1.04 GB


=========== ACTION : ENABLE TPT ===========

 METRIC 
Avg CPU Cycles (per interval) : 15890.20
EPT Cycles / Exec Cycles      : 0.1220
Memory Accesses (load+store)  : 7737
Memory Access Rate (MAR)      : 77.37 accesses/sample_interval(100ms)
RSS (Resident Set Size)       : 1.04 GB


=========== ACTION : ENABLE TPT ===========

 METRIC 
Avg CPU Cycles (per interval) : 16146.05
EPT Cycles / Exec Cycles      : 0.1237
Memory Accesses (load+store)  : 7821
Memory Access Rate (MAR)      : 78.21 accesses/sample_interval(100ms)
RSS (Resident Set Size)       : 1.04 GB


=========== ACTION : ENABLE TPT ===========

 METRIC 
Avg CPU Cycles (per interval) : 16018.45
EPT Cycles / Exec Cycles      : 0.1251
Memory Accesses (load+store)  : 7737
Memory Access Rate (MAR)      : 77.37 accesses/sample_interval(100ms)
RSS (Resident Set Size)       : 1.04 GB


=========== ACTION : ENABLE TPT ===========

 METRIC 
Avg CPU Cycles (per interval) : 15255.00
EPT Cycles / Exec Cycles      : 0.1316
Memory Accesses (load+store)  : 7233
Memory Access Rate (MAR)      : 72.33 accesses/sample_interval(100ms)
RSS (Resident Set Size)       : 1.04 GB


=========== ACTION : ENABLE TPT ===========

 METRIC 
Avg CPU Cycles (per interval) : 16328.35
EPT Cycles / Exec Cycles      : 0.1317
Memory Accesses (load+store)  : 7821
Memory Access Rate (MAR)      : 78.21 accesses/sample_interval(100ms)
RSS (Resident Set Size)       : 1.04 GB


=========== ACTION : ENABLE TPT ===========

 METRIC 
Avg CPU Cycles (per interval) : 16105.30
EPT Cycles / Exec Cycles      : 0.1291
Memory Accesses (load+store)  : 7821
Memory Access Rate (MAR)      : 78.21 accesses/sample_interval(100ms)
RSS (Resident Set Size)       : 1.04 GB


=========== ACTION : ENABLE TPT ===========

 METRIC 
Avg CPU Cycles (per interval) : 16102.30
EPT Cycles / Exec Cycles      : 0.1289
Memory Accesses (load+store)  : 7821
Memory Access Rate (MAR)      : 78.21 accesses/sample_interval(100ms)
RSS (Resident Set Size)       : 1.04 GB


=========== ACTION : ENABLE TPT ===========

 METRIC 
Avg CPU Cycles (per interval) : 15941.45
EPT Cycles / Exec Cycles      : 0.1279
Memory Accesses (load+store)  : 7741
Memory Access Rate (MAR)      : 77.41 accesses/sample_interval(100ms)
RSS (Resident Set Size)       : 1.04 GB


=========== ACTION : ENABLE TPT ===========

 METRIC 
Avg CPU Cycles (per interval) : 16122.35
EPT Cycles / Exec Cycles      : 0.1276
Memory Accesses (load+store)  : 7821
Memory Access Rate (MAR)      : 78.21 accesses/sample_interval(100ms)
RSS (Resident Set Size)       : 1.04 GB


=========== ACTION : ENABLE TPT ===========

 METRIC 
Avg CPU Cycles (per interval) : 16125.90
EPT Cycles / Exec Cycles      : 0.1270
Memory Accesses (load+store)  : 7821
Memory Access Rate (MAR)      : 78.21 accesses/sample_interval(100ms)
RSS (Resident Set Size)       : 1.04 GB


=========== ACTION : ENABLE TPT ===========

 METRIC 
Avg CPU Cycles (per interval) : 15959.75
EPT Cycles / Exec Cycles      : 0.1275
Memory Accesses (load+store)  : 7737
Memory Access Rate (MAR)      : 77.37 accesses/sample_interval(100ms)
RSS (Resident Set Size)       : 1.04 GB


=========== ACTION : ENABLE TPT ===========

 METRIC 
Avg CPU Cycles (per interval) : 15990.00
EPT Cycles / Exec Cycles      : 0.1240
Memory Accesses (load+store)  : 7821
Memory Access Rate (MAR)      : 78.21 accesses/sample_interval(100ms)
RSS (Resident Set Size)       : 1.04 GB


=========== ACTION : ENABLE TPT ===========

 METRIC 
Avg CPU Cycles (per interval) : 15808.60
EPT Cycles / Exec Cycles      : 0.1242
Memory Accesses (load+store)  : 7736
Memory Access Rate (MAR)      : 77.36 accesses/sample_interval(100ms)
RSS (Resident Set Size)       : 1.04 GB


=========== ACTION : ENABLE TPT ===========

 METRIC 
Avg CPU Cycles (per interval) : 15986.35
EPT Cycles / Exec Cycles      : 0.1240
Memory Accesses (load+store)  : 7821
Memory Access Rate (MAR)      : 78.21 accesses/sample_interval(100ms)
RSS (Resident Set Size)       : 1.04 GB


=========== ACTION : ENABLE TPT ===========

 METRIC 
Avg CPU Cycles (per interval) : 15821.85
EPT Cycles / Exec Cycles      : 0.1156
Memory Accesses (load+store)  : 7813
Memory Access Rate (MAR)      : 78.13 accesses/sample_interval(100ms)
RSS (Resident Set Size)       : 1.04 GB


=========== ACTION : ENABLE TPT ===========

 METRIC 
Avg CPU Cycles (per interval) : 15796.65
EPT Cycles / Exec Cycles      : 0.1142
Memory Accesses (load+store)  : 7813
Memory Access Rate (MAR)      : 78.13 accesses/sample_interval(100ms)
RSS (Resident Set Size)       : 1.04 GB


=========== ACTION : ENABLE TPT ===========

 METRIC 
Avg CPU Cycles (per interval) : 15776.50
EPT Cycles / Exec Cycles      : 0.1133
Memory Accesses (load+store)  : 7813
Memory Access Rate (MAR)      : 78.13 accesses/sample_interval(100ms)
RSS (Resident Set Size)       : 1.04 GB


=========== ACTION : ENABLE TPT ===========

 METRIC 
Avg CPU Cycles (per interval) : 15741.35
EPT Cycles / Exec Cycles      : 0.1126
Memory Accesses (load+store)  : 7813
Memory Access Rate (MAR)      : 78.13 accesses/sample_interval(100ms)
RSS (Resident Set Size)       : 1.04 GB


=========== ACTION : ENABLE TPT ===========

 METRIC 
Avg CPU Cycles (per interval) : 15674.60
EPT Cycles / Exec Cycles      : 0.1121
Memory Accesses (load+store)  : 7813
Memory Access Rate (MAR)      : 78.13 accesses/sample_interval(100ms)
RSS (Resident Set Size)       : 1.04 GB


=========== ACTION : ENABLE TPT ===========

 METRIC 
Avg CPU Cycles (per interval) : 15542.35
EPT Cycles / Exec Cycles      : 0.1083
Memory Accesses (load+store)  : 7813
Memory Access Rate (MAR)      : 78.13 accesses/sample_interval(100ms)
RSS (Resident Set Size)       : 1.04 GB


=========== ACTION : ENABLE TPT ===========

 METRIC 
Avg CPU Cycles (per interval) : 15542.35
EPT Cycles / Exec Cycles      : 0.1083
Memory Accesses (load+store)  : 7813
Memory Access Rate (MAR)      : 78.13 accesses/sample_interval(100ms)
RSS (Resident Set Size)       : 1.04 GB


=========== ACTION : ENABLE TPT ===========

 METRIC 
Avg CPU Cycles (per interval) : 15454.50
EPT Cycles / Exec Cycles      : 0.1057
Memory Accesses (load+store)  : 7813
Memory Access Rate (MAR)      : 78.13 accesses/sample_interval(100ms)
RSS (Resident Set Size)       : 1.04 GB


=========== ACTION : ENABLE TPT ===========

 METRIC 
Avg CPU Cycles (per interval) : 15421.25
EPT Cycles / Exec Cycles      : 0.1049
Memory Accesses (load+store)  : 7813
Memory Access Rate (MAR)      : 78.13 accesses/sample_interval(100ms)
RSS (Resident Set Size)       : 1.04 GB


=========== ACTION : ENABLE TPT ===========

 METRIC 
Avg CPU Cycles (per interval) : 15448.00
EPT Cycles / Exec Cycles      : 0.1046
Memory Accesses (load+store)  : 7813
Memory Access Rate (MAR)      : 78.13 accesses/sample_interval(100ms)
RSS (Resident Set Size)       : 1.04 GB


=========== ACTION : ENABLE TPT ===========

 METRIC 
Avg CPU Cycles (per interval) : 15279.40
EPT Cycles / Exec Cycles      : 0.1025
Memory Accesses (load+store)  : 7786
Memory Access Rate (MAR)      : 77.86 accesses/sample_interval(100ms)
RSS (Resident Set Size)       : 1.04 GB


=========== ACTION : ENABLE TPT ===========

 METRIC 
Avg CPU Cycles (per interval) : 15250.25
EPT Cycles / Exec Cycles      : 0.1066
Memory Accesses (load+store)  : 7702
Memory Access Rate (MAR)      : 77.02 accesses/sample_interval(100ms)
RSS (Resident Set Size)       : 1.04 GB


=========== ACTION : ENABLE TPT ===========

 METRIC 
Avg CPU Cycles (per interval) : 15555.20
EPT Cycles / Exec Cycles      : 0.1098
Memory Accesses (load+store)  : 7786
Memory Access Rate (MAR)      : 77.86 accesses/sample_interval(100ms)
RSS (Resident Set Size)       : 1.04 GB


=========== ACTION : ENABLE TPT ===========

 METRIC 
Avg CPU Cycles (per interval) : 15719.90
EPT Cycles / Exec Cycles      : 0.1133
Memory Accesses (load+store)  : 7786
Memory Access Rate (MAR)      : 77.86 accesses/sample_interval(100ms)
RSS (Resident Set Size)       : 1.04 GB


=========== ACTION : ENABLE TPT ===========

 METRIC 
Avg CPU Cycles (per interval) : 15709.75
EPT Cycles / Exec Cycles      : 0.1168
Memory Accesses (load+store)  : 7702
Memory Access Rate (MAR)      : 77.02 accesses/sample_interval(100ms)
RSS (Resident Set Size)       : 1.04 GB


=========== ACTION : ENABLE TPT ===========

 METRIC 
Avg CPU Cycles (per interval) : 15810.25
EPT Cycles / Exec Cycles      : 0.1196
Memory Accesses (load+store)  : 7702
Memory Access Rate (MAR)      : 77.02 accesses/sample_interval(100ms)
RSS (Resident Set Size)       : 1.04 GB


=========== ACTION : ENABLE TPT ===========

 METRIC 
Avg CPU Cycles (per interval) : 16025.10
EPT Cycles / Exec Cycles      : 0.1199
Memory Accesses (load+store)  : 7786
Memory Access Rate (MAR)      : 77.86 accesses/sample_interval(100ms)
RSS (Resident Set Size)       : 1.04 GB


=========== ACTION : ENABLE TPT ===========

 METRIC 
Avg CPU Cycles (per interval) : 15853.25
EPT Cycles / Exec Cycles      : 0.1236
Memory Accesses (load+store)  : 7618
Memory Access Rate (MAR)      : 76.18 accesses/sample_interval(100ms)
RSS (Resident Set Size)       : 1.04 GB


=========== ACTION : ENABLE TPT ===========

 METRIC 
Avg CPU Cycles (per interval) : 16054.00
EPT Cycles / Exec Cycles      : 0.1232
Memory Accesses (load+store)  : 7702
Memory Access Rate (MAR)      : 77.02 accesses/sample_interval(100ms)
RSS (Resident Set Size)       : 1.04 GB


=========== ACTION : ENABLE TPT ===========

 METRIC 
Avg CPU Cycles (per interval) : 16066.75
EPT Cycles / Exec Cycles      : 0.1231
Memory Accesses (load+store)  : 7706
Memory Access Rate (MAR)      : 77.06 accesses/sample_interval(100ms)
RSS (Resident Set Size)       : 1.04 GB


=========== ACTION : ENABLE TPT ===========

 METRIC 
Avg CPU Cycles (per interval) : 16476.50
EPT Cycles / Exec Cycles      : 0.1344
Memory Accesses (load+store)  : 7714
Memory Access Rate (MAR)      : 77.14 accesses/sample_interval(100ms)
RSS (Resident Set Size)       : 1.04 GB


=========== ACTION : ENABLE TPT ===========

 METRIC 
Avg CPU Cycles (per interval) : 16648.75
EPT Cycles / Exec Cycles      : 0.1402
Memory Accesses (load+store)  : 7545
Memory Access Rate (MAR)      : 75.45 accesses/sample_interval(100ms)
RSS (Resident Set Size)       : 1.04 GB


=========== ACTION : ENABLE TPT ===========

 METRIC 
Avg CPU Cycles (per interval) : 17335.15
EPT Cycles / Exec Cycles      : 0.1428
Memory Accesses (load+store)  : 7709
Memory Access Rate (MAR)      : 77.09 accesses/sample_interval(100ms)
RSS (Resident Set Size)       : 1.04 GB


=========== ACTION : ENABLE TPT ===========

 METRIC 
Avg CPU Cycles (per interval) : 17326.65
EPT Cycles / Exec Cycles      : 0.1443
Memory Accesses (load+store)  : 7630
Memory Access Rate (MAR)      : 76.30 accesses/sample_interval(100ms)
RSS (Resident Set Size)       : 1.04 GB


=========== ACTION : ENABLE TPT ===========

 METRIC 
Avg CPU Cycles (per interval) : 17590.95
EPT Cycles / Exec Cycles      : 0.1473
Memory Accesses (load+store)  : 7630
Memory Access Rate (MAR)      : 76.30 accesses/sample_interval(100ms)
RSS (Resident Set Size)       : 1.04 GB


=========== ACTION : ENABLE TPT ===========

 METRIC 
Avg CPU Cycles (per interval) : 18863.25
EPT Cycles / Exec Cycles      : 0.1516
Memory Accesses (load+store)  : 7748
Memory Access Rate (MAR)      : 77.48 accesses/sample_interval(100ms)
RSS (Resident Set Size)       : 1.04 GB


=========== ACTION : ENABLE TPT ===========

 METRIC 
Avg CPU Cycles (per interval) : 19090.60
EPT Cycles / Exec Cycles      : 0.1509
Memory Accesses (load+store) Signal handled: Terminated.
 : 7833
Memory Access Rate (MAR)      : 78.33 accesses/sample_interval(100ms)
RSS (Resident Set Size)       : 1.04 GB


=========== ACTION : ENABLE TPT ===========

 METRIC 
Avg CPU Cycles (per interval) : 19091.80
EPT Cycles / Exec Cycles      : 0.1570
Memory Accesses (load+store)  : 7664
Memory Access Rate (MAR)      : 76.64 accesses/sample_interval(100ms)
RSS (Resident Set Size)       : 1.04 GB


=========== ACTION : ENABLE TPT ===========

 METRIC 
Avg CPU Cycles (per interval) : 19172.50
EPT Cycles / Exec Cycles      : 0.1600
Memory Accesses (load+store)  : 7580
Memory Access Rate (MAR)      : 75.80 accesses/sample_interval(100ms)
RSS (Resident Set Size)       : 1.04 GB


=========== ACTION : ENABLE TPT ===========

 METRIC 
Avg CPU Cycles (per interval) : 19793.65
EPT Cycles / Exec Cycles      : 0.1623
Memory Accesses (load+store)  : 7752
Memory Access Rate (MAR)      : 77.52 accesses/sample_interval(100ms)
RSS (Resident Set Size)       : 1.04 GB


=========== ACTION : ENABLE TPT ===========

 METRIC 
Avg CPU Cycles (per interval) : 28527.65
EPT Cycles / Exec Cycles      : 0.1993
Memory Accesses (load+store)  : 7916
Memory Access Rate (MAR)      : 79.16 accesses/sample_interval(100ms)
RSS (Resident Set Size)       : 0.00 GB


=========== ACTION : ENABLE TPT ===========
Average sampling overhead: 0.033 ms per sample
Average sampling overhead: 0.03% of the 100ms interval
