cycles,instructions,load_misses,store_misses,ept_walk_cycles
2348007,2606842,670297,356582,116771
208394,310877,82390,53802,439
119022,177644,47080,30744,264
59594,88822,23540,15372,138
59427,88822,23540,15372,136
59439,88822,23540,15372,141
29724,44411,11770,7686,68
29770,44411,11770,7686,74
29675,44411,11770,7686,50
29700,44411,11770,7686,72
114966,243761,47397,13745,4015
29995,44411,11770,7686,58
29722,44411,11770,7686,77
0,0,0,0,0
29880,44411,11770,7686,89
0,0,0,0,0
29784,44411,11770,7686,86
0,0,0,0,0
29820,44411,11770,7686,68
0,0,0,0,0
56597,78967,24702,10430,525
0,0,0,0,0
29826,44411,11770,7686,79
0,0,0,0,0
0,0,0,0,0
29783,44411,11770,7686,77
0,0,0,0,0
0,0,0,0,0
0,0,0,0,0
29798,44411,11770,7686,76
4371,1609,471,250,134
0,0,0,0,0
51004,77358,24231,10180,90
0,0,0,0,0
0,0,0,0,0
0,0,0,0,0
29937,44411,11770,7686,91
0,0,0,0,0
0,0,0,0,0
0,0,0,0,0
4034,1609,470,250,53
50856,77358,24231,10180,76
0,0,0,0,0
0,0,0,0,0
0,0,0,0,0
0,0,0,0,0
30700,44411,11770,7686,300
0,0,0,0,0
0,0,0,0,0
0,0,0,0,0
5151,1609,471,250,804
0,0,0,0,0
52721,77359,24236,10180,102
0,0,0,0,0
0,0,0,0,0
0,0,0,0,0
0,0,0,0,0
0,0,0,0,0
29861,44411,11770,7686,40
0,0,0,0,0
4602,1671,487,258,172
0,0,0,0,0
0,0,0,0,0
0,0,0,0,0
0,0,0,0,0
50326,77358,24231,10180,56
0,0,0,0,0
0,0,0,0,0
0,0,0,0,0
0,0,0,0,0
4063,1609,471,250,219
0,0,0,0,0
0,0,0,0,0
50251,77358,24231,10180,38
0,0,0,0,0
0,0,0,0,0
0,0,0,0,0
0,0,0,0,0
0,0,0,0,0
0,0,0,0,0
4387,1609,471,250,274
0,0,0,0,0
0,0,0,0,0
51384,77106,24168,10117,302
0,0,0,0,0
0,0,0,0,0
0,0,0,0,0
0,0,0,0,0
0,0,0,0,0
0,0,0,0,0
3976,1609,470,250,191
0,0,0,0,0
0,0,0,0,0
51389,77106,24168,10117,283
0,0,0,0,0
0,0,0,0,0
0,0,0,0,0
0,0,0,0,0
0,0,0,0,0
4046,1609,470,250,193
0,0,0,0,0
0,0,0,0,0
0,0,0,0,0
50510,77106,24168,10117,59
0,0,0,0,0
0,0,0,0,0
0,0,0,0,0
0,0,0,0,0
0,0,0,0,0
3648,1609,470,250,185
0,0,0,0,0
0,0,0,0,0
0,0,0,0,0
50120,77106,24168,10117,54
0,0,0,0,0
0,0,0,0,0
0,0,0,0,0
0,0,0,0,0
0,0,0,0,0
4282,1671,487,258,187
0,0,0,0,0
0,0,0,0,0
0,0,0,0,0
51035,77106,24168,10117,214
0,0,0,0,0
0,0,0,0,0
0,0,0,0,0
0,0,0,0,0
0,0,0,0,0
4258,1609,471,250,264
0,0,0,0,0
0,0,0,0,0
50907,77106,24168,10117,53
0,0,0,0,0
0,0,0,0,0
0,0,0,0,0
0,0,0,0,0
0,0,0,0,0
0,0,0,0,0
4068,1609,470,250,191
0,0,0,0,0
0,0,0,0,0
50112,77106,24168,10117,42
0,0,0,0,0
0,0,0,0,0
0,0,0,0,0
0,0,0,0,0
0,0,0,0,0
0,0,0,0,0
3599,1609,470,250,167
0,0,0,0,0
0,0,0,0,0
50374,77106,24168,10117,42
0,0,0,0,0
0,0,0,0,0
0,0,0,0,0
0,0,0,0,0
0,0,0,0,0
0,0,0,0,0
4179,1609,470,250,265
0,0,0,0,0
0,0,0,0,0
50792,77106,24168,10117,252
0,0,0,0,0
0,0,0,0,0
0,0,0,0,0
0,0,0,0,0
0,0,0,0,0
0,0,0,0,0
3660,1609,470,250,58
0,0,0,0,0
0,0,0,0,0
50537,77106,24168,10117,50
0,0,0,0,0
0,0,0,0,0
0,0,0,0,0
0,0,0,0,0
0,0,0,0,0
0,0,0,0,0
4305,1671,487,258,182
0,0,0,0,0
0,0,0,0,0
50332,77106,24168,10117,36
0,0,0,0,0
0,0,0,0,0
0,0,0,0,0
0,0,0,0,0
0,0,0,0,0
0,0,0,0,0
3885,1609,471,250,177
0,0,0,0,0
0,0,0,0,0
50318,77106,24168,10117,34
0,0,0,0,0
0,0,0,0,0
0,0,0,0,0
0,0,0,0,0
0,0,0,0,0
0,0,0,0,0
4115,1609,470,250,182
0,0,0,0,0
0,0,0,0,0
51037,77106,24168,10117,246
0,0,0,0,0
0,0,0,0,0
0,0,0,0,0
0,0,0,0,0
0,0,0,0,0
0,0,0,0,0
3775,1609,470,250,48
0,0,0,0,0
0,0,0,0,0
50561,77106,24168,10117,202
0,0,0,0,0
0,0,0,0,0
0,0,0,0,0
0,0,0,0,0
0,0,0,0,0
0,0,0,0,0
4032,1609,470,250,182
0,0,0,0,0
0,0,0,0,0
50503,77106,24168,10117,50
0,0,0,0,0
0,0,0,0,0
0,0,0,0,0
0,0,0,0,0
0,0,0,0,0
0,0,0,0,0
3943,1609,470,250,179
0,0,0,0,0
0,0,0,0,0
50780,77106,24168,10117,208
0,0,0,0,0
0,0,0,0,0
0,0,0,0,0
0,0,0,0,0
0,0,0,0,0
0,0,0,0,0
4329,1671,487,258,173
0,0,0,0,0
0,0,0,0,0
54503,77107,24176,10117,1787
0,0,0,0,0
0,0,0,0,0
0,0,0,0,0
0,0,0,0,0
0,0,0,0,0
0,0,0,0,0
4210,1609,470,250,170
0,0,0,0,0
0,0,0,0,0
51821,77106,24168,10117,601
0,0,0,0,0
0,0,0,0,0
0,0,0,0,0
0,0,0,0,0
0,0,0,0,0
0,0,0,0,0
3779,1609,470,250,41
0,0,0,0,0
0,0,0,0,0
50829,77106,24168,10117,34
0,0,0,0,0
0,0,0,0,0
0,0,0,0,0
0,0,0,0,0
0,0,0,0,0
0,0,0,0,0
3930,1609,470,250,177
0,0,0,0,0
0,0,0,0,0
50812,77106,24168,10117,59
0,0,0,0,0
0,0,0,0,0
0,0,0,0,0
0,0,0,0,0
0,0,0,0,0
0,0,0,0,0
4027,1609,470,250,184
0,0,0,0,0
0,0,0,0,0
51356,77106,24168,10117,96
0,0,0,0,0
0,0,0,0,0
0,0,0,0,0
0,0,0,0,0
0,0,0,0,0
0,0,0,0,0
4023,1609,470,250,178
0,0,0,0,0
0,0,0,0,0
51714,77106,24168,10117,71
0,0,0,0,0
0,0,0,0,0
0,0,0,0,0
0,0,0,0,0
0,0,0,0,0
0,0,0,0,0
4314,1671,487,258,183
0,0,0,0,0
0,0,0,0,0
53305,76791,24168,10117,42
0,0,0,0,0
0,0,0,0,0
0,0,0,0,0
0,0,0,0,0
0,0,0,0,0
0,0,0,0,0
3991,1609,470,250,157
0,0,0,0,0
0,0,0,0,0
53271,76791,24168,10117,34
0,0,0,0,0
0,0,0,0,0
0,0,0,0,0
0,0,0,0,0
0,0,0,0,0
0,0,0,0,0
4127,1609,471,250,171
0,0,0,0,0
0,0,0,0,0
51339,76791,24168,10117,67
0,0,0,0,0
0,0,0,0,0
0,0,0,0,0
0,0,0,0,0
0,0,0,0,0
0,0,0,0,0
3692,1609,470,250,39
0,0,0,0,0
0,0,0,0,0
53424,76791,24168,10117,202
0,0,0,0,0
0,0,0,0,0
0,0,0,0,0
0,0,0,0,0
0,0,0,0,0
0,0,0,0,0
4042,1609,471,250,182
0,0,0,0,0
0,0,0,0,0
50635,76791,24168,10117,56
0,0,0,0,0
0,0,0,0,0
0,0,0,0,0
0,0,0,0,0
0,0,0,0,0
0,0,0,0,0
4065,1609,471,250,174
0,0,0,0,0
0,0,0,0,0
50649,76791,24168,10117,58
0,0,0,0,0
0,0,0,0,0
0,0,0,0,0
0,0,0,0,0
0,0,0,0,0
0,0,0,0,0
4071,1671,487,258,30
0,0,0,0,0
0,0,0,0,0
50868,76791,24168,10117,73
0,0,0,0,0
0,0,0,0,0
0,0,0,0,0
0,0,0,0,0
0,0,0,0,0
0,0,0,0,0
3947,1609,471,250,170
0,0,0,0,0
0,0,0,0,0
50959,76791,24168,10117,202
0,0,0,0,0
0,0,0,0,0
0,0,0,0,0
0,0,0,0,0
0,0,0,0,0
0,0,0,0,0
3898,1609,470,250,190
0,0,0,0,0
50110,76791,24168,10117,74
0,0,0,0,0
0,0,0,0,0
0,0,0,0,0
0,0,0,0,0
0,0,0,0,0
0,0,0,0,0
0,0,0,0,0
4098,1609,471,250,244
0,0,0,0,0
50375,76791,24168,10117,74
0,0,0,0,0
0,0,0,0,0
0,0,0,0,0
0,0,0,0,0
0,0,0,0,0
0,0,0,0,0
4067,1609,470,250,176
0,0,0,0,0
0,0,0,0,0
52239,76791,24168,10117,1279
0,0,0,0,0
0,0,0,0,0
0,0,0,0,0
0,0,0,0,0
0,0,0,0,0
0,0,0,0,0
4316,1609,470,250,187
0,0,0,0,0
0,0,0,0,0
51608,76791,24168,10117,838
0,0,0,0,0
0,0,0,0,0
0,0,0,0,0
0,0,0,0,0
0,0,0,0,0
0,0,0,0,0
3700,1671,487,258,184
0,0,0,0,0
0,0,0,0,0
50804,76791,24168,10117,184
0,0,0,0,0
0,0,0,0,0
0,0,0,0,0
0,0,0,0,0
0,0,0,0,0
0,0,0,0,0
3968,1609,470,250,161
0,0,0,0,0
0,0,0,0,0
50353,76791,24168,10117,55
0,0,0,0,0
0,0,0,0,0
0,0,0,0,0
0,0,0,0,0
0,0,0,0,0
0,0,0,0,0
3936,1609,471,250,170
0,0,0,0,0
0,0,0,0,0
50714,76791,24168,10117,207
0,0,0,0,0
0,0,0,0,0
0,0,0,0,0
0,0,0,0,0
0,0,0,0,0
0,0,0,0,0
3836,1609,471,250,157
0,0,0,0,0
0,0,0,0,0
50325,76791,24168,10117,34
0,0,0,0,0
0,0,0,0,0
0,0,0,0,0
0,0,0,0,0
0,0,0,0,0
0,0,0,0,0
3331,1609,470,250,52
0,0,0,0,0
0,0,0,0,0
50484,76791,24168,10117,34
0,0,0,0,0
0,0,0,0,0
0,0,0,0,0
0,0,0,0,0
0,0,0,0,0
0,0,0,0,0
4873,1609,470,250,286
0,0,0,0,0
0,0,0,0,0
50346,76791,24168,10117,34
0,0,0,0,0
0,0,0,0,0
0,0,0,0,0
0,0,0,0,0
0,0,0,0,0
0,0,0,0,0
4229,1671,488,258,194
0,0,0,0,0
0,0,0,0,0
50388,76791,24168,10117,62
0,0,0,0,0
0,0,0,0,0
0,0,0,0,0
0,0,0,0,0
0,0,0,0,0
0,0,0,0,0
5537,1609,470,250,179
0,0,0,0,0
0,0,0,0,0
50467,76791,24168,10117,49
0,0,0,0,0
0,0,0,0,0
0,0,0,0,0
0,0,0,0,0
0,0,0,0,0
0,0,0,0,0
3996,1609,471,250,229
0,0,0,0,0
0,0,0,0,0
50073,76791,24168,10117,35
0,0,0,0,0
0,0,0,0,0
0,0,0,0,0
0,0,0,0,0
0,0,0,0,0
0,0,0,0,0
3962,1609,470,250,194
0,0,0,0,0
0,0,0,0,0
50166,76791,24168,10117,34
0,0,0,0,0
0,0,0,0,0
0,0,0,0,0
0,0,0,0,0
0,0,0,0,0
0,0,0,0,0
3790,1609,470,250,60
0,0,0,0,0
0,0,0,0,0
50719,76791,24168,10117,36
0,0,0,0,0
0,0,0,0,0
0,0,0,0,0
0,0,0,0,0
0,0,0,0,0
0,0,0,0,0
3886,1609,470,250,140
0,0,0,0,0
0,0,0,0,0
50613,76791,24168,10117,52
0,0,0,0,0
0,0,0,0,0
0,0,0,0,0
0,0,0,0,0
0,0,0,0,0
0,0,0,0,0
4804,1671,487,258,349
0,0,0,0,0
0,0,0,0,0
50514,76791,24168,10117,71
0,0,0,0,0
0,0,0,0,0
0,0,0,0,0
0,0,0,0,0
0,0,0,0,0
0,0,0,0,0
3894,1609,470,250,187
0,0,0,0,0
0,0,0,0,0
50428,76791,24168,10117,87
0,0,0,0,0
0,0,0,0,0
0,0,0,0,0
0,0,0,0,0
0,0,0,0,0
0,0,0,0,0
5422,1609,470,250,548
0,0,0,0,0
0,0,0,0,0
50660,76791,24168,10117,70
0,0,0,0,0
0,0,0,0,0
0,0,0,0,0
0,0,0,0,0
0,0,0,0,0
0,0,0,0,0
4617,1609,470,250,323
0,0,0,0,0
0,0,0,0,0
50923,76791,24168,10117,55
0,0,0,0,0
0,0,0,0,0
0,0,0,0,0
0,0,0,0,0
0,0,0,0,0
0,0,0,0,0
4478,1609,471,250,363
0,0,0,0,0
0,0,0,0,0
50548,76791,24168,10117,82
0,0,0,0,0
0,0,0,0,0
0,0,0,0,0
0,0,0,0,0
0,0,0,0,0
0,0,0,0,0
4315,1609,471,250,358
0,0,0,0,0
0,0,0,0,0
53533,76791,24168,10117,87
0,0,0,0,0
0,0,0,0,0
0,0,0,0,0
0,0,0,0,0
0,0,0,0,0
0,0,0,0,0
5071,1671,488,258,404
0,0,0,0,0
0,0,0,0,0
53136,76791,24168,10117,83
0,0,0,0,0
0,0,0,0,0
0,0,0,0,0
0,0,0,0,0
0,0,0,0,0
0,0,0,0,0
4466,1609,471,250,385
0,0,0,0,0
0,0,0,0,0
55750,76792,24176,10117,256
0,0,0,0,0
0,0,0,0,0
0,0,0,0,0
0,0,0,0,0
0,0,0,0,0
0,0,0,0,0
4064,1609,470,250,249
0,0,0,0,0
0,0,0,0,0
50814,76791,24168,10117,67
0,0,0,0,0
0,0,0,0,0
0,0,0,0,0
0,0,0,0,0
0,0,0,0,0
0,0,0,0,0
4352,1609,470,250,46
0,0,0,0,0
0,0,0,0,0
52684,76791,24168,10117,55
0,0,0,0,0
0,0,0,0,0
0,0,0,0,0
0,0,0,0,0
0,0,0,0,0
0,0,0,0,0
4202,1609,470,250,313
0,0,0,0,0
51247,76791,24168,10117,71
0,0,0,0,0
0,0,0,0,0
0,0,0,0,0
0,0,0,0,0
0,0,0,0,0
0,0,0,0,0
0,0,0,0,0
3644,1609,470,250,49
0,0,0,0,0
50460,76791,24168,10117,55
0,0,0,0,0
0,0,0,0,0
0,0,0,0,0
0,0,0,0,0
0,0,0,0,0
0,0,0,0,0
0,0,0,0,0
4131,1671,487,258,208
0,0,0,0,0
50482,76791,24168,10117,66
0,0,0,0,0
0,0,0,0,0
0,0,0,0,0
0,0,0,0,0
0,0,0,0,0
0,0,0,0,0
0,0,0,0,0
4179,1609,471,250,284
0,0,0,0,0
153997,183216,53106,31908,2186
0,0,0,0,0
0,0,0,0,0
0,0,0,0,0
0,0,0,0,0
0,0,0,0,0
0,0,0,0,0
0,0,0,0,0
4022,1609,471,250,210
0,0,0,0,0
103416,241900,46863,13432,214
0,0,0,0,0
0,0,0,0,0
0,0,0,0,0
0,0,0,0,0
0,0,0,0,0
0,0,0,0,0
0,0,0,0,0
3926,1609,471,250,185
0,0,0,0,0
50725,77106,24168,10117,77
0,0,0,0,0
0,0,0,0,0
0,0,0,0,0
0,0,0,0,0
0,0,0,0,0
0,0,0,0,0
0,0,0,0,0
4045,1609,470,250,240
0,0,0,0,0
50116,77106,24168,10117,71
0,0,0,0,0
0,0,0,0,0
0,0,0,0,0
0,0,0,0,0
0,0,0,0,0
0,0,0,0,0
0,0,0,0,0
4070,1609,471,250,247
0,0,0,0,0
50339,77106,24168,10117,59
0,0,0,0,0
0,0,0,0,0
0,0,0,0,0
0,0,0,0,0
0,0,0,0,0
0,0,0,0,0
4723,1671,487,258,238
0,0,0,0,0
0,0,0,0,0
52073,77106,24168,10117,1097
0,0,0,0,0
0,0,0,0,0
0,0,0,0,0
0,0,0,0,0
0,0,0,0,0
0,0,0,0,0
4467,1609,471,250,256
0,0,0,0,0
0,0,0,0,0
51257,77106,24168,10117,518
0,0,0,0,0
0,0,0,0,0
0,0,0,0,0
0,0,0,0,0
0,0,0,0,0
0,0,0,0,0
4651,1609,471,250,370
0,0,0,0,0
0,0,0,0,0
50486,77106,24168,10117,34
0,0,0,0,0
0,0,0,0,0
0,0,0,0,0
0,0,0,0,0
0,0,0,0,0
0,0,0,0,0
4107,1609,470,250,210
0,0,0,0,0
0,0,0,0,0
50187,77106,24168,10117,34
0,0,0,0,0
0,0,0,0,0
0,0,0,0,0
0,0,0,0,0
0,0,0,0,0
0,0,0,0,0
4073,1609,470,250,246
0,0,0,0,0
0,0,0,0,0
50634,77106,24168,10117,81
0,0,0,0,0
0,0,0,0,0
0,0,0,0,0
0,0,0,0,0
0,0,0,0,0
0,0,0,0,0
4172,1609,471,250,259
0,0,0,0,0
0,0,0,0,0
50605,77106,24168,10117,55
0,0,0,0,0
0,0,0,0,0
0,0,0,0,0
0,0,0,0,0
0,0,0,0,0
0,0,0,0,0
3949,1671,487,258,38
0,0,0,0,0
0,0,0,0,0
51107,77106,24168,10117,341
0,0,0,0,0
0,0,0,0,0
0,0,0,0,0
0,0,0,0,0
0,0,0,0,0
0,0,0,0,0
5621,1609,471,250,651
0,0,0,0,0
0,0,0,0,0
50383,77106,24168,10117,98
0,0,0,0,0
0,0,0,0,0
0,0,0,0,0
0,0,0,0,0
0,0,0,0,0
0,0,0,0,0
4939,1609,470,250,239
0,0,0,0,0
0,0,0,0,0
52727,77106,24168,10117,1412
0,0,0,0,0
0,0,0,0,0
0,0,0,0,0
0,0,0,0,0
0,0,0,0,0
0,0,0,0,0
4154,1609,471,250,260
0,0,0,0,0
0,0,0,0,0
51295,77106,24168,10117,573
0,0,0,0,0
0,0,0,0,0
0,0,0,0,0
0,0,0,0,0
0,0,0,0,0
0,0,0,0,0
4270,1609,470,250,326
0,0,0,0,0
0,0,0,0,0
50373,77106,24168,10117,106
0,0,0,0,0
0,0,0,0,0
0,0,0,0,0
0,0,0,0,0
0,0,0,0,0
0,0,0,0,0
4551,1609,470,250,248
0,0,0,0,0
0,0,0,0,0
50644,77106,24168,10117,56
0,0,0,0,0
0,0,0,0,0
0,0,0,0,0
0,0,0,0,0
0,0,0,0,0
0,0,0,0,0
4661,1671,487,258,249
0,0,0,0,0
0,0,0,0,0
50908,77106,24168,10117,247
0,0,0,0,0
0,0,0,0,0
0,0,0,0,0
0,0,0,0,0
0,0,0,0,0
0,0,0,0,0
4276,1609,471,250,200
0,0,0,0,0
0,0,0,0,0
50915,77106,24168,10117,57
0,0,0,0,0
0,0,0,0,0
0,0,0,0,0
0,0,0,0,0
0,0,0,0,0
0,0,0,0,0
4078,1609,470,250,221
0,0,0,0,0
0,0,0,0,0
50574,77106,24168,10117,49
0,0,0,0,0
0,0,0,0,0
0,0,0,0,0
0,0,0,0,0
0,0,0,0,0
0,0,0,0,0
4551,1609,470,250,396
0,0,0,0,0
0,0,0,0,0
50773,77106,24168,10117,349
0,0,0,0,0
0,0,0,0,0
0,0,0,0,0
0,0,0,0,0
0,0,0,0,0
0,0,0,0,0
4459,1609,471,250,338
0,0,0,0,0
0,0,0,0,0
50810,77106,24168,10117,82
0,0,0,0,0
0,0,0,0,0
0,0,0,0,0
0,0,0,0,0
0,0,0,0,0
0,0,0,0,0
3250,1609,470,250,68
0,0,0,0,0
0,0,0,0,0
51362,77106,24168,10117,76
0,0,0,0,0
0,0,0,0,0
0,0,0,0,0
0,0,0,0,0
0,0,0,0,0
0,0,0,0,0
4309,1671,488,258,250
0,0,0,0,0
0,0,0,0,0
52265,77106,24168,10117,34
0,0,0,0,0
0,0,0,0,0
0,0,0,0,0
0,0,0,0,0
0,0,0,0,0
0,0,0,0,0
3647,1609,470,250,54
0,0,0,0,0
0,0,0,0,0
51027,77106,24168,10117,44
0,0,0,0,0
0,0,0,0,0
0,0,0,0,0
0,0,0,0,0
0,0,0,0,0
0,0,0,0,0
4834,1609,470,250,76
0,0,0,0,0
0,0,0,0,0
51069,77106,24168,10117,81
0,0,0,0,0
0,0,0,0,0
0,0,0,0,0
0,0,0,0,0
0,0,0,0,0
0,0,0,0,0
4053,1609,471,250,219
0,0,0,0,0
0,0,0,0,0
52250,77106,24168,10117,66
0,0,0,0,0
0,0,0,0,0
0,0,0,0,0
0,0,0,0,0
0,0,0,0,0
0,0,0,0,0
3662,1609,470,250,68
0,0,0,0,0
0,0,0,0,0
50520,77106,24168,10117,34
0,0,0,0,0
0,0,0,0,0
0,0,0,0,0
0,0,0,0,0
0,0,0,0,0
0,0,0,0,0
3557,1609,470,250,54
0,0,0,0,0
0,0,0,0,0
50603,77106,24168,10117,34
0,0,0,0,0
0,0,0,0,0
0,0,0,0,0
0,0,0,0,0
0,0,0,0,0
0,0,0,0,0
4074,1671,487,258,74
0,0,0,0,0
0,0,0,0,0
50852,77106,24168,10117,84
0,0,0,0,0
0,0,0,0,0
0,0,0,0,0
0,0,0,0,0
0,0,0,0,0
0,0,0,0,0
3715,1609,470,250,70
0,0,0,0,0
0,0,0,0,0
50652,76791,24168,10117,66
0,0,0,0,0
0,0,0,0,0
0,0,0,0,0
0,0,0,0,0
0,0,0,0,0
0,0,0,0,0
3949,1609,470,250,194
0,0,0,0,0
0,0,0,0,0
50687,76791,24168,10117,70
0,0,0,0,0
0,0,0,0,0
0,0,0,0,0
0,0,0,0,0
0,0,0,0,0
0,0,0,0,0
4036,1609,471,250,207
0,0,0,0,0
0,0,0,0,0
50380,76791,24168,10117,55
0,0,0,0,0
0,0,0,0,0
0,0,0,0,0
0,0,0,0,0
0,0,0,0,0
0,0,0,0,0
6071,1609,471,250,1752
0,0,0,0,0
0,0,0,0,0
50373,76791,24168,10117,64
0,0,0,0,0
0,0,0,0,0
0,0,0,0,0
0,0,0,0,0
0,0,0,0,0
0,0,0,0,0
5257,1609,470,250,629
0,0,0,0,0
0,0,0,0,0
50814,76791,24168,10117,70
0,0,0,0,0
0,0,0,0,0
0,0,0,0,0
0,0,0,0,0
0,0,0,0,0
0,0,0,0,0
4355,1671,487,258,252
0,0,0,0,0
50656,76791,24168,10117,65
0,0,0,0,0
0,0,0,0,0
0,0,0,0,0
0,0,0,0,0
0,0,0,0,0
0,0,0,0,0
0,0,0,0,0
4919,1609,471,250,417
0,0,0,0,0
50256,76791,24168,10117,71
0,0,0,0,0
0,0,0,0,0
0,0,0,0,0
0,0,0,0,0
0,0,0,0,0
0,0,0,0,0
0,0,0,0,0
5024,1609,471,250,521
0,0,0,0,0
50795,76791,24168,10117,88
0,0,0,0,0
0,0,0,0,0
0,0,0,0,0
0,0,0,0,0
0,0,0,0,0
0,0,0,0,0
0,0,0,0,0
4292,1609,470,250,253
0,0,0,0,0
50623,76791,24168,10117,93
0,0,0,0,0
0,0,0,0,0
0,0,0,0,0
0,0,0,0,0
0,0,0,0,0
0,0,0,0,0
0,0,0,0,0
4103,1609,470,250,293
0,0,0,0,0
51018,76791,24174,10117,150
0,0,0,0,0
0,0,0,0,0
0,0,0,0,0
0,0,0,0,0
0,0,0,0,0
0,0,0,0,0
0,0,0,0,0
3751,1609,470,250,271
0,0,0,0,0
50488,76791,24168,10117,63
0,0,0,0,0
0,0,0,0,0
0,0,0,0,0
0,0,0,0,0
0,0,0,0,0
0,0,0,0,0
0,0,0,0,0
4478,1671,487,258,265
0,0,0,0,0
50948,76791,24168,10117,176
0,0,0,0,0
0,0,0,0,0
0,0,0,0,0
0,0,0,0,0
0,0,0,0,0
0,0,0,0,0
0,0,0,0,0
4373,1609,471,250,288
0,0,0,0,0
50479,76791,24168,10117,64
0,0,0,0,0
0,0,0,0,0
0,0,0,0,0
0,0,0,0,0
0,0,0,0,0
0,0,0,0,0
0,0,0,0,0
3521,1609,470,250,278
0,0,0,0,0
50032,76791,24168,10117,41
0,0,0,0,0
0,0,0,0,0
0,0,0,0,0
0,0,0,0,0
0,0,0,0,0
0,0,0,0,0
0,0,0,0,0
4729,1609,471,250,343
0,0,0,0,0
49910,76791,24168,10117,42
0,0,0,0,0
0,0,0,0,0
0,0,0,0,0
0,0,0,0,0
0,0,0,0,0
0,0,0,0,0
0,0,0,0,0
4193,1609,470,250,302
0,0,0,0,0
58957,76791,24176,10117,3320
0,0,0,0,0
0,0,0,0,0
0,0,0,0,0
0,0,0,0,0
0,0,0,0,0
0,0,0,0,0
0,0,0,0,0
4642,1609,471,250,303
0,0,0,0,0
54505,76791,24168,10117,2449
0,0,0,0,0
0,0,0,0,0
0,0,0,0,0
0,0,0,0,0
0,0,0,0,0
0,0,0,0,0
0,0,0,0,0
4474,1671,488,258,247
0,0,0,0,0
54269,76792,24176,10117,945
0,0,0,0,0
0,0,0,0,0
0,0,0,0,0
0,0,0,0,0
0,0,0,0,0
0,0,0,0,0
0,0,0,0,0
3765,1609,470,250,209
0,0,0,0,0
52621,76791,24168,10117,957
0,0,0,0,0
0,0,0,0,0
0,0,0,0,0
0,0,0,0,0
0,0,0,0,0
0,0,0,0,0
0,0,0,0,0
3860,1609,470,250,244
0,0,0,0,0
51627,76791,24168,10117,405
0,0,0,0,0
0,0,0,0,0
0,0,0,0,0
0,0,0,0,0
0,0,0,0,0
0,0,0,0,0
0,0,0,0,0
3733,1609,470,250,264
0,0,0,0,0
53476,76791,24168,10117,1329
0,0,0,0,0
0,0,0,0,0
0,0,0,0,0
0,0,0,0,0
0,0,0,0,0
0,0,0,0,0
0,0,0,0,0
4394,1609,471,250,216
0,0,0,0,0
51251,76791,24168,10117,330
0,0,0,0,0
0,0,0,0,0
0,0,0,0,0
0,0,0,0,0
0,0,0,0,0
0,0,0,0,0
0,0,0,0,0
3657,1609,470,250,45
0,0,0,0,0
54251,76791,24168,10117,233
0,0,0,0,0
0,0,0,0,0
0,0,0,0,0
0,0,0,0,0
0,0,0,0,0
0,0,0,0,0
4269,1671,487,258,173
0,0,0,0,0
0,0,0,0,0
54016,76791,24168,10117,392
0,0,0,0,0
0,0,0,0,0
0,0,0,0,0
0,0,0,0,0
0,0,0,0,0
0,0,0,0,0
3852,1609,471,250,171
0,0,0,0,0
0,0,0,0,0
53353,76791,24168,10117,217
0,0,0,0,0
0,0,0,0,0
0,0,0,0,0
0,0,0,0,0
0,0,0,0,0
0,0,0,0,0
4537,1609,470,250,429
0,0,0,0,0
0,0,0,0,0
51254,76791,24168,10117,34
0,0,0,0,0
0,0,0,0,0
0,0,0,0,0
0,0,0,0,0
0,0,0,0,0
0,0,0,0,0
3509,1609,470,250,28
0,0,0,0,0
0,0,0,0,0
52871,76791,24168,10117,69
0,0,0,0,0
0,0,0,0,0
0,0,0,0,0
0,0,0,0,0
0,0,0,0,0
0,0,0,0,0
4725,1609,471,250,301
0,0,0,0,0
0,0,0,0,0
50969,76791,24168,10117,53
0,0,0,0,0
0,0,0,0,0
0,0,0,0,0
0,0,0,0,0
0,0,0,0,0
0,0,0,0,0
3747,1609,470,250,35
0,0,0,0,0
0,0,0,0,0
50961,76791,24168,10117,50
0,0,0,0,0
0,0,0,0,0
0,0,0,0,0
0,0,0,0,0
0,0,0,0,0
0,0,0,0,0
3794,1671,487,258,40
0,0,0,0,0
0,0,0,0,0
50597,76791,24168,10117,34
0,0,0,0,0
0,0,0,0,0
0,0,0,0,0
0,0,0,0,0
0,0,0,0,0
0,0,0,0,0
7293,1609,471,250,986
0,0,0,0,0
0,0,0,0,0
52441,76791,24168,10117,735
0,0,0,0,0
0,0,0,0,0
0,0,0,0,0
0,0,0,0,0
0,0,0,0,0
0,0,0,0,0
4703,1609,471,250,225
0,0,0,0,0
0,0,0,0,0
51707,76791,24168,10117,568
0,0,0,0,0
0,0,0,0,0
0,0,0,0,0
0,0,0,0,0
0,0,0,0,0
0,0,0,0,0
5685,1609,470,250,469
0,0,0,0,0
0,0,0,0,0
51617,76791,24168,10117,410
0,0,0,0,0
0,0,0,0,0
0,0,0,0,0
0,0,0,0,0
0,0,0,0,0
0,0,0,0,0
4312,1609,471,250,257
0,0,0,0,0
50685,76791,24168,10117,52
0,0,0,0,0
0,0,0,0,0
0,0,0,0,0
0,0,0,0,0
0,0,0,0,0
0,0,0,0,0
0,0,0,0,0
4122,1609,471,250,230
0,0,0,0,0
50714,76791,24168,10117,99
0,0,0,0,0
0,0,0,0,0
0,0,0,0,0
0,0,0,0,0
0,0,0,0,0
0,0,0,0,0
0,0,0,0,0
5119,1671,487,258,267
0,0,0,0,0
51867,76791,24168,10117,565
0,0,0,0,0
0,0,0,0,0
0,0,0,0,0
0,0,0,0,0
0,0,0,0,0
0,0,0,0,0
0,0,0,0,0
3438,1609,471,250,190
0,0,0,0,0
51130,76791,24168,10117,317
0,0,0,0,0
0,0,0,0,0
0,0,0,0,0
0,0,0,0,0
0,0,0,0,0
0,0,0,0,0
0,0,0,0,0
4665,1609,471,250,264
0,0,0,0,0
51630,76791,24168,10117,347
0,0,0,0,0
0,0,0,0,0
0,0,0,0,0
0,0,0,0,0
0,0,0,0,0
0,0,0,0,0
0,0,0,0,0
4067,1609,471,250,231
0,0,0,0,0
50754,76791,24168,10117,72
0,0,0,0,0
0,0,0,0,0
0,0,0,0,0
0,0,0,0,0
0,0,0,0,0
0,0,0,0,0
0,0,0,0,0
4235,1609,471,250,288
0,0,0,0,0
50937,76791,24168,10117,72
0,0,0,0,0
0,0,0,0,0
0,0,0,0,0
0,0,0,0,0
0,0,0,0,0
0,0,0,0,0
0,0,0,0,0
4666,1609,471,250,258
0,0,0,0,0
50593,76791,24168,10117,65
0,0,0,0,0
0,0,0,0,0
0,0,0,0,0
0,0,0,0,0
0,0,0,0,0
0,0,0,0,0
0,0,0,0,0
4263,1671,487,258,230
0,0,0,0,0
50405,76791,24168,10117,54
0,0,0,0,0
0,0,0,0,0
0,0,0,0,0
0,0,0,0,0
0,0,0,0,0
0,0,0,0,0
0,0,0,0,0
3497,1609,471,250,171
0,0,0,0,0
50611,76791,24168,10117,70
0,0,0,0,0
0,0,0,0,0
0,0,0,0,0
0,0,0,0,0
0,0,0,0,0
0,0,0,0,0
0,0,0,0,0
4947,1609,471,250,533
0,0,0,0,0
53776,76791,24168,10117,1993
0,0,0,0,0
0,0,0,0,0
0,0,0,0,0
0,0,0,0,0
0,0,0,0,0
0,0,0,0,0
0,0,0,0,0
4925,1609,471,250,326
0,0,0,0,0
51251,76791,24168,10117,483
0,0,0,0,0
0,0,0,0,0
0,0,0,0,0
0,0,0,0,0
0,0,0,0,0
0,0,0,0,0
0,0,0,0,0
4035,1609,471,250,195
0,0,0,0,0
50785,76791,24168,10117,34
0,0,0,0,0
0,0,0,0,0
0,0,0,0,0
0,0,0,0,0
0,0,0,0,0
0,0,0,0,0
0,0,0,0,0
3967,1609,471,250,217
0,0,0,0,0
50599,76791,24168,10117,52
0,0,0,0,0
0,0,0,0,0
0,0,0,0,0
0,0,0,0,0
0,0,0,0,0
0,0,0,0,0
0,0,0,0,0
4829,1671,487,258,256
0,0,0,0,0
50924,76791,24168,10117,252
0,0,0,0,0
0,0,0,0,0
0,0,0,0,0
0,0,0,0,0
0,0,0,0,0
0,0,0,0,0
0,0,0,0,0
4148,1609,471,250,227
0,0,0,0,0
50940,76791,24168,10117,56
0,0,0,0,0
0,0,0,0,0
0,0,0,0,0
0,0,0,0,0
0,0,0,0,0
0,0,0,0,0
0,0,0,0,0
4070,1609,471,250,217
0,0,0,0,0
51028,76791,24168,10117,80
0,0,0,0,0
0,0,0,0,0
0,0,0,0,0
0,0,0,0,0
0,0,0,0,0
0,0,0,0,0
0,0,0,0,0
4434,1609,471,250,273
0,0,0,0,0
52920,76792,24173,10117,263
0,0,0,0,0
0,0,0,0,0
0,0,0,0,0
0,0,0,0,0
0,0,0,0,0
0,0,0,0,0
0,0,0,0,0
3996,1609,471,250,186
0,0,0,0,0
53629,76791,24168,10117,2067
0,0,0,0,0
0,0,0,0,0
0,0,0,0,0
0,0,0,0,0
0,0,0,0,0
0,0,0,0,0
0,0,0,0,0
4597,1609,471,250,177
0,0,0,0,0
55446,76791,24168,10117,1186
0,0,0,0,0
0,0,0,0,0
0,0,0,0,0
0,0,0,0,0
0,0,0,0,0
0,0,0,0,0
0,0,0,0,0
3696,1671,487,258,34
0,0,0,0,0
54463,76791,24168,10117,671
0,0,0,0,0
0,0,0,0,0
0,0,0,0,0
0,0,0,0,0
0,0,0,0,0
0,0,0,0,0
0,0,0,0,0
4230,1609,471,250,187
0,0,0,0,0
53324,76791,24168,10117,505
0,0,0,0,0
0,0,0,0,0
0,0,0,0,0
0,0,0,0,0
0,0,0,0,0
0,0,0,0,0
0,0,0,0,0
3757,1609,471,250,164
0,0,0,0,0
52788,76791,24168,10117,436
0,0,0,0,0
0,0,0,0,0
0,0,0,0,0
0,0,0,0,0
0,0,0,0,0
0,0,0,0,0
0,0,0,0,0
4311,1609,470,250,45
0,0,0,0,0
53405,76791,24168,10117,299
0,0,0,0,0
0,0,0,0,0
0,0,0,0,0
0,0,0,0,0
0,0,0,0,0
0,0,0,0,0
0,0,0,0,0
3879,1609,471,250,177
0,0,0,0,0
51091,76791,24168,10117,350
0,0,0,0,0
0,0,0,0,0
0,0,0,0,0
0,0,0,0,0
0,0,0,0,0
0,0,0,0,0
0,0,0,0,0
4148,1609,471,250,178
0,0,0,0,0
50906,76791,24168,10117,323
0,0,0,0,0
0,0,0,0,0
0,0,0,0,0
0,0,0,0,0
0,0,0,0,0
0,0,0,0,0
0,0,0,0,0
4460,1671,488,258,272
0,0,0,0,0
51431,76791,24168,10117,480
0,0,0,0,0
0,0,0,0,0
0,0,0,0,0
0,0,0,0,0
0,0,0,0,0
0,0,0,0,0
0,0,0,0,0
4930,1609,470,250,376
0,0,0,0,0
50854,76791,24168,10117,329
0,0,0,0,0
0,0,0,0,0
0,0,0,0,0
0,0,0,0,0
0,0,0,0,0
0,0,0,0,0
0,0,0,0,0
3907,1609,470,250,222
0,0,0,0,0
50551,76791,24168,10117,292
0,0,0,0,0
0,0,0,0,0
0,0,0,0,0
0,0,0,0,0
0,0,0,0,0
0,0,0,0,0
0,0,0,0,0
4079,1609,470,250,167
0,0,0,0,0
50723,76791,24168,10117,269
0,0,0,0,0
0,0,0,0,0
0,0,0,0,0
0,0,0,0,0
0,0,0,0,0
0,0,0,0,0
0,0,0,0,0
4017,1609,471,250,203
0,0,0,0,0
53147,76791,24168,10117,1604
0,0,0,0,0
0,0,0,0,0
0,0,0,0,0
0,0,0,0,0
0,0,0,0,0
0,0,0,0,0
0,0,0,0,0
4331,1609,470,250,200
0,0,0,0,0
50831,76791,24168,10117,277
0,0,0,0,0
0,0,0,0,0
0,0,0,0,0
0,0,0,0,0
0,0,0,0,0
0,0,0,0,0
0,0,0,0,0
4439,1671,487,258,214
0,0,0,0,0
50397,76791,24168,10117,48
0,0,0,0,0
0,0,0,0,0
0,0,0,0,0
0,0,0,0,0
0,0,0,0,0
0,0,0,0,0
0,0,0,0,0
4024,1609,470,250,204
0,0,0,0,0
49836,76791,24168,10117,48
0,0,0,0,0
0,0,0,0,0
0,0,0,0,0
0,0,0,0,0
0,0,0,0,0
0,0,0,0,0
0,0,0,0,0
3376,1609,470,250,180
0,0,0,0,0
50827,76791,24168,10117,68
0,0,0,0,0
0,0,0,0,0
0,0,0,0,0
0,0,0,0,0
0,0,0,0,0
0,0,0,0,0
0,0,0,0,0
4209,1609,470,250,265
0,0,0,0,0
50790,76791,24168,10117,85
0,0,0,0,0
0,0,0,0,0
0,0,0,0,0
0,0,0,0,0
0,0,0,0,0
0,0,0,0,0
0,0,0,0,0
3531,1609,470,250,182
0,0,0,0,0
51306,76791,24168,10117,511
0,0,0,0,0
0,0,0,0,0
0,0,0,0,0
0,0,0,0,0
0,0,0,0,0
0,0,0,0,0
0,0,0,0,0
5344,1609,471,250,858
0,0,0,0,0
51554,76791,24168,10117,452
0,0,0,0,0
0,0,0,0,0
0,0,0,0,0
0,0,0,0,0
0,0,0,0,0
0,0,0,0,0
0,0,0,0,0
4171,1671,488,258,212
0,0,0,0,0
51689,76791,24168,10117,472
0,0,0,0,0
0,0,0,0,0
0,0,0,0,0
0,0,0,0,0
0,0,0,0,0
0,0,0,0,0
0,0,0,0,0
3973,1609,471,250,270
51546,76791,24168,10117,416
0,0,0,0,0
0,0,0,0,0
0,0,0,0,0
0,0,0,0,0
0,0,0,0,0
0,0,0,0,0
0,0,0,0,0
3653,1609,471,250,169
0,0,0,0,0
50698,76791,24168,10117,264
0,0,0,0,0
0,0,0,0,0
0,0,0,0,0
0,0,0,0,0
0,0,0,0,0
0,0,0,0,0
0,0,0,0,0
4819,1609,471,250,418
0,0,0,0,0
51293,76791,24168,10117,460
0,0,0,0,0
0,0,0,0,0
0,0,0,0,0
0,0,0,0,0
0,0,0,0,0
0,0,0,0,0
0,0,0,0,0
4771,1609,471,250,446
0,0,0,0,0
51857,76791,24168,10117,772
0,0,0,0,0
0,0,0,0,0
0,0,0,0,0
0,0,0,0,0
0,0,0,0,0
0,0,0,0,0
0,0,0,0,0
4127,1609,471,250,179
0,0,0,0,0
51608,76791,24168,10117,355
0,0,0,0,0
0,0,0,0,0
0,0,0,0,0
0,0,0,0,0
0,0,0,0,0
0,0,0,0,0
0,0,0,0,0
4702,1671,487,258,252
0,0,0,0,0
51614,76791,24168,10117,475
0,0,0,0,0
0,0,0,0,0
0,0,0,0,0
0,0,0,0,0
0,0,0,0,0
0,0,0,0,0
0,0,0,0,0
5535,1609,471,250,278
0,0,0,0,0
55848,76791,24168,10117,3162
0,0,0,0,0
0,0,0,0,0
0,0,0,0,0
0,0,0,0,0
0,0,0,0,0
0,0,0,0,0
0,0,0,0,0
5447,1609,471,250,398
0,0,0,0,0
55266,76791,24168,10117,3261
0,0,0,0,0
0,0,0,0,0
0,0,0,0,0
0,0,0,0,0
0,0,0,0,0
0,0,0,0,0
0,0,0,0,0
4355,1609,470,250,232
0,0,0,0,0
52374,76791,24168,10117,1242
0,0,0,0,0
0,0,0,0,0
0,0,0,0,0
0,0,0,0,0
0,0,0,0,0
0,0,0,0,0
0,0,0,0,0
4485,1609,470,250,259
0,0,0,0,0
54481,76791,24168,10117,3259
0,0,0,0,0
0,0,0,0,0
0,0,0,0,0
0,0,0,0,0
0,0,0,0,0
0,0,0,0,0
0,0,0,0,0
8273,1609,471,250,2108
0,0,0,0,0
56511,76791,24168,10117,2941
0,0,0,0,0
0,0,0,0,0
0,0,0,0,0
0,0,0,0,0
0,0,0,0,0
105113502,142196433,32157145,20161224,2047401
127886301,181536425,40971396,24708002,2276428
122227055,171914550,38820168,23491787,3171742
131232641,177740178,40135817,24275176,4151832
137691468,180782981,40812773,24444981,5119131
135789666,166537739,37620251,22752598,5470872
140426242,174096919,39323451,23632825,6386170
135223898,157563198,35619544,21618143,6826721
136660057,158487802,35811919,21444889,7347784
139088902,153905650,34770254,21034213,7375960
139399163,152247346,34393819,20569722,8276373
144847226,153274734,34621129,20779777,8672493
158109711,156466323,35026933,20701491,11901268
223533290,192231909,41892723,24026090,20094054
316714153,341761599,75585302,43044398,16986787
221435155,241124082,53824808,31259169,14378066
176770008,195950358,45060339,26719071,11246675
181301254,200776715,46131678,27206713,11419783
166675897,166706941,38318595,22570262,10226635
175988210,177073075,40688087,24199326,11093020
177781034,189157984,43481871,25570136,11642230
178389713,178270138,41047490,24309543,11581264
225360745,235260393,52934537,30251861,13392467
215174515,181704781,39600083,22683545,22822626
250472357,186655992,40379588,22678411,24951324
228305366,168601184,36302904,20412376,22782753
172973941,163675846,36278672,21328146,13530381
145621826,159850178,36109263,21770031,8861856
165817501,180375602,40829551,24376114,9605770
173458150,167526163,38557498,22940348,10586762
178497120,173612296,39891087,23481525,10603857
173300416,166144232,38231921,22609009,10349460
278161057,282574329,63414679,36155390,15288476
176521443,162844858,36227480,21201757,15800089
199404700,172054800,38053003,22101193,18012886
173256759,170171618,37902103,22128506,14920218
207150917,172843419,37916788,21852805,19696352
196444739,178021414,39268601,22773422,18248719
179958815,167079374,36682267,21074750,18363282
180084377,173620008,38264391,22269212,17773418
200568585,187652890,41017681,23462334,20553578
189929890,180602483,40502292,23484086,14870685
207321625,178140418,40320321,23249226,15978603
196675725,181833941,41373917,23929474,14063774
202361967,176279759,40031921,23325120,14797257
190317279,187153489,42583733,24596385,14458634
186797592,175449124,39941857,23195224,13483604
220506093,194566882,44048822,25326803,17449666
195239258,175679641,39834214,23067939,14563819
232438785,188826373,42275440,23854417,20772072
199745291,194256548,44027993,25310876,14730739
216129643,210380925,47694742,27639022,17619150
211311404,201473633,44910827,25666708,17971010
194151144,188840136,42228070,24649730,16219029
214319975,206389399,46543815,26828546,18329859
203202136,206281990,46772301,27099674,15789245
226234273,208779259,46843888,26815367,21282817
210544695,217000405,48947390,28319463,17859323
184643792,172511681,39113227,22721601,13769035
163858666,173878634,39638788,23209006,11490269
173632221,177491173,40708810,23958000,9893464
170345449,171782276,39427049,23576919,9749174
188571117,221267789,50107486,29520297,10238114
138606791,164165231,37114302,22498881,9625497
140344292,168475537,38066893,22921248,9716409
169352717,182542152,41726126,24922533,10391060
173252706,195137738,44778827,26384547,10605451
168683907,190587078,43717024,25897915,9999737
180848054,201128178,46233165,27503352,11929604
184575521,210301482,48258460,28492224,12082315
180244837,201959712,46428734,27520536,12448865
179930366,202889313,46571222,27635250,12632349
212135308,248585077,56273163,32948433,12085700
137737044,161174525,36446136,22012352,10244497
144936002,166730697,37697070,22882153,10988005
148301191,174622685,39434623,23656397,11038539
155373316,178220801,40369489,24333342,11202872
162725117,184732077,42463826,25065066,11137021
180406996,198065891,45516260,26950035,12824507
173985117,190883026,43900691,26014919,12569341
181291536,193788923,44515754,26283029,12489522
176530151,196546709,45146159,26766882,12137049
264636088,283146829,63589209,36403948,18311355
170908504,171170174,38342796,22649693,16985318
178243891,182144448,40737801,23812327,17928995
179561053,179031248,40054964,23597229,18057980
180423364,179058037,39935515,23377166,18674665
182745287,176200297,39228959,22808944,19393036
156482046,164829166,36931991,21985315,14614810
200143817,201065828,44921506,25928963,19445109
184647138,188687366,42995174,25195476,15083459
194726526,194724401,44222568,25466842,18535709
204522631,207570615,47202608,27358600,18115345
212416241,205390543,46565843,26842835,21386584
205445243,200927720,45597894,26478330,19565793
215757130,209209147,47510573,27462397,20397408
204547782,206805459,47078753,27565985,17462661
197628270,199698329,45352230,26316453,17394517
191809284,186924922,42522951,24739412,16646381
200872612,200923347,45629269,26412840,18788228
191695141,179021901,40778648,23749773,16461205
201378538,198413798,44988136,26026738,18793626
208749602,205338042,46532054,27013762,19552434
223796921,205029653,46417292,26701233,21434137
203630908,196847854,44780624,26139317,18162807
203531866,198553582,45232059,26396793,18904560
221453188,201729435,45607907,26205662,22020376
227644282,197069380,44215025,25265058,24778139
195622711,178946920,40661226,23564311,17139492
208798648,189569286,42488758,24344794,22414517
158693266,155660237,34870681,20182754,16937896
182477759,179923381,40640332,23503267,17706833
234731290,227916143,50922824,29508456,20250809
198797394,175197276,38627811,22199136,22350693
188214229,173980879,38571767,22636602,20346426
193387316,189021130,42260900,24719101,18696666
201650318,191747314,43270633,24914667,20836630
209292017,207093119,46920460,27266700,20660262
197463118,200743892,45678120,26792482,17889059
225686356,212985307,47977921,27620488,24632477
219809125,210788641,47399990,27267117,24020825
187413675,207663518,47537499,27884426,13821358
222480265,255619408,57693843,33806262,13244124
144935360,169206420,38264789,23172079,12394896
149735676,173801401,39260211,23680436,12468045
152136729,176385472,39860455,24167406,12571249
144857879,171583879,38757853,23284557,11716067
166517192,185833560,42310223,25298353,12994318
180827991,197493245,45379963,26906441,14182888
183498418,197095383,45316681,26740323,13666003
177666853,185845002,42683061,25328744,13477582
167442054,186531221,42765137,25237905,11775084
225316083,259728887,58620936,34275964,12508239
137977643,150810948,34106837,20606766,11175728
139687796,150919975,34111703,20532384,11511493
137120255,145605573,32911250,20025554,11506171
140568241,151912022,34318487,20548766,11875537
131395034,142651883,32260488,19497043,10815611
148413079,169143748,38254530,23027736,12810555
160498569,172310208,39234860,23352589,12600409
171151008,164060662,37735955,22421659,12559530
177993008,170011200,39141992,23027191,12964090
254953435,214483334,49621996,27409609,17229120
275785486,223560999,51642336,28469948,17819087
267128521,218692001,50526677,27729139,17501376
285986143,236262428,54425646,29723843,17841777
278284559,222534640,51166400,27618077,17519529
281663570,227501126,52263482,28174959,16979543
284150820,237940666,54564282,29337686,17586597
277041431,231622845,53056364,28581191,16806781
279794955,227243499,51860318,27764243,16998066
269356217,216149268,49232110,26118838,17107588
280864742,218228161,49156972,25850662,19269991
234136317,198631780,44895305,23700167,18383279
257399567,202726269,45780416,23761249,19916297
258285561,221641131,50360258,26284456,22016279
269334062,247651669,56229954,29370362,22667107
267091656,238407540,53960373,27813173,21247570
264777029,218058570,49369336,25689879,19494439
263044761,230878024,51970132,26768859,22710284
271451876,254573662,57434054,29738819,22572209
283636578,266599514,59882453,30730431,22476266
324089397,311013166,68997709,35854886,22581425
234267864,245545288,53375738,26249747,20605984
235734376,252864381,54172806,25932627,21247890
240595931,283709034,59641381,27517470,20063949
240278517,291713248,59822989,26278588,21649418
249888776,295814589,60407994,26242269,23790195
234317669,283020493,58827092,26587413,17858798
252551342,278344199,58570904,26893118,23201812
263956956,315249064,65714348,29424199,20304991
282893832,334019105,69394069,30906271,21371901
326477756,388807427,79703387,36197645,19491194
191559099,177085843,40162377,22889379,23412404
196961620,179378578,40632080,23136756,23679976
189595116,177360049,40253540,23022309,22142876
189872759,176944604,40121260,22917713,21899711
173930767,174748128,39841130,23001406,18556858
186228524,182768921,41508061,23785631,20795405
200624832,197921623,45041472,25756694,20387190
207938072,202563915,46792586,26700426,19532257
216436108,187133351,42881885,24315462,18863840
248173161,224028118,50753439,28838379,17832040
179094212,176131958,39992871,22880872,19697056
176213429,174747227,39646226,22667781,19199497
193390816,179171164,40339336,22733719,23380745
178016654,158627479,35926294,20494201,19433576
179346150,159675616,36282107,20823514,18497206
170779444,136433640,31249606,17824386,16308460
204436576,173441744,40089262,22853078,16881442
204975120,183270726,42259257,24113586,18086562
222284846,203408404,46575161,26477732,15465327
221182267,93932669,19303695,8724273,32188718
227548725,59149551,11067284,3688815,35711384
230095576,59716952,11159215,3714760,35773310
228103797,59146419,11052786,3680115,35470655
228031184,59199834,11060787,3682130,35487683
228182512,59159035,11047367,3675601,35483564
228193169,59142714,11048724,3677907,36008067
191733754,49772271,9282695,3083624,29407480
125840,107094,32494,17045,13829
451323,525104,132627,69599,17887
5648838,6680100,1514817,847457,98311
141334841,161016560,36145521,20105577,726131
316980,341250,123462,58665,10872
172544,162376,61703,28877,10983
120460,112107,42661,19968,8276
108487,94869,36337,16964,9999
91509,75503,29102,13583,10869
112836,107489,38383,19034,7270
58364,50090,19022,8910,4796
1313599,1464032,346183,187692,40038
25134409,30872423,7035812,3960189,299930
143861532,156124996,34950883,19401045,892970
266496,275559,99355,47240,10507
151368,158155,60269,28182,3775
117051,119586,45775,21378,3974
86187,83261,32295,15035,2845
82302,84714,32602,15195,1915
88338,95687,34285,17083,1733
63739,62270,24168,11254,1577
2104203,2440217,558584,303499,28881
59540942,58327527,13086162,7259449,410025
76682248,93469035,21189049,11879795,431485
174896,176845,66995,31459,6223
116340,116007,44971,20943,2901
99500,95051,36883,17183,2980
90030,92662,33126,16546,2146
77273,76486,29328,13720,2533
58690,56605,21923,10203,1369
60521,58534,22878,10673,2055
705393,739526,181386,94519,29097
576941,650447,147297,78775,12786
1972529,2285663,517281,282202,46974
11273141,16047286,3489671,1867750,30706
102004,100106,35567,16956,4173
55894,53427,20738,9695,2461
66414,72011,25070,12787,1938
51430,49860,19443,9062,1883
44653,44430,17250,8032,1000
26056,26256,10266,4789,672
834427,950925,226621,119768,25585
1071518,1466095,332432,181981,19539
344519,524695,129727,72070,5898
315591,476691,116079,63346,3653
69939,68505,27618,13012,2643
42315,40408,16421,7725,1225
60738,66763,23962,12320,1441
36449,33232,13356,6316,1797
39733,37853,15344,7210,1661
42449,40736,16486,7746,1390
69693,72053,28333,9953,3931
29797,29740,12055,5665,573
41462,38615,15540,7327,1176
32479,29646,12047,5664,1101
23136,21681,8774,4120,700
37351,35001,14232,6695,1287
33730,39556,12955,7148,571
30848,29656,12047,5664,803
28165,26992,10953,5150,709
21566,21562,8759,4119,413
45898,53112,20654,6348,1652
29945,29818,12063,5665,693
26235,24242,9854,4635,1034
19009,18884,7666,3604,526
14270,13506,5478,2575,276
28167,26979,10955,5150,940
27799,34109,10759,6118,294
21516,18838,7660,3604,1398
15498,13507,5478,2575,428
28892,27881,11174,5286,1036
51614,56427,21893,6919,2805
2799,2692,1095,515,49
18286,16100,6562,3090,350
19577,18887,7668,3604,366
20818,18987,7678,3605,640
15659,13506,5478,2575,704
27990,34032,10747,6117,507
17850,16115,6565,3089,533
18343,16199,6574,3090,935
20071,18923,7672,3604,774
48688,47849,18474,5318,1354
11698,10771,4380,2060,522
6252,5358,2187,1030,131
8584,8080,3283,1544,175
25810,24339,9866,4635,621
14380,13475,5474,2574,445
33227,39487,12944,7147,395
10543,8021,3279,1544,893
6329,5439,2196,1030,135
5939,5399,2191,1029,112
42074,45111,17375,4803,2259
22618,21591,8763,4120,618
22820,21620,8767,4120,453
8437,8065,3283,1544,152
2772,2658,1092,515,50
9475,8145,3291,1544,415
21783,28638,8558,5087,180
11693,10806,4381,2059,385
19645,18900,7669,3605,427
22916,21528,8758,4119,668
38318,42528,16301,4295,1008
8424,8049,3282,1544,172
0,0,0,0,0
9296,8127,3290,1544,161
5845,5436,2194,1030,105
6315,5389,2189,1029,130
38773,44818,15128,8177,467
26104,21517,8756,4119,1900
5845,5482,2200,1030,101
6405,5409,2192,1029,198
37642,42343,16272,4287,2065
3940,2699,1096,514,346
6125,5430,2195,1030,320
12822,10808,4381,2057,381
6120,5366,2186,1030,131
8890,8078,3283,1543,346
41633,47506,16220,8684,762
12676,10744,4374,2056,554
2733,2777,1103,514,49
6143,5405,2191,1028,131
37826,42749,16394,4342,1684
6567,5371,2189,1028,250
2910,2750,1100,514,60
11847,10804,4380,2056,233
5489,5358,2184,1028,104
9353,8074,3282,1542,261
41203,47506,16220,8684,588
13590,10744,4374,2056,1293
2932,2777,1103,514,60
6124,5405,2191,1028,188
39860,42749,16393,4342,2201
6157,5371,2189,1028,127
3017,2750,1100,514,60
11897,10804,4380,2056,245
5592,5358,2184,1028,125
9060,8074,3282,1542,192
42064,47506,16220,8684,643
12557,10744,4374,2056,687
2921,2777,1103,514,55
5464,5405,2191,1028,106
36433,42749,16393,4342,1391
6313,5371,2189,1028,127
2848,2750,1100,514,51
11895,10804,4380,2056,239
5604,5358,2184,1028,107
9024,8074,3282,1542,177
41279,47506,16220,8684,623
12684,10744,4374,2056,655
2939,2777,1103,514,50
6353,5405,2191,1028,340
35821,42339,16270,4286,2135
6147,5371,2189,1028,126
2856,2750,1100,514,50
14281,13501,5474,2570,284
3259,2661,1090,514,467
8292,8074,3282,1542,161
41867,47506,16220,8684,917
12371,10744,4374,2056,434
2779,2777,1103,514,65
5504,5405,2191,1028,101
35891,42406,16287,4294,1682
6114,5371,2189,1028,127
2944,2750,1100,514,60
14836,13501,5474,2570,298
2823,2661,1090,514,75
8402,8074,3282,1542,184
41503,47506,16220,8684,640
13392,10744,4374,2056,1028
5655,5494,2201,1028,128
2645,2688,1093,514,53
35599,42344,16270,4286,1922
6063,5371,2189,1028,126
2757,2750,1100,514,50
14402,13501,5474,2570,272
2767,2661,1090,514,50
11587,10798,4380,2056,232
38346,44782,15122,8170,766
11533,10744,4374,2056,412
8957,8182,3294,1542,176
30236,37403,14208,3314,1241
5709,5351,2185,1028,122
5579,5371,2189,1028,110
3324,2750,1100,514,84
14204,13501,5474,2570,296
2652,2661,1090,514,50
12377,10798,4380,2056,510
40738,47470,16215,8684,853
10218,8056,3281,1542,731
8931,8182,3294,1542,186
29588,36993,14085,3258,1864
5897,5351,2185,1028,116
5693,5371,2189,1028,100
3655,2750,1100,514,222
14437,13501,5474,2570,380
3297,2661,1090,514,80
11142,10798,4380,2056,204
43514,47470,16215,8684,1151
9078,8056,3281,1542,298
8891,8182,3294,1542,183
28867,36993,14086,3258,1088
6475,5351,2185,1028,441
9014,8121,3289,1542,153
0,0,0,0,0
14801,13501,5474,2570,381
3469,2661,1090,514,174
14273,13497,5476,2570,263
39562,44771,15119,8170,694
9942,8056,3281,1542,432
9465,8182,3294,1542,390
29415,36993,14085,3258,1639
6452,5351,2185,1028,132
8610,8121,3289,1542,168
0,0,0,0,0
14851,13501,5474,2570,419
3224,2661,1090,514,69
14092,13497,5476,2570,283
40093,44771,15119,8170,975
8430,8056,3281,1542,150
9009,8182,3294,1542,183
28162,37060,14102,3266,961
6302,5351,2185,1028,139
8173,8121,3289,1542,160
0,0,0,0,0
14736,13501,5474,2570,324
2810,2661,1090,514,60
14550,13497,5476,2570,288
40955,47452,16213,8684,544
7266,5375,2187,1028,518
8853,8182,3294,1542,179
29263,36998,14085,3258,1439
5962,5351,2185,1028,119
8976,8121,3289,1542,156
0,0,0,0,0
14241,13501,5474,2570,273
6193,5342,2184,1028,129
11243,10816,4382,2056,213
41464,47452,16213,8684,538
5544,5375,2187,1028,110
8869,8182,3294,1542,180
31898,39652,15176,3772,1024
2804,2697,1094,514,46
8969,8121,3289,1542,176
0,0,0,0,0
15292,13501,5474,2570,377
6518,5342,2184,1028,209
11193,10816,4382,2056,203
41441,47452,16213,8684,704
10237,8152,3290,1542,1009
6058,5405,2191,1028,110
32050,39647,15176,3772,1289
2727,2697,1094,514,52
8952,8121,3289,1542,181
3370,2759,1101,514,74
11010,10742,4373,2056,206
6051,5342,2184,1028,130
14526,13477,5472,2570,268
39173,44791,15123,8170,1427
8940,8152,3290,1542,298
5776,5405,2191,1028,200
32761,39647,15177,3772,1014
6452,5396,2190,1028,204
6021,5422,2193,1028,302
3401,2759,1101,514,83
11114,10742,4373,2056,202
6189,5342,2184,1028,135
16516,16182,6567,3084,301
35413,42086,14028,7656,530
10457,8152,3290,1542,581
5463,5405,2191,1028,102
33765,40057,15299,3828,1838
5734,5396,2190,1028,99
7268,5422,2193,1028,583
6199,5437,2193,1028,127
8168,8064,3281,1542,150
5354,5342,2184,1028,98
20201,18878,7661,3598,408
33205,39390,12934,7142,718
8941,8152,3290,1542,186
5536,5405,2191,1028,100
33122,39709,15193,3780,1479
5937,5396,2190,1028,123
6220,5422,2193,1028,139
5636,5437,2193,1028,115
8983,8064,3281,1542,175
5873,5342,2184,1028,101
26076,24229,9848,4626,576
28005,34039,10749,6114,550
11077,8152,3290,1542,777
5568,5405,2191,1028,105
33136,39652,15177,3772,1990
5693,5396,2190,1028,102
6198,5422,2193,1028,127
5884,5437,2193,1028,103
11860,10725,4371,2056,445
5820,5387,2189,1028,113
23171,21523,8751,4112,640
27352,34039,10749,6114,238
9134,8152,3290,1542,180
5472,5405,2191,1028,109
32019,39652,15177,3772,1069
5707,5396,2190,1028,105
8091,5423,2197,1028,129
11002,10804,4380,2056,233
6054,5358,2184,1028,128
8303,8074,3282,1542,154
19977,18836,7658,3598,384
27864,36736,11844,6628,471
10050,5455,2195,1028,691
5572,5405,2191,1028,100
34948,40062,15300,3828,2123
5798,5396,2190,1028,114
6249,5422,2193,1028,130
11523,10804,4380,2056,428
6125,5358,2184,1028,138
8320,8074,3282,1542,150
19546,18836,7658,3598,408
30887,36736,11844,6628,336
6236,5455,2195,1028,137
5546,5405,2191,1028,108
34781,40062,15300,3828,1240
5419,5396,2190,1028,99
6169,5422,2193,1028,125
11089,10804,4380,2056,228
5954,5358,2184,1028,136
8361,8074,3282,1542,166
20316,18836,7658,3598,701
30103,36736,11844,6628,475
7316,5455,2195,1028,700
5477,5405,2191,1028,102
32418,39652,15177,3772,1817
5598,5396,2190,1028,98
5703,5422,2193,1028,104
11595,10804,4380,2056,233
6004,5358,2184,1028,123
8401,8074,3282,1542,155
19860,18836,7658,3598,383
30691,36736,11844,6628,352
5542,5455,2195,1028,100
6065,5405,2191,1028,127
30914,39714,15194,3780,466
6156,5396,2190,1028,124
5601,5422,2193,1028,101
11848,10804,4380,2056,242
6095,5358,2184,1028,128
8417,8074,3282,1542,152
19293,18836,7658,3598,379
33289,36737,11849,6628,584
9887,5455,2195,1028,2246
6132,5405,2191,1028,207
44369,39652,15177,3772,9862
6856,5396,2190,1028,921
5583,5422,2193,1028,137
11676,10804,4380,2056,655
5551,5358,2184,1028,103
8903,8074,3282,1542,188
20185,18836,7658,3598,955
31336,36736,11844,6628,514
6014,5455,2195,1028,271
11142,7014,2662,1278,673
28665,38043,14706,3522,1177
6058,5396,2190,1028,184
5537,5422,2193,1028,98
11535,10804,4380,2056,230
5408,5358,2184,1028,98
8870,8074,3282,1542,167
19052,18836,7658,3598,450
30876,36736,11844,6628,513
8230,5455,2195,1028,1184
10012,7014,2662,1278,383
29365,38043,14706,3522,2330
6188,5396,2190,1028,212
6595,5422,2193,1028,474
12358,10804,4380,2056,359
5265,5358,2184,1028,114
8776,8074,3282,1542,168
18909,18836,7658,3598,364
31120,36736,11844,6628,410
5818,5455,2195,1028,291
9173,7014,2662,1278,160
28179,38043,14706,3522,952
6189,5396,2190,1028,128
5766,5422,2193,1028,304
12139,10804,4380,2056,564
5346,5358,2184,1028,100
8792,8074,3282,1542,175
19215,18836,7658,3598,355
30741,36736,11844,6628,672
7131,5455,2195,1028,862
10298,7014,2661,1278,451
30627,38043,14706,3522,1881
6304,5396,2190,1028,153
5976,5422,2193,1028,320
11754,10804,4380,2056,434
5410,5358,2184,1028,101
9269,8074,3282,1542,278
22771,21524,8752,4112,438
28775,34048,10750,6114,528
5978,5455,2195,1028,256
10713,7076,2679,1286,650
31650,38043,14706,3522,1255
6220,5396,2190,1028,135
5831,5422,2193,1028,263
11820,10804,4380,2056,260
5442,5358,2184,1028,115
8952,8074,3282,1542,192
22183,21524,8752,4112,430
28259,34048,10750,6114,443
6896,5455,2195,1028,655
10087,7014,2662,1278,513
31713,38043,14706,3522,1937
5553,5396,2190,1028,103
6371,5422,2193,1028,347
11740,10804,4380,2056,311
5481,5358,2184,1028,102
10493,8074,3282,1542,635
19518,21524,8752,4112,559
30674,34048,10750,6114,284
5987,5455,2195,1028,336
9479,7014,2662,1278,784
30023,38043,14706,3522,1345
5651,5396,2190,1028,110
6077,5422,2193,1028,134
11198,10804,4380,2056,210
6065,5358,2184,1028,133
8425,8074,3282,1542,170
22637,21524,8752,4112,450
27453,34048,10750,6114,256
7407,5455,2195,1028,503
9358,7014,2661,1278,152
31305,38043,14706,3522,2274
5476,5396,2190,1028,101
6171,5422,2193,1028,121
11500,10804,4380,2056,474
6047,5358,2184,1028,131
8381,8074,3282,1542,150
24447,18836,7658,3598,3699
31811,36736,11844,6628,1735
6435,5455,2195,1028,414
10132,7014,2661,1278,431
33000,38043,14706,3522,5667
6003,5396,2190,1028,349
6418,5422,2193,1028,298
12069,10804,4382,2056,314
6020,5358,2184,1028,132
8505,8074,3282,1542,161
19849,18836,7658,3598,388
31361,36736,11844,6628,835
7551,5455,2195,1028,662
11213,7424,2784,1334,355
29383,38043,14706,3522,2351
5527,5396,2190,1028,111
6516,5422,2193,1028,344
11244,10804,4380,2056,359
6061,5358,2184,1028,131
8723,8074,3282,1542,373
20734,18836,7658,3598,637
30181,36736,11844,6628,348
6078,5455,2195,1028,134
9765,7076,2678,1286,331
29045,38043,14706,3522,1217
5713,5396,2190,1028,115
6460,5422,2193,1028,118
11205,10804,4380,2056,213
5993,5358,2184,1028,120
8694,8074,3282,1542,180
19694,18836,7658,3598,380
32782,36736,11852,6628,590
7570,5455,2195,1028,1023
36716,39733,15185,3772,5384
6236,5324,2183,1028,123
5710,5396,2190,1028,104
5578,5422,2193,1028,110
9049,8125,3287,1542,400
6086,8037,3277,1542,254
9097,5387,2189,1028,98
23931,21523,8751,4112,1126
27659,34039,10749,6114,428
8596,8152,3290,1542,328
32965,39733,15184,3772,1495
5582,5324,2183,1028,114
6321,5396,2190,1028,207
5719,5422,2193,1028,97
6303,5437,2193,1028,129
8472,8064,3281,1542,161
9209,8048,3279,1542,191
22954,21523,8751,4112,579
28418,34039,10749,6114,451
10898,8152,3290,1542,1274
35903,39733,15184,3772,4593
5610,5324,2183,1028,102
6609,5396,2190,1028,503
5584,5422,2193,1028,116
6220,5437,2193,1028,263
8320,8064,3281,1542,251
6057,5342,2184,1028,115
24483,24229,9846,4626,760
28246,34039,10749,6114,959
8412,8152,3290,1542,235
32124,39733,15184,3772,1135
5542,5324,2183,1028,118
6138,5396,2190,1028,147
5571,5422,2193,1028,100
6077,5437,2193,1028,115
8370,8064,3281,1542,150
8749,8048,3279,1542,173
21697,21523,8751,4112,474
27582,34039,10749,6114,286
9562,8152,3290,1542,644
33469,39733,15184,3772,2199
5503,5324,2183,1028,110
5949,5396,2190,1028,125
5672,5422,2193,1028,115
6134,5437,2193,1028,116
8312,8064,3281,1542,154
6138,5342,2184,1028,127
23260,21568,8756,4112,837
30457,36700,11839,6628,356
8716,8152,3290,1542,416
33377,39795,15201,3780,1699
5477,5324,2183,1028,99
6406,5396,2190,1028,344
5704,5422,2193,1028,113
3355,2759,1101,514,75
11644,10742,4373,2056,517
6128,5342,2184,1028,125
16671,16182,6567,3084,562
36554,42086,14028,7656,688
10867,8152,3290,1542,1276
47123,39733,15184,3772,9893
6402,5324,2183,1028,154
3333,2697,1094,514,317
8953,8121,3289,1542,369
0,0,0,0,0
13927,13501,5474,2570,578
5579,5342,2184,1028,149
11375,10816,4382,2056,291
41850,47452,16213,8684,1084
5680,5375,2187,1028,132
35456,42510,16287,4286,1223
2699,2670,1092,514,50
5686,5351,2185,1028,100
8565,8121,3289,1542,150
0,0,0,0,0
14630,13501,5474,2570,275
5619,5342,2184,1028,103
11393,10816,4382,2056,219
41198,47452,16213,8684,528
5841,5375,2187,1028,321
41446,42505,16287,4286,6250
2750,2670,1092,514,50
6101,5351,2185,1028,334
9005,8121,3289,1542,319
0,0,0,0,0
13963,13501,5474,2570,403
3099,2661,1090,514,258
14973,10798,4380,2056,1621
43265,47470,16215,8684,2328
8657,8056,3281,1542,351
42358,42505,16288,4286,7246
2723,2670,1092,514,41
5911,5351,2185,1028,279
5693,5371,2189,1028,146
2895,2750,1100,514,41
13871,13501,5474,2570,391
2983,2661,1090,514,39
8575,8074,3282,1542,133
42297,47506,16220,8684,1394
11609,10744,4374,2056,594
9878,4386,1573,764,1562
31484,38119,14714,3522,4692
8462,8021,3277,1542,449
5602,5371,2189,1028,238
2729,2750,1100,514,41
11113,10804,4380,2056,433
5395,5358,2184,1028,83
8291,8074,3282,1542,123
41089,47506,16220,8684,1010
11296,10744,4374,2056,178
7638,4448,1590,772,235
28429,38119,14714,3522,1350
9262,8021,3277,1542,412
5608,5371,2189,1028,84
2839,2750,1100,514,42
11429,10804,4380,2056,502
5432,5358,2184,1028,83
8329,8074,3282,1542,140
38817,44819,15127,8170,653
14700,13431,5467,2570,631
34249,37105,14097,3258,4702
7481,5405,2191,1028,889
8651,8021,3277,1542,421
2722,2699,1096,514,112
5719,5422,2193,1028,98
11237,10804,4380,2056,332
5509,5358,2184,1028,94
9486,8074,3282,1542,199
37520,44819,15127,8170,616
11616,10753,4375,2056,246
32465,39783,15188,3772,1391
5782,5405,2191,1028,106
8572,8021,3277,1542,481
2694,2699,1096,514,41
5811,5422,2193,1028,244
11274,10804,4380,2056,172
5319,5358,2184,1028,164
8496,8074,3282,1542,135
37751,44819,15127,8170,461
11693,10753,4375,2056,164
33868,39783,15188,3772,2666
5814,5405,2191,1028,216
8816,8021,3277,1542,346
2761,2699,1096,514,103
5941,5422,2193,1028,227
11149,10804,4380,2056,248
5570,5358,2184,1028,83
8702,8074,3282,1542,125
37698,44819,15127,8170,376
14084,13431,5467,2570,370
28763,37105,14096,3258,690
5715,5405,2191,1028,84
8235,8021,3277,1542,123
2892,2699,1096,514,41
5847,5422,2193,1028,82
11055,10804,4380,2056,341
5429,5358,2184,1028,85
8356,8074,3282,1542,125
37944,44819,15127,8170,516
14437,13431,5467,2570,598
32858,37515,14220,3314,2139
5696,5405,2191,1028,228
8645,8021,3277,1542,403
5666,5371,2189,1028,182
2818,2750,1100,514,48
11355,10804,4380,2056,305
6738,5358,2184,1028,682
9114,8074,3282,1542,489
39294,44819,15127,8170,1946
15603,13431,5467,2570,1009
31948,37577,14236,3322,2431
5741,5405,2191,1028,83
8561,8021,3277,1542,313
2881,2699,1096,514,123
5845,5422,2193,1028,82
11229,10804,4380,2056,280
5454,5358,2184,1028,80
8542,8074,3282,1542,123
38167,44819,15127,8170,508
15044,13431,5467,2570,417
33926,37105,14097,3258,4062
5895,5405,2191,1028,229
8194,8021,3277,1542,124
2809,2699,1096,514,122
5678,5422,2193,1028,83
11136,10804,4380,2056,252
5697,5358,2184,1028,104
8409,8074,3282,1542,132
37780,44819,15127,8170,405
11390,10753,4375,2056,164
32017,39783,15188,3772,953
6016,5405,2191,1028,122
8333,8021,3277,1542,129
2895,2699,1096,514,42
5819,5422,2193,1028,85
11156,10804,4380,2056,164
5481,5358,2184,1028,87
8342,8074,3282,1542,123
38279,44819,15127,8170,558
11339,10753,4375,2056,164
35878,40193,15312,3828,2087
5680,5405,2191,1028,205
8350,8021,3277,1542,128
2717,2699,1096,514,102
5717,5422,2193,1028,82
10988,10804,4380,2056,227
6949,5358,2184,1028,785
9673,8074,3282,1542,987
40660,44819,15127,8170,2254
12686,10753,4375,2056,999
34313,39783,15188,3772,2681
5532,5405,2191,1028,96
8582,8021,3277,1542,410
2804,2699,1096,514,134
5689,5422,2193,1028,97
11047,10804,4380,2056,194
5555,5358,2184,1028,109
8195,8074,3282,1542,126
32192,21524,8752,4112,4312
30184,34048,10750,6114,1559
38771,39783,15188,3772,5424
7545,5405,2191,1028,726
9433,8021,3277,1542,407
3227,2699,1096,514,164
6091,5422,2193,1028,307
11607,10804,4380,2056,301
5675,5358,2184,1028,91
8692,8074,3282,1542,326
23605,21524,8752,4112,721
28015,34048,10750,6114,419
39161,39849,15206,3782,3984
5778,5405,2191,1028,83
5561,5324,2183,1028,90
8691,5396,2190,1028,1332
5933,5422,2193,1028,311
12638,10804,4380,2056,1173
6193,5358,2184,1028,521
9369,8074,3282,1542,772
23387,21524,8752,4112,1866
28413,34048,10750,6114,1053
39491,40193,15311,3828,3582
6755,5405,2191,1028,435
5842,5324,2183,1028,107
5556,5396,2190,1028,86
5551,5422,2193,1028,108
11145,10804,4380,2056,304
6181,5358,2184,1028,116
8147,8074,3282,1542,144
19680,18836,7658,3598,582
30346,36736,11844,6628,546
33866,39783,15188,3772,2167
5331,5405,2191,1028,94
5308,5324,2183,1028,93
5400,5396,2190,1028,90
5521,5422,2193,1028,86
10994,10804,4380,2056,183
5495,5358,2184,1028,94
9538,8074,3282,1542,509
19636,18836,7658,3598,637
30078,36736,11844,6628,495
34743,39783,15188,3772,1266
7044,5405,2191,1028,672
5985,5324,2183,1028,96
5635,5396,2190,1028,97
6075,5422,2193,1028,349
11347,10804,4380,2056,318
5522,5358,2184,1028,91
8939,8074,3282,1542,256
19651,18836,7658,3598,728
32333,36736,11844,6628,1234
33344,39783,15188,3772,2094
5828,5405,2191,1028,113
5705,5324,2183,1028,115
5798,5396,2190,1028,106
5972,5422,2193,1028,131
11612,10804,4380,2056,225
6277,5358,2184,1028,229
8453,8074,3282,1542,134
19856,18836,7658,3598,500
31242,36736,11844,6628,761
31654,39783,15188,3772,1223
7241,5405,2191,1028,657
6080,5324,2183,1028,100
5659,5396,2190,1028,100
6645,5422,2193,1028,528
11481,10804,4380,2056,340
6401,5358,2184,1028,269
8327,8074,3282,1542,147
19363,18836,7658,3598,531
30521,36736,11844,6628,660
32633,39849,15206,3782,1865
5383,5405,2191,1028,94
5504,5324,2183,1028,102
5603,5396,2190,1028,86
5680,5422,2193,1028,101
11228,10804,4380,2056,184
5445,5358,2184,1028,94
9086,8074,3284,1542,180
19271,18836,7658,3598,349
31136,36736,11844,6628,830
30475,39783,15188,3772,588
6756,5405,2191,1028,411
5943,5324,2183,1028,115
5576,5396,2190,1028,84
6052,5422,2193,1028,353
11367,10804,4380,2056,466
5551,5358,2184,1028,107
8433,8074,3282,1542,149
19975,18836,7658,3598,841
34046,38345,12314,6878,548
28436,38174,14718,3522,1514
5653,5405,2191,1028,116
5425,5324,2183,1028,92
5579,5396,2190,1028,93
5666,5422,2193,1028,100
11393,10804,4380,2056,200
5474,5358,2184,1028,90
8142,8074,3282,1542,154
22930,21524,8752,4112,517
31581,35657,11221,6364,608
29751,38174,14718,3522,1616
6955,5405,2191,1028,527
5832,5324,2183,1028,118
6008,5396,2190,1028,372
5996,5422,2193,1028,327
11414,10804,4380,2056,327
6405,5358,2184,1028,143
8339,8074,3282,1542,169
22758,21524,8752,4112,1339
30882,35657,11221,6364,399
29228,38174,14718,3522,1775
6075,5405,2191,1028,328
5504,5324,2183,1028,85
5529,5396,2190,1028,97
5639,5422,2193,1028,81
11555,10804,4380,2056,434
5282,5358,2184,1028,98
8388,8074,3282,1542,155
22508,21524,8752,4112,581
53274,68376,23743,8858,1073
5666,5455,2195,1028,95
6936,5405,2191,1028,536
8572,8021,3277,1542,146
2798,2699,1096,514,44
6122,5422,2193,1028,338
11524,10804,4380,2056,279
5382,5358,2184,1028,90
8284,8074,3282,1542,144
22224,21524,8752,4112,609
53801,68442,23760,8868,1649
5590,5455,2195,1028,98
5490,5405,2191,1028,84
8202,8021,3277,1542,139
2738,2699,1096,514,43
5584,5422,2193,1028,84
11332,10804,4380,2056,201
5400,5358,2184,1028,86
9011,8074,3282,1542,425
22090,21524,8752,4112,579
53550,68376,23743,8858,1274
5726,5455,2195,1028,95
7080,5405,2191,1028,582
8859,8021,3277,1542,150
2816,2699,1096,514,44
6005,5422,2193,1028,343
11882,10804,4380,2056,321
5712,5358,2184,1028,100
9047,8074,3282,1542,254
22907,21524,8752,4112,937
54349,68376,23744,8858,2207
5857,5455,2195,1028,100
5535,5405,2191,1028,102
8312,8021,3277,1542,137
2781,2699,1096,514,52
5714,5422,2193,1028,100
10988,10804,4380,2056,201
5701,5358,2184,1028,101
8176,8074,3282,1542,150
21400,21524,8752,4112,586
53216,68371,23743,8858,1273
5817,5455,2195,1028,100
7083,5405,2191,1028,670
8630,8021,3277,1542,269
2790,2699,1096,514,50
5601,5422,2193,1028,101
11231,10804,4380,2056,276
5417,5358,2184,1028,105
8429,8074,3282,1542,181
37726,44819,15127,8170,662
36891,45076,17368,4800,1605
5897,5455,2195,1028,110
5512,5405,2191,1028,100
8275,8021,3277,1542,142
2744,2699,1096,514,43
5874,5422,2193,1028,311
10861,10804,4380,2056,201
5420,5358,2184,1028,110
8201,8074,3282,1542,152
37256,44819,15127,8170,458
37002,45076,17368,4800,703
5794,5455,2195,1028,92
6719,5405,2191,1028,425
8535,8021,3277,1542,177
2832,2699,1096,514,50
5600,5422,2193,1028,85
12339,10804,4380,2056,745
5511,5358,2184,1028,91
9229,8074,3282,1542,380
38879,44819,15127,8170,980
38361,45142,17385,4810,1994
5821,5455,2195,1028,92
5757,5405,2191,1028,91
8202,8021,3277,1542,142
2772,2699,1096,514,50
5611,5422,2193,1028,82
11077,10804,4380,2056,186
5450,5358,2184,1028,84
8318,8074,3282,1542,134
37805,44819,15127,8170,427
37371,45081,17368,4800,993
5703,5455,2195,1028,93
6819,5405,2191,1028,428
8907,8021,3277,1542,166
2816,2699,1096,514,41
5727,5422,2193,1028,101
11409,10804,4380,2056,297
5605,5358,2184,1028,84
8512,8074,3282,1542,169
38831,44819,15127,8170,799
37659,45081,17369,4800,1788
5582,5455,2195,1028,85
5630,5405,2191,1028,100
8253,8021,3277,1542,147
2778,2699,1096,514,50
5658,5422,2193,1028,103
11214,10804,4380,2056,191
5525,5358,2184,1028,91
8593,8074,3282,1542,143
37878,44819,15127,8170,424
39125,45491,17491,4856,859
5634,5455,2195,1028,100
6765,5405,2191,1028,467
10461,8021,3277,1542,773
3004,2699,1096,514,66
5935,5422,2193,1028,91
12592,10804,4380,2056,725
5690,5358,2184,1028,125
8726,8074,3282,1542,336
38641,44819,15127,8170,984
39307,45081,17368,4800,2398
5931,5455,2195,1028,110
5514,5405,2191,1028,106
8209,8021,3277,1542,156
2766,2699,1096,514,50
5532,5422,2193,1028,102
11741,10804,4380,2056,445
5598,5358,2184,1028,107
8893,8074,3282,1542,396
38304,44819,15127,8170,668
37663,45081,17368,4800,1483
5578,5455,2195,1028,93
7049,5405,2191,1028,559
8155,8021,3277,1542,151
2886,2699,1096,514,50
5595,5422,2193,1028,101
11226,10804,4380,2056,324
5529,5358,2184,1028,94
8350,8074,3282,1542,131
37995,44819,15127,8170,647
40697,45557,17509,4866,2049
5460,5455,2195,1028,93
5480,5405,2191,1028,100
8204,8021,3277,1542,150
2720,2699,1096,514,50
5561,5422,2193,1028,101
11142,10804,4380,2056,227
11269,5358,2184,1028,3836
11476,8074,3282,1542,2016
42878,44819,15127,8170,3290
49100,47759,18461,5314,8610
2876,2777,1103,514,188
6845,5405,2191,1028,753
9138,8021,3277,1542,353
2850,2699,1096,514,143
5684,5422,2193,1028,84
12342,10804,4380,2056,675
5450,5358,2184,1028,85
8181,8074,3282,1542,149
38109,44819,15127,8170,808
40323,45491,17491,4856,2039
5581,5455,2195,1028,82
5432,5405,2191,1028,87
8216,8021,3277,1542,130
2696,2699,1096,514,41
5534,5422,2193,1028,82
11153,10804,4380,2056,174
5281,5358,2184,1028,107
8227,8074,3282,1542,137
37830,44819,15127,8170,467
38198,45081,17368,4800,1440
5491,5455,2195,1028,89
5388,5405,2191,1028,89
12636,8021,3277,1542,2202
3093,2699,1096,514,294
5902,5422,2193,1028,310
12348,10804,4380,2056,1526
5889,5358,2184,1028,525
9233,8074,3282,1542,886
23263,21524,8752,4112,1957
57047,68786,23866,8914,3196
5556,5455,2195,1028,82
6529,5405,2191,1028,373
9283,8021,3277,1542,487
2889,2699,1096,514,42
5656,5422,2193,1028,109
10928,10804,4380,2056,277
5369,5358,2184,1028,86
8356,8074,3282,1542,134
22860,21525,8754,4112,336
59869,68786,23866,8914,1788
5418,5455,2195,1028,96
5458,5405,2191,1028,86
10348,8021,3277,1542,929
2732,2699,1096,514,43
5495,5422,2193,1028,81
14700,10804,4380,2056,1871
6134,5358,2184,1028,349
9279,8074,3282,1542,589
23086,21524,8752,4112,1850
63350,68442,23760,8868,5656
5881,5455,2195,1028,161
6062,5405,2191,1028,161
5949,5324,2183,1028,120
5918,5396,2190,1028,185
5962,5422,2193,1028,97
11690,10804,4380,2056,331
5857,5358,2184,1028,86
8432,8074,3282,1542,130
19471,18836,7658,3598,467
60783,71064,24837,9372,1332
5871,5455,2195,1028,81
7256,5405,2191,1028,841
6015,5324,2183,1028,89
5781,5396,2190,1028,266
5660,5422,2193,1028,96
11384,10804,4380,2056,381
6153,5358,2184,1028,368
8573,8074,3282,1542,139
19872,18836,7658,3598,981
57560,71064,24837,9372,2009
5863,5455,2195,1028,281
5368,5405,2191,1028,86
5624,5324,2183,1028,97
6204,5396,2190,1028,207
5526,5422,2193,1028,81
11250,10804,4380,2056,175
5587,5358,2184,1028,108
8259,8074,3282,1542,134
18823,18836,7658,3598,316
61577,71474,24961,9428,1839
5654,5455,2195,1028,87
5363,5405,2191,1028,94
7490,5324,2183,1028,593
6075,5396,2190,1028,430
6230,5422,2193,1028,124
12252,10804,4380,2056,439
6505,5358,2184,1028,381
9760,8074,3282,1542,506
20880,18836,7658,3598,802
58636,71064,24837,9372,2247
5842,5455,2195,1028,82
6518,5405,2191,1028,239
6089,5324,2183,1028,106
6397,5396,2190,1028,306
5789,5422,2193,1028,82
12318,10804,4380,2056,511
6237,5358,2184,1028,119
8729,8074,3282,1542,123
20329,18836,7658,3598,407
57877,71064,24837,9372,1793
5806,5455,2195,1028,82
6263,5405,2191,1028,130
9110,5324,2183,1028,1637
6670,5396,2190,1028,503
5702,5422,2193,1028,81
13710,10804,4380,2056,1382
6070,5358,2184,1028,329
9349,8074,3282,1542,383
20949,18836,7658,3598,1455
62761,71540,24978,9438,4325
6536,5455,2195,1028,196
6313,5405,2191,1028,117
6267,5324,2183,1028,227
6330,5396,2190,1028,191
5738,5422,2193,1028,91
16489,10804,4380,2056,3034
6301,5358,2184,1028,777
9938,8074,3282,1542,1087
21921,18836,7658,3598,2518
63467,71064,24839,9372,6214
5760,5455,2195,1028,98
6423,5405,2191,1028,278
7211,5324,2183,1028,502
6769,5396,2190,1028,704
6645,5422,2193,1028,484
12295,10804,4380,2056,585
5569,5358,2184,1028,95
9353,8074,3282,1542,456
20044,18836,7658,3598,831
58851,71064,24838,9372,2662
5770,5455,2195,1028,82
6146,5405,2191,1028,117
5677,5324,2183,1028,82
6149,5396,2190,1028,104
5723,5422,2193,1028,84
12086,10804,4380,2056,276
5613,5358,2184,1028,84
9231,8074,3282,1542,196
19723,18836,7658,3598,309
57597,71064,24837,9372,1469
5886,5455,2195,1028,82
6209,5405,2191,1028,120
7302,5324,2183,1028,649
6355,5396,2190,1028,382
6162,5422,2193,1028,314
12795,10804,4380,2056,809
5720,5358,2184,1028,96
9359,8074,3282,1542,370
25175,20445,8129,3848,1300
54170,69455,24367,9122,2023
5905,5455,2195,1028,84
5761,5405,2191,1028,96
6419,5324,2183,1028,222
6282,5396,2190,1028,196
5867,5422,2193,1028,82
12651,10804,4380,2056,451
5786,5358,2184,1028,82
9244,8074,3282,1542,170
24582,20445,8128,3848,899
53771,69455,24367,9122,1491
6017,5455,2195,1028,97
5706,5405,2191,1028,90
7294,5324,2183,1028,537
6213,5396,2190,1028,287
6646,5422,2193,1028,113
12073,10804,4380,2056,360
5624,5358,2184,1028,84
9497,8074,3282,1542,283
24763,20511,8145,3858,1116
53885,69455,24367,9122,1816
5745,5455,2195,1028,82
5627,5405,2191,1028,83
6109,5324,2183,1028,120
5758,5396,2190,1028,82
6325,5422,2193,1028,123
11318,10804,4380,2056,251
6157,5358,2184,1028,125
9185,8074,3282,1542,328
45590,53164,20651,6342,719
30859,36736,11844,6628,397
6311,5455,2195,1028,120
5688,5405,2191,1028,87
7558,5324,2183,1028,574
6134,5396,2190,1028,169
7316,5422,2193,1028,751
8845,8125,3287,1542,301
8887,8037,3277,1542,156
6188,5387,2189,1028,353
50419,55851,21744,6856,3266
27390,34039,10749,6114,227
9140,8152,3290,1542,244
5555,5405,2191,1028,84
6232,5324,2183,1028,130
5899,5396,2190,1028,271
6341,5422,2193,1028,286
5647,5437,2193,1028,87
8698,8064,3281,1542,169
8935,8048,3279,1542,339
49078,55846,21744,6856,1435
27355,34039,10749,6114,207
9587,8152,3290,1542,404
5512,5405,2191,1028,90
6935,5324,2183,1028,416
5896,5396,2190,1028,186
6723,5422,2193,1028,382
5709,5437,2193,1028,254
8681,8064,3281,1542,154
6004,5342,2184,1028,332
54733,58962,22963,7426,2670
27023,34039,10749,6114,211
9070,8152,3290,1542,144
5682,5405,2191,1028,155
6142,5324,2183,1028,122
5647,5396,2190,1028,83
6133,5422,2193,1028,124
5645,5437,2193,1028,90
8275,8064,3281,1542,133
6204,5342,2184,1028,113
48813,55891,21749,6856,1149
29774,36700,11839,6628,297
9232,8152,3290,1542,164
5684,5405,2191,1028,160
7111,5324,2183,1028,462
5839,5396,2190,1028,204
5853,5422,2193,1028,86
6231,5437,2193,1028,255
8426,8064,3281,1542,140
6165,5342,2184,1028,136
43827,50571,19577,5838,1951
36146,42086,14028,7656,378
8545,8152,3290,1542,231
6331,5405,2191,1028,260
5567,5324,2183,1028,87
6427,5396,2190,1028,265
5794,5422,2193,1028,87
3447,2759,1101,514,74
11148,10742,4373,2056,181
6148,5342,2184,1028,116
43752,50510,19560,5828,1256
35931,42086,14028,7656,432
8889,8152,3290,1542,354
6239,5405,2191,1028,121
6824,5324,2183,1028,426
6536,5396,2190,1028,513
6330,5422,2193,1028,139
3383,2759,1101,514,149
11050,10742,4373,2056,242
6365,5342,2184,1028,238
41861,47805,18466,5314,2421
41585,44791,15123,8170,1743
8961,8152,3290,1542,600
6505,5405,2191,1028,637
5738,5324,2183,1028,235
3066,2697,1094,514,178
9427,8121,3289,1542,470
0,0,0,0,0
15736,13501,5474,2570,900
6357,5342,2184,1028,415
39235,45144,17376,4800,3117
42056,47452,16213,8684,615
6253,5375,2187,1028,276
9073,8182,3294,1542,244
7166,5324,2183,1028,608
3291,2697,1094,514,334
9518,8121,3289,1542,580
0,0,0,0,0
15217,13501,5474,2570,858
6697,5342,2184,1028,708
39873,45144,17375,4800,3184
41700,47452,16213,8684,615
8599,8152,3290,1542,203
6033,5405,2191,1028,118
5722,5324,2183,1028,89
3012,2697,1094,514,228
9697,8121,3289,1542,483
3274,2759,1101,514,83
11737,10742,4373,2056,228
6380,5342,2184,1028,131
43518,50510,19560,5828,1247
36021,42086,14028,7656,493
9459,8152,3290,1542,477
5737,5405,2191,1028,89
5594,2670,1092,514,1680
7477,5351,2185,1028,700
11568,8121,3289,1542,1437
0,0,0,0,0
17836,13501,5474,2570,1915
3509,2661,1090,514,312
46015,47891,18486,5324,5315
39013,44771,15119,8170,1096
9190,8056,3281,1542,171
8553,8182,3294,1542,145
3400,2670,1092,514,85
6090,5351,2185,1028,304
5931,5371,2189,1028,106
2793,2750,1100,514,50
14444,13501,5474,2570,227
2789,2661,1090,514,49
38184,45126,17373,4800,1138
42782,47470,16215,8684,731
9581,8056,3281,1542,397
8903,8182,3294,1542,353
4329,2670,1092,514,815
5807,5351,2185,1028,187
5915,5371,2189,1028,365
2860,2750,1100,514,41
14271,13501,5474,2570,438
2605,2661,1090,514,41
38648,45126,17373,4800,2201
41190,47470,16215,8684,576
8415,8056,3281,1542,123
8402,8182,3294,1542,130
2688,2670,1092,514,46
5510,5351,2185,1028,81
5525,5371,2189,1028,83
2681,2750,1100,514,46
13802,13501,5474,2570,208
2706,2661,1090,514,41
37048,45126,17373,4800,624
40699,47470,16215,8684,378
8787,8056,3281,1542,277
8579,8182,3294,1542,127
0,0,0,0,699
14423,8022,3282,1542,1235
7861,5371,2189,1028,1046
2986,2750,1100,514,43
12571,10804,4380,2056,1054
6033,5358,2184,1028,574
13781,9683,3752,1792,729
66736,80225,28743,11178,5250
11405,10744,4374,2056,176
2814,2777,1103,514,42
5394,5405,2191,1028,85
8457,8021,3277,1542,283
5707,5371,2189,1028,84
2827,2750,1100,514,41
16194,10804,4380,2056,3095
6110,5358,2184,1028,610
13898,9683,3752,1792,1295
67158,77538,27650,10664,6784
14803,13431,5467,2570,820
2823,2777,1103,514,43
5401,5405,2191,1028,99
12630,8021,3277,1542,2089
2920,2699,1096,514,113
5847,5422,2193,1028,303
12758,10804,4380,2056,1251
6365,5358,2184,1028,599
14107,9749,3769,1802,854
66595,77538,27650,10664,4830
14250,13431,5467,2570,565
2868,2777,1103,514,41
5574,5405,2191,1028,82
8413,8021,3277,1542,142
2961,2699,1096,514,62
5603,5422,2193,1028,83
10924,10804,4380,2056,171
5442,5358,2184,1028,92
13707,9683,3752,1792,556
63820,77538,27650,10664,1442
16596,13432,5472,2570,506
2904,2777,1103,514,57
5415,5405,2191,1028,89
13428,8021,3277,1542,2623
3469,2699,1096,514,308
6063,5422,2193,1028,301
12242,10804,4380,2056,1036
6597,5358,2184,1028,511
38929,42402,16276,4286,4194
22250,21524,8752,4112,736
27388,34048,10750,6114,216
5615,5455,2195,1028,82
5415,5405,2191,1028,90
8597,8021,3277,1542,369
2805,2699,1096,514,49
5778,5422,2193,1028,243
10994,10804,4380,2056,178
5432,5358,2184,1028,82
37543,42402,16276,4286,1629
21833,21524,8752,4112,355
27525,34048,10750,6114,239
6001,5455,2195,1028,113
6069,5405,2191,1028,552
8125,5324,2183,1028,1553
6085,5396,2190,1028,510
5967,5422,2193,1028,282
12488,10804,4380,2056,1113
5917,5358,2184,1028,362
38993,42402,16276,4286,4523
22763,21524,8752,4112,762
27574,34048,10750,6114,205
5809,5455,2195,1028,84
5542,5405,2191,1028,86
6151,5324,2183,1028,82
5790,5396,2190,1028,81
5677,5422,2193,1028,82
11871,10804,4380,2056,418
5416,5358,2184,1028,108
35669,42402,16275,4286,1822
22386,21524,8752,4112,702
27584,34048,10750,6114,207
6018,5455,2195,1028,83
6650,5405,2191,1028,401
7336,5324,2183,1028,631
6365,5396,2190,1028,389
5954,5422,2193,1028,270
11986,10804,4380,2056,587
6014,5358,2184,1028,328
36191,42468,16292,4296,2922
22155,21524,8752,4112,535
27439,34048,10750,6114,201
5824,5455,2195,1028,271
5563,5405,2191,1028,81
6113,5324,2183,1028,180
5569,5396,2190,1028,82
5929,5422,2193,1028,85
11927,10804,4380,2056,496
6176,5358,2184,1028,390
35789,42402,16276,4286,1706
21881,21524,8752,4112,460
27764,34048,10750,6114,308
6204,5455,2195,1028,308
5478,5405,2191,1028,89
8047,5324,2183,1028,1214
6183,5396,2190,1028,646
5731,5422,2193,1028,290
12022,10804,4380,2056,1119
5950,5358,2184,1028,500
39337,42812,16398,4342,4227
22685,21524,8752,4112,907
27684,34048,10750,6114,546
5778,5455,2195,1028,242
5546,5405,2191,1028,233
6098,5324,2183,1028,330
5745,5396,2190,1028,268
6202,5422,2193,1028,323
11455,10804,4380,2056,384
6064,5358,2184,1028,330
36131,42402,16275,4286,2182
21921,21524,8752,4112,691
27358,34048,10750,6114,224
6086,5455,2195,1028,223
5415,5405,2191,1028,84
6940,5324,2183,1028,746
6059,5396,2190,1028,496
5383,5422,2193,1028,82
11563,10804,4380,2056,580
5311,5358,2184,1028,82
35817,42402,16275,4286,2443
19038,18836,7658,3598,463
30326,36736,11844,6628,431
5975,5455,2195,1028,217
5452,5405,2191,1028,84
5733,5324,2183,1028,83
5794,5396,2190,1028,236
6049,5422,2193,1028,83
11730,10804,4380,2056,352
6002,5358,2184,1028,368
37217,42812,16399,4342,2106
23129,21524,8752,4112,749
28188,34048,10750,6114,322
6349,5455,2195,1028,344
5758,5405,2191,1028,265
7281,5324,2183,1028,802
5887,5396,2190,1028,306
5563,5422,2193,1028,82
11725,10804,4380,2056,643
6187,5358,2184,1028,278
36099,42468,16293,4296,2450
22516,21524,8752,4112,763
27649,34048,10750,6114,216
6931,5455,2195,1028,314
5964,5405,2191,1028,333
9670,8021,3277,1542,273
2878,2699,1096,514,40
6590,5422,2193,1028,341
11804,10804,4380,2056,457
6498,5358,2184,1028,125
37178,42402,16276,4286,2536
33023,21524,8752,4112,4568
44988,34048,10750,6114,7313
12804,5455,2195,1028,2928
11731,5405,2191,1028,2837
9172,5324,2183,1028,1196
7615,5396,2190,1028,638
7687,5422,2193,1028,741
15975,10804,4380,2056,1434
10594,5358,2184,1028,2305
42863,42402,16275,4286,6425
30070,21524,8752,4112,2712
36324,34048,10750,6114,2995
8048,5455,2195,1028,703
8664,5405,2191,1028,836
7451,5324,2183,1028,501
8096,5396,2190,1028,659
7523,5422,2193,1028,514
15016,10804,4380,2056,1143
10466,5358,2184,1028,2382
41586,42807,16398,4342,5261
28133,21524,8752,4112,1092
31079,34048,10750,6114,1083
7437,5455,2195,1028,363
6649,5405,2191,1028,104
8428,5324,2183,1028,583
7888,5396,2190,1028,657
7118,5422,2193,1028,308
14247,10804,4380,2056,634
10188,5358,2184,1028,2059
39786,42397,16275,4286,5450
26542,21524,8752,4112,767
30128,34048,10750,6114,760
6712,5455,2195,1028,182
6453,5405,2191,1028,105
6850,5324,2183,1028,134
7091,5396,2190,1028,344
6922,5422,2193,1028,122
25750,10804,4380,2056,6151
12708,5358,2184,1028,3027
50956,42807,16398,4342,9680
50489,21524,8752,4112,11879
35561,34048,10750,6114,2943
7928,5455,2195,1028,684
8089,5405,2191,1028,656
9180,5324,2183,1028,1143
7929,5396,2190,1028,604
7522,5422,2193,1028,482
15911,10804,4380,2056,1315
9847,5358,2184,1028,1987
49879,42463,16292,4296,10229
35426,21524,8752,4112,5199
31910,34048,10750,6114,1241
7750,5455,2195,1028,538
7226,5405,2191,1028,494
7638,5324,2183,1028,514
7272,5396,2190,1028,550
7623,5422,2193,1028,462
15150,10804,4380,2056,1226
9926,5358,2184,1028,2127
40252,42402,16275,4286,5218
23200,18836,7658,3598,766
33837,36736,11844,6628,758
7047,5455,2195,1028,323
6386,5405,2191,1028,116
8265,5324,2183,1028,797
7354,5396,2190,1028,455
8113,5422,2193,1028,467
14969,10804,4380,2056,924
10206,5358,2184,1028,2229
44571,42812,16398,4342,6573
23440,18836,7658,3598,783
33736,36736,11844,6628,521
7062,5455,2195,1028,187
6681,5405,2191,1028,134
6559,5324,2183,1028,91
7178,5396,2190,1028,385
6865,5422,2193,1028,107
13594,10804,4380,2056,376
9912,5358,2184,1028,2184
41184,42812,16398,4342,4902
23219,18836,7658,3598,707
42571,36736,11844,6628,5217
12976,5455,2195,1028,3098
8061,5405,2191,1028,815
8546,5324,2183,1028,774
7778,5396,2190,1028,656
7215,5422,2193,1028,483
24977,10804,4380,2056,5935
12576,5358,2184,1028,3185
43094,42402,16275,4286,6741
23197,18836,7658,3598,1151
39451,36736,11844,6628,3583
13019,5455,2195,1028,3037
12774,5405,2191,1028,3102
11200,5324,2183,1028,2183
8022,5396,2190,1028,720
7561,5422,2193,1028,576
14737,10804,4380,2056,1271
10077,5358,2184,1028,1964
50421,42402,16276,4286,10162
26767,18836,7658,3598,2271
35237,36736,11844,6628,1327
7528,5455,2195,1028,558
7427,5405,2191,1028,457
13054,5324,2183,1028,3299
8672,5396,2190,1028,896
7414,5422,2193,1028,513
7847,5437,2193,1028,733
13293,8064,3281,1542,2219
40828,40146,15318,3838,6261
30989,24229,9846,4626,1797
30571,34039,10749,6114,761
10651,8152,3290,1542,439
6768,5405,2191,1028,135
7721,5324,2183,1028,330
7123,5396,2190,1028,357
7058,5422,2193,1028,139
12701,5437,2193,1028,3192
16530,8064,3281,1542,3993
39851,39670,15178,3772,6366
23705,18878,7661,3598,788
37058,39390,12934,7142,755
10500,8152,3290,1542,405
6465,5405,2191,1028,117
7986,5324,2183,1028,413
7528,5396,2190,1028,490
7001,5422,2193,1028,128
3965,2759,1101,514,229
15992,10742,4373,2056,2110
38065,39670,15177,3772,5908
20548,16182,6567,3084,738
39664,42086,14028,7656,753
10063,8152,3290,1542,227
6585,5405,2191,1028,108
7711,5324,2183,1028,209
7066,5396,2190,1028,340
6792,5422,2193,1028,127
3391,2759,1101,514,54
15987,10742,4373,2056,2169
37083,39670,15178,3772,5170
21306,16182,6567,3084,1014
40045,42086,14028,7656,767
10274,8152,3290,1542,291
7044,5405,2191,1028,194
7637,5324,2183,1028,474
7428,5396,2190,1028,513
7064,5422,2193,1028,314
3682,2759,1101,514,130
16993,10742,4373,2056,2655
40078,40080,15300,3828,6123
19979,16182,6567,3084,650
39711,42086,14028,7656,798
9754,8152,3290,1542,154
6420,5405,2191,1028,100
6429,5324,2183,1028,100
7108,5396,2190,1028,471
7022,5422,2193,1028,91
8794,5437,2193,1028,1459
10932,8064,3281,1542,1045
39620,39670,15178,3772,5334
20643,16182,6567,3084,910
40097,42086,14028,7656,984
10477,8152,3290,1542,400
6989,5405,2191,1028,117
6804,5324,2183,1028,138
8223,5396,2190,1028,1127
7275,5422,2193,1028,504
9589,5437,2193,1028,1866
11028,8064,3281,1542,1047
40322,39736,15194,3782,5504
23470,18878,7661,3598,877
36566,39390,12934,7142,721
9943,8152,3290,1542,155
6438,5405,2191,1028,105
6586,5324,2183,1028,101
7141,5396,2190,1028,321
6849,5422,2193,1028,235
5680,2759,1101,514,1499
14570,10742,4373,2056,1345
39248,39670,15177,3772,4728
20321,16182,6567,3084,578
39250,42086,14028,7656,803
10103,8152,3290,1542,330
6530,5405,2191,1028,107
6661,5324,2183,1028,101
8872,5396,2190,1028,1143
6866,5422,2193,1028,332
5791,2759,1101,514,1634
16623,10742,4373,2056,1572
37529,39670,15177,3772,5009
13854,10816,4382,2056,420
46815,47452,16213,8684,1189
9824,8152,3290,1542,152
6660,5405,2191,1028,99
6437,5324,2183,1028,103
3589,2697,1094,514,233
10327,8121,3289,1542,267
0,0,0,0,0
22172,13501,5474,2570,3133
41488,39670,15178,3772,6090
14444,10816,4382,2056,700
47121,47452,16213,8684,1190
10714,8152,3290,1542,353
11358,5405,2191,1028,1419
3867,2670,1092,514,291
8904,5351,2185,1028,1255
11489,8121,3289,1542,810
0,0,0,0,0
20401,13501,5474,2570,2919
35159,36989,14084,3258,5655
17109,13497,5476,2570,449
46031,44771,15127,8170,1448
10116,8056,3281,1542,150
9611,8182,3294,1542,144
3371,2670,1092,514,67
6926,5351,2185,1028,286
10463,8121,3289,1542,388
0,0,0,0,0
26811,15110,5944,2820,3356
28332,35380,13613,3008,4462
17201,13497,5476,2570,411
49418,47452,16213,8684,2556
13244,5375,2187,1028,3235
19297,8182,3294,1542,4736
6587,2670,1092,514,1662
13362,5351,2185,1028,3382
12123,8121,3289,1542,1062
0,0,0,0,0
26152,15176,5962,2830,3243
29168,35380,13613,3008,4622
17240,13497,5476,2570,332
47577,47452,16213,8684,1222
6798,5375,2187,1028,104
10004,8182,3294,1542,162
3864,2670,1092,514,264
7030,5351,2185,1028,258
10322,8121,3289,1542,233
0,0,0,0,0
26374,15110,5944,2820,3459
31910,38061,14707,3522,4571
13614,10816,4382,2056,379
47444,47452,16213,8684,1269
9937,5375,2187,1028,1658
15126,8182,3294,1542,2488
4687,2670,1092,514,339
8997,5351,2185,1028,1196
11587,8121,3289,1542,846
0,0,0,0,0
26373,15110,5945,2820,3888
28798,35380,13613,3008,4710
16726,13497,5476,2570,410
47724,47452,16213,8684,1388
7313,5375,2187,1028,292
9820,8182,3294,1542,143
3232,2670,1092,514,54
6917,5351,2185,1028,248
10244,8121,3289,1542,230
0,0,0,0,0
66580,47829,18476,5314,13448
4072,2661,1090,514,234
17343,13497,5476,2570,486
47027,47452,16213,8684,1370
7021,5375,2187,1028,247
10154,8182,3294,1542,302
3350,2670,1092,514,68
7878,5351,2185,1028,589
11103,8121,3289,1542,456
0,0,0,0,0
50422,47829,18467,5314,8287
6836,5342,2184,1028,205
13115,10816,4382,2056,257
46365,47452,16213,8684,986
7099,5375,2187,1028,263
9703,8182,3294,1542,148
6480,5324,2183,1028,92
3740,2697,1094,514,256
10071,8121,3289,1542,212
0,0,0,0,0
50157,47829,18467,5314,7132
7050,5342,2184,1028,217
13496,10816,4382,2056,269
46239,47452,16213,8684,1009
6665,5375,2187,1028,105
10341,8182,3294,1542,186
3232,2670,1092,514,54
7744,5351,2185,1028,576
17457,8121,3289,1542,3391
0,0,0,0,0
51085,48305,18609,5380,6685
3206,2661,1090,514,125
14965,13497,5476,2570,341
40295,44771,15119,8170,1108
8592,8056,3281,1542,152
8739,8182,3294,1542,152
2698,2670,1092,514,52
6183,5351,2185,1028,297
8928,8121,3289,1542,412
0,0,0,0,0
41218,47829,18467,5314,1416
2815,2661,1090,514,50
14298,13497,5476,2570,230
38293,44771,15119,8170,555
8690,8056,3281,1542,354
8723,8182,3294,1542,146
7468,2670,1092,514,1539
11062,5351,2185,1028,2677
7143,5371,2189,1028,889
3897,2750,1100,514,394
62549,47830,18476,5314,11242
4068,2661,1090,514,188
14271,10798,4380,2056,390
48791,47470,16215,8684,1496
10635,8056,3281,1542,360
10196,8182,3294,1542,209
3239,2670,1092,514,49
7025,5351,2185,1028,335
7039,5371,2189,1028,308
3408,2750,1100,514,41
50121,47824,18468,5314,7697
3696,2661,1090,514,155
13252,10798,4380,2056,184
47447,47470,16215,8684,1113
10404,8056,3281,1542,315
10370,8182,3294,1542,190
3368,2670,1092,514,67
7948,5351,2185,1028,721
8345,5371,2189,1028,843
3334,2750,1100,514,51
51556,48234,18590,5370,8151
3758,2661,1090,514,164
10136,8074,3282,1542,173
46556,47506,16220,8684,1111
13453,10744,4374,2056,371
7015,5494,2201,1028,107
3277,2688,1093,514,55
9982,8021,3277,1542,333
6710,5371,2189,1028,160
3335,2750,1100,514,42
48721,47824,18467,5314,7148
6650,2661,1090,514,1611
12654,8074,3282,1542,1556
45569,47506,16220,8684,2898
14835,10744,4374,2056,961
6249,5494,2201,1028,506
3128,2688,1093,514,248
9343,8021,3277,1542,691
8844,5371,2189,1028,1939
3306,2750,1100,514,289
16937,12479,4868,2316,1645
31508,38072,14707,3522,4151
8477,8074,3282,1542,146
40952,47506,16220,8684,670
11287,10744,4374,2056,183
2882,2777,1103,514,51
5559,5405,2191,1028,112
10324591,7250772,1738749,1036730,1331590
39197391,30589251,7317318,4350572,4128001
39593758,33417069,7982056,4750403,3752801
40303481,35430182,8458125,5037378,3602513
40231706,36268046,8656264,5152124,3523425
39842887,36631186,8735812,5206420,3387317
39890303,36934380,8800514,5246052,3366483
39955462,37274029,8880055,5292517,3332608
40210677,37496505,8931587,5328460,3287363
40868880,38088637,9064807,5403323,3253686
39702388,37732812,8983511,5353611,3230897
40861356,38320244,9118742,5432758,3279105
40630891,38105773,9077106,5411948,3252371
41350813,38678313,9221348,5478760,3247207
40933661,38432646,9157766,5453809,3215677
40791900,38005406,9060646,5395226,3201575
41285087,38650889,9236960,5493093,3169507
41785963,38828823,9283632,5511827,3180733
41724047,38846670,9292291,5515044,3197587
41902082,38842917,9300716,5522183,3187554
41548351,38696434,9260541,5497461,3159498
42274836,39036929,9347808,5544514,3188733
41883676,38882125,9307229,5523679,3165977
100355027,88329782,19841527,9609296,5699000
207026051,240590539,46027515,14849115,6607903
41657221,38644249,9245899,5484352,3123045
41089105,38528149,9219452,5472671,3140997
41829879,38691245,9258669,5494208,3147197
42138691,38989391,9333095,5537004,3160488
42707071,39216361,9390832,5571209,3185260
41868947,38478800,9221980,5472777,3195739
41386317,38366866,9181361,5454334,3176285
42313855,38751961,9263852,5494903,3225922
106033677,111842346,23520597,9986006,3963285
199410846,207961064,42260478,15919876,5095846
197507421,208182911,42064753,15635629,5027769
185647626,251547676,46559615,13631991,4367406
38770468,36059157,8632084,5125857,2971248
42298919,39173384,9370942,5557746,3212411
41399694,38951995,9320792,5535482,3173306
41409815,38914670,9313798,5528834,3155940
42053519,39173290,9371993,5559936,3228004
41382420,38952071,9324244,5534058,3158239
109364046,137144187,28531331,11663824,3614437
174189933,233834390,47245503,17467670,3910427
181832920,237298600,47874541,17612075,3996277
187078716,233910585,47241173,17452777,4109093
196155576,260190321,49983937,16274805,4075749
91547530,148557069,27193744,8159675,3310329
41609515,39100896,9363165,5553715,3170472
41077778,38790653,9281331,5507628,3178778
40954390,38873393,9308831,5527077,3187194
40819559,38817090,9286769,5509063,3185522
119547570,206366300,39155284,12467587,3392400
183485418,340985730,63124943,18053891,3497340
180754771,337880442,62560771,17878339,3460896
182435821,341597299,63217654,18039994,3482087
182090428,337973824,62558073,17869054,3521348
184859334,332819613,61655562,17676974,3573977
207185026,419454669,71744971,15060049,3513165
82581377,131869984,24475850,7739293,3294343
41321914,38788398,9280871,5514127,3239938
41571752,39178935,9378287,5563921,3211681
41422971,39226865,9391977,5568017,3232512
41691362,39233183,9390447,5575160,3223298
41494598,39048029,9351059,5546230,3174230
41375751,39129728,9364851,5557993,3199305
41502443,38955529,9337740,5542981,3176707
41289169,38893085,9309020,5528105,3201440
42033091,39359087,9420242,5589298,3171358
41641316,38986715,9335180,5537871,3191954
42373509,39259035,9406866,5578046,3211433
41846199,39075026,9358217,5555152,3226541
41601814,38973752,9335806,5535859,3169024
41991263,39444810,9432084,5599854,3180774
41086857,38433087,9203523,5462499,3152843
41794181,39189614,9381526,5567219,3192107
41744283,39165099,9374223,5563331,3210309
41240585,38932074,9317889,5533306,3205775
41740152,39302938,9409258,5581715,3190153
41932818,39215586,9382800,5567373,3206922
41655289,39135814,9364648,5560952,3224711
41519536,39058063,9346935,5547777,3230485
41757202,39271004,9405686,5570896,3194517
39475643,36236849,8679372,5149858,2989875
42172625,38839614,9297710,5515029,3196221
42063447,39002798,9332972,5541676,3220088
41791270,38924045,9320904,5535278,3232210
42771996,39252585,9397341,5576318,3260321
41729639,38803678,9282044,5512885,3211886
41605616,38948560,9319996,5534631,3185390
42560473,39415864,9425271,5591989,3245633
42139815,38889051,9311464,5523743,3232394
42220942,39025671,9338793,5541638,3210029
42164824,38999782,9327918,5539783,3152854
41169787,38443900,9201672,5462440,3143832
39872322,37475935,8970162,5327543,3101460
42476530,39212858,9390776,5567771,3489386
41493587,38491594,9211112,5467915,3481549
40973121,38443609,9201204,5464627,3419332
40920494,38103973,9116547,5415747,3430504
41447861,38672177,9248972,5487581,3451171
41389887,38839793,9299284,5515870,3453896
41352561,38857427,9304094,5520156,3464862
41209719,38741143,9270128,5501902,3438777
40879037,38451278,9199429,5458922,3407230
41146355,38645005,9241271,5487536,3448139
41656136,38851365,9301075,5517072,3501645
41680646,38941685,9325545,5532791,3475348
41581289,38934671,9310361,5530588,3455908
42244211,38745544,9277742,5502969,3561173
41628817,38895571,9319178,5529407,3334127
41382642,38924129,9329094,5532378,3308899
41756651,39027396,9350132,5544007,3349027
41150864,38572831,9231586,5482503,3337733
41417022,38694538,9255428,5493912,3245595
41782371,39018860,9342069,5542756,3317112
41172642,38936809,9319336,5530065,3293874
41109801,38783292,9283711,5510448,3298267
40698569,38799551,9284573,5514194,3302454
41268931,39106023,9354970,5553835,3317688
40795102,38043894,9109012,5441197,3307934
41694508,39013537,9349968,5547525,3339958
39648875,36702755,8790061,5205512,3053103
42384880,39332918,9410753,5583732,3311155
41375087,38640766,9244879,5490649,3284157
41437025,38843358,9297231,5518527,3309583
41649477,39116816,9357158,5552916,3307014
42055730,39273737,9394228,5576725,3284589
41761445,39146509,9377465,5562473,3307029
41556754,38871955,9308359,5526379,3327113
41438517,39019260,9336620,5544393,3290112
41621513,39129768,9365850,5553995,3299624
41880939,39257758,9393055,5576882,3328729
41984553,39323871,9406614,5584873,3315801
41252546,38623716,9245742,5488318,3260429
41329676,38795058,9292820,5513933,3276174
41351887,38917046,9319669,5532782,3323223
41863703,39231661,9377086,5563558,3334726
42198802,39433468,9447837,5601525,3294925
41549843,39049223,9347403,5548473,3289697
41384790,38996553,9344303,5547515,3298097
41845177,39329304,9411589,5576416,3307762
41949455,39238621,9381693,5570212,3298093
42079327,39227723,9394250,5571245,3328262
41572514,38753400,9282758,5508772,3290313
42127145,39224478,9386869,5569322,3305935
42216204,39190138,9387521,5568044,3336072
41552851,38995473,9334352,5542720,3287151
41539510,39121062,9366285,5560946,3346231
41671794,39102381,9356820,5555072,3317313
42086485,39392713,9421422,5593474,3311905
42175102,39349496,9426793,5590086,3317621
41364691,38828638,9295420,5521815,3294565
40636217,38274835,9156834,5438051,3258974
41880901,39118558,9351875,5553540,3294087
41966041,39118382,9364281,5557973,3343777
41629089,39004920,9343179,5544842,3311726
41678718,39123931,9368396,5557950,3326464
41641069,38908097,9318058,5532299,3311481
42067405,39357735,9406840,5582614,3344796
41115569,38695102,9263068,5497803,3289907
41567396,39025809,9343724,5539331,3300642
41522034,38952166,9319740,5531505,3300911
41181464,38584793,9240558,5481557,3259412
41431012,38855390,9302288,5521470,3256806
41212468,38891077,9300576,5518985,3272040
41112576,38879834,9302968,5520687,3256836
40618062,38075382,9117452,5410582,3246269
41315668,38615058,9230415,5481525,3291619
39888814,36977135,8858858,5251357,3169192
41140999,38613815,9242621,5488759,3266587
41005066,38869413,9312835,5521174,3265537
41645649,39084600,9352491,5549838,3234591
40374722,38334341,9171786,5448612,3123355
40058226,37635275,9003752,5342774,3059295
41016535,38657321,9261305,5501240,3145082
41962136,39460471,9431848,5591798,3145657
41146754,38830884,9299941,5520252,3178229
41583977,39322282,9406923,5581511,3194109
40986385,38891590,9313518,5533014,3193855
40874457,38907436,9311741,5525966,3176115
41528424,39259591,9399465,5575753,3215648
41494367,39085668,9357934,5547383,3134832
41018331,38680074,9264098,5491648,3141008
41297192,38879499,9306797,5520862,3169493
40986714,38682220,9258315,5498110,3190838
41451515,38947395,9323295,5536535,3152228
42410128,39720073,9508448,5637160,3186642
41585674,38841165,9295564,5516937,3237083
41329540,38980655,9335928,5543366,3202295
41028511,38796625,9278259,5506751,3161538
41402787,38826038,9302960,5515236,3172213
41165480,39026743,9332219,5541882,3172020
40342299,38420018,9203655,5462846,3114799
40919831,39015318,9327876,5537096,3174006
41891326,39316537,9412479,5582026,3212187
41338070,38943842,9329402,5534193,3206595
41743932,39468851,9442079,5606034,3229954
41498253,38895624,9309291,5523877,3206936
41369832,38955761,9323511,5534853,3199629
41515687,39087450,9350167,5552862,3195536
41733811,39132314,9379707,5559760,3170520
40921710,38785895,9276973,5507902,3176962
40288930,38296969,9159004,5445317,3176921
38293617,36196445,8657834,5133179,2944143
41525395,39051454,9337596,5540458,3191824
41260556,39126110,9370296,5560510,3187525
41090175,39040759,9335978,5540832,3154627
40417647,38697139,9256552,5502105,3153098
41331130,39080100,9340987,5545811,3172540
40473287,38626143,9244594,5486427,3183092
40588349,38759727,9275441,5500013,3189089
41188749,39045437,9336655,5539518,3222117
40323227,38402172,9194271,5458109,3175994
40746018,38670336,9255712,5494711,3166567
40490510,38576697,9228757,5482341,3208333
41447686,39226073,9384348,5564683,3197808
41521615,39291704,9403007,5580320,3191466
38096918,35945587,8611723,5113566,2924945
41026486,38732327,9264536,5501348,3170464
40850296,38725646,9263303,5505794,3159767
41398584,39060281,9350240,5540871,3131125
40886660,38780127,9284188,5512258,3170889
40089648,38258160,9142322,5433070,3125053
40733511,38865062,9301441,5524045,3178421
40481320,36329145,8701396,5162573,3203898
40798500,38436204,9189062,5455236,3215816
40418822,38959985,9324755,5534814,3241730
40224511,38894704,9308575,5523734,3202644
40199354,39256082,9388941,5571754,3192421
39979529,38631051,9247959,5489002,3240059
39856965,38904072,9306089,5521293,3181608
40522488,38944474,9327425,5532903,3203416
39683415,35668170,8538925,5073470,3061194
41838754,38240870,9162177,5439657,3383099
42525951,39125791,9358498,5549630,3447344
42111710,39051342,9346578,5540419,3437327
41303052,38695621,9261537,5500151,3407005
41462056,38580106,9224575,5478881,3400696
40854391,38479986,9217113,5474921,3399878
40993823,38567244,9226960,5481867,3412249
41979195,39249094,9393169,5567055,3424319
40954679,38556884,9234659,5485921,3406172
40346467,38190026,9138442,5424250,3393395
41473709,38976888,9318204,5531978,3432386
40484280,37956914,9080160,5391713,3347799
41162446,38627410,9241632,5484955,3350776
41388968,38921304,9312799,5525029,3437316
41529635,39054555,9342933,5542319,3379940
40910078,38529932,9225477,5473605,3337652
41297988,38727585,9270810,5503144,3400576
41484646,39015315,9335992,5539379,3386487
39010364,36296701,8692326,5153705,3153403
40924689,38205600,9141381,5427748,3365957
41418943,38897875,9313123,5530099,3380968
41563408,39078741,9346493,5548639,3373957
41977932,38989818,9331471,5537752,3402521
41512072,38974785,9328090,5539332,3399883
41318847,38842200,9293010,5517988,3414747
41681210,38986257,9345816,5547244,3403158
41437296,38812584,9291564,5517431,3388084
41382036,38727887,9276909,5503762,3359272
41977021,39024678,9339872,5541218,3411939
41082786,38530787,9218257,5474902,3368225
41768029,38866393,9298942,5521267,3404569
41837244,38824387,9280878,5510204,3418477
42064746,38957921,9325228,5530130,3425913
41645841,38731914,9274104,5507616,3404454
41471280,38774231,9274062,5505864,3390743
41750243,38840824,9298539,5518943,3425057
41724304,38749953,9272023,5503171,3420322
41520354,38834998,9305639,5515238,3398645
41876542,38925978,9327448,5529074,3423168
41375325,38348555,9193475,5453279,3391807
41584227,38902307,9313935,5528644,3262819
39068461,36502003,8735183,5184960,2982565
41825562,39263503,9388191,5574140,3158884
41257395,38955896,9331967,5536373,3148941
41309126,39145124,9370612,5561919,3193288
41679797,39273458,9401616,5579362,3177930
41879049,39218371,9377389,5562917,3188266
41940543,39092445,9359378,5553173,3185734
41265870,38607329,9242812,5490133,3161464
41279191,38747070,9277946,5505476,3130685
41245669,38946272,9317982,5533374,3144714
41508726,39066118,9344086,5547320,3144280
41287989,39076220,9345149,5549402,3188563
41835664,38977227,9331981,5539495,3154712
41791596,38981524,9328892,5535461,3215381
41375425,38734824,9275356,5504059,3206104
41810507,39004570,9336436,5541927,3174144
42329797,39438899,9444602,5601714,3188079
41530365,38726617,9269846,5506345,3180939
41062754,38357448,9184032,5451668,3130008
41501552,39129799,9365411,5555104,3135506
41298989,38891890,9308715,5531639,3158707
41711661,39080815,9340152,5542403,3195780
41683567,38900080,9316194,5530197,3197805
42134575,39153368,9375456,5563089,3231500
41974612,39081385,9356518,5554761,3209809
40590960,39038789,9338873,5543542,3349044
40619298,39033268,9351051,5540276,3347701
40538522,38710039,9269116,5501626,3314107
39946943,38526146,9218700,5468282,3264774
40151888,39148764,9367715,5556186,3259807
40199135,38881582,9306398,5519293,3275897
40062327,38609623,9237989,5488142,3238665
40655477,39390437,9427119,5590406,3298689
40792259,39461359,9448263,5599951,3371450
40704846,38969722,9331108,5535419,3314894
40515404,38990075,9334099,5534725,3297603
40356694,39070111,9350180,5545644,3303199
40025508,38631722,9246204,5489256,3273595
40564729,38834962,9286621,5513606,3304349
40674049,39181772,9370467,5562157,3314053
40687952,39248720,9398062,5577143,3318797
40917505,39269982,9402328,5575640,3325355
40877769,39090505,9359974,5551767,3356610
40690438,39153309,9369085,5557929,3294470
40412545,38740982,9272054,5504336,3314042
40674981,39138239,9370477,5561354,3287669
40437218,39074408,9356539,5550765,3300940
39939462,38852381,9307116,5520524,3303610
40430443,39482694,9449017,5604200,3311004
40271878,39269001,9403142,5579939,3204940
39886355,38822151,9284466,5515503,3214283
40563407,39236395,9396517,5572353,3218168
40164727,39330739,9406503,5581917,3206107
40500351,39174480,9375616,5564713,3162664
40190156,39096100,9350971,5555592,3161278
39896944,38885850,9301557,5528583,3135698
40684901,39407881,9435970,5590076,3176177
39400381,38378093,9189894,5457064,3078497
40468290,39338717,9412470,5587035,3203643
40375132,39173891,9375559,5565690,3167878
40750982,39479674,9451494,5603550,3150705
40602527,39186722,9374805,5562133,3175624
40737610,39120380,9366709,5558931,3221613
39945580,39023274,9344711,5543566,3168054
40270413,38829881,9290495,5516864,3175326
40831401,39233936,9397360,5571562,3209603
40386071,38841993,9291937,5517458,3129727
40108881,38460559,9202111,5465095,3153419
40508570,38823885,9290309,5517819,3158620
40664397,39270694,9398391,5573575,3177620
40030442,38518544,9222393,5476154,3170123
40432288,39031113,9332948,5538867,3180140
40179786,39184756,9377161,5563829,3175946
39904123,38950185,9322330,5538741,3180520
40202414,39314484,9412463,5584701,3149842
39907299,38760712,9283006,5505061,3166440
39931241,39040057,9346811,5549459,3190375
40067750,39040916,9336630,5537158,3172781
40245404,39372439,9434340,5592959,3157028
40203895,38997772,9341621,5544118,3177340
40310256,39004685,9329172,5537356,3139585
40696574,39214831,9377975,5565266,3211948
40312180,39055724,9344438,5546094,3171304
40682131,39580848,9477708,5623237,3191631
40816720,39392601,9434842,5592700,3184591
40707553,39287610,9406657,5577299,3197401
40273534,39247907,9394937,5575600,3177861
39585705,38387226,9187891,5455822,3152589
39400817,38505022,9208709,5472742,3144916
40665172,39484680,9448871,5603325,3187853
40466064,39398883,9427956,5591476,3158647
40117806,39028535,9348310,5550505,3184165
40312383,39190263,9380026,5563569,3161386
40527030,39290419,9405027,5584495,3154100
40143807,39123862,9356858,5549658,3148261
39913621,38951396,9329038,5534325,3180234
39726094,38701467,9259770,5494767,3115081
37707521,36034391,8622260,5123027,2959404
40494866,39153491,9374094,5561585,3204234
40074392,38677889,9262908,5494058,3187785
40480127,39213666,9390429,5572163,3227151
40622804,39631397,9484510,5625700,3280977
40364736,39405767,9425841,5600072,3248153
40296846,39348652,9415382,5591242,3248360
40316146,39235202,9394744,5577591,3240197
40730918,39756429,9514615,5641769,3228883
40327559,39324228,9414966,5591372,3233920
40279304,39068985,9346543,5547762,3209702
40496885,39505891,9456163,5610690,3296940
40214837,39300904,9412683,5586937,3282713
40169839,39237304,9389282,5568153,3219007
40257968,39146140,9371018,5559098,3233316
40016696,39036765,9347215,5544598,3130886
40022194,39076175,9351748,5550719,3233468
39957804,39094227,9361657,5562577,3251281
40284030,39178980,9375866,5555320,3259402
39571833,38842243,9294031,5516511,3204429
39304657,38704499,9263977,5500062,3155457
40102112,38778608,9289648,5512728,3214307
40558650,39026281,9343494,5551298,3238290
40371728,39038964,9343236,5547473,3228849
40717253,39507238,9444228,5609518,3243433
40647290,39335541,9413103,5585743,3214493
40389440,39023412,9341784,5544219,3231969
40745769,39371026,9424393,5594669,3249052
40827216,39216820,9387283,5569525,3243830
41169573,39827446,9519611,5652284,3262632
40019822,38704843,9269331,5501386,3205613
40801593,39521758,9458857,5614422,3222806
40631446,39617853,9471830,5619166,3201893
40406613,39287351,9401649,5584375,3205234
40278591,39216792,9390287,5578660,3191086
40570128,39571268,9473612,5620677,3213801
40804331,39531401,9459817,5611883,3230834
40618122,39387269,9435513,5598000,3207806
40545045,39092889,9359845,5553055,3208005
40788714,39329499,9412746,5584807,3223900
39987669,38885230,9305569,5526062,3196501
40145536,39206453,9385318,5567815,3184473
40793031,39661540,9497449,5634237,3213944
40198411,39046848,9339842,5544879,3194546
40634493,39449250,9435321,5598975,3205973
40730210,39619719,9477837,5619022,3197152
39965916,38816166,9290994,5515443,3163160
40023902,39045266,9335706,5546801,3202581
40141860,38888462,9305578,5523473,3185133
41705909,36462641,8727200,5182010,3537889
42135917,38010563,9094490,5397228,3406395
41360052,38390741,9187769,5453941,3436082
42091161,38696626,9260802,5493107,3450989
41781581,38535166,9224199,5474750,3424206
41901893,38703691,9265157,5499336,3409311
41487622,38597994,9241871,5486968,3406693
42218748,38881238,9301573,5518579,3449729
41941798,38626426,9246549,5484450,3402876
41257463,38193057,9150153,5428659,3355856
41549146,38679117,9259321,5492162,3360121
41550429,38220534,9151938,5432736,3397605
41412073,38297957,9166322,5435055,3394837
41773437,38443697,9206742,5461953,3461063
41565286,38538066,9226283,5475892,3440327
41520734,38332796,9163858,5443114,3384264
41641510,38557728,9227039,5476791,3407397
41787598,38406260,9197212,5459492,3397934
41238016,38351021,9175267,5448388,3340059
41747557,38554949,9226029,5471514,3320726
40922092,38245780,9156974,5440346,3258498
41059624,38122886,9107548,5406772,3193041
41542937,38357615,9182063,5454371,3241360
41538126,38618322,9241177,5486210,3266513
41211329,38432407,9190769,5459355,3256398
41402356,38589673,9229644,5482512,3239426
42289855,38715106,9266683,5501795,3242106
42114063,38605993,9240178,5480869,3231742
41655508,38419649,9208680,5469725,3219633
42259250,38642063,9247190,5480189,3233218
42497533,38893107,9313148,5523655,3218444
41432474,38300800,9170482,5438009,3177018
41797525,38681789,9262458,5497829,3259955
38624918,36064235,8630694,5123373,2978278
41159881,38709786,9264199,5497574,3225126
41976281,39073003,9348099,5542956,3202702
41690541,38833621,9296766,5518200,3226568
41587852,38896167,9309898,5526704,3264246
41838566,39204627,9382854,5566400,3255772
41732615,39147700,9364678,5554249,3217892
41605539,38716260,9283039,5507919,3230327
40196057,38117401,9126826,5414195,3150326
40805288,38653792,9249966,5491685,3208111
42059308,39329860,9419311,5587709,3260223
39861819,36446113,8718814,5173398,3049891
42248140,38634736,9241444,5487488,3261835
42069303,38550227,9229095,5472757,3196203
41625618,38410652,9193141,5456705,3197388
41978998,38559121,9234119,5481877,3226158
42127732,38536210,9234545,5472667,3225312
41789684,38376619,9181126,5445594,3146531
41488698,38130784,9119309,5413590,3158983
41607046,38119695,9123389,5416188,3178585
41476724,38103086,9120272,5418636,3191247
42576186,38712060,9258783,5491529,3241518
41791192,38321683,9175996,5447307,3186360
42096268,38488894,9211646,5465149,3241638
42162425,38686533,9264468,5495889,3192315
41558751,38186341,9134088,5425461,3206915
41808372,38481163,9215981,5462545,3226744
41224184,38124807,9119250,5413410,3237408
41629494,38398382,9186184,5451410,3237489
41188171,38046202,9104314,5407798,3240916
41416860,38324936,9166856,5443660,3324399
41844794,38519515,9218100,5467190,3307308
41785575,38296496,9165819,5441383,3256217
41528121,38375834,9186489,5453118,3204162
42075168,38763797,9280407,5503638,3245313
41497213,38443756,9196223,5457715,3270790
42081495,38542635,9228185,5471267,3279321
40920821,37593236,8995648,5341831,3231798
41116165,37980214,9085116,5399453,3228668
41619185,38149111,9124491,5416667,3198001
40885925,37498335,8977786,5331463,3250621
39100875,35851124,8574988,5089550,2957537
42028172,38531625,9223389,5473785,3186048
42111304,38817313,9292940,5514626,3191254
41162319,38150805,9126521,5419560,3165379
41412350,38416905,9202838,5455352,3173817
41802727,38722614,9277826,5502363,3208172
41165625,38205669,9150519,5432231,3158279
41133595,38171485,9125166,5419447,3163323
41196680,38201414,9139209,5428191,3192483
41292175,38415785,9202163,5465894,3204440
41435486,38331757,9168138,5446413,3159913
41279290,38034365,9101249,5406596,3139177
41243230,38048574,9105886,5408750,3199177
41890461,38409668,9191617,5454910,3202018
41332758,38143474,9131669,5418819,3191925
41790592,38222053,9143136,5431529,3192443
41046923,37632576,9010686,5350750,3146262
41842749,38336193,9169934,5449491,3180329
41913829,38383097,9193559,5457775,3202750
41319942,38031491,9097792,5402782,3211265
41893983,38435055,9180886,5451410,3227915
41572767,38291478,9165177,5439984,3218584
42065626,38545688,9226133,5474475,3230037
41754831,38482464,9208919,5465851,3246466
41750164,38564155,9235924,5479539,3265028
41824293,38432408,9196093,5461045,3278950
41769703,38361052,9174878,5449364,3245637
40804645,37841068,9052646,5376554,3148220
41187701,38153877,9131131,5425567,3197222
40699330,37640372,9005675,5350899,3180346
41692036,38283003,9159064,5433125,3219121
41409746,38298480,9165646,5441666,3250171
40751035,37441265,8963616,5319444,3164110
38724325,35636074,8535200,5067422,2977359
42339557,38721663,9261297,5494135,3294939
42047977,38584952,9239705,5484473,3235600
41683876,38244630,9150434,5425988,3175776
41712814,38142765,9129597,5418225,3254968
42356774,38831540,9291224,5511974,3274567
41977709,38682334,9263116,5497443,3251453
41658504,38431949,9192296,5459421,3203645
41685075,38478618,9209459,5468818,3209954
42170026,38689749,9257596,5493888,3227825
42035745,38543859,9229770,5475347,3227147
42082939,38716391,9272616,5499191,3213259
41943524,38559764,9226243,5476720,3207414
41380062,38162188,9131009,5421345,3175526
41146637,38259387,9153762,5438513,3200796
41705124,38543497,9227766,5475479,3244868
41569759,38392575,9189425,5452940,3246502
42203002,38889272,9307328,5521798,3240723
41579934,38528466,9228797,5476848,3250566
42523725,38907835,9311125,5522386,3250493
41865551,38544374,9226610,5474321,3235960
42018669,38537075,9235860,5477016,3257794
42497870,38783347,9284269,5510609,3281245
41498478,38233809,9157217,5436957,3221181
41616272,38491574,9212666,5467745,3187040
41464211,38248878,9159888,5441258,3192819
41111176,38271636,9155314,5440072,3197715
41951864,38700575,9268721,5503572,3205995
42011596,38732757,9260403,5499809,3248159
41631745,38478112,9212630,5467233,3282484
41673638,38737450,9277372,5507233,3251311
41850361,38848403,9310942,5521157,3270231
42506706,39123817,9370806,5556076,3293766
38136976,35512963,8506233,5044962,2949419
41144664,38515179,9218395,5470275,3167268
41001003,38390089,9190101,5454653,3174932
40943566,38498266,9212461,5469273,3176299
41474160,38956219,9323784,5533275,3190843
41064930,38609551,9246639,5491614,3225729
41112284,38675672,9260174,5496338,3176547
41305303,38803177,9283815,5510996,3197967
41465624,38868769,9300752,5514822,3186919
41212485,38715782,9266789,5497838,3214340
40533362,38024815,9116203,5405519,3151609
40494308,38251618,9151315,5432332,3156854
41629571,38996026,9322215,5533148,3184392
40624095,37052118,8871927,5265095,3118675
40367052,37410603,8958415,5317801,3133681
40748515,37872414,9060200,5381725,3180377
40925228,38152246,9131372,5421933,3175922
41742048,38740778,9277295,5498589,3198759
41366761,38508517,9219845,5471575,3188635
41580715,38600545,9240525,5485075,3224012
41398683,38349825,9181336,5449034,3225220
41634096,38475031,9206968,5468302,3264834
42153927,38839301,9304822,5517835,3283496
41714101,38593946,9251384,5489300,3252720
42410942,39091662,9348013,5545262,3285492
40765735,37226938,8915776,5288357,3325549
40568730,37509887,8985097,5336662,3307227
40914154,37711686,9019591,5357336,3365167
41210727,38030697,9100555,5397448,3307456
41398393,37956406,9082977,5389496,3345853
41143986,37715395,9032905,5356093,3203801
38141494,35299265,8453919,5017256,2978702
41268925,37910985,9076911,5386247,3126421
40051689,37356361,8940627,5306334,3140466
40400191,37713585,9028242,5362481,3156798
40816616,37915347,9074019,5385571,3182609
40911537,38107088,9127040,5413839,3175120
40491704,37870542,9070008,5384120,3181349
40379442,37856718,9055527,5369467,3101711
40623071,37666587,9011809,5348523,3149670
40437011,37514298,8981363,5328706,3111462
40821903,37805993,9054049,5371522,3150980
41097214,37946841,9088757,5387478,3153246
40511097,37552605,8995090,5340385,3154764
40109967,37430386,8952192,5315727,3139822
41214840,38061079,9105149,5398405,3159335
41052486,38035171,9107488,5399450,3123629
40526672,37641308,9009583,5346312,3141322
40512105,37557104,8996223,5336284,3164583
40240761,37490103,8980219,5331835,3124424
39840828,37027277,8856317,5258704,3137351
40867483,37758207,9046132,5366166,3170934
40504846,37258555,8926032,5293882,3184644
41184773,37998023,9102497,5399516,3184605
41212399,38128968,9128501,5411524,3210119
40493331,37540019,8989300,5339912,3162485
40939235,38071154,9106835,5400897,3190048
40548990,37613676,9003835,5339000,3152969
40440051,37675037,9025397,5352961,3186126
40877324,37956643,9090522,5393956,3221710
40521804,37766387,9035669,5360457,3181734
40553251,37617248,9003170,5344211,3149565
40772568,37940437,9081175,5388557,3187831
40319763,37809476,9047822,5366460,3160412
40430868,37986341,9090263,5391692,3172043
40649105,38127104,9123620,5412910,3152695
40323720,37892989,9072849,5381102,3176303
41963634,30058009,7204801,4275811,2384846
42245881,30487759,7307863,4329941,2418969
41433283,29804995,7145041,4244586,2386451
42040753,30513043,7312489,4334810,2412940
41893535,30126066,7215949,4279755,2428060
41490121,30046764,7192153,4267891,2421724
41711930,30254987,7242659,4296219,2408459
41344471,29997654,7180035,4263948,2416743
41520309,30152844,7211998,4283995,2430964
41466905,30031254,7193552,4271445,2412340
42238700,30499596,7304121,4330172,2414375
41907616,30374344,7284818,4315693,2418283
41614093,30040461,7201783,4269927,2368902
38837087,29755161,7131791,4228840,2380615
41264296,38000274,9096296,5403772,3148190
41653801,38531432,9224408,5478701,3191828
42039946,38752442,9269803,5499120,3191776
40129217,36783497,8808311,5225291,3078793
41378302,29767627,7133077,4228792,2361383
42168553,30326291,7263185,4309625,2437949
42313111,30409477,7278730,4321556,2446675
42784735,30641245,7341422,4349114,2486230
42047283,30161051,7228572,4281831,2459673
41692999,29911354,7165166,4253357,2443920
41491085,30009958,7186916,4265327,2431822
42320940,30526020,7304446,4332911,2446356
41771974,30222246,7235690,4291542,2411994
41550743,30050496,7190491,4269251,2441497
40674110,33328430,7974994,4731156,2733788
42159555,38384602,9186582,5454422,3198764
41956013,38213190,9140773,5422244,3190345
41285485,37746385,9046403,5361921,3160047
40125049,36776624,8804016,5228031,3106731
41141624,37611021,9005881,5349253,3162922
41585804,38061024,9108260,5407265,3175343
41164855,37611975,8992539,5339783,3161418
40577868,37391807,8947448,5311876,3130799
40786366,37666919,9015768,5353420,3165728
40758718,37557572,8986014,5334999,3182129
41443787,37953632,9075504,5385639,3195825
41347834,37921726,9078670,5387124,3181708
40756274,37697169,9026562,5352909,3173716
40429240,37256879,8920513,5296691,3141754
40852625,37829264,9058903,5377179,3192410
41291966,38142403,9128205,5412452,3146869
40731379,37794161,9052473,5371770,3176524
41321085,38302141,9162333,5439128,3193559
40499194,37576005,8991993,5342430,3137052
40626053,37651018,9017606,5348705,3147683
40816551,37851480,9055718,5377326,3184780
41011931,38020358,9099124,5393553,3158462
40898416,37851857,9058620,5378868,3217993
40702525,37523583,8978357,5328599,3205008
41042835,37921887,9074394,5386680,3189495
40560168,37747231,9042798,5364323,3173612
40378011,37708349,9028663,5357459,3155395
40641111,37952878,9083782,5390361,3177904
41220571,38036435,9092347,5397957,3221821
40570930,37706456,9028832,5360770,3186963
40991211,37868072,9062884,5380335,3181599
38037761,35295400,8463868,5015395,2960794
40616789,37874442,9062091,5379129,3135414
40635793,38052743,9110258,5405502,3142304
41657729,38611252,9252998,5488194,3219442
41615986,38561919,9228085,5480247,3281291
41447418,37005585,8865851,5260450,3206968
39726984,37173682,8894729,5278455,3099204
40934100,38780877,9284288,5509119,3219156
40580681,38966614,9324035,5530355,3226252
40237284,38748769,9272028,5503284,3252289
40328112,39041966,9351108,5544134,3245159
40470956,39198966,9390742,5568316,3248038
40063732,38528229,9230365,5474870,3206114
40232507,38667354,9258926,5493093,3276731
40288342,38628126,9250360,5489633,3292430
40484456,39135898,9360865,5558587,3307427
39946283,38700624,9262200,5498770,3245154
39601573,38505905,9208632,5468183,3204482
40206038,38861474,9305673,5524351,3260707
40457943,38921134,9317497,5530270,3280552
40777825,38975644,9337024,5536660,3239668
37987330,36159037,8658999,5138749,2994310
39996057,38034407,9106580,5408352,3228829
40552141,38817174,9284994,5508351,3297081
40531701,38820032,9291982,5511552,3291324
40718388,39067339,9356756,5550509,3339285
40377552,38654284,9249937,5496223,3288403
40494254,39097219,9359872,5556937,3275340
40076066,38838576,9284459,5511336,3277988
40734557,39194937,9378109,5563481,3337910
40383556,38900180,9311958,5523284,3339331
40217600,38935180,9324040,5531868,3269069
40093484,38626784,9246336,5488990,3279006
40498229,39136762,9366792,5558066,3292294
40394392,39040499,9336894,5546136,3274129
40473063,38993321,9331328,5537895,3295186
40618447,39034065,9345369,5546338,3263078
40561976,38891732,9306353,5520356,3293259
40809372,38825037,9293733,5519778,3286855
40898296,39100273,9363253,5548453,3326750
40837917,38987823,9331639,5534555,3296583
40265248,38682381,9257102,5500133,3290120
40196771,38387167,9183458,5450935,3293214
40647030,35602185,8527778,5061241,2960103
41141036,37885443,9065103,5380665,3140854
41135479,38328961,9166259,5441192,3164415
41579964,38346448,9183676,5444778,3205079
40909903,38190075,9136110,5426364,3182340
41309384,38482716,9202121,5461290,3220395
41972124,38801128,9290024,5513676,3224286
39515387,33700778,8081183,4787436,2778306
42474801,30333132,7265304,4310767,2457911
42342388,30191792,7225950,4285326,2438224
42412188,30324824,7261341,4308916,2464046
42521702,30655129,7340965,4354778,2454828
42320356,30427983,7289617,4327162,2446323
42322347,30544805,7320360,4342602,2464124
42146659,30362271,7276054,4319603,2430382
42375813,30315651,7261959,4308306,2442724
42732539,30656783,7331626,4352873,2423582
42976026,30551609,7330941,4342127,2434810
41565540,30866436,7391321,4386999,2508155
40193553,36473444,8734713,5184857,3060573
38072376,34414779,8238687,4884992,2963789
36352294,34336182,8210627,4878977,2949907
36191431,34509225,8264316,4905029,2995858
36227724,34797045,8321416,4937043,2978417
36330830,34638571,8298265,4923903,2975258
36246804,34758673,8324487,4938379,2986428
36409664,34977325,8374191,4968332,3021883
35801920,34352278,8228709,4880869,2996841
36111545,34575443,8279645,4913942,2902447
35705029,34140151,8174538,4852718,2848423
36127077,34569851,8270377,4907623,2847747
36428606,34953456,8363948,4960381,2853618
36306993,34752251,8313316,4929372,2877784
36015749,34494049,8265837,4905454,2851973
36185496,34930032,8358050,4957808,2890880
36105730,35000269,8377032,4970317,2863098
36187242,34707916,8314707,4930106,2873791
36069740,34620948,8300060,4920322,2907183
35867868,34613464,8283856,4909285,2840308
36058890,34590593,8286926,4915448,2861459
35993516,34726055,8312757,4929039,2876288
33734219,32345696,7744996,4599632,2649684
36060843,34991455,8377087,4970256,2805260
35716660,34606459,8292685,4921286,2837887
35923532,34928893,8355118,4955966,2837091
36136872,35071191,8390373,4978052,2840750
35499216,34461065,8257009,4907063,2839518
35745922,34801185,8335921,4943867,2827082
35637163,34566801,8269134,4908179,2857999
35596980,34643288,8301008,4924399,2846156
35749564,34861805,8343042,4950148,2832755
33340041,32392170,7764211,4604999,2655337
36260421,34931368,8362621,4957180,2843102
35873616,34825131,8343117,4947846,2837872
36169385,34932888,8369801,4967564,2847031
35849492,35094269,8401526,4984182,2843611
36114843,34720883,8324876,4936346,2813086
36203871,34910761,8369460,4958340,2812672
35682389,34454656,8252939,4896076,2802633
36081376,35005504,8384112,4971693,2834065
35835206,34896327,8354144,4956745,2832064
35980633,34765565,8325861,4940125,2820657
36171298,35009994,8384451,4971417,2831091
36188635,34616490,8295866,4922174,2886368
38991329,37240841,8912854,5288609,3232568
40795660,39253271,9387397,5572907,3434010
41110619,39301943,9403146,5580097,3410185
41097561,39646494,9497273,5630995,3440662
39976732,38665343,9253133,5495037,3409613
40366137,39099440,9354686,5551009,3380057
40624623,39264771,9399885,5576843,3421555
40653261,39223982,9389624,5569350,3430306
40226064,38816697,9293718,5524468,3427756
41024870,39522374,9453745,5611135,3455816
41215335,39591431,9475966,5621682,3448083
40619841,39027043,9341044,5547361,3305743
40601035,39407113,9431305,5593892,3276091
40486391,39116144,9370166,5557096,3297625
40409603,38942180,9320710,5534415,3288733
40749617,39505497,9461006,5607646,3282825
39824783,38700604,9262112,5495559,3207244
40452978,39115583,9363867,5558294,3183101
40259743,38774241,9277079,5505311,3213636
40332506,39019183,9338371,5543114,3233588
38681984,36928966,8832588,5244926,3135113
40774108,39015169,9329349,5539514,3370981
40471546,39051683,9336957,5540954,3353152
38018865,36340021,8707580,5156531,3156004
40060861,38531462,9222830,5474683,3220615
40169216,38895710,9312550,5528412,3235659
40068653,38818786,9293783,5517097,3228610
40375750,39086619,9357220,5556353,3299618
40834994,39453959,9436548,5600818,3280023
40220768,38862325,9299267,5518920,3241160
39894621,38582227,9230469,5482771,3238741
39802986,38627865,9237593,5489278,3291500
40543912,39201758,9369603,5563778,3312876
40478957,39258972,9401719,5575891,3326895
39815609,38721004,9265971,5499363,3284992
40152705,38806870,9294359,5515234,3301629
40523445,39253379,9391856,5574341,3393696
39789379,38536972,9221021,5474699,3325881
40551410,39203182,9386305,5573174,3352226
40710015,35659785,8543147,5076528,3212662
41959601,38359014,9178730,5449071,3273774
41432147,38400968,9186479,5454410,3262539
40270656,36979752,8864143,5252709,3208005
41099577,37851245,9053632,5375105,3222276
40434003,37143382,8889946,5279577,3195814
40688764,37810135,9041217,5366274,3228168
40233531,37387628,8954001,5316082,3215853
40685748,37804092,9049210,5373327,3220298
39996862,37585880,8990672,5340558,3201185
39840784,35965286,8611082,5109599,3735124
39958376,35164467,8422449,4999193,4088675
39505263,34983696,8375121,4971165,4074457
39026125,34750145,8319564,4936354,4026431
39905158,35333726,8453180,5015580,4066156
39354003,34844795,8335002,4944517,4016905
39535849,35001080,8386093,4979591,4058486
39374631,34811005,8339213,4949977,4046653
39969752,35896043,8587092,5094959,3831366
40534283,37817340,9047746,5371141,3283056
40127578,37631842,9005110,5344292,3244631
40674070,37789649,9039675,5368685,3268395
40855374,38111431,9129437,5415894,3263841
37917194,35038770,8395590,4978929,3037980
41008007,37763612,9045045,5363803,3263747
40691324,37366050,8945773,5310268,3203232
39821321,36781851,8792378,5217804,3177657
41274902,37961326,9073839,5389570,3281641
40608357,37524542,8988516,5336214,3266888
40325583,37645534,9006296,5346998,3230162
40356010,37696021,9016897,5355641,3286088
40117407,37596447,8991205,5340482,3241848
41246041,38269034,9161872,5426424,3295561
40572927,37775318,9048196,5366810,3295561
40128666,37780879,9042467,5369869,3234550
40312496,37580537,8993154,5336368,3196747
40341589,37681189,9018671,5353800,3254365
39710944,37425633,8955550,5321473,3138871
40771804,37803861,9039203,5368790,3146215
40785339,37924890,9076672,5387694,3089064
39970862,37774752,9045316,5365347,3057543
39632571,37310319,8933238,5306044,3089012
41075882,38136018,9121667,5416110,3034800
40905848,38074265,9113174,5401825,3071988
40683433,37806552,9062363,5377483,3081072
40123764,37373476,8939648,5310612,3114801
38807702,35678603,8551731,5068703,2848147
41120670,37989489,9085542,5392849,3057704
40831928,37782327,9051369,5370751,3074770
40568148,37749966,9029675,5360379,3111755
40668437,37694902,9024924,5355880,3082346
40366201,37600761,8998951,5344238,3078528
40691880,37874744,9071989,5380260,3084680
41146855,38058110,9111470,5399893,3094214
41038370,38080878,9105917,5405006,3121680
40528877,37457159,8969564,5325090,3088728
40693281,37637653,9014822,5349865,3123229
40861388,37866566,9069744,5383666,3122281
40828351,37677117,9007188,5347781,3152230
41355836,37905594,9078608,5385188,3158894
40474839,37712358,9035498,5363864,3117078
40891809,37767065,9043404,5365734,3166585
40870775,37790306,9048738,5368773,3210040
41026431,37825503,9064131,5374008,3188388
38357778,35365664,8469966,5021681,2931737
40129753,37405800,8957873,5313918,3051173
40524876,37850105,9060823,5373927,3070374
40438907,37725041,9030423,5355627,3083094
39692577,37397861,8955117,5316283,3060175
41135836,38587192,9230683,5477054,3136695
41753423,38808744,9286923,5510675,3198488
41130275,38393041,9195505,5459886,3179614
38790535,33196351,7949232,4714723,2637970
42555619,30573164,7322358,4343646,2422605
42366416,30480345,7291467,4326466,2379103
41494881,29976342,7175001,4258720,2401601
42276835,30498822,7301058,4334639,2437616
41541195,35803751,8572232,5085122,3194316
41390857,38777195,9281392,5508732,3419114
40911930,38909630,9311135,5526231,3440086
40748542,39043321,9348776,5545098,3439140
40382816,38650139,9259138,5492584,3414694
39785491,38236925,9152939,5429161,3361520
40711249,30513279,7318315,4338651,2599269
42876655,29908303,7169431,4247505,2505229
41980357,29956634,7167925,4253027,2483412
42118238,30027579,7196823,4265741,2516089
41745919,30042634,7198537,4270846,2492834
42551212,30367168,7275039,4317069,2571944
42728006,30462389,7304330,4328307,2602846
42992683,30566716,7323129,4339916,2544924
41516962,29735101,7123316,4225953,2479055
42032077,30144479,7213601,4274125,2499034
42092841,30021788,7195714,4263909,2484931
41424686,29634664,7099883,4212057,2461910
41748341,29756887,7126482,4228537,2479188
41791881,29862150,7158696,4246469,2480445
42101513,30013155,7192053,4268188,2525661
42612989,30413456,7276832,4318721,2541199
42984651,30648047,7332429,4349504,2519418
42030073,29951992,7168584,4255296,2512988
42325988,30431664,7291405,4327201,2471108
42432191,30435346,7297546,4329350,2429256
42963823,30646253,7340372,4350381,2456606
42513588,30242708,7251991,4296579,2430640
42912579,30604545,7334484,4351563,2460650
42255783,30404526,7288938,4325125,2462294
42843101,30671048,7357241,4360424,2467020
42430426,30372236,7277030,4319313,2435318
42740030,30546165,7312239,4339275,2445097
42203403,30328933,7267877,4313104,2462342
42818951,30574657,7315522,4339552,2428027
42046951,30258555,7245968,4300058,2420410
41870114,30228795,7236322,4292236,2450351
41651774,29973703,7172330,4258604,2398483
42567426,30429850,7292633,4327981,2468298
41928414,30230971,7239649,4295585,2418880
42741583,30711958,7352846,4359586,2426523
42183991,30366407,7275324,4316136,2405525
41886552,30173095,7222152,4286267,2426175
39038333,34891574,8352886,4955751,2842570
41156084,37889545,9072799,5386795,3166294
40533583,29232600,7010432,4157405,2295248
42226404,30553086,7315343,4337397,2373760
42059080,30108021,7214287,4276775,2363764
41978110,30229954,7242528,4298247,2389463
42144695,30282037,7246729,4300256,2389688
42243441,30197152,7233407,4296214,2373715
41159711,29462805,7059077,4190802,2339908
41088769,29443980,7058076,4187636,2336408
41207445,29408850,7048173,4181370,2345866
41384428,29760820,7120924,4225445,2336253
41569902,29822039,7141664,4237396,2368628
41512062,29958235,7177909,4255781,2375523
37697066,32662793,7819536,4642079,2630914
41097475,38484687,9209295,5467575,3146318
41276938,38625107,9239947,5481344,3182619
41441293,38733018,9271651,5506641,3200639
40930699,38748251,9273705,5506202,3143655
40354653,38374364,9185858,5454784,3132801
40439572,38386260,9188146,5451746,3145347
40860827,38649157,9251677,5490627,3133315
40922528,38727564,9266648,5498703,3118523
40447582,38328561,9175070,5444936,3163059
39760136,37817766,9050094,5376534,3091110
40661001,38616325,9241473,5483528,3151645
38491716,32740111,7838238,4649465,2613791
42180256,33253069,7955408,4721248,2680793
42010075,38877403,9305851,5518335,3183472
40841851,38023553,9105638,5407176,3161907
41198587,38424170,9191276,5452979,3141534
38566964,33623780,8058055,4778258,2686977
40569780,34728945,8310699,4931623,2902232
40897676,38957566,9330476,5530983,3223311
39431829,38493719,9202691,5462810,3148041
40106565,39281230,9408048,5582041,3224226
40301397,39377965,9418001,5585490,3237209
40481754,39495889,9445669,5601786,3226529
40610250,39537297,9476319,5617791,3239948
39827968,38729933,9278722,5509473,3178299
39707991,39195337,9381120,5567290,3221207
39917589,39336969,9418697,5583835,3204287
39655868,39204024,9385222,5565886,3198651
39848254,39066130,9348160,5544243,3225049
38992338,38486064,9209992,5469173,3112334
39998149,39409596,9438081,5598805,3186411
39915526,39008382,9340527,5539431,3163034
40328222,39670316,9506293,5640969,3182121
40250263,39611084,9488143,5627980,3202300
40213506,39427555,9438050,5605079,3216685
40276453,39540284,9459501,5616147,3204148
39757212,39021977,9331017,5547044,3157657
39896684,39266002,9394539,5578902,3182464
40115239,39486153,9447606,5605084,3198350
39776078,39046835,9346118,5547517,3124763
40121432,39230422,9386758,5569518,3200970
40218494,39569835,9467694,5618013,3180926
40028663,39260062,9393681,5580922,3197087
40171464,39576817,9470670,5623312,3220191
40209038,39451118,9441713,5604798,3262354
40990570,40112373,9607142,5695412,3273691
40716423,39642183,9481532,5627287,3241930
37826754,36946412,8854302,5244405,2986772
40864064,39394782,9432464,5598209,3190881
40409515,39122636,9364539,5554900,3178561
40243517,38996703,9336685,5545926,3174700
40734324,39366172,9422263,5594504,3296271
40667924,39310347,9413842,5589915,3224185
38340842,36831329,8811642,5226675,3031997
40937514,39242177,9381822,5572125,3284338
40970443,39275248,9405201,5579873,3254795
40844978,39361071,9414454,5587970,3229092
41256689,39575029,9479224,5615925,3321087
40869467,39522525,9464532,5620554,3289866
40598813,39103273,9358319,5554239,3197926
40748396,39389304,9434648,5598223,3281874
40638550,39495997,9450241,5610373,3309471
40867939,39782972,9519260,5643455,3267888
40630474,39558339,9459729,5615417,3213118
40875067,39736616,9504043,5638435,3228896
40688945,39566961,9471814,5622616,3213215
40502045,39261001,9395236,5578826,3303729
40428727,39045416,9353271,5554875,3264475
40860225,39673853,9497379,5637155,3249645
40416394,39158344,9378024,5564296,3241798
37797769,36666618,8774165,5204860,2992446
40846997,39245718,9396250,5581672,3196604
40714311,39324600,9407300,5585558,3223212
40683260,39480640,9450460,5607285,3212756
40066621,39131365,9370237,5561310,3203564
40564167,39330686,9410769,5588084,3213521
40433468,39449279,9437799,5601492,3199568
40302848,39273051,9412762,5579894,3199032
39996426,38981004,9336157,5544178,3153094
39800885,38734443,9271732,5503999,3174325
40066155,39005299,9334550,5541038,3171858
39947773,38073948,9106556,5399113,3276284
40584345,38953432,9328751,5539855,3328339
40662698,39221613,9384700,5572618,3367840
40800218,39568221,9461921,5614813,3329562
40832503,39483710,9446208,5605623,3406402
40529507,39032875,9343824,5550027,3370051
41046507,39481015,9454732,5605065,3389964
41026991,39390078,9434001,5593469,3394089
40773181,39183749,9381481,5565378,3344472
40830006,39429518,9439573,5602750,3416838
41069280,39605165,9482714,5624519,3406098
40794747,39303201,9421261,5592875,3446590
40873567,39276532,9400988,5581167,3431970
40887676,39472915,9445828,5606069,3445808
40573396,39095084,9352607,5555856,3384525
41040847,39578938,9466358,5616872,3365446
40951758,39260499,9407003,5575301,3442935
41128238,39405346,9426640,5594270,3465061
40641546,39054813,9350075,5544587,3410176
41007185,39605571,9472060,5619440,3391866
41207796,39775870,9527639,5645217,3497220
40355716,39003448,9336557,5544876,3364921
40701964,39221644,9397291,5579983,3444137
40828110,39504209,9463916,5611018,3419007
40500257,39320279,9410251,5585667,3282597
40593446,39290077,9413351,5588515,3280533
40549863,39503535,9451244,5604110,3239159
40609592,39544762,9472565,5619741,3262078
40110698,39150616,9366625,5562404,3223141
40514427,39390589,9431981,5598080,3301823
40762964,39582296,9476719,5623276,3263587
40803155,39741248,9523516,5644558,3281772
40389486,39410759,9425992,5601471,3269290
40632091,39654907,9496613,5631668,3260250
40444848,39564950,9466927,5619965,3221981
40442568,39434551,9445006,5605031,3248268
40744641,39378085,9438005,5597384,3309356
40276235,38997675,9330530,5538792,3242078
40320870,39284774,9403368,5584454,3237860
40758763,39743413,9510959,5641645,3248770
40705051,39740100,9508059,5644781,3247517
40556177,39271286,9402984,5580311,3252570
40732559,39565974,9471216,5616207,3283282
40730079,39512185,9462498,5610717,3267035
40603294,39347033,9425807,5596859,3284011
40515774,39454161,9445518,5610795,3235232
40879401,39570776,9479123,5617276,3257863
40125795,39142351,9359320,5556391,3180395
38319450,36718285,8788057,5218015,3037204
40902102,39033092,9341270,5544111,3253294
40986384,39248817,9404834,5581039,3225724
40686967,38891612,9311374,5526704,3229632
40475185,38940837,9315921,5533691,3268517
40633520,38962652,9327899,5535056,3309968
40329021,38731109,9266328,5507876,3261355
40417372,38672822,9248205,5494023,3284382
40704049,39128181,9364176,5555842,3350710
40554691,38915151,9312132,5524612,3299024
40495015,39008875,9334536,5547128,3277276
40997059,39458075,9449014,5605869,3294444
40807991,39189431,9380513,5566682,3288719
40817786,39060419,9341698,5547804,3278135
40772453,39077161,9361255,5557518,3284296
40762029,38952718,9325048,5534959,3290641
40543223,38712903,9270428,5508777,3267473
40534064,39127772,9359096,5556228,3307326
40559472,39144782,9374142,5557635,3309216
37870793,36355391,8699787,5160063,3007604
41003606,39385211,9432149,5594550,3202548
40497120,39331151,9410440,5584714,3269287
40606386,39550672,9474009,5621490,3225908
40238452,38996184,9330707,5543100,3230080
40689228,39390340,9418610,5590725,3246467
41277518,40060950,9584198,5680694,3285389
40561489,39120012,9368612,5560893,3264212
40708527,39373560,9424913,5597722,3245658
40528865,39130421,9375549,5561945,3277092
40350287,39133712,9374266,5559023,3257144
40886524,39902040,9551357,5662645,3220665
40742247,39644618,9493244,5635927,3228153
40464813,39278485,9406523,5586972,3235635
40263658,39190817,9376463,5563316,3201662
40939445,39901289,9542171,5659338,3268282
40855009,39683992,9507249,5642475,3238137
40728817,39689776,9511978,5643938,3212233
40572726,39314276,9411836,5587993,3223662
40416783,39123444,9362102,5558468,3231898
40136344,38885307,9297799,5521705,3219301
40600792,39281142,9399355,5580255,3210517
40951291,39793948,9524479,5648392,3244227
40666783,39490507,9443671,5603634,3240431
40306104,39248085,9397030,5579134,3256708
40606735,39342098,9423212,5585755,3245016
40694153,39372917,9416209,5589358,3212972
39467633,37820459,9053855,5373970,3127274
41198792,39526076,9447521,5608134,3231004
40453447,38991691,9334339,5540573,3261970
40868144,39197298,9382581,5565558,3245592
40602974,39191328,9383963,5568489,3270538
40733508,39229013,9390832,5578061,3296828
40880813,39097574,9352194,5549067,3317560
40192087,38832104,9289952,5515775,3238099
40782476,39279465,9398193,5581622,3354932
41034134,39605148,9485152,5625760,3389784
40821877,39270589,9407317,5582243,3359232
39961934,38063903,9113410,5405673,3302100
40845429,39162150,9376718,5563330,3376165
40484119,39125427,9362286,5555205,3381372
40809367,39229106,9390793,5572847,3399213
40599082,39043468,9342730,5547483,3416639
40818458,39386240,9425153,5591298,3419243
40930276,39452161,9434791,5596822,3405298
40775138,39187925,9380294,5564757,3425177
40792609,39366743,9423221,5591369,3382390
40766869,39496578,9452176,5610055,3241427
39935615,38727533,9277886,5511284,3225060
40301846,39140820,9374107,5554637,3267091
39827103,38677565,9267331,5501732,3227660
40656075,39461546,9450313,5600278,3238296
40628524,39327498,9412850,5584486,3245695
40512699,39318245,9399754,5580454,3272944
40458393,39075501,9347890,5547083,3280447
40362743,38930760,9312931,5530219,3253452
40320831,38896671,9306917,5527920,3215651
40422904,39129037,9362521,5554653,3203373
39870671,38432042,9206968,5465265,3206188
40883809,39660284,9487339,5622484,3219060
40074948,38788727,9285344,5512087,3160468
40447612,38941228,9320052,5537145,3224089
40320463,39149119,9369808,5563957,3220359
40562198,39243774,9390023,5568885,3269655
40455727,39221241,9388338,5572861,3259163
40740098,39296102,9408310,5578419,3271243
40235314,38870489,9307125,5524115,3214279
39908333,38690029,9257191,5501489,3200352
39933308,39078461,9354074,5545075,3218969
40024304,39049507,9349158,5547303,3207442
39940743,38869399,9307668,5523788,3183918
40178779,39029238,9336081,5543798,3235304
40324992,39268318,9398254,5575369,3223530
40047010,39124189,9364568,5559806,3221391
40282578,39017553,9345706,5544282,3203847
40890916,39583182,9471322,5619371,3245200
40301746,38926901,9317481,5530221,3234927
40327029,38905227,9314740,5530282,3242099
40398160,39046104,9346862,5545366,3214818
40566526,39217106,9380170,5565681,3236511
39997516,38704442,9263448,5501179,3190483
40191652,38891490,9305482,5521752,3229388
40373456,39192798,9389426,5571145,3213046
40620841,39681610,9491525,5631292,3257192
40646424,39369734,9425768,5593887,3302550
40269974,39035529,9338225,5547410,3271853
40155015,38918272,9315678,5529999,3242996
40150584,39158384,9368305,5565477,3197871
40414649,39217568,9397321,5570985,3266001
40348112,39222698,9397672,5574926,3226771
40096423,39025955,9340082,5542930,3163737
40153753,39088069,9358546,5556101,3198780
40226255,39223498,9382863,5567213,3211168
40305040,39253237,9395384,5576940,3214832
40069531,39029117,9344298,5550348,3187444
40227616,39308200,9391352,5575108,3177329
40527265,39399971,9429210,5591472,3193576
40123046,38959854,9330121,5541270,3196552
40166924,39103929,9362491,5555771,3164130
40140359,39012561,9335575,5544395,3180991
39613646,38585078,9225944,5477502,3166447
40033835,39071398,9341057,5550476,3169404
40216084,39228339,9383969,5569292,3177062
40095152,38943461,9319811,5527665,3169714
40309863,39070104,9354375,5552866,3179626
40669847,39488519,9450079,5605552,3171361
39991992,38827540,9294348,5520365,3163787
40280638,39134680,9369251,5565315,3200354
40347204,39247971,9384490,5568875,3181899
40131057,39063853,9345472,5548214,3191506
39865494,38800131,9279370,5509187,3165279
40640581,39448069,9448729,5604111,3221466
37197085,36188278,8666612,5144372,2948368
40759203,39418948,9430098,5595898,3206888
40109761,38768769,9280924,5507088,3207860
40630841,39092895,9363243,5553548,3194947
40601537,39291758,9411753,5586497,3184475
40334815,39122229,9364776,5557900,3210287
40693491,39585348,9479044,5616216,3208576
39878983,38851171,9297188,5515812,3157522
40624249,39566013,9473451,5620757,3214237
40201377,39201364,9375728,5569078,3203363
40281365,39222329,9391867,5575483,3201249
40367905,39400408,9424524,5595553,3216462
40464703,39207833,9381444,5570299,3233691
40468722,39279357,9405060,5579342,3233531
40067088,39105904,9372701,5560613,3204196
39781012,38814284,9290503,5514285,3210813
40036268,39072867,9348281,5547518,3197707
39625000,38727947,9263564,5498662,3138002
39833087,38871354,9304621,5523311,3188683
40131026,38973483,9331682,5539686,3205653
40259434,39211024,9382679,5572176,3191274
40183040,39057805,9353829,5553564,3156939
39836893,38953495,9319642,5531955,3205210
40524788,39593107,9477563,5621018,3191479
40091234,39108193,9357851,5553729,3182543
40437053,39497182,9448849,5605890,3212628
40251483,39135199,9369225,5558107,3224452
39818416,38801097,9291507,5514308,3167137
40214979,39166426,9373734,5562049,3176812
40166693,39128693,9358740,5557360,3189516
40432332,39516117,9455743,5609587,3222535
40618078,39548535,9466327,5614774,3217203
40757526,39664098,9503322,5634461,3225748
39894473,38918928,9313378,5532080,3212998
40171143,39077120,9357329,5555537,3207449
39977907,39059850,9341887,5545657,3177815
40492149,39489574,9458069,5605173,3207196
39586430,38631302,9244292,5489884,3159476
40402025,39399033,9436509,5597991,3235075
40237391,39238301,9397264,5570755,3246905
39922950,38998829,9345347,5545337,3164185
40155851,39239389,9391852,5571506,3203647
40060798,39174836,9372723,5568296,3219073
40032877,39110253,9359662,5556851,3216448
40046727,39084706,9353993,5552406,3212594
40284461,39337201,9407070,5581597,3235001
40523177,39645509,9492593,5628042,3215481
39590639,38589633,9233414,5484514,3190545
40322326,39206834,9383592,5573205,3261070
40365252,39210537,9390028,5569499,3271272
39989307,39006405,9339906,5542293,3192514
40012339,38929587,9320655,5535386,3226676
40085733,39192111,9378797,5567663,3193763
40041561,39228549,9378018,5568093,3201050
39935742,38964422,9322039,5533676,3169642
40043993,39093859,9351642,5554763,3207831
39949123,38973745,9327562,5533564,3192056
40003781,39171043,9368807,5556312,3193409
40444377,39421322,9431493,5595230,3225329
40456683,38923169,9327198,5532439,3262663
40551706,39266709,9408210,5583496,3263710
41152410,36165203,8670573,5142225,3369766
14255358,12339227,2976064,1756606,1093124
232094,213868,77549,36188,17456
169768,150454,55064,25643,15593
130863,109509,40544,18836,13900
170392,137163,51067,20439,20219
129050,121956,43491,21232,10679
87589,71945,27279,12637,8886
86562,70654,26501,12300,10069
76550,61324,22976,10670,9365
80901,66172,25006,11584,10385
31099,21966,8313,3847,5571
71680,53765,20284,9393,10218
52920,41327,15556,7201,7513
50136,37654,14248,6598,7578
92060,78272,29646,10469,12096
51451,40829,15446,7156,6629
52580,48563,15884,8415,6413
58851,45209,17424,8099,8442
42749,30151,11630,5411,6475
42968,31380,11880,5502,6400
44842,31882,11982,5545,7205
25527,16199,6053,2795,4630
38235,24667,9399,4362,6776
44251,31589,11927,5524,7219
64205,53198,20148,6054,9358
37075,27778,10593,4920,5443
40123,30550,11705,5435,5680
42932,42035,13462,7297,4135
32895,24414,9347,4340,4737
34567,24238,9328,4337,4944
37818,27888,10615,4921,5523
26446,18178,7014,3265,4331
27678,16032,5997,2773,5424
20004,12966,4840,2236,3783
76880,68159,25915,8739,10721
16965,11761,4598,2146,2740
22798,15884,5982,2773,3956
40715,38413,12148,6693,4879
22312,12101,4670,2170,5107
51404,35916,13894,6463,7716
23241,12346,4717,2192,5533
27720,15441,5880,2729,5698
20600,12503,4730,2191,4239
11139,6481,2423,1118,2476
57530,50526,19045,5539,9284
25526,18047,6972,3244,4167
26436,18186,7006,3264,4913
24583,15632,5908,2728,3623
26253,28547,8505,5017,2205
24714,15438,5893,2729,4998
34560,23634,9208,4292,6054
23468,15411,5880,2729,4328
23334,14951,5801,2706,4424
7685,6299,2371,1096,703
47806,44156,16631,4421,9470
20248,13006,4850,2236,3827
23555,15005,5808,2705,3995
20274,12467,4728,2192,3992
45824,40594,13163,7186,5719
21658,14623,5714,2663,3546
22854,14052,5592,2615,4100
10490,6527,2422,1118,2041
22062,13006,4850,2236,4873
15009,9134,3511,1632,2855
46681,43967,16615,4421,8516
10546,6555,2424,1118,2322
29047,17902,6953,3243,5941
18621,11693,4559,2124,3774
35448,34489,10811,6090,3847
9320,5771,2262,1052,2183
27736,15678,5943,2750,5795
21349,14538,5702,2660,3543
10906,6430,2416,1118,2472
21920,12439,4722,2191,4658
42304,40778,15419,3872,7679
17202,12113,4665,2170,2802
4939,3029,1158,537,817
31017,17239,6793,3174,6980
11772,6618,2434,1118,2444
28676,31835,9725,6134,3642
23750,12099,4672,1611,2758
25054,13956,5583,2615,4936
10769,6430,2414,1117,2238
16561,9749,3628,1676,3415
51385,46649,17704,4932,8620
14179,8653,3402,1586,2982
6356,3302,1215,558,1689
18374,11269,4490,2100,3704
18081,12604,4744,2188,3448
27915,28494,8500,5015,3083
18950,12086,4667,2167,3880
18890,11235,4484,2100,3986
13920,9143,3511,1630,2562
11204,6547,2422,1116,2537
45195,43374,16492,4374,8376
18463,12097,4661,2166,3477
4181,3025,1157,536,549
17416,9156,3509,1630,4132
15997,11410,4500,2100,2924
35931,35102,10936,6131,4162
13678,8837,3457,1609,2562
19270,11806,4602,2144,3715
16975,11821,4603,2144,2811
11457,6547,2422,1116,2662
45526,43374,16492,4374,8208
18342,12097,4661,2166,3639
4946,3025,1157,536,782
17322,9156,3509,1630,4320
15738,11410,4500,2100,2506
35537,35102,10936,6131,3672
10899,6405,2414,1116,2210
18922,11559,4552,2123,3468
13823,11290,4491,2221,3058
15172,6467,2425,995,1706
52510,43891,16632,4430,8273
19214,12594,4769,2210,3659
10238,5715,2252,1050,2386
11367,6486,2417,1116,2830
20941,14080,5592,2614,3403
11934,6608,2436,1116,2778
32473,31692,9707,5573,4162
15053,8888,3460,1609,3318
27822,17168,6790,3172,5658
11355,6465,2414,1116,2998
43125,40809,15410,3860,8262
18082,12326,4711,2188,3251
14456,8653,3402,1586,2988
6463,3302,1215,558,1687
23620,14603,5712,2658,3966
14501,9269,3526,1630,2988
30644,31692,9707,5573,3496
13844,8888,3460,1609,2896
23756,17168,6790,3172,3868
10778,6465,2414,1116,2533
41084,40875,15427,3870,7357
17987,12326,4711,2188,2970
14337,8653,3402,1586,2946
6504,3302,1215,558,1689
17343,11268,4486,2100,3508
18514,12604,4744,2188,3520
27242,28494,8500,5015,3277
17517,8837,3457,1609,4620
22103,11806,4602,2144,5217
16810,11821,4603,2144,2798
42644,40870,15415,3860,7927
14745,9051,3499,1630,2448
17449,12097,4661,2166,3356
4171,3025,1157,536,699
13563,6486,2417,1116,3948
19686,14080,5592,2614,3499
19512,12480,4733,2188,4139
26471,29027,8617,5059,2351
16797,8887,3459,1609,4266
17594,13962,5584,2614,2045
44277,40788,15407,3860,8277
21278,12343,4712,2188,5268
18464,12097,4661,2166,3460
3748,3025,1157,536,490
11566,6486,2417,1116,2610
20720,14080,5592,2614,3364
18393,12480,4733,2188,3377
28825,29027,8617,5059,3776
13069,8887,3459,1609,2672
16091,13962,5584,2614,1696
44249,40788,15407,3860,9440
19914,12343,4712,2188,3388
14393,9407,3566,1652,2674
10078,5715,2252,1050,2257
11197,6486,2417,1116,2690
21262,14080,5592,2614,4600
13124,6608,2436,1116,3674
30295,31692,9707,5573,3122
15461,8888,3460,1609,3742
26999,17168,6790,3172,5756
42869,40788,15407,3860,8277
14590,9156,3509,1630,2884
14057,9656,3619,1674,2791
12843,8653,3402,1586,2474
6478,3302,1215,558,1831
21880,14603,5704,2658,4437
13961,9269,3526,1630,2985
27945,28494,8500,5015,3466
17243,8837,3457,1609,4668
22078,14484,5694,2658,4136
44764,43461,16504,4374,8320
10743,6547,2422,1116,2461
13945,9051,3499,1630,2893
19370,12097,4661,2166,3893
4343,3025,1157,536,683
16801,9156,3509,1630,4287
13547,11410,4500,2100,1695
40889,35102,10936,6131,6942
12263,6405,2414,1116,2844
19572,11559,4552,2123,3952
20139,12965,4978,2360,1917
44121,42466,16150,4168,9111
14327,9051,3499,1630,2870
17663,12097,4661,2166,3216
4018,3025,1157,536,687
12436,6486,2417,1116,3636
19988,14080,5592,2614,3765
19938,12480,4733,2188,4012
29082,29027,8617,5059,3590
14027,8887,3459,1609,3054
47750,48285,18577,5358,7274
11149,6465,2414,1116,2668
21473,12343,4712,2188,4837
13975,9407,3566,1652,2665
9263,5715,2252,1050,1690
12175,6486,2417,1116,3264
22099,14080,5592,2614,4062
13873,6609,2441,1116,3445
31203,31692,9707,5573,3185
15361,8888,3460,1609,3573
58091,51491,19783,5916,10628
11277,6465,2414,1116,2764
15081,9156,3509,1630,2850
19383,12594,4769,2210,4099
9724,5715,2252,1050,1972
6119,3302,1215,558,1515
23680,14603,5704,2658,4923
15811,9269,3526,1630,3484
28098,28494,8500,5015,2962
12221,8837,3457,1609,3661
53434,46129,17595,4888,8578
16567,11821,4603,2144,2697
10756,6547,2422,1116,2498
16457,9051,3499,1630,3644
18739,12097,4661,2166,3398
4650,3025,1157,536,776
12895,6486,2417,1116,3636
20525,14080,5592,2614,3467
19991,12480,4733,2188,3863
20107,25820,7410,4503,2083
57406,46419,17670,4909,9035
20521,13962,5584,2614,3429
12732,6465,2414,1116,3468
16147,9156,3509,1630,3331
18998,12594,4769,2210,3725
9816,5715,2252,1050,2235
6535,3302,1215,558,1793
23417,14603,5704,2658,4605
15427,9269,3526,1630,3423
32891,31692,9707,5573,4435
45367,43211,16453,4353,8197
27261,17168,6791,3172,4197
11004,6465,2414,1116,2348
10986,6486,2417,1116,2464
18751,12326,4711,2188,3248
13527,8653,3402,1586,2571
0,0,0,0,0
17397,9156,3509,1630,4274
13982,11410,4500,2100,1826
36468,35102,10936,6131,4902
45951,43226,16467,4363,8107
21425,14484,5694,2658,3790
13150,9143,3511,1630,2467
10971,6547,2422,1116,2603
13544,9051,3499,1630,2759
21421,12097,4661,2166,4753
5098,3025,1157,536,1084
13081,6486,2417,1116,3648
29800,14080,5592,2614,6693
22374,12480,4733,2188,4619
59564,63350,21610,7803,7871
13805,8887,3459,1609,2815
16878,13962,5584,2614,1945
11030,6465,2414,1116,2579
23803,12343,4712,2188,6082
15007,9407,3566,1652,3565
9868,5715,2252,1050,1741
12530,6486,2417,1116,3137
20465,11419,4502,2100,4329
17679,9269,3526,1630,4105
62773,66015,22700,8317,8755
14954,8888,3460,1609,3428
26813,17168,6790,3172,4553
10971,6465,2414,1116,2257
14864,9156,3509,1630,2783
16491,9656,3619,1674,3762
8934,5628,2245,1228,3414
10385,3027,1170,358,16
18614,9156,3509,1630,4579
14553,11410,4500,2100,1968
71242,69425,23929,8875,11754
14073,8837,3457,1609,3070
18497,11806,4602,2144,3632
16685,11821,4603,2144,2995
10761,6547,2422,1116,2825
14709,9051,3499,1630,3178
19776,12097,4661,2166,4138
4512,3025,1157,536,838
12922,6486,2417,1116,3575
23910,14080,5592,2614,4722
49661,40931,15429,3860,7887
30007,31692,9707,5573,2718
15463,8888,3460,1609,3630
30391,17168,6790,3172,7225
12562,6465,2414,1116,3851
6493,3292,1214,788,3389
24091,12256,4711,1958,3083
12274,8894,3457,1608,1697
6206,3025,1157,536,1565
11857,6486,2417,1116,2846
55143,48403,18585,5358,9957
22268,12480,4733,2188,5133
27753,29027,8617,5059,2794
16055,8887,3459,1609,3844
18045,13962,5584,2614,2600
11223,6465,2414,1116,2751
22058,12343,4712,2188,4788
14621,9407,3566,1652,3014
9700,5715,2252,1050,1898
7055,3302,1215,561,3477
64820,49404,18848,5465,9652
14319,9269,3526,1630,2848
29736,31692,9707,5573,2739
15146,8888,3460,1609,3071
26750,17168,6790,3172,4472
10501,6465,2414,1116,2238
11437,6486,2417,1116,2486
19084,12326,4711,2188,4032
14048,8653,3402,1586,2779
0,0,0,0,0
51572,43479,16502,4374,9693
20383,14685,5714,2658,3226
29325,31827,9722,5573,2978
15225,8837,3457,1609,3430
22054,14484,5694,2658,4558
6861,5933,2306,1087,2448
15304,6467,2442,1659,3239
24475,12344,4701,1630,3241
18580,12097,4661,2166,3417
4659,3025,1157,536,722
48745,40809,15410,3860,10708
20438,14080,5592,2614,3518
21881,12480,4733,2188,5163
27449,29027,8617,5059,2749
13879,8887,3459,1609,3223
17292,13962,5584,2614,2287
11221,6465,2414,1116,2758
18145,9156,3509,1630,4825
21712,12594,4769,2210,5060
10392,5715,2252,1050,2298
40211,37625,14208,3302,6851
22972,14603,5704,2658,4077
17286,9269,3526,1630,4416
30352,28494,8500,5015,4451
24759,12086,4667,2167,3948
19245,14451,5692,2658,1963
11229,5927,2311,1072,760
8979,6547,2422,1116,886
20866,15520,5915,2746,2194
11116,8653,3402,1586,1097
7063,1609,470,250,737
50243,41870,16032,4124,6775
16667,14685,5714,2658,864
27676,31827,9722,5573,854
13270,12086,4667,2167,982
18222,17168,6790,3172,524
7071,6465,2414,1116,332
7137,6486,2417,1116,360
12753,12326,4711,2188,394
8985,8653,3402,1586,166
5154,1609,470,250,411
35568,44551,17126,4638,1558
16409,15337,5842,2702,664
24795,28494,8508,5015,498
13336,12086,4667,2167,732
18090,17168,6790,3172,414
6754,6465,2414,1116,292
6496,6486,2417,1116,100
12781,12326,4711,2188,371
8907,8653,3402,1586,155
30975,37691,14225,3312,1063
11963,11268,4486,2100,224
12792,12604,4744,2188,389
25364,31692,9707,5573,474
9993,8888,3460,1609,533
18624,17168,6790,3172,974
10277,6465,2414,1116,1807
7596,6486,2417,1116,578
14298,12326,4711,2188,1273
10055,8653,3402,1586,739
5669,1609,470,250,435
40505,47284,18224,5152,3897
14066,12604,4744,2188,952
22431,28494,8500,5015,677
13643,12086,4667,2167,1061
18630,17168,6790,3172,1001
7584,6465,2414,1116,471
7063,6486,2417,1116,378
13600,12326,4711,2188,1040
15706,10262,3872,1836,899
26833,36016,13738,3052,1674
12776,11268,4486,2100,456
13226,12604,4744,2188,930
26320,31692,9707,5573,791
9296,8888,3460,1609,498
18420,17168,6790,3172,760
7506,6465,2414,1116,533
6983,6486,2417,1116,420
13188,12326,4711,2188,544
16746,10262,3872,1836,2213
26190,36016,13738,3052,1700
12443,11268,4486,2100,430
14152,12604,4744,2188,876
26226,31692,9707,5573,816
9305,8888,3460,1609,474
18142,17168,6790,3172,587
6915,6465,2414,1116,326
6588,6486,2417,1116,110
13033,12326,4711,2188,501
14239,10262,3872,1836,880
26229,36016,13738,3052,1280
12242,11268,4486,2100,213
13791,12604,4744,2188,707
25923,31692,9707,5573,713
9419,8888,3460,1609,394
18930,17168,6790,3172,1049
6965,6465,2414,1116,408
7292,6486,2417,1116,440
13361,12326,4711,2188,910
37188,42976,16395,4330,2741
3797,3302,1215,558,249
12404,11268,4486,2100,514
13737,12604,4744,2188,1056
25908,31692,9707,5573,963
9246,8888,3460,1609,356
17262,17168,6790,3172,458
7044,6465,2414,1116,403
6799,6486,2417,1116,308
12854,12326,4711,2188,535
39803,43452,16535,4396,2189
3839,3302,1215,558,273
15538,14603,5704,2658,495
10144,9269,3526,1630,605
25711,31692,9707,5573,574
9484,8888,3460,1609,531
18202,17168,6790,3172,1112
6785,6465,2414,1116,278
7203,6486,2417,1116,349
12929,12326,4711,2188,547
36749,42976,16395,4330,2141
3659,3302,1215,558,224
15494,14603,5704,2658,789
9843,9269,3526,1630,395
25279,31692,9707,5573,581
9635,8888,3460,1609,481
17714,17168,6790,3172,620
6861,6465,2414,1116,299
9345,9156,3509,1630,164
10071,9656,3619,1674,467
36286,42976,16395,4330,1784
3924,3302,1215,558,272
15403,14603,5704,2658,465
10181,9269,3526,1630,402
25866,31692,9707,5573,805
9245,8888,3460,1609,340
23108,17168,6790,3172,3740
7498,6465,2414,1116,802
7544,6486,2417,1116,880
13967,12326,4711,2188,1419
41053,43386,16518,4386,4681
4142,3302,1215,558,629
16118,14603,5704,2658,1246
11125,9269,3526,1630,961
26095,31692,9707,5573,906
10063,8888,3460,1609,599
19884,17168,6790,3172,1446
7118,6465,2414,1116,402
6885,6486,2417,1116,284
13657,12326,4711,2188,737
39111,42976,16395,4330,2567
3893,3302,1215,558,221
13476,11268,4486,2100,666
13804,12604,4744,2188,785
25539,31692,9707,5573,497
9466,8888,3460,1609,431
18566,17168,6790,3172,760
6746,6465,2414,1116,313
7838,6486,2417,1116,943
13845,12326,4711,2188,877
37259,42971,16395,4330,2616
3976,3302,1215,558,456
12099,11268,4486,2100,637
14093,12604,4744,2188,971
25902,31692,9707,5573,852
9346,8888,3460,1609,465
18107,17168,6790,3172,875
7027,6465,2414,1116,413
6753,6486,2417,1116,311
13117,12326,4711,2188,606
37265,43037,16412,4340,1572
3848,3302,1215,558,301
16483,14603,5704,2658,950
9840,9269,3526,1630,497
26313,31692,9707,5573,1166
9188,8888,3460,1609,478
21415,17168,6790,3172,2886
7383,6465,2414,1116,564
7982,6486,2417,1116,824
14373,12326,4711,2188,1324
38763,42976,16395,4330,4050
4180,3302,1215,558,537
13362,11268,4486,2100,1090
13842,12604,4744,2188,1092
27011,31692,9707,5573,1192
9584,8888,3460,1609,565
19165,17168,6790,3172,1164
7612,6465,2414,1116,419
7119,6486,2417,1116,363
13405,12326,4711,2188,688
37784,42976,16395,4330,2091
4024,3302,1215,558,354
17162,14603,5704,2658,987
9922,9269,3526,1630,439
26721,31692,9707,5573,1205
9661,8888,3460,1609,625
19489,17168,6790,3172,1408
7132,6465,2414,1116,464
7797,6486,2417,1116,675
13730,12326,4711,2188,861
36215,42976,16395,4330,2159
4014,3302,1215,558,438
16693,14603,5704,2658,1249
10588,9269,3526,1630,1076
26097,31692,9707,5573,968
9170,8888,3460,1609,441
18673,17168,6790,3172,1127
7170,6465,2414,1116,475
6972,8950,3515,1630,659
15782,9863,3619,1674,561
35392,42976,16395,4330,1501
3882,3302,1215,558,315
21304,14603,5704,2658,2559
12501,9269,3526,1630,1561
27132,31692,9707,5573,1093
12319,8888,3460,1609,967
22372,17168,6790,3172,2314
7870,6465,2414,1116,776
11257,9156,3509,1630,888
17400,12594,4769,2210,1679
46056,40038,15245,3794,8872
5580,3302,1215,558,660
17286,14603,5704,2658,1668
10617,9269,3526,1630,772
28706,31692,9707,5573,1046
10251,8888,3460,1609,725
22077,17168,6790,3172,2320
8221,6465,2414,1116,744
12979,9156,3509,1630,1049
15454,9656,3619,1674,2923
48701,43042,16412,4340,8939
4373,3302,1215,558,615
17117,14603,5704,2658,1357
12410,9269,3526,1630,850
26864,31692,9707,5573,823
10020,8888,3460,1609,493
21332,17168,6790,3172,1301
9425,6465,2414,1116,736
12613,9156,3509,1630,711
15113,12594,4769,2210,1326
45970,40448,15368,3850,8981
4377,3302,1215,558,671
16201,14603,5704,2658,993
10145,9269,3526,1630,714
26662,31692,9707,5573,791
9804,8888,3460,1609,606
21280,17168,6790,3172,1426
7699,6465,2414,1116,471
12883,9156,3509,1630,818
16763,12594,4769,2210,1382
45680,40038,15245,3794,8626
4220,3302,1215,558,577
16936,14603,5704,2658,1295
11102,9269,3526,1630,927
27364,31692,9707,5573,1073
11805,8888,3460,1609,1744
20822,17168,6790,3172,2157
7330,6465,2414,1116,611
8335,6486,2417,1116,926
15058,12326,4711,2188,1413
41612,42976,16395,4330,4956
3897,3302,1215,558,312
13114,11268,4486,2100,799
13827,12604,4744,2188,963
26420,31692,9707,5573,1009
9925,8888,3460,1609,523
18632,17168,6790,3172,793
7379,6465,2414,1116,559
6768,6486,2417,1116,178
13540,12326,4711,2188,724
43486,43386,16520,4386,4318
3875,3302,1215,558,257
15859,14603,5704,2658,607
9653,9269,3526,1630,178
26654,31692,9707,5573,1093
9875,8888,3460,1609,621
18189,17168,6790,3172,623
7052,6465,2414,1116,313
7806,6486,2417,1116,529
13442,12326,4711,2188,553
40934,42976,16395,4330,2730
3809,3302,1215,558,226
16394,14603,5704,2658,881
9814,9269,3526,1630,665
25763,31692,9707,5573,624
10303,8888,3460,1609,676
19615,17168,6790,3172,1393
7077,6465,2414,1116,389
6980,6486,2417,1116,342
13812,12326,4711,2188,793
39768,43042,16412,4340,2340
3685,3302,1215,558,301
16839,14603,5704,2658,793
9766,9269,3526,1630,158
26380,31692,9707,5573,767
12154,8888,3460,1609,1953
19519,17168,6790,3172,1918
7181,6465,2414,1116,526
8661,6486,2417,1116,1058
14375,12326,4711,2188,1367
41469,42976,16395,4330,4093
3960,3302,1215,558,333
17150,14603,5704,2658,1370
10384,9269,3526,1630,942
26288,31692,9707,5573,1042
10115,8888,3460,1609,667
19405,17168,6790,3172,1148
7263,6465,2414,1116,523
6943,6486,2417,1116,357
20216,13935,5181,2438,1405
33366,41367,15925,4080,2117
3519,3302,1215,558,192
17092,14603,5704,2658,1023
10559,9269,3526,1630,607
26690,31692,9707,5573,1211
9791,8888,3460,1609,508
19439,17168,6790,3172,1671
7737,6465,2414,1116,588
10684,9156,3509,1630,846
44153,46917,17762,4954,2815
7048,5715,2252,1050,587
3778,3302,1215,558,292
16550,14603,5704,2658,1038
10194,9269,3526,1630,625
25959,31692,9707,5573,1010
9489,8888,3460,1609,538
19464,17168,6790,3172,1225
6878,6465,2414,1116,405
10141,9156,3509,1630,602
43433,47327,17885,5010,2695
6684,5715,2252,1050,475
3476,3302,1215,558,178
16504,14603,5704,2658,943
10118,9269,3526,1630,508
26087,31692,9707,5573,940
12234,8888,3460,1609,1861
19867,17168,6790,3172,1869
7438,6465,2414,1116,672
11421,9156,3509,1630,1304
46224,47327,17885,5010,4974
7073,5715,2252,1050,588
3825,3302,1215,558,322
16853,14603,5704,2658,1536
10243,9269,3526,1630,959
26375,31692,9707,5573,1217
9903,8888,3460,1609,635
19156,17168,6790,3172,1433
7343,6465,2414,1116,570
10052,9156,3509,1630,502
43020,46983,17779,4964,2929
7343,5715,2252,1050,803
3325,3302,1215,558,176
17642,14603,5704,2658,1328
10305,9269,3526,1630,612
26540,31692,9707,5573,1029
10465,8888,3460,1609,830
19767,17168,6790,3172,1491
7337,6465,2414,1116,482
10818,9156,3509,1630,776
43012,46917,17762,4954,3638
7076,5715,2252,1050,707
3858,3302,1215,558,325
17448,14603,5704,2658,1367
10013,9269,3526,1630,567
26220,31692,9707,5573,925
9437,8888,3460,1609,531
18195,17168,6790,3172,405
6865,6465,2414,1116,308
10240,9156,3509,1630,432
40966,46917,17762,4954,2520
6683,5715,2252,1050,466
3537,3302,1215,558,88
16232,14603,5704,2658,625
9672,9269,3526,1630,385
26038,31692,9707,5573,919
12815,8888,3460,1609,1976
21254,17168,6790,3172,2295
7322,6465,2414,1116,541
10929,9156,3509,1630,939
44211,46917,17762,4954,5530
6692,5715,2252,1050,322
3838,3302,1215,558,285
16812,14603,5704,2658,1214
9957,9269,3526,1630,669
26617,31692,9707,5573,1121
9451,8888,3460,1609,397
18740,17168,6790,3172,860
7238,6465,2414,1116,642
10172,9156,3509,1630,336
44825,46918,17770,4954,3157
6685,5715,2252,1050,292
3271,3302,1215,558,84
17166,14603,5704,2658,1057
9497,9269,3526,1630,421
27624,31693,9710,5573,900
9704,8888,3460,1609,522
18932,17168,6790,3172,1273
6895,6465,2414,1116,332
10043,9156,3509,1630,546
43287,47327,17885,5010,2568
6517,5715,2252,1050,596
3546,3302,1215,558,238
16061,14603,5704,2658,678
9953,9269,3526,1630,640
25872,31692,9707,5573,836
9747,8888,3460,1609,565
17990,17168,6790,3172,752
6965,6465,2414,1116,421
9677,9156,3509,1630,161
41212,46983,17779,4964,2238
6117,5715,2252,1050,281
3296,3302,1215,558,114
15712,14603,5704,2658,481
9558,9269,3526,1630,301
27584,31692,9707,5573,1949
10648,8888,3460,1609,1090
19075,17168,6790,3172,1845
7445,6465,2414,1116,550
7646,6486,2417,1116,726
42512,46649,17704,4932,4454
9888,8653,3402,1586,813
3658,3302,1215,558,313
12727,11268,4486,2100,721
13669,12604,4744,2188,920
25929,31692,9707,5573,809
9933,8888,3460,1609,657
18643,17168,6790,3172,844
6813,6465,2414,1116,290
7043,6486,2417,1116,304
41752,46649,17704,4932,2386
9578,8653,3402,1586,456
3345,3302,1215,558,121
12636,11268,4486,2100,489
13327,12604,4744,2188,482
22376,28494,8500,5015,450
13966,12086,4667,2167,959
18504,17168,6790,3172,979
6942,6465,2414,1116,282
7400,6486,2417,1116,505
40169,46655,17704,4932,1647
9752,8653,3402,1586,440
0,0,0,0,0
12921,14570,5701,2658,468
16160,12604,4744,2188,605
21999,28494,8500,5015,357
13196,12086,4667,2167,521
18296,17168,6790,3172,525
6808,6465,2414,1116,259
6980,6486,2417,1116,285
40126,46655,17704,4932,1539
9620,8653,3402,1586,490
0,0,0,0,0
9759,9156,3509,1630,177
15531,14685,5714,2658,437
27091,31827,9722,5573,1309
14081,12086,4667,2167,1192
16490,14451,5692,2658,1333
6797,5927,2303,1072,290
7316,6547,2422,1116,580
43209,46636,17711,4940,4294
10289,8894,3457,1608,551
3818,3025,1157,536,344
10429,9156,3509,1630,580
11989,11410,4500,2100,429
29591,35102,10936,6131,1051
9564,8837,3457,1609,387
18850,17700,6902,3216,656
6433,5927,2303,1072,336
7200,6547,2422,1116,355
65733,74319,23342,8385,3335
12993,12097,4661,2166,199
3318,3025,1157,536,213
86429,103751,23535,12722,1541
12155,11410,4500,2100,621
105877,128409,31870,18017,2831
28196,28856,7915,4205,1536
207176,251776,59072,34159,3990
29563,31447,8887,4548,1060
202255,260317,57372,32619,2585
16472,10706,3975,1881,1343
667695,856391,200017,109039,11203
603399,816160,184786,106534,3470
850951,1141502,251683,140049,7326
384217,507113,113664,63900,3704
1249619,1714416,387706,218572,7924
430231,646087,151370,84099,4059
345732,492462,110696,61857,3278
406055,580708,132621,73017,3866
518789,746478,170378,94472,4217
185034,223784,60404,28271,7290
29904,29477,11473,5347,1091
15445,14625,5710,2662,392
21523,20561,8016,3736,682
33139,31913,12503,5838,1102
24935,20511,8012,3736,2767
22939,28565,8507,5017,877
18327,17240,6802,3178,965
37969,34290,13546,6330,2180
15713,14847,5758,2685,864
41825,45826,17535,4869,3905
19496,17729,6878,3199,1160
15680,14826,5758,2684,709
9640,8923,3459,1611,431
23027,22611,8981,4204,674
16230,14303,5648,2640,635
28576,34548,10819,6091,415
21399,20134,7944,3715,401
21281,19830,7852,3667,551
3245,2940,1149,537,49
50773,54760,20994,6480,2779
2824,2690,1095,514,128
12699,11978,4621,2147,630
21006,20543,8011,3737,492
20293,19588,7825,3667,418
5785,5611,2241,1051,96
34033,40620,13136,7165,447
5403,5372,2192,1030,112
17956,16647,6677,3130,540
6483,5904,2303,1074,287
38127,43007,16406,4340,2343
15825,14688,5718,2662,689
19236,17528,6855,3196,715
10216,8833,3448,1611,677
17099,16667,6675,3129,493
6461,5767,2257,1050,310
22620,28510,8503,5016,514
11498,11382,4504,2104,164
20641,19606,7829,3666,738
5975,5971,2308,1074,93
37317,42964,16391,4330,2019
5939,5628,2244,1050,169
15168,14557,5700,2659,606
0,0,0,0,0
29633,28553,11287,5277,1142
15228,11695,4561,2124,1650
22981,28526,8504,5016,826
2248,2432,1043,493,52
15050,13694,5526,2592,634
0,0,0,0,0
46834,48900,18694,5404,5043
12716,11867,4607,2146,1018
15613,14315,5648,2636,736
10249,8895,3459,1610,869
13747,16443,6673,3128,499
9260,3246,1163,536,249
21475,28246,8445,4993,160
5261,5435,2198,1030,93
17442,16627,6674,3129,311
3068,3040,1160,537,82
41772,45925,17543,4867,2456
9187,8834,3448,1609,261
17742,17290,6802,3172,470
3095,2948,1151,536,201
21659,19612,7823,3665,924
3517,3079,1163,536,69
24571,31179,9593,5530,200
2295,2432,1043,493,33
14539,13694,5526,2592,432
6009,5993,2310,1072,134
42075,45928,17543,4866,2919
6654,5866,2295,1072,417
17497,17290,6802,3172,410
7171,5951,2306,1073,695
17047,16609,6668,3128,282
5905,5767,2257,1050,85
21759,28487,8498,5015,134
2308,2432,1043,493,27
13977,13694,5526,2592,255
5928,5993,2310,1072,119
38672,45928,17543,4866,1278
5941,5866,2295,1072,84
20970,20289,7956,3708,644
2882,2948,1151,536,54
17082,16609,6668,3128,293
7164,5767,2257,1050,329
21764,28487,8498,5015,167
2254,2432,1043,493,50
14501,13694,5526,2592,260
5991,5993,2310,1072,121
47199,46400,17683,4930,2863
6572,5866,2295,1072,566
21384,20289,7956,3708,1115
3714,2948,1151,536,306
16890,16609,6668,3128,324
6121,5767,2257,1050,119
21780,28487,8498,5015,146
2380,2432,1043,493,27
14508,13694,5526,2592,594
5942,5993,2310,1072,135
43687,45928,17543,4866,1688
9190,8556,3390,1586,410
18213,17599,6861,3194,824
2990,2948,1151,536,64
17319,16609,6668,3128,327
6355,5767,2257,1050,122
22009,28487,8498,5015,183
2281,2432,1043,493,36
14931,13694,5526,2592,535
5926,5993,2310,1072,252
43635,45928,17543,4866,2260
9397,8556,3390,1586,362
18845,17599,6861,3194,787
3804,2948,1151,536,385
17410,16609,6668,3128,310
6207,5767,2257,1050,294
21844,28487,8498,5015,158
2527,2432,1043,493,50
18386,16730,6685,3128,925
2916,2957,1151,536,49
40293,45928,17543,4866,1557
8852,8556,3390,1586,250
18082,17599,6861,3194,792
3263,2948,1151,536,214
17308,16609,6668,3128,318
8997,5767,2257,1050,1345
23273,28487,8498,5015,955
2350,2432,1043,493,46
15359,13694,5526,2592,857
6149,5993,2310,1072,128
43901,45928,17543,4866,3861
9910,8556,3390,1586,836
19683,17599,6861,3194,1389
3523,2948,1151,536,415
18241,16609,6668,3128,537
6566,5767,2257,1050,445
21775,28487,8498,5015,136
2300,2432,1043,493,51
14601,13694,5526,2592,388
11962,7602,2780,1322,487
35283,44319,17073,4616,1337
8678,8556,3390,1586,139
18004,17599,6861,3194,557
3424,2948,1151,536,330
17496,16609,6668,3128,304
6128,5767,2257,1050,103
21680,28487,8498,5015,136
2432,2432,1043,493,43
14371,13694,5526,2592,253
10591,7664,2797,1330,345
34801,44319,17073,4616,1495
9458,8556,3390,1586,487
19320,17599,6861,3194,1199
3372,2948,1151,536,281
17144,16609,6668,3128,268
6016,5767,2257,1050,237
21663,28487,8498,5015,169
2329,2432,1043,493,45
14041,13694,5526,2592,286
10484,7602,2780,1322,413
34247,44319,17073,4616,1081
8794,8556,3390,1586,182
18139,17599,6861,3194,596
2996,2948,1151,536,55
21107,16609,6668,3128,2119
6782,5767,2257,1050,742
22616,28487,8498,5015,909
2354,2432,1043,493,50
15075,13694,5526,2592,1081
12385,7602,2780,1322,897
36103,44319,17073,4616,3826
6812,5866,2295,1072,679
21726,20289,7956,3708,1191
3584,2948,1151,536,391
17543,16609,6668,3128,528
5984,5767,2257,1050,325
21507,28487,8498,5015,262
2353,2432,1043,493,76
14679,13694,5526,2592,685
12165,7602,2780,1322,517
34481,44319,17073,4616,2041
9047,8556,3390,1586,292
18312,17599,6861,3194,731
3455,2948,1151,536,417
17530,16609,6668,3128,483
6242,5767,2257,1050,183
21519,28487,8498,5015,302
2232,2432,1043,493,54
17592,16730,6685,3128,862
10314,4566,1621,786,1843
35238,44319,17073,4616,1941
9426,8556,3390,1586,565
18367,17599,6861,3194,1063
3217,2948,1151,536,279
16987,16609,6668,3128,531
8979,8696,3404,1586,337
18820,25558,7351,4479,127
5285,5380,2193,1029,139
14002,13782,5535,2592,436
9218,4976,1744,842,709
34295,44319,17073,4616,1196
8983,8556,3390,1586,271
18139,17599,6861,3194,647
3500,2948,1151,536,314
21152,16609,6668,3128,2151
7166,5767,2257,1050,719
23176,28487,8498,5015,1014
2292,2432,1043,493,51
15286,13694,5526,2592,1193
12825,7664,2797,1330,1101
39615,44320,17076,4616,4140
10035,8556,3390,1586,791
20730,17599,6861,3194,1694
3580,2948,1151,536,393
18736,16609,6668,3128,1045
34568,7781,2722,1355,6772
22730,28487,8498,5015,636
2394,2432,1043,493,50
15118,13694,5526,2592,699
74988,12370,4118,2041,13524
